Geolocation,Subsector,1980 Quarter 1,1980 Quarter 2,1980 Quarter 3,1980 Quarter 4,1980 Annual,1981 Quarter 1,1981 Quarter 2,1981 Quarter 3,1981 Quarter 4,1981 Annual,1982 Quarter 1,1982 Quarter 2,1982 Quarter 3,1982 Quarter 4,1982 Annual,1983 Quarter 1,1983 Quarter 2,1983 Quarter 3,1983 Quarter 4,1983 Annual,1984 Quarter 1,1984 Quarter 2,1984 Quarter 3,1984 Quarter 4,1984 Annual,1985 Quarter 1,1985 Quarter 2,1985 Quarter 3,1985 Quarter 4,1985 Annual,1986 Quarter 1,1986 Quarter 2,1986 Quarter 3,1986 Quarter 4,1986 Annual,1987 Quarter 1,1987 Quarter 2,1987 Quarter 3,1987 Quarter 4,1987 Annual,1988 Quarter 1,1988 Quarter 2,1988 Quarter 3,1988 Quarter 4,1988 Annual,1989 Quarter 1,1989 Quarter 2,1989 Quarter 3,1989 Quarter 4,1989 Annual,1990 Quarter 1,1990 Quarter 2,1990 Quarter 3,1990 Quarter 4,1990 Annual,1991 Quarter 1,1991 Quarter 2,1991 Quarter 3,1991 Quarter 4,1991 Annual,1992 Quarter 1,1992 Quarter 2,1992 Quarter 3,1992 Quarter 4,1992 Annual,1993 Quarter 1,1993 Quarter 2,1993 Quarter 3,1993 Quarter 4,1993 Annual,1994 Quarter 1,1994 Quarter 2,1994 Quarter 3,1994 Quarter 4,1994 Annual,1995 Quarter 1,1995 Quarter 2,1995 Quarter 3,1995 Quarter 4,1995 Annual,1996 Quarter 1,1996 Quarter 2,1996 Quarter 3,1996 Quarter 4,1996 Annual,1997 Quarter 1,1997 Quarter 2,1997 Quarter 3,1997 Quarter 4,1997 Annual,1998 Quarter 1,1998 Quarter 2,1998 Quarter 3,1998 Quarter 4,1998 Annual,1999 Quarter 1,1999 Quarter 2,1999 Quarter 3,1999 Quarter 4,1999 Annual,2000 Quarter 1,2000 Quarter 2,2000 Quarter 3,2000 Quarter 4,2000 Annual,2001 Quarter 1,2001 Quarter 2,2001 Quarter 3,2001 Quarter 4,2001 Annual,2002 Quarter 1,2002 Quarter 2,2002 Quarter 3,2002 Quarter 4,2002 Annual,2003 Quarter 1,2003 Quarter 2,2003 Quarter 3,2003 Quarter 4,2003 Annual,2004 Quarter 1,2004 Quarter 2,2004 Quarter 3,2004 Quarter 4,2004 Annual,2005 Quarter 1,2005 Quarter 2,2005 Quarter 3,2005 Quarter 4,2005 Annual,2006 Quarter 1,2006 Quarter 2,2006 Quarter 3,2006 Quarter 4,2006 Annual,2007 Quarter 1,2007 Quarter 2,2007 Quarter 3,2007 Quarter 4,2007 Annual,2008 Quarter 1,2008 Quarter 2,2008 Quarter 3,2008 Quarter 4,2008 Annual,2009 Quarter 1,2009 Quarter 2,2009 Quarter 3,2009 Quarter 4,2009 Annual,2010 Quarter 1,2010 Quarter 2,2010 Quarter 3,2010 Quarter 4,2010 Annual,2011 Quarter 1,2011 Quarter 2,2011 Quarter 3,2011 Quarter 4,2011 Annual,2012 Quarter 1,2012 Quarter 2,2012 Quarter 3,2012 Quarter 4,2012 Annual,2013 Quarter 1,2013 Quarter 2,2013 Quarter 3,2013 Quarter 4,2013 Annual,2014 Quarter 1,2014 Quarter 2,2014 Quarter 3,2014 Quarter 4,2014 Annual,2015 Quarter 1,2015 Quarter 2,2015 Quarter 3,2015 Quarter 4,2015 Annual,2016 Quarter 1,2016 Quarter 2,2016 Quarter 3,2016 Quarter 4,2016 Annual,2017 Quarter 1,2017 Quarter 2,2017 Quarter 3,2017 Quarter 4,2017 Annual,2018 Quarter 1,2018 Quarter 2,2018 Quarter 3,2018 Quarter 4,2018 Annual,2019 Quarter 1,2019 Quarter 2,2019 Quarter 3,2019 Quarter 4,2019 Annual,2020 Quarter 1,2020 Quarter 2,2020 Quarter 3,2020 Quarter 4,2020 Annual,2021 Quarter 1,2021 Quarter 2,2021 Quarter 3,2021 Quarter 4,2021 Annual,2022 Quarter 1,2022 Quarter 2,2022 Quarter 3,2022 Quarter 4,2022 Annual,2023 Quarter 1,2023 Quarter 2,2023 Quarter 3,2023 Quarter 4,2023 Annual,2024 Quarter 1,2024 Quarter 2,2024 Quarter 3,2024 Quarter 4,2024 Annual,2025 Quarter 1,2025 Quarter 2,2025 Quarter 3,2025 Quarter 4,2025 Annual,2026 Quarter 1,2026 Quarter 2,2026 Quarter 3,2026 Quarter 4,2026 Annual
PHILIPPINES,FISHERIES,..,..,..,..,1787375.00,..,..,..,..,1772897.00,..,..,..,..,1896983.00,..,..,..,..,2110230.00,..,..,..,..,2080439.00,..,..,..,..,2052111.00,..,..,..,..,2089484.00,..,..,..,..,2213040.00,..,..,..,..,2269744.00,..,..,..,..,2371109.00,..,..,..,..,2503546.00,..,..,..,..,2598981.00,..,..,..,..,2625607.00,725210.00,735901.00,555768.00,615066.00,2631945.00,737837.00,735622.00,577425.00,670105.00,2720989.00,740923.06,757936.30,599849.00,707156.00,2805864.36,709176.00,759611.00,578044.00,749166.00,2795997.00,710648.00,762264.00,584789.00,735855.00,2793556.00,716768.00,757056.00,638343.00,717353.00,2829520.00,737074.00,769226.00,680806.20,736666.00,2923772.20,748083.40,780619.40,711491.50,753138.00,2993332.30,770228.00,840300.00,735353.00,820649.00,3166530.00,812911.63,886413.05,774691.25,895508.07,3369524.00,816457.36,935893.60,810925.78,1056005.71,3619282.45,974016.08,991203.52,852378.25,1108575.55,3926173.40,1024883.10,1039822.49,902501.50,1194662.74,4161869.83,1075434.90,1156724.95,941199.26,1235113.17,4408472.28,1168444.59,1229337.43,1034449.16,1279021.25,4711252.43,1209997.83,1252913.14,1082663.43,1421314.78,4966889.18,1256220.63,1320484.36,1075885.57,1427386.42,5079976.97,1249509.70,1309511.39,1122656.95,1477780.65,5159458.68,1216841.24,1283967.50,1053975.09,1418803.92,4973587.75,1168543.88,1249578.40,1051391.29,1395618.72,4865132.30,1160137.18,1258780.71,1055087.68,1231407.74,4705413.30,1117655.27,1231295.10,1039457.20,1300677.13,4689084.70,1090634.98,1227319.84,1050569.22,1280788.43,4649312.48,1021023.23,1116055.81,1010678.39,1208034.99,4355792.42,1036443.67,1104195.61,973269.43,1198180.79,4312089.51,1005325.09,1134749.07,972709.33,1244091.28,4356874.77,1013041.13,1141646.29,987741.48,1272572.77,4415001.68,986408.32,1177213.07,1016464.89,1220286.73,4400373.01,973622.41,1149436.55,998925.56,1126276.88,4248261.40,971763.46,1219940.24,996317.25,1150177.65,4338198.60,992334.28,1084579.61,1017251.01,1166828.70,4260993.59,990713.14,1031592.55,970098.92,1079607.60,4072012.20,1010787.47,1006478.82,902867.82,1078735.15,3998869.27,856291.91,..,..,..,..
PHILIPPINES,..Commercial Fisheries,..,..,..,..,488478.00,..,..,..,..,494768.00,..,..,..,..,526273.00,..,..,..,..,519316.00,..,..,..,..,513335.00,..,..,..,..,511987.00,..,..,..,..,546230.00,..,..,..,..,591192.00,..,..,..,..,599995.00,..,..,..,..,637138.00,..,..,..,..,700564.00,..,..,..,..,759815.00,..,..,..,..,804866.00,206047.00,239052.00,203570.00,175687.00,824356.00,207458.00,247288.00,221234.00,183348.00,859328.00,207936.00,256513.00,240125.00,188658.00,893232.00,187502.00,254713.00,223829.00,213029.00,879073.00,195492.00,250631.00,226490.00,212038.00,884651.00,215587.00,231876.00,260008.00,233062.00,940533.00,219456.00,254261.00,255498.00,219539.00,948754.00,221179.00,246185.00,257214.00,221907.00,946485.00,231059.00,254881.00,258378.00,232221.00,976539.00,244957.00,295331.00,262718.00,239187.00,1042193.00,253884.00,299764.00,285332.00,270656.00,1109636.00,273492.81,291565.09,287000.34,276324.14,1128382.38,278851.46,304125.06,290358.54,260641.15,1133976.21,243551.81,320335.42,264549.40,252231.07,1080667.70,275322.97,348606.38,295099.97,273040.46,1192069.78,292834.63,343967.94,295141.97,294260.34,1226204.88,300560.62,396240.26,268194.96,288945.14,1253940.98,292080.90,370071.11,294138.49,285811.26,1242101.76,239238.06,322100.21,237268.54,234213.31,1032820.12,217431.41,320214.85,248379.01,256292.61,1042317.88,258962.72,345959.12,244556.15,218132.34,1067610.33,249202.83,345505.65,260496.20,252016.12,1107220.80,232447.08,351442.15,265592.94,235142.53,1084624.70,214892.38,315537.17,272277.60,214240.90,1016948.05,223799.10,281302.65,236596.02,206583.68,948281.45,216316.29,287682.04,232591.61,209847.68,946437.62,217811.32,283469.03,228786.34,201384.36,931451.05,201642.95,322233.87,255112.00,196216.26,975205.08,192672.43,272104.29,232132.11,173129.47,870038.30,177143.30,275194.16,229478.03,180870.84,862686.33,170602.32,235168.61,230194.42,186462.12,822427.47,193867.58,294949.87,214433.84,165072.96,868324.25,185929.23,270922.04,227102.65,184715.98,868669.89,205234.50,..,..,..,..
PHILIPPINES,..Municipal Fisheries,..,..,..,..,1009731.00,..,..,..,..,938628.00,..,..,..,..,978362.00,..,..,..,..,1145841.00,..,..,..,..,1089217.00,..,..,..,..,1045382.00,..,..,..,..,1072361.00,..,..,..,..,1060878.00,..,..,..,..,1070195.00,..,..,..,..,1104626.00,..,..,..,..,1131866.00,..,..,..,..,1146765.00,..,..,..,..,1084360.00,304493.00,271502.00,194130.00,243844.00,1013969.00,285509.00,262321.00,193935.00,250813.00,992578.00,273786.00,256859.00,188023.00,253375.00,972043.00,261269.00,241308.00,183284.00,223387.00,909248.00,242060.00,235112.00,203013.00,244281.00,924466.00,223927.00,232283.00,213112.00,221824.00,891146.00,230247.00,239429.00,226307.00,230356.00,926339.00,232504.00,244208.00,239932.00,229301.00,945945.00,243605.00,253350.00,237383.00,235197.00,969535.00,258060.00,257096.00,234051.00,239731.00,988938.00,260448.00,283076.00,244348.00,267271.00,1055143.00,276019.48,280797.85,254519.95,269427.04,1080764.32,279595.01,305833.80,260835.35,285782.15,1132046.31,298233.58,357747.48,274177.90,305369.82,1235528.78,325282.30,377900.58,303254.93,297918.66,1304356.47,318557.24,392910.58,314247.25,307271.31,1332986.38,333805.56,383497.74,310989.39,320351.28,1348643.97,333321.84,372859.84,328120.34,337087.77,1371389.79,322552.11,364943.36,318924.51,326227.81,1332647.79,312432.28,337466.99,314124.99,316824.77,1280849.03,311465.66,339108.40,314810.01,299032.41,1264416.48,296593.91,329967.03,318194.93,299503.08,1244258.95,291967.18,322931.03,313140.80,288487.71,1216526.72,271660.30,305185.81,283898.14,277186.78,1137931.03,273348.80,303091.36,280739.00,268838.14,1126017.30,254999.58,297052.93,273256.16,280763.17,1106071.84,269181.47,309784.39,264851.15,281400.46,1125217.47,259522.67,288039.50,280681.01,274019.18,1102262.36,257991.46,291848.66,288376.03,293691.17,1131907.32,258015.51,319026.10,275878.77,273339.88,1126260.25,275849.30,276354.75,259905.74,242432.96,1054542.74,250085.65,265224.34,236759.11,229710.61,981779.72,251575.61,251638.19,220908.87,224801.42,948924.09,218302.32,..,..,..,..
PHILIPPINES,....Marine Municipal Fisheries,..,..,..,..,762405.00,..,..,..,..,709989.00,..,..,..,..,708016.00,..,..,..,..,770988.00,..,..,..,..,789975.00,..,..,..,..,785132.00,..,..,..,..,807275.00,..,..,..,..,816247.00,..,..,..,..,838366.00,..,..,..,..,882369.00,..,..,..,..,895040.00,..,..,..,..,913524.00,..,..,..,..,854687.00,247461.00,216062.00,138068.00,201603.00,803194.00,234131.00,209243.00,143757.00,199716.00,786847.00,220651.00,208502.00,149076.00,207140.00,785369.00,211513.00,194342.00,143568.00,181885.00,731308.00,207469.00,196907.00,161794.00,198557.00,764727.00,195687.00,199599.00,172766.00,176623.00,744675.00,200737.00,202590.00,188249.00,188244.00,779820.00,202505.00,206724.00,201216.00,183379.00,793824.00,213638.00,217464.00,207822.00,194264.00,833188.00,228894.00,222231.00,197006.00,209163.00,857294.00,234096.00,252686.00,206471.00,228598.00,921851.00,247149.17,250169.17,211805.63,229621.74,938745.71,248663.67,276554.96,221622.74,241398.50,988239.87,256002.41,318622.44,236635.26,262874.26,1074134.37,283248.19,340261.40,257790.68,254778.92,1136079.19,275379.06,351624.99,264804.69,259499.99,1151308.73,288796.00,344346.87,260842.65,265936.51,1159922.03,290839.24,335027.13,276498.68,281772.10,1184137.15,277087.12,324348.04,265536.53,271977.77,1138949.46,265902.32,295875.25,258729.84,262919.14,1083426.55,265619.58,297156.71,256957.88,242413.46,1062147.63,248786.73,286846.15,252080.63,241680.94,1029394.45,243082.90,280982.34,252934.69,234792.80,1011792.73,233461.48,267825.13,241478.33,234176.25,976941.19,233921.14,264559.77,237989.79,225676.14,962146.84,215208.72,256858.21,230545.11,239258.82,941870.86,232151.67,270096.45,226868.40,239642.08,968758.60,222393.68,255501.93,241126.97,233166.04,952188.62,220678.52,246281.01,223596.20,235813.17,926368.90,218965.16,282411.80,224263.39,225268.34,950908.69,241370.05,238128.86,207213.67,193249.01,879961.58,209832.48,224354.24,190496.07,180157.11,804839.89,198945.64,208143.60,174916.61,178575.97,760581.81,168022.38,..,..,..,..
PHILIPPINES,....Inland Municipal Fisheries,..,..,..,..,247326.00,..,..,..,..,228639.00,..,..,..,..,270346.00,..,..,..,..,374853.00,..,..,..,..,299242.00,..,..,..,..,260250.00,..,..,..,..,265086.00,..,..,..,..,244631.00,..,..,..,..,231829.00,..,..,..,..,222257.00,..,..,..,..,236826.00,..,..,..,..,233241.00,..,..,..,..,229673.00,57032.00,55440.00,56062.00,42241.00,210775.00,51378.00,53078.00,50178.00,51097.00,205731.00,53135.00,48357.00,38947.00,46235.00,186674.00,49756.00,46966.00,39716.00,41502.00,177940.00,34591.00,38205.00,41219.00,45724.00,159739.00,28240.00,32684.00,40346.00,45201.00,146471.00,29510.00,36839.00,38058.00,42112.00,146519.00,29999.00,37484.00,38716.00,45922.00,152121.00,29967.00,35886.00,29561.00,40933.00,136347.00,29166.00,34865.00,37045.00,30568.00,131644.00,26352.00,30390.00,37877.00,38673.00,133292.00,28870.31,30628.68,42714.32,39805.30,142018.61,30931.34,29278.84,39212.61,44383.65,143806.44,42231.17,39125.04,37542.64,42495.56,161394.41,42034.11,37639.18,45464.25,43139.74,168277.28,43178.18,41285.59,49442.56,47771.32,181677.65,45009.56,39150.87,50146.74,54414.77,188721.94,42482.60,37832.71,51621.66,55315.67,187252.64,45464.99,40595.32,53387.98,54250.04,193698.33,46529.96,41591.74,55395.15,53905.63,197422.48,45846.08,41951.69,57852.13,56618.95,202268.85,47807.18,43120.88,66114.30,57822.14,214864.50,48884.28,41948.69,60206.11,53694.91,204733.99,38198.82,37360.68,42419.81,43010.53,160989.84,39427.66,38531.59,42749.21,43162.00,163870.46,39790.86,40194.72,42711.05,41504.35,164200.98,37029.80,39687.94,37982.75,41758.38,156458.87,37128.99,32537.57,39554.04,40853.14,150073.74,37312.94,45567.65,64779.83,57878.00,205538.42,39050.35,36614.29,51615.38,48071.54,175351.56,34479.24,38225.89,52692.07,49183.95,174581.16,40253.18,40870.10,46263.04,49553.51,176939.82,52629.97,43494.60,45992.26,46225.45,188342.28,50279.95,..,..,..,..
PHILIPPINES,..Aquaculture,..,..,..,..,289166.00,..,..,..,..,339501.00,..,..,..,..,392348.00,..,..,..,..,445073.00,..,..,..,..,477887.00,..,..,..,..,494742.00,..,..,..,..,470893.00,..,..,..,..,560970.00,..,..,..,..,599554.00,..,..,..,..,629345.00,..,..,..,..,671116.00,..,..,..,..,692401.00,..,..,..,..,736381.00,214670.00,225347.00,158068.00,195535.00,793620.00,244870.00,226013.00,162256.00,235944.00,869083.00,259201.06,244564.30,171701.00,265123.00,940589.36,260405.00,263590.00,170931.00,312750.00,1007676.00,273096.00,276521.00,155286.00,279536.00,984439.00,277254.00,292897.00,165223.00,262467.00,997841.00,287371.00,275536.00,199001.20,286771.00,1048679.20,294400.40,290226.40,214345.50,301930.00,1100902.30,295564.00,332069.00,239592.00,353231.00,1220456.00,309894.63,333986.05,277922.25,416590.07,1338393.00,302125.36,353053.60,281245.78,518078.71,1454503.45,424503.79,418840.58,310857.96,562824.37,1717026.70,466436.63,429863.63,351307.61,648239.44,1895847.31,533649.51,478642.05,402471.95,677512.28,2092275.80,567839.32,502830.47,436094.26,708062.14,2214826.18,598605.96,516034.62,473274.21,819783.13,2407697.92,621854.45,540746.36,496701.22,818090.00,2477392.03,624106.96,566580.44,500398.11,854881.63,2545967.13,655051.07,596923.93,497782.04,858362.80,2608119.84,638680.19,591896.56,488887.29,822501.34,2541965.39,589708.80,573713.19,495721.52,714242.99,2373386.49,571858.53,555822.42,460766.07,749157.93,2337604.96,566220.72,552946.66,471835.48,757158.19,2348161.06,534470.55,495332.83,454502.65,716607.31,2200913.34,539295.77,519801.60,455934.41,722758.97,2237790.76,534009.22,550014.10,466861.56,753480.43,2304365.31,526048.34,548392.87,494103.99,789787.95,2358333.16,525242.70,566939.70,480671.88,750051.29,2322905.57,522958.52,585483.59,478417.43,659456.24,2246315.78,536604.65,625719.98,490960.46,695966.92,2349252.01,545882.67,573056.25,527150.85,737933.62,2384023.39,546759.90,471418.34,518905.96,684824.03,2221908.23,573282.64,483918.59,454856.30,669217.76,2181275.29,432755.09,..,..,..,..
..National Capital Region (NCR),FISHERIES,..,..,..,..,158412.00,..,..,..,..,161500.00,..,..,..,..,181834.00,..,..,..,..,193587.00,..,..,..,..,157869.00,..,..,..,..,155531.00,..,..,..,..,185121.00,..,..,..,..,208312.00,..,..,..,..,198549.00,..,..,..,..,211600.00,..,..,..,..,225428.00,..,..,..,..,250810.00,..,..,..,..,242283.00,58226.00,75804.00,66262.00,49708.00,250000.00,44548.00,81659.00,69522.00,62470.00,258199.00,68865.00,92288.00,72291.00,55833.00,289277.00,45797.00,89784.00,62092.00,49928.00,247601.00,42518.00,68495.00,54693.00,49408.00,215114.00,50295.00,65869.00,63120.00,41111.00,220395.00,36894.00,47549.00,46260.00,34814.00,165517.00,34498.00,46365.00,35384.00,31712.00,147959.00,32768.00,44591.00,37966.00,31162.00,146487.00,40098.00,57649.00,38350.00,31946.00,168043.00,36559.00,57239.10,35512.70,29704.50,159015.30,37170.50,49432.70,33402.89,27205.84,147211.92,28059.58,45684.27,29530.37,23604.45,126878.67,17089.24,27164.34,18612.93,18120.30,80986.81,22031.49,30118.46,22275.99,16336.14,90762.08,16060.93,29617.19,21300.82,17848.85,84827.79,20112.20,16158.42,16840.31,15612.58,68723.50,20751.91,28038.99,26417.54,18357.04,93565.47,16597.81,30139.16,18331.99,14945.68,80014.64,20485.49,25885.17,19294.48,20541.89,86207.03,30724.13,44847.10,29146.44,19218.57,123936.23,31847.76,48149.88,27998.82,19761.00,127757.46,26153.93,38736.88,26215.26,16028.51,107134.58,23859.93,53937.50,31321.31,16784.02,125902.76,16798.41,32937.94,17342.10,19850.09,86928.53,17582.52,34925.37,21911.40,29463.58,103882.87,25927.66,31951.18,21007.21,19528.68,98414.72,24270.04,44058.96,28741.20,7562.21,104632.41,18130.57,35087.11,21582.88,8241.59,83042.16,16980.17,26108.81,21452.39,8587.53,73128.90,17863.07,42099.36,18227.48,8760.65,86950.56,21115.54,48051.36,24510.69,10425.75,104103.34,21534.85,57336.00,28356.63,10740.97,117968.44,28044.72,..,..,..,..
..National Capital Region (NCR),..Commercial Fisheries,..,..,..,..,151919.00,..,..,..,..,154422.00,..,..,..,..,165017.00,..,..,..,..,170160.00,..,..,..,..,134273.00,..,..,..,..,136836.00,..,..,..,..,167205.00,..,..,..,..,187183.00,..,..,..,..,183272.00,..,..,..,..,195814.00,..,..,..,..,208494.00,..,..,..,..,234256.00,..,..,..,..,223489.00,54046.00,70623.00,62940.00,46090.00,233699.00,40348.00,77827.00,66561.00,58696.00,243432.00,66962.00,88765.00,70528.00,50633.00,276888.00,44603.00,87520.00,60749.00,46132.00,239004.00,41563.00,66425.00,53206.00,46143.00,207337.00,48370.00,64135.00,61470.00,36735.00,210710.00,35997.00,46062.00,44874.00,33165.00,160098.00,33758.00,44988.00,33879.00,30224.00,142849.00,32052.00,42967.00,36339.00,29575.00,140933.00,39316.00,56692.00,35871.00,28672.00,160551.00,35565.00,56255.00,34334.00,27091.00,153245.00,36403.00,48656.00,32091.50,24291.49,141441.99,26410.00,44059.68,27461.53,20067.59,117998.80,15660.34,25350.75,16296.93,15145.77,72453.79,20353.26,28282.97,19780.18,13478.68,81895.09,14644.30,28278.26,19179.37,15322.49,77424.42,18783.64,14882.62,14236.65,14468.49,62371.40,19884.69,26887.81,23807.79,15462.11,86042.40,14782.56,28122.30,15817.23,11962.55,70684.64,18443.12,23581.09,17093.10,18120.30,77237.61,29088.27,43194.55,27068.36,16728.30,116079.48,30131.75,46336.72,25530.00,16692.74,118691.21,24415.48,37114.22,23612.94,13342.11,98484.75,22051.96,52024.96,28326.65,13012.54,115416.11,14680.35,29670.98,14280.53,7142.74,65774.60,15508.80,32651.26,19837.34,8955.17,76952.57,23327.87,29126.59,18672.46,7115.88,78242.80,22364.70,43347.34,27230.36,6517.89,99460.29,16411.98,33433.65,19819.90,7074.64,76740.17,14875.12,21022.32,15228.72,4749.07,55875.24,13469.75,37596.64,15626.39,5757.08,72449.86,18136.72,45556.61,20685.29,7091.55,91470.16,13230.50,48845.12,20614.88,4472.25,87162.76,20371.02,..,..,..,..
..National Capital Region (NCR),..Municipal Fisheries,..,..,..,..,5090.00,..,..,..,..,6401.00,..,..,..,..,7833.00,..,..,..,..,7255.00,..,..,..,..,7533.00,..,..,..,..,5811.00,..,..,..,..,6321.00,..,..,..,..,9575.00,..,..,..,..,8102.00,..,..,..,..,8554.00,..,..,..,..,9791.00,..,..,..,..,9599.00,..,..,..,..,9040.00,1826.00,2483.00,1550.00,1456.00,7315.00,1421.00,1396.00,1345.00,1259.00,5421.00,1176.00,1310.00,1035.00,1007.00,4528.00,913.00,987.00,859.00,906.00,3665.00,729.00,859.00,990.00,951.00,3529.00,1726.00,690.00,1200.00,989.00,4605.00,800.00,780.00,1300.00,1276.00,4156.00,700.00,652.00,1430.00,1200.00,3982.00,690.00,750.00,1550.00,1176.00,4166.00,645.00,431.00,658.00,1033.00,2767.00,541.00,477.00,477.00,846.00,2341.00,364.00,356.00,547.00,765.00,2032.00,1290.48,1160.60,1213.37,1607.05,5271.50,1106.16,1373.61,1557.26,1823.76,5860.79,1449.84,1412.13,1587.53,1567.08,6016.58,1086.73,864.11,1100.40,1299.20,4350.44,1021.84,766.66,1368.28,1058.58,4215.36,825.28,722.85,1817.56,1928.72,5294.41,1468.09,1419.87,1670.07,2062.95,6620.98,1618.16,1636.08,1454.65,1456.74,6165.63,1301.23,1176.04,1295.42,1467.14,5239.83,1377.93,1358.44,1710.53,2082.33,6529.23,1573.35,1392.10,1814.59,1959.18,6739.22,1590.24,1690.08,1848.47,2444.82,7573.61,1897.58,2988.99,1761.09,2403.84,9051.50,1797.76,2109.22,1457.57,2842.08,8206.63,2236.31,2706.36,1735.02,2847.39,9525.08,1654.50,538.49,806.68,1034.53,4034.20,1598.29,1450.70,1355.32,1113.70,5518.01,1531.92,4474.05,5806.13,3397.33,15209.43,3747.33,3432.44,1844.79,2660.66,11685.22,2660.50,1528.25,3303.37,3212.85,10704.97,7798.58,8240.20,7374.41,6027.54,29440.72,7594.98,..,..,..,..
..National Capital Region (NCR),....Marine Municipal Fisheries,..,..,..,..,5070.00,..,..,..,..,6401.00,..,..,..,..,7831.00,..,..,..,..,7252.00,..,..,..,..,7529.00,..,..,..,..,5806.00,..,..,..,..,6314.00,..,..,..,..,9569.00,..,..,..,..,8095.00,..,..,..,..,8554.00,..,..,..,..,9782.00,..,..,..,..,9592.00,..,..,..,..,9033.00,1826.00,2483.00,1550.00,1456.00,7315.00,1421.00,1396.00,1345.00,1259.00,5421.00,1176.00,1310.00,1035.00,1007.00,4528.00,913.00,987.00,859.00,906.00,3665.00,729.00,859.00,990.00,951.00,3529.00,1726.00,690.00,1200.00,989.00,4605.00,800.00,780.00,1300.00,1276.00,4156.00,700.00,652.00,1430.00,1200.00,3982.00,690.00,750.00,1550.00,1176.00,4166.00,645.00,431.00,658.00,1033.00,2767.00,541.00,477.00,477.00,846.00,2341.00,364.00,356.00,547.00,765.00,2032.00,1290.48,1160.60,1213.37,1607.05,5271.50,1106.16,1373.61,1557.26,1823.76,5860.79,1449.84,1412.13,1587.53,1567.08,6016.58,1086.73,864.11,1100.40,1299.20,4350.44,1021.84,766.66,1368.28,1058.58,4215.36,825.28,722.85,1817.56,1928.72,5294.41,1468.09,1419.87,1670.07,2062.95,6620.98,1618.16,1636.08,1454.65,1456.74,6165.63,1301.23,1176.04,1295.42,1467.14,5239.83,1377.93,1358.44,1710.53,2082.33,6529.23,1573.35,1392.10,1814.59,1959.18,6739.22,1590.24,1690.08,1848.47,2444.82,7573.61,1897.58,2988.99,1761.09,2403.84,9051.50,1797.76,2109.22,1457.57,2842.08,8206.63,2236.31,2706.36,1735.02,2847.39,9525.08,1654.50,538.49,806.68,1034.53,4034.20,1121.47,1022.89,924.33,986.52,4055.21,647.34,4080.06,4936.00,2829.78,12493.18,2932.39,2931.83,1557.30,2331.15,9752.67,2339.56,1359.69,2844.44,2554.35,9098.05,7499.14,7975.31,6899.79,5552.98,27927.21,7307.67,..,..,..,..
..National Capital Region (NCR),....Inland Municipal Fisheries,..,..,..,..,20.00,..,..,..,..,..,..,..,..,..,2.00,..,..,..,..,3.00,..,..,..,..,4.00,..,..,..,..,5.00,..,..,..,..,7.00,..,..,..,..,6.00,..,..,..,..,7.00,..,..,..,..,..,..,..,..,..,9.00,..,..,..,..,7.00,..,..,..,..,7.00,.,.,.,.,.,.,.,.,.,.,.,.,.,.,.,.,.,.,.,.,.,.,.,.,.,.,.,.,.,.,.,.,.,.,.,.,.,.,.,.,.,.,.,.,.,.,.,.,.,.,.,.,.,.,.,.,.,.,.,.,.,.,.,.,.,.,.,.,.,.,.,.,.,.,.,.,.,.,.,.,.,.,.,.,.,.,.,.,.,.,.,.,.,.,.,.,.,.,.,.,.,.,.,.,.,.,.,.,.,.,.,.,.,.,.,.,.,.,.,.,.,.,.,.,.,.,.,.,.,.,.,.,.,.,.,.,.,.,.,.,476.82,427.81,430.99,127.18,1462.80,884.58,394.00,870.13,567.55,2716.25,814.94,500.61,287.49,329.51,1932.55,320.94,168.56,458.93,658.50,1606.92,299.44,264.89,474.62,474.57,1513.52,287.31,..,..,..,..
..National Capital Region (NCR),..Aquaculture,..,..,..,..,1403.00,..,..,..,..,677.00,..,..,..,..,8984.00,..,..,..,..,16172.00,..,..,..,..,16063.00,..,..,..,..,12884.00,..,..,..,..,11595.00,..,..,..,..,11554.00,..,..,..,..,7175.00,..,..,..,..,7232.00,..,..,..,..,7143.00,..,..,..,..,6955.00,..,..,..,..,9754.00,2354.00,2698.00,1772.00,2162.00,8986.00,2779.00,2436.00,1616.00,2515.00,9346.00,727.00,2213.00,728.00,4193.00,7861.00,281.00,1277.00,484.00,2890.00,4932.00,226.00,1211.00,497.00,2314.00,4248.00,199.00,1044.00,450.00,3387.00,5080.00,97.00,707.00,86.00,373.00,1263.00,40.00,725.00,75.00,288.00,1128.00,26.00,874.00,77.00,411.00,1388.00,137.00,526.00,1821.00,2241.00,4725.00,453.00,507.10,701.70,1767.50,3429.30,403.50,420.70,764.40,2149.35,3737.94,359.10,463.99,855.47,1929.81,3608.37,322.74,439.98,758.74,1150.77,2672.23,228.39,423.36,908.28,1290.38,2850.41,329.90,474.82,1021.05,1227.16,3052.93,306.72,509.14,1235.38,85.51,2136.74,41.94,428.33,792.19,966.21,2228.66,347.16,596.99,844.69,920.18,2709.02,424.21,668.00,746.73,964.85,2803.79,334.63,476.51,782.66,1023.13,2616.92,338.08,454.72,758.29,985.93,2537.02,165.10,230.56,787.73,727.22,1910.61,217.73,222.46,1146.19,1326.66,2913.04,220.48,277.97,1300.48,10303.51,12102.43,275.96,164.89,616.49,17666.33,18723.67,363.48,118.23,599.73,9565.41,10646.84,250.84,173.13,704.16,9.79,1137.92,120.30,202.76,407.66,53.25,783.98,573.13,612.43,417.54,441.13,2044.23,645.99,1070.29,756.30,342.91,2815.49,318.32,966.50,522.04,121.35,1928.21,505.76,250.69,367.34,241.17,1364.96,78.72,..,..,..,..
..Cordillera Administrative Region (CAR),FISHERIES,..,..,..,..,31.00,..,..,..,..,152.00,..,..,..,..,119.00,..,..,..,..,121.00,..,..,..,..,480.00,..,..,..,..,493.00,..,..,..,..,576.00,..,..,..,..,552.00,..,..,..,..,682.00,..,..,..,..,771.00,..,..,..,..,892.00,..,..,..,..,893.00,..,..,..,..,996.00,573.00,562.00,539.00,624.00,2298.00,558.00,597.00,496.00,369.00,2020.00,280.00,288.00,524.00,482.00,1574.00,263.00,278.00,143.00,338.00,1022.00,556.00,309.00,171.00,381.00,1417.00,621.00,264.00,321.00,444.00,1650.00,841.00,706.00,719.00,1052.00,3318.00,862.00,705.00,757.00,955.00,3279.00,952.00,724.00,773.00,1123.00,3572.00,1100.00,646.00,646.30,1123.70,3516.00,994.20,581.20,560.80,955.65,3091.85,941.95,567.19,523.94,934.95,2968.03,915.90,552.92,544.30,973.68,2986.80,1116.14,720.97,643.90,1062.21,3543.23,1179.80,816.48,696.38,1188.54,3881.21,1233.77,871.93,798.51,1225.73,4129.94,1274.29,907.79,812.26,1234.39,4228.72,1050.35,740.42,706.67,1036.77,3534.22,1061.47,851.82,773.86,972.46,3659.60,1069.86,875.11,825.27,1007.42,3777.65,1106.01,906.19,850.75,1044.46,3907.41,1117.73,934.19,875.05,1049.75,3976.72,1193.81,908.34,790.46,974.10,3866.71,1229.34,958.76,841.19,1172.92,4202.21,1168.34,985.69,809.86,1184.12,4148.00,1312.31,1106.98,819.35,1180.16,4418.80,1309.19,856.10,805.64,1206.03,4176.96,962.93,852.36,835.63,1050.70,3701.62,882.59,939.36,916.81,1314.84,4053.60,948.51,952.08,994.70,1026.17,3921.46,878.41,1068.80,709.05,856.38,3512.64,1003.88,846.57,988.31,1178.94,4017.70,957.53,791.44,900.39,939.21,3588.57,1093.98,..,..,..,..
..Cordillera Administrative Region (CAR),..Commercial Fisheries,..,..,..,..,..,..,..,..,..,..,..,..,..,..,..,..,..,..,..,..,..,..,..,..,..,..,..,..,..,..,..,..,..,..,..,..,..,..,..,..,..,..,..,..,..,..,..,..,..,..,..,..,..,..,..,..,..,..,..,..,..,..,..,..,..,.,.,.,.,.,.,.,.,.,.,.,.,.,.,.,.,.,.,.,.,.,.,.,.,.,.,.,.,.,.,.,.,.,.,.,.,.,.,.,.,.,.,.,.,.,.,.,.,.,.,.,.,.,.,.,.,.,.,.,.,.,.,.,.,.,.,.,.,.,.,.,.,.,.,.,.,.,.,.,.,.,.,.,.,.,.,.,.,.,.,.,.,.,.,.,.,.,.,.,.,.,.,.,.,.,.,.,.,.,.,.,.,.,.,.,.,.,.,.,.,.,.,.,.,.,.,.,.,.,.,.,.,.,.,.,.,.,.,.,.,.,.,.,.,.,.,.,.,.,.,.,.,.,.,.,.,.,.,.,.,.,.,.,.,.,.,..,..,..,..
..Cordillera Administrative Region (CAR),..Municipal Fisheries,..,..,..,..,31.00,..,..,..,..,77.00,..,..,..,..,..,..,..,..,..,14.00,..,..,..,..,351.00,..,..,..,..,206.00,..,..,..,..,213.00,..,..,..,..,205.00,..,..,..,..,303.00,..,..,..,..,337.00,..,..,..,..,457.00,..,..,..,..,392.00,..,..,..,..,386.00,103.00,53.00,67.00,41.00,264.00,36.00,27.00,102.00,82.00,247.00,58.00,49.00,72.00,57.00,236.00,55.00,47.00,54.00,42.00,198.00,58.00,40.00,75.00,81.00,254.00,180.00,175.00,219.00,189.00,763.00,249.00,313.00,240.00,269.00,1071.00,253.00,302.00,238.00,282.00,1075.00,295.00,299.00,255.00,301.00,1150.00,311.00,281.00,214.00,284.00,1090.00,310.00,243.00,202.00,263.00,1018.00,269.50,221.56,196.56,227.59,915.21,247.37,215.41,200.91,235.31,899.00,237.98,204.23,199.78,225.22,867.21,235.03,207.35,202.39,248.45,893.22,242.77,212.51,221.08,258.02,934.38,250.31,214.38,218.30,257.22,940.21,256.78,199.26,212.67,246.78,915.49,265.13,245.68,232.53,240.08,983.42,270.38,258.90,251.51,254.95,1035.74,282.82,278.64,275.87,277.13,1114.46,294.95,287.69,290.60,283.87,1157.11,300.27,282.68,303.07,287.80,1173.82,323.27,337.55,264.19,313.48,1238.49,324.71,331.54,234.18,260.69,1151.12,307.41,278.76,235.95,289.08,1111.20,275.68,245.77,274.60,296.82,1092.87,259.61,195.23,233.01,253.79,941.64,41.18,93.43,224.26,256.22,615.09,62.69,104.43,159.32,212.72,539.15,149.44,121.35,105.34,194.70,570.83,160.31,174.39,184.97,283.02,802.69,243.62,313.02,246.80,250.19,1053.63,485.86,..,..,..,..
..Cordillera Administrative Region (CAR),....Marine Municipal Fisheries,..,..,..,..,..,..,..,..,..,..,..,..,..,..,..,..,..,..,..,..,..,..,..,..,..,..,..,..,..,..,..,..,..,..,..,..,..,..,..,..,..,..,..,..,..,..,..,..,..,..,..,..,..,..,..,..,..,..,..,..,..,..,..,..,..,.,.,.,.,.,.,.,.,.,.,.,.,.,.,.,.,.,.,.,.,.,.,.,.,.,.,.,.,.,.,.,.,.,.,.,.,.,.,.,.,.,.,.,.,.,.,.,.,.,.,.,.,.,.,.,.,.,.,.,.,.,.,.,.,.,.,.,.,.,.,.,.,.,.,.,.,.,.,.,.,.,.,.,.,.,.,.,.,.,.,.,.,.,.,.,.,.,.,.,.,.,.,.,.,.,.,.,.,.,.,.,.,.,.,.,.,.,.,.,.,.,.,.,.,.,.,.,.,.,.,.,.,.,.,.,.,.,.,.,.,.,.,.,.,.,.,.,.,.,.,.,.,.,.,.,.,.,.,.,.,.,.,.,.,.,.,..,..,..,..
..Cordillera Administrative Region (CAR),....Inland Municipal Fisheries,..,..,..,..,31.00,..,..,..,..,77.00,..,..,..,..,..,..,..,..,..,14.00,..,..,..,..,351.00,..,..,..,..,206.00,..,..,..,..,213.00,..,..,..,..,205.00,..,..,..,..,303.00,..,..,..,..,337.00,..,..,..,..,457.00,..,..,..,..,392.00,..,..,..,..,386.00,103.00,53.00,67.00,41.00,264.00,36.00,27.00,102.00,82.00,247.00,58.00,49.00,72.00,57.00,236.00,55.00,47.00,54.00,42.00,198.00,58.00,40.00,75.00,81.00,254.00,180.00,175.00,219.00,189.00,763.00,249.00,313.00,240.00,269.00,1071.00,253.00,302.00,238.00,282.00,1075.00,295.00,299.00,255.00,301.00,1150.00,311.00,281.00,214.00,284.00,1090.00,310.00,243.00,202.00,263.00,1018.00,269.50,221.56,196.56,227.59,915.21,247.37,215.41,200.91,235.31,899.00,237.98,204.23,199.78,225.22,867.21,235.03,207.35,202.39,248.45,893.22,242.77,212.51,221.08,258.02,934.38,250.31,214.38,218.30,257.22,940.21,256.78,199.26,212.67,246.78,915.49,265.13,245.68,232.53,240.08,983.42,270.38,258.90,251.51,254.95,1035.74,282.82,278.64,275.87,277.13,1114.46,294.95,287.69,290.60,283.87,1157.11,300.27,282.68,303.07,287.80,1173.82,323.27,337.55,264.19,313.48,1238.49,324.71,331.54,234.18,260.69,1151.12,307.41,278.76,235.95,289.08,1111.20,275.68,245.77,274.60,296.82,1092.87,259.61,195.23,233.01,253.79,941.64,41.18,93.43,224.26,256.22,615.09,62.69,104.43,159.32,212.72,539.15,149.44,121.35,105.34,194.70,570.83,160.31,174.39,184.97,283.02,802.69,243.62,313.02,246.80,250.19,1053.63,485.86,..,..,..,..
..Cordillera Administrative Region (CAR),..Aquaculture,..,..,..,..,..,..,..,..,..,75.00,..,..,..,..,119.00,..,..,..,..,107.00,..,..,..,..,129.00,..,..,..,..,287.00,..,..,..,..,363.00,..,..,..,..,347.00,..,..,..,..,379.00,..,..,..,..,434.00,..,..,..,..,435.00,..,..,..,..,501.00,..,..,..,..,610.00,470.00,509.00,472.00,583.00,2034.00,522.00,570.00,394.00,287.00,1773.00,222.00,239.00,452.00,425.00,1338.00,208.00,231.00,89.00,296.00,824.00,498.00,269.00,96.00,300.00,1163.00,441.00,89.00,102.00,255.00,887.00,592.00,393.00,479.00,783.00,2247.00,609.00,403.00,519.00,673.00,2204.00,657.00,425.00,518.00,822.00,2422.00,789.00,365.00,432.30,839.70,2426.00,684.20,338.20,358.80,692.65,2073.85,672.45,345.63,327.38,707.36,2052.82,668.53,337.51,343.39,738.37,2087.80,878.16,516.74,444.12,836.99,2676.02,944.77,609.13,493.99,940.09,2987.99,991.00,659.42,577.43,967.71,3195.56,1023.98,693.41,593.96,977.17,3288.51,793.57,541.16,494.00,789.99,2618.73,796.34,606.14,541.33,732.38,2676.18,799.48,616.21,573.76,752.47,2741.91,823.19,627.55,574.88,767.33,2792.95,822.78,646.50,584.45,765.88,2819.61,893.54,625.66,487.39,686.30,2692.89,906.07,621.21,577.00,859.44,2963.72,843.63,654.15,575.68,923.43,2996.88,1004.90,828.22,583.40,891.08,3307.60,1033.51,610.33,531.04,909.21,3084.09,703.32,657.13,602.62,796.91,2759.98,841.41,845.93,692.55,1058.62,3438.51,885.82,847.65,835.39,813.45,3382.31,728.97,947.45,603.71,661.67,2941.80,843.57,672.18,803.34,895.92,3215.01,713.91,478.42,653.59,689.02,2534.94,608.12,..,..,..,..
....Abra,FISHERIES,..,..,..,..,..,..,..,..,..,102.00,..,..,..,..,53.00,..,..,..,..,55.00,..,..,..,..,55.00,..,..,..,..,76.00,..,..,..,..,196.00,..,..,..,..,207.00,..,..,..,..,208.00,..,..,..,..,241.00,..,..,..,..,242.00,..,..,..,..,278.00,..,..,..,..,339.00,20.00,19.00,..,..,39.00,17.00,16.00,1.00,1.00,35.00,21.00,20.00,..,1.00,42.00,24.00,17.00,1.00,2.00,44.00,10.00,21.00,1.00,1.00,33.00,2.00,2.00,1.00,..,5.00,90.00,108.00,96.00,85.00,379.00,85.00,100.00,99.00,95.00,379.00,121.00,100.00,98.00,88.00,407.00,113.00,92.00,82.00,93.00,380.00,112.00,94.90,85.50,74.45,366.85,122.00,101.70,86.14,88.88,398.72,120.50,120.83,87.55,96.30,425.18,137.92,141.73,98.52,117.58,495.75,145.25,172.59,114.17,196.88,628.89,159.50,193.80,162.33,202.03,717.66,165.32,203.51,170.79,204.95,744.57,154.54,202.73,172.98,209.39,739.65,168.43,206.28,169.91,205.45,750.07,178.01,207.78,186.15,217.45,789.39,182.94,210.19,170.55,219.27,782.94,181.31,213.73,171.44,207.93,774.41,175.82,198.31,175.27,193.35,742.75,173.74,210.96,152.01,182.58,719.29,155.85,162.81,133.58,150.61,602.85,170.54,163.37,125.07,160.67,619.65,133.25,172.15,129.43,168.15,602.98,143.19,189.16,152.70,186.99,672.03,114.32,176.47,182.03,203.50,676.32,96.92,228.83,154.38,220.15,700.28,218.38,253.81,148.57,226.98,847.74,207.35,244.82,197.34,230.43,879.94,269.19,305.44,242.14,313.00,1129.78,477.43,..,..,..,..
....Abra,..Commercial Fisheries,..,..,..,..,..,..,..,..,..,..,..,..,..,..,..,..,..,..,..,..,..,..,..,..,..,..,..,..,..,..,..,..,..,..,..,..,..,..,..,..,..,..,..,..,..,..,..,..,..,..,..,..,..,..,..,..,..,..,..,..,..,..,..,..,..,.,.,.,.,.,.,.,.,.,.,.,.,.,.,.,.,.,.,.,.,.,.,.,.,.,.,.,.,.,.,.,.,.,.,.,.,.,.,.,.,.,.,.,.,.,.,.,.,.,.,.,.,.,.,.,.,.,.,.,.,.,.,.,.,.,.,.,.,.,.,.,.,.,.,.,.,.,.,.,.,.,.,.,.,.,.,.,.,.,.,.,.,.,.,.,.,.,.,.,.,.,.,.,.,.,.,.,.,.,.,.,.,.,.,.,.,.,.,.,.,.,.,.,.,.,.,.,.,.,.,.,.,.,.,.,.,.,.,.,.,.,.,.,.,.,.,.,.,.,.,.,.,.,.,.,.,.,.,.,.,.,.,.,.,.,.,..,..,..,..
....Abra,..Municipal Fisheries,..,..,..,..,..,..,..,..,..,49.00,..,..,..,..,..,..,..,..,..,..,..,..,..,..,..,..,..,..,..,..,..,..,..,..,..,..,..,..,..,..,..,..,..,..,..,..,..,..,..,..,..,..,..,..,..,..,..,..,..,..,..,..,..,..,..,..,..,..,..,..,..,..,..,..,..,..,..,..,..,..,..,..,..,..,..,..,..,..,..,..,..,..,..,..,..,45.00,64.00,72.00,60.00,241.00,47.00,66.00,75.00,63.00,251.00,80.00,58.00,68.00,55.00,261.00,71.00,61.00,50.00,52.00,234.00,65.00,58.00,47.00,43.00,213.00,73.00,60.00,52.00,50.00,235.00,77.00,71.00,50.00,54.00,252.00,70.00,73.00,52.00,65.00,260.00,72.00,70.00,56.00,70.00,268.00,75.00,71.00,59.88,70.59,276.47,72.81,72.12,62.02,71.75,278.70,74.72,74.73,65.46,73.18,288.09,79.72,75.09,66.54,69.75,291.10,79.96,82.22,69.98,74.73,306.89,83.29,83.03,70.82,76.23,313.37,84.35,84.00,77.23,76.87,322.45,84.11,80.02,87.56,77.46,329.15,82.51,87.31,58.45,91.97,320.24,73.07,61.65,49.95,60.71,245.38,86.13,54.41,47.64,72.52,260.70,59.75,62.06,51.74,77.95,251.50,63.63,68.14,56.92,87.91,276.60,15.97,52.43,84.23,101.31,253.94,42.92,76.97,82.85,119.07,321.81,122.26,99.36,70.29,123.93,415.85,122.65,106.85,100.67,135.95,466.12,183.56,181.42,136.96,214.94,716.87,437.45,..,..,..,..
....Abra,....Marine Municipal Fisheries,..,..,..,..,..,..,..,..,..,..,..,..,..,..,..,..,..,..,..,..,..,..,..,..,..,..,..,..,..,..,..,..,..,..,..,..,..,..,..,..,..,..,..,..,..,..,..,..,..,..,..,..,..,..,..,..,..,..,..,..,..,..,..,..,..,.,.,.,.,.,.,.,.,.,.,.,.,.,.,.,.,.,.,.,.,.,.,.,.,.,.,.,.,.,.,.,.,.,.,.,.,.,.,.,.,.,.,.,.,.,.,.,.,.,.,.,.,.,.,.,.,.,.,.,.,.,.,.,.,.,.,.,.,.,.,.,.,.,.,.,.,.,.,.,.,.,.,.,.,.,.,.,.,.,.,.,.,.,.,.,.,.,.,.,.,.,.,.,.,.,.,.,.,.,.,.,.,.,.,.,.,.,.,.,.,.,.,.,.,.,.,.,.,.,.,.,.,.,.,.,.,.,.,.,.,.,.,.,.,.,.,.,.,.,.,.,.,.,.,.,.,.,.,.,.,.,.,.,.,.,.,..,..,..,..
....Abra,....Inland Municipal Fisheries,..,..,..,..,..,..,..,..,..,49.00,..,..,..,..,..,..,..,..,..,..,..,..,..,..,..,..,..,..,..,..,..,..,..,..,..,..,..,..,..,..,..,..,..,..,..,..,..,..,..,..,..,..,..,..,..,..,..,..,..,..,..,..,..,..,..,..,..,..,..,..,..,..,..,..,..,..,..,..,..,..,..,..,..,..,..,..,..,..,..,..,..,..,..,..,..,45.00,64.00,72.00,60.00,241.00,47.00,66.00,75.00,63.00,251.00,80.00,58.00,68.00,55.00,261.00,71.00,61.00,50.00,52.00,234.00,65.00,58.00,47.00,43.00,213.00,73.00,60.00,52.00,50.00,235.00,77.00,71.00,50.00,54.00,252.00,70.00,73.00,52.00,65.00,260.00,72.00,70.00,56.00,70.00,268.00,75.00,71.00,59.88,70.59,276.47,72.81,72.12,62.02,71.75,278.70,74.72,74.73,65.46,73.18,288.09,79.72,75.09,66.54,69.75,291.10,79.96,82.22,69.98,74.73,306.89,83.29,83.03,70.82,76.23,313.37,84.35,84.00,77.23,76.87,322.45,84.11,80.02,87.56,77.46,329.15,82.51,87.31,58.45,91.97,320.24,73.07,61.65,49.95,60.71,245.38,86.13,54.41,47.64,72.52,260.70,59.75,62.06,51.74,77.95,251.50,63.63,68.14,56.92,87.91,276.60,15.97,52.43,84.23,101.31,253.94,42.92,76.97,82.85,119.07,321.81,122.26,99.36,70.29,123.93,415.85,122.65,106.85,100.67,135.95,466.12,183.56,181.42,136.96,214.94,716.87,437.45,..,..,..,..
....Abra,..Aquaculture,..,..,..,..,..,..,..,..,..,53.00,..,..,..,..,53.00,..,..,..,..,55.00,..,..,..,..,55.00,..,..,..,..,76.00,..,..,..,..,196.00,..,..,..,..,207.00,..,..,..,..,208.00,..,..,..,..,241.00,..,..,..,..,242.00,..,..,..,..,278.00,..,..,..,..,339.00,20.00,19.00,..,..,39.00,17.00,16.00,1.00,1.00,35.00,21.00,20.00,..,1.00,42.00,24.00,17.00,1.00,2.00,44.00,10.00,21.00,1.00,1.00,33.00,2.00,2.00,1.00,..,5.00,45.00,44.00,24.00,25.00,138.00,38.00,34.00,24.00,32.00,128.00,41.00,42.00,30.00,33.00,146.00,42.00,31.00,32.00,41.00,146.00,47.00,36.90,38.50,31.45,153.85,49.00,41.70,34.14,38.88,163.72,43.50,49.83,37.55,42.30,173.18,67.92,68.73,46.52,52.58,235.75,73.25,102.59,58.17,126.88,360.89,84.50,122.80,102.45,131.44,441.19,92.51,131.39,108.77,133.20,465.87,79.82,128.00,107.52,136.21,451.56,88.71,131.19,103.37,135.70,458.97,98.05,125.56,116.17,142.72,482.50,99.65,127.16,99.73,143.04,469.57,96.96,129.73,94.21,131.06,451.96,91.71,118.29,87.71,115.89,413.60,91.23,123.65,93.56,90.61,399.05,82.78,101.16,83.63,89.90,357.47,84.41,108.96,77.43,88.15,358.95,73.50,110.09,77.69,90.20,351.48,79.56,121.02,95.78,99.08,395.43,98.35,124.04,97.80,102.19,422.38,54.00,151.86,71.53,101.08,378.47,96.12,154.45,78.28,103.05,431.89,84.70,137.97,96.67,94.48,413.82,85.63,124.03,105.18,98.06,412.91,39.98,..,..,..,..
....Apayao,FISHERIES,..,..,..,..,..,..,..,..,..,..,..,..,..,..,..,..,..,..,..,..,..,..,..,..,..,..,..,..,..,..,..,..,..,..,..,..,..,..,..,..,..,..,..,..,..,..,..,..,..,..,..,..,..,..,..,..,..,..,..,..,..,..,..,..,..,..,..,..,..,..,..,..,..,..,..,..,..,..,..,..,..,..,..,..,..,..,..,..,..,..,..,..,..,..,..,48.00,57.00,67.00,62.00,234.00,52.00,58.00,66.00,63.00,239.00,49.00,62.00,76.00,60.00,247.00,54.00,32.00,43.00,57.00,186.00,40.30,36.40,52.20,55.00,183.90,44.79,37.89,31.47,41.65,155.80,53.58,34.30,49.82,52.08,189.78,102.17,51.86,54.13,55.10,263.26,113.08,62.42,60.55,51.11,287.17,103.40,63.51,73.65,56.82,297.38,110.87,65.11,74.48,54.58,305.04,113.19,53.90,64.69,50.11,281.89,113.47,55.06,66.27,52.37,287.18,118.78,58.25,77.47,59.60,314.10,136.26,77.91,103.52,74.45,392.14,138.49,81.90,105.39,75.20,400.99,121.38,66.05,104.03,80.01,371.47,102.58,98.16,97.42,59.98,358.15,55.54,58.90,81.91,52.52,248.87,35.77,126.35,88.45,63.46,314.04,38.20,99.59,109.77,76.21,323.78,64.00,43.68,93.44,39.94,241.05,4.42,11.48,58.13,25.83,99.86,23.03,17.29,45.00,35.69,121.01,27.25,23.77,46.06,32.15,129.23,11.44,40.26,60.24,24.81,136.75,19.35,19.39,19.78,12.54,71.06,16.41,..,..,..,..
....Apayao,..Commercial Fisheries,..,..,..,..,..,..,..,..,..,..,..,..,..,..,..,..,..,..,..,..,..,..,..,..,..,..,..,..,..,..,..,..,..,..,..,..,..,..,..,..,..,..,..,..,..,..,..,..,..,..,..,..,..,..,..,..,..,..,..,..,..,..,..,..,..,.,.,.,.,.,.,.,.,.,.,.,.,.,.,.,.,.,.,.,.,.,.,.,.,.,.,.,.,.,.,.,.,.,.,.,.,.,.,.,.,.,.,.,.,.,.,.,.,.,.,.,.,.,.,.,.,.,.,.,.,.,.,.,.,.,.,.,.,.,.,.,.,.,.,.,.,.,.,.,.,.,.,.,.,.,.,.,.,.,.,.,.,.,.,.,.,.,.,.,.,.,.,.,.,.,.,.,.,.,.,.,.,.,.,.,.,.,.,.,.,.,.,.,.,.,.,.,.,.,.,.,.,.,.,.,.,.,.,.,.,.,.,.,.,.,.,.,.,.,.,.,.,.,.,.,.,.,.,.,.,.,.,.,.,.,.,..,..,..,..
....Apayao,..Municipal Fisheries,..,..,..,..,..,..,..,..,..,..,..,..,..,..,..,..,..,..,..,..,..,..,..,..,..,..,..,..,..,..,..,..,..,..,..,..,..,..,..,..,..,..,..,..,..,..,..,..,..,..,..,..,..,..,..,..,..,..,..,..,..,..,..,..,..,..,..,..,..,..,..,..,..,..,..,..,..,..,..,..,..,..,..,..,..,..,..,..,..,..,..,..,..,..,..,21.00,30.00,37.00,42.00,130.00,22.00,31.00,35.00,40.00,128.00,22.00,32.00,41.00,34.00,129.00,23.00,18.00,39.00,32.00,112.00,18.00,24.00,43.00,32.00,117.00,22.40,19.55,26.80,19.30,88.05,24.76,17.95,38.50,21.50,102.71,21.55,16.44,35.55,27.85,101.39,17.17,20.15,31.20,33.38,101.90,16.57,21.97,35.64,36.20,110.38,18.73,20.75,34.68,42.21,116.37,19.92,19.86,32.53,38.65,110.96,22.18,21.88,34.96,41.47,120.49,24.84,23.61,38.27,45.22,131.94,31.83,38.69,56.43,58.44,185.39,37.11,40.83,57.72,59.97,195.63,37.94,41.68,59.51,58.25,197.38,44.94,41.55,50.24,51.38,188.11,43.24,32.13,39.36,40.86,155.59,32.59,87.01,40.54,54.22,214.36,35.05,58.40,75.46,65.94,234.85,47.60,22.28,35.40,25.67,130.95,1.97,1.22,18.10,13.33,34.62,1.56,1.26,0.79,5.49,9.11,1.37,0.96,1.71,1.89,5.93,1.79,1.32,1.49,1.94,6.53,1.24,1.67,1.68,1.27,5.86,1.88,..,..,..,..
....Apayao,....Marine Municipal Fisheries,..,..,..,..,..,..,..,..,..,..,..,..,..,..,..,..,..,..,..,..,..,..,..,..,..,..,..,..,..,..,..,..,..,..,..,..,..,..,..,..,..,..,..,..,..,..,..,..,..,..,..,..,..,..,..,..,..,..,..,..,..,..,..,..,..,.,.,.,.,.,.,.,.,.,.,.,.,.,.,.,.,.,.,.,.,.,.,.,.,.,.,.,.,.,.,.,.,.,.,.,.,.,.,.,.,.,.,.,.,.,.,.,.,.,.,.,.,.,.,.,.,.,.,.,.,.,.,.,.,.,.,.,.,.,.,.,.,.,.,.,.,.,.,.,.,.,.,.,.,.,.,.,.,.,.,.,.,.,.,.,.,.,.,.,.,.,.,.,.,.,.,.,.,.,.,.,.,.,.,.,.,.,.,.,.,.,.,.,.,.,.,.,.,.,.,.,.,.,.,.,.,.,.,.,.,.,.,.,.,.,.,.,.,.,.,.,.,.,.,.,.,.,.,.,.,.,.,.,.,.,.,..,..,..,..
....Apayao,....Inland Municipal Fisheries,..,..,..,..,..,..,..,..,..,..,..,..,..,..,..,..,..,..,..,..,..,..,..,..,..,..,..,..,..,..,..,..,..,..,..,..,..,..,..,..,..,..,..,..,..,..,..,..,..,..,..,..,..,..,..,..,..,..,..,..,..,..,..,..,..,..,..,..,..,..,..,..,..,..,..,..,..,..,..,..,..,..,..,..,..,..,..,..,..,..,..,..,..,..,..,21.00,30.00,37.00,42.00,130.00,22.00,31.00,35.00,40.00,128.00,22.00,32.00,41.00,34.00,129.00,23.00,18.00,39.00,32.00,112.00,18.00,24.00,43.00,32.00,117.00,22.40,19.55,26.80,19.30,88.05,24.76,17.95,38.50,21.50,102.71,21.55,16.44,35.55,27.85,101.39,17.17,20.15,31.20,33.38,101.90,16.57,21.97,35.64,36.20,110.38,18.73,20.75,34.68,42.21,116.37,19.92,19.86,32.53,38.65,110.96,22.18,21.88,34.96,41.47,120.49,24.84,23.61,38.27,45.22,131.94,31.83,38.69,56.43,58.44,185.39,37.11,40.83,57.72,59.97,195.63,37.94,41.68,59.51,58.25,197.38,44.94,41.55,50.24,51.38,188.11,43.24,32.13,39.36,40.86,155.59,32.59,87.01,40.54,54.22,214.36,35.05,58.40,75.46,65.94,234.85,47.60,22.28,35.40,25.67,130.95,1.97,1.22,18.10,13.33,34.62,1.56,1.26,0.79,5.49,9.11,1.37,0.96,1.71,1.89,5.93,1.79,1.32,1.49,1.94,6.53,1.24,1.67,1.68,1.27,5.86,1.88,..,..,..,..
....Apayao,..Aquaculture,..,..,..,..,..,..,..,..,..,..,..,..,..,..,..,..,..,..,..,..,..,..,..,..,..,..,..,..,..,..,..,..,..,..,..,..,..,..,..,..,..,..,..,..,..,..,..,..,..,..,..,..,..,..,..,..,..,..,..,..,..,..,..,..,..,..,..,..,..,..,..,..,..,..,..,..,..,..,..,..,..,..,..,..,..,..,..,..,..,..,..,..,..,..,..,27.00,27.00,30.00,20.00,104.00,30.00,27.00,31.00,23.00,111.00,27.00,30.00,35.00,26.00,118.00,31.00,14.00,4.00,25.00,74.00,22.30,12.40,9.20,23.00,66.90,22.39,18.34,4.67,22.35,67.75,28.82,16.35,11.32,30.58,87.07,80.62,35.42,18.58,27.25,161.87,95.91,42.27,29.35,17.73,185.27,86.83,41.54,38.01,20.62,187.00,92.14,44.36,39.80,12.37,188.67,93.27,34.04,32.16,11.46,170.93,91.29,33.18,31.31,10.90,166.69,93.94,34.64,39.20,14.38,182.16,104.43,39.22,47.09,16.01,206.75,101.38,41.07,47.67,15.23,205.36,83.44,24.37,44.52,21.76,174.09,57.64,56.61,47.18,8.60,170.04,12.30,26.77,42.55,11.66,93.28,3.18,39.34,47.91,9.24,99.68,3.15,41.19,34.31,10.27,88.93,16.40,21.40,58.04,14.27,110.10,2.45,10.26,40.03,12.50,65.24,21.47,16.02,44.21,30.20,111.90,25.88,22.81,44.36,30.26,123.30,9.66,38.94,58.75,22.87,130.22,18.10,17.73,18.10,11.27,65.20,14.54,..,..,..,..
....Benguet,FISHERIES,..,..,..,..,..,..,..,..,..,26.00,..,..,..,..,2.00,..,..,..,..,2.00,..,..,..,..,2.00,..,..,..,..,5.00,..,..,..,..,12.00,..,..,..,..,12.00,..,..,..,..,12.00,..,..,..,..,14.00,..,..,..,..,14.00,..,..,..,..,16.00,..,..,..,..,20.00,8.00,8.00,17.00,..,33.00,1.00,10.00,..,1.00,12.00,..,..,..,1.00,1.00,1.00,..,..,2.00,3.00,2.00,..,4.00,5.00,11.00,6.00,4.00,2.00,3.00,15.00,48.00,52.00,55.00,63.00,218.00,47.00,62.00,64.00,70.00,243.00,54.00,69.00,70.00,77.00,270.00,61.00,77.00,73.00,83.00,294.00,70.40,80.30,77.60,75.00,303.30,62.41,83.06,51.49,78.50,275.46,65.14,71.11,55.63,85.86,277.74,95.22,84.73,58.06,93.06,331.07,99.00,94.68,63.66,102.63,359.97,102.78,97.62,66.69,107.98,375.07,108.62,99.23,74.15,114.43,396.43,113.56,88.92,77.85,108.71,389.04,120.23,94.96,82.09,110.40,407.69,124.82,97.42,84.88,105.29,412.41,127.59,100.40,88.03,110.89,426.92,130.10,107.69,94.13,113.91,445.84,133.79,114.75,92.50,113.10,454.15,138.67,78.70,77.19,99.18,393.75,121.90,108.16,72.55,121.46,424.08,159.41,109.83,56.51,83.35,409.11,122.01,102.31,54.85,73.20,352.37,69.58,53.44,53.12,74.50,250.63,40.01,12.61,28.70,60.64,141.95,71.77,119.97,106.73,92.60,391.07,67.97,268.45,66.24,75.34,477.99,120.97,129.28,85.51,71.64,407.39,141.97,134.36,101.30,127.30,504.94,126.39,..,..,..,..
....Benguet,..Commercial Fisheries,..,..,..,..,..,..,..,..,..,..,..,..,..,..,..,..,..,..,..,..,..,..,..,..,..,..,..,..,..,..,..,..,..,..,..,..,..,..,..,..,..,..,..,..,..,..,..,..,..,..,..,..,..,..,..,..,..,..,..,..,..,..,..,..,..,.,.,.,.,.,.,.,.,.,.,.,.,.,.,.,.,.,.,.,.,.,.,.,.,.,.,.,.,.,.,.,.,.,.,.,.,.,.,.,.,.,.,.,.,.,.,.,.,.,.,.,.,.,.,.,.,.,.,.,.,.,.,.,.,.,.,.,.,.,.,.,.,.,.,.,.,.,.,.,.,.,.,.,.,.,.,.,.,.,.,.,.,.,.,.,.,.,.,.,.,.,.,.,.,.,.,.,.,.,.,.,.,.,.,.,.,.,.,.,.,.,.,.,.,.,.,.,.,.,.,.,.,.,.,.,.,.,.,.,.,.,.,.,.,.,.,.,.,.,.,.,.,.,.,.,.,.,.,.,.,.,.,.,.,.,.,..,..,..,..
....Benguet,..Municipal Fisheries,..,..,..,..,..,..,..,..,..,24.00,..,..,..,..,..,..,..,..,..,..,..,..,..,..,..,..,..,..,..,..,..,..,..,..,..,..,..,..,..,..,..,..,..,..,..,..,..,..,..,..,..,..,..,..,..,..,..,..,..,..,..,..,..,..,..,..,..,..,..,..,..,..,..,..,..,..,..,..,..,..,..,..,..,..,..,..,..,3.00,3.00,6.00,3.00,4.00,1.00,2.00,10.00,6.00,5.00,2.00,9.00,22.00,2.00,10.00,3.00,9.00,24.00,3.00,11.00,12.00,11.00,37.00,4.00,13.00,10.00,14.00,41.00,13.00,15.00,12.00,12.00,52.00,15.21,15.82,11.38,13.00,55.41,15.43,16.66,13.96,15.24,61.29,16.20,16.40,17.43,17.34,67.37,17.04,20.22,18.52,18.63,74.41,19.42,18.99,19.94,20.24,78.59,21.11,19.64,21.98,21.46,84.19,22.02,15.90,22.57,22.37,82.86,23.70,16.98,23.55,21.39,85.62,25.10,17.61,24.66,20.15,87.52,25.37,17.67,25.56,21.04,89.64,25.64,19.06,26.83,21.57,93.10,27.32,20.93,26.95,23.19,98.39,29.21,21.07,24.28,21.19,95.75,29.26,30.54,15.52,30.08,105.40,36.67,30.81,12.36,25.22,105.06,32.39,17.87,7.90,13.11,71.27,32.39,6.39,5.62,16.22,60.62,2.04,1.41,4.52,17.49,25.46,2.78,1.97,2.39,4.50,11.64,2.83,3.29,0.88,0.69,7.69,2.27,2.65,1.93,1.28,8.14,1.55,2.30,1.70,1.40,6.94,10.65,..,..,..,..
....Benguet,....Marine Municipal Fisheries,..,..,..,..,..,..,..,..,..,..,..,..,..,..,..,..,..,..,..,..,..,..,..,..,..,..,..,..,..,..,..,..,..,..,..,..,..,..,..,..,..,..,..,..,..,..,..,..,..,..,..,..,..,..,..,..,..,..,..,..,..,..,..,..,..,.,.,.,.,.,.,.,.,.,.,.,.,.,.,.,.,.,.,.,.,.,.,.,.,.,.,.,.,.,.,.,.,.,.,.,.,.,.,.,.,.,.,.,.,.,.,.,.,.,.,.,.,.,.,.,.,.,.,.,.,.,.,.,.,.,.,.,.,.,.,.,.,.,.,.,.,.,.,.,.,.,.,.,.,.,.,.,.,.,.,.,.,.,.,.,.,.,.,.,.,.,.,.,.,.,.,.,.,.,.,.,.,.,.,.,.,.,.,.,.,.,.,.,.,.,.,.,.,.,.,.,.,.,.,.,.,.,.,.,.,.,.,.,.,.,.,.,.,.,.,.,.,.,.,.,.,.,.,.,.,.,.,.,.,.,.,..,..,..,..
....Benguet,....Inland Municipal Fisheries,..,..,..,..,..,..,..,..,..,24.00,..,..,..,..,..,..,..,..,..,..,..,..,..,..,..,..,..,..,..,..,..,..,..,..,..,..,..,..,..,..,..,..,..,..,..,..,..,..,..,..,..,..,..,..,..,..,..,..,..,..,..,..,..,..,..,..,..,..,..,..,..,..,..,..,..,..,..,..,..,..,..,..,..,..,..,..,..,3.00,3.00,6.00,3.00,4.00,1.00,2.00,10.00,6.00,5.00,2.00,9.00,22.00,2.00,10.00,3.00,9.00,24.00,3.00,11.00,12.00,11.00,37.00,4.00,13.00,10.00,14.00,41.00,13.00,15.00,12.00,12.00,52.00,15.21,15.82,11.38,13.00,55.41,15.43,16.66,13.96,15.24,61.29,16.20,16.40,17.43,17.34,67.37,17.04,20.22,18.52,18.63,74.41,19.42,18.99,19.94,20.24,78.59,21.11,19.64,21.98,21.46,84.19,22.02,15.90,22.57,22.37,82.86,23.70,16.98,23.55,21.39,85.62,25.10,17.61,24.66,20.15,87.52,25.37,17.67,25.56,21.04,89.64,25.64,19.06,26.83,21.57,93.10,27.32,20.93,26.95,23.19,98.39,29.21,21.07,24.28,21.19,95.75,29.26,30.54,15.52,30.08,105.40,36.67,30.81,12.36,25.22,105.06,32.39,17.87,7.90,13.11,71.27,32.39,6.39,5.62,16.22,60.62,2.04,1.41,4.52,17.49,25.46,2.78,1.97,2.39,4.50,11.64,2.83,3.29,0.88,0.69,7.69,2.27,2.65,1.93,1.28,8.14,1.55,2.30,1.70,1.40,6.94,10.65,..,..,..,..
....Benguet,..Aquaculture,..,..,..,..,..,..,..,..,..,2.00,..,..,..,..,2.00,..,..,..,..,2.00,..,..,..,..,2.00,..,..,..,..,5.00,..,..,..,..,12.00,..,..,..,..,12.00,..,..,..,..,12.00,..,..,..,..,14.00,..,..,..,..,14.00,..,..,..,..,16.00,..,..,..,..,20.00,8.00,8.00,17.00,..,33.00,1.00,10.00,..,1.00,12.00,..,..,..,1.00,1.00,1.00,..,..,2.00,3.00,2.00,..,1.00,2.00,5.00,3.00,..,1.00,1.00,5.00,42.00,47.00,53.00,54.00,196.00,45.00,52.00,61.00,61.00,219.00,51.00,58.00,58.00,66.00,233.00,57.00,64.00,63.00,69.00,253.00,57.40,65.30,65.60,63.00,251.30,47.20,67.24,40.11,65.50,220.05,49.71,54.45,41.67,70.62,216.45,79.02,68.33,40.63,75.72,263.70,81.96,74.46,45.14,84.00,285.56,83.36,78.63,46.75,87.74,296.48,87.51,79.59,52.17,92.97,312.24,91.54,73.02,55.28,86.34,306.18,96.53,77.98,58.54,89.01,322.07,99.72,79.81,60.22,85.14,324.89,102.22,82.73,62.47,89.85,337.28,104.46,88.63,67.30,92.34,352.74,106.47,93.82,65.55,89.91,355.76,109.46,57.63,52.91,77.99,298.00,92.64,77.62,57.03,91.38,318.68,122.74,79.02,44.15,58.13,304.05,89.62,84.44,46.95,60.09,281.10,37.19,47.05,47.50,58.28,190.01,37.97,11.20,24.18,43.15,116.49,68.99,118.01,104.34,88.10,379.44,65.14,265.16,65.36,74.65,470.30,118.70,126.63,83.57,70.35,399.26,140.42,132.06,99.61,125.90,498.00,115.74,..,..,..,..
....Ifugao,FISHERIES,..,..,..,..,9.00,..,..,..,..,4.00,..,..,..,..,3.00,..,..,..,..,10.00,..,..,..,..,99.00,..,..,..,..,99.00,..,..,..,..,97.00,..,..,..,..,84.00,..,..,..,..,201.00,..,..,..,..,223.00,..,..,..,..,349.00,..,..,..,..,264.00,..,..,..,..,283.00,508.00,382.00,477.00,596.00,1963.00,486.00,444.00,447.00,354.00,1731.00,210.00,172.00,465.00,474.00,1321.00,191.00,172.00,87.00,334.00,784.00,535.00,192.00,108.00,291.00,1126.00,605.00,206.00,268.00,389.00,1468.00,611.00,418.00,453.00,788.00,2270.00,635.00,413.00,473.00,674.00,2195.00,684.00,419.00,469.00,826.00,2398.00,822.00,375.00,382.30,820.70,2400.00,724.00,294.60,275.10,675.26,1968.96,654.66,261.15,275.62,646.00,1837.43,608.00,242.25,266.39,654.30,1770.94,688.55,319.06,346.36,689.42,2043.39,710.90,352.36,368.18,728.67,2160.11,739.65,373.57,397.89,745.05,2256.16,760.04,387.71,389.63,749.55,2286.94,533.57,249.84,292.10,559.41,1634.93,518.54,345.87,353.40,492.15,1709.97,514.11,355.47,373.92,510.59,1754.09,522.54,364.45,384.33,520.65,1791.96,532.74,367.42,395.11,529.45,1824.72,631.36,372.38,319.44,480.69,1803.87,702.99,407.09,411.19,721.46,2242.73,717.74,519.06,437.78,750.40,2424.97,834.30,590.86,455.86,776.48,2657.50,886.24,317.34,408.61,764.83,2377.01,557.23,377.61,413.65,611.87,1960.35,666.71,572.48,507.95,880.09,2627.24,686.67,474.54,497.55,516.57,2175.33,522.91,464.22,365.32,372.81,1725.26,603.55,401.39,607.85,789.49,2402.27,487.38,288.99,476.07,437.45,1689.89,443.96,..,..,..,..
....Ifugao,..Commercial Fisheries,..,..,..,..,..,..,..,..,..,..,..,..,..,..,..,..,..,..,..,..,..,..,..,..,..,..,..,..,..,..,..,..,..,..,..,..,..,..,..,..,..,..,..,..,..,..,..,..,..,..,..,..,..,..,..,..,..,..,..,..,..,..,..,..,..,.,.,.,.,.,.,.,.,.,.,.,.,.,.,.,.,.,.,.,.,.,.,.,.,.,.,.,.,.,.,.,.,.,.,.,.,.,.,.,.,.,.,.,.,.,.,.,.,.,.,.,.,.,.,.,.,.,.,.,.,.,.,.,.,.,.,.,.,.,.,.,.,.,.,.,.,.,.,.,.,.,.,.,.,.,.,.,.,.,.,.,.,.,.,.,.,.,.,.,.,.,.,.,.,.,.,.,.,.,.,.,.,.,.,.,.,.,.,.,.,.,.,.,.,.,.,.,.,.,.,.,.,.,.,.,.,.,.,.,.,.,.,.,.,.,.,.,.,.,.,.,.,.,.,.,.,.,.,.,.,.,.,.,.,.,.,..,..,..,..
....Ifugao,..Municipal Fisheries,..,..,..,..,9.00,..,..,..,..,2.00,..,..,..,..,..,..,..,..,..,2.00,..,..,..,..,75.00,..,..,..,..,20.00,..,..,..,..,19.00,..,..,..,..,38.00,..,..,..,..,122.00,..,..,..,..,136.00,..,..,..,..,262.00,..,..,..,..,164.00,..,..,..,..,161.00,103.00,53.00,67.00,41.00,264.00,36.00,27.00,102.00,82.00,247.00,58.00,49.00,72.00,57.00,236.00,55.00,47.00,54.00,42.00,198.00,58.00,40.00,72.00,78.00,248.00,177.00,171.00,218.00,187.00,753.00,145.00,172.00,102.00,136.00,555.00,152.00,155.00,100.00,150.00,557.00,160.00,157.00,106.00,168.00,591.00,177.00,150.00,83.00,156.00,566.00,179.00,105.00,65.00,137.00,486.00,114.00,80.00,64.00,104.00,362.00,85.00,63.00,53.00,101.30,302.30,82.23,48.26,48.36,67.41,246.26,80.87,45.56,48.85,71.91,247.19,82.02,46.10,53.26,73.73,255.11,79.25,44.70,44.50,62.23,230.68,80.24,29.17,36.62,53.82,199.85,76.73,70.55,51.66,49.52,248.46,76.56,71.39,59.53,51.91,259.39,77.12,73.16,61.14,52.94,264.36,77.82,73.97,61.87,53.68,267.34,78.69,65.12,57.15,51.05,252.01,93.25,110.24,58.24,64.19,325.92,93.55,112.30,61.13,66.26,333.24,74.96,41.19,56.40,67.91,240.46,58.94,36.73,57.35,46.50,199.52,33.26,38.01,42.37,21.08,134.72,13.60,16.96,18.20,19.71,68.47,10.05,15.32,23.88,25.15,74.39,16.21,9.69,16.87,18.06,60.84,21.00,57.89,71.93,121.48,272.29,44.87,117.91,97.09,13.81,273.68,26.05,..,..,..,..
....Ifugao,....Marine Municipal Fisheries,..,..,..,..,..,..,..,..,..,..,..,..,..,..,..,..,..,..,..,..,..,..,..,..,..,..,..,..,..,..,..,..,..,..,..,..,..,..,..,..,..,..,..,..,..,..,..,..,..,..,..,..,..,..,..,..,..,..,..,..,..,..,..,..,..,.,.,.,.,.,.,.,.,.,.,.,.,.,.,.,.,.,.,.,.,.,.,.,.,.,.,.,.,.,.,.,.,.,.,.,.,.,.,.,.,.,.,.,.,.,.,.,.,.,.,.,.,.,.,.,.,.,.,.,.,.,.,.,.,.,.,.,.,.,.,.,.,.,.,.,.,.,.,.,.,.,.,.,.,.,.,.,.,.,.,.,.,.,.,.,.,.,.,.,.,.,.,.,.,.,.,.,.,.,.,.,.,.,.,.,.,.,.,.,.,.,.,.,.,.,.,.,.,.,.,.,.,.,.,.,.,.,.,.,.,.,.,.,.,.,.,.,.,.,.,.,.,.,.,.,.,.,.,.,.,.,.,.,.,.,.,..,..,..,..
....Ifugao,....Inland Municipal Fisheries,..,..,..,..,9.00,..,..,..,..,2.00,..,..,..,..,..,..,..,..,..,2.00,..,..,..,..,75.00,..,..,..,..,20.00,..,..,..,..,19.00,..,..,..,..,38.00,..,..,..,..,122.00,..,..,..,..,136.00,..,..,..,..,262.00,..,..,..,..,164.00,..,..,..,..,161.00,103.00,53.00,67.00,41.00,264.00,36.00,27.00,102.00,82.00,247.00,58.00,49.00,72.00,57.00,236.00,55.00,47.00,54.00,42.00,198.00,58.00,40.00,72.00,78.00,248.00,177.00,171.00,218.00,187.00,753.00,145.00,172.00,102.00,136.00,555.00,152.00,155.00,100.00,150.00,557.00,160.00,157.00,106.00,168.00,591.00,177.00,150.00,83.00,156.00,566.00,179.00,105.00,65.00,137.00,486.00,114.00,80.00,64.00,104.00,362.00,85.00,63.00,53.00,101.30,302.30,82.23,48.26,48.36,67.41,246.26,80.87,45.56,48.85,71.91,247.19,82.02,46.10,53.26,73.73,255.11,79.25,44.70,44.50,62.23,230.68,80.24,29.17,36.62,53.82,199.85,76.73,70.55,51.66,49.52,248.46,76.56,71.39,59.53,51.91,259.39,77.12,73.16,61.14,52.94,264.36,77.82,73.97,61.87,53.68,267.34,78.69,65.12,57.15,51.05,252.01,93.25,110.24,58.24,64.19,325.92,93.55,112.30,61.13,66.26,333.24,74.96,41.19,56.40,67.91,240.46,58.94,36.73,57.35,46.50,199.52,33.26,38.01,42.37,21.08,134.72,13.60,16.96,18.20,19.71,68.47,10.05,15.32,23.88,25.15,74.39,16.21,9.69,16.87,18.06,60.84,21.00,57.89,71.93,121.48,272.29,44.87,117.91,97.09,13.81,273.68,26.05,..,..,..,..
....Ifugao,..Aquaculture,..,..,..,..,..,..,..,..,..,2.00,..,..,..,..,3.00,..,..,..,..,8.00,..,..,..,..,24.00,..,..,..,..,79.00,..,..,..,..,78.00,..,..,..,..,46.00,..,..,..,..,79.00,..,..,..,..,87.00,..,..,..,..,87.00,..,..,..,..,100.00,..,..,..,..,122.00,405.00,329.00,410.00,555.00,1699.00,450.00,417.00,345.00,272.00,1484.00,152.00,123.00,393.00,417.00,1085.00,136.00,125.00,33.00,292.00,586.00,477.00,152.00,36.00,213.00,878.00,428.00,35.00,50.00,202.00,715.00,466.00,246.00,351.00,652.00,1715.00,483.00,258.00,373.00,524.00,1638.00,524.00,262.00,363.00,658.00,1807.00,645.00,225.00,299.30,664.70,1834.00,545.00,189.60,210.10,538.26,1482.96,540.66,181.15,211.62,542.00,1475.43,523.00,179.25,213.39,553.00,1468.64,606.32,270.80,298.00,622.01,1797.13,630.03,306.80,319.33,656.76,1912.92,657.63,327.47,344.63,671.32,2001.05,680.79,343.01,345.13,687.32,2056.26,453.33,220.67,255.48,505.59,1435.08,441.81,275.32,301.74,442.63,1461.51,437.55,284.08,314.39,458.68,1494.70,445.42,291.29,323.19,467.71,1527.60,454.92,293.45,333.24,475.77,1557.38,552.67,307.26,262.29,429.64,1551.86,609.74,296.85,352.95,657.27,1916.81,624.19,406.76,376.65,684.14,2091.73,759.34,549.67,399.46,708.57,2417.04,827.30,280.61,351.26,718.33,2177.49,523.97,339.60,371.28,590.79,1825.63,653.11,555.52,489.75,860.38,2558.77,676.62,459.23,473.67,491.42,2100.94,506.70,454.53,348.45,354.75,1664.42,582.55,343.50,535.92,668.00,2129.97,442.51,171.08,378.98,423.64,1416.21,417.91,..,..,..,..
....Kalinga,FISHERIES,..,..,..,..,22.00,..,..,..,..,17.00,..,..,..,..,58.00,..,..,..,..,48.00,..,..,..,..,318.00,..,..,..,..,309.00,..,..,..,..,264.00,..,..,..,..,242.00,..,..,..,..,254.00,..,..,..,..,285.00,..,..,..,..,279.00,..,..,..,..,325.00,..,..,..,..,343.00,26.00,142.00,35.00,28.00,231.00,21.00,120.00,46.00,13.00,200.00,16.00,96.00,59.00,6.00,177.00,18.00,89.00,55.00,..,162.00,6.00,96.00,58.00,72.00,232.00,5.00,51.00,49.00,50.00,155.00,41.00,70.00,47.00,52.00,210.00,39.00,71.00,54.00,51.00,215.00,40.00,73.00,59.00,69.00,241.00,44.00,68.00,64.00,67.00,243.00,44.50,73.00,66.50,70.99,254.99,52.10,79.00,75.00,76.00,282.10,63.22,79.25,80.50,80.67,303.64,86.87,117.49,82.13,102.78,389.27,105.70,127.32,84.45,104.53,422.00,122.58,136.54,91.66,108.47,459.24,123.68,144.84,96.53,105.36,470.41,130.07,138.46,93.55,103.87,465.95,134.39,143.19,95.18,106.88,479.63,128.63,150.31,96.30,108.82,484.06,131.71,146.97,97.75,113.71,490.14,130.02,157.62,102.27,117.60,507.51,126.10,150.91,93.64,101.88,472.53,107.33,156.75,97.46,105.21,466.74,114.75,130.27,79.19,104.68,428.89,109.68,112.08,89.86,93.02,404.63,126.91,160.55,98.86,119.12,505.44,125.73,182.92,117.69,131.79,558.13,54.46,158.66,131.96,136.42,481.51,64.22,103.55,182.17,153.72,503.65,35.60,50.42,74.28,140.44,300.75,54.03,23.30,27.97,53.60,158.90,30.47,35.29,52.98,42.45,161.19,22.92,..,..,..,..
....Kalinga,..Commercial Fisheries,..,..,..,..,..,..,..,..,..,..,..,..,..,..,..,..,..,..,..,..,..,..,..,..,..,..,..,..,..,..,..,..,..,..,..,..,..,..,..,..,..,..,..,..,..,..,..,..,..,..,..,..,..,..,..,..,..,..,..,..,..,..,..,..,..,.,.,.,.,.,.,.,.,.,.,.,.,.,.,.,.,.,.,.,.,.,.,.,.,.,.,.,.,.,.,.,.,.,.,.,.,.,.,.,.,.,.,.,.,.,.,.,.,.,.,.,.,.,.,.,.,.,.,.,.,.,.,.,.,.,.,.,.,.,.,.,.,.,.,.,.,.,.,.,.,.,.,.,.,.,.,.,.,.,.,.,.,.,.,.,.,.,.,.,.,.,.,.,.,.,.,.,.,.,.,.,.,.,.,.,.,.,.,.,.,.,.,.,.,.,.,.,.,.,.,.,.,.,.,.,.,.,.,.,.,.,.,.,.,.,.,.,.,.,.,.,.,.,.,.,.,.,.,.,.,.,.,.,.,.,.,..,..,..,..
....Kalinga,..Municipal Fisheries,..,..,..,..,22.00,..,..,..,..,2.00,..,..,..,..,..,..,..,..,..,12.00,..,..,..,..,276.00,..,..,..,..,186.00,..,..,..,..,194.00,..,..,..,..,167.00,..,..,..,..,181.00,..,..,..,..,201.00,..,..,..,..,195.00,..,..,..,..,228.00,..,..,..,..,225.00,..,..,..,..,..,..,..,..,..,..,..,..,..,..,..,..,..,..,..,..,..,..,..,..,..,..,..,..,..,..,32.00,42.00,27.00,22.00,123.00,30.00,40.00,25.00,20.00,115.00,30.00,41.00,28.00,32.00,131.00,33.00,38.00,32.00,29.00,132.00,34.00,40.00,34.00,36.00,144.00,41.00,43.00,40.00,39.00,163.00,42.00,43.22,43.00,41.00,169.22,45.70,47.48,43.83,45.71,182.72,46.04,49.19,45.47,52.70,193.40,47.92,52.10,49.43,55.21,204.66,56.67,54.71,52.05,57.55,220.98,58.22,57.04,53.19,56.71,225.16,61.36,59.36,53.88,56.07,230.67,62.86,62.52,57.07,60.91,243.36,64.24,64.52,60.20,66.53,255.49,69.01,68.13,65.14,69.81,272.09,71.01,73.16,69.87,75.69,289.73,71.84,74.50,70.93,82.35,299.62,84.30,92.82,66.57,60.75,304.44,76.54,64.25,77.98,67.99,286.76,88.50,69.99,80.86,92.00,331.35,81.16,58.43,91.05,101.25,331.89,6.87,18.33,97.40,102.62,225.22,3.16,5.44,47.30,56.64,112.55,4.32,5.51,14.42,48.86,73.11,10.07,3.63,7.94,21.48,43.12,10.14,8.42,8.50,18.27,45.33,8.67,..,..,..,..
....Kalinga,....Marine Municipal Fisheries,..,..,..,..,..,..,..,..,..,..,..,..,..,..,..,..,..,..,..,..,..,..,..,..,..,..,..,..,..,..,..,..,..,..,..,..,..,..,..,..,..,..,..,..,..,..,..,..,..,..,..,..,..,..,..,..,..,..,..,..,..,..,..,..,..,.,.,.,.,.,.,.,.,.,.,.,.,.,.,.,.,.,.,.,.,.,.,.,.,.,.,.,.,.,.,.,.,.,.,.,.,.,.,.,.,.,.,.,.,.,.,.,.,.,.,.,.,.,.,.,.,.,.,.,.,.,.,.,.,.,.,.,.,.,.,.,.,.,.,.,.,.,.,.,.,.,.,.,.,.,.,.,.,.,.,.,.,.,.,.,.,.,.,.,.,.,.,.,.,.,.,.,.,.,.,.,.,.,.,.,.,.,.,.,.,.,.,.,.,.,.,.,.,.,.,.,.,.,.,.,.,.,.,.,.,.,.,.,.,.,.,.,.,.,.,.,.,.,.,.,.,.,.,.,.,.,.,.,.,.,.,..,..,..,..
....Kalinga,....Inland Municipal Fisheries,..,..,..,..,22.00,..,..,..,..,2.00,..,..,..,..,..,..,..,..,..,12.00,..,..,..,..,276.00,..,..,..,..,186.00,..,..,..,..,194.00,..,..,..,..,167.00,..,..,..,..,181.00,..,..,..,..,201.00,..,..,..,..,195.00,..,..,..,..,228.00,..,..,..,..,225.00,..,..,..,..,..,..,..,..,..,..,..,..,..,..,..,..,..,..,..,..,..,..,..,..,..,..,..,..,..,..,32.00,42.00,27.00,22.00,123.00,30.00,40.00,25.00,20.00,115.00,30.00,41.00,28.00,32.00,131.00,33.00,38.00,32.00,29.00,132.00,34.00,40.00,34.00,36.00,144.00,41.00,43.00,40.00,39.00,163.00,42.00,43.22,43.00,41.00,169.22,45.70,47.48,43.83,45.71,182.72,46.04,49.19,45.47,52.70,193.40,47.92,52.10,49.43,55.21,204.66,56.67,54.71,52.05,57.55,220.98,58.22,57.04,53.19,56.71,225.16,61.36,59.36,53.88,56.07,230.67,62.86,62.52,57.07,60.91,243.36,64.24,64.52,60.20,66.53,255.49,69.01,68.13,65.14,69.81,272.09,71.01,73.16,69.87,75.69,289.73,71.84,74.50,70.93,82.35,299.62,84.30,92.82,66.57,60.75,304.44,76.54,64.25,77.98,67.99,286.76,88.50,69.99,80.86,92.00,331.35,81.16,58.43,91.05,101.25,331.89,6.87,18.33,97.40,102.62,225.22,3.16,5.44,47.30,56.64,112.55,4.32,5.51,14.42,48.86,73.11,10.07,3.63,7.94,21.48,43.12,10.14,8.42,8.50,18.27,45.33,8.67,..,..,..,..
....Kalinga,..Aquaculture,..,..,..,..,..,..,..,..,..,15.00,..,..,..,..,58.00,..,..,..,..,36.00,..,..,..,..,42.00,..,..,..,..,123.00,..,..,..,..,70.00,..,..,..,..,75.00,..,..,..,..,73.00,..,..,..,..,84.00,..,..,..,..,84.00,..,..,..,..,97.00,..,..,..,..,118.00,26.00,142.00,35.00,28.00,231.00,21.00,120.00,46.00,13.00,200.00,16.00,96.00,59.00,6.00,177.00,18.00,89.00,55.00,..,162.00,6.00,96.00,58.00,72.00,232.00,5.00,51.00,49.00,50.00,155.00,9.00,28.00,20.00,30.00,87.00,9.00,31.00,29.00,31.00,100.00,10.00,32.00,31.00,37.00,110.00,11.00,30.00,32.00,38.00,111.00,10.50,33.00,32.50,34.99,110.99,11.10,36.00,35.00,37.00,119.10,21.22,36.03,37.50,39.67,134.42,41.17,70.01,38.30,57.07,206.55,59.66,78.13,38.98,51.83,228.60,74.66,84.44,42.23,53.26,254.58,67.01,90.13,44.48,47.81,249.43,71.85,81.42,40.36,47.16,240.79,73.03,83.83,41.30,50.81,248.96,65.77,87.79,39.23,47.91,240.70,67.47,82.45,37.55,47.18,234.65,61.01,89.49,37.13,47.79,235.42,55.09,77.75,23.77,26.19,182.80,35.49,82.25,26.53,22.86,167.12,30.45,37.45,12.62,43.93,124.45,33.14,47.83,11.88,25.03,117.87,38.41,90.56,18.00,27.12,174.09,44.57,124.49,26.64,30.54,226.24,47.59,140.33,34.56,33.80,256.29,61.06,98.10,134.87,97.08,391.11,31.29,44.91,59.87,91.58,227.65,43.96,19.67,20.03,32.12,115.79,20.32,26.87,44.48,24.19,115.86,14.25,..,..,..,..
....Mountain Province,FISHERIES,..,..,..,..,..,..,..,..,..,3.00,..,..,..,..,3.00,..,..,..,..,6.00,..,..,..,..,6.00,..,..,..,..,4.00,..,..,..,..,7.00,..,..,..,..,7.00,..,..,..,..,7.00,..,..,..,..,8.00,..,..,..,..,8.00,..,..,..,..,10.00,..,..,..,..,11.00,11.00,11.00,10.00,..,32.00,33.00,7.00,2.00,..,42.00,33.00,..,..,..,33.00,29.00,..,..,..,29.00,3.00,..,..,12.00,15.00,3.00,1.00,1.00,2.00,7.00,3.00,1.00,1.00,2.00,7.00,4.00,1.00,1.00,2.00,8.00,4.00,1.00,1.00,3.00,9.00,6.00,2.00,2.00,3.00,13.00,3.00,2.00,3.90,4.95,13.85,5.99,4.39,4.22,3.92,18.52,5.46,5.18,4.41,4.47,19.52,5.41,6.10,4.70,4.27,20.48,5.87,7.11,5.36,4.72,23.07,5.86,6.91,6.30,5.36,24.43,5.76,7.38,6.68,5.51,25.33,5.43,6.57,5.50,5.27,22.76,6.41,6.46,6.99,5.21,25.07,5.50,5.87,6.55,5.67,23.60,4.97,6.27,6.57,5.50,23.31,5.06,5.83,6.69,5.66,23.24,5.36,5.94,5.59,5.07,21.95,4.04,7.10,5.91,4.52,21.56,2.55,6.48,4.86,4.44,18.34,2.60,4.48,3.60,3.18,13.87,2.58,4.16,4.13,4.52,15.39,3.20,5.55,5.04,5.62,19.42,2.67,7.64,8.05,8.35,26.72,5.90,7.90,8.87,7.45,30.12,6.31,8.12,8.56,8.66,31.66,6.53,7.52,9.41,8.97,32.44,9.18,7.96,8.10,6.47,31.71,6.87,..,..,..,..
....Mountain Province,..Commercial Fisheries,..,..,..,..,..,..,..,..,..,..,..,..,..,..,..,..,..,..,..,..,..,..,..,..,..,..,..,..,..,..,..,..,..,..,..,..,..,..,..,..,..,..,..,..,..,..,..,..,..,..,..,..,..,..,..,..,..,..,..,..,..,..,..,..,..,.,.,.,.,.,.,.,.,.,.,.,.,.,.,.,.,.,.,.,.,.,.,.,.,.,.,.,.,.,.,.,.,.,.,.,.,.,.,.,.,.,.,.,.,.,.,.,.,.,.,.,.,.,.,.,.,.,.,.,.,.,.,.,.,.,.,.,.,.,.,.,.,.,.,.,.,.,.,.,.,.,.,.,.,.,.,.,.,.,.,.,.,.,.,.,.,.,.,.,.,.,.,.,.,.,.,.,.,.,.,.,.,.,.,.,.,.,.,.,.,.,.,.,.,.,.,.,.,.,.,.,.,.,.,.,.,.,.,.,.,.,.,.,.,.,.,.,.,.,.,.,.,.,.,.,.,.,.,.,.,.,.,.,.,.,.,..,..,..,..
....Mountain Province,..Municipal Fisheries,..,..,..,..,..,..,..,..,..,..,..,..,..,..,..,..,..,..,..,..,..,..,..,..,..,..,..,..,..,..,..,..,..,..,..,..,..,..,..,..,..,..,..,..,..,..,..,..,..,..,..,..,..,..,..,..,..,..,..,..,..,..,..,..,..,..,..,..,..,..,..,..,..,..,..,..,..,..,..,..,..,..,..,..,..,..,..,..,..,..,..,..,..,..,..,..,..,..,..,..,..,..,..,..,..,..,..,..,1.00,1.00,3.00,1.00,..,1.00,5.00,1.00,1.00,1.00,3.00,6.00,3.89,3.19,2.38,2.29,11.75,3.18,3.58,2.45,2.27,11.48,2.30,2.65,2.61,1.91,9.47,1.91,2.23,2.35,1.83,8.32,1.84,2.35,2.93,2.05,9.17,1.74,2.46,3.07,2.02,9.29,1.66,2.56,2.30,2.05,8.57,1.44,1.82,1.94,1.88,7.08,1.06,1.55,2.00,2.03,6.64,0.97,1.57,1.72,1.95,6.21,1.02,1.70,1.81,1.97,6.50,1.20,1.77,2.03,2.16,7.16,1.52,2.88,2.05,2.40,8.85,1.29,2.10,1.65,2.03,7.07,0.52,1.09,1.03,1.22,3.86,1.05,0.72,1.29,1.32,4.38,1.57,1.98,1.65,1.66,6.86,0.73,3.08,1.81,1.76,7.38,2.22,3.48,2.10,1.87,9.66,2.45,2.54,1.16,1.27,7.42,2.53,2.06,1.01,0.88,6.49,2.25,1.30,0.87,0.51,4.94,1.15,..,..,..,..
....Mountain Province,....Marine Municipal Fisheries,..,..,..,..,..,..,..,..,..,..,..,..,..,..,..,..,..,..,..,..,..,..,..,..,..,..,..,..,..,..,..,..,..,..,..,..,..,..,..,..,..,..,..,..,..,..,..,..,..,..,..,..,..,..,..,..,..,..,..,..,..,..,..,..,..,.,.,.,.,.,.,.,.,.,.,.,.,.,.,.,.,.,.,.,.,.,.,.,.,.,.,.,.,.,.,.,.,.,.,.,.,.,.,.,.,.,.,.,.,.,.,.,.,.,.,.,.,.,.,.,.,.,.,.,.,.,.,.,.,.,.,.,.,.,.,.,.,.,.,.,.,.,.,.,.,.,.,.,.,.,.,.,.,.,.,.,.,.,.,.,.,.,.,.,.,.,.,.,.,.,.,.,.,.,.,.,.,.,.,.,.,.,.,.,.,.,.,.,.,.,.,.,.,.,.,.,.,.,.,.,.,.,.,.,.,.,.,.,.,.,.,.,.,.,.,.,.,.,.,.,.,.,.,.,.,.,.,.,.,.,.,..,..,..,..
....Mountain Province,....Inland Municipal Fisheries,..,..,..,..,..,..,..,..,..,..,..,..,..,..,..,..,..,..,..,..,..,..,..,..,..,..,..,..,..,..,..,..,..,..,..,..,..,..,..,..,..,..,..,..,..,..,..,..,..,..,..,..,..,..,..,..,..,..,..,..,..,..,..,..,..,..,..,..,..,..,..,..,..,..,..,..,..,..,..,..,..,..,..,..,..,..,..,..,..,..,..,..,..,..,..,..,..,..,..,..,..,..,..,..,..,..,..,..,1.00,1.00,3.00,1.00,..,1.00,5.00,1.00,1.00,1.00,3.00,6.00,3.89,3.19,2.38,2.29,11.75,3.18,3.58,2.45,2.27,11.48,2.30,2.65,2.61,1.91,9.47,1.91,2.23,2.35,1.83,8.32,1.84,2.35,2.93,2.05,9.17,1.74,2.46,3.07,2.02,9.29,1.66,2.56,2.30,2.05,8.57,1.44,1.82,1.94,1.88,7.08,1.06,1.55,2.00,2.03,6.64,0.97,1.57,1.72,1.95,6.21,1.02,1.70,1.81,1.97,6.50,1.20,1.77,2.03,2.16,7.16,1.52,2.88,2.05,2.40,8.85,1.29,2.10,1.65,2.03,7.07,0.52,1.09,1.03,1.22,3.86,1.05,0.72,1.29,1.32,4.38,1.57,1.98,1.65,1.66,6.86,0.73,3.08,1.81,1.76,7.38,2.22,3.48,2.10,1.87,9.66,2.45,2.54,1.16,1.27,7.42,2.53,2.06,1.01,0.88,6.49,2.25,1.30,0.87,0.51,4.94,1.15,..,..,..,..
....Mountain Province,..Aquaculture,..,..,..,..,..,..,..,..,..,3.00,..,..,..,..,3.00,..,..,..,..,6.00,..,..,..,..,6.00,..,..,..,..,4.00,..,..,..,..,7.00,..,..,..,..,7.00,..,..,..,..,7.00,..,..,..,..,8.00,..,..,..,..,8.00,..,..,..,..,10.00,..,..,..,..,11.00,11.00,11.00,10.00,..,32.00,33.00,7.00,2.00,..,42.00,33.00,..,..,..,33.00,29.00,..,..,..,29.00,3.00,..,..,12.00,15.00,3.00,1.00,1.00,2.00,7.00,3.00,1.00,1.00,2.00,7.00,4.00,1.00,1.00,2.00,8.00,4.00,1.00,1.00,2.00,8.00,3.00,1.00,2.00,2.00,8.00,2.00,1.00,2.90,1.95,7.85,2.10,1.20,1.84,1.63,6.77,2.28,1.60,1.96,2.20,8.04,3.11,3.45,2.09,2.36,11.01,3.96,4.88,3.01,2.89,14.75,4.02,4.56,3.37,3.31,15.26,4.02,4.92,3.61,3.49,16.04,3.77,4.01,3.20,3.22,14.19,4.97,4.64,5.05,3.33,17.99,4.44,4.32,4.55,3.64,16.96,4.00,4.70,4.85,3.55,17.10,4.04,4.13,4.88,3.69,16.74,4.16,4.17,3.56,2.91,14.79,2.52,4.22,3.86,2.12,12.71,1.26,4.38,3.21,2.41,11.27,2.08,3.39,2.57,1.96,10.01,1.53,3.44,2.84,3.20,11.01,1.63,3.57,3.39,3.96,12.56,1.94,4.56,6.24,6.59,19.34,3.68,4.42,6.77,5.58,20.45,3.86,5.58,7.40,7.39,24.24,4.00,5.46,8.40,8.09,25.94,6.92,6.66,7.23,5.96,26.77,5.71,..,..,..,..
..Region I (Ilocos Region),FISHERIES,..,..,..,..,22236.00,..,..,..,..,32235.00,..,..,..,..,31544.00,..,..,..,..,40305.00,..,..,..,..,40623.00,..,..,..,..,45332.00,..,..,..,..,52953.00,..,..,..,..,56195.00,..,..,..,..,59183.00,..,..,..,..,63212.00,..,..,..,..,61726.00,..,..,..,..,69253.00,..,..,..,..,54359.00,12935.00,12515.00,13334.00,11329.00,50113.00,11498.00,12479.00,10033.00,9981.00,43991.00,9480.00,13472.00,9877.00,17170.00,49999.00,8883.00,12487.00,10162.00,14936.00,46468.00,8644.00,13068.00,7145.00,12451.00,41308.00,12880.00,16716.00,8661.00,10614.00,48871.00,11324.00,17231.00,8701.00,15716.00,52972.00,11680.10,19372.00,10613.00,19140.00,60805.10,12436.00,20588.00,11146.00,19447.00,63617.00,14632.07,18975.51,15405.50,24355.99,73369.07,15788.45,20193.10,15956.00,27994.81,79932.36,18052.39,22172.14,16807.72,33218.98,90251.23,20480.19,25562.58,21111.10,39077.61,106231.48,24885.11,32588.81,24997.28,45679.36,128150.55,27256.98,35760.48,26920.09,56817.29,146754.84,30927.32,36684.12,24666.50,57093.34,149371.27,32899.41,34255.66,21562.88,48973.95,137691.90,29995.22,37919.11,22836.40,46757.90,137508.63,31786.47,35113.15,22091.15,61274.15,150264.92,28101.68,35139.42,20687.58,61615.69,145544.38,30697.62,38916.31,22807.96,63248.53,155670.42,31662.97,45351.15,25243.98,71938.32,174196.42,31479.25,42465.80,25444.29,62502.35,161891.68,30309.74,39734.90,24599.07,62631.01,157274.73,28630.38,44479.33,24799.51,63427.64,161336.86,30020.66,36803.92,23364.71,64988.97,155178.25,34299.33,38172.76,25252.93,71943.64,169668.66,35714.00,35946.62,27995.94,80026.79,179683.35,35523.54,40348.90,32921.65,80466.36,189260.45,32627.25,44465.58,37687.27,79334.08,194114.18,33920.52,46846.41,33510.41,78001.86,192279.20,33173.96,46926.86,34409.27,76927.76,191437.86,35396.03,48043.40,33188.64,75432.73,192060.81,35051.01,..,..,..,..
..Region I (Ilocos Region),..Commercial Fisheries,..,..,..,..,1391.00,..,..,..,..,1884.00,..,..,..,..,2502.00,..,..,..,..,2148.00,..,..,..,..,2140.00,..,..,..,..,3151.00,..,..,..,..,3624.00,..,..,..,..,3407.00,..,..,..,..,3300.00,..,..,..,..,3592.00,..,..,..,..,4028.00,..,..,..,..,5247.00,..,..,..,..,3610.00,774.00,490.00,526.00,654.00,2444.00,724.00,426.00,554.00,830.00,2534.00,417.00,246.00,288.00,435.00,1386.00,589.00,179.00,340.00,815.00,1923.00,543.00,166.00,380.00,810.00,1899.00,634.00,242.00,371.00,716.00,1963.00,581.00,224.00,335.00,723.00,1863.00,527.00,343.00,430.00,950.00,2250.00,675.00,468.00,459.00,923.00,2525.00,587.00,788.00,803.00,1292.00,3470.00,880.00,1164.00,886.00,1207.00,4137.00,927.71,1171.75,871.55,1012.58,3983.59,656.98,1098.50,1106.84,1621.95,4484.27,879.76,1330.02,1625.71,2081.49,5916.98,987.13,1701.41,1678.60,2472.94,6840.08,1256.13,1337.64,1376.05,2508.22,6478.04,1425.59,1347.99,1162.84,1115.97,5052.39,810.40,924.82,1281.20,953.14,3969.56,788.09,644.35,933.46,1190.55,3556.45,691.87,664.70,472.18,819.90,2648.65,701.95,677.10,471.75,936.95,2787.75,746.22,589.98,573.76,1052.51,2962.47,823.71,591.43,750.26,966.22,3131.62,1049.17,924.00,1217.77,920.03,4110.97,1201.81,1072.65,1238.08,1245.24,4757.78,696.37,742.30,638.35,679.42,2756.44,848.51,1772.24,1632.25,1228.21,5481.21,555.21,1437.30,2141.59,1093.39,5227.49,506.30,1007.32,1506.36,1350.88,4370.86,624.36,1468.70,1733.01,932.85,4758.91,595.77,1331.39,1470.09,1052.91,4450.16,2475.02,3575.06,2215.45,2145.21,10410.73,2308.57,3036.20,2839.10,2267.64,10451.50,2227.33,..,..,..,..
..Region I (Ilocos Region),..Municipal Fisheries,..,..,..,..,12033.00,..,..,..,..,12767.00,..,..,..,..,10838.00,..,..,..,..,9658.00,..,..,..,..,10467.00,..,..,..,..,11884.00,..,..,..,..,16746.00,..,..,..,..,19745.00,..,..,..,..,20570.00,..,..,..,..,22965.00,..,..,..,..,18955.00,..,..,..,..,22551.00,..,..,..,..,19562.00,5155.00,6437.00,5305.00,4345.00,21242.00,5138.00,6752.00,5590.00,5350.00,22830.00,5370.00,6833.00,4222.00,4005.00,20430.00,4964.00,6004.00,3710.00,3999.00,18677.00,4377.00,5777.00,4057.00,4600.00,18811.00,6388.00,7060.00,4757.00,4977.00,23182.00,6456.00,7392.00,4656.00,4502.00,23006.00,5982.00,7461.00,5330.00,4619.00,23392.00,5638.00,7256.00,4378.00,5142.00,22414.00,6652.00,7046.00,5202.00,7995.00,26895.00,7008.00,7461.00,6035.00,8718.00,29222.00,7569.28,8116.25,6133.55,8044.03,29863.11,7193.66,9389.23,7176.18,7599.54,31358.61,7392.03,10936.04,7644.51,9484.23,35456.81,8610.30,11093.24,8359.51,9758.12,37821.17,10186.89,15823.65,11250.75,9770.05,47031.34,10792.48,14292.93,9346.48,15692.68,50124.57,9017.10,9614.66,8521.61,15398.52,42551.89,8463.80,10445.07,7748.95,12488.49,39146.31,7809.50,9066.73,6213.02,10898.45,33987.70,7084.58,9227.19,6200.67,10308.87,32821.31,7642.33,9197.27,6993.28,10513.43,34346.31,7693.98,7785.65,6161.87,10272.79,31914.29,6187.66,5396.46,4421.72,8328.31,24334.15,6222.73,5603.77,4557.03,8754.15,25137.68,5908.88,5490.92,4665.17,9933.03,25998.00,6804.14,5360.78,4079.31,10143.68,26387.91,7946.78,6475.50,5291.68,8346.22,28060.18,7567.75,6020.35,6219.04,8963.73,28770.87,8208.79,6639.73,4996.06,6733.11,26577.69,7449.89,5945.32,3720.38,6367.11,23482.70,6879.00,5046.02,3680.71,5568.89,21174.62,6239.02,5667.79,4152.69,6004.86,22064.37,6429.05,..,..,..,..
..Region I (Ilocos Region),....Marine Municipal Fisheries,..,..,..,..,12033.00,..,..,..,..,11757.00,..,..,..,..,10388.00,..,..,..,..,9158.00,..,..,..,..,9910.00,..,..,..,..,11240.00,..,..,..,..,16168.00,..,..,..,..,19118.00,..,..,..,..,19937.00,..,..,..,..,22327.00,..,..,..,..,18375.00,..,..,..,..,21973.00,..,..,..,..,18993.00,4806.00,6055.00,4775.00,3416.00,19052.00,4717.00,6441.00,4112.00,3794.00,19064.00,4946.00,6481.00,3966.00,3616.00,19009.00,4566.00,5661.00,3447.00,3729.00,17403.00,3967.00,5459.00,3829.00,4476.00,17731.00,6154.00,6882.00,4603.00,4822.00,22461.00,6286.00,7230.00,4564.00,4402.00,22482.00,5810.00,7288.00,5234.00,4512.00,22844.00,5430.00,7075.00,4168.00,4910.00,21583.00,6266.00,6766.00,4801.00,7505.00,25338.00,6529.00,7141.00,5582.00,8246.00,27498.00,6986.58,7614.87,5637.06,7531.56,27770.07,6602.58,8816.51,6644.26,7017.54,29080.89,6696.14,10211.75,6948.51,8693.48,32549.88,7839.03,10357.17,7865.18,8969.10,35030.48,9329.88,14650.29,10673.88,8978.01,43632.06,9985.53,13590.87,8914.60,11521.90,44012.90,8565.47,9138.91,8023.87,11356.52,37084.77,8015.07,9983.33,7272.78,10975.25,36246.43,7362.83,8350.96,5708.49,10427.63,31849.91,6659.63,8810.31,5725.07,9857.97,31052.98,7231.74,8713.00,6279.91,10052.09,32276.74,7292.92,7431.57,5741.06,9787.49,30253.04,5822.82,5038.96,3963.59,7745.52,22570.89,5831.81,5293.07,4117.98,8252.93,23495.79,5462.22,5106.31,4276.37,9391.12,24236.02,6548.24,4952.34,3486.31,9411.08,24397.97,7534.30,5882.03,4460.61,7499.80,25376.74,6830.51,5156.07,5450.11,8163.57,25600.26,7658.69,5821.72,4228.37,6061.85,23770.63,6881.75,5198.63,3185.32,5699.41,20965.12,6307.24,4284.62,3219.02,5000.14,18811.02,5730.71,4937.39,3664.22,5400.68,19733.00,5969.16,..,..,..,..
..Region I (Ilocos Region),....Inland Municipal Fisheries,..,..,..,..,..,..,..,..,..,1010.00,..,..,..,..,450.00,..,..,..,..,500.00,..,..,..,..,557.00,..,..,..,..,644.00,..,..,..,..,578.00,..,..,..,..,627.00,..,..,..,..,633.00,..,..,..,..,638.00,..,..,..,..,580.00,..,..,..,..,578.00,..,..,..,..,569.00,349.00,382.00,530.00,929.00,2190.00,421.00,311.00,1478.00,1556.00,3766.00,424.00,352.00,256.00,389.00,1421.00,398.00,343.00,263.00,270.00,1274.00,410.00,318.00,228.00,124.00,1080.00,234.00,178.00,154.00,155.00,721.00,170.00,162.00,92.00,100.00,524.00,172.00,173.00,96.00,107.00,548.00,208.00,181.00,210.00,232.00,831.00,386.00,280.00,401.00,490.00,1557.00,479.00,320.00,453.00,472.00,1724.00,582.70,501.38,496.49,512.47,2093.04,591.08,572.72,531.92,582.00,2277.72,695.89,724.29,696.00,790.75,2906.93,771.27,736.07,494.33,789.02,2790.69,857.01,1173.36,576.87,792.04,3399.28,806.95,702.06,431.88,4170.78,6111.67,451.63,475.75,497.74,4042.00,5467.12,448.73,461.74,476.17,1513.24,2899.88,446.67,715.77,504.53,470.82,2137.79,424.95,416.88,475.60,450.90,1768.33,410.59,484.27,713.37,461.34,2069.57,401.06,354.08,420.81,485.30,1661.25,364.84,357.50,458.13,582.79,1763.26,390.92,310.70,439.05,501.22,1641.89,446.66,384.61,388.80,541.91,1761.98,255.90,408.44,593.00,732.60,1989.94,412.48,593.47,831.07,846.42,2683.44,737.24,864.28,768.93,800.16,3170.61,550.10,818.02,767.70,671.25,2807.07,568.14,746.69,535.06,667.69,2517.58,571.75,761.41,461.69,568.75,2363.60,508.31,730.40,488.47,604.18,2331.36,459.89,..,..,..,..
..Region I (Ilocos Region),..Aquaculture,..,..,..,..,8812.00,..,..,..,..,17584.00,..,..,..,..,18204.00,..,..,..,..,28499.00,..,..,..,..,28016.00,..,..,..,..,30297.00,..,..,..,..,32583.00,..,..,..,..,33043.00,..,..,..,..,35313.00,..,..,..,..,36655.00,..,..,..,..,38743.00,..,..,..,..,41455.00,..,..,..,..,31187.00,7006.00,5588.00,7503.00,6330.00,26427.00,5636.00,5301.00,3889.00,3801.00,18627.00,3693.00,6393.00,5367.00,12730.00,28183.00,3330.00,6304.00,6112.00,10122.00,25868.00,3724.00,7125.00,2708.00,7041.00,20598.00,5858.00,9414.00,3533.00,4921.00,23726.00,4287.00,9615.00,3710.00,10491.00,28103.00,5171.10,11568.00,4853.00,13571.00,35163.10,6123.00,12864.00,6309.00,13382.00,38678.00,7393.07,11141.51,9400.50,15068.99,43004.07,7900.45,11568.10,9035.00,18069.81,46573.36,9555.40,12884.14,9802.62,24162.37,56404.53,12629.55,15074.85,12828.08,29856.12,70388.60,16613.32,20322.75,15727.06,34113.64,86776.76,17659.55,22965.83,16881.98,44586.23,102093.59,19484.30,19522.83,12039.70,44815.07,95861.89,20681.34,18614.74,11053.56,32165.30,82514.94,20167.72,27379.63,13033.59,30406.24,90987.18,22534.58,24023.73,13408.74,47595.11,107562.16,19600.31,25407.99,14002.38,49897.34,108908.03,22911.09,29012.02,16135.54,52002.71,120061.36,23274.42,35563.90,17676.94,60372.38,136887.64,22961.56,34088.72,18532.16,51263.34,126845.77,23072.91,33414.44,18959.58,53382.67,128829.61,21205.84,37802.91,19004.40,53428.25,131441.40,23415.41,30570.70,18061.19,54376.52,126423.81,26646.68,31039.74,19541.37,60571.75,137799.54,27212.01,28033.82,20562.67,70587.18,146395.68,27449.49,33321.23,25196.25,70151.75,156118.72,23794.10,36357.15,30958.20,71668.12,162777.58,25874.87,39569.70,28319.94,70581.84,164346.34,23819.94,38305.78,28513.12,69213.66,159852.50,26848.45,39339.41,26196.85,67160.23,159544.94,26394.64,..,..,..,..
....Ilocos Norte,FISHERIES,..,..,..,..,2137.00,..,..,..,..,2877.00,..,..,..,..,675.00,..,..,..,..,455.00,..,..,..,..,1023.00,..,..,..,..,1407.00,..,..,..,..,1567.00,..,..,..,..,2220.00,..,..,..,..,2122.00,..,..,..,..,2401.00,..,..,..,..,1881.00,..,..,..,..,2007.00,..,..,..,..,1877.00,639.00,452.00,382.00,457.00,1930.00,966.00,460.00,503.00,958.00,2887.00,1043.00,586.00,617.00,1031.00,3277.00,1156.00,590.00,567.00,756.00,3069.00,918.00,488.00,1127.00,1407.00,3940.00,1453.00,1152.00,1235.00,1654.00,5494.00,1744.00,1258.00,1123.00,1399.00,5524.00,1575.10,1399.00,1449.00,1383.00,5806.10,1428.00,1507.00,1013.00,1055.00,5003.00,1716.50,1543.00,1004.50,1078.10,5342.10,1712.35,1735.20,1279.50,1043.50,5770.55,1698.28,2071.80,1284.13,920.98,5975.19,1217.07,2128.50,1243.60,986.45,5575.61,1258.62,2308.75,1296.51,1270.54,6134.42,1744.31,2616.17,1519.27,1835.65,7715.40,2294.04,2702.22,2332.88,1666.92,8996.07,2007.59,2612.73,1911.22,1380.84,7912.39,2112.67,2391.98,2038.79,1574.97,8118.41,1919.89,2439.37,2846.32,1602.87,8808.47,1466.25,2170.50,2236.62,1941.05,7814.41,1713.86,2214.66,2502.77,2008.43,8439.72,1977.61,2072.72,2799.57,2143.05,8992.96,1640.53,1341.65,1773.00,2073.73,6828.91,1504.54,1500.56,1204.27,1828.44,6037.81,1267.91,1765.01,1282.39,1932.90,6248.21,1467.06,1363.91,1388.28,1653.98,5873.24,1755.26,1293.03,1085.11,1881.18,6014.58,1565.34,2175.63,1492.31,1513.43,6746.71,1460.89,1145.86,1539.98,1597.91,5744.63,1079.94,1315.02,1162.35,953.39,4510.71,1060.59,1074.16,734.00,903.31,3772.06,1427.15,976.09,673.09,798.19,3874.53,1008.77,1294.46,982.81,734.45,4020.50,893.63,..,..,..,..
....Ilocos Norte,..Commercial Fisheries,..,..,..,..,..,..,..,..,..,..,..,..,..,..,..,..,..,..,..,..,..,..,..,..,..,..,..,..,..,..,..,..,..,..,..,..,..,..,..,..,..,..,..,..,..,..,..,..,..,..,..,..,..,..,..,..,..,..,..,..,..,..,..,..,..,.,.,.,.,.,.,.,.,.,.,.,.,.,.,.,.,.,.,.,.,.,.,.,.,.,.,.,.,.,.,.,.,.,.,.,.,.,.,.,.,.,.,.,.,.,.,.,.,.,.,.,.,.,.,.,.,.,.,.,.,.,.,.,.,.,.,.,.,.,.,.,.,.,.,.,.,.,.,.,.,.,.,.,.,.,.,.,.,.,.,.,.,.,.,.,.,.,.,.,.,.,.,.,.,.,.,.,.,.,.,.,.,.,.,.,.,.,.,.,.,.,.,.,.,.,.,.,.,.,.,.,.,.,.,.,.,.,.,.,.,.,.,.,.,.,.,.,.,.,.,.,.,.,.,.,.,.,.,.,.,.,.,.,.,.,.,..,..,..,..
....Ilocos Norte,..Municipal Fisheries,..,..,..,..,2133.00,..,..,..,..,2766.00,..,..,..,..,568.00,..,..,..,..,415.00,..,..,..,..,982.00,..,..,..,..,1358.00,..,..,..,..,1372.00,..,..,..,..,2069.00,..,..,..,..,1957.00,..,..,..,..,2233.00,..,..,..,..,1703.00,..,..,..,..,1817.00,..,..,..,..,1734.00,508.00,410.00,337.00,434.00,1689.00,861.00,442.00,452.00,920.00,2675.00,973.00,573.00,499.00,936.00,2981.00,1085.00,575.00,459.00,669.00,2788.00,834.00,469.00,1016.00,1381.00,3700.00,1343.00,1113.00,1116.00,1624.00,5196.00,1613.00,1212.00,1066.00,1383.00,5274.00,1450.00,1347.00,1364.00,1368.00,5529.00,1278.00,1448.00,952.00,1031.00,4709.00,1591.00,1464.00,927.00,1044.00,5026.00,1587.00,1642.00,1209.00,1009.00,5447.00,1550.28,1925.77,1219.79,891.38,5587.22,1041.01,1985.91,1177.80,954.66,5159.38,1054.89,2135.08,1211.64,1230.99,5632.60,1489.87,2345.86,1426.00,1794.98,7056.71,2010.73,2411.93,2239.21,1618.88,8280.75,1721.01,2405.05,1851.26,1357.03,7334.35,1778.61,2168.64,1972.94,1537.86,7458.05,1571.65,2228.91,2809.03,1566.85,8176.44,1175.23,1992.78,2203.32,1919.80,7291.13,1470.36,2022.26,2477.44,1988.29,7958.35,1728.78,1865.47,2771.00,2116.93,8482.18,1373.51,1186.59,1745.38,2053.92,6359.40,1203.72,1311.22,1144.20,1812.25,5471.39,891.97,1566.58,1231.17,1913.53,5603.25,832.88,1183.10,1317.22,1622.66,4955.86,1352.93,1101.94,1048.70,1864.97,5368.54,1191.17,1972.95,1446.15,1495.91,6106.18,1117.22,1015.96,1496.51,1577.20,5206.89,918.60,1076.41,1118.55,905.59,4019.15,884.47,912.85,691.39,852.40,3341.11,1306.28,818.96,629.26,733.52,3488.03,906.44,1146.35,919.48,687.77,3660.05,825.26,..,..,..,..
....Ilocos Norte,....Marine Municipal Fisheries,..,..,..,..,2133.00,..,..,..,..,2683.00,..,..,..,..,533.00,..,..,..,..,330.00,..,..,..,..,886.00,..,..,..,..,1194.00,..,..,..,..,1246.00,..,..,..,..,1968.00,..,..,..,..,1855.00,..,..,..,..,2130.00,..,..,..,..,1566.00,..,..,..,..,1709.00,..,..,..,..,1628.00,454.00,357.00,298.00,377.00,1486.00,799.00,383.00,425.00,883.00,2490.00,839.00,445.00,436.00,739.00,2459.00,960.00,450.00,394.00,609.00,2413.00,674.00,363.00,920.00,1327.00,3284.00,1231.00,1051.00,1059.00,1571.00,4912.00,1562.00,1156.00,1031.00,1335.00,5084.00,1393.00,1285.00,1326.00,1317.00,5321.00,1212.00,1383.00,803.00,869.00,4267.00,1448.00,1378.00,811.00,894.00,4531.00,1440.00,1532.00,1114.00,849.00,4935.00,1431.58,1812.77,1127.69,796.88,5168.92,931.08,1866.88,1080.20,847.95,4726.11,955.55,1971.17,1055.68,1104.56,5086.96,1371.31,2178.64,1376.08,1731.88,6657.91,1932.69,2278.09,2132.54,1514.32,7857.64,1606.50,2258.10,1776.89,1195.72,6837.21,1697.52,2016.60,1828.10,1375.93,6918.15,1446.43,2097.22,2660.11,1477.39,7681.15,1051.12,1806.51,2022.26,1831.34,6711.23,1402.00,1929.67,2341.56,1895.72,7568.95,1648.57,1750.36,2653.01,2053.28,8105.22,1319.82,1129.67,1666.91,2006.18,6122.58,1149.60,1245.48,1077.58,1751.10,5223.76,823.91,1507.98,1168.63,1854.30,5354.82,745.52,1113.02,1284.79,1582.29,4725.62,1305.45,1029.12,1016.10,1849.09,5199.76,1155.80,1895.41,1407.06,1461.29,5919.56,1065.22,974.73,1455.20,1517.41,5012.56,893.90,1048.61,1078.63,864.32,3885.45,841.25,873.15,647.40,807.52,3169.32,1272.59,787.17,599.98,706.37,3366.10,877.46,1124.45,894.12,669.11,3565.13,802.52,..,..,..,..
....Ilocos Norte,....Inland Municipal Fisheries,..,..,..,..,..,..,..,..,..,83.00,..,..,..,..,35.00,..,..,..,..,85.00,..,..,..,..,96.00,..,..,..,..,164.00,..,..,..,..,126.00,..,..,..,..,101.00,..,..,..,..,102.00,..,..,..,..,103.00,..,..,..,..,137.00,..,..,..,..,108.00,..,..,..,..,106.00,54.00,53.00,39.00,57.00,203.00,62.00,59.00,27.00,37.00,185.00,134.00,128.00,63.00,197.00,522.00,125.00,125.00,65.00,60.00,375.00,160.00,106.00,96.00,54.00,416.00,112.00,62.00,57.00,53.00,284.00,51.00,56.00,35.00,48.00,190.00,57.00,62.00,38.00,51.00,208.00,66.00,65.00,149.00,162.00,442.00,143.00,86.00,116.00,150.00,495.00,147.00,110.00,95.00,160.00,512.00,118.70,113.00,92.10,94.50,418.30,109.93,119.03,97.60,106.71,433.27,99.34,163.91,155.96,126.43,545.64,118.56,167.22,49.92,63.10,398.80,78.04,133.84,106.67,104.56,423.11,114.51,146.95,74.37,161.31,497.14,81.09,152.04,144.84,161.93,539.90,125.22,131.69,148.92,89.46,495.29,124.11,186.27,181.06,88.46,579.90,68.36,92.59,135.88,92.57,389.40,80.21,115.11,117.99,63.65,376.96,53.69,56.92,78.47,47.74,236.82,54.12,65.74,66.62,61.15,247.63,68.06,58.60,62.54,59.23,248.43,87.36,70.08,32.43,40.37,230.24,47.48,72.82,32.60,15.88,168.78,35.37,77.54,39.09,34.62,186.62,52.00,41.23,41.31,59.79,194.33,24.70,27.80,39.92,41.27,133.69,43.22,39.70,43.99,44.88,171.79,33.68,31.80,29.29,27.16,121.92,28.98,21.90,25.36,18.66,94.91,22.74,..,..,..,..
....Ilocos Norte,..Aquaculture,..,..,..,..,4.00,..,..,..,..,111.00,..,..,..,..,107.00,..,..,..,..,40.00,..,..,..,..,41.00,..,..,..,..,49.00,..,..,..,..,195.00,..,..,..,..,151.00,..,..,..,..,165.00,..,..,..,..,168.00,..,..,..,..,178.00,..,..,..,..,190.00,..,..,..,..,143.00,131.00,42.00,45.00,23.00,241.00,105.00,18.00,51.00,38.00,212.00,70.00,13.00,118.00,95.00,296.00,71.00,15.00,108.00,87.00,281.00,84.00,19.00,111.00,26.00,240.00,110.00,39.00,119.00,30.00,298.00,131.00,46.00,57.00,16.00,250.00,125.10,52.00,85.00,15.00,277.10,150.00,59.00,61.00,24.00,294.00,125.50,79.00,77.50,34.10,316.10,125.35,93.20,70.50,34.50,323.55,148.00,146.03,64.34,29.60,387.97,176.06,142.59,65.80,31.79,416.23,203.73,173.67,84.87,39.55,501.82,254.44,270.31,93.27,40.67,658.69,283.31,290.29,93.67,48.04,715.32,286.58,207.68,59.96,23.81,578.04,334.06,223.34,65.85,37.11,660.36,348.24,210.46,37.29,36.02,632.03,291.02,177.72,33.30,21.25,523.28,243.50,192.40,25.33,20.14,481.37,248.83,207.25,28.57,26.13,510.78,267.02,155.06,27.62,19.81,469.51,300.82,189.34,60.07,16.19,566.42,375.94,198.43,51.22,19.37,644.96,634.18,180.81,71.06,31.32,917.38,402.33,191.09,36.41,16.21,646.04,374.17,202.68,46.16,17.52,640.53,343.67,129.90,43.47,20.71,537.74,161.34,238.62,43.80,47.80,491.56,176.12,161.31,42.60,50.91,430.95,120.88,157.12,43.83,64.67,386.50,102.33,148.11,63.33,46.68,360.45,68.36,..,..,..,..
....Ilocos Sur,FISHERIES,..,..,..,..,4625.00,..,..,..,..,4297.00,..,..,..,..,3127.00,..,..,..,..,2595.00,..,..,..,..,2470.00,..,..,..,..,2419.00,..,..,..,..,2780.00,..,..,..,..,2044.00,..,..,..,..,2955.00,..,..,..,..,3269.00,..,..,..,..,2539.00,..,..,..,..,2397.00,..,..,..,..,2081.00,619.00,1295.00,623.00,1171.00,3708.00,952.00,931.00,740.00,1007.00,3630.00,934.00,1219.00,785.00,1233.00,4171.00,1317.00,1207.00,812.00,1491.00,4827.00,1204.00,1201.00,755.00,1374.00,4534.00,2916.00,2169.00,1334.00,1558.00,7977.00,2473.00,2402.00,1169.00,1401.00,7445.00,2085.00,2377.00,1638.00,1495.00,7595.00,1882.00,2038.00,1131.00,1524.00,6575.00,2176.10,2043.00,1298.00,4543.00,10060.10,2541.60,2514.40,1851.20,3535.90,10443.10,3021.10,2841.73,1815.35,2735.03,10413.21,2827.68,2698.93,1736.60,2720.67,9983.88,2859.70,3429.05,1677.77,3019.81,10986.33,2927.44,3416.57,1888.54,2541.83,10774.38,4000.32,4949.46,3808.55,3028.30,15786.63,3570.67,4783.53,2871.19,3297.73,14523.12,2753.14,3096.12,2385.43,3079.13,11313.81,2914.85,3012.59,1888.37,3031.50,10847.31,2957.09,2877.32,1837.00,2422.06,10093.47,2327.69,2765.25,1748.18,1793.54,8634.66,2396.10,2337.70,1677.89,1542.44,7954.13,2313.17,2166.30,1650.68,1499.59,7629.74,1820.21,1938.89,1208.04,1490.72,6457.87,1577.26,1781.64,1311.53,1543.31,6213.74,1605.13,1726.84,1200.21,1464.48,5996.66,1633.22,2346.10,1119.04,1599.39,6697.74,1791.84,2349.11,1541.37,1292.45,6974.78,1646.32,2095.64,1788.55,1452.91,6983.42,1739.60,2599.22,1576.53,1310.73,7226.08,1487.88,2186.42,1417.67,1246.65,6338.63,1669.60,1424.35,1793.52,1333.05,6220.52,1376.94,1493.75,1503.00,1744.15,6117.84,1314.40,..,..,..,..
....Ilocos Sur,..Commercial Fisheries,..,..,..,..,..,..,..,..,..,..,..,..,..,..,..,..,..,..,..,..,..,..,..,..,..,..,..,..,..,..,..,..,..,..,..,..,..,..,..,..,..,..,..,..,..,..,..,..,..,..,..,..,..,..,..,..,..,..,..,..,..,..,..,..,..,..,..,..,..,..,..,..,..,..,..,..,..,..,..,..,..,..,..,..,..,..,..,..,..,..,..,..,..,..,..,..,..,..,..,..,..,..,..,..,..,..,..,..,..,..,..,..,178.00,341.00,519.00,143.00,352.00,283.00,351.00,1129.00,174.00,331.75,243.55,176.58,925.88,25.98,131.09,202.04,168.00,527.11,177.37,413.14,166.15,159.71,916.37,193.72,170.63,121.58,63.10,549.03,60.94,162.45,149.55,58.12,431.06,42.53,81.36,132.21,41.10,297.20,57.72,104.10,126.96,47.50,336.28,63.30,96.73,120.58,46.39,327.00,67.06,99.71,104.44,44.65,315.86,69.17,95.06,102.38,43.40,310.01,71.44,87.54,100.25,42.37,301.60,73.80,79.52,102.76,40.56,296.64,64.87,74.73,77.72,42.88,260.20,59.56,65.27,82.29,49.97,257.09,54.62,61.37,77.99,51.72,245.70,56.59,155.32,73.89,59.81,345.61,59.99,145.13,76.84,54.10,336.06,56.71,150.72,95.07,41.13,343.63,38.92,101.52,38.87,14.63,193.94,8.25,28.83,121.25,91.39,249.72,40.12,79.43,529.75,370.80,1020.10,129.45,69.82,338.98,437.65,975.90,158.10,..,..,..,..
....Ilocos Sur,..Municipal Fisheries,..,..,..,..,4546.00,..,..,..,..,4037.00,..,..,..,..,2894.00,..,..,..,..,2324.00,..,..,..,..,2196.00,..,..,..,..,2141.00,..,..,..,..,2066.00,..,..,..,..,1347.00,..,..,..,..,2161.00,..,..,..,..,2427.00,..,..,..,..,1649.00,..,..,..,..,1445.00,..,..,..,..,1365.00,417.00,918.00,546.00,1072.00,2953.00,731.00,763.00,689.00,952.00,3135.00,744.00,825.00,739.00,1173.00,3481.00,1122.00,839.00,747.00,1414.00,4122.00,1010.00,815.00,680.00,1347.00,3852.00,2731.00,1789.00,1260.00,1528.00,7308.00,2284.00,2010.00,1058.00,1287.00,6639.00,1891.00,1976.00,1488.00,1395.00,6750.00,1702.00,1626.00,1008.00,1397.00,5733.00,2002.00,1655.00,929.00,4055.00,8641.00,2188.00,1776.00,1262.00,3013.00,8239.00,2574.00,1906.48,1293.76,2395.65,8169.89,2446.65,2031.32,1211.53,2370.25,8059.75,2380.99,2439.61,1165.06,2642.70,8628.36,2418.94,2658.65,1418.54,2251.60,8747.73,3569.95,4179.19,3305.91,2742.64,13797.69,3175.05,4050.62,2379.34,3054.15,12659.16,2360.83,2378.48,1888.07,2826.87,9454.25,2490.50,2267.68,1384.07,2778.47,8920.72,2512.29,2093.74,1327.31,2166.47,8099.81,1871.60,1963.46,1319.33,1547.69,6702.08,1941.16,1508.64,1260.30,1316.55,6026.65,1992.54,1453.75,1285.63,1271.22,6003.14,1492.20,1317.09,925.16,1327.97,5062.42,1334.37,1208.32,1001.10,1349.20,4892.99,1383.93,1187.38,909.56,1301.82,4782.69,1430.58,1650.65,795.80,1412.09,5289.12,1562.39,1669.81,1197.18,1100.68,5530.06,1429.12,1496.35,1397.60,1299.01,5622.08,1528.39,2015.04,1266.94,1171.77,5982.14,1372.07,1731.95,1096.00,1074.74,5274.76,1457.98,1151.52,1082.25,833.65,4525.39,1138.36,1256.43,1072.89,1206.93,4674.60,1032.62,..,..,..,..
....Ilocos Sur,....Marine Municipal Fisheries,..,..,..,..,4546.00,..,..,..,..,4016.00,..,..,..,..,2865.00,..,..,..,..,2295.00,..,..,..,..,2164.00,..,..,..,..,2106.00,..,..,..,..,2034.00,..,..,..,..,1316.00,..,..,..,..,2130.00,..,..,..,..,2397.00,..,..,..,..,1615.00,..,..,..,..,1415.00,..,..,..,..,1335.00,272.00,709.00,280.00,575.00,1836.00,536.00,681.00,588.00,714.00,2519.00,564.00,721.00,658.00,1097.00,3040.00,953.00,738.00,658.00,1316.00,3665.00,848.00,717.00,660.00,1321.00,3546.00,2646.00,1714.00,1195.00,1441.00,6996.00,2201.00,1943.00,1037.00,1257.00,6438.00,1815.00,1906.00,1467.00,1363.00,6551.00,1608.00,1556.00,986.00,1360.00,5510.00,1917.00,1563.00,895.00,3972.00,8347.00,2091.00,1703.00,1205.00,2932.00,7931.00,2481.00,1823.10,1221.37,2314.68,7840.15,2350.50,1928.63,1120.06,2273.46,7672.65,2281.59,2325.23,1060.02,2526.88,8193.72,2316.74,2558.54,1304.48,2130.49,8310.25,3441.21,4065.98,3176.75,2614.87,13298.81,3043.66,3929.01,2256.63,2920.20,12149.50,2247.64,2259.13,1755.03,2683.08,8944.88,2367.13,2140.27,1240.73,2631.24,8379.37,2381.99,1964.96,1200.82,2018.28,7566.05,1740.55,1833.70,1186.10,1400.15,6160.50,1804.00,1383.21,1130.39,1174.38,5491.98,1854.68,1360.30,1199.31,1138.76,5553.05,1382.38,1213.67,824.48,1190.34,4610.87,1205.33,1098.34,829.08,1240.07,4372.82,1195.83,1036.11,779.88,1118.62,4130.44,1335.75,1439.33,606.94,1069.44,4451.46,1434.30,1451.40,744.33,831.87,4461.90,1296.86,1349.62,1199.09,1060.57,4906.14,1434.11,1928.66,1099.14,946.82,5408.74,1289.53,1659.12,990.77,899.55,4838.97,1385.53,1087.66,997.91,689.75,4160.85,1068.13,1199.46,981.74,1064.76,4314.09,961.64,..,..,..,..
....Ilocos Sur,....Inland Municipal Fisheries,..,..,..,..,..,..,..,..,..,21.00,..,..,..,..,29.00,..,..,..,..,29.00,..,..,..,..,32.00,..,..,..,..,35.00,..,..,..,..,32.00,..,..,..,..,31.00,..,..,..,..,31.00,..,..,..,..,30.00,..,..,..,..,34.00,..,..,..,..,30.00,..,..,..,..,30.00,145.00,209.00,266.00,497.00,1117.00,195.00,82.00,101.00,238.00,616.00,180.00,104.00,81.00,76.00,441.00,169.00,101.00,89.00,98.00,457.00,162.00,98.00,20.00,26.00,306.00,85.00,75.00,65.00,87.00,312.00,83.00,67.00,21.00,30.00,201.00,76.00,70.00,21.00,32.00,199.00,94.00,70.00,22.00,37.00,223.00,85.00,92.00,34.00,83.00,294.00,97.00,73.00,57.00,81.00,308.00,93.00,83.38,72.39,80.97,329.74,96.15,102.69,91.47,96.79,387.10,99.40,114.38,105.04,115.82,434.64,102.20,100.11,114.06,121.11,437.48,128.74,113.21,129.16,127.77,498.88,131.39,121.61,122.71,133.95,509.66,113.19,119.35,133.04,143.79,509.37,123.37,127.41,143.34,147.23,541.35,130.30,128.78,126.49,148.19,533.76,131.05,129.76,133.23,147.54,541.58,137.16,125.43,129.91,142.17,534.67,137.86,93.45,86.32,132.46,450.09,109.82,103.42,100.68,137.63,451.55,129.04,109.98,172.02,109.13,520.17,188.10,151.27,129.68,183.20,652.25,94.83,211.32,188.86,342.65,837.66,128.09,218.41,452.85,268.81,1068.16,132.26,146.73,198.51,238.44,715.94,94.28,86.38,167.80,224.94,573.40,82.55,72.83,105.23,175.19,435.79,72.45,63.86,84.34,143.90,364.54,70.23,56.97,91.15,142.17,360.51,70.98,..,..,..,..
....Ilocos Sur,..Aquaculture,..,..,..,..,79.00,..,..,..,..,260.00,..,..,..,..,233.00,..,..,..,..,271.00,..,..,..,..,274.00,..,..,..,..,278.00,..,..,..,..,714.00,..,..,..,..,697.00,..,..,..,..,794.00,..,..,..,..,842.00,..,..,..,..,890.00,..,..,..,..,952.00,..,..,..,..,716.00,202.00,377.00,77.00,99.00,755.00,221.00,168.00,51.00,55.00,495.00,190.00,394.00,46.00,60.00,690.00,195.00,368.00,65.00,77.00,705.00,194.00,386.00,75.00,27.00,682.00,185.00,380.00,74.00,30.00,669.00,189.00,392.00,111.00,114.00,806.00,194.00,401.00,150.00,100.00,845.00,180.00,412.00,123.00,127.00,842.00,174.10,388.00,191.00,147.00,900.10,210.60,386.40,306.20,171.90,1075.10,273.10,603.50,278.04,162.80,1317.44,355.05,536.52,323.03,182.42,1397.02,301.34,576.30,346.56,217.40,1441.60,314.78,587.29,348.42,227.13,1477.62,369.43,607.82,353.09,227.54,1557.88,353.09,651.55,359.64,202.48,1566.76,334.59,613.54,370.40,204.76,1523.28,361.05,648.18,383.72,206.64,1599.59,377.74,683.87,405.25,210.94,1677.80,386.92,706.73,326.47,202.45,1622.57,383.50,741.52,317.34,183.52,1625.88,246.83,633.03,262.29,187.81,1329.96,263.14,547.07,205.16,119.87,1135.25,183.33,508.05,228.14,144.14,1063.66,166.58,478.09,212.66,110.94,968.27,146.05,540.13,249.35,127.49,1063.01,169.46,534.17,267.35,137.67,1108.66,160.49,448.57,295.88,112.77,1017.71,172.29,482.66,270.72,124.34,1050.01,107.56,425.64,200.43,80.52,814.15,171.50,193.40,181.52,128.60,675.02,109.13,167.50,91.13,99.58,467.34,123.69,..,..,..,..
....La Union,FISHERIES,..,..,..,..,3014.00,..,..,..,..,4249.00,..,..,..,..,5224.00,..,..,..,..,5688.00,..,..,..,..,5046.00,..,..,..,..,5825.00,..,..,..,..,6310.00,..,..,..,..,7292.00,..,..,..,..,8211.00,..,..,..,..,8783.00,..,..,..,..,7861.00,..,..,..,..,9569.00,..,..,..,..,7914.00,1575.00,4036.00,3609.00,2181.00,11401.00,1647.00,4018.00,3628.00,3395.00,12688.00,1293.00,3853.00,2271.00,1652.00,9069.00,1665.00,3052.00,1855.00,1634.00,8206.00,1435.00,3048.00,1728.00,1523.00,7734.00,1881.00,2753.00,1784.00,1478.00,7896.00,1377.00,2863.00,1957.00,1494.00,7691.00,1514.00,2973.00,1944.00,1511.00,7942.00,1564.00,3053.00,1914.00,1668.00,8199.00,1790.40,3114.00,2104.00,1783.00,8791.40,1898.50,3156.50,2084.30,2016.71,9156.01,2129.50,3746.91,2091.44,2623.77,10591.62,2386.14,3835.11,2230.22,2531.91,10983.38,2512.75,4124.10,2440.18,3425.75,12502.78,2844.93,3965.03,2418.01,3442.42,12670.39,2537.10,5196.44,3654.72,2593.56,13981.81,4016.99,5411.96,2945.56,2509.39,14883.91,3246.17,3206.62,2632.69,2570.90,11656.38,3184.57,2806.16,1909.47,2900.19,10800.38,3958.80,2488.58,1204.48,2238.66,9890.52,3623.25,2972.20,1241.72,2241.81,10078.98,3867.99,3632.77,1266.24,2001.41,10768.42,3835.51,1810.85,1473.65,1311.93,8431.94,2351.35,3971.10,1587.69,1111.89,9022.04,1788.09,5447.25,1535.45,1052.22,9823.00,1732.82,5245.01,1992.76,1543.28,10513.88,1625.46,5311.49,1590.22,2935.54,11462.71,2913.18,4124.28,2721.16,3013.73,12772.35,3865.66,4632.30,3014.35,3555.79,15068.09,4030.44,5906.53,1828.57,1225.10,12990.65,3297.10,5224.65,1340.12,1437.06,11298.92,2567.00,3547.15,1349.22,1145.28,8608.65,2824.87,4626.88,1288.67,1091.94,9832.36,2854.66,..,..,..,..
....La Union,..Commercial Fisheries,..,..,..,..,720.00,..,..,..,..,1029.00,..,..,..,..,1355.00,..,..,..,..,1011.00,..,..,..,..,1088.00,..,..,..,..,2045.00,..,..,..,..,2637.00,..,..,..,..,2433.00,..,..,..,..,2431.00,..,..,..,..,2622.00,..,..,..,..,2714.00,..,..,..,..,3700.00,..,..,..,..,2808.00,712.00,394.00,351.00,497.00,1954.00,581.00,277.00,321.00,664.00,1843.00,289.00,112.00,114.00,119.00,634.00,464.00,51.00,152.00,109.00,776.00,418.00,50.00,147.00,118.00,733.00,347.00,85.00,165.00,138.00,735.00,300.00,80.00,88.00,136.00,604.00,297.00,85.00,92.00,140.00,614.00,300.00,123.00,102.00,146.00,671.00,151.00,186.00,116.00,162.00,615.00,161.00,191.00,121.00,131.00,604.00,172.00,202.00,115.00,154.00,643.00,163.00,201.00,104.12,212.75,680.87,154.50,181.00,142.00,207.81,685.31,135.00,268.25,233.58,411.49,1048.32,142.22,256.76,305.63,320.07,1024.68,263.82,512.38,539.13,527.39,1842.72,325.24,461.62,387.83,347.36,1522.05,248.22,177.64,300.20,359.65,1085.71,314.56,183.31,149.37,375.51,1022.75,224.32,154.79,100.93,409.40,889.44,253.11,161.82,102.98,334.52,852.43,258.56,160.77,106.68,215.34,741.35,260.53,164.12,118.51,221.20,764.36,219.72,167.57,123.16,226.40,736.85,318.74,252.80,128.75,195.90,896.19,270.70,263.00,177.46,302.25,1013.41,163.73,247.85,318.26,333.69,1063.53,188.77,269.36,352.18,516.09,1326.40,203.29,99.14,243.07,132.23,677.73,204.93,154.45,115.12,198.90,673.40,69.88,56.10,67.85,36.39,230.22,62.16,77.03,66.80,52.88,258.88,51.71,..,..,..,..
....La Union,..Municipal Fisheries,..,..,..,..,1972.00,..,..,..,..,2527.00,..,..,..,..,3176.00,..,..,..,..,3169.00,..,..,..,..,2388.00,..,..,..,..,2411.00,..,..,..,..,2168.00,..,..,..,..,3362.00,..,..,..,..,3962.00,..,..,..,..,4319.00,..,..,..,..,3200.00,..,..,..,..,3786.00,..,..,..,..,3539.00,667.00,3264.00,2778.00,1407.00,8116.00,803.00,3483.00,2953.00,2609.00,9848.00,812.00,3388.00,1759.00,1193.00,7152.00,949.00,2730.00,1309.00,1247.00,6235.00,761.00,2671.00,1188.00,1225.00,5845.00,577.00,2358.00,1234.00,1189.00,5358.00,854.00,2414.00,1449.00,1205.00,5922.00,942.00,2454.00,1409.00,1231.00,6036.00,968.00,2434.00,1496.00,1359.00,6257.00,1278.00,2423.00,1532.00,1446.00,6679.00,1340.00,2458.00,1575.00,1712.00,7085.00,1404.00,2538.00,1553.00,1751.00,7246.00,1364.00,2464.00,1637.85,1298.13,6763.98,1333.85,2457.50,1748.81,1991.69,7531.85,1629.26,2064.24,1599.73,1743.00,7036.23,1099.28,3385.75,2864.53,1563.31,8912.87,2395.65,3542.44,1899.89,1901.81,9739.79,1624.50,1434.15,1667.72,2130.12,6856.49,1367.53,1299.72,1031.04,2276.17,5974.46,1923.08,994.74,460.00,1593.40,4971.22,1582.55,1445.35,515.19,1565.03,5108.12,1632.40,1569.75,625.36,1560.39,5387.90,1662.81,744.01,654.46,988.98,4050.26,407.59,368.98,360.86,668.16,1805.59,379.74,320.79,301.86,604.49,1606.88,403.80,373.03,271.44,748.08,1796.35,308.03,336.31,416.32,1929.36,2990.02,1655.47,683.93,1105.67,1682.94,5128.01,2133.58,711.94,1750.62,2166.14,6762.28,2793.52,557.02,833.20,453.66,4637.40,2352.42,473.92,569.82,484.84,3881.00,1932.23,468.59,659.65,639.02,3699.50,2083.10,696.95,690.59,665.98,4136.62,2225.63,..,..,..,..
....La Union,....Marine Municipal Fisheries,..,..,..,..,1972.00,..,..,..,..,1927.00,..,..,..,..,2917.00,..,..,..,..,2910.00,..,..,..,..,2100.00,..,..,..,..,2111.00,..,..,..,..,1886.00,..,..,..,..,3031.00,..,..,..,..,3628.00,..,..,..,..,3982.00,..,..,..,..,2925.00,..,..,..,..,3491.00,..,..,..,..,3249.00,571.00,3175.00,2631.00,1089.00,7466.00,684.00,3349.00,1649.00,1362.00,7044.00,718.00,3289.00,1668.00,1094.00,6769.00,860.00,2634.00,1216.00,1153.00,5863.00,688.00,2577.00,1094.00,1190.00,5549.00,557.00,2327.00,1206.00,1180.00,5270.00,835.00,2385.00,1427.00,1195.00,5842.00,920.00,2423.00,1386.00,1220.00,5949.00,940.00,2399.00,1471.00,1340.00,6150.00,1255.00,2399.00,1497.00,1408.00,6559.00,1285.00,2411.00,1538.00,1664.00,6898.00,1305.00,2468.00,1510.00,1673.00,6956.00,1260.00,2388.00,1569.00,1185.13,6402.13,1183.00,2333.50,1649.81,1853.19,7019.50,1541.01,1960.39,1552.62,1613.28,6667.30,954.72,3279.21,2791.02,1383.07,8408.02,2236.81,3399.69,1818.75,1827.87,9283.12,1495.64,1336.08,1585.55,2000.95,6418.22,1280.68,1203.89,976.75,2185.74,5647.06,1832.88,710.16,408.37,1447.91,4399.32,1478.68,1343.43,470.07,1450.20,4742.38,1554.55,1426.84,556.19,1459.47,4997.05,1527.29,631.59,570.59,871.58,3601.05,353.03,283.50,263.24,462.06,1361.83,347.38,268.84,265.77,457.90,1339.89,351.74,338.36,236.94,697.00,1624.04,268.39,307.80,262.75,1749.85,2588.79,1523.19,550.57,896.83,1398.55,4369.14,1839.23,647.93,1586.28,1990.60,6064.04,2644.05,494.13,640.93,401.97,4181.08,2218.76,411.73,497.23,394.90,3522.62,1814.97,394.84,602.95,571.07,3383.82,1983.14,632.69,636.13,594.49,3846.46,2148.71,..,..,..,..
....La Union,....Inland Municipal Fisheries,..,..,..,..,..,..,..,..,..,600.00,..,..,..,..,259.00,..,..,..,..,259.00,..,..,..,..,288.00,..,..,..,..,300.00,..,..,..,..,282.00,..,..,..,..,331.00,..,..,..,..,334.00,..,..,..,..,337.00,..,..,..,..,275.00,..,..,..,..,295.00,..,..,..,..,290.00,96.00,89.00,147.00,318.00,650.00,119.00,134.00,1304.00,1247.00,2804.00,94.00,99.00,91.00,99.00,383.00,89.00,96.00,93.00,94.00,372.00,73.00,94.00,94.00,35.00,296.00,20.00,31.00,28.00,9.00,88.00,19.00,29.00,22.00,10.00,80.00,22.00,31.00,23.00,11.00,87.00,28.00,35.00,25.00,19.00,107.00,23.00,24.00,35.00,38.00,120.00,55.00,47.00,37.00,48.00,187.00,99.00,70.00,43.00,78.00,290.00,104.00,76.00,68.85,113.00,361.85,150.85,124.00,99.00,138.50,512.35,88.25,103.85,47.11,129.72,368.93,144.56,106.54,73.51,180.24,504.85,158.84,142.75,81.14,73.94,456.67,128.86,98.07,82.17,129.17,438.27,86.85,95.83,54.29,90.43,327.40,90.20,284.58,51.63,145.49,571.90,103.87,101.92,45.12,114.83,365.74,77.85,142.91,69.17,100.92,390.85,135.52,112.42,83.87,117.40,449.21,54.56,85.48,97.62,206.10,443.76,32.36,51.95,36.09,146.59,266.99,52.06,34.67,34.50,51.08,172.31,39.64,28.51,153.57,179.51,401.23,132.28,133.36,208.84,284.39,758.87,294.35,64.01,164.34,175.54,698.24,149.47,62.89,192.27,51.69,456.32,133.65,62.20,72.59,89.94,358.38,117.26,73.75,56.70,67.96,315.67,99.96,64.25,54.46,71.48,290.15,76.93,..,..,..,..
....La Union,..Aquaculture,..,..,..,..,322.00,..,..,..,..,693.00,..,..,..,..,693.00,..,..,..,..,1508.00,..,..,..,..,1570.00,..,..,..,..,1369.00,..,..,..,..,1505.00,..,..,..,..,1497.00,..,..,..,..,1818.00,..,..,..,..,1842.00,..,..,..,..,1947.00,..,..,..,..,2083.00,..,..,..,..,1567.00,196.00,378.00,480.00,277.00,1331.00,263.00,258.00,354.00,122.00,997.00,192.00,353.00,398.00,340.00,1283.00,252.00,271.00,394.00,278.00,1195.00,256.00,327.00,393.00,180.00,1156.00,957.00,310.00,385.00,151.00,1803.00,223.00,369.00,420.00,153.00,1165.00,275.00,434.00,443.00,140.00,1292.00,296.00,496.00,316.00,163.00,1271.00,361.40,505.00,456.00,175.00,1497.40,397.50,507.50,388.30,173.71,1467.01,553.50,1006.91,423.44,718.77,2702.62,859.14,1170.11,488.25,1021.03,3538.53,1024.40,1485.60,549.37,1226.25,4285.62,1080.67,1632.54,584.70,1287.93,4585.84,1295.60,1553.93,484.56,710.18,4044.26,1357.52,1357.14,506.54,80.19,3301.40,1296.43,1310.85,577.14,93.42,3277.84,1568.82,1328.80,578.23,264.37,3740.21,1721.16,1310.53,595.11,269.75,3896.55,1816.38,1372.06,625.60,267.38,4081.42,1982.48,1901.20,537.90,106.50,4528.09,1914.14,906.07,712.51,107.61,3640.33,1683.23,3438.00,1108.32,222.53,6452.09,1188.63,4958.89,1110.43,221.33,7479.27,1010.28,4619.18,1592.57,599.30,7821.34,1046.73,4712.18,996.44,703.93,7459.28,1093.98,3192.50,1297.23,997.10,6580.81,1543.31,3651.00,911.55,873.56,6979.41,1033.63,5250.38,752.31,639.21,7675.53,739.75,4596.27,655.18,753.32,6744.52,564.89,3022.45,621.72,469.87,4678.93,679.60,3852.89,531.28,373.08,5436.86,577.31,..,..,..,..
....Pangasinan,FISHERIES,..,..,..,..,12460.00,..,..,..,..,20812.00,..,..,..,..,22518.00,..,..,..,..,31567.00,..,..,..,..,32084.00,..,..,..,..,35681.00,..,..,..,..,42296.00,..,..,..,..,44639.00,..,..,..,..,45895.00,..,..,..,..,48759.00,..,..,..,..,49445.00,..,..,..,..,55280.00,..,..,..,..,42487.00,10102.00,6732.00,8720.00,7520.00,33074.00,7933.00,7070.00,5162.00,4621.00,24786.00,6210.00,7814.00,6204.00,13254.00,33482.00,4745.00,7638.00,6928.00,11055.00,30366.00,5087.00,8331.00,3535.00,8147.00,25100.00,6630.00,10642.00,4308.00,5924.00,27504.00,5730.00,10708.00,4452.00,11422.00,32312.00,6506.00,12623.00,5582.00,14751.00,39462.00,7562.00,13990.00,7088.00,15200.00,43840.00,8949.07,12275.51,10999.00,16951.89,49175.47,9636.00,12787.00,10741.00,21398.70,54562.70,11203.51,13511.70,11616.80,26939.20,63271.21,14049.30,16900.04,15900.68,32838.58,79688.60,18254.04,22726.91,19582.82,37963.26,98527.03,19740.31,25762.71,21094.26,48997.38,115594.67,22095.85,23836.00,14870.35,49804.56,110606.76,23304.15,21447.44,13834.91,41785.99,100372.49,21883.24,29224.38,15779.50,39532.91,106420.03,23767.16,26855.03,15446.99,53739.58,119808.76,19719.54,27603.02,15409.48,55013.93,117745.97,23032.82,30964.20,17315.29,57204.76,128517.07,23421.27,37307.95,19500.28,66251.41,146480.91,23690.04,37147.00,20546.96,57617.10,139001.10,24633.64,32324.35,20599.07,58199.96,135757.02,23997.13,35485.43,20670.14,58899.21,139051.91,25215.63,28468.15,18783.45,60327.23,132794.47,29285.39,29222.15,21458.56,65527.54,145493.63,29443.64,27297.60,22241.10,74207.18,153189.52,28550.67,32475.10,26578.77,73859.76,161464.31,25777.26,34644.80,33119.82,75844.86,169386.74,28074.95,38361.18,30018.61,74414.85,170869.59,27510.21,40979.28,30593.44,73651.24,172734.16,30185.46,40628.31,29414.16,71862.18,172090.12,29988.33,..,..,..,..
....Pangasinan,..Commercial Fisheries,..,..,..,..,671.00,..,..,..,..,855.00,..,..,..,..,1147.00,..,..,..,..,1137.00,..,..,..,..,1052.00,..,..,..,..,1106.00,..,..,..,..,987.00,..,..,..,..,974.00,..,..,..,..,869.00,..,..,..,..,970.00,..,..,..,..,1314.00,..,..,..,..,1547.00,..,..,..,..,802.00,62.00,96.00,175.00,157.00,490.00,143.00,149.00,233.00,166.00,691.00,128.00,134.00,174.00,316.00,752.00,125.00,128.00,188.00,706.00,1147.00,125.00,116.00,233.00,692.00,1166.00,287.00,157.00,206.00,578.00,1228.00,281.00,144.00,247.00,587.00,1259.00,230.00,258.00,338.00,810.00,1636.00,375.00,345.00,357.00,777.00,1854.00,436.00,602.00,509.00,789.00,2336.00,576.00,621.00,482.00,725.00,2404.00,581.71,638.00,513.00,682.00,2414.71,468.00,766.41,800.68,1241.20,3276.29,547.89,735.88,1317.56,1713.97,4315.30,658.41,1262.53,1323.44,1998.35,5242.73,1052.97,918.43,920.87,2130.03,5022.30,1119.24,754.25,491.50,547.48,2912.47,427.44,359.10,766.41,558.28,2111.23,476.57,369.98,512.68,784.51,2143.74,310.25,381.68,218.37,399.74,1310.04,408.46,427.25,268.44,484.15,1588.30,421.67,340.62,370.53,675.62,1808.44,491.35,351.14,540.82,710.32,2093.63,723.77,685.15,1021.54,655.95,3086.41,922.53,839.81,1032.63,968.87,3763.84,323.01,428.13,431.61,431.80,1614.55,521.22,1353.92,1380.90,866.15,4122.19,331.49,1044.32,1746.49,705.60,3827.90,260.82,587.24,1059.11,793.66,2700.83,382.15,1268.03,1451.07,785.99,3887.25,382.59,1148.11,1233.72,762.62,3527.04,2365.02,3439.52,1617.84,1738.02,9160.40,2116.95,2889.35,2433.31,1777.11,9216.72,2017.51,..,..,..,..
....Pangasinan,..Municipal Fisheries,..,..,..,..,3382.00,..,..,..,..,3437.00,..,..,..,..,4200.00,..,..,..,..,3750.00,..,..,..,..,4901.00,..,..,..,..,5974.00,..,..,..,..,11140.00,..,..,..,..,12967.00,..,..,..,..,12490.00,..,..,..,..,13986.00,..,..,..,..,12403.00,..,..,..,..,15503.00,..,..,..,..,12924.00,3563.00,1845.00,1644.00,1432.00,8484.00,2743.00,2064.00,1496.00,869.00,7172.00,2841.00,2047.00,1225.00,703.00,6816.00,1808.00,1860.00,1195.00,669.00,5532.00,1772.00,1822.00,1173.00,647.00,5414.00,1737.00,1800.00,1147.00,636.00,5320.00,1705.00,1756.00,1083.00,627.00,5171.00,1699.00,1684.00,1069.00,625.00,5077.00,1690.00,1748.00,922.00,1355.00,5715.00,1781.00,1504.00,1814.00,1450.00,6549.00,1893.00,1585.00,1989.00,2984.00,8451.00,2041.00,1746.00,2067.00,3006.00,8860.00,2342.00,2908.00,3149.00,2976.50,11375.50,2622.30,3903.85,3519.00,3618.85,13664.00,3072.23,4024.49,3915.24,3968.54,14980.50,3506.93,5846.78,2841.10,3845.22,16040.03,3500.77,4294.82,3215.99,9379.69,20391.27,3253.16,3633.39,2992.88,8903.67,18783.10,3034.12,4648.76,2524.81,5867.00,16074.69,2198.90,3985.47,2222.39,5218.78,13625.54,2160.07,3796.12,1888.71,5207.86,13052.76,2339.99,4253.41,2336.62,5519.56,14449.58,2665.12,4401.30,2476.40,5958.67,15501.49,3084.15,2399.17,1991.50,4519.93,11994.75,3616.65,2508.08,2022.90,4886.93,13034.56,3288.27,2747.41,2166.95,6260.47,14463.10,3712.60,2271.88,1818.49,4937.26,12740.23,3537.75,2148.81,1542.68,4066.69,11295.93,2887.83,2796.10,1574.31,3921.38,11179.62,2968.28,2991.26,1777.37,4202.09,11939.01,2840.93,2826.60,1363.17,3955.12,10985.83,2182.51,2606.95,1309.55,3362.69,9461.71,2111.12,2568.06,1469.73,3444.19,9593.10,2345.53,..,..,..,..
....Pangasinan,....Marine Municipal Fisheries,..,..,..,..,3382.00,..,..,..,..,3131.00,..,..,..,..,4073.00,..,..,..,..,3623.00,..,..,..,..,4760.00,..,..,..,..,5829.00,..,..,..,..,11002.00,..,..,..,..,12803.00,..,..,..,..,12324.00,..,..,..,..,13818.00,..,..,..,..,12269.00,..,..,..,..,15358.00,..,..,..,..,12781.00,3509.00,1814.00,1566.00,1375.00,8264.00,2698.00,2028.00,1450.00,835.00,7011.00,2825.00,2026.00,1204.00,686.00,6741.00,1793.00,1839.00,1179.00,651.00,5462.00,1757.00,1802.00,1155.00,638.00,5352.00,1720.00,1790.00,1143.00,630.00,5283.00,1688.00,1746.00,1069.00,615.00,5118.00,1682.00,1674.00,1055.00,612.00,5023.00,1670.00,1737.00,908.00,1341.00,5656.00,1646.00,1426.00,1598.00,1231.00,5901.00,1713.00,1495.00,1725.00,2801.00,7734.00,1769.00,1511.00,1778.00,2747.00,7805.00,2061.00,2633.00,2875.00,2711.00,10280.00,2276.00,3581.85,3183.00,3208.85,12249.70,2609.97,3659.60,3632.00,3493.45,13395.02,3001.26,5027.01,2573.57,3465.75,14067.59,3098.56,4004.07,3062.33,5578.11,15743.07,3124.67,3527.10,2855.19,5296.56,14803.52,2920.83,4541.95,2395.19,4680.88,14538.85,2096.84,3869.33,2077.04,5130.10,13173.31,2038.40,3703.51,1727.34,5111.90,12581.15,2224.62,4152.59,1940.32,5364.96,13682.49,2591.13,4310.01,2304.25,5770.97,14976.36,2937.81,2296.31,1798.29,4342.02,11374.43,3455.19,2417.91,1854.50,4700.66,12428.26,3169.13,2618.82,1974.76,5993.21,13755.92,3638.65,2176.09,1600.52,4742.70,12157.96,3421.01,1984.65,1412.39,3808.09,10626.14,2629.20,2183.79,1209.54,3594.99,9617.52,2686.63,2350.32,1409.67,3848.74,10295.36,2532.21,2254.64,1049.92,3597.44,9434.21,1834.15,2014.95,1018.19,3032.96,7900.24,1801.98,1980.78,1152.23,3072.33,8007.32,2056.29,..,..,..,..
....Pangasinan,....Inland Municipal Fisheries,..,..,..,..,..,..,..,..,..,306.00,..,..,..,..,127.00,..,..,..,..,127.00,..,..,..,..,141.00,..,..,..,..,145.00,..,..,..,..,138.00,..,..,..,..,164.00,..,..,..,..,166.00,..,..,..,..,168.00,..,..,..,..,134.00,..,..,..,..,145.00,..,..,..,..,143.00,54.00,31.00,78.00,57.00,220.00,45.00,36.00,46.00,34.00,161.00,16.00,21.00,21.00,17.00,75.00,15.00,21.00,16.00,18.00,70.00,15.00,20.00,18.00,9.00,62.00,17.00,10.00,4.00,6.00,37.00,17.00,10.00,14.00,12.00,53.00,17.00,10.00,14.00,13.00,54.00,20.00,11.00,14.00,14.00,59.00,135.00,78.00,216.00,219.00,648.00,180.00,90.00,264.00,183.00,717.00,272.00,235.00,289.00,259.00,1055.00,281.00,275.00,274.00,265.50,1095.50,346.30,322.00,336.00,410.00,1414.30,462.26,364.89,283.24,475.09,1585.48,505.67,819.77,267.53,379.47,1972.44,402.21,290.75,153.66,3801.58,4648.20,128.49,106.29,137.69,3607.11,3979.58,113.29,106.81,129.62,1186.12,1535.84,102.06,116.14,145.35,88.68,452.23,121.67,92.61,161.37,95.96,471.61,115.37,100.82,396.30,154.60,767.09,73.99,91.29,172.15,187.70,525.13,146.34,102.86,193.21,177.91,620.32,161.46,90.17,168.40,186.27,606.30,119.14,128.59,192.19,267.26,707.18,73.95,95.79,217.97,194.56,582.27,116.74,164.16,130.29,258.60,669.79,258.63,612.31,364.77,326.39,1562.10,281.65,640.95,367.71,353.35,1643.66,308.72,571.96,313.25,357.68,1551.62,348.36,592.00,291.37,329.74,1561.46,309.14,587.28,317.50,371.86,1585.78,289.24,..,..,..,..
....Pangasinan,..Aquaculture,..,..,..,..,8407.00,..,..,..,..,16520.00,..,..,..,..,17171.00,..,..,..,..,26680.00,..,..,..,..,26131.00,..,..,..,..,28601.00,..,..,..,..,30169.00,..,..,..,..,30698.00,..,..,..,..,32536.00,..,..,..,..,33803.00,..,..,..,..,35728.00,..,..,..,..,38230.00,..,..,..,..,28761.00,6477.00,4791.00,6901.00,5931.00,24100.00,5047.00,4857.00,3433.00,3586.00,16923.00,3241.00,5633.00,4805.00,12235.00,25914.00,2812.00,5650.00,5545.00,9680.00,23687.00,3190.00,6393.00,2129.00,6808.00,18520.00,4606.00,8685.00,2955.00,4710.00,20956.00,3744.00,8808.00,3122.00,10208.00,25882.00,4577.00,10681.00,4175.00,13316.00,32749.00,5497.00,11897.00,5809.00,13068.00,36271.00,6732.07,10169.51,8676.00,14712.89,40290.47,7167.00,10581.00,8270.00,17689.70,43707.70,8580.80,11127.70,9036.80,23251.20,51996.50,11239.30,13225.63,11951.00,28620.88,65036.81,15083.85,18087.18,14746.26,32630.44,80547.73,16009.67,20475.69,15855.58,43030.49,95371.44,17535.95,17070.79,11108.38,43829.31,89544.43,18684.14,16398.37,10127.42,31858.82,77068.75,18202.64,25231.89,12020.21,30070.96,85525.70,20256.47,21836.29,12409.50,47088.07,101590.33,17210.39,23235.87,12968.72,49395.41,102810.39,20464.29,26740.83,15158.14,51512.75,113876.01,20659.61,32713.92,16793.13,60056.23,130222.89,20533.57,32394.56,17529.74,50948.11,121405.98,20825.72,29240.03,17586.03,53024.08,120675.86,19457.95,32137.54,17614.61,53043.41,122253.51,21604.35,25292.61,16184.89,53634.96,116716.82,25051.57,25596.35,18259.17,59724.13,128631.21,25574.40,24104.47,18951.93,69434.88,138065.69,25402.02,29091.76,23945.35,69144.72,147583.86,22426.83,30385.50,29891.38,70856.77,153560.48,24851.43,34386.47,27421.72,69697.10,156356.73,22962.68,34932.81,27666.04,68550.53,154112.05,25957.39,35170.91,25511.11,66640.89,153280.30,25625.28,..,..,..,..
..Region II (Cagayan Valley),FISHERIES,..,..,..,..,5801.00,..,..,..,..,17414.00,..,..,..,..,13949.00,..,..,..,..,8817.00,..,..,..,..,11884.00,..,..,..,..,14066.00,..,..,..,..,22140.00,..,..,..,..,18083.00,..,..,..,..,21271.00,..,..,..,..,21701.00,..,..,..,..,21275.00,..,..,..,..,22976.00,..,..,..,..,20852.00,6669.00,5333.00,2860.00,3918.00,18780.00,4215.00,3538.00,2208.00,2995.00,12956.00,5755.00,4882.30,3834.00,2975.00,17446.30,5106.00,4726.00,5211.00,4436.00,19479.00,6389.00,5045.00,5157.00,4951.00,21542.00,4819.00,5084.00,5768.00,6516.00,22187.00,6536.00,7573.00,8241.20,8125.00,30475.20,7791.00,8905.00,9039.90,9465.93,35201.83,9749.00,9999.00,8266.00,10403.00,38417.00,11846.00,10561.60,9763.00,10883.00,43053.60,12996.40,12616.40,9683.41,7676.63,42972.84,13306.31,12526.17,9715.68,7224.63,42772.79,14223.54,12374.70,10026.14,10142.73,46767.11,16078.29,15010.42,12931.72,10387.84,54408.28,16996.76,16672.84,14046.94,11442.54,59159.08,17372.29,17302.43,15567.60,11078.03,61320.34,18355.36,18479.57,16070.82,10576.11,63481.86,18873.41,17718.49,14364.72,11396.06,62352.68,16587.15,20606.72,15411.17,12270.51,64875.55,11626.87,18393.63,16341.58,13700.64,60062.73,13760.37,19251.64,15351.63,13518.43,61882.07,13089.49,18953.35,15107.70,12997.44,60147.99,11906.12,19041.65,13733.33,11671.91,56353.00,12137.41,17243.53,13523.71,10564.94,53469.59,11903.79,16617.49,12492.15,10012.33,51025.75,10510.38,15589.72,12350.76,9121.64,47572.50,9390.04,15482.10,11954.10,8555.79,45382.03,7865.24,15638.38,12074.61,8340.65,43918.87,7811.69,16166.94,12208.90,8586.36,44773.89,8370.89,16961.14,12105.75,8408.43,45846.21,8645.38,18044.90,12084.06,8425.58,47199.92,8801.97,15633.63,12058.19,7187.15,43680.94,9094.30,15750.11,12328.94,7448.57,44621.92,9080.65,..,..,..,..
..Region II (Cagayan Valley),..Commercial Fisheries,..,..,..,..,1531.00,..,..,..,..,1144.00,..,..,..,..,1634.00,..,..,..,..,1524.00,..,..,..,..,1963.00,..,..,..,..,3468.00,..,..,..,..,7946.00,..,..,..,..,7266.00,..,..,..,..,7677.00,..,..,..,..,6142.00,..,..,..,..,4022.00,..,..,..,..,5570.00,..,..,..,..,5536.00,1652.00,1558.00,297.00,407.00,3914.00,899.00,385.00,401.00,974.00,2659.00,2436.00,895.00,284.00,549.00,4164.00,1590.00,791.00,1412.00,1850.00,5643.00,2196.00,876.00,1950.00,1898.00,6920.00,1822.00,1579.00,2070.00,2942.00,8413.00,2942.00,3100.00,3206.00,3412.00,12660.00,3178.00,3546.00,3670.00,3736.00,14130.00,3994.00,3774.00,3092.00,3437.00,14297.00,4406.00,4430.00,3677.00,3638.00,16151.00,5036.00,4970.00,3655.00,2358.00,16019.00,5483.00,5031.00,3440.56,2186.87,16141.43,5841.75,4490.38,3063.79,2517.08,15913.00,6190.18,5318.17,4732.58,2742.69,18983.62,6197.88,5747.47,4372.85,2426.71,18744.91,5654.94,4389.14,4075.13,2231.27,16350.48,5463.49,4169.30,3918.83,2125.02,15676.64,5607.86,4263.60,4152.91,2062.59,16086.96,4767.16,5328.08,3994.74,1959.95,16049.93,2138.26,5213.59,3795.05,1830.01,12976.91,2171.91,4707.82,3270.86,1363.17,11513.76,2133.68,4956.49,3518.33,1327.23,11935.73,1904.62,4918.43,3461.95,1219.18,11504.18,1964.03,4476.47,3397.87,1042.21,10880.58,1894.19,3971.72,2334.96,700.47,8901.34,1489.83,3124.42,2035.32,504.51,7154.08,1084.19,2876.63,1147.33,394.11,5502.26,679.45,2344.13,1052.54,354.30,4430.42,584.69,2316.01,782.87,324.62,4008.19,581.76,2323.27,739.71,275.92,3920.66,514.72,2230.43,681.14,263.55,3689.83,460.19,1995.04,571.60,218.40,3245.23,487.53,1927.87,525.70,214.79,3155.89,677.50,..,..,..,..
..Region II (Cagayan Valley),..Municipal Fisheries,..,..,..,..,4094.00,..,..,..,..,15235.00,..,..,..,..,11198.00,..,..,..,..,6265.00,..,..,..,..,8554.00,..,..,..,..,8954.00,..,..,..,..,11987.00,..,..,..,..,8474.00,..,..,..,..,11184.00,..,..,..,..,12965.00,..,..,..,..,14339.00,..,..,..,..,14080.00,..,..,..,..,12245.00,3925.00,2986.00,2116.00,3077.00,12104.00,2514.00,2509.00,1427.00,1887.00,8337.00,2826.00,3448.00,3002.00,2132.00,11408.00,2933.00,3327.00,3239.00,2355.00,11854.00,3697.00,3436.00,2610.00,2428.00,12171.00,2642.00,2941.00,3114.00,2874.00,11571.00,3108.00,3735.00,4373.00,3840.00,15056.00,3939.00,4491.00,4451.00,4755.00,17636.00,4905.00,5021.00,3627.00,5604.00,19157.00,6318.00,4815.00,4667.00,5801.00,21601.00,6823.00,5826.00,4732.00,4126.00,21507.00,6624.06,5820.17,5082.76,3695.81,21222.80,6839.51,5492.63,5223.20,4473.58,22028.92,7801.78,5963.05,5430.21,4602.93,23797.97,8737.67,6827.68,6538.54,5180.47,27284.36,9057.30,7837.13,7120.11,5369.62,29384.16,10212.09,8871.29,7606.63,5779.30,32469.31,10362.45,9178.38,7551.26,6728.70,33820.79,9829.83,10003.94,7949.92,6968.77,34752.46,7335.78,8637.71,8484.15,7766.97,32224.61,8324.46,9189.41,8474.60,8073.81,34062.28,8537.25,9547.52,8043.98,7876.57,34005.32,7753.57,9574.58,7468.21,7128.92,31925.28,7635.96,8653.39,7443.58,6552.43,30285.36,7820.50,8187.73,7205.15,6383.93,29597.31,6974.42,8070.72,7227.38,5800.17,28072.69,6198.67,8187.41,7608.34,5313.80,27308.22,5112.14,8316.29,7690.65,5048.27,26167.35,5138.19,8485.20,7982.57,5126.30,26732.26,5199.63,8784.05,7384.55,5086.54,26454.77,5939.46,9398.82,7193.06,5024.76,27556.11,5731.59,8591.38,6918.68,4337.34,25578.99,6031.93,8354.37,7066.95,4405.52,25858.77,5840.65,..,..,..,..
..Region II (Cagayan Valley),....Marine Municipal Fisheries,..,..,..,..,3380.00,..,..,..,..,15199.00,..,..,..,..,11139.00,..,..,..,..,6186.00,..,..,..,..,7644.00,..,..,..,..,6511.00,..,..,..,..,9239.00,..,..,..,..,5854.00,..,..,..,..,7618.00,..,..,..,..,8601.00,..,..,..,..,9763.00,..,..,..,..,8730.00,..,..,..,..,6977.00,2399.00,1755.00,1431.00,2293.00,7878.00,1347.00,1846.00,561.00,913.00,4667.00,1474.00,2083.00,1836.00,1246.00,6639.00,1666.00,2000.00,2019.00,1340.00,7025.00,2105.00,2136.00,1685.00,1483.00,7409.00,1719.00,2176.00,2518.00,2209.00,8622.00,2245.00,2983.00,3591.00,2957.00,11776.00,2989.00,3599.00,3492.00,3729.00,13809.00,3850.00,3832.00,2257.00,4237.00,14176.00,5000.00,3267.00,3213.00,4522.00,16002.00,5305.00,4014.00,3306.00,2713.00,15338.00,4917.06,3892.17,3377.59,2481.81,14668.63,5211.76,3759.06,3296.80,2959.95,15227.57,5766.53,4123.35,3510.90,3070.83,16471.61,6301.33,4753.53,4031.35,3138.24,18224.45,6257.17,5622.99,4010.97,3096.11,18987.24,7048.45,6327.83,4230.10,3273.47,20879.85,7107.02,6874.26,4429.66,3583.49,21994.43,6284.86,7462.61,4628.71,3780.96,22157.14,3947.12,6085.13,4742.68,4141.69,18916.62,4841.41,6521.37,4618.49,3846.18,19827.45,5087.55,7302.58,4940.79,4243.03,21573.95,4900.25,7370.59,4882.95,4184.17,21337.96,5274.67,6809.90,4924.58,3885.57,20894.72,5661.82,6116.12,4829.71,3854.33,20461.98,4896.87,6235.57,4874.14,3687.12,19693.70,4280.26,6320.79,4808.73,3159.19,18568.97,3324.74,6460.40,4939.55,2960.00,17684.69,3247.14,6579.47,5195.67,2887.01,17909.29,3234.64,6762.19,4998.55,2937.02,17932.40,3975.84,7254.32,4864.28,2975.67,19070.11,3850.60,6571.43,4625.13,2398.75,17445.91,4041.18,6441.90,4772.61,2398.67,17654.35,3885.27,..,..,..,..
..Region II (Cagayan Valley),....Inland Municipal Fisheries,..,..,..,..,714.00,..,..,..,..,36.00,..,..,..,..,59.00,..,..,..,..,79.00,..,..,..,..,910.00,..,..,..,..,2443.00,..,..,..,..,2748.00,..,..,..,..,2620.00,..,..,..,..,3566.00,..,..,..,..,4364.00,..,..,..,..,4576.00,..,..,..,..,5350.00,..,..,..,..,5268.00,1526.00,1231.00,685.00,784.00,4226.00,1167.00,663.00,866.00,974.00,3670.00,1352.00,1365.00,1166.00,886.00,4769.00,1267.00,1327.00,1220.00,1015.00,4829.00,1592.00,1300.00,925.00,945.00,4762.00,923.00,765.00,596.00,665.00,2949.00,863.00,752.00,782.00,883.00,3280.00,950.00,892.00,959.00,1026.00,3827.00,1055.00,1189.00,1370.00,1367.00,4981.00,1318.00,1548.00,1454.00,1279.00,5599.00,1518.00,1812.00,1426.00,1413.00,6169.00,1707.00,1928.00,1705.17,1214.00,6554.17,1627.75,1733.57,1926.40,1513.63,6801.35,2035.25,1839.70,1919.31,1532.10,7326.36,2436.34,2074.15,2507.19,2042.23,9059.91,2800.13,2214.14,3109.14,2273.51,10396.92,3163.64,2543.46,3376.53,2505.83,11589.46,3255.43,2304.12,3121.60,3145.21,11826.36,3544.97,2541.33,3321.21,3187.81,12595.32,3388.66,2552.58,3741.47,3625.28,13307.99,3483.05,2668.04,3856.11,4227.63,14234.83,3449.70,2244.94,3103.19,3633.54,12431.37,2853.32,2203.99,2585.26,2944.75,10587.32,2361.29,1843.49,2519.00,2666.86,9390.64,2158.68,2071.61,2375.44,2529.60,9135.33,2077.55,1835.15,2353.24,2113.05,8378.99,1918.41,1866.62,2799.61,2154.61,8739.25,1787.40,1855.89,2751.10,2088.27,8482.66,1891.05,1905.73,2786.90,2239.29,8822.97,1964.99,2021.86,2386.00,2149.52,8522.37,1963.62,2144.50,2328.78,2049.09,8485.99,1880.99,2019.95,2293.55,1938.59,8133.08,1990.76,1912.47,2294.33,2006.85,8204.42,1955.38,..,..,..,..
..Region II (Cagayan Valley),..Aquaculture,..,..,..,..,176.00,..,..,..,..,1035.00,..,..,..,..,1117.00,..,..,..,..,1028.00,..,..,..,..,1367.00,..,..,..,..,1644.00,..,..,..,..,2207.00,..,..,..,..,2343.00,..,..,..,..,2410.00,..,..,..,..,2594.00,..,..,..,..,2914.00,..,..,..,..,3326.00,..,..,..,..,3071.00,1092.00,789.00,447.00,434.00,2762.00,802.00,644.00,380.00,134.00,1960.00,493.00,539.30,548.00,294.00,1874.30,583.00,608.00,560.00,231.00,1982.00,496.00,733.00,597.00,625.00,2451.00,355.00,564.00,584.00,700.00,2203.00,486.00,738.00,662.20,873.00,2759.20,674.00,868.00,918.90,974.93,3435.83,850.00,1204.00,1547.00,1362.00,4963.00,1122.00,1316.60,1419.00,1444.00,5301.60,1137.40,1820.40,1296.41,1192.63,5446.84,1199.25,1675.00,1192.36,1341.95,5408.56,1542.28,2391.69,1739.15,3152.07,8825.19,2086.33,3729.20,2768.93,3042.22,11626.69,2061.21,4097.69,3135.55,3835.36,13129.81,2660.05,5076.16,4372.36,3477.14,15585.70,2679.78,5438.98,4545.36,2671.79,15335.91,2903.10,4276.51,2660.55,2604.77,12444.93,1990.16,5274.70,3466.51,3341.79,14073.16,2152.83,4542.33,4062.38,4103.66,14861.21,3264.00,5354.41,3606.17,4081.45,16306.03,2418.56,4449.34,3545.39,3793.64,14206.94,2247.93,4548.64,2803.17,3323.81,12923.54,2537.42,4113.67,2682.26,2970.30,12303.65,2189.10,4458.04,2952.04,2927.93,12527.10,2046.13,4394.58,3088.06,2816.96,12345.73,2107.18,4418.06,3198.43,2847.88,12571.55,2073.65,4977.96,3331.42,2938.08,13321.10,2088.81,5365.73,3443.46,3135.44,14033.44,2589.50,5853.83,3981.49,3045.96,15470.79,2191.20,6415.65,4209.86,3137.27,15953.98,2610.20,5047.21,4567.90,2631.41,14856.72,2574.84,5467.88,4736.29,2828.26,15607.26,2562.50,..,..,..,..
....Batanes,FISHERIES,..,..,..,..,358.00,..,..,..,..,746.00,..,..,..,..,537.00,..,..,..,..,103.00,..,..,..,..,149.00,..,..,..,..,185.00,..,..,..,..,195.00,..,..,..,..,213.00,..,..,..,..,229.00,..,..,..,..,261.00,..,..,..,..,131.00,..,..,..,..,137.00,..,..,..,..,131.00,65.00,56.00,36.00,58.00,215.00,80.00,74.00,14.00,29.00,197.00,90.00,63.00,13.00,15.00,181.00,77.00,52.00,13.00,14.00,156.00,19.00,25.00,15.00,12.00,71.00,16.00,28.00,18.00,10.00,72.00,42.00,122.00,44.00,43.00,251.00,18.00,125.00,22.00,46.00,211.00,20.00,90.00,32.00,52.00,194.00,24.00,85.00,93.00,98.00,300.00,84.00,213.00,49.00,41.00,387.00,166.00,234.17,65.00,1.70,466.87,115.77,261.15,113.00,44.53,534.45,199.47,195.89,49.46,52.94,497.76,275.11,385.31,67.70,52.63,780.75,288.39,286.08,83.78,49.96,708.21,375.73,422.74,92.99,64.83,956.29,336.20,423.21,77.46,85.74,922.61,368.36,531.09,87.80,72.69,1059.94,407.62,508.41,115.98,98.20,1130.21,419.57,492.78,108.06,93.39,1113.80,405.78,501.91,104.63,98.67,1110.99,362.88,451.50,109.76,85.94,1010.08,276.36,386.87,84.84,64.99,813.06,327.14,404.42,83.76,64.81,880.13,327.64,403.55,83.07,64.71,878.97,329.74,419.08,81.99,58.35,889.16,305.53,420.14,76.08,55.05,856.80,303.39,426.99,78.30,55.56,864.24,296.46,538.21,199.23,117.87,1151.77,793.88,668.33,280.94,193.66,1936.81,827.55,787.45,358.05,177.46,2150.51,856.94,823.91,435.27,525.20,2641.32,704.91,..,..,..,..
....Batanes,..Commercial Fisheries,..,..,..,..,..,..,..,..,..,..,..,..,..,..,..,..,..,..,..,..,..,..,..,..,..,..,..,..,..,..,..,..,..,..,..,..,..,..,..,..,..,..,..,..,..,..,..,..,..,..,..,..,..,..,..,..,..,..,..,..,..,..,..,..,..,.,.,.,.,.,.,.,.,.,.,.,.,.,.,.,.,.,.,.,.,.,.,.,.,.,.,.,.,.,.,.,.,.,.,.,.,.,.,.,.,.,.,.,.,.,.,.,.,.,.,.,.,.,.,.,.,.,.,.,.,.,.,.,.,.,.,.,.,.,.,.,.,.,.,.,.,.,.,.,.,.,.,.,.,.,.,.,.,.,.,.,.,.,.,.,.,.,.,.,.,.,.,.,.,.,.,.,.,.,.,.,.,.,.,.,.,.,.,.,.,.,.,.,.,.,.,.,.,.,.,.,.,.,.,.,.,.,.,.,.,.,.,.,.,.,.,.,.,.,.,.,.,.,.,.,.,.,.,.,.,.,.,.,.,.,.,..,..,..,..
....Batanes,..Municipal Fisheries,..,..,..,..,358.00,..,..,..,..,746.00,..,..,..,..,537.00,..,..,..,..,103.00,..,..,..,..,149.00,..,..,..,..,185.00,..,..,..,..,195.00,..,..,..,..,213.00,..,..,..,..,229.00,..,..,..,..,261.00,..,..,..,..,131.00,..,..,..,..,137.00,..,..,..,..,131.00,65.00,56.00,36.00,58.00,215.00,80.00,74.00,14.00,29.00,197.00,90.00,63.00,13.00,15.00,181.00,77.00,52.00,13.00,14.00,156.00,19.00,25.00,15.00,12.00,71.00,16.00,28.00,18.00,10.00,72.00,42.00,122.00,44.00,43.00,251.00,18.00,125.00,22.00,46.00,211.00,20.00,90.00,32.00,52.00,194.00,24.00,85.00,93.00,98.00,300.00,84.00,213.00,49.00,41.00,387.00,166.00,234.17,65.00,1.70,466.87,115.77,261.15,113.00,44.53,534.45,199.47,195.89,49.46,52.94,497.76,275.11,385.31,67.70,52.63,780.75,288.39,286.08,83.78,49.96,708.21,375.73,422.74,92.99,64.83,956.29,336.20,423.21,77.46,85.74,922.61,368.36,531.09,87.80,72.69,1059.94,407.62,508.41,115.98,98.20,1130.21,419.57,492.78,108.06,93.39,1113.80,405.78,501.91,104.63,98.67,1110.99,362.88,451.50,109.76,85.94,1010.08,276.36,386.87,84.84,64.99,813.06,327.14,404.42,83.76,64.81,880.13,327.64,403.55,83.07,64.71,878.97,329.74,419.08,81.99,58.35,889.16,305.53,420.14,76.08,55.05,856.80,303.39,426.99,78.30,55.56,864.24,295.46,538.17,199.20,117.82,1150.66,793.45,667.81,280.56,193.40,1935.23,827.10,786.72,357.75,176.82,2148.38,855.83,822.76,434.55,524.45,2637.59,704.27,..,..,..,..
....Batanes,....Marine Municipal Fisheries,..,..,..,..,358.00,..,..,..,..,746.00,..,..,..,..,537.00,..,..,..,..,103.00,..,..,..,..,149.00,..,..,..,..,185.00,..,..,..,..,195.00,..,..,..,..,213.00,..,..,..,..,229.00,..,..,..,..,261.00,..,..,..,..,131.00,..,..,..,..,137.00,..,..,..,..,131.00,65.00,56.00,36.00,58.00,215.00,80.00,74.00,14.00,29.00,197.00,90.00,63.00,13.00,15.00,181.00,77.00,52.00,13.00,14.00,156.00,19.00,25.00,15.00,12.00,71.00,16.00,28.00,18.00,10.00,72.00,42.00,122.00,44.00,43.00,251.00,18.00,125.00,22.00,46.00,211.00,20.00,90.00,32.00,52.00,194.00,24.00,85.00,93.00,98.00,300.00,84.00,213.00,49.00,41.00,387.00,166.00,234.17,65.00,1.70,466.87,115.77,261.15,113.00,44.53,534.45,199.47,195.89,49.46,52.94,497.76,275.11,385.31,67.70,52.63,780.75,288.39,286.08,83.78,49.96,708.21,375.73,422.74,92.99,64.83,956.29,336.20,423.21,77.46,85.74,922.61,368.36,531.09,87.80,72.69,1059.94,407.62,508.41,115.98,98.20,1130.21,419.57,492.78,108.06,93.39,1113.80,405.78,501.91,104.63,98.67,1110.99,362.88,451.50,109.76,85.94,1010.08,276.36,386.87,84.84,64.99,813.06,327.14,404.42,83.76,64.81,880.13,327.64,403.55,83.07,64.71,878.97,329.74,419.08,81.99,58.35,889.16,305.53,420.14,76.08,55.05,856.80,303.39,426.99,78.30,55.56,864.24,295.46,538.17,199.20,117.82,1150.66,793.45,667.81,280.56,193.40,1935.23,827.10,786.72,357.75,176.82,2148.38,855.83,822.76,434.55,524.45,2637.59,704.27,..,..,..,..
....Batanes,....Inland Municipal Fisheries,..,..,..,..,..,..,..,..,..,..,..,..,..,..,..,..,..,..,..,..,..,..,..,..,..,..,..,..,..,..,..,..,..,..,..,..,..,..,..,..,..,..,..,..,..,..,..,..,..,..,..,..,..,..,..,..,..,..,..,..,..,..,..,..,..,.,.,.,.,.,.,.,.,.,.,.,.,.,.,.,.,.,.,.,.,.,.,.,.,.,.,.,.,.,.,.,.,.,.,.,.,.,.,.,.,.,.,.,.,.,.,.,.,.,.,.,.,.,.,.,.,.,.,.,.,.,.,.,.,.,.,.,.,.,.,.,.,.,.,.,.,.,.,.,.,.,.,.,.,.,.,.,.,.,.,.,.,.,.,.,.,.,.,.,.,.,.,.,.,.,.,.,.,.,.,.,.,.,.,.,.,.,.,.,.,.,.,.,.,.,.,.,.,.,.,.,.,.,.,.,.,.,.,.,.,.,.,.,.,.,.,.,.,.,.,.,.,.,.,.,.,.,.,.,.,.,.,.,.,.,.,..,..,..,..
....Batanes,..Aquaculture,..,..,..,..,..,..,..,..,..,..,..,..,..,..,..,..,..,..,..,..,..,..,..,..,..,..,..,..,..,..,..,..,..,..,..,..,..,..,..,..,..,..,..,..,..,..,..,..,..,..,..,..,..,..,..,..,..,..,..,..,..,..,..,..,..,.,.,.,.,.,.,.,.,.,.,.,.,.,.,.,.,.,.,.,.,.,.,.,.,.,.,.,.,.,.,.,.,.,.,.,.,.,.,.,.,.,.,.,.,.,.,.,.,.,.,.,.,.,.,.,.,.,.,.,.,.,.,.,.,.,.,.,.,.,.,.,.,.,.,.,.,.,.,.,.,.,.,.,.,.,.,.,.,.,.,.,.,.,.,.,.,.,.,.,.,.,.,.,.,.,.,.,.,.,.,.,.,.,.,.,.,.,.,.,.,.,.,.,.,.,.,.,.,.,.,.,.,.,.,.,.,.,.,.,.,.,.,.,.,.,1.00,0.04,0.03,0.05,1.12,0.43,0.52,0.38,0.26,1.59,0.45,0.74,0.30,0.64,2.12,1.11,1.15,0.72,0.75,3.73,0.64,..,..,..,..
....Cagayan,FISHERIES,..,..,..,..,5033.00,..,..,..,..,16354.00,..,..,..,..,13007.00,..,..,..,..,8291.00,..,..,..,..,10739.00,..,..,..,..,11951.00,..,..,..,..,19853.00,..,..,..,..,15532.00,..,..,..,..,18488.00,..,..,..,..,18524.00,..,..,..,..,17732.00,..,..,..,..,18952.00,..,..,..,..,16996.00,5384.00,4181.00,2232.00,3362.00,15159.00,3297.00,2745.00,1771.00,2449.00,10262.00,4950.00,4338.30,3093.00,2446.00,14827.30,4276.00,4187.00,4451.00,3953.00,16867.00,5746.00,4672.00,4442.00,4247.00,19107.00,4314.00,4710.00,5203.00,5999.00,20226.00,5785.00,6797.00,7286.20,6955.00,26823.20,6893.00,8071.00,7884.00,8237.00,31085.00,8649.00,8944.00,6565.00,8757.00,32915.00,10448.00,9257.00,8140.00,9105.00,36950.00,11429.40,11114.50,8211.70,6231.10,36986.70,11416.76,10585.00,8096.82,5695.31,35793.89,12092.09,10313.65,8136.37,7898.17,38440.28,13776.05,13090.60,10934.80,8308.37,46109.82,15003.50,14366.75,11147.24,8653.17,49170.66,14678.14,14643.42,12387.84,8287.18,49996.59,15349.56,15346.10,12677.53,7878.83,51252.02,15313.22,15430.59,12180.07,8484.02,51407.91,13626.04,17079.46,12540.72,8892.85,52139.07,8335.84,14998.25,12400.86,9874.59,45609.54,10366.46,15378.52,11496.59,9218.83,46460.41,9597.31,15153.27,11281.05,9112.17,45143.80,8640.30,15343.22,10945.94,8242.15,43171.62,8785.79,13745.84,10665.00,7300.89,40497.52,8672.75,12773.98,9684.04,6722.88,37853.65,7315.24,11994.44,9806.73,6005.55,35121.96,6195.05,11944.34,9244.25,5431.45,32815.10,4792.50,12126.66,9338.46,5367.56,31625.18,4637.60,12492.87,9356.53,5416.34,31903.34,5040.08,12897.20,8854.73,5000.38,31792.38,5232.16,13311.91,8618.34,4938.50,32100.90,5166.74,11279.70,8514.93,4242.00,29203.38,5341.78,11370.53,8644.36,3826.53,29183.20,5267.06,..,..,..,..
....Cagayan,..Commercial Fisheries,..,..,..,..,1531.00,..,..,..,..,1144.00,..,..,..,..,1634.00,..,..,..,..,1524.00,..,..,..,..,1963.00,..,..,..,..,3468.00,..,..,..,..,7946.00,..,..,..,..,7266.00,..,..,..,..,7677.00,..,..,..,..,6142.00,..,..,..,..,4022.00,..,..,..,..,5570.00,..,..,..,..,5536.00,1652.00,1558.00,297.00,407.00,3914.00,899.00,385.00,401.00,974.00,2659.00,2436.00,895.00,284.00,549.00,4164.00,1590.00,791.00,1412.00,1850.00,5643.00,2196.00,876.00,1950.00,1898.00,6920.00,1822.00,1579.00,2070.00,2942.00,8413.00,2942.00,3100.00,3206.00,3412.00,12660.00,3178.00,3546.00,3670.00,3736.00,14130.00,3994.00,3774.00,3092.00,3437.00,14297.00,4406.00,4430.00,3677.00,3638.00,16151.00,5036.00,4970.00,3655.00,2358.00,16019.00,5483.00,5031.00,3440.56,2186.87,16141.43,5841.75,4490.38,3063.79,2517.08,15913.00,6190.18,5318.17,4732.58,2742.69,18983.62,6197.88,5747.47,4372.85,2426.71,18744.91,5654.94,4389.14,4075.13,2231.27,16350.48,5463.49,4169.30,3918.83,2125.02,15676.64,5607.86,4263.60,4152.91,2062.59,16086.96,4767.16,5328.08,3994.74,1959.95,16049.93,2138.26,5213.59,3795.05,1830.01,12976.91,2171.91,4707.82,3270.86,1363.17,11513.76,2133.68,4956.49,3518.33,1327.23,11935.73,1904.62,4918.43,3461.95,1219.18,11504.18,1964.03,4476.47,3397.87,1042.21,10880.58,1894.19,3971.72,2334.96,700.47,8901.34,1489.83,3124.42,2035.32,504.51,7154.08,1084.19,2876.63,1147.33,394.11,5502.26,679.45,2344.13,1052.54,354.30,4430.42,584.69,2316.01,782.87,324.62,4008.19,581.76,2291.17,694.34,246.45,3813.72,491.66,2192.39,649.28,241.34,3574.67,443.72,1968.26,548.14,202.18,3162.29,466.28,1899.97,500.52,185.91,3052.67,615.86,..,..,..,..
....Cagayan,..Municipal Fisheries,..,..,..,..,3341.00,..,..,..,..,14471.00,..,..,..,..,10625.00,..,..,..,..,6101.00,..,..,..,..,7935.00,..,..,..,..,7628.00,..,..,..,..,10534.00,..,..,..,..,6804.00,..,..,..,..,9410.00,..,..,..,..,10866.00,..,..,..,..,12007.00,..,..,..,..,11438.00,..,..,..,..,9665.00,3503.00,2491.00,1774.00,2833.00,10601.00,2188.00,2183.00,1169.00,1436.00,6976.00,2322.00,3030.00,2709.00,1834.00,9895.00,2469.00,2938.00,2919.00,1987.00,10313.00,3348.00,3201.00,2337.00,2196.00,11082.00,2379.00,2701.00,2914.00,2759.00,10753.00,2628.00,3202.00,3862.00,3267.00,12959.00,3463.00,3934.00,3934.00,4178.00,15509.00,4402.00,4442.00,2955.00,4953.00,16752.00,5733.00,4125.00,4000.00,5048.00,18906.00,6083.00,4961.00,4038.00,3462.00,18544.00,5649.06,4806.00,4400.76,3164.11,18019.93,5900.24,4407.98,4289.30,3709.00,18306.52,6684.06,5072.24,4694.99,3933.60,20384.89,7770.72,5688.05,5416.92,4299.64,23175.33,8028.52,6761.33,5960.05,4439.51,25189.41,8876.47,7499.45,6386.98,4758.04,27520.94,8949.44,7860.24,6364.59,5416.47,28590.74,8284.61,8388.04,6809.01,5877.99,29359.65,5669.75,7008.35,7022.11,6464.98,26165.19,6578.28,7247.95,6848.10,6474.80,27149.13,6696.55,7661.23,6632.35,6397.00,27387.13,6071.61,7755.82,6198.04,5795.06,25820.53,6111.98,6997.54,6198.75,5226.20,24534.47,6280.67,6515.60,5926.86,5073.39,23796.52,5492.27,6493.89,6046.89,4629.12,22662.17,4815.07,6579.70,6370.37,4148.98,21914.12,3849.82,6770.44,6465.92,3920.73,21006.91,3806.98,6895.26,6668.32,3868.99,21239.55,3804.60,6945.56,5791.25,3627.80,20169.21,4022.71,7325.22,5530.52,3595.61,20474.06,3886.85,6601.67,5349.74,3008.32,18846.58,4081.80,6401.30,5448.53,2704.00,18635.64,3928.38,..,..,..,..
....Cagayan,....Marine Municipal Fisheries,..,..,..,..,3022.00,..,..,..,..,14453.00,..,..,..,..,10602.00,..,..,..,..,6083.00,..,..,..,..,7495.00,..,..,..,..,6326.00,..,..,..,..,9044.00,..,..,..,..,5408.00,..,..,..,..,7138.00,..,..,..,..,8057.00,..,..,..,..,9321.00,..,..,..,..,8250.00,..,..,..,..,6526.00,2228.00,1606.00,1336.00,2141.00,7311.00,1211.00,1717.00,524.00,814.00,4266.00,1323.00,1951.00,1805.00,1212.00,6291.00,1533.00,1889.00,1988.00,1310.00,6720.00,2062.00,2081.00,1650.00,1458.00,7251.00,1683.00,2117.00,2475.00,2187.00,8462.00,2187.00,2831.00,3524.00,2900.00,11442.00,2953.00,3442.00,3450.00,3668.00,13513.00,3807.00,3708.00,2175.00,4168.00,13858.00,4948.00,3150.00,3090.00,4392.00,15580.00,5179.00,3757.00,3190.00,2641.00,14767.00,4715.06,3585.00,3244.59,2428.11,13972.76,5060.99,3412.91,3092.80,2845.42,14412.12,5519.06,3846.71,3388.99,2954.59,15709.35,5973.72,4274.76,3823.50,2999.31,17071.29,5918.86,5236.35,3774.45,2942.98,17872.64,6552.41,5743.19,3980.09,3107.44,19383.13,6633.97,6282.65,4178.04,3400.13,20494.79,5823.52,6766.29,4409.84,3575.81,20575.46,3398.74,5419.34,4430.72,3875.05,17123.85,4271.20,5862.38,4349.71,3603.61,18086.90,4532.52,6559.14,4642.76,3983.59,19718.01,4394.27,6689.56,4592.37,3924.72,19600.92,4802.26,6183.29,4662.48,3650.17,19298.20,5156.36,5491.25,4573.50,3615.35,18836.46,4403.18,5610.07,4624.93,3453.93,18092.11,3781.64,5669.68,4554.87,2928.55,16934.74,2855.47,5818.17,4687.02,2737.17,16097.83,2777.65,5929.38,4932.03,2644.29,16283.35,2764.95,5961.21,4467.77,2528.40,15722.32,2946.98,6168.89,4180.48,2471.31,15767.66,2847.64,5451.58,3946.51,1940.60,14186.34,2956.22,5297.42,4027.69,1603.00,13884.32,2871.76,..,..,..,..
....Cagayan,....Inland Municipal Fisheries,..,..,..,..,319.00,..,..,..,..,18.00,..,..,..,..,23.00,..,..,..,..,18.00,..,..,..,..,440.00,..,..,..,..,1302.00,..,..,..,..,1490.00,..,..,..,..,1396.00,..,..,..,..,2272.00,..,..,..,..,2809.00,..,..,..,..,2686.00,..,..,..,..,3188.00,..,..,..,..,3139.00,1275.00,885.00,438.00,692.00,3290.00,977.00,466.00,645.00,622.00,2710.00,999.00,1079.00,904.00,622.00,3604.00,936.00,1049.00,931.00,677.00,3593.00,1286.00,1120.00,687.00,738.00,3831.00,696.00,584.00,439.00,572.00,2291.00,441.00,371.00,338.00,367.00,1517.00,510.00,492.00,484.00,510.00,1996.00,595.00,734.00,780.00,785.00,2894.00,785.00,975.00,910.00,656.00,3326.00,904.00,1204.00,848.00,821.00,3777.00,934.00,1221.00,1156.17,736.00,4047.17,839.25,995.07,1196.50,863.58,3894.40,1165.00,1225.53,1306.00,979.01,4675.54,1797.00,1413.29,1593.42,1300.33,6104.04,2109.66,1524.98,2185.60,1496.53,7316.77,2324.06,1756.26,2406.89,1650.60,8137.81,2315.47,1577.59,2186.55,2016.34,8095.95,2461.09,1621.75,2399.17,2302.18,8784.19,2271.01,1589.01,2591.39,2589.93,9041.34,2307.08,1385.57,2498.39,2871.19,9062.23,2164.03,1102.09,1989.59,2413.41,7669.12,1677.34,1066.26,1605.67,1870.34,6219.61,1309.72,814.25,1536.27,1576.03,5236.27,1124.31,1024.35,1353.36,1458.04,4960.06,1089.09,883.82,1421.96,1175.19,4570.06,1033.43,910.02,1815.50,1220.43,4979.38,994.35,952.27,1778.90,1183.56,4909.08,1029.33,965.88,1736.29,1224.70,4956.20,1039.65,984.35,1323.48,1099.40,4446.89,1075.73,1156.33,1350.03,1124.30,4706.40,1039.21,1150.09,1403.23,1067.72,4660.24,1125.59,1103.88,1420.84,1101.00,4751.32,1056.62,..,..,..,..
....Cagayan,..Aquaculture,..,..,..,..,161.00,..,..,..,..,739.00,..,..,..,..,748.00,..,..,..,..,666.00,..,..,..,..,841.00,..,..,..,..,855.00,..,..,..,..,1373.00,..,..,..,..,1462.00,..,..,..,..,1401.00,..,..,..,..,1516.00,..,..,..,..,1703.00,..,..,..,..,1944.00,..,..,..,..,1795.00,229.00,132.00,161.00,122.00,644.00,210.00,177.00,201.00,39.00,627.00,192.00,413.30,100.00,63.00,768.30,217.00,458.00,120.00,116.00,911.00,202.00,595.00,155.00,153.00,1105.00,113.00,430.00,219.00,298.00,1060.00,215.00,495.00,218.20,276.00,1204.20,252.00,591.00,280.00,323.00,1446.00,253.00,728.00,518.00,367.00,1866.00,309.00,702.00,463.00,419.00,1893.00,310.40,1183.50,518.70,411.10,2423.70,284.70,748.00,255.50,344.33,1632.53,350.10,1415.29,783.28,1672.09,4220.76,901.81,2700.19,1507.23,1632.08,6741.31,1034.90,2931.23,1357.47,1926.82,7250.42,994.68,3492.95,2352.66,1616.40,8456.70,1009.60,3677.35,2371.72,995.77,8054.44,755.92,3306.75,1662.57,1004.96,6730.21,574.27,3363.34,1736.97,1054.91,6729.49,527.83,2776.31,1583.70,1579.60,6467.44,1616.27,3422.75,1377.63,1380.86,7797.52,767.08,2535.56,1130.37,1387.95,5820.95,664.07,2668.97,1285.95,1227.91,5846.91,709.78,2271.83,1068.38,1032.48,5082.47,497.89,2286.66,1422.22,949.02,5155.79,333.14,2376.13,1724.52,871.92,5305.71,295.79,2488.01,1726.55,888.36,5398.72,263.23,3012.09,1820.00,1092.53,6187.85,245.93,3281.60,1905.34,1222.73,6655.60,653.72,3660.47,2369.14,1126.13,7809.45,717.78,3794.30,2438.54,1101.55,8052.17,836.17,2709.77,2617.06,1031.50,7194.51,793.70,3069.26,2695.32,936.62,7494.89,722.82,..,..,..,..
....Isabela,FISHERIES,..,..,..,..,345.00,..,..,..,..,233.00,..,..,..,..,270.00,..,..,..,..,275.00,..,..,..,..,457.00,..,..,..,..,1199.00,..,..,..,..,1431.00,..,..,..,..,1600.00,..,..,..,..,2143.00,..,..,..,..,2518.00,..,..,..,..,2540.00,..,..,..,..,2992.00,..,..,..,..,2875.00,1126.00,801.00,559.00,427.00,2913.00,753.00,565.00,409.00,479.00,2206.00,692.00,420.00,718.00,362.00,2192.00,732.00,451.00,737.00,403.00,2323.00,609.00,318.00,628.00,656.00,2211.00,451.00,331.00,488.00,478.00,1748.00,503.00,449.00,719.00,893.00,2564.00,647.00,482.00,901.00,924.00,2954.00,778.00,644.00,1245.00,1217.00,3884.00,1011.00,876.00,1188.00,1311.00,4386.00,1050.00,962.00,1103.00,1112.00,4227.00,1324.00,1299.00,1197.54,1325.70,5146.24,1516.85,1400.95,1331.03,1633.77,5882.60,1535.83,1301.72,1477.23,1671.30,5986.09,1222.73,1432.28,2219.15,2298.09,7172.24,1829.77,1775.37,2324.55,2228.94,8158.64,1967.81,2126.27,2423.84,2010.99,8528.90,2590.01,1504.56,1495.60,2190.21,7780.38,1908.68,2401.61,1992.89,2745.99,9049.16,2158.62,2189.91,2867.89,2985.37,10201.79,2214.41,2453.92,2881.12,3307.69,10857.13,2348.59,2480.28,2815.94,2833.58,10478.40,2283.74,2703.43,2120.05,2625.28,9732.51,2412.58,2560.01,2153.52,2357.94,9484.04,2233.11,2615.18,2206.20,2479.75,9534.25,2310.27,2356.16,1968.27,2324.89,8959.58,2325.64,2271.44,2128.98,2299.48,9025.53,2161.87,2223.84,2117.54,2262.22,8765.47,2287.27,2308.87,2261.03,2415.76,9272.94,2264.53,2626.45,2475.79,2572.35,9939.11,2217.37,2553.69,2506.45,2453.00,9730.51,2196.49,2706.59,2524.51,2262.21,9689.79,2180.76,2781.19,2586.52,2401.21,9949.68,2343.88,..,..,..,..
....Isabela,..Commercial Fisheries,..,..,..,..,..,..,..,..,..,..,..,..,..,..,..,..,..,..,..,..,..,..,..,..,..,..,..,..,..,..,..,..,..,..,..,..,..,..,..,..,..,..,..,..,..,..,..,..,..,..,..,..,..,..,..,..,..,..,..,..,..,..,..,..,..,.,.,.,.,.,.,.,.,.,.,.,.,.,.,.,.,.,.,.,.,.,.,.,.,.,.,.,.,.,.,.,.,.,.,.,.,.,.,.,.,.,.,.,.,.,.,.,.,.,.,.,.,.,.,.,.,.,.,.,.,.,.,.,.,.,.,.,.,.,.,.,.,.,.,.,.,.,.,.,.,.,.,.,.,.,.,.,.,.,.,.,.,.,.,.,.,.,.,.,.,.,.,.,.,.,.,.,.,.,.,.,.,.,.,.,.,.,.,.,.,.,.,.,.,.,.,.,.,.,.,.,.,.,.,.,.,.,.,.,.,.,.,.,.,.,.,32.10,45.37,29.47,106.94,23.06,38.04,31.86,22.21,115.16,16.47,26.78,23.47,16.22,82.93,21.25,27.90,25.19,28.89,103.22,61.63,..,..,..,..
....Isabela,..Municipal Fisheries,..,..,..,..,330.00,..,..,..,..,9.00,..,..,..,..,30.00,..,..,..,..,49.00,..,..,..,..,168.00,..,..,..,..,722.00,..,..,..,..,865.00,..,..,..,..,1027.00,..,..,..,..,1511.00,..,..,..,..,1838.00,..,..,..,..,1776.00,..,..,..,..,2120.00,..,..,..,..,2070.00,357.00,439.00,306.00,186.00,1288.00,246.00,252.00,244.00,422.00,1164.00,414.00,355.00,280.00,283.00,1332.00,387.00,337.00,307.00,354.00,1385.00,330.00,210.00,258.00,220.00,1018.00,247.00,212.00,182.00,105.00,746.00,287.00,250.00,348.00,392.00,1277.00,291.00,261.00,374.00,391.00,1317.00,301.00,299.00,426.00,440.00,1466.00,359.00,384.00,374.00,482.00,1599.00,426.00,453.00,483.00,499.00,1861.00,596.00,555.00,457.00,424.00,2032.00,545.00,587.00,584.00,493.00,2209.00,633.00,518.57,495.40,450.17,2097.14,487.54,539.56,838.95,622.95,2489.00,507.33,555.04,813.48,638.75,2514.60,676.87,692.40,818.49,679.16,2866.92,786.87,678.78,843.21,944.59,3253.45,854.83,825.37,767.74,774.90,3222.84,922.29,837.97,1011.36,926.23,3697.85,987.83,1073.71,1100.57,1092.61,4254.72,1049.08,992.75,927.16,944.79,3913.78,971.19,1050.72,862.50,963.25,3847.66,921.51,998.83,871.95,868.70,3660.99,911.40,1022.65,932.73,943.66,3810.44,867.89,953.14,845.78,843.88,3510.69,780.54,958.73,890.53,843.85,3473.65,695.84,904.42,877.59,838.88,3316.73,789.40,920.64,973.04,948.33,3631.41,839.31,1059.38,1144.59,1076.13,4119.41,877.32,1148.32,1143.79,1028.38,4197.81,771.80,993.42,993.31,942.21,3700.74,838.91,917.69,965.68,930.69,3652.98,944.90,..,..,..,..
....Isabela,....Marine Municipal Fisheries,..,..,..,..,..,..,..,..,..,..,..,..,..,..,..,..,..,..,..,..,..,..,..,..,..,..,..,..,..,..,..,..,..,..,..,..,..,..,..,233.00,..,..,..,..,251.00,..,..,..,..,283.00,..,..,..,..,311.00,..,..,..,..,343.00,..,..,..,..,320.00,106.00,93.00,59.00,94.00,352.00,56.00,55.00,23.00,70.00,204.00,61.00,69.00,18.00,19.00,167.00,56.00,59.00,18.00,16.00,149.00,24.00,30.00,20.00,13.00,87.00,20.00,31.00,25.00,12.00,88.00,16.00,30.00,23.00,14.00,83.00,18.00,32.00,20.00,15.00,85.00,23.00,34.00,50.00,17.00,124.00,28.00,32.00,30.00,32.00,122.00,42.00,44.00,67.00,31.00,184.00,36.00,73.00,68.00,52.00,229.00,35.00,85.00,91.00,70.00,281.00,48.00,80.75,72.45,63.30,264.50,52.50,93.46,140.15,86.30,372.41,49.92,100.56,152.74,103.17,406.39,120.31,161.90,157.02,101.20,540.43,136.85,168.40,174.16,97.62,577.03,92.98,165.23,131.07,132.46,521.74,140.76,157.38,195.98,168.44,662.56,150.64,166.21,160.72,149.18,626.75,149.25,241.53,193.40,160.77,744.95,143.10,229.53,180.82,173.51,726.96,196.05,239.74,177.26,170.41,783.46,178.32,220.45,172.45,174.17,745.39,166.05,221.95,166.14,168.48,722.62,168.88,232.03,171.87,172.29,745.07,163.74,222.09,176.45,167.78,730.06,166.10,223.10,185.34,187.16,761.70,174.23,262.82,331.57,290.80,1059.42,235.41,417.62,403.24,310.95,1367.22,175.86,333.13,320.88,281.32,1111.18,229.13,321.72,310.38,271.21,1132.44,309.24,..,..,..,..
....Isabela,....Inland Municipal Fisheries,..,..,..,..,330.00,..,..,..,..,9.00,..,..,..,..,30.00,..,..,..,..,49.00,..,..,..,..,168.00,..,..,..,..,722.00,..,..,..,..,865.00,..,..,..,..,794.00,..,..,..,..,1260.00,..,..,..,..,1555.00,..,..,..,..,1465.00,..,..,..,..,1777.00,..,..,..,..,1750.00,251.00,346.00,247.00,92.00,936.00,190.00,197.00,221.00,352.00,960.00,353.00,286.00,262.00,264.00,1165.00,331.00,278.00,289.00,338.00,1236.00,306.00,180.00,238.00,207.00,931.00,227.00,181.00,157.00,93.00,658.00,271.00,220.00,325.00,378.00,1194.00,273.00,229.00,354.00,376.00,1232.00,278.00,265.00,376.00,423.00,1342.00,331.00,352.00,344.00,450.00,1477.00,384.00,409.00,416.00,468.00,1677.00,560.00,482.00,389.00,372.00,1803.00,510.00,502.00,493.00,423.00,1928.00,585.00,437.82,422.95,386.87,1832.64,435.04,446.10,698.80,536.65,2116.59,457.41,454.48,660.74,535.58,2108.21,556.56,530.50,661.47,577.96,2326.49,650.02,510.38,669.05,846.97,2676.42,761.85,660.14,636.67,642.44,2701.10,781.53,680.59,815.38,757.79,3035.29,837.19,907.50,939.85,943.43,3627.97,899.83,751.22,733.76,784.02,3168.83,828.09,821.19,681.68,789.74,3120.70,725.46,759.09,694.69,698.29,2877.53,733.08,802.20,760.28,769.49,3065.05,701.84,731.19,679.64,675.40,2788.07,611.66,726.70,718.66,671.56,2728.58,532.10,682.33,701.14,671.10,2586.67,623.30,697.54,787.70,761.17,2869.71,665.08,796.56,813.02,785.33,3059.99,641.90,730.70,740.55,717.42,2830.58,595.94,660.29,672.43,660.89,2589.55,609.78,595.98,655.31,659.48,2520.54,635.67,..,..,..,..
....Isabela,..Aquaculture,..,..,..,..,15.00,..,..,..,..,224.00,..,..,..,..,240.00,..,..,..,..,226.00,..,..,..,..,289.00,..,..,..,..,477.00,..,..,..,..,566.00,..,..,..,..,573.00,..,..,..,..,632.00,..,..,..,..,680.00,..,..,..,..,764.00,..,..,..,..,872.00,..,..,..,..,805.00,769.00,362.00,253.00,241.00,1625.00,507.00,313.00,165.00,57.00,1042.00,278.00,65.00,438.00,79.00,860.00,345.00,114.00,430.00,49.00,938.00,279.00,108.00,370.00,436.00,1193.00,204.00,119.00,306.00,373.00,1002.00,216.00,199.00,371.00,501.00,1287.00,356.00,221.00,527.00,533.00,1637.00,477.00,345.00,819.00,777.00,2418.00,652.00,492.00,814.00,829.00,2787.00,624.00,509.00,620.00,613.00,2366.00,728.00,744.00,740.54,901.70,3114.24,971.85,813.95,747.03,1140.77,3673.60,902.83,783.15,981.83,1221.13,3888.95,735.19,892.72,1380.20,1675.14,4683.24,1322.44,1220.33,1511.07,1590.19,5644.04,1290.94,1433.87,1605.35,1331.83,5661.98,1803.14,825.78,652.39,1245.62,4526.93,1053.85,1576.24,1225.15,1971.09,5826.32,1236.33,1351.94,1856.53,2059.14,6503.94,1226.58,1380.21,1780.55,2215.08,6602.41,1299.51,1487.53,1888.78,1888.79,6564.62,1312.55,1652.71,1257.55,1662.03,5884.85,1491.07,1561.18,1281.57,1489.24,5823.05,1321.71,1592.53,1273.47,1536.09,5723.81,1442.38,1403.02,1122.49,1481.01,5448.89,1545.10,1312.71,1238.45,1455.63,5551.88,1466.03,1319.42,1239.95,1423.34,5448.74,1497.87,1388.23,1287.99,1467.43,5641.53,1425.22,1534.97,1285.83,1466.74,5712.76,1316.99,1367.33,1330.81,1402.42,5417.54,1408.22,1686.39,1507.73,1303.78,5906.12,1320.60,1835.60,1595.65,1441.63,6193.47,1337.34,..,..,..,..
....Nueva Vizcaya,FISHERIES,..,..,..,..,42.00,..,..,..,..,37.00,..,..,..,..,44.00,..,..,..,..,57.00,..,..,..,..,297.00,..,..,..,..,570.00,..,..,..,..,588.00,..,..,..,..,601.00,..,..,..,..,332.00,..,..,..,..,323.00,..,..,..,..,745.00,..,..,..,..,757.00,..,..,..,..,720.00,22.00,14.00,8.00,20.00,64.00,29.00,29.00,8.00,16.00,82.00,9.00,7.00,6.00,61.00,83.00,8.00,7.00,5.00,41.00,61.00,6.00,10.00,66.00,9.00,91.00,19.00,3.00,51.00,8.00,81.00,150.00,134.00,169.00,184.00,637.00,161.00,146.00,179.90,172.93,659.83,174.00,147.00,203.00,187.00,711.00,210.00,211.60,188.00,147.00,756.60,239.00,200.70,200.00,154.48,794.18,237.40,228.30,222.70,124.33,812.73,308.86,261.80,323.30,335.67,1229.63,393.66,280.81,356.37,221.63,1252.47,313.45,331.98,484.70,285.66,1415.77,370.55,422.65,619.25,342.26,1754.72,439.25,350.50,703.06,392.05,1884.87,368.12,265.03,540.85,430.36,1604.35,416.88,403.38,639.69,338.63,1798.58,482.84,458.49,721.13,390.15,2052.61,533.44,559.71,681.84,498.41,2273.39,537.13,548.30,706.54,540.37,2332.33,444.60,393.18,456.71,391.11,1685.60,457.37,407.17,498.50,428.71,1791.75,476.26,570.40,384.53,403.61,1834.81,363.42,595.68,374.82,410.80,1744.72,358.60,616.14,367.64,447.85,1790.23,435.94,661.26,414.80,360.46,1872.46,426.70,726.69,393.89,349.19,1896.48,596.51,656.34,358.00,397.72,2008.56,203.75,1213.82,443.87,488.97,2350.41,377.23,613.82,373.99,191.74,1556.79,497.28,528.55,341.90,302.61,1670.34,511.94,..,..,..,..
....Nueva Vizcaya,..Commercial Fisheries,..,..,..,..,..,..,..,..,..,..,..,..,..,..,..,..,..,..,..,..,..,..,..,..,..,..,..,..,..,..,..,..,..,..,..,..,..,..,..,..,..,..,..,..,..,..,..,..,..,..,..,..,..,..,..,..,..,..,..,..,..,..,..,..,..,.,.,.,.,.,.,.,.,.,.,.,.,.,.,.,.,.,.,.,.,.,.,.,.,.,.,.,.,.,.,.,.,.,.,.,.,.,.,.,.,.,.,.,.,.,.,.,.,.,.,.,.,.,.,.,.,.,.,.,.,.,.,.,.,.,.,.,.,.,.,.,.,.,.,.,.,.,.,.,.,.,.,.,.,.,.,.,.,.,.,.,.,.,.,.,.,.,.,.,.,.,.,.,.,.,.,.,.,.,.,.,.,.,.,.,.,.,.,.,.,.,.,.,.,.,.,.,.,.,.,.,.,.,.,.,.,.,.,.,.,.,.,.,.,.,.,.,.,.,.,.,.,.,.,.,.,.,.,.,.,.,.,.,.,.,.,..,..,..,..
....Nueva Vizcaya,..Municipal Fisheries,..,..,..,..,42.00,..,..,..,..,2.00,..,..,..,..,..,..,..,..,..,6.00,..,..,..,..,131.00,..,..,..,..,355.00,..,..,..,..,372.00,..,..,..,..,364.00,..,..,..,..,26.00,..,..,..,..,..,..,..,..,..,382.00,..,..,..,..,343.00,..,..,..,..,338.00,..,..,..,..,..,..,..,..,..,..,..,..,..,..,..,..,..,..,..,..,..,..,..,..,..,..,..,..,..,..,125.00,130.00,107.00,118.00,480.00,138.00,141.00,110.00,120.00,509.00,150.00,142.00,128.00,110.00,530.00,161.00,168.00,136.00,103.00,568.00,168.00,144.00,106.00,81.00,499.00,154.00,168.00,105.00,69.00,496.00,217.50,182.50,184.00,173.05,757.05,219.25,130.10,148.74,123.72,621.81,153.24,161.07,164.58,157.28,636.17,184.78,187.14,196.42,183.52,751.86,214.12,171.20,223.39,210.95,819.66,188.28,156.20,212.43,220.05,776.96,209.06,187.58,236.79,187.09,820.52,231.37,204.92,253.67,209.90,899.86,244.60,272.15,329.90,291.05,1137.70,289.77,290.88,295.59,310.72,1186.96,268.61,237.16,234.48,209.82,950.07,240.08,207.05,212.73,242.42,902.28,199.41,176.11,187.93,167.04,730.49,167.42,148.44,185.37,157.44,658.67,157.33,153.52,186.55,162.02,659.42,151.43,142.88,192.18,150.59,637.08,147.19,170.26,194.16,174.78,686.39,176.69,170.76,180.62,180.44,708.52,159.31,135.07,127.59,110.35,532.32,153.15,110.57,103.28,109.73,476.73,159.63,112.05,104.16,143.73,519.56,166.47,..,..,..,..
....Nueva Vizcaya,....Marine Municipal Fisheries,..,..,..,..,..,..,..,..,..,..,..,..,..,..,..,..,..,..,..,..,..,..,..,..,..,..,..,..,..,..,..,..,..,..,..,..,..,..,..,..,..,..,..,..,..,..,..,..,..,..,..,..,..,..,..,..,..,..,..,..,..,..,..,..,..,.,.,.,.,.,.,.,.,.,.,.,.,.,.,.,.,.,.,.,.,.,.,.,.,.,.,.,.,.,.,.,.,.,.,.,.,.,.,.,.,.,.,.,.,.,.,.,.,.,.,.,.,.,.,.,.,.,.,.,.,.,.,.,.,.,.,.,.,.,.,.,.,.,.,.,.,.,.,.,.,.,.,.,.,.,.,.,.,.,.,.,.,.,.,.,.,.,.,.,.,.,.,.,.,.,.,.,.,.,.,.,.,.,.,.,.,.,.,.,.,.,.,.,.,.,.,.,.,.,.,.,.,.,.,.,.,.,.,.,.,.,.,.,.,.,.,.,.,.,.,.,.,.,.,.,.,.,.,.,.,.,.,.,.,.,.,..,..,..,..
....Nueva Vizcaya,....Inland Municipal Fisheries,..,..,..,..,42.00,..,..,..,..,2.00,..,..,..,..,..,..,..,..,..,6.00,..,..,..,..,131.00,..,..,..,..,355.00,..,..,..,..,372.00,..,..,..,..,364.00,..,..,..,..,26.00,..,..,..,..,..,..,..,..,..,382.00,..,..,..,..,343.00,..,..,..,..,338.00,..,..,..,..,..,..,..,..,..,..,..,..,..,..,..,..,..,..,..,..,..,..,..,..,..,..,..,..,..,..,125.00,130.00,107.00,118.00,480.00,138.00,141.00,110.00,120.00,509.00,150.00,142.00,128.00,110.00,530.00,161.00,168.00,136.00,103.00,568.00,168.00,144.00,106.00,81.00,499.00,154.00,168.00,105.00,69.00,496.00,217.50,182.50,184.00,173.05,757.05,219.25,130.10,148.74,123.72,621.81,153.24,161.07,164.58,157.28,636.17,184.78,187.14,196.42,183.52,751.86,214.12,171.20,223.39,210.95,819.66,188.28,156.20,212.43,220.05,776.96,209.06,187.58,236.79,187.09,820.52,231.37,204.92,253.67,209.90,899.86,244.60,272.15,329.90,291.05,1137.70,289.77,290.88,295.59,310.72,1186.96,268.61,237.16,234.48,209.82,950.07,240.08,207.05,212.73,242.42,902.28,199.41,176.11,187.93,167.04,730.49,167.42,148.44,185.37,157.44,658.67,157.33,153.52,186.55,162.02,659.42,151.43,142.88,192.18,150.59,637.08,147.19,170.26,194.16,174.78,686.39,176.69,170.76,180.62,180.44,708.52,159.31,135.07,127.59,110.35,532.32,153.15,110.57,103.28,109.73,476.73,159.63,112.05,104.16,143.73,519.56,166.47,..,..,..,..
....Nueva Vizcaya,..Aquaculture,..,..,..,..,..,..,..,..,..,35.00,..,..,..,..,44.00,..,..,..,..,51.00,..,..,..,..,166.00,..,..,..,..,215.00,..,..,..,..,216.00,..,..,..,..,237.00,..,..,..,..,306.00,..,..,..,..,323.00,..,..,..,..,363.00,..,..,..,..,414.00,..,..,..,..,382.00,22.00,14.00,8.00,20.00,64.00,29.00,29.00,8.00,16.00,82.00,9.00,7.00,6.00,61.00,83.00,8.00,7.00,5.00,41.00,61.00,6.00,10.00,66.00,9.00,91.00,19.00,3.00,51.00,8.00,81.00,25.00,4.00,62.00,66.00,157.00,23.00,5.00,69.90,52.93,150.83,24.00,5.00,75.00,77.00,181.00,49.00,43.60,52.00,44.00,188.60,71.00,56.70,94.00,73.48,295.18,83.40,60.30,117.70,55.33,316.73,91.36,79.30,139.29,162.62,472.58,174.41,150.71,207.63,97.91,630.66,160.21,170.91,320.12,128.38,779.60,185.77,235.51,422.83,158.74,1002.86,225.13,179.30,479.67,181.10,1065.21,179.84,108.83,328.42,210.31,827.39,207.82,215.80,402.90,151.54,978.06,251.47,253.57,467.46,180.25,1152.75,288.84,287.56,351.94,207.36,1135.69,247.36,257.42,410.95,229.65,1145.37,175.99,156.02,222.23,181.29,735.53,217.29,200.12,285.77,186.29,889.47,276.85,394.29,196.60,236.57,1104.32,196.00,447.24,189.45,253.36,1086.05,201.27,462.62,181.09,285.83,1130.81,284.51,518.38,222.62,209.87,1235.38,279.51,556.43,199.73,174.41,1210.09,419.82,485.58,177.37,217.28,1300.05,44.44,1078.75,316.27,378.62,1818.09,224.08,503.25,270.71,82.01,1080.06,337.65,416.50,237.74,158.88,1150.78,345.47,..,..,..,..
....Quirino,FISHERIES,..,..,..,..,23.00,..,..,..,..,44.00,..,..,..,..,91.00,..,..,..,..,91.00,..,..,..,..,242.00,..,..,..,..,161.00,..,..,..,..,73.00,..,..,..,..,137.00,..,..,..,..,79.00,..,..,..,..,75.00,..,..,..,..,127.00,..,..,..,..,138.00,..,..,..,..,130.00,72.00,281.00,25.00,51.00,429.00,56.00,125.00,6.00,22.00,209.00,14.00,54.00,4.00,91.00,163.00,13.00,29.00,5.00,25.00,72.00,9.00,20.00,6.00,27.00,62.00,19.00,12.00,8.00,21.00,60.00,56.00,71.00,23.00,50.00,200.00,72.00,81.00,53.00,86.00,292.00,128.00,174.00,221.00,190.00,713.00,153.00,132.00,154.00,222.00,661.00,194.00,126.20,119.71,138.05,577.96,162.15,179.70,133.62,77.59,553.06,189.97,137.15,122.45,230.60,680.17,173.28,141.40,113.86,133.60,562.14,181.98,156.53,128.16,152.99,619.66,205.43,174.90,152.18,169.68,702.19,223.00,233.96,173.41,229.41,859.78,265.85,95.11,70.74,205.74,637.44,267.20,191.18,150.07,220.35,828.81,241.94,238.58,235.72,352.34,1068.58,226.50,366.71,184.02,400.11,1177.34,200.68,269.59,199.55,412.65,1082.46,174.59,150.31,100.87,327.42,753.20,205.31,143.65,121.86,412.42,883.23,194.53,253.50,133.61,341.28,922.92,193.81,239.90,117.88,315.68,867.27,181.01,231.10,131.24,318.66,862.01,169.40,206.48,127.73,295.35,798.97,156.72,211.52,119.15,349.51,836.90,173.32,242.94,218.00,320.12,954.39,198.23,297.15,234.46,351.45,1081.29,233.97,246.07,286.70,313.74,1080.48,217.54,245.94,320.88,393.03,1177.39,252.86,..,..,..,..
....Quirino,..Commercial Fisheries,..,..,..,..,..,..,..,..,..,..,..,..,..,..,..,..,..,..,..,..,..,..,..,..,..,..,..,..,..,..,..,..,..,..,..,..,..,..,..,..,..,..,..,..,..,..,..,..,..,..,..,..,..,..,..,..,..,..,..,..,..,..,..,..,..,.,.,.,.,.,.,.,.,.,.,.,.,.,.,.,.,.,.,.,.,.,.,.,.,.,.,.,.,.,.,.,.,.,.,.,.,.,.,.,.,.,.,.,.,.,.,.,.,.,.,.,.,.,.,.,.,.,.,.,.,.,.,.,.,.,.,.,.,.,.,.,.,.,.,.,.,.,.,.,.,.,.,.,.,.,.,.,.,.,.,.,.,.,.,.,.,.,.,.,.,.,.,.,.,.,.,.,.,.,.,.,.,.,.,.,.,.,.,.,.,.,.,.,.,.,.,.,.,.,.,.,.,.,.,.,.,.,.,.,.,.,.,.,.,.,.,.,.,.,.,.,.,.,.,.,.,.,.,.,.,.,.,.,.,.,.,..,..,..,..
....Quirino,..Municipal Fisheries,..,..,..,..,23.00,..,..,..,..,7.00,..,..,..,..,6.00,..,..,..,..,6.00,..,..,..,..,171.00,..,..,..,..,64.00,..,..,..,..,21.00,..,..,..,..,66.00,..,..,..,..,8.00,..,..,..,..,..,..,..,..,..,43.00,..,..,..,..,42.00,..,..,..,..,41.00,..,..,..,..,..,..,..,..,..,..,..,..,..,..,..,..,..,..,..,..,..,..,..,..,..,..,..,..,..,..,26.00,31.00,12.00,20.00,89.00,29.00,30.00,11.00,20.00,90.00,32.00,48.00,86.00,49.00,215.00,41.00,53.00,64.00,70.00,228.00,62.00,55.00,56.00,43.00,216.00,59.00,57.00,55.00,37.00,208.00,61.00,54.00,52.90,54.00,221.90,66.00,46.25,41.62,42.50,196.37,51.06,53.69,50.39,47.97,203.11,48.28,47.54,66.38,57.88,220.08,68.90,85.50,84.78,66.32,305.50,101.66,59.95,53.57,61.85,277.03,112.97,71.86,48.58,56.10,289.51,104.75,78.06,81.03,67.66,331.50,94.18,102.82,87.97,121.96,406.93,96.07,100.75,84.25,125.39,406.46,79.28,79.38,63.43,74.85,296.94,86.03,63.10,75.31,150.12,374.56,101.88,68.95,73.87,135.03,379.73,119.20,71.70,66.27,105.02,362.19,115.99,76.38,78.90,100.60,371.87,109.52,78.41,78.88,83.02,349.83,91.23,72.05,68.75,78.64,310.67,83.57,70.18,68.88,84.35,306.98,86.67,122.40,110.60,97.02,416.69,92.69,99.00,114.61,100.25,406.55,95.76,100.57,114.02,102.65,413.00,96.63,..,..,..,..
....Quirino,....Marine Municipal Fisheries,..,..,..,..,..,..,..,..,..,..,..,..,..,..,..,..,..,..,..,..,..,..,..,..,..,..,..,..,..,..,..,..,..,..,..,..,..,..,..,..,..,..,..,..,..,..,..,..,..,..,..,..,..,..,..,..,..,..,..,..,..,..,..,..,..,.,.,.,.,.,.,.,.,.,.,.,.,.,.,.,.,.,.,.,.,.,.,.,.,.,.,.,.,.,.,.,.,.,.,.,.,.,.,.,.,.,.,.,.,.,.,.,.,.,.,.,.,.,.,.,.,.,.,.,.,.,.,.,.,.,.,.,.,.,.,.,.,.,.,.,.,.,.,.,.,.,.,.,.,.,.,.,.,.,.,.,.,.,.,.,.,.,.,.,.,.,.,.,.,.,.,.,.,.,.,.,.,.,.,.,.,.,.,.,.,.,.,.,.,.,.,.,.,.,.,.,.,.,.,.,.,.,.,.,.,.,.,.,.,.,.,.,.,.,.,.,.,.,.,.,.,.,.,.,.,.,.,.,.,.,.,..,..,..,..
....Quirino,....Inland Municipal Fisheries,..,..,..,..,23.00,..,..,..,..,7.00,..,..,..,..,6.00,..,..,..,..,6.00,..,..,..,..,171.00,..,..,..,..,64.00,..,..,..,..,21.00,..,..,..,..,66.00,..,..,..,..,8.00,..,..,..,..,..,..,..,..,..,43.00,..,..,..,..,42.00,..,..,..,..,41.00,..,..,..,..,..,..,..,..,..,..,..,..,..,..,..,..,..,..,..,..,..,..,..,..,..,..,..,..,..,..,26.00,31.00,12.00,20.00,89.00,29.00,30.00,11.00,20.00,90.00,32.00,48.00,86.00,49.00,215.00,41.00,53.00,64.00,70.00,228.00,62.00,55.00,56.00,43.00,216.00,59.00,57.00,55.00,37.00,208.00,61.00,54.00,52.90,54.00,221.90,66.00,46.25,41.62,42.50,196.37,51.06,53.69,50.39,47.97,203.11,48.28,47.54,66.38,57.88,220.08,68.90,85.50,84.78,66.32,305.50,101.66,59.95,53.57,61.85,277.03,112.97,71.86,48.58,56.10,289.51,104.75,78.06,81.03,67.66,331.50,94.18,102.82,87.97,121.96,406.93,96.07,100.75,84.25,125.39,406.46,79.28,79.38,63.43,74.85,296.94,86.03,63.10,75.31,150.12,374.56,101.88,68.95,73.87,135.03,379.73,119.20,71.70,66.27,105.02,362.19,115.99,76.38,78.90,100.60,371.87,109.52,78.41,78.88,83.02,349.83,91.23,72.05,68.75,78.64,310.67,83.57,70.18,68.88,84.35,306.98,86.67,122.40,110.60,97.02,416.69,92.69,99.00,114.61,100.25,406.55,95.76,100.57,114.02,102.65,413.00,96.63,..,..,..,..
....Quirino,..Aquaculture,..,..,..,..,..,..,..,..,..,37.00,..,..,..,..,85.00,..,..,..,..,85.00,..,..,..,..,71.00,..,..,..,..,97.00,..,..,..,..,52.00,..,..,..,..,71.00,..,..,..,..,71.00,..,..,..,..,75.00,..,..,..,..,84.00,..,..,..,..,96.00,..,..,..,..,89.00,72.00,281.00,25.00,51.00,429.00,56.00,125.00,6.00,22.00,209.00,14.00,54.00,4.00,91.00,163.00,13.00,29.00,5.00,25.00,72.00,9.00,20.00,6.00,27.00,62.00,19.00,12.00,8.00,21.00,60.00,30.00,40.00,11.00,30.00,111.00,43.00,51.00,42.00,66.00,202.00,96.00,126.00,135.00,141.00,498.00,112.00,79.00,90.00,152.00,433.00,132.00,71.20,63.71,95.05,361.96,103.15,122.70,78.62,40.59,345.06,128.97,83.15,69.55,176.60,458.27,107.28,95.15,72.24,91.10,365.77,130.92,102.84,77.77,105.02,416.55,157.15,127.36,85.80,111.80,482.11,154.10,148.46,88.63,163.09,554.28,164.19,35.16,17.17,143.89,360.41,154.23,119.32,101.49,164.25,539.30,137.19,160.52,154.69,284.68,737.08,132.32,263.89,96.05,278.15,770.41,104.61,168.84,115.30,287.26,676.00,95.31,70.93,37.44,252.57,456.26,119.28,80.55,46.55,262.30,508.67,92.65,184.55,59.74,206.25,543.19,74.61,168.20,51.61,210.66,505.08,65.02,154.72,52.34,218.06,490.14,59.88,128.07,48.85,212.33,449.14,65.49,139.47,50.40,270.87,526.23,89.75,172.76,149.12,235.77,647.41,111.55,174.75,123.86,254.43,664.59,141.28,147.06,172.09,213.49,673.92,121.78,145.37,206.86,290.38,764.39,156.24,..,..,..,..
..Region III (Central Luzon),FISHERIES,..,..,..,..,56473.00,..,..,..,..,85981.00,..,..,..,..,99567.00,..,..,..,..,99236.00,..,..,..,..,105089.00,..,..,..,..,114174.00,..,..,..,..,115699.00,..,..,..,..,136447.00,..,..,..,..,140608.00,..,..,..,..,147520.00,..,..,..,..,154918.08,..,..,..,..,155475.25,..,..,..,..,131272.00,36384.00,29777.00,16520.00,34502.00,117183.00,40416.00,34704.00,24171.00,37531.00,136822.00,39162.06,33743.00,19791.00,38267.00,130963.06,31411.00,32774.00,18008.00,41860.00,124053.00,33108.00,31394.00,19683.00,40510.00,124695.00,36068.00,29505.00,18536.00,30936.00,115045.00,36993.00,32912.00,18115.00,31068.00,119088.00,42145.00,41272.00,23352.30,33399.05,140168.35,50316.00,55254.00,37592.00,42084.00,185246.00,50560.10,55085.30,29172.20,47408.00,182225.60,44795.10,59026.40,29306.90,48662.34,181790.74,47494.58,63273.55,29339.72,46019.57,186127.42,52986.61,63593.62,36937.25,55825.20,209342.68,75081.62,66017.16,37536.03,57499.48,236134.29,84065.97,74526.28,38237.39,62545.37,259375.01,93305.30,76256.99,42379.74,62984.07,274926.09,94293.67,76323.88,40822.63,60673.73,272113.90,90113.75,70605.44,39840.27,64119.57,264679.04,86314.73,72835.47,39042.79,60773.92,258966.91,83886.28,73107.53,37312.71,65088.76,259395.28,90512.71,75909.07,35199.93,67938.80,269560.51,94197.78,77147.96,36974.94,69726.07,278046.75,94519.14,73869.42,37960.00,70620.47,276969.03,88509.38,76325.61,38722.47,69094.30,272651.76,92609.51,83230.72,39825.20,71827.90,287493.33,92190.93,97200.21,41725.47,78465.60,309582.19,91366.73,113774.17,36457.38,80566.06,322164.34,89100.84,139976.78,39905.08,77648.33,346631.03,95744.96,140826.25,45600.57,86750.42,368922.21,97440.19,130788.34,45903.41,90353.66,364485.60,106941.29,101947.01,58585.43,86932.03,354405.76,115484.95,93771.43,49767.51,86699.93,345723.82,113188.01,100658.57,52709.53,85175.69,351731.79,110521.94,..,..,..,..
..Region III (Central Luzon),..Commercial Fisheries,..,..,..,..,4358.00,..,..,..,..,7954.00,..,..,..,..,7792.00,..,..,..,..,7207.00,..,..,..,..,7941.00,..,..,..,..,8280.00,..,..,..,..,7975.00,..,..,..,..,9077.00,..,..,..,..,9930.00,..,..,..,..,9717.00,..,..,..,..,10321.00,..,..,..,..,8270.00,..,..,..,..,6031.00,1678.00,990.00,1411.00,1494.00,5573.00,1714.00,2080.00,1569.00,3865.00,9228.00,2153.00,1750.00,2062.00,2194.00,8159.00,2134.00,1645.00,1631.00,2881.00,8291.00,2238.00,1416.00,2261.00,3517.00,9432.00,3760.00,1674.00,1990.00,2959.00,10383.00,3379.00,2298.00,2137.00,3136.00,10950.00,3665.00,2992.00,2325.00,3304.00,12286.00,3986.00,3758.00,2537.00,3810.00,14091.00,3376.00,2978.00,2004.00,3148.00,11506.00,3069.00,3461.00,2110.00,2427.00,11067.00,2948.00,3591.37,2218.31,2538.25,11295.93,2240.79,2593.61,2239.77,2478.83,9553.00,2057.96,2745.18,2810.72,2357.06,9970.92,2323.70,2792.30,2549.35,2274.70,9940.05,2196.22,2692.73,2361.77,1729.15,8979.87,2472.36,1419.76,1095.55,885.60,5873.27,1642.33,1017.48,831.51,844.46,4335.78,1869.46,978.18,682.42,1018.93,4548.99,1225.37,731.85,549.03,859.85,3366.10,1256.91,736.64,525.38,823.90,3342.83,2616.98,1197.02,944.76,2058.77,6817.53,2265.79,1110.75,949.59,2269.00,6595.13,1509.00,1071.16,1055.15,1254.79,4890.10,1260.96,994.68,2459.21,1194.00,5908.85,872.59,835.02,1935.57,3473.50,7116.68,1039.17,2121.69,1780.62,3391.99,8333.47,826.07,685.87,1392.19,1025.69,3929.82,639.74,734.49,1095.03,743.99,3213.25,870.13,1290.61,1148.02,4652.57,7961.33,1074.12,1922.11,785.22,2582.39,6363.83,725.63,1277.46,1095.78,1205.55,4304.41,1161.63,1340.18,1287.82,993.14,4782.78,961.17,..,..,..,..
..Region III (Central Luzon),..Municipal Fisheries,..,..,..,..,17147.00,..,..,..,..,18806.00,..,..,..,..,21682.00,..,..,..,..,21580.00,..,..,..,..,23234.00,..,..,..,..,26150.00,..,..,..,..,29359.00,..,..,..,..,30584.00,..,..,..,..,32057.00,..,..,..,..,34857.00,..,..,..,..,36888.00,..,..,..,..,39832.00,..,..,..,..,27363.00,7742.00,2816.00,2189.00,2964.00,15711.00,7054.00,3111.00,2499.00,4274.00,16938.00,6560.00,3846.00,3047.00,2731.00,16184.00,3183.00,4150.00,2857.00,3286.00,13476.00,3396.00,3970.00,3191.00,2956.00,13513.00,2957.00,3317.00,3998.00,3503.00,13775.00,2745.00,2884.00,3921.00,3362.00,12912.00,3104.00,3251.00,4101.00,3671.00,14127.00,3502.00,3687.00,4608.00,4285.00,16082.00,3720.00,4594.00,3429.00,6459.00,18202.00,4068.00,5022.00,3945.00,7783.00,20818.00,4479.59,5330.30,5217.11,7809.47,22836.47,8962.03,8718.46,9403.96,9215.27,36299.72,8231.08,8077.56,9219.17,9105.23,34633.04,11231.80,10827.94,10044.37,9841.69,41945.80,11307.24,11425.46,9829.67,9902.48,42464.85,11572.02,10986.86,9371.51,10020.32,41950.71,11329.50,8746.39,9962.48,10521.24,40559.61,12514.75,9196.68,9563.49,10772.13,42047.05,11815.02,8670.49,9114.84,10774.02,40374.37,11918.53,8953.29,9187.93,10625.77,40685.52,11616.81,9353.68,9239.04,10256.80,40466.33,11475.89,9415.74,9791.26,9958.72,40641.61,11556.05,10183.97,10138.18,9744.36,41622.56,14238.53,9293.37,10871.70,9713.57,44117.17,14404.24,11644.24,13813.56,14615.20,54477.24,17279.56,19453.83,7820.46,16305.42,60859.27,13834.81,17161.92,8970.80,13682.14,53649.67,15754.66,21189.56,14180.33,15516.18,66640.73,11985.23,17960.41,11689.11,14543.88,56178.63,11422.25,13496.14,11285.52,12188.62,48392.54,10728.60,10391.35,8920.62,11049.38,41089.95,11076.38,11798.69,8934.24,11272.47,43081.79,8927.61,..,..,..,..
..Region III (Central Luzon),....Marine Municipal Fisheries,..,..,..,..,15137.00,..,..,..,..,14999.00,..,..,..,..,18636.00,..,..,..,..,17777.00,..,..,..,..,17646.00,..,..,..,..,20289.00,..,..,..,..,23371.00,..,..,..,..,24840.00,..,..,..,..,26234.00,..,..,..,..,28973.00,..,..,..,..,29620.00,..,..,..,..,32495.00,..,..,..,..,20139.00,7003.00,2089.00,1562.00,2134.00,12788.00,6260.00,2529.00,1371.00,2870.00,13030.00,5444.00,2769.00,1779.00,1793.00,11785.00,2136.00,3104.00,1657.00,2067.00,8964.00,2269.00,3006.00,2191.00,2028.00,9494.00,1970.00,2240.00,3200.00,2545.00,9955.00,2241.00,2303.00,3373.00,2947.00,10864.00,2516.00,2590.00,3426.00,3238.00,11770.00,2844.00,2988.00,3631.00,3608.00,13071.00,2956.00,3094.00,2221.00,3654.00,11925.00,3161.00,3395.00,2500.00,4651.00,13707.00,3298.04,3459.40,2696.51,4547.87,14001.82,6569.44,7036.08,6716.83,6134.71,26457.06,5894.59,6322.47,5976.63,6255.87,24449.56,7237.19,8205.09,6400.35,6422.83,28265.46,7770.86,9057.06,6169.56,6224.41,29221.89,8291.07,8607.02,5661.81,6077.28,28637.18,8531.14,6830.35,6534.13,6424.03,28319.65,9484.21,7153.99,6454.03,6580.55,29672.78,8868.83,6617.43,5672.34,6607.49,27766.09,8900.10,6638.50,5575.42,6451.59,27565.61,8367.69,6741.12,5750.70,6432.14,27291.65,8145.29,6812.03,6052.20,5780.50,26790.02,8547.71,7652.56,6063.07,5419.14,27682.48,11065.29,6349.25,6814.49,5792.91,30021.94,11366.19,7857.30,9020.24,9868.66,38112.39,13109.57,15607.26,5816.44,11403.83,45937.10,10420.87,14101.00,6688.90,8044.95,39255.72,8662.08,12052.64,5378.45,7303.76,33396.93,8169.61,14284.20,4916.30,7325.09,34695.21,6993.53,8385.53,4276.87,4739.78,24395.70,5275.94,6141.80,3389.47,4353.02,19160.24,6507.95,7698.82,3920.62,5266.94,23394.33,3557.76,..,..,..,..
..Region III (Central Luzon),....Inland Municipal Fisheries,..,..,..,..,2010.00,..,..,..,..,3807.00,..,..,..,..,3046.00,..,..,..,..,3803.00,..,..,..,..,5588.00,..,..,..,..,5861.00,..,..,..,..,5988.00,..,..,..,..,5744.00,..,..,..,..,5823.00,..,..,..,..,5884.00,..,..,..,..,7268.00,..,..,..,..,7337.00,..,..,..,..,7224.00,739.00,727.00,627.00,830.00,2923.00,794.00,582.00,1128.00,1404.00,3908.00,1116.00,1077.00,1268.00,938.00,4399.00,1047.00,1046.00,1200.00,1219.00,4512.00,1127.00,964.00,1000.00,928.00,4019.00,987.00,1077.00,798.00,958.00,3820.00,504.00,581.00,548.00,415.00,2048.00,588.00,661.00,675.00,433.00,2357.00,658.00,699.00,977.00,677.00,3011.00,764.00,1500.00,1208.00,2805.00,6277.00,907.00,1627.00,1445.00,3132.00,7111.00,1181.55,1870.90,2520.60,3261.60,8834.65,2392.59,1682.38,2687.13,3080.56,9842.66,2336.49,1755.09,3242.54,2849.36,10183.48,3994.61,2622.85,3644.02,3418.86,13680.34,3536.38,2368.40,3660.11,3678.07,13242.96,3280.95,2379.84,3709.70,3943.04,13313.53,2798.36,1916.04,3428.35,4097.21,12239.96,3030.54,2042.69,3109.46,4191.58,12374.27,2946.19,2053.06,3442.50,4166.53,12608.28,3018.43,2314.79,3612.51,4174.18,13119.91,3249.12,2612.56,3488.34,3824.66,13174.68,3330.60,2603.71,3739.06,4178.22,13851.59,3008.34,2531.41,4075.11,4325.22,13940.08,3173.24,2944.12,4057.21,3920.66,14095.23,3038.05,3786.94,4793.32,4746.54,16364.85,4169.99,3846.57,2004.02,4901.59,14922.17,3413.94,3060.92,2281.90,5637.19,14393.95,7092.58,9136.92,8801.88,8212.42,33243.80,3815.62,3676.22,6772.80,7218.78,21483.42,4428.72,5110.61,7008.66,7448.85,23996.84,5452.66,4249.55,5531.15,6696.36,21929.72,4568.43,4099.87,5013.62,6005.53,19687.46,5369.85,..,..,..,..
..Region III (Central Luzon),..Aquaculture,..,..,..,..,34968.00,..,..,..,..,59221.00,..,..,..,..,70093.00,..,..,..,..,70449.00,..,..,..,..,73914.00,..,..,..,..,79744.00,..,..,..,..,78365.00,..,..,..,..,96786.00,..,..,..,..,98621.00,..,..,..,..,102946.00,..,..,..,..,107709.08,..,..,..,..,107373.25,..,..,..,..,97878.00,26964.00,25971.00,12920.00,30044.00,95899.00,31648.00,29513.00,20103.00,29392.00,110656.00,30449.06,28147.00,14682.00,33342.00,106620.06,26094.00,26979.00,13520.00,35693.00,102286.00,27474.00,26008.00,14231.00,34037.00,101750.00,29351.00,24514.00,12548.00,24474.00,90887.00,30869.00,27730.00,12057.00,24570.00,95226.00,35376.00,35029.00,16926.30,26424.05,113755.35,42828.00,47809.00,30447.00,33989.00,155073.00,43464.10,47513.30,23739.20,37801.00,152517.60,37658.10,50543.40,23251.90,38452.34,149905.74,40066.99,54351.88,21904.30,35671.85,151995.02,41783.79,52281.55,25293.52,44131.10,163489.96,64792.58,55194.42,25506.14,46037.19,191530.33,70510.47,60906.04,25643.67,50428.98,207489.16,79801.84,62138.80,30188.30,51352.44,223481.37,80249.29,63917.26,30355.57,49767.81,224289.92,77141.92,60841.57,29046.28,52753.87,219783.65,71930.52,62660.61,28796.88,48982.86,212370.87,70845.89,63705.19,27648.84,53454.89,215654.81,77337.27,66219.14,25486.62,56489.13,225532.16,79963.99,66597.26,26791.14,57410.50,230762.89,80777.46,63342.93,27219.15,58392.75,229732.29,75444.33,65070.48,27529.14,58095.15,226139.10,77110.02,72942.67,26494.29,60920.33,237467.31,76914.10,84720.95,25976.34,60376.90,247988.27,73048.00,92198.65,26856.30,60868.65,252971.60,74439.96,122128.99,29542.09,62940.50,289051.54,79350.56,118902.20,30325.21,70490.25,299068.23,84584.83,111537.31,33066.28,71157.22,300345.65,94444.91,86528.76,46514.69,72161.02,299649.39,104030.72,82102.63,39751.11,74445.00,300329.46,100949.99,87519.70,42487.46,72910.08,303867.23,100633.16,..,..,..,..
....Aurora,FISHERIES,..,..,..,..,2590.00,..,..,..,..,2042.00,..,..,..,..,2378.00,..,..,..,..,4097.00,..,..,..,..,1929.00,..,..,..,..,3045.00,..,..,..,..,3352.00,..,..,..,..,5041.00,..,..,..,..,4825.00,..,..,..,..,5035.00,..,..,..,..,4611.08,..,..,..,..,5334.24,..,..,..,..,4790.00,929.00,1025.00,646.00,1097.00,3697.00,544.00,1225.00,535.00,364.00,2668.00,512.00,1268.00,387.00,504.00,2671.00,547.00,1367.00,392.00,456.00,2762.00,481.00,1345.00,602.00,515.00,2943.00,472.00,921.00,831.00,488.00,2712.00,602.00,764.00,821.00,763.00,2950.00,771.00,811.00,912.00,864.00,3358.00,884.00,901.00,1052.00,1047.00,3884.00,953.00,1011.00,1114.00,1126.00,4204.00,983.00,1049.50,1165.00,1119.50,4317.00,985.90,1029.50,1236.50,1133.66,4385.56,1049.00,1085.34,1128.42,1127.12,4389.88,993.69,1107.04,1153.25,1018.00,4271.98,1030.23,1122.10,1138.32,1150.14,4440.78,978.93,990.02,985.50,997.38,3951.84,874.64,742.92,963.67,888.87,3470.11,890.20,1139.34,881.64,881.57,3792.76,833.14,968.60,837.72,828.59,3468.05,877.11,776.73,747.49,850.75,3252.09,946.29,848.22,699.84,815.25,3309.60,1015.13,868.36,754.25,837.96,3475.69,1286.81,855.92,757.46,816.57,3716.77,1070.18,891.83,770.48,773.76,3506.25,981.34,853.20,720.21,694.22,3248.97,901.92,805.75,672.28,658.44,3038.39,792.36,755.25,781.27,618.00,2946.88,704.80,730.20,770.59,268.53,2474.12,608.30,718.20,809.58,302.29,2438.38,510.58,765.75,995.35,396.68,2668.36,509.39,910.34,580.67,484.19,2484.59,454.69,731.62,580.18,546.13,2312.62,480.51,805.53,618.49,674.86,2579.39,547.32,..,..,..,..
....Aurora,..Commercial Fisheries,..,..,..,..,..,..,..,..,..,..,..,..,..,..,..,..,..,..,..,..,..,..,..,..,..,..,..,..,..,..,..,..,..,..,..,..,..,..,..,..,..,..,..,..,..,..,..,..,..,..,..,..,..,..,..,..,..,..,..,..,..,..,..,..,..,..,..,..,..,..,..,..,..,..,..,..,..,..,..,..,..,..,..,..,..,..,..,..,..,..,..,..,..,..,..,..,..,..,..,..,..,..,..,..,..,..,..,..,..,..,..,..,..,..,..,..,..,..,..,..,..,..,..,..,..,5.70,6.12,9.14,11.85,32.81,6.58,13.12,17.15,15.01,51.86,6.28,12.90,35.50,25.92,80.60,9.96,17.64,33.17,24.62,85.39,11.10,33.64,86.26,21.57,152.57,10.29,57.43,24.46,22.06,114.24,14.70,43.43,21.91,24.31,104.35,11.65,37.83,18.14,25.68,93.30,14.59,41.80,16.82,24.83,98.04,15.86,44.90,16.16,21.81,98.73,..,..,15.89,16.76,32.65,14.02,9.20,18.13,16.23,57.58,10.33,27.36,24.61,29.31,91.61,9.85,25.62,23.80,27.94,87.21,7.07,22.19,48.62,25.78,103.66,6.95,21.89,46.88,15.83,91.55,6.63,18.69,47.73,16.82,89.87,6.86,40.77,58.68,17.68,123.99,19.50,56.09,48.04,19.88,143.49,17.44,50.59,48.00,69.94,185.97,36.12,65.20,133.03,65.06,299.41,35.35,..,..,..,..
....Aurora,..Municipal Fisheries,..,..,..,..,2558.00,..,..,..,..,2008.00,..,..,..,..,2344.00,..,..,..,..,4095.00,..,..,..,..,1926.00,..,..,..,..,3042.00,..,..,..,..,3349.00,..,..,..,..,5038.00,..,..,..,..,4821.00,..,..,..,..,5033.00,..,..,..,..,4609.00,..,..,..,..,5332.00,..,..,..,..,4787.00,794.00,1025.00,536.00,1041.00,3396.00,365.00,1208.00,407.00,333.00,2313.00,343.00,1245.00,370.00,477.00,2435.00,393.00,1348.00,383.00,427.00,2551.00,355.00,1324.00,591.00,483.00,2753.00,355.00,904.00,817.00,457.00,2533.00,514.00,732.00,800.00,646.00,2692.00,620.00,711.00,887.00,733.00,2951.00,712.00,746.00,929.00,900.00,3287.00,820.00,836.00,979.00,967.00,3602.00,878.00,896.00,1047.00,967.00,3788.00,839.50,867.50,1078.50,967.06,3752.56,829.80,923.12,969.28,977.77,3699.97,806.41,923.72,985.60,850.39,3566.12,826.25,934.60,964.83,974.41,3700.09,750.67,829.56,821.60,819.40,3221.23,711.14,641.68,798.90,766.56,2918.28,743.88,1022.74,783.10,776.51,3326.23,689.12,873.37,758.48,742.70,3063.67,739.12,694.29,677.11,783.02,2893.54,786.14,749.00,633.17,746.95,2915.26,831.94,775.81,682.62,768.04,3058.41,862.48,809.35,689.88,760.34,3122.05,814.23,820.21,690.17,722.08,3046.69,775.57,777.55,637.94,632.18,2823.24,673.25,732.74,595.31,596.79,2598.09,579.52,673.95,646.44,557.71,2457.62,496.59,658.67,628.03,230.55,2013.84,376.72,647.93,661.42,260.08,1946.15,388.85,626.57,852.71,322.12,2190.25,469.17,804.95,486.66,413.10,2173.89,408.32,648.63,485.47,318.56,1860.97,271.20,610.23,388.36,343.84,1613.63,339.94,..,..,..,..
....Aurora,....Marine Municipal Fisheries,..,..,..,..,2552.00,..,..,..,..,2008.00,..,..,..,..,2344.00,..,..,..,..,4062.00,..,..,..,..,1908.00,..,..,..,..,2985.00,..,..,..,..,3304.00,..,..,..,..,5008.00,..,..,..,..,4793.00,..,..,..,..,5033.00,..,..,..,..,4574.00,..,..,..,..,5298.00,..,..,..,..,4754.00,789.00,1018.00,531.00,1038.00,3376.00,357.00,1203.00,402.00,329.00,2291.00,337.00,1240.00,364.00,472.00,2413.00,387.00,1344.00,376.00,420.00,2527.00,350.00,1320.00,584.00,475.00,2729.00,345.00,895.00,807.00,450.00,2497.00,506.00,720.00,789.00,636.00,2651.00,610.00,698.00,875.00,720.00,2903.00,695.00,728.00,891.00,864.00,3178.00,793.00,803.00,935.00,911.00,3442.00,834.00,846.00,986.00,905.00,3571.00,793.00,814.00,1011.00,899.26,3517.26,765.72,867.51,905.18,908.57,3446.98,747.61,872.45,929.64,785.59,3335.29,771.24,883.80,915.58,903.56,3474.18,699.15,782.88,768.49,761.14,3011.66,656.88,603.13,749.65,713.44,2723.10,688.00,984.30,731.41,724.54,3128.25,636.80,833.04,707.52,687.73,2865.09,688.69,660.65,621.47,726.09,2696.90,727.17,716.02,574.46,688.89,2706.54,768.33,745.28,618.49,708.28,2840.38,797.26,778.96,626.93,699.80,2902.95,748.37,791.30,636.72,660.32,2836.71,725.41,753.27,608.14,600.57,2687.39,646.99,711.37,567.64,567.38,2493.38,562.10,659.82,622.57,542.34,2386.83,482.18,646.45,606.28,217.58,1952.49,360.06,628.04,641.15,247.05,1876.30,360.19,590.72,819.73,308.53,2079.17,450.99,771.24,461.60,392.83,2076.67,391.09,620.48,458.86,300.38,1770.82,252.78,580.00,374.84,321.26,1528.87,308.45,..,..,..,..
....Aurora,....Inland Municipal Fisheries,..,..,..,..,6.00,..,..,..,..,..,..,..,..,..,..,..,..,..,..,33.00,..,..,..,..,18.00,..,..,..,..,57.00,..,..,..,..,45.00,..,..,..,..,30.00,..,..,..,..,28.00,..,..,..,..,..,..,..,..,..,35.00,..,..,..,..,34.00,..,..,..,..,33.00,5.00,7.00,5.00,3.00,20.00,8.00,5.00,5.00,4.00,22.00,6.00,5.00,6.00,5.00,22.00,6.00,4.00,7.00,7.00,24.00,5.00,4.00,7.00,8.00,24.00,10.00,9.00,10.00,7.00,36.00,8.00,12.00,11.00,10.00,41.00,10.00,13.00,12.00,13.00,48.00,17.00,18.00,38.00,36.00,109.00,27.00,33.00,44.00,56.00,160.00,44.00,50.00,61.00,62.00,217.00,46.50,53.50,67.50,67.80,235.30,64.08,55.61,64.10,69.20,252.99,58.80,51.27,55.96,64.80,230.83,55.01,50.80,49.25,70.85,225.91,51.52,46.68,53.11,58.26,209.57,54.26,38.55,49.25,53.12,195.18,55.88,38.44,51.69,51.97,197.98,52.32,40.33,50.96,54.97,198.58,50.43,33.64,55.64,56.93,196.64,58.97,32.98,58.71,58.06,208.72,63.61,30.53,64.13,59.76,218.03,65.22,30.39,62.95,60.54,219.10,65.86,28.91,53.45,61.76,209.98,50.16,24.28,29.80,31.61,135.85,26.26,21.37,27.67,29.41,104.71,17.42,14.13,23.87,15.37,70.79,14.41,12.22,21.75,12.97,61.35,16.66,19.89,20.27,13.03,69.85,28.66,35.86,32.98,13.58,111.08,18.18,33.71,25.06,20.27,97.22,17.23,28.15,26.62,18.17,90.16,18.43,30.23,13.52,22.58,84.76,31.49,..,..,..,..
....Aurora,..Aquaculture,..,..,..,..,32.00,..,..,..,..,34.00,..,..,..,..,34.00,..,..,..,..,2.00,..,..,..,..,3.00,..,..,..,..,3.00,..,..,..,..,3.00,..,..,..,..,3.00,..,..,..,..,4.00,..,..,..,..,2.00,..,..,..,..,2.08,..,..,..,..,2.24,..,..,..,..,3.00,135.00,..,110.00,56.00,301.00,179.00,17.00,128.00,31.00,355.00,169.00,23.00,17.00,27.00,236.00,154.00,19.00,9.00,29.00,211.00,126.00,21.00,11.00,32.00,190.00,117.00,17.00,14.00,31.00,179.00,88.00,32.00,21.00,117.00,258.00,151.00,100.00,25.00,131.00,407.00,172.00,155.00,123.00,147.00,597.00,133.00,175.00,135.00,159.00,602.00,105.00,153.50,118.00,152.50,529.00,146.40,162.00,158.00,166.60,633.00,213.50,156.10,150.00,137.50,657.10,180.70,170.20,150.50,152.60,654.00,197.70,174.60,137.99,149.81,660.09,218.30,142.82,130.73,153.36,645.22,152.40,67.60,78.51,100.74,399.26,136.03,59.17,74.08,83.00,352.29,129.32,51.80,57.33,61.58,300.03,126.34,44.61,52.24,42.05,265.25,145.56,57.42,49.85,43.47,296.30,167.33,47.65,55.47,48.11,318.55,424.33,46.57,51.69,39.47,562.07,241.93,62.42,62.18,35.45,401.98,195.44,48.29,57.66,32.73,334.12,218.82,47.39,53.17,33.71,353.09,205.77,59.11,86.21,34.51,385.60,201.26,49.64,95.68,22.15,368.73,224.95,51.58,100.43,25.39,402.36,114.87,98.41,83.96,56.89,354.12,20.72,49.30,45.97,51.22,167.21,28.93,32.40,46.71,157.63,265.68,173.19,130.10,97.10,265.96,666.35,172.03,..,..,..,..
....Bataan,FISHERIES,..,..,..,..,9626.00,..,..,..,..,13284.00,..,..,..,..,11510.00,..,..,..,..,10151.00,..,..,..,..,11149.00,..,..,..,..,11872.00,..,..,..,..,10251.00,..,..,..,..,11537.00,..,..,..,..,12002.00,..,..,..,..,12735.00,..,..,..,..,15841.92,..,..,..,..,13774.19,..,..,..,..,10923.00,4898.00,4312.00,1764.00,1566.00,12540.00,3987.00,2289.00,3271.00,4844.00,14391.00,4742.00,4110.00,5189.00,5482.00,19523.00,4561.00,3572.00,4164.00,5066.00,17363.00,6000.00,2610.00,3932.00,3876.00,16418.00,6106.00,2314.00,4126.00,4422.00,16968.00,7105.00,3044.00,4091.00,4599.00,18839.00,7557.00,3349.00,4447.00,4904.05,20257.05,8165.00,4526.00,6365.00,6050.00,25106.00,7849.00,4588.00,2996.00,4282.00,19715.00,5635.00,5232.00,3581.00,4146.30,18594.30,5351.97,5407.20,4060.98,4469.40,19289.55,6909.90,7613.32,6660.18,9153.38,30336.78,7109.24,7506.69,5717.02,7821.08,28154.03,7402.13,7768.94,6294.43,8117.68,29583.18,7975.72,8470.54,6297.45,7132.27,29875.98,7623.82,6720.52,5044.76,6056.00,25445.10,6795.66,6208.41,4721.01,5647.92,23373.00,6829.06,6500.03,4586.84,5318.14,23234.07,6453.59,6099.38,4636.36,5234.70,22424.03,6577.11,6260.94,4632.11,5196.88,22667.04,8025.16,6621.96,5059.84,6391.29,26098.25,7705.74,6599.95,5181.13,6585.37,26072.20,7959.87,7087.49,5381.52,5448.71,25877.59,8373.53,6473.90,5650.87,5685.17,26183.47,8795.28,7637.59,6595.54,6759.86,29788.26,7467.73,13875.32,4103.20,9719.06,35165.31,7703.13,12575.35,4766.23,8071.46,33116.16,7319.71,11855.41,4210.61,8114.19,31499.92,7657.44,10222.82,2634.13,3638.16,24152.55,4020.15,5570.93,3090.37,3307.58,15989.03,3370.09,3711.75,1729.87,2837.43,11649.14,3493.57,4139.78,1886.42,2929.92,12449.70,1942.27,..,..,..,..
....Bataan,..Commercial Fisheries,..,..,..,..,3114.00,..,..,..,..,4841.00,..,..,..,..,2357.00,..,..,..,..,1597.00,..,..,..,..,2009.00,..,..,..,..,1616.00,..,..,..,..,1547.00,..,..,..,..,1971.00,..,..,..,..,3123.00,..,..,..,..,2818.00,..,..,..,..,4800.00,..,..,..,..,3122.00,..,..,..,..,2965.00,828.00,621.00,921.00,751.00,3121.00,737.00,951.00,856.00,820.00,3364.00,679.00,758.00,1330.00,1391.00,4158.00,762.00,790.00,704.00,1660.00,3916.00,838.00,750.00,630.00,1250.00,3468.00,730.00,641.00,729.00,1300.00,3400.00,1287.00,951.00,827.00,1430.00,4495.00,1437.00,1068.00,1070.00,1558.00,5133.00,1688.00,1752.00,1192.00,1919.00,6551.00,1405.00,1104.00,1010.00,1663.00,5182.00,1413.00,1349.00,1109.00,1079.00,4950.00,1157.00,1420.37,1171.31,1168.25,4916.93,946.12,1209.93,1119.30,1114.67,4390.02,891.00,1317.94,1241.80,1340.48,4791.22,927.95,1320.51,1287.22,1384.80,4920.48,801.25,1288.60,1254.79,754.19,4098.83,774.22,452.20,467.07,..,1693.49,..,..,..,..,..,..,..,..,..,..,..,..,..,..,..,..,..,..,..,..,1404.30,353.24,432.70,1174.00,3364.24,1332.65,358.65,436.70,1260.80,3388.80,1066.02,288.28,610.19,719.01,2683.50,787.76,99.80,536.72,428.52,1852.80,396.18,60.98,57.22,70.71,585.09,18.83,109.07,16.59,172.08,316.57,156.81,44.74,8.93,45.87,256.35,187.65,64.08,262.61,49.18,563.52,363.48,125.03,109.77,135.38,733.66,53.10,127.98,69.03,189.38,439.49,115.65,97.48,167.24,239.89,620.26,181.78,151.51,162.40,134.65,630.34,210.42,..,..,..,..
....Bataan,..Municipal Fisheries,..,..,..,..,3965.00,..,..,..,..,4695.00,..,..,..,..,5398.00,..,..,..,..,4692.00,..,..,..,..,5106.00,..,..,..,..,6692.00,..,..,..,..,4734.00,..,..,..,..,5414.00,..,..,..,..,4485.00,..,..,..,..,5099.00,..,..,..,..,6001.00,..,..,..,..,5627.00,..,..,..,..,3377.00,1068.00,423.00,383.00,320.00,2194.00,1088.00,707.00,516.00,1886.00,4197.00,792.00,828.00,665.00,615.00,2900.00,726.00,785.00,506.00,900.00,2917.00,799.00,650.00,636.00,751.00,2836.00,783.00,598.00,1502.00,1401.00,4284.00,987.00,820.00,1725.00,1482.00,5014.00,1018.00,942.00,1752.00,1574.00,5286.00,1142.00,1254.00,1852.00,1666.00,5914.00,1185.00,1314.00,656.00,1628.00,4783.00,1302.00,1394.00,878.00,1494.00,5068.00,1323.97,1424.03,1026.17,1625.55,5399.72,2900.08,3670.89,3555.08,1943.01,12069.06,2379.84,2877.00,2836.47,2055.24,10148.55,2649.59,2971.73,3151.71,2205.21,10978.24,3177.55,3307.97,3164.23,2117.54,11767.29,2874.00,2611.64,2740.15,2144.17,10369.96,2922.44,2575.42,2833.29,1997.17,10328.32,3138.21,3012.92,2735.98,1995.77,10882.88,2883.77,2792.88,2885.10,2077.32,10639.07,2898.17,2797.58,2908.32,2020.31,10624.38,2923.01,2827.85,2994.52,2055.34,10800.72,2915.75,2841.00,3024.45,2081.54,10862.74,3221.88,3701.91,3172.25,2041.60,12137.64,4089.31,3376.39,3477.22,2508.28,13451.20,4495.03,4389.35,5396.56,3725.82,18006.76,4008.31,10371.08,3220.28,6256.66,23856.33,4232.67,9674.82,3877.89,5068.21,22853.59,3937.65,8614.22,3084.09,4641.65,20277.61,4264.58,9222.49,1555.34,1146.77,16189.19,2764.48,4782.55,2071.15,1069.54,10687.72,2548.83,2751.31,971.80,1324.64,7596.58,2728.61,2252.92,1131.91,1377.58,7491.03,1101.09,..,..,..,..
....Bataan,....Marine Municipal Fisheries,..,..,..,..,3965.00,..,..,..,..,4684.00,..,..,..,..,5398.00,..,..,..,..,4633.00,..,..,..,..,5019.00,..,..,..,..,6597.00,..,..,..,..,4672.00,..,..,..,..,5354.00,..,..,..,..,4358.00,..,..,..,..,4941.00,..,..,..,..,5860.00,..,..,..,..,5496.00,..,..,..,..,3248.00,925.00,322.00,383.00,320.00,1950.00,903.00,560.00,422.00,1745.00,3630.00,792.00,828.00,665.00,615.00,2900.00,726.00,785.00,506.00,900.00,2917.00,799.00,650.00,635.00,750.00,2834.00,783.00,598.00,1501.00,1400.00,4282.00,987.00,820.00,1723.00,1480.00,5010.00,1018.00,942.00,1750.00,1573.00,5283.00,1142.00,1254.00,1850.00,1664.00,5910.00,1184.00,1306.00,641.00,1616.00,4747.00,1292.00,1384.00,860.00,1480.00,5016.00,1312.97,1414.03,1009.17,1613.55,5349.72,2892.08,3660.89,3532.58,1926.18,12011.73,2361.05,2858.86,2812.87,2038.49,10071.27,2635.67,2954.78,3126.54,2189.87,10906.86,3162.58,3289.88,3140.10,2100.01,11692.57,2858.98,2594.39,2715.75,2123.42,10292.54,2907.75,2558.35,2808.53,1976.27,10250.90,3123.60,2995.64,2709.32,1972.89,10801.45,2870.03,2775.82,2854.84,2053.30,10553.99,2882.69,2779.77,2875.27,1995.47,10533.20,2908.26,2810.87,2961.33,2029.96,10710.42,2902.47,2827.85,2996.33,2056.13,10782.78,3208.28,3687.74,3163.73,2025.65,12085.40,4081.15,3358.79,3461.09,2481.47,13382.50,4473.68,4371.45,5379.30,3711.68,17936.11,3997.80,10359.09,3192.03,6236.75,23785.67,4216.99,9651.42,3839.80,5051.42,22759.63,3916.89,8567.40,3070.65,4568.44,20123.38,4196.54,9192.63,1543.60,1138.76,16071.52,2734.98,4762.99,2060.41,1061.75,10620.14,2511.49,2729.28,951.93,1314.25,7506.95,2699.25,2233.86,1114.58,1367.02,7414.70,1081.07,..,..,..,..
....Bataan,....Inland Municipal Fisheries,..,..,..,..,..,..,..,..,..,11.00,..,..,..,..,..,..,..,..,..,59.00,..,..,..,..,87.00,..,..,..,..,95.00,..,..,..,..,62.00,..,..,..,..,60.00,..,..,..,..,127.00,..,..,..,..,158.00,..,..,..,..,141.00,..,..,..,..,131.00,..,..,..,..,129.00,143.00,101.00,..,..,244.00,185.00,147.00,94.00,141.00,567.00,..,..,..,..,..,..,..,..,..,..,..,..,1.00,1.00,2.00,..,..,1.00,1.00,2.00,..,..,2.00,2.00,4.00,..,..,2.00,1.00,3.00,..,..,2.00,2.00,4.00,1.00,8.00,15.00,12.00,36.00,10.00,10.00,18.00,14.00,52.00,11.00,10.00,17.00,12.00,50.00,8.00,10.00,22.50,16.83,57.33,18.79,18.14,23.60,16.75,77.28,13.92,16.95,25.17,15.34,71.38,14.97,18.09,24.13,17.53,74.72,15.02,17.25,24.40,20.75,77.42,14.69,17.07,24.76,20.90,77.42,14.61,17.28,26.66,22.88,81.43,13.74,17.06,30.26,24.02,85.08,15.48,17.81,33.05,24.84,91.18,14.75,16.98,33.19,25.38,90.30,13.28,13.15,28.12,25.41,79.96,13.60,14.17,8.52,15.95,52.24,8.16,17.60,16.13,26.81,68.70,21.35,17.90,17.26,14.14,70.65,10.51,11.99,28.25,19.91,70.66,15.68,23.40,38.09,16.79,93.96,20.76,46.82,13.44,73.21,154.23,68.04,29.87,11.75,8.01,117.67,29.50,19.55,10.74,7.79,67.58,37.34,22.03,19.87,10.40,89.63,29.36,19.07,17.33,10.57,76.32,20.02,..,..,..,..
....Bataan,..Aquaculture,..,..,..,..,2547.00,..,..,..,..,3748.00,..,..,..,..,3755.00,..,..,..,..,3862.00,..,..,..,..,4034.00,..,..,..,..,3564.00,..,..,..,..,3970.00,..,..,..,..,4152.00,..,..,..,..,4394.00,..,..,..,..,4818.00,..,..,..,..,5040.92,..,..,..,..,5025.19,..,..,..,..,4581.00,3002.00,3268.00,460.00,495.00,7225.00,2162.00,631.00,1899.00,2138.00,6830.00,3271.00,2524.00,3194.00,3476.00,12465.00,3073.00,1997.00,2954.00,2506.00,10530.00,4363.00,1210.00,2666.00,1875.00,10114.00,4593.00,1075.00,1895.00,1721.00,9284.00,4831.00,1273.00,1539.00,1687.00,9330.00,5102.00,1339.00,1625.00,1772.05,9838.05,5335.00,1520.00,3321.00,2465.00,12641.00,5259.00,2170.00,1330.00,991.00,9750.00,2920.00,2489.00,1594.00,1573.30,8576.30,2871.00,2562.80,1863.50,1675.60,8972.90,3063.70,2732.50,1985.80,6095.70,13877.70,3838.40,3311.75,1638.75,4425.36,13214.26,3824.59,3476.70,1855.50,4527.67,13684.46,3996.92,3873.97,1878.43,4260.54,14009.86,3975.60,3656.68,1837.54,3911.83,13381.65,3873.22,3632.99,1887.72,3650.75,13044.68,3690.85,3487.11,1850.86,3322.37,12351.19,3569.82,3306.50,1751.26,3157.38,11784.96,3678.94,3463.36,1723.79,3176.57,12042.66,3697.85,3440.87,1632.62,3161.95,11933.29,3457.34,3400.30,1719.98,3243.03,11820.66,3671.97,3097.30,1599.08,2688.10,11056.45,3496.46,2997.71,1636.93,2748.37,10879.47,3904.07,3187.26,1141.76,2963.33,11196.41,3440.59,3395.17,866.33,3290.32,10992.41,3313.65,2855.79,879.41,2957.38,10006.22,3194.41,3177.11,863.91,3423.36,10658.79,3029.38,875.29,969.02,2356.00,7229.70,1202.57,660.40,950.19,2048.66,4861.82,705.60,862.96,590.84,1272.89,3432.29,583.18,1735.34,592.11,1417.69,4328.33,630.75,..,..,..,..
....Bulacan,FISHERIES,..,..,..,..,26322.00,..,..,..,..,32486.00,..,..,..,..,42723.00,..,..,..,..,35844.00,..,..,..,..,37991.00,..,..,..,..,43718.00,..,..,..,..,38687.00,..,..,..,..,42799.00,..,..,..,..,41052.00,..,..,..,..,42678.00,..,..,..,..,43248.14,..,..,..,..,42888.73,..,..,..,..,38736.00,10721.00,8980.00,6571.00,7816.00,34088.00,10163.00,9012.00,9494.00,15249.00,43918.00,9910.00,10483.00,6658.00,10854.00,37905.00,8014.00,7928.00,5188.00,11348.00,32478.00,8008.00,7001.00,5460.00,11070.00,31539.00,9493.00,5396.00,4860.00,6387.00,26136.00,8695.00,6246.00,3911.00,6356.00,25208.00,10311.00,10704.00,8469.00,8948.00,38432.00,17381.00,20918.00,16134.00,13891.00,68324.00,14982.00,15893.00,13759.00,13494.00,58128.00,14780.00,17014.00,11943.60,10459.20,54196.80,13336.75,19536.40,11635.60,9295.50,53804.25,12669.99,18259.70,10891.70,9132.00,50953.39,11846.40,17260.68,10295.04,9378.55,48780.67,11002.50,18856.11,8363.20,9612.99,47834.79,12643.01,18688.38,11282.60,9154.95,51768.93,11700.63,17262.09,10538.71,6365.38,45866.81,11807.74,15272.68,9607.88,7666.33,44354.63,11457.04,15782.95,8703.12,4847.80,40790.91,11932.58,16655.01,7565.52,5725.72,41878.83,14295.17,16098.94,5980.23,6175.30,42549.64,12094.09,16021.92,7153.91,6211.12,41481.03,10818.45,16082.76,7082.19,6803.70,40787.10,11137.05,18222.09,6712.78,5643.77,41715.70,10866.47,17766.33,5969.58,4979.98,39582.37,9410.59,24011.57,4408.82,4743.12,42574.09,4578.67,31498.93,5485.66,5142.39,46705.65,2945.01,47098.95,5159.22,3724.15,58927.33,5205.82,32590.55,6459.10,4727.39,48982.85,8078.14,36156.80,10099.45,6394.50,60728.89,10341.49,28396.57,15074.17,9022.29,62834.52,10858.84,26167.53,10052.67,7712.54,54791.57,10003.71,31997.59,11090.51,6964.84,60056.64,11709.45,..,..,..,..
....Bulacan,..Commercial Fisheries,..,..,..,..,684.00,..,..,..,..,1899.00,..,..,..,..,1517.00,..,..,..,..,1451.00,..,..,..,..,1833.00,..,..,..,..,1986.00,..,..,..,..,1953.00,..,..,..,..,1994.00,..,..,..,..,1586.00,..,..,..,..,1652.00,..,..,..,..,641.00,..,..,..,..,555.00,..,..,..,..,408.00,99.00,100.00,146.00,176.00,521.00,142.00,113.00,92.00,187.00,534.00,188.00,158.00,183.00,279.00,808.00,177.00,152.00,179.00,243.00,751.00,200.00,125.00,900.00,210.00,1435.00,1069.00,537.00,677.00,441.00,2724.00,420.00,441.00,434.00,459.00,1754.00,470.00,499.00,484.00,478.00,1931.00,475.00,534.00,597.00,548.00,2154.00,360.00,449.00,435.00,435.00,1679.00,345.00,463.00,424.00,370.00,1602.00,314.00,421.00,375.00,364.00,1474.00,261.25,359.00,328.00,306.00,1254.25,235.20,315.50,340.70,226.40,1117.80,186.70,308.20,326.80,228.30,1050.00,193.00,299.20,303.15,182.42,977.77,148.20,113.10,137.60,122.69,521.59,140.19,115.50,98.00,115.77,469.46,127.22,123.35,117.28,107.26,475.11,122.21,58.09,60.82,87.87,328.99,125.26,92.07,54.86,79.72,351.91,123.13,119.45,59.48,75.63,377.69,129.35,107.20,69.38,72.28,378.21,60.34,77.69,78.84,135.04,351.91,53.47,83.30,202.98,261.48,601.23,80.55,21.75,28.25,43.63,174.18,34.13,110.23,25.49,34.27,204.12,21.81,34.38,25.02,33.61,114.82,28.24,37.65,22.19,47.38,135.46,104.93,189.74,121.42,139.76,555.85,48.88,52.88,41.59,43.56,186.90,66.51,108.40,59.76,71.61,306.28,60.22,76.74,61.90,53.99,252.85,31.50,..,..,..,..
....Bulacan,..Municipal Fisheries,..,..,..,..,2658.00,..,..,..,..,2179.00,..,..,..,..,2114.00,..,..,..,..,2086.00,..,..,..,..,2126.00,..,..,..,..,2670.00,..,..,..,..,2844.00,..,..,..,..,2701.00,..,..,..,..,3178.00,..,..,..,..,3524.00,..,..,..,..,3370.00,..,..,..,..,3219.00,..,..,..,..,2673.00,834.00,231.00,261.00,187.00,1513.00,752.00,223.00,199.00,211.00,1385.00,682.00,263.00,388.00,251.00,1584.00,270.00,254.00,388.00,262.00,1174.00,300.00,205.00,475.00,314.00,1294.00,372.00,240.00,258.00,220.00,1090.00,237.00,255.00,230.00,237.00,959.00,260.00,286.00,281.00,253.00,1080.00,270.00,294.00,424.00,336.00,1324.00,233.00,261.00,285.00,329.00,1108.00,218.00,282.00,300.00,347.00,1147.00,294.00,391.00,432.00,348.00,1465.00,372.66,801.40,636.50,464.00,2274.56,504.00,683.00,749.50,490.50,2427.00,1287.19,1605.46,805.00,525.49,4223.14,1272.50,1637.98,657.51,415.27,3983.26,927.73,848.77,505.14,367.13,2648.77,1055.93,676.92,513.33,451.97,2698.15,1218.55,679.54,437.40,459.91,2795.40,900.47,507.06,234.97,277.01,1919.51,799.00,514.13,298.08,317.85,1929.06,495.68,603.13,300.77,277.35,1676.93,442.85,652.93,573.36,737.65,2406.79,660.33,509.88,631.10,839.61,2640.92,553.29,491.91,705.10,453.29,2203.59,430.49,966.36,723.67,420.07,2540.59,1265.04,2204.46,259.52,378.28,4107.30,154.32,234.89,292.11,524.33,1205.65,943.27,1907.47,1020.53,706.10,4577.37,809.65,1090.13,1297.04,2169.66,5366.47,1060.86,1620.67,2659.34,2000.84,7341.70,1221.60,1158.41,952.17,884.37,4216.54,1314.86,1039.49,791.69,621.94,3767.98,347.03,..,..,..,..
....Bulacan,....Marine Municipal Fisheries,..,..,..,..,2640.00,..,..,..,..,2000.00,..,..,..,..,2026.00,..,..,..,..,2046.00,..,..,..,..,2067.00,..,..,..,..,2604.00,..,..,..,..,2714.00,..,..,..,..,2443.00,..,..,..,..,2569.00,..,..,..,..,2909.00,..,..,..,..,3032.00,..,..,..,..,2753.00,..,..,..,..,2214.00,706.00,129.00,195.00,132.00,1162.00,636.00,142.00,138.00,145.00,1061.00,572.00,119.00,222.00,154.00,1067.00,167.00,114.00,230.00,136.00,647.00,200.00,102.00,245.00,125.00,672.00,330.00,204.00,220.00,173.00,927.00,170.00,181.00,166.00,178.00,695.00,177.00,199.00,195.00,187.00,758.00,182.00,206.00,226.00,213.00,827.00,152.00,185.00,172.00,201.00,710.00,137.00,185.00,170.00,152.00,644.00,133.00,171.00,146.00,149.00,599.00,192.66,607.40,415.00,289.00,1504.06,326.00,494.00,394.00,299.00,1513.00,978.45,1112.66,336.00,323.74,2750.85,956.00,1216.48,329.12,220.62,2722.22,690.88,593.52,261.62,158.70,1704.72,891.85,440.97,179.79,185.34,1697.95,824.70,483.53,202.23,166.91,1677.37,675.17,405.07,100.70,158.70,1339.64,586.65,345.01,99.92,143.15,1174.73,302.89,316.39,110.18,146.98,876.44,243.51,295.92,346.95,311.34,1197.72,564.03,444.35,393.96,287.29,1689.63,266.11,204.96,357.25,318.68,1147.00,308.07,140.90,251.47,255.96,956.40,392.84,1318.44,173.72,214.62,2099.62,123.38,211.10,251.56,308.53,894.57,186.49,201.89,233.69,318.78,940.85,348.56,621.30,405.86,642.20,2017.93,374.59,228.56,203.60,189.05,995.80,381.03,303.36,219.67,191.06,1095.11,496.38,240.50,184.34,247.94,1169.16,185.87,..,..,..,..
....Bulacan,....Inland Municipal Fisheries,..,..,..,..,18.00,..,..,..,..,179.00,..,..,..,..,88.00,..,..,..,..,40.00,..,..,..,..,59.00,..,..,..,..,66.00,..,..,..,..,130.00,..,..,..,..,258.00,..,..,..,..,609.00,..,..,..,..,615.00,..,..,..,..,338.00,..,..,..,..,466.00,..,..,..,..,459.00,128.00,102.00,66.00,55.00,351.00,116.00,81.00,61.00,66.00,324.00,110.00,144.00,166.00,97.00,517.00,103.00,140.00,158.00,126.00,527.00,100.00,103.00,230.00,189.00,622.00,42.00,36.00,38.00,47.00,163.00,67.00,74.00,64.00,59.00,264.00,83.00,87.00,86.00,66.00,322.00,88.00,88.00,198.00,123.00,497.00,81.00,76.00,113.00,128.00,398.00,81.00,97.00,130.00,195.00,503.00,161.00,220.00,286.00,199.00,866.00,180.00,194.00,221.50,175.00,770.50,178.00,189.00,355.50,191.50,914.00,308.74,492.80,469.00,201.75,1472.29,316.50,421.50,328.39,194.65,1261.04,236.85,255.25,243.52,208.43,944.05,164.08,235.95,333.54,266.63,1000.20,393.85,196.01,235.17,293.00,1118.03,225.30,101.99,134.27,118.31,579.87,212.35,169.12,198.16,174.70,754.33,192.79,286.74,190.59,130.37,800.49,199.34,357.01,226.41,426.31,1209.07,96.30,65.53,237.14,552.32,951.29,287.18,286.95,347.85,134.61,1056.59,122.42,825.46,472.20,164.11,1584.19,872.20,886.02,85.80,163.66,2007.68,30.94,23.79,40.55,215.80,311.08,756.78,1705.58,786.84,387.32,3636.52,461.09,468.83,891.17,1527.46,3348.55,686.26,1392.12,2455.73,1811.78,6345.90,840.57,855.05,732.50,693.31,3121.43,818.48,799.00,607.35,374.00,2598.82,161.16,..,..,..,..
....Bulacan,..Aquaculture,..,..,..,..,22980.00,..,..,..,..,28408.00,..,..,..,..,39092.00,..,..,..,..,32307.00,..,..,..,..,34032.00,..,..,..,..,39062.00,..,..,..,..,33890.00,..,..,..,..,38104.00,..,..,..,..,36288.00,..,..,..,..,37502.00,..,..,..,..,39237.14,..,..,..,..,39114.73,..,..,..,..,35655.00,9788.00,8649.00,6164.00,7453.00,32054.00,9269.00,8676.00,9203.00,14851.00,41999.00,9040.00,10062.00,6087.00,10324.00,35513.00,7567.00,7522.00,4621.00,10843.00,30553.00,7508.00,6671.00,4085.00,10546.00,28810.00,8052.00,4619.00,3925.00,5726.00,22322.00,8038.00,5550.00,3247.00,5660.00,22495.00,9581.00,9919.00,7704.00,8217.00,35421.00,16636.00,20090.00,15113.00,13007.00,64846.00,14389.00,15183.00,13039.00,12730.00,55341.00,14217.00,16269.00,11219.60,9742.20,51447.80,12728.75,18724.40,10828.60,8583.50,50865.25,12036.08,17099.30,9927.20,8362.00,47424.58,11107.20,16262.18,9204.84,8661.65,45235.87,9528.61,16942.45,7231.40,8859.20,42561.65,11177.51,16751.20,10321.94,8557.26,46807.90,10624.70,16300.22,9895.97,5875.56,42696.45,10611.62,14480.26,8996.55,7098.59,41187.02,10111.27,14980.06,8148.44,4280.63,37520.40,10909.90,16089.86,7269.73,5360.84,39630.33,13370.91,15492.74,5627.29,5777.73,40268.67,11475.28,15299.34,6793.66,5858.14,39426.41,10246.25,15322.63,6439.45,5993.77,38002.10,10416.38,17634.52,6002.84,4669.12,38722.87,10259.71,17191.12,5061.50,4265.21,36777.55,8899.55,23023.46,3656.90,4279.42,39859.32,3279.50,29184.24,5200.65,4729.84,42394.23,2768.88,46829.68,4842.09,3166.21,57606.86,4234.31,30645.43,5416.38,3973.91,44270.02,7163.56,34876.93,8680.99,4085.08,54806.57,9231.75,26723.02,12373.24,6977.90,55305.92,9570.74,24900.72,9040.73,6756.56,50268.75,8628.63,30881.36,10236.91,6288.90,56035.81,11330.91,..,..,..,..
....Nueva Ecija,FISHERIES,..,..,..,..,..,..,..,..,..,5885.00,..,..,..,..,5828.00,..,..,..,..,2942.00,..,..,..,..,3235.00,..,..,..,..,4244.00,..,..,..,..,2409.00,..,..,..,..,3445.00,..,..,..,..,5472.00,..,..,..,..,6049.00,..,..,..,..,6374.68,..,..,..,..,5998.74,..,..,..,..,5558.00,224.00,203.00,1030.00,9011.00,10468.00,177.00,214.00,1136.00,2341.00,3868.00,532.00,212.00,483.00,8795.00,10022.00,574.00,200.00,118.00,9164.00,10056.00,355.00,217.00,375.00,9476.00,10423.00,414.00,149.00,232.00,3494.00,4289.00,457.00,284.00,1150.00,3551.00,5442.00,938.00,961.00,900.00,3662.00,6461.00,1087.00,1043.00,1014.00,3868.00,7012.00,1156.00,1048.00,1216.00,3557.00,6977.00,1201.00,1116.00,1219.00,3889.00,7425.00,1479.00,1377.00,1160.00,3541.00,7557.00,1302.00,1360.00,1238.00,3579.50,7479.50,1466.50,1491.06,1752.25,3685.00,8394.81,1586.00,1491.58,1704.02,3773.01,8554.59,1792.45,1576.09,1739.30,3697.32,8805.16,1999.41,1636.10,1762.90,1131.30,6529.72,1999.14,1375.55,1421.41,1177.74,5973.85,1877.06,1416.10,1194.96,798.67,5286.79,1508.04,1257.61,1526.65,855.20,5147.51,1279.24,706.40,1483.01,962.05,4430.71,1583.33,1322.47,1462.06,560.91,4928.78,1543.53,1309.09,1533.01,673.80,5059.43,994.53,1879.55,2525.52,1151.58,6551.18,1728.50,1235.92,1408.52,1073.85,5446.79,1894.11,1371.52,2075.21,1007.93,6348.77,1586.38,1568.34,1590.84,1184.75,5930.31,1719.39,1616.50,1467.57,992.17,5795.63,2933.63,1739.13,1619.19,1107.25,7399.20,1811.57,1323.22,774.52,633.37,4542.68,560.77,696.59,766.83,628.59,2652.78,778.92,794.94,1206.62,693.68,3474.16,840.94,528.62,632.02,865.32,2866.90,709.13,..,..,..,..
....Nueva Ecija,..Commercial Fisheries,..,..,..,..,..,..,..,..,..,..,..,..,..,..,..,..,..,..,..,..,..,..,..,..,..,..,..,..,..,..,..,..,..,..,..,..,..,..,..,..,..,..,..,..,..,..,..,..,..,..,..,..,..,..,..,..,..,..,..,..,..,..,..,..,..,.,.,.,.,.,.,.,.,.,.,.,.,.,.,.,.,.,.,.,.,.,.,.,.,.,.,.,.,.,.,.,.,.,.,.,.,.,.,.,.,.,.,.,.,.,.,.,.,.,.,.,.,.,.,.,.,.,.,.,.,.,.,.,.,.,.,.,.,.,.,.,.,.,.,.,.,.,.,.,.,.,.,.,.,.,.,.,.,.,.,.,.,.,.,.,.,.,.,.,.,.,.,.,.,.,.,.,.,.,.,.,.,.,.,.,.,.,.,.,.,.,.,.,.,.,.,.,.,.,.,.,.,.,.,.,.,.,.,.,.,.,.,.,.,.,.,.,.,.,.,.,.,.,.,.,.,.,.,.,.,.,.,.,.,.,.,..,..,..,..
....Nueva Ecija,..Municipal Fisheries,..,..,..,..,..,..,..,..,..,57.00,..,..,..,..,..,..,..,..,..,64.00,..,..,..,..,95.00,..,..,..,..,100.00,..,..,..,..,161.00,..,..,..,..,455.00,..,..,..,..,1459.00,..,..,..,..,1474.00,..,..,..,..,1588.00,..,..,..,..,1227.00,..,..,..,..,1208.00,..,..,1.00,1.00,2.00,1.00,1.00,1.00,2.00,5.00,2.00,1.00,1.00,1.00,5.00,2.00,1.00,1.00,2.00,6.00,2.00,1.00,8.00,5.00,16.00,4.00,4.00,4.00,2.00,14.00,13.00,2.00,5.00,2.00,22.00,27.00,47.00,23.00,12.00,109.00,45.00,58.00,143.00,132.00,378.00,135.00,117.00,186.00,205.00,643.00,183.00,114.00,200.00,360.00,857.00,196.00,142.00,279.00,399.00,1016.00,282.00,315.00,320.00,336.00,1253.00,324.00,441.06,556.75,291.00,1612.81,373.00,374.00,484.25,260.00,1491.25,453.30,393.14,485.87,450.53,1782.84,432.23,276.75,432.43,464.95,1606.36,434.39,195.56,314.27,450.29,1394.51,326.37,182.67,104.49,410.05,1023.58,270.07,134.64,101.65,378.41,884.77,255.33,122.15,100.02,439.76,917.26,237.70,154.10,200.74,101.87,694.41,240.54,132.98,89.23,96.98,559.73,169.86,221.17,181.81,263.73,836.57,238.81,175.80,135.23,212.47,762.31,217.96,186.81,259.75,221.02,885.54,184.63,188.00,216.00,172.14,760.77,177.56,136.68,184.45,173.76,672.45,609.38,259.73,210.15,288.22,1367.48,581.61,323.96,385.61,392.46,1683.64,341.44,197.33,313.65,406.22,1258.63,411.74,258.67,426.10,284.31,1380.82,453.43,202.77,251.97,220.15,1128.32,325.60,..,..,..,..
....Nueva Ecija,....Marine Municipal Fisheries,..,..,..,..,..,..,..,..,..,..,..,..,..,..,..,..,..,..,..,..,..,..,..,..,..,..,..,..,..,..,..,..,..,..,..,..,..,..,..,..,..,..,..,..,..,..,..,..,..,..,..,..,..,..,..,..,..,..,..,..,..,..,..,..,..,.,.,.,.,.,.,.,.,.,.,.,.,.,.,.,.,.,.,.,.,.,.,.,.,.,.,.,.,.,.,.,.,.,.,.,.,.,.,.,.,.,.,.,.,.,.,.,.,.,.,.,.,.,.,.,.,.,.,.,.,.,.,.,.,.,.,.,.,.,.,.,.,.,.,.,.,.,.,.,.,.,.,.,.,.,.,.,.,.,.,.,.,.,.,.,.,.,.,.,.,.,.,.,.,.,.,.,.,.,.,.,.,.,.,.,.,.,.,.,.,.,.,.,.,.,.,.,.,.,.,.,.,.,.,.,.,.,.,.,.,.,.,.,.,.,.,.,.,.,.,.,.,.,.,.,.,.,.,.,.,.,.,.,.,.,.,..,..,..,..
....Nueva Ecija,....Inland Municipal Fisheries,..,..,..,..,..,..,..,..,..,57.00,..,..,..,..,..,..,..,..,..,64.00,..,..,..,..,95.00,..,..,..,..,100.00,..,..,..,..,161.00,..,..,..,..,455.00,..,..,..,..,1459.00,..,..,..,..,1474.00,..,..,..,..,1588.00,..,..,..,..,1227.00,..,..,..,..,1208.00,..,..,1.00,1.00,2.00,1.00,1.00,1.00,2.00,5.00,2.00,1.00,1.00,1.00,5.00,2.00,1.00,1.00,2.00,6.00,2.00,1.00,8.00,5.00,16.00,4.00,4.00,4.00,2.00,14.00,13.00,2.00,5.00,2.00,22.00,27.00,47.00,23.00,12.00,109.00,45.00,58.00,143.00,132.00,378.00,135.00,117.00,186.00,205.00,643.00,183.00,114.00,200.00,360.00,857.00,196.00,142.00,279.00,399.00,1016.00,282.00,315.00,320.00,336.00,1253.00,324.00,441.06,556.75,291.00,1612.81,373.00,374.00,484.25,260.00,1491.25,453.30,393.14,485.87,450.53,1782.84,432.23,276.75,432.43,464.95,1606.36,434.39,195.56,314.27,450.29,1394.51,326.37,182.67,104.49,410.05,1023.58,270.07,134.64,101.65,378.41,884.77,255.33,122.15,100.02,439.76,917.26,237.70,154.10,200.74,101.87,694.41,240.54,132.98,89.23,96.98,559.73,169.86,221.17,181.81,263.73,836.57,238.81,175.80,135.23,212.47,762.31,217.96,186.81,259.75,221.02,885.54,184.63,188.00,216.00,172.14,760.77,177.56,136.68,184.45,173.76,672.45,609.38,259.73,210.15,288.22,1367.48,581.61,323.96,385.61,392.46,1683.64,341.44,197.33,313.65,406.22,1258.63,411.74,258.67,426.10,284.31,1380.82,453.43,202.77,251.97,220.15,1128.32,325.60,..,..,..,..
....Nueva Ecija,..Aquaculture,..,..,..,..,..,..,..,..,..,5828.00,..,..,..,..,5828.00,..,..,..,..,2878.00,..,..,..,..,3140.00,..,..,..,..,4144.00,..,..,..,..,2248.00,..,..,..,..,2990.00,..,..,..,..,4013.00,..,..,..,..,4575.00,..,..,..,..,4786.68,..,..,..,..,4771.74,..,..,..,..,4350.00,224.00,203.00,1029.00,9010.00,10466.00,176.00,213.00,1135.00,2339.00,3863.00,530.00,211.00,482.00,8794.00,10017.00,572.00,199.00,117.00,9162.00,10050.00,353.00,216.00,367.00,9471.00,10407.00,410.00,145.00,228.00,3492.00,4275.00,444.00,282.00,1145.00,3549.00,5420.00,911.00,914.00,877.00,3650.00,6352.00,1042.00,985.00,871.00,3736.00,6634.00,1021.00,931.00,1030.00,3352.00,6334.00,1018.00,1002.00,1019.00,3529.00,6568.00,1283.00,1235.00,881.00,3142.00,6541.00,1020.00,1045.00,918.00,3243.50,6226.50,1142.50,1050.00,1195.50,3394.00,6782.00,1213.00,1117.58,1219.77,3513.01,7063.35,1339.15,1182.95,1253.43,3246.79,7022.32,1567.18,1359.35,1330.47,666.35,4923.36,1564.75,1179.99,1107.14,727.45,4579.34,1550.69,1233.43,1090.47,388.62,4263.21,1237.97,1122.97,1425.00,476.79,4262.74,1023.91,584.25,1382.99,522.29,3513.45,1345.63,1168.37,1261.32,459.04,4234.37,1302.99,1176.11,1443.78,576.82,4499.70,824.67,1658.38,2343.71,887.85,5714.61,1489.69,1060.12,1273.29,861.38,4684.48,1676.15,1184.71,1815.46,786.91,5463.23,1401.75,1380.34,1374.84,1012.61,5169.54,1541.83,1479.82,1283.12,818.41,5123.18,2324.25,1479.40,1409.04,819.03,6031.72,1229.96,999.26,388.91,240.91,2859.04,219.34,499.27,453.18,222.36,1394.15,367.18,536.27,780.52,409.37,2093.34,387.51,325.85,380.06,645.17,1738.58,383.53,..,..,..,..
....Pampanga,FISHERIES,..,..,..,..,10322.00,..,..,..,..,23146.00,..,..,..,..,21078.00,..,..,..,..,31710.00,..,..,..,..,34376.00,..,..,..,..,33414.00,..,..,..,..,39167.00,..,..,..,..,50279.00,..,..,..,..,52896.00,..,..,..,..,54814.00,..,..,..,..,58250.05,..,..,..,..,58163.74,..,..,..,..,53478.00,12511.00,13140.00,5420.00,12414.00,43485.00,19223.00,19430.00,8471.00,10593.00,57717.00,17096.00,15314.00,5816.00,10962.00,49188.00,14287.00,17152.00,6633.00,13594.00,51666.00,15131.00,17592.00,7645.00,11996.00,52364.00,16397.00,19258.00,7232.00,13953.00,56840.00,17128.00,20400.00,6420.00,13147.00,57095.00,19255.00,22093.00,7008.00,12154.00,60510.00,19165.00,23362.00,11225.00,14294.00,68046.00,21515.00,28643.00,8753.00,21991.00,80902.00,18743.10,29660.90,9765.30,24413.10,82582.40,22083.07,31058.17,9495.57,22951.06,85587.87,26006.33,29699.63,13037.60,26724.06,95467.63,47519.44,32371.48,14707.19,29647.25,124245.36,55119.49,37180.31,16903.84,33906.83,143110.47,61775.94,38610.96,18558.38,36535.65,155480.93,62397.23,41051.57,19148.26,40352.64,162949.70,59454.04,39557.82,18023.65,42492.82,159528.33,55677.14,40910.34,18623.85,41622.29,156833.62,53594.06,39937.01,18094.82,44129.24,155755.13,56833.99,41886.26,17651.70,46083.13,162455.08,60126.62,39800.85,17015.69,46779.66,163722.82,61970.32,36952.19,17861.28,48626.53,165410.31,58472.17,38489.94,17953.15,50158.98,165074.24,60274.45,40670.25,19092.29,51455.73,171492.72,61457.80,41987.64,18449.62,53097.97,174993.02,62394.44,43630.14,16506.84,54436.27,176967.69,64105.82,47929.04,19309.69,57783.23,189127.78,71174.74,57023.61,26173.82,66268.19,220640.36,70878.41,52045.58,24359.71,67492.87,214776.56,84597.35,55428.77,33474.11,65306.05,238806.27,95483.70,54052.44,30652.76,69474.56,249663.45,91815.63,54067.86,33581.02,67747.07,247211.59,90976.45,..,..,..,..
....Pampanga,..Commercial Fisheries,..,..,..,..,..,..,..,..,..,..,..,..,..,..,..,..,..,..,..,..,..,..,..,..,..,..,..,..,..,..,..,..,..,..,..,..,..,..,..,..,..,..,..,..,..,..,..,..,..,..,..,..,..,..,..,..,..,..,..,..,..,..,..,..,..,.,.,.,.,.,.,.,.,.,.,.,.,.,.,.,.,.,.,.,.,.,.,.,.,.,.,.,.,.,.,.,.,.,.,.,.,.,.,.,.,.,.,.,.,.,.,.,.,.,.,.,.,.,.,.,.,.,.,.,.,.,.,.,.,.,.,.,.,.,.,.,.,.,.,.,.,.,.,.,.,.,.,.,.,.,.,.,.,.,.,.,.,.,.,.,.,.,.,.,.,.,.,.,.,.,.,.,.,.,.,.,.,.,.,.,.,.,.,.,.,.,.,.,.,.,.,.,.,.,.,.,.,.,.,.,.,.,.,.,.,.,.,.,.,.,.,.,.,.,.,.,.,.,.,.,.,.,.,.,.,.,.,.,.,.,.,..,..,..,..
....Pampanga,..Municipal Fisheries,..,..,..,..,1850.00,..,..,..,..,3395.00,..,..,..,..,1263.00,..,..,..,..,1627.00,..,..,..,..,3245.00,..,..,..,..,2961.00,..,..,..,..,3360.00,..,..,..,..,2799.00,..,..,..,..,2911.00,..,..,..,..,2941.00,..,..,..,..,3977.00,..,..,..,..,4060.00,..,..,..,..,4159.00,479.00,627.00,708.00,715.00,2529.00,392.00,446.00,1063.00,1237.00,3138.00,904.00,973.00,1209.00,894.00,3980.00,953.00,967.00,1158.00,1120.00,4198.00,1060.00,975.00,894.00,775.00,3704.00,1123.00,1269.00,990.00,965.00,4347.00,682.00,769.00,651.00,501.00,2603.00,755.00,810.00,730.00,480.00,2775.00,798.00,823.00,842.00,585.00,3048.00,820.00,1581.00,1043.00,2623.00,6067.00,929.00,1686.00,1209.00,2710.00,6534.00,1044.07,1817.37,2062.27,2820.06,7743.77,2206.82,1349.99,2359.76,2838.89,8755.46,2141.70,1375.82,2625.06,2675.08,8817.66,3602.32,2109.44,2997.05,3257.90,11966.71,3089.66,1936.00,3129.08,3408.74,11563.48,2962.98,2042.24,3184.55,3603.37,11793.14,2550.29,1853.05,2846.26,3675.66,10925.26,2445.09,1995.10,2918.07,3852.63,11210.89,2617.67,2091.27,3230.04,3882.54,11821.52,2782.36,2261.48,3415.68,3728.79,12188.31,2972.84,2405.95,3290.28,3809.55,12478.62,3091.90,2341.81,3511.18,3829.82,12774.71,2894.30,2534.79,3741.53,3664.47,12835.09,2796.41,2775.50,3812.92,3799.81,13184.64,2908.55,2918.60,3988.47,4015.20,13830.82,3143.39,3078.95,1707.92,4520.74,12451.00,3058.43,3120.04,1989.18,4870.99,13038.64,5777.09,7568.86,8087.00,7905.14,29338.09,2987.63,3240.00,5522.26,5717.99,17467.89,3625.27,3682.98,4394.11,5363.46,17065.82,4106.90,3055.35,4289.19,5648.73,17100.17,3221.86,3005.81,4085.44,5351.51,15664.61,4804.70,..,..,..,..
....Pampanga,....Marine Municipal Fisheries,..,..,..,..,..,..,..,..,..,..,..,..,..,..,..,..,..,..,..,..,..,..,..,..,..,..,..,..,..,..,..,..,..,..,..,..,..,..,..,..,..,..,..,..,..,..,..,..,..,..,..,..,..,..,436.00,..,..,..,..,345.00,..,..,..,..,501.00,64.00,145.00,181.00,171.00,561.00,102.00,180.00,176.00,174.00,632.00,85.00,188.00,222.00,173.00,668.00,185.00,204.00,240.00,183.00,812.00,220.00,255.00,253.00,180.00,908.00,250.00,280.00,270.00,187.00,987.00,295.00,300.00,245.00,201.00,1041.00,320.00,328.00,257.00,195.00,1100.00,328.00,330.00,335.00,270.00,1263.00,340.00,340.00,266.00,299.00,1245.00,383.00,376.00,271.00,307.00,1337.00,389.07,431.37,300.27,347.06,1467.77,444.82,288.99,401.76,491.89,1627.46,542.70,368.34,459.06,573.08,1943.18,559.32,484.44,443.05,590.90,2077.71,586.66,541.83,463.70,644.50,2236.69,602.02,554.49,475.10,692.66,2324.27,512.58,497.31,486.88,709.75,2206.52,494.51,477.85,505.60,685.09,2163.05,502.48,458.59,434.45,630.24,2025.76,516.49,468.30,443.41,590.08,2018.28,537.84,482.36,451.54,559.17,2030.91,491.33,453.02,424.41,527.48,1896.24,499.07,477.09,391.96,518.41,1886.53,523.63,515.38,409.02,533.08,1981.11,536.18,521.21,422.18,538.72,2018.29,549.04,538.63,417.44,545.25,2050.36,467.24,528.39,421.67,574.70,1992.00,476.34,541.61,392.05,491.53,1901.53,364.68,488.67,119.85,484.51,1457.71,299.83,246.07,247.16,242.35,1035.41,..,.,.,.,.,.,.,.,.,.,.,..,..,..,..
....Pampanga,....Inland Municipal Fisheries,..,..,..,..,1850.00,..,..,..,..,3395.00,..,..,..,..,1263.00,..,..,..,..,1627.00,..,..,..,..,3245.00,..,..,..,..,2961.00,..,..,..,..,3360.00,..,..,..,..,2799.00,..,..,..,..,2911.00,..,..,..,..,2941.00,..,..,..,..,3541.00,..,..,..,..,3715.00,..,..,..,..,3658.00,415.00,482.00,527.00,544.00,1968.00,290.00,266.00,887.00,1063.00,2506.00,819.00,785.00,987.00,721.00,3312.00,768.00,763.00,918.00,937.00,3386.00,840.00,720.00,641.00,595.00,2796.00,873.00,989.00,720.00,778.00,3360.00,387.00,469.00,406.00,300.00,1562.00,435.00,482.00,473.00,285.00,1675.00,470.00,493.00,507.00,315.00,1785.00,480.00,1241.00,777.00,2324.00,4822.00,546.00,1310.00,938.00,2403.00,5197.00,655.00,1386.00,1762.00,2473.00,6276.00,1762.00,1061.00,1958.00,2347.00,7128.00,1599.00,1007.48,2166.00,2102.00,6874.48,3043.00,1625.00,2554.00,2667.00,9889.00,2503.00,1394.17,2665.38,2764.24,9326.79,2360.96,1487.75,2709.45,2910.71,9468.87,2037.71,1355.74,2359.38,2965.91,8718.74,1950.58,1517.25,2412.47,3167.54,9047.84,2115.19,1632.68,2795.59,3252.30,9795.76,2265.87,1793.18,2972.27,3138.71,10170.03,2435.00,1923.59,2838.74,3250.38,10447.71,2600.57,1888.79,3086.77,3302.34,10878.47,2395.23,2057.70,3349.57,3146.06,10948.56,2272.78,2260.12,3403.90,3266.73,11203.53,2372.37,2397.39,3566.29,3476.48,11812.53,2594.35,2540.32,1290.48,3975.49,10400.64,2591.19,2591.65,1567.51,4296.29,11046.64,5300.75,7027.25,7694.95,7413.61,27436.56,2622.95,2751.33,5402.41,5233.48,16010.17,3325.43,3436.91,4146.95,5121.11,16030.41,4106.90,3055.35,4289.19,5648.73,17100.17,3221.86,3005.81,4085.44,5351.51,15664.61,4804.70,..,..,..,..
....Pampanga,..Aquaculture,..,..,..,..,8472.00,..,..,..,..,19751.00,..,..,..,..,19815.00,..,..,..,..,30083.00,..,..,..,..,31131.00,..,..,..,..,30453.00,..,..,..,..,35807.00,..,..,..,..,47480.00,..,..,..,..,49985.00,..,..,..,..,51873.00,..,..,..,..,54273.05,..,..,..,..,54103.74,..,..,..,..,49319.00,12032.00,12513.00,4712.00,11699.00,40956.00,18831.00,18984.00,7408.00,9356.00,54579.00,16192.00,14341.00,4607.00,10068.00,45208.00,13334.00,16185.00,5475.00,12474.00,47468.00,14071.00,16617.00,6751.00,11221.00,48660.00,15274.00,17989.00,6242.00,12988.00,52493.00,16446.00,19631.00,5769.00,12646.00,54492.00,18500.00,21283.00,6278.00,11674.00,57735.00,18367.00,22539.00,10383.00,13709.00,64998.00,20695.00,27062.00,7710.00,19368.00,74835.00,17814.10,27974.90,8556.30,21703.10,76048.40,21039.00,29240.80,7433.30,20131.00,77844.10,23799.51,28349.64,10677.84,23885.17,86712.17,45377.74,30995.66,12082.13,26972.17,115427.70,51517.17,35070.87,13906.79,30648.93,131143.76,58686.28,36674.96,15429.30,33126.91,143917.45,59434.25,39009.33,15963.71,36749.27,151156.56,56903.75,37704.77,15177.39,38817.16,148603.07,53232.05,38915.24,15705.78,37769.66,145622.73,50976.39,37845.74,14864.78,40246.70,143933.61,54051.63,39624.78,14236.02,42354.34,150266.77,57153.78,37394.90,13725.41,42970.11,151244.20,58878.42,34610.38,14350.10,44796.71,152635.60,55577.87,35955.15,14211.62,46494.51,152239.15,57478.04,37894.75,15279.37,47655.92,158308.08,58549.25,39069.04,14461.15,49082.77,161162.20,59251.05,40551.19,14798.92,49915.53,164516.69,61047.39,44809.00,17320.51,52912.24,176089.14,65397.65,49454.75,18086.82,58363.05,191302.27,67890.77,48805.57,18837.45,61774.88,197308.68,80972.08,51745.79,29079.99,59942.58,221740.45,91376.80,50997.09,26363.57,63825.82,232563.28,88593.77,51062.05,29495.58,62395.57,231546.97,86171.75,..,..,..,..
....Tarlac,FISHERIES,..,..,..,..,136.00,..,..,..,..,237.00,..,..,..,..,201.00,..,..,..,..,518.00,..,..,..,..,786.00,..,..,..,..,1190.00,..,..,..,..,1129.00,..,..,..,..,2753.00,..,..,..,..,2493.00,..,..,..,..,2552.00,..,..,..,..,2661.08,..,..,..,..,2659.46,..,..,..,..,2441.00,1062.00,565.00,..,1097.00,2724.00,1190.00,531.00,90.00,442.00,2253.00,1027.06,475.00,137.00,387.00,2026.06,1054.00,390.00,145.00,261.00,1850.00,702.00,399.00,149.00,321.00,1571.00,512.00,233.00,73.00,344.00,1162.00,566.00,357.00,129.00,390.00,1442.00,589.00,473.00,266.30,582.00,1910.30,638.00,1091.00,294.00,368.00,2391.00,568.10,754.30,311.20,754.00,2387.60,560.00,866.00,377.00,812.24,2615.24,636.89,895.20,306.20,887.45,2725.74,641.26,842.73,520.09,1385.23,3389.30,2076.22,1098.05,618.74,1535.33,5328.34,2979.44,1335.98,621.78,1674.83,6612.03,3052.60,1356.02,596.21,1533.60,6538.44,3163.16,1714.96,807.90,2216.68,7902.70,2308.60,1085.92,761.57,2209.65,6365.75,2055.01,1205.70,954.69,2500.40,6715.80,2204.98,1743.24,1075.94,2758.97,7783.13,2296.32,1726.66,1083.88,2592.30,7699.16,2094.00,2176.08,1362.99,2872.60,8505.68,2164.87,1999.85,1469.37,2522.81,8156.91,2110.34,1279.55,1701.59,2210.68,7302.16,2613.26,1398.30,1872.38,2860.49,8744.42,1967.44,1488.53,4062.06,1697.60,9215.63,2146.26,721.02,3507.00,966.45,7340.73,2073.59,544.57,3575.52,1245.79,7439.47,488.18,341.65,2476.30,517.22,3823.36,730.06,687.04,614.46,419.51,2451.07,660.65,569.80,422.27,565.70,2218.42,352.37,198.53,370.50,298.96,1220.36,325.51,339.09,345.77,211.21,1221.58,156.55,..,..,..,..
....Tarlac,..Commercial Fisheries,..,..,..,..,..,..,..,..,..,..,..,..,..,..,..,..,..,..,..,..,..,..,..,..,..,..,..,..,..,..,..,..,..,..,..,..,..,..,..,..,..,..,..,..,..,..,..,..,..,..,..,..,..,..,..,..,..,..,..,..,..,..,..,..,..,.,.,.,.,.,.,.,.,.,.,.,.,.,.,.,.,.,.,.,.,.,.,.,.,.,.,.,.,.,.,.,.,.,.,.,.,.,.,.,.,.,.,.,.,.,.,.,.,.,.,.,.,.,.,.,.,.,.,.,.,.,.,.,.,.,.,.,.,.,.,.,.,.,.,.,.,.,.,.,.,.,.,.,.,.,.,.,.,.,.,.,.,.,.,.,.,.,.,.,.,.,.,.,.,.,.,.,.,.,.,.,.,.,.,.,.,.,.,.,.,.,.,.,.,.,.,.,.,.,.,.,.,.,.,.,.,.,.,.,.,.,.,.,.,.,.,.,.,.,.,.,.,.,.,.,.,.,.,.,.,.,.,.,.,.,.,..,..,..,..
....Tarlac,..Municipal Fisheries,..,..,..,..,136.00,..,..,..,..,95.00,..,..,..,..,24.00,..,..,..,..,98.00,..,..,..,..,145.00,..,..,..,..,150.00,..,..,..,..,146.00,..,..,..,..,140.00,..,..,..,..,214.00,..,..,..,..,216.00,..,..,..,..,217.00,..,..,..,..,223.00,..,..,..,..,220.00,25.00,14.00,..,197.00,236.00,171.00,64.00,55.00,101.00,391.00,150.00,124.00,92.00,94.00,460.00,141.00,120.00,95.00,122.00,478.00,150.00,116.00,72.00,87.00,425.00,20.00,7.00,15.00,115.00,157.00,20.00,11.00,47.00,31.00,109.00,21.00,14.00,61.00,42.00,138.00,23.00,18.00,70.00,51.00,162.00,21.00,12.00,54.00,55.00,142.00,20.00,21.00,68.00,64.00,173.00,73.05,25.40,77.10,72.80,248.35,57.51,14.00,62.03,87.50,221.04,107.27,7.48,49.32,137.17,301.24,137.94,22.04,29.53,150.50,340.01,121.00,52.15,67.55,156.82,397.52,148.70,277.47,228.43,262.35,916.95,67.73,56.18,298.57,308.58,731.06,257.07,38.39,256.81,210.86,763.13,225.30,72.46,268.33,295.40,861.49,159.55,118.54,188.74,290.68,757.51,250.07,158.39,99.17,212.22,719.85,158.91,147.06,187.03,248.15,741.15,247.69,120.81,172.67,256.40,797.57,286.81,153.40,86.46,227.27,753.94,251.46,313.53,418.38,819.08,1802.45,460.16,174.23,322.45,515.16,1472.00,459.42,186.12,347.85,870.33,1863.72,12.26,17.07,2.77,4.47,36.57,12.40,13.83,13.62,17.62,57.46,7.18,2.62,22.20,54.54,86.54,11.80,4.92,16.20,22.66,55.58,11.14,21.61,18.39,13.86,65.00,15.58,..,..,..,..
....Tarlac,....Marine Municipal Fisheries,..,..,..,..,..,..,..,..,..,..,..,..,..,..,..,..,..,..,..,..,..,..,..,..,..,..,..,..,..,..,..,..,..,..,..,..,..,..,..,..,..,..,..,..,..,..,..,..,..,..,..,..,..,..,..,..,..,..,..,..,..,..,..,..,..,.,.,.,.,.,.,.,.,.,.,.,.,.,.,.,.,.,.,.,.,.,.,.,.,.,.,.,.,.,.,.,.,.,.,.,.,.,.,.,.,.,.,.,.,.,.,.,.,.,.,.,.,.,.,.,.,.,.,.,.,.,.,.,.,.,.,.,.,.,.,.,.,.,.,.,.,.,.,.,.,.,.,.,.,.,.,.,.,.,.,.,.,.,.,.,.,.,.,.,.,.,.,.,.,.,.,.,.,.,.,.,.,.,.,.,.,.,.,.,.,.,.,.,.,.,.,.,.,.,.,.,.,.,.,.,.,.,.,.,.,.,.,.,.,.,.,.,.,.,.,.,.,.,.,.,.,.,.,.,.,.,.,.,.,.,.,..,..,..,..
....Tarlac,....Inland Municipal Fisheries,..,..,..,..,136.00,..,..,..,..,95.00,..,..,..,..,24.00,..,..,..,..,98.00,..,..,..,..,145.00,..,..,..,..,150.00,..,..,..,..,146.00,..,..,..,..,140.00,..,..,..,..,214.00,..,..,..,..,216.00,..,..,..,..,217.00,..,..,..,..,223.00,..,..,..,..,220.00,25.00,14.00,..,197.00,236.00,171.00,64.00,55.00,101.00,391.00,150.00,124.00,92.00,94.00,460.00,141.00,120.00,95.00,122.00,478.00,150.00,116.00,72.00,87.00,425.00,20.00,7.00,15.00,115.00,157.00,20.00,11.00,47.00,31.00,109.00,21.00,14.00,61.00,42.00,138.00,23.00,18.00,70.00,51.00,162.00,21.00,12.00,54.00,55.00,142.00,20.00,21.00,68.00,64.00,173.00,73.05,25.40,77.10,72.80,248.35,57.51,14.00,62.03,87.50,221.04,107.27,7.48,49.32,137.17,301.24,137.94,22.04,29.53,150.50,340.01,121.00,52.15,67.55,156.82,397.52,148.70,277.47,228.43,262.35,916.95,67.73,56.18,298.57,308.58,731.06,257.07,38.39,256.81,210.86,763.13,225.30,72.46,268.33,295.40,861.49,159.55,118.54,188.74,290.68,757.51,250.07,158.39,99.17,212.22,719.85,158.91,147.06,187.03,248.15,741.15,247.69,120.81,172.67,256.40,797.57,286.81,153.40,86.46,227.27,753.94,251.46,313.53,418.38,819.08,1802.45,460.16,174.23,322.45,515.16,1472.00,459.42,186.12,347.85,870.33,1863.72,12.26,17.07,2.77,4.47,36.57,12.40,13.83,13.62,17.62,57.46,7.18,2.62,22.20,54.54,86.54,11.80,4.92,16.20,22.66,55.58,11.14,21.61,18.39,13.86,65.00,15.58,..,..,..,..
....Tarlac,..Aquaculture,..,..,..,..,..,..,..,..,..,142.00,..,..,..,..,177.00,..,..,..,..,420.00,..,..,..,..,641.00,..,..,..,..,1040.00,..,..,..,..,983.00,..,..,..,..,2613.00,..,..,..,..,2279.00,..,..,..,..,2336.00,..,..,..,..,2444.08,..,..,..,..,2436.46,..,..,..,..,2221.00,1037.00,551.00,..,900.00,2488.00,1019.00,467.00,35.00,341.00,1862.00,877.06,351.00,45.00,293.00,1566.06,913.00,270.00,50.00,139.00,1372.00,552.00,283.00,77.00,234.00,1146.00,492.00,226.00,58.00,229.00,1005.00,546.00,346.00,82.00,359.00,1333.00,568.00,459.00,205.30,540.00,1772.30,615.00,1073.00,224.00,317.00,2229.00,547.10,742.30,257.20,699.00,2245.60,540.00,845.00,309.00,748.24,2442.24,563.84,869.80,229.10,814.65,2477.39,583.75,828.73,458.06,1297.73,3168.26,1968.95,1090.57,569.42,1398.16,5027.10,2841.50,1313.94,592.25,1524.33,6272.02,2931.60,1303.87,528.66,1376.78,6140.92,3014.46,1437.49,579.47,1954.33,6985.75,2240.87,1029.74,463.00,1901.07,5634.69,1797.94,1167.31,697.88,2289.54,5952.67,1979.68,1670.78,807.61,2463.57,6921.64,2136.77,1608.12,895.14,2301.62,6941.65,1843.93,2017.69,1263.82,2660.38,7785.83,2005.96,1852.79,1282.34,2274.66,7415.76,1862.65,1158.74,1528.92,1954.28,6504.59,2326.45,1244.90,1785.92,2633.22,7990.48,1715.98,1175.00,3643.68,878.52,7413.18,1686.10,546.79,3184.55,451.29,5868.73,1614.17,358.45,3227.67,375.46,5575.75,475.92,324.58,2473.53,512.75,3786.79,717.66,673.22,600.84,401.89,2393.61,653.47,567.18,400.07,511.16,2131.88,340.58,193.61,354.29,276.30,1164.78,314.37,317.48,327.38,197.35,1156.58,140.98,..,..,..,..
....Zambales,FISHERIES,..,..,..,..,7477.00,..,..,..,..,8901.00,..,..,..,..,15849.00,..,..,..,..,13974.00,..,..,..,..,15623.00,..,..,..,..,16691.00,..,..,..,..,20704.00,..,..,..,..,20593.00,..,..,..,..,21868.00,..,..,..,..,23657.00,..,..,..,..,23931.13,..,..,..,..,26656.13,..,..,..,..,15346.00,6039.00,1552.00,1089.00,1501.00,10181.00,5132.00,2003.00,1174.00,3698.00,12007.00,5343.00,1881.00,1121.00,1283.00,9628.00,2374.00,2165.00,1368.00,1971.00,7878.00,2431.00,2230.00,1520.00,3256.00,9437.00,2674.00,1234.00,1182.00,1848.00,6938.00,2440.00,1817.00,1593.00,2262.00,8112.00,2724.00,2881.00,1350.00,2285.00,9240.00,2996.00,3413.00,1508.00,2566.00,10483.00,3537.00,3148.00,1023.00,2204.00,9912.00,2893.00,4088.00,1256.00,3823.00,12060.00,3621.00,3970.08,1444.87,3741.50,12777.45,4408.13,4732.90,3461.26,4723.91,17326.20,4070.13,5182.16,3292.54,4414.27,16959.10,4946.19,6771.27,3211.80,4309.89,19239.16,5086.65,6564.99,2920.29,3932.89,18504.81,6534.77,7195.70,2556.44,3662.87,19949.78,6858.36,5965.73,4423.12,4043.53,21290.73,7586.27,6051.75,4141.63,4858.02,22637.67,7315.92,6638.55,3665.92,5534.18,23154.57,8284.59,8381.64,3669.16,6113.89,26449.28,9259.45,10336.32,4166.20,6072.54,29834.51,9029.40,10069.66,4075.55,4591.70,27766.31,6765.24,8475.16,3677.42,3706.81,22624.63,7771.96,14832.83,5111.35,5078.45,32794.60,7763.79,19897.62,5461.94,10500.67,43624.03,12400.89,21725.17,4482.58,8499.14,47107.78,9849.10,29482.18,4856.26,5563.01,49750.54,8014.58,36557.70,3851.98,5713.88,54138.14,7773.99,29587.14,6425.78,11378.58,55165.49,6251.50,10374.01,5177.02,7617.63,29420.16,4186.33,8114.63,5174.92,5136.64,22612.51,6228.14,8780.09,4555.29,5782.47,25345.99,4480.77,..,..,..,..
....Zambales,..Commercial Fisheries,..,..,..,..,560.00,..,..,..,..,1214.00,..,..,..,..,3918.00,..,..,..,..,4159.00,..,..,..,..,4099.00,..,..,..,..,4678.00,..,..,..,..,4475.00,..,..,..,..,5112.00,..,..,..,..,5221.00,..,..,..,..,5247.00,..,..,..,..,4880.00,..,..,..,..,4593.00,..,..,..,..,2658.00,751.00,269.00,344.00,567.00,1931.00,835.00,1016.00,621.00,2858.00,5330.00,1286.00,834.00,549.00,524.00,3193.00,1195.00,703.00,748.00,978.00,3624.00,1200.00,541.00,731.00,2057.00,4529.00,1961.00,496.00,584.00,1218.00,4259.00,1672.00,906.00,876.00,1247.00,4701.00,1758.00,1425.00,771.00,1268.00,5222.00,1823.00,1472.00,748.00,1343.00,5386.00,1611.00,1425.00,559.00,1050.00,4645.00,1311.00,1649.00,577.00,978.00,4515.00,1477.00,1750.00,672.00,1006.00,4905.00,1027.72,1018.56,783.33,1046.31,3875.92,925.18,1098.62,1211.07,775.17,4010.04,1202.77,1150.69,899.83,635.68,3888.97,1192.01,1087.29,770.66,767.92,3817.88,1538.84,820.82,404.62,741.34,3505.62,1491.85,844.55,709.05,706.63,3752.08,1727.54,811.40,543.23,887.36,3969.53,1091.51,635.93,470.07,746.30,2943.81,1117.06,602.77,453.70,719.35,2892.88,1073.69,679.43,436.42,787.33,2976.87,803.79,644.90,427.62,919.16,2795.47,368.62,695.99,347.99,384.51,1797.11,409.40,784.22,1694.90,474.69,3363.21,386.01,726.67,1826.30,3331.22,6270.20,979.14,1880.20,1689.92,3159.86,7709.12,640.50,584.86,1311.36,930.38,3467.10,417.22,614.07,762.50,630.61,2424.40,394.86,935.07,858.15,4359.74,6547.82,952.65,1685.16,626.56,2329.57,5593.95,526.03,1020.99,820.79,824.10,3191.91,883.52,1046.73,930.48,739.44,3600.17,683.90,..,..,..,..
....Zambales,..Municipal Fisheries,..,..,..,..,5980.00,..,..,..,..,6377.00,..,..,..,..,10539.00,..,..,..,..,8918.00,..,..,..,..,10591.00,..,..,..,..,10535.00,..,..,..,..,14765.00,..,..,..,..,14037.00,..,..,..,..,14989.00,..,..,..,..,16570.00,..,..,..,..,17126.00,..,..,..,..,20144.00,..,..,..,..,10939.00,4542.00,496.00,300.00,503.00,5841.00,4285.00,462.00,258.00,504.00,5509.00,3687.00,412.00,322.00,399.00,4820.00,698.00,675.00,326.00,453.00,2152.00,730.00,699.00,515.00,541.00,2485.00,300.00,295.00,412.00,343.00,1350.00,292.00,295.00,463.00,463.00,1513.00,403.00,441.00,367.00,577.00,1788.00,512.00,494.00,348.00,615.00,1969.00,506.00,473.00,226.00,652.00,1857.00,538.00,629.00,243.00,1841.00,3251.00,709.00,663.00,262.07,1577.00,3211.07,2313.16,1644.06,1501.31,2568.10,8026.63,1967.86,1769.48,1416.47,2605.85,7759.66,2355.51,2810.67,1612.00,2468.18,9246.36,2442.56,3268.66,1503.83,2534.18,9749.23,3515.24,4288.31,1481.91,2411.79,11697.25,3554.84,2366.52,2373.66,2861.06,11156.08,4440.34,2414.69,2352.26,3100.21,12307.50,4178.62,2377.89,1717.64,3080.32,11354.47,4237.98,2390.41,1643.92,3081.43,11353.74,3905.57,2428.45,1670.94,3032.43,11037.39,3763.46,2490.61,1716.13,2204.24,10174.44,3547.76,2275.20,1548.65,1956.47,9328.08,5498.33,1542.82,2016.83,1880.27,10938.25,5427.50,2136.85,2431.42,4817.22,14812.99,7638.51,2763.16,1447.85,3904.73,15754.25,5255.82,3150.70,1651.29,1943.97,12001.78,4098.29,2174.28,1114.37,1710.52,9097.46,2940.51,3443.43,2062.52,4777.27,13223.73,3153.87,2405.05,1338.41,2880.92,9778.24,2019.42,2514.06,1779.69,2566.11,8879.28,3075.29,4665.85,2266.49,3343.58,13351.21,1993.66,..,..,..,..
....Zambales,....Marine Municipal Fisheries,..,..,..,..,5980.00,..,..,..,..,6307.00,..,..,..,..,8868.00,..,..,..,..,7036.00,..,..,..,..,8652.00,..,..,..,..,8103.00,..,..,..,..,12681.00,..,..,..,..,12035.00,..,..,..,..,14514.00,..,..,..,..,16090.00,..,..,..,..,15718.00,..,..,..,..,18603.00,..,..,..,..,9422.00,4519.00,475.00,272.00,473.00,5739.00,4262.00,444.00,233.00,477.00,5416.00,3658.00,394.00,306.00,379.00,4737.00,671.00,657.00,305.00,428.00,2061.00,700.00,679.00,474.00,498.00,2351.00,262.00,263.00,402.00,335.00,1262.00,283.00,282.00,450.00,452.00,1467.00,391.00,423.00,349.00,563.00,1726.00,497.00,470.00,329.00,597.00,1893.00,487.00,460.00,207.00,627.00,1781.00,515.00,604.00,213.00,1807.00,3139.00,670.00,629.00,230.07,1539.00,3068.07,2274.16,1611.29,1462.31,2519.07,7866.83,1917.23,1728.82,1381.06,2559.71,7586.82,2292.51,2769.41,1579.18,2414.76,9055.86,2366.47,3225.99,1468.15,2498.14,9558.75,3482.31,4261.49,1459.69,2389.06,11592.55,3530.96,2349.42,2327.52,2828.13,11036.03,4404.60,2363.93,2329.36,3067.93,12165.82,4132.46,2317.30,1660.88,3039.16,11149.80,4187.10,2329.40,1582.36,3034.00,11132.86,3850.37,2386.22,1609.16,2987.75,10833.50,3710.72,2456.28,1657.58,2185.75,10010.33,3527.96,2252.08,1476.70,1927.47,9184.21,5468.99,1516.85,1978.99,1859.11,10823.94,5401.27,2112.37,2399.65,4794.92,14708.21,7607.79,2731.28,1410.68,3864.87,15614.62,5131.08,3063.64,1569.59,1892.72,11657.03,3722.30,2113.70,1040.91,1677.96,8554.87,2899.64,3390.88,2027.26,4751.09,13068.87,3133.13,2376.67,1304.09,2853.79,9667.68,1992.33,2488.69,1759.01,2547.33,8787.36,3059.55,4644.47,2246.86,3330.72,13281.59,1982.36,..,..,..,..
....Zambales,....Inland Municipal Fisheries,..,..,..,..,..,..,..,..,..,70.00,..,..,..,..,1671.00,..,..,..,..,1882.00,..,..,..,..,1939.00,..,..,..,..,2432.00,..,..,..,..,2084.00,..,..,..,..,2002.00,..,..,..,..,475.00,..,..,..,..,480.00,..,..,..,..,1408.00,..,..,..,..,1541.00,..,..,..,..,1517.00,23.00,21.00,28.00,30.00,102.00,23.00,18.00,25.00,27.00,93.00,29.00,18.00,16.00,20.00,83.00,27.00,18.00,21.00,25.00,91.00,30.00,20.00,41.00,43.00,134.00,38.00,32.00,10.00,8.00,88.00,9.00,13.00,13.00,11.00,46.00,12.00,18.00,18.00,14.00,62.00,15.00,24.00,19.00,18.00,76.00,19.00,13.00,19.00,25.00,76.00,23.00,25.00,30.00,34.00,112.00,39.00,34.00,32.00,38.00,143.00,39.00,32.77,39.00,49.03,159.80,50.63,40.66,35.41,46.14,172.84,63.00,41.26,32.82,53.42,190.50,76.09,42.67,35.68,36.04,190.48,32.93,26.82,22.22,22.73,104.70,23.88,17.10,46.14,32.93,120.05,35.74,50.76,22.90,32.28,141.68,46.16,60.59,56.76,41.16,204.67,50.88,61.01,61.56,47.43,220.88,55.20,42.23,61.78,44.68,203.89,52.74,34.33,58.55,18.49,164.11,19.80,23.12,71.95,29.00,143.87,29.34,25.97,37.84,21.16,114.31,26.23,24.48,31.77,22.30,104.78,30.72,31.88,37.17,39.86,139.63,124.74,87.06,81.70,51.25,344.75,375.99,60.58,73.46,32.56,542.59,40.87,52.55,35.26,26.18,154.86,20.74,28.38,34.32,27.13,110.56,27.08,25.37,20.68,18.78,91.92,15.74,21.38,19.63,12.86,69.62,11.29,..,..,..,..
....Zambales,..Aquaculture,..,..,..,..,937.00,..,..,..,..,1310.00,..,..,..,..,1392.00,..,..,..,..,897.00,..,..,..,..,933.00,..,..,..,..,1478.00,..,..,..,..,1464.00,..,..,..,..,1444.00,..,..,..,..,1658.00,..,..,..,..,1840.00,..,..,..,..,1925.13,..,..,..,..,1919.13,..,..,..,..,1749.00,746.00,787.00,445.00,431.00,2409.00,12.00,525.00,295.00,336.00,1168.00,370.00,635.00,250.00,360.00,1615.00,481.00,787.00,294.00,540.00,2102.00,501.00,990.00,274.00,658.00,2423.00,413.00,443.00,186.00,287.00,1329.00,476.00,616.00,254.00,552.00,1898.00,563.00,1015.00,212.00,440.00,2230.00,661.00,1447.00,412.00,608.00,3128.00,1420.00,1250.00,238.00,502.00,3410.00,1044.00,1810.00,436.00,1004.00,4294.00,1435.00,1557.08,510.80,1158.50,4661.38,1067.25,2070.28,1176.62,1109.50,5423.65,1177.09,2314.06,665.00,1033.25,5189.40,1387.91,2809.91,699.97,1206.03,6103.83,1452.08,2209.04,645.80,630.79,4937.70,1480.69,2086.57,669.91,509.74,4746.91,1811.67,2754.66,1340.41,475.84,6382.57,1418.39,2825.66,1246.14,870.46,6360.64,2045.79,3624.73,1478.21,1707.56,8856.29,2929.55,5388.46,1571.54,2313.11,12202.66,4280.19,7228.44,2058.84,2252.78,15820.25,4462.15,6934.15,1931.80,1468.30,14796.40,2848.86,5503.97,1780.78,1365.83,11499.44,1864.23,12505.79,1399.62,2723.49,18493.14,1950.28,17034.10,1204.22,2352.23,22540.84,3783.24,17081.81,1344.81,1434.55,23644.41,3952.78,25746.62,1893.61,2688.66,34281.66,3499.07,33769.35,1975.11,3372.75,42616.28,4438.62,25208.63,3505.11,2241.57,35393.94,2144.98,6283.80,3212.05,2407.14,14047.97,1640.89,4579.57,2574.44,1746.42,10541.33,2269.34,3067.51,1358.32,1699.45,8394.61,1803.21,..,..,..,..
..Region IV-A (CALABARZON),FISHERIES,..,..,..,..,343491.00,..,..,..,..,346645.00,..,..,..,..,392030.00,..,..,..,..,382789.00,..,..,..,..,403491.00,..,..,..,..,351313.00,..,..,..,..,354522.00,..,..,..,..,345838.00,..,..,..,..,337068.00,..,..,..,..,333743.00,..,..,..,..,328065.35,..,..,..,..,352860.72,..,..,..,..,363999.00,85623.00,100084.00,92164.00,80557.00,358428.00,89590.00,105586.00,90121.00,95830.00,381127.00,81290.00,90672.00,78760.00,84884.00,335606.00,78294.00,91888.00,71944.00,79482.00,321608.00,62085.00,83425.00,78307.00,99346.00,323163.00,61216.00,82884.00,78220.00,102430.00,324750.00,67905.00,92583.00,86860.00,106213.00,353561.00,62870.00,88474.00,92895.00,109863.00,354102.00,66538.00,91510.00,67279.00,101401.00,326728.00,64361.10,93703.50,76181.70,76468.00,310714.30,75027.00,86626.10,77592.00,78847.90,318093.00,76556.12,76504.73,83786.40,81288.82,318136.05,69705.37,76737.28,81249.61,98184.92,325877.18,82583.75,89065.41,89775.98,90749.96,352175.10,83391.18,88274.91,110666.33,104816.92,387149.33,91350.88,93962.48,118439.78,104397.27,408150.40,99744.80,91307.74,132174.01,92353.04,415579.60,92247.27,94649.32,121072.00,105426.85,413395.44,92607.77,89898.01,113690.82,106698.38,402894.98,96574.96,91895.13,111001.83,108463.31,407935.23,97508.61,89138.01,114126.87,107329.27,408102.76,99512.91,92445.25,105690.37,93816.25,391464.78,88134.20,93861.77,102602.02,93924.34,378522.33,77229.20,82955.07,82806.60,88249.28,331240.14,76611.88,85906.23,86620.17,82808.59,331946.88,56906.93,83126.46,77205.20,75838.63,293077.22,52913.63,83601.50,81433.94,82442.60,300391.66,56630.92,58919.95,67107.67,60350.01,243008.54,44575.18,67894.54,62813.18,55838.98,231121.88,36359.39,54892.86,54013.37,50184.86,195450.47,55934.39,43506.32,39373.06,37362.97,176176.74,38537.64,42989.41,46906.94,31731.41,160165.41,40545.92,38144.78,43960.70,35473.17,158124.57,33017.61,..,..,..,..
..Region IV-A (CALABARZON),..Commercial Fisheries,..,..,..,..,48731.00,..,..,..,..,42358.00,..,..,..,..,28079.00,..,..,..,..,25193.00,..,..,..,..,26416.00,..,..,..,..,28955.00,..,..,..,..,28568.00,..,..,..,..,26399.00,..,..,..,..,26594.00,..,..,..,..,30542.00,..,..,..,..,21226.00,..,..,..,..,37387.00,..,..,..,..,52123.00,9557.00,16362.00,17981.00,13239.00,57139.00,15197.00,19360.00,25034.00,17165.00,76756.00,16567.00,16527.00,25295.00,18904.00,77293.00,16953.00,16377.00,21679.00,24858.00,79867.00,17603.00,17882.00,20966.00,24412.00,80863.00,22818.00,17968.00,22370.00,23764.00,86920.00,23713.00,28802.00,32963.00,25749.00,111227.00,20927.00,24046.00,31472.00,23923.00,100368.00,24463.00,26241.00,23404.00,20859.00,94967.00,22924.00,27500.00,22182.00,20025.00,92631.00,26649.00,24230.00,21129.00,16775.00,88783.00,25890.24,22693.90,19497.67,14923.31,83005.12,21650.77,23890.44,20052.31,15269.69,80863.21,21128.17,28534.35,19491.66,14555.63,83709.81,24415.20,27662.32,19199.17,15751.45,87028.14,22739.77,24759.38,18000.81,16362.08,81862.04,24924.94,22685.17,19224.64,15655.08,82489.83,23365.71,25451.91,18563.62,17707.98,85089.22,19529.44,20696.52,15975.26,16901.88,73103.10,20394.53,18927.75,14415.34,15295.50,69033.12,19168.21,19488.69,14085.99,13419.20,66162.09,20472.18,20221.38,14420.14,13266.82,68380.52,17284.44,22820.58,14005.07,12247.34,66357.43,14281.58,14300.04,11487.00,12926.55,52995.17,13635.03,13807.85,11347.18,10961.04,49751.10,9960.40,12422.31,10290.49,8128.24,40801.44,9718.75,12481.51,8091.86,4844.19,35136.31,11054.02,6202.89,6934.92,3868.42,28060.25,7351.96,5609.74,6183.14,4199.06,23343.90,5546.23,5383.03,7742.03,7436.94,26108.23,17674.66,6583.93,6330.43,6064.79,36653.81,8240.12,10168.50,9352.42,8266.16,36027.19,8528.06,8949.44,9024.59,8186.82,34688.91,9798.68,..,..,..,..
..Region IV-A (CALABARZON),..Municipal Fisheries,..,..,..,..,248324.00,..,..,..,..,229432.00,..,..,..,..,286747.00,..,..,..,..,266418.00,..,..,..,..,282880.00,..,..,..,..,255490.00,..,..,..,..,268619.00,..,..,..,..,267211.00,..,..,..,..,263217.00,..,..,..,..,254795.00,..,..,..,..,256593.00,..,..,..,..,261225.00,..,..,..,..,246478.00,59863.00,60419.00,56002.00,52935.00,229219.00,55061.00,59975.00,52869.00,68080.00,235985.00,55172.00,54342.00,42515.00,58819.00,210848.00,52997.00,52742.00,41543.00,47334.00,194616.00,35966.00,42486.00,43473.00,57946.00,179871.00,30673.00,38759.00,43197.00,57424.00,170053.00,30434.00,39872.00,40235.00,52768.00,163309.00,29484.00,35732.00,39632.00,50916.00,155764.00,31514.00,34219.00,26742.00,43067.00,135542.00,29104.00,31868.00,32971.00,27128.00,121071.00,25885.00,26311.00,33030.00,31359.00,116585.00,25302.08,23508.78,32854.94,28397.09,110062.89,23789.12,22237.05,29745.30,33462.33,109233.80,31222.49,30561.37,26582.87,31572.75,119939.48,28310.40,27941.08,36110.79,29840.60,122202.87,27941.13,29699.62,35995.80,30173.32,123809.87,29496.80,26146.59,34974.77,31615.62,122233.78,28732.47,28388.79,37700.57,32573.97,127395.80,28411.90,27774.87,35220.93,33141.47,124549.17,28826.70,28007.37,37084.56,33019.13,126937.76,29868.38,27974.21,38534.77,32421.08,128798.44,31608.51,30213.45,48196.56,35456.80,145475.32,31093.40,28856.33,44039.89,34044.08,138033.70,23707.63,27996.06,27847.77,25664.28,105215.74,25912.66,29540.83,29191.08,26616.15,111260.72,23590.81,27199.60,25340.61,24557.90,100688.92,22503.30,28318.26,24102.36,24148.65,99072.57,24526.32,20008.01,22455.04,20115.76,87105.13,15065.16,18152.60,21096.39,16659.59,70973.74,15978.40,18876.74,15693.32,16369.93,66918.40,17616.10,14927.62,13426.69,13667.66,59638.06,13810.49,16328.89,15648.35,12917.03,58704.75,17537.04,14957.78,15128.02,12030.01,59652.84,13291.74,..,..,..,..
..Region IV-A (CALABARZON),....Marine Municipal Fisheries,..,..,..,..,44937.00,..,..,..,..,42750.00,..,..,..,..,63285.00,..,..,..,..,34319.00,..,..,..,..,40015.00,..,..,..,..,43189.00,..,..,..,..,55825.00,..,..,..,..,59823.00,..,..,..,..,70211.00,..,..,..,..,72784.00,..,..,..,..,65311.00,..,..,..,..,70794.00,..,..,..,..,58959.00,15787.00,18690.00,11984.00,22415.00,68876.00,13239.00,15044.00,13697.00,27330.00,69310.00,12474.00,15591.00,13423.00,21611.00,63099.00,12987.00,15087.00,11821.00,15618.00,55513.00,11267.00,13238.00,13289.00,22539.00,60333.00,9782.00,14816.00,14122.00,21725.00,60445.00,8974.00,14560.00,13854.00,21873.00,59261.00,8764.00,11878.00,13697.00,17268.00,51607.00,11557.00,11841.00,11304.00,13935.00,48637.00,10907.00,11635.00,10298.00,12414.00,45254.00,11513.00,11300.00,9889.00,10619.00,43321.00,11313.84,10674.86,8470.53,9124.08,39583.31,9775.83,10506.33,8343.41,8597.39,37222.96,9031.89,9751.19,8818.12,8440.63,36041.83,8735.14,10554.85,13583.09,9116.08,41989.16,8317.47,10720.58,12302.72,8908.33,40249.10,9785.36,9839.76,11265.17,8209.06,39099.35,9628.61,10725.18,11746.20,9445.41,41545.40,8816.32,9559.38,9229.29,8990.39,36595.38,8786.03,9720.23,9732.18,8247.83,36486.27,9091.66,9534.70,9888.18,7302.87,35817.41,10645.55,11255.43,10498.80,7521.85,39921.63,10646.56,9826.51,10512.83,5769.29,36755.19,7691.34,10648.97,10124.28,7748.03,36212.62,9487.95,11530.30,10933.87,7338.74,39290.86,7338.59,8816.59,9092.31,8089.31,33336.80,7806.00,9880.08,8793.45,7647.15,34126.68,8001.01,5959.96,7844.41,5039.40,26844.78,7176.23,5056.81,6926.03,5672.61,24831.68,7971.96,9853.84,6754.08,7291.25,31871.12,8925.35,5869.03,5579.58,4840.67,25214.63,5433.88,8541.79,6965.78,4641.36,25582.82,6009.35,6044.62,6405.68,4566.14,23025.79,5110.06,..,..,..,..
..Region IV-A (CALABARZON),....Inland Municipal Fisheries,..,..,..,..,203387.00,..,..,..,..,186682.00,..,..,..,..,223462.00,..,..,..,..,232099.00,..,..,..,..,242865.00,..,..,..,..,212301.00,..,..,..,..,212794.00,..,..,..,..,207388.00,..,..,..,..,193006.00,..,..,..,..,182011.00,..,..,..,..,191282.00,..,..,..,..,190431.00,..,..,..,..,187519.00,44076.00,41729.00,44018.00,30520.00,160343.00,41822.00,44931.00,39172.00,40750.00,166675.00,42698.00,38751.00,29092.00,37208.00,147749.00,40010.00,37655.00,29722.00,31716.00,139103.00,24699.00,29248.00,30184.00,35407.00,119538.00,20891.00,23943.00,29075.00,35699.00,109608.00,21460.00,25312.00,26381.00,30895.00,104048.00,20720.00,23854.00,25935.00,33648.00,104157.00,19957.00,22378.00,15438.00,29132.00,86905.00,18197.00,20233.00,22673.00,14714.00,75817.00,14372.00,15011.00,23141.00,20740.00,73264.00,13988.24,12833.92,24384.41,19273.01,70479.58,14013.29,11730.72,21401.89,24864.94,72010.84,22190.60,20810.18,17764.75,23132.12,83897.65,19575.26,17386.23,22527.70,20724.52,80213.71,19623.66,18979.04,23693.08,21264.99,83560.77,19711.44,16306.83,23709.60,23406.56,83134.43,19103.86,17663.61,25954.37,23128.56,85850.40,19595.58,18215.49,25991.64,24151.08,87953.79,20040.67,18287.14,27352.38,24771.30,90451.49,20776.72,18439.51,28646.59,25118.21,92981.03,20962.96,18958.02,37697.76,27934.95,105553.69,20446.84,19029.82,33527.06,28274.79,101278.51,16016.29,17347.09,17723.49,17916.25,69003.12,16424.71,18010.53,18257.21,19277.41,71969.86,16252.22,18383.01,16248.30,16468.59,67352.12,14697.30,18438.18,15308.91,16501.50,64945.89,16525.31,14048.05,14610.63,15076.36,60260.35,7888.93,13095.79,14170.36,10986.98,46142.06,8006.44,9022.90,8939.25,9078.69,35047.27,8690.75,9058.60,7847.11,8826.98,34423.43,8376.61,7787.09,8682.56,8275.66,33121.93,11527.69,8913.16,8722.34,7463.86,36627.05,8181.68,..,..,..,..
..Region IV-A (CALABARZON),..Aquaculture,..,..,..,..,46436.00,..,..,..,..,74855.00,..,..,..,..,77204.00,..,..,..,..,91178.00,..,..,..,..,94195.00,..,..,..,..,66868.00,..,..,..,..,57335.00,..,..,..,..,52228.00,..,..,..,..,47257.00,..,..,..,..,48406.00,..,..,..,..,50246.35,..,..,..,..,54248.72,..,..,..,..,65398.00,16203.00,23303.00,18181.00,14383.00,72070.00,19332.00,26251.00,12218.00,10585.00,68386.00,9551.00,19803.00,10950.00,7161.00,47465.00,8344.00,22769.00,8722.00,7290.00,47125.00,8516.00,23057.00,13868.00,16988.00,62429.00,7725.00,26157.00,12653.00,21242.00,67777.00,13758.00,23909.00,13662.00,27696.00,79025.00,12459.00,28696.00,21791.00,35024.00,97970.00,10561.00,31050.00,17133.00,37475.00,96219.00,12333.10,34335.50,21028.70,29315.00,97012.30,22493.00,36085.10,23433.00,30713.90,112725.00,25363.80,30302.05,31433.79,37968.42,125068.04,24265.48,30609.79,31452.00,49452.90,135780.17,30233.09,29969.69,43701.45,44621.58,148525.81,30665.58,32671.50,55356.37,59224.87,177918.32,40669.98,39503.48,64443.17,57861.87,202478.49,45323.06,42475.98,77974.60,45082.34,210855.99,40149.09,40808.62,64807.81,55144.90,200910.42,44666.43,41426.62,62494.63,56655.03,205242.71,47353.73,44960.01,59501.93,60148.68,211964.35,48472.02,41675.11,61506.11,61488.99,213142.23,47432.22,42010.42,43073.67,45092.63,177608.94,39756.36,42184.86,44557.06,47632.92,174131.20,39239.99,40658.97,43471.83,49658.45,173029.23,37064.19,42557.55,46081.91,45231.40,170935.06,23355.72,43504.55,41574.10,43152.49,151586.86,20691.58,42801.73,49239.72,53449.76,166182.78,21050.58,32709.05,37717.71,36365.83,127843.16,22158.06,44132.20,35533.65,34980.33,136804.24,14834.76,30633.09,30578.02,26377.98,102423.85,20643.63,21994.76,19615.94,17630.53,79884.86,16487.03,16492.02,21906.18,10548.23,65433.46,14480.82,14237.56,19808.09,15256.34,63782.82,9927.20,..,..,..,..
....Batangas,FISHERIES,..,..,..,..,23279.00,..,..,..,..,22722.00,..,..,..,..,22293.00,..,..,..,..,19544.00,..,..,..,..,27932.00,..,..,..,..,30987.00,..,..,..,..,35381.00,..,..,..,..,37844.00,..,..,..,..,39109.00,..,..,..,..,42940.00,..,..,..,..,51069.72,..,..,..,..,48633.83,..,..,..,..,42236.00,10810.00,15536.00,4477.00,5435.00,36258.00,9202.00,13004.00,8830.00,8855.00,39891.00,8277.00,14297.00,7584.00,8156.00,38314.00,7773.00,13960.00,6672.00,7850.00,36255.00,7165.00,12254.00,8260.00,22966.00,50645.00,6174.00,10114.00,7224.00,17761.00,41273.00,11854.00,9340.00,6800.00,15839.00,43833.00,11527.00,7823.00,6606.00,17339.00,43295.00,12014.00,10552.00,11131.00,13346.00,47043.00,12758.00,9874.00,10379.80,11964.00,44975.80,15463.00,10890.40,12639.50,12934.00,51926.90,15820.00,10687.00,14274.00,13373.00,54154.00,16534.75,11160.00,14875.40,14991.40,57561.55,19308.69,13284.30,26010.70,18145.87,76749.56,25658.68,15753.69,34893.97,19566.14,95872.48,25827.89,17189.32,35594.04,18871.97,97483.21,27822.70,17696.30,39723.56,17706.36,102948.91,28395.97,19394.18,36505.00,22717.70,107012.86,28629.41,17860.30,30428.20,23786.16,100704.06,29465.54,18955.33,26908.40,24203.91,99533.19,31202.07,17795.35,28207.26,25301.61,102506.29,28136.93,17966.14,20264.08,18786.00,85153.14,23103.07,22862.38,20746.04,26132.15,92843.63,25384.12,22590.24,25793.64,19745.73,93513.73,20881.17,20695.40,27038.06,22699.94,91314.57,16762.47,18587.43,31831.35,29710.37,96891.62,13150.78,15317.25,29444.01,35178.65,93090.69,10628.66,12791.95,23569.69,18866.85,65857.14,15658.37,15633.16,15728.58,21480.66,68500.77,9455.29,11878.04,15323.68,18223.10,54880.11,23869.31,12347.36,10235.69,11373.27,57825.63,18726.50,14739.75,15218.82,10214.27,58899.33,17501.16,13796.70,12274.15,14546.38,58118.39,13507.84,..,..,..,..
....Batangas,..Commercial Fisheries,..,..,..,..,15743.00,..,..,..,..,13604.00,..,..,..,..,2692.00,..,..,..,..,2319.00,..,..,..,..,3024.00,..,..,..,..,4448.00,..,..,..,..,3887.00,..,..,..,..,3765.00,..,..,..,..,3877.00,..,..,..,..,4404.00,..,..,..,..,3415.00,..,..,..,..,2154.00,..,..,..,..,2983.00,914.00,1414.00,992.00,481.00,3801.00,1410.00,2737.00,1828.00,804.00,6779.00,1159.00,889.00,706.00,620.00,3374.00,1001.00,1115.00,836.00,720.00,3672.00,986.00,1025.00,825.00,512.00,3348.00,978.00,1109.00,864.00,460.00,3411.00,1124.00,1233.00,827.00,403.00,3587.00,848.00,1237.00,803.00,462.00,3350.00,930.00,1615.00,794.00,473.00,3812.00,998.00,1033.00,741.00,466.00,3238.00,1187.00,1256.00,733.00,505.00,3681.00,1151.00,1174.00,774.00,475.00,3574.00,1139.25,1749.00,783.40,505.31,4176.96,1394.14,1672.00,992.22,1092.09,5150.45,1638.31,1679.77,1302.78,1306.26,5927.12,1475.45,1700.78,1258.30,1270.67,5705.20,1648.43,1682.60,1222.75,1260.69,5814.47,1742.12,1623.91,1213.19,1488.53,6067.75,1697.36,1604.58,1102.18,1412.27,5816.39,1503.06,1678.53,918.63,1621.05,5721.27,1755.82,1610.41,899.61,1235.82,5501.66,1788.25,1297.59,565.65,860.24,4511.73,1620.48,1332.22,534.02,1032.76,4519.48,1711.52,1071.17,1150.17,741.83,4674.69,1336.61,1160.37,1201.08,884.15,4582.21,1240.34,1252.02,969.33,963.86,4425.55,923.72,1225.47,881.43,818.86,3849.48,880.66,1261.50,939.29,659.30,3740.75,729.59,1479.02,910.73,729.13,3848.47,917.48,1423.18,2571.03,2428.52,7340.20,2474.01,1800.18,2462.56,3000.48,9737.23,3050.97,4287.94,3201.93,4372.43,14913.26,4141.78,3624.90,3038.45,3873.03,14678.16,4170.65,..,..,..,..
....Batangas,..Municipal Fisheries,..,..,..,..,7270.00,..,..,..,..,8844.00,..,..,..,..,19327.00,..,..,..,..,17053.00,..,..,..,..,24710.00,..,..,..,..,26257.00,..,..,..,..,30783.00,..,..,..,..,33368.00,..,..,..,..,33548.00,..,..,..,..,36781.00,..,..,..,..,45833.00,..,..,..,..,44513.00,..,..,..,..,36882.00,6899.00,7519.00,1637.00,3038.00,19093.00,4978.00,5688.00,4179.00,4680.00,19525.00,4600.00,5707.00,4619.00,5151.00,20077.00,4639.00,5210.00,4188.00,4975.00,19012.00,4071.00,4820.00,5477.00,10438.00,24806.00,3695.00,4576.00,5003.00,7400.00,20674.00,3829.00,4728.00,4487.00,4967.00,18011.00,4326.00,4677.00,4386.00,5247.00,18636.00,5023.00,5369.00,4088.00,4979.00,19459.00,5123.00,4714.00,3956.00,4865.00,18658.00,5533.00,4970.00,3789.00,4349.00,18641.00,5318.00,4348.00,3419.00,3515.00,16600.00,5112.00,4249.00,3383.00,3212.09,15956.09,4920.55,7172.00,4060.48,6549.78,22702.81,5416.43,4414.37,6896.42,3786.86,20514.08,4869.20,4670.00,6407.38,4421.98,20368.56,5282.58,4325.86,5368.29,4174.76,19151.49,5482.17,4441.32,5093.45,4513.30,19530.24,5110.56,4748.05,3288.55,4385.97,17533.13,4666.63,4202.81,2917.92,3522.48,15309.84,4928.00,3603.54,2838.45,2981.70,14351.69,4125.42,3411.16,3607.20,3067.34,14211.12,3504.95,4893.75,3684.49,2996.27,15079.46,3013.55,3427.48,2701.88,2495.43,11638.34,2787.52,3448.79,2774.32,2712.52,11723.15,2618.58,3203.88,2448.79,3189.71,11460.96,2074.96,2964.86,2172.27,2426.27,9638.36,2407.80,2142.12,1661.77,1550.26,7761.95,1982.02,2215.25,2546.28,1713.09,8456.64,1790.22,1713.75,1752.29,2184.08,7440.35,2811.23,1314.32,1398.28,1409.56,6933.38,1510.90,1290.96,1454.78,1700.55,5957.18,1524.65,1063.25,1032.59,879.96,4500.44,1070.88,..,..,..,..
....Batangas,....Marine Municipal Fisheries,..,..,..,..,4865.00,..,..,..,..,5312.00,..,..,..,..,12658.00,..,..,..,..,6618.00,..,..,..,..,12884.00,..,..,..,..,12616.00,..,..,..,..,18801.00,..,..,..,..,18630.00,..,..,..,..,15952.00,..,..,..,..,17214.00,..,..,..,..,25069.00,..,..,..,..,23972.00,..,..,..,..,16655.00,6688.00,7038.00,1509.00,2950.00,18185.00,4706.00,5046.00,3275.00,4052.00,17079.00,4398.00,5167.00,3986.00,4711.00,18262.00,4449.00,4685.00,3542.00,4475.00,17151.00,3886.00,4190.00,4286.00,9539.00,21901.00,3520.00,4313.00,4720.00,7154.00,19707.00,3696.00,4441.00,4123.00,4736.00,16996.00,4217.00,4481.00,4063.00,4992.00,17753.00,4889.00,5035.00,3785.00,4742.00,18451.00,5007.00,4466.00,3629.00,4631.00,17733.00,5395.00,4727.00,3435.00,4121.00,17678.00,5186.00,4130.00,3033.00,3340.00,15689.00,4918.00,4019.00,2888.00,2991.09,14816.09,4667.55,3944.00,3292.48,3208.78,15112.81,4703.43,3850.37,5794.61,3442.86,17791.27,4182.20,4003.00,5386.12,3945.34,17516.66,4443.96,3739.30,4533.41,3720.58,16437.25,4590.08,3811.97,4078.77,3832.68,16313.50,4302.03,3908.98,2705.08,3516.43,14432.52,3752.26,3588.77,2375.07,2637.87,12353.97,3811.29,3191.34,2181.47,2196.03,11380.13,3255.82,2754.03,2171.50,2195.18,10376.53,2674.36,3192.87,1995.27,2024.93,9887.43,2157.22,2325.27,1650.63,2016.54,8149.66,1986.62,2101.62,2140.08,2102.87,8331.19,1851.86,2058.79,1823.12,2502.30,8236.07,1759.43,1908.56,1562.36,1979.74,7210.09,1304.77,1460.69,1138.78,1003.78,4908.02,1171.12,1468.87,1045.66,995.59,4681.24,1069.31,1047.79,1277.22,1629.75,5024.07,2123.93,901.67,1075.33,1049.91,5150.84,1039.76,716.73,905.87,692.04,3354.40,1034.76,556.24,703.03,424.85,2718.88,677.08,..,..,..,..
....Batangas,....Inland Municipal Fisheries,..,..,..,..,2405.00,..,..,..,..,3532.00,..,..,..,..,6669.00,..,..,..,..,10435.00,..,..,..,..,11826.00,..,..,..,..,13641.00,..,..,..,..,11982.00,..,..,..,..,14738.00,..,..,..,..,17596.00,..,..,..,..,19567.00,..,..,..,..,20764.00,..,..,..,..,20541.00,..,..,..,..,20227.00,211.00,481.00,128.00,88.00,908.00,272.00,642.00,904.00,628.00,2446.00,202.00,540.00,633.00,440.00,1815.00,190.00,525.00,646.00,500.00,1861.00,185.00,630.00,1191.00,899.00,2905.00,175.00,263.00,283.00,246.00,967.00,133.00,287.00,364.00,231.00,1015.00,109.00,196.00,323.00,255.00,883.00,134.00,334.00,303.00,237.00,1008.00,116.00,248.00,327.00,234.00,925.00,138.00,243.00,354.00,228.00,963.00,132.00,218.00,386.00,175.00,911.00,194.00,230.00,495.00,221.00,1140.00,253.00,3228.00,768.00,3341.00,7590.00,713.00,564.00,1101.81,344.00,2722.81,687.00,667.00,1021.26,476.64,2851.90,838.62,586.56,834.88,454.18,2714.24,892.09,629.35,1014.68,680.62,3216.74,808.53,839.07,583.47,869.54,3100.61,914.37,614.04,542.85,884.61,2955.87,1116.71,412.20,656.98,785.67,2971.56,869.60,657.13,1435.70,872.16,3834.59,830.59,1700.88,1689.22,971.34,5192.03,856.33,1102.21,1051.25,478.89,3488.68,800.90,1347.17,634.24,609.65,3391.96,766.72,1145.09,625.67,687.41,3224.89,315.53,1056.30,609.91,446.53,2428.27,1103.03,681.43,522.99,546.48,2853.93,810.90,746.38,1500.62,717.50,3775.40,720.91,665.97,475.07,554.34,2416.28,687.29,412.65,322.95,359.65,1782.54,471.14,574.23,548.90,1008.51,2602.78,489.89,507.01,329.56,455.11,1781.57,393.81,..,..,..,..
....Batangas,..Aquaculture,..,..,..,..,266.00,..,..,..,..,274.00,..,..,..,..,274.00,..,..,..,..,172.00,..,..,..,..,198.00,..,..,..,..,282.00,..,..,..,..,711.00,..,..,..,..,711.00,..,..,..,..,1684.00,..,..,..,..,1755.00,..,..,..,..,1821.72,..,..,..,..,1966.83,..,..,..,..,2371.00,2997.00,6603.00,1848.00,1916.00,13364.00,2814.00,4579.00,2823.00,3371.00,13587.00,2518.00,7701.00,2259.00,2385.00,14863.00,2133.00,7635.00,1648.00,2155.00,13571.00,2108.00,6409.00,1958.00,12016.00,22491.00,1501.00,4429.00,1357.00,9901.00,17188.00,6901.00,3379.00,1486.00,10469.00,22235.00,6353.00,1909.00,1417.00,11630.00,21309.00,6061.00,3568.00,6249.00,7894.00,23772.00,6637.00,4127.00,5682.80,6633.00,23079.80,8743.00,4664.40,8117.50,8080.00,29604.90,9351.00,5165.00,10081.00,9383.00,33980.00,10283.50,5162.00,10709.00,11274.00,37428.50,12994.00,4440.30,20958.00,10504.00,48896.30,18603.94,9659.55,26694.77,14473.02,69431.28,19483.24,10818.54,27928.36,13179.32,71409.45,20891.69,11687.84,33132.52,12270.91,77982.95,21171.68,13328.95,30198.36,16715.87,81414.87,21821.49,11507.67,26037.47,17987.92,77354.54,23295.85,13073.99,23071.85,19060.38,78502.08,24518.25,12581.40,24469.20,21084.09,82652.94,22223.26,13257.39,16091.23,14858.42,66430.29,17977.64,16636.41,16527.53,22103.12,73244.69,20659.05,18091.59,21941.59,16508.47,77200.70,16757.04,16086.24,23062.66,19103.27,75009.21,12903.55,14131.53,28413.23,25556.80,81005.11,10152.10,11126.92,26390.31,31933.52,79602.85,7340.20,9388.33,20968.63,16657.29,54354.44,12946.76,11938.89,12271.57,19038.44,56195.66,6747.59,8741.11,11000.36,13610.50,40099.56,18584.07,9232.87,6374.85,6963.22,41155.01,14164.63,9160.86,10562.11,4141.29,38028.89,11834.73,9108.56,8203.12,9793.39,38939.79,8266.31,..,..,..,..
....Cavite,FISHERIES,..,..,..,..,7517.00,..,..,..,..,11897.00,..,..,..,..,16969.00,..,..,..,..,12618.00,..,..,..,..,17579.00,..,..,..,..,16366.00,..,..,..,..,18275.00,..,..,..,..,12512.00,..,..,..,..,14262.00,..,..,..,..,15197.00,..,..,..,..,14037.16,..,..,..,..,16319.46,..,..,..,..,15586.00,1929.00,2594.00,7394.00,7881.00,19798.00,2632.00,3230.00,1745.00,2246.00,9853.00,2592.00,2525.00,2377.00,1992.00,9486.00,2499.00,5005.00,1599.00,3895.00,12998.00,2469.00,7083.00,3155.00,3274.00,15981.00,2253.00,10357.00,1679.00,1980.00,16269.00,1718.00,11476.00,1684.00,1929.00,16807.00,1733.00,10874.00,1501.00,1394.00,15502.00,1356.00,6979.00,1409.00,1646.00,11390.00,1654.60,3507.00,1421.90,1570.00,8153.50,2276.00,4721.00,2162.00,2423.00,11582.00,2569.26,5501.19,1671.81,2864.16,12606.42,2197.73,7766.38,1630.87,2716.64,14311.62,1886.82,8332.67,2333.18,2229.79,14782.46,1955.49,8591.79,3146.01,2042.92,15736.21,1716.40,8825.83,2830.01,1793.74,15165.97,1915.82,6097.22,1763.20,1349.40,11125.63,2012.80,7747.74,2428.27,2975.56,15164.37,2418.94,8312.49,2062.06,3893.32,16686.81,2748.40,10428.01,1593.89,2770.72,17541.02,2956.40,10213.93,1928.55,2230.33,17329.20,2866.02,6972.28,1810.96,3157.17,14806.43,2481.00,5728.02,2260.14,3107.98,13577.14,2965.39,3955.04,2044.12,2619.66,11584.22,2636.65,5327.95,2390.63,2703.97,13059.21,3176.54,10340.21,2242.99,2901.94,18661.68,3419.54,11086.43,3170.40,3033.19,20709.56,3115.37,7739.32,3709.20,2835.28,17399.16,4421.18,11497.72,3440.80,3221.54,22581.24,3525.36,5883.24,5520.76,4006.88,18936.24,5346.25,4536.83,3994.80,3414.03,17291.91,4617.62,4111.85,3430.00,3393.21,15552.68,3312.14,3299.46,3046.92,3250.57,12909.09,3215.18,..,..,..,..
....Cavite,..Commercial Fisheries,..,..,..,..,4079.00,..,..,..,..,4504.00,..,..,..,..,3281.00,..,..,..,..,3117.00,..,..,..,..,3304.00,..,..,..,..,3540.00,..,..,..,..,4174.00,..,..,..,..,4591.00,..,..,..,..,4326.00,..,..,..,..,5139.00,..,..,..,..,3352.00,..,..,..,..,5419.00,..,..,..,..,3009.00,1246.00,997.00,1010.00,1438.00,4691.00,1767.00,1615.00,761.00,1337.00,5480.00,1474.00,1452.00,1476.00,1139.00,5541.00,1592.00,1855.00,829.00,2888.00,7164.00,1726.00,2096.00,1128.00,2500.00,7450.00,1704.00,1579.00,946.00,1204.00,5433.00,1246.00,1339.00,1087.00,1090.00,4762.00,1232.00,1383.00,1026.00,884.00,4525.00,931.00,1133.00,950.00,792.00,3806.00,1081.00,1331.00,936.00,731.00,4079.00,1395.00,1419.00,1498.00,995.00,5307.00,1413.00,1087.90,1000.40,880.00,4381.30,1063.10,1198.55,967.36,732.90,3961.91,774.59,848.02,1067.41,907.62,3597.64,1064.22,1262.68,1210.30,871.43,4408.63,932.55,945.71,1012.69,817.72,3708.67,1051.40,1100.97,947.05,705.99,3805.41,1193.32,1433.22,1458.26,1513.87,5598.67,1304.61,1440.40,1342.80,1733.04,5820.85,1399.06,1292.44,1027.66,1362.66,5081.82,1574.25,1546.58,1347.41,1187.83,5656.07,1553.59,1586.21,1282.06,2402.06,6823.92,1546.71,1656.59,1576.01,2352.31,7131.62,1762.75,1610.69,1311.93,1242.98,5928.35,1399.58,1580.49,1456.53,1536.57,5973.17,1588.50,1537.45,1144.69,1350.44,5621.08,1688.20,1795.46,1601.74,1552.83,6638.23,1322.77,1537.21,1973.57,1531.70,6365.25,2030.37,1966.31,1830.37,1697.37,7524.42,1510.98,1595.05,2559.61,1806.95,7472.59,2353.17,1918.40,1538.34,1475.41,7285.32,2319.49,1765.27,1479.37,1481.34,7045.47,1316.50,1506.43,1246.91,1232.78,5302.62,1270.84,..,..,..,..
....Cavite,..Municipal Fisheries,..,..,..,..,2913.00,..,..,..,..,5136.00,..,..,..,..,3548.00,..,..,..,..,3483.00,..,..,..,..,3928.00,..,..,..,..,4340.00,..,..,..,..,2849.00,..,..,..,..,3008.00,..,..,..,..,2413.00,..,..,..,..,2689.00,..,..,..,..,3036.00,..,..,..,..,2642.00,..,..,..,..,2621.00,597.00,411.00,765.00,480.00,2253.00,628.00,403.00,501.00,471.00,2003.00,585.00,457.00,849.00,595.00,2486.00,648.00,427.00,731.00,524.00,2330.00,675.00,461.00,700.00,500.00,2336.00,475.00,309.00,622.00,421.00,1827.00,382.00,355.00,452.00,394.00,1583.00,387.00,444.00,369.00,309.00,1509.00,359.00,409.00,362.00,335.00,1465.00,401.00,573.00,353.00,282.00,1609.00,535.00,794.00,462.00,534.00,2325.00,742.16,1107.69,436.41,738.26,3024.52,734.37,849.53,410.18,662.04,2656.12,676.83,780.72,813.69,787.54,3058.78,524.27,1039.35,1691.58,655.77,3910.97,380.48,719.68,1088.88,609.29,2798.33,581.01,616.40,529.40,386.59,2113.40,463.42,726.59,848.04,921.91,2959.96,662.82,749.35,632.09,1267.40,3311.66,730.82,623.74,491.35,933.92,2779.83,630.56,591.87,493.54,579.92,2295.89,542.55,536.72,466.69,627.63,2173.59,526.30,586.56,645.07,618.52,2376.45,605.87,729.51,633.43,695.11,2663.92,901.95,860.74,870.74,1037.05,3670.48,1097.33,1283.00,1014.27,1280.45,4675.05,1224.09,1387.19,1516.88,1270.74,5398.90,1112.26,1136.44,1704.12,1216.86,5169.68,1352.09,1861.02,1544.09,1492.48,6249.68,1287.94,2396.55,2535.31,1914.18,8133.99,2226.86,1806.86,1583.55,1668.43,7285.69,1852.00,2131.02,1654.10,1721.36,7358.47,1574.39,1627.12,1529.24,1815.07,6545.81,1811.88,..,..,..,..
....Cavite,....Marine Municipal Fisheries,..,..,..,..,2913.00,..,..,..,..,5136.00,..,..,..,..,3548.00,..,..,..,..,3473.00,..,..,..,..,3917.00,..,..,..,..,4331.00,..,..,..,..,2834.00,..,..,..,..,2992.00,..,..,..,..,2398.00,..,..,..,..,2672.00,..,..,..,..,3018.00,..,..,..,..,2623.00,..,..,..,..,2602.00,597.00,411.00,765.00,480.00,2253.00,628.00,403.00,501.00,471.00,2003.00,585.00,457.00,849.00,595.00,2486.00,648.00,427.00,731.00,524.00,2330.00,675.00,461.00,700.00,500.00,2336.00,475.00,309.00,622.00,421.00,1827.00,378.00,351.00,450.00,393.00,1572.00,382.00,439.00,366.00,307.00,1494.00,352.00,402.00,361.00,334.00,1449.00,398.00,569.00,352.00,280.00,1599.00,520.00,792.00,461.00,531.00,2304.00,739.94,1107.35,435.41,736.90,3019.60,732.53,846.53,403.69,652.14,2634.89,669.14,778.52,806.66,783.39,3037.71,516.50,1036.35,1686.71,649.42,3888.98,378.82,714.24,1078.32,605.55,2776.93,579.29,613.82,527.01,384.69,2104.81,462.00,725.02,844.96,919.09,2951.07,662.07,748.49,627.99,1263.80,3302.35,729.64,616.00,488.65,928.72,2763.01,629.54,577.97,492.03,577.58,2277.12,541.77,533.76,463.51,622.79,2161.83,519.44,559.20,642.09,615.39,2336.12,604.00,724.00,630.81,693.47,2652.28,898.93,858.78,866.36,1036.36,3660.43,1096.14,1278.84,1011.57,1279.96,4666.51,1218.31,1385.78,1515.54,1268.08,5387.71,1106.96,1135.32,1700.70,1215.37,5158.35,1340.93,1850.98,1537.27,1479.80,6208.98,1271.95,2385.49,2529.90,1902.05,8089.39,2214.36,1793.33,1579.91,1665.16,7252.75,1846.76,2124.96,1653.73,1720.64,7346.09,1571.79,1624.60,1520.16,1812.73,6529.29,1802.84,..,..,..,..
....Cavite,....Inland Municipal Fisheries,..,..,..,..,..,..,..,..,..,..,..,..,..,..,..,..,..,..,..,10.00,..,..,..,..,11.00,..,..,..,..,9.00,..,..,..,..,15.00,..,..,..,..,16.00,..,..,..,..,15.00,..,..,..,..,17.00,..,..,..,..,18.00,..,..,..,..,19.00,..,..,..,..,19.00,..,..,..,..,..,..,..,..,..,..,..,..,..,..,..,..,..,..,..,..,..,..,..,..,..,..,..,..,..,..,4.00,4.00,2.00,1.00,11.00,5.00,5.00,3.00,2.00,15.00,7.00,7.00,1.00,1.00,16.00,3.00,4.00,1.00,2.00,10.00,15.00,2.00,1.00,3.00,21.00,2.22,0.34,1.00,1.36,4.92,1.84,3.00,6.49,9.90,21.23,7.69,2.20,7.03,4.15,21.07,7.77,3.00,4.87,6.35,21.99,1.66,5.44,10.56,3.74,21.40,1.72,2.58,2.39,1.90,8.59,1.42,1.57,3.08,2.82,8.89,0.75,0.86,4.10,3.60,9.31,1.18,7.74,2.70,5.20,16.82,1.02,13.90,1.51,2.34,18.77,0.78,2.96,3.18,4.84,11.76,6.86,27.36,2.98,3.13,40.33,1.87,5.51,2.62,1.64,11.64,3.02,1.96,4.38,0.69,10.05,1.19,4.16,2.70,0.49,8.54,5.78,1.41,1.34,2.66,11.19,5.30,1.12,3.42,1.49,11.33,11.16,10.04,6.82,12.68,40.70,15.99,11.07,5.41,12.13,44.60,12.50,13.53,3.64,3.27,32.94,5.24,6.05,0.37,0.72,12.38,2.59,2.51,9.08,2.33,16.52,9.04,..,..,..,..
....Cavite,..Aquaculture,..,..,..,..,525.00,..,..,..,..,2257.00,..,..,..,..,10140.00,..,..,..,..,6018.00,..,..,..,..,10347.00,..,..,..,..,8486.00,..,..,..,..,11252.00,..,..,..,..,4913.00,..,..,..,..,7523.00,..,..,..,..,7369.00,..,..,..,..,7649.16,..,..,..,..,8258.46,..,..,..,..,9956.00,86.00,1186.00,5619.00,5963.00,12854.00,237.00,1212.00,483.00,438.00,2370.00,533.00,616.00,52.00,258.00,1459.00,259.00,2723.00,39.00,483.00,3504.00,68.00,4526.00,1327.00,274.00,6195.00,74.00,8469.00,111.00,355.00,9009.00,90.00,9782.00,145.00,445.00,10462.00,114.00,9047.00,106.00,201.00,9468.00,66.00,5437.00,97.00,519.00,6119.00,172.60,1603.00,132.90,557.00,2465.50,346.00,2508.00,202.00,894.00,3950.00,414.10,3305.60,235.00,1245.90,5200.60,400.26,5718.30,253.33,1321.70,7693.59,435.40,6703.93,452.08,534.63,8126.04,367.00,6289.76,244.13,515.72,7416.61,403.37,7160.44,728.44,366.73,8658.97,283.41,4379.85,286.75,256.82,5206.82,356.06,5587.93,121.97,539.78,6605.74,451.51,6122.74,87.17,892.88,7554.30,618.52,8511.83,74.88,474.14,9679.37,751.59,8075.48,87.60,462.58,9377.24,769.88,4849.35,62.21,127.48,5808.92,407.99,3484.87,39.06,137.15,4069.07,596.77,1614.84,98.76,681.57,2991.95,335.12,2886.72,63.36,130.35,3415.56,490.71,7519.76,84.03,271.05,8365.55,507.25,7903.78,51.78,209.62,8672.43,680.34,5065.67,31.51,86.72,5864.23,1038.72,7670.39,66.34,31.69,8807.14,726.44,1891.64,425.83,285.75,3329.66,766.23,811.57,872.91,270.19,2720.90,446.13,215.57,296.53,190.51,1148.74,421.25,165.91,270.77,202.72,1060.65,132.45,..,..,..,..
....Laguna,FISHERIES,..,..,..,..,239032.00,..,..,..,..,245422.00,..,..,..,..,225471.00,..,..,..,..,156954.00,..,..,..,..,163029.00,..,..,..,..,120681.00,..,..,..,..,116336.00,..,..,..,..,46714.00,..,..,..,..,47017.00,..,..,..,..,42803.00,..,..,..,..,24893.84,..,..,..,..,26743.53,..,..,..,..,27564.00,10223.00,7807.00,8354.00,6735.00,33119.00,12172.00,8587.00,7314.00,6641.00,34714.00,11967.00,6945.00,7024.00,8102.00,34038.00,11150.00,6729.00,7106.00,6108.00,31093.00,6614.00,6373.00,6446.00,6437.00,25870.00,6405.00,5980.00,6266.00,6814.00,25465.00,6638.00,6170.00,6411.00,6946.00,26165.00,7223.00,8071.00,8074.00,6902.00,30270.00,6290.00,7586.00,4170.00,3445.00,21491.00,5173.00,6772.00,4669.00,4273.00,20887.00,4284.00,7069.00,4934.00,4681.00,20968.00,4392.70,7266.97,5416.13,4859.12,21934.90,4600.94,7407.26,5880.13,12404.84,30293.17,12548.82,14090.00,11641.82,12910.04,51190.68,12315.00,13626.51,12350.87,13622.40,51914.78,13897.65,14579.84,12409.11,13907.83,54794.43,14751.18,11468.42,11053.07,13031.33,50304.01,12751.14,11710.50,11416.41,12342.12,48220.17,12941.84,11616.83,11357.80,12693.29,48609.76,12730.94,11662.91,11392.27,12760.43,48546.56,13237.60,12122.02,12169.57,13005.06,50534.26,13496.65,12253.61,12860.34,11380.33,49990.94,12517.67,11384.31,11332.60,12333.96,47568.54,8996.96,9915.25,12172.62,12431.33,43516.15,10752.14,11214.05,12177.57,11641.87,45785.62,11071.69,12254.19,12575.94,12059.78,47961.60,11281.33,12747.43,12510.71,12487.25,49026.72,11513.01,12455.35,12158.98,10889.39,47016.73,4566.46,11563.44,13482.61,8041.34,37653.85,4538.92,6027.10,9036.01,5105.86,24707.88,4554.88,3929.82,3040.82,3404.80,14930.32,3781.14,3338.08,3467.49,3170.19,13756.90,6760.00,4238.93,3686.45,4557.06,19242.45,4466.47,..,..,..,..
....Laguna,..Commercial Fisheries,..,..,..,..,..,..,..,..,..,..,..,..,..,..,..,..,..,..,..,..,..,..,..,..,..,..,..,..,..,..,..,..,..,..,..,..,..,..,..,..,..,..,..,..,..,..,..,..,..,..,..,..,..,..,..,..,..,..,..,..,..,..,..,..,..,.,.,.,.,.,.,.,.,.,.,.,.,.,.,.,.,.,.,.,.,.,.,.,.,.,.,.,.,.,.,.,.,.,.,.,.,.,.,.,.,.,.,.,.,.,.,.,.,.,.,.,.,.,.,.,.,.,.,.,.,.,.,.,.,.,.,.,.,.,.,.,.,.,.,.,.,.,.,.,.,.,.,.,.,.,.,.,.,.,.,.,.,.,.,.,.,.,.,.,.,.,.,.,.,.,.,.,.,.,.,.,.,.,.,.,.,.,.,.,.,.,.,.,.,.,.,.,.,.,.,.,.,.,.,.,.,.,.,.,.,.,.,.,.,.,.,.,.,.,.,.,.,.,.,.,.,.,.,.,.,.,.,.,.,.,.,..,..,..,..
....Laguna,..Municipal Fisheries,..,..,..,..,200938.00,..,..,..,..,183150.00,..,..,..,..,216578.00,..,..,..,..,145857.00,..,..,..,..,148668.00,..,..,..,..,112412.00,..,..,..,..,110107.00,..,..,..,..,42269.00,..,..,..,..,42228.00,..,..,..,..,37836.00,..,..,..,..,19738.00,..,..,..,..,21177.00,..,..,..,..,20853.00,8538.00,6686.00,7364.00,5349.00,27937.00,10940.00,7415.00,6077.00,5667.00,30099.00,10633.00,6668.00,6547.00,6844.00,30692.00,9963.00,6479.00,6688.00,5132.00,28262.00,5114.00,6112.00,6046.00,5458.00,22730.00,4846.00,5726.00,5846.00,5836.00,22254.00,4985.00,5915.00,5999.00,6001.00,22900.00,5188.00,6110.00,6598.00,5665.00,23561.00,4736.00,5495.00,2777.00,2277.00,15285.00,3500.00,4351.00,3350.00,3033.00,14234.00,2441.00,3974.00,3479.00,3010.00,12904.00,2385.80,4023.87,3483.78,3079.68,12973.13,2439.50,4025.33,3730.49,9831.92,20027.24,10432.27,10492.56,9194.88,10862.56,40982.27,10053.43,9818.85,9431.67,11332.58,40636.53,11160.74,10774.15,9547.57,11392.10,42874.56,11626.46,7457.92,7946.90,11467.97,38499.25,10184.36,8055.51,8359.27,10694.95,37294.09,10292.83,8149.04,8389.29,10952.97,37784.13,10126.35,8244.14,8511.39,11066.83,37948.71,10510.31,8502.73,8719.51,11231.15,38963.70,10711.14,8633.30,11298.24,10186.51,40829.19,10733.76,8467.49,8955.03,10130.63,38286.91,7379.18,7668.15,9470.04,9782.50,34299.87,8218.00,8445.30,9567.99,9131.88,35363.17,8508.40,8683.96,9261.66,9421.44,35875.46,8568.26,8874.30,9017.94,9071.82,35532.32,8663.45,8468.03,8969.40,9659.56,35760.44,2045.18,7057.13,7355.44,6159.05,22616.80,3991.13,3765.14,4171.99,4245.67,16173.93,3974.28,3589.07,2808.26,2899.38,13270.99,3309.05,3048.60,3119.09,2779.97,12256.71,5857.79,3782.85,3146.38,3749.63,16536.64,3991.84,..,..,..,..
....Laguna,....Marine Municipal Fisheries,..,..,..,..,..,..,..,..,..,..,..,..,..,..,..,..,..,..,..,..,..,..,..,..,..,..,..,..,..,..,..,..,..,..,..,..,..,..,..,..,..,..,..,..,..,..,..,..,..,..,..,..,..,..,..,..,..,..,..,..,..,..,..,..,..,.,.,.,.,.,.,.,.,.,.,.,.,.,.,.,.,.,.,.,.,.,.,.,.,.,.,.,.,.,.,.,.,.,.,.,.,.,.,.,.,.,.,.,.,.,.,.,.,.,.,.,.,.,.,.,.,.,.,.,.,.,.,.,.,.,.,.,.,.,.,.,.,.,.,.,.,.,.,.,.,.,.,.,.,.,.,.,.,.,.,.,.,.,.,.,.,.,.,.,.,.,.,.,.,.,.,.,.,.,.,.,.,.,.,.,.,.,.,.,.,.,.,.,.,.,.,.,.,.,.,.,.,.,.,.,.,.,.,.,.,.,.,.,.,.,.,.,.,.,.,.,.,.,.,.,.,.,.,.,.,.,.,.,.,.,.,..,..,..,..
....Laguna,....Inland Municipal Fisheries,..,..,..,..,200938.00,..,..,..,..,183150.00,..,..,..,..,216578.00,..,..,..,..,145857.00,..,..,..,..,148668.00,..,..,..,..,112412.00,..,..,..,..,110107.00,..,..,..,..,42269.00,..,..,..,..,42228.00,..,..,..,..,37836.00,..,..,..,..,19738.00,..,..,..,..,21177.00,..,..,..,..,20853.00,8538.00,6686.00,7364.00,5349.00,27937.00,10940.00,7415.00,6077.00,5667.00,30099.00,10633.00,6668.00,6547.00,6844.00,30692.00,9963.00,6479.00,6688.00,5132.00,28262.00,5114.00,6112.00,6046.00,5458.00,22730.00,4846.00,5726.00,5846.00,5836.00,22254.00,4985.00,5915.00,5999.00,6001.00,22900.00,5188.00,6110.00,6598.00,5665.00,23561.00,4736.00,5495.00,2777.00,2277.00,15285.00,3500.00,4351.00,3350.00,3033.00,14234.00,2441.00,3974.00,3479.00,3010.00,12904.00,2385.80,4023.87,3483.78,3079.68,12973.13,2439.50,4025.33,3730.49,9831.92,20027.24,10432.27,10492.56,9194.88,10862.56,40982.27,10053.43,9818.85,9431.67,11332.58,40636.53,11160.74,10774.15,9547.57,11392.10,42874.56,11626.46,7457.92,7946.90,11467.97,38499.25,10184.36,8055.51,8359.27,10694.95,37294.09,10292.83,8149.04,8389.29,10952.97,37784.13,10126.35,8244.14,8511.39,11066.83,37948.71,10510.31,8502.73,8719.51,11231.15,38963.70,10711.14,8633.30,11298.24,10186.51,40829.19,10733.76,8467.49,8955.03,10130.63,38286.91,7379.18,7668.15,9470.04,9782.50,34299.87,8218.00,8445.30,9567.99,9131.88,35363.17,8508.40,8683.96,9261.66,9421.44,35875.46,8568.26,8874.30,9017.94,9071.82,35532.32,8663.45,8468.03,8969.40,9659.56,35760.44,2045.18,7057.13,7355.44,6159.05,22616.80,3991.13,3765.14,4171.99,4245.67,16173.93,3974.28,3589.07,2808.26,2899.38,13270.99,3309.05,3048.60,3119.09,2779.97,12256.71,5857.79,3782.85,3146.38,3749.63,16536.64,3991.84,..,..,..,..
....Laguna,..Aquaculture,..,..,..,..,38094.00,..,..,..,..,62272.00,..,..,..,..,8893.00,..,..,..,..,11097.00,..,..,..,..,14361.00,..,..,..,..,8269.00,..,..,..,..,6229.00,..,..,..,..,4445.00,..,..,..,..,4789.00,..,..,..,..,4967.00,..,..,..,..,5155.84,..,..,..,..,5566.53,..,..,..,..,6711.00,1685.00,1121.00,990.00,1386.00,5182.00,1232.00,1172.00,1237.00,974.00,4615.00,1334.00,277.00,477.00,1258.00,3346.00,1187.00,250.00,418.00,976.00,2831.00,1500.00,261.00,400.00,979.00,3140.00,1559.00,254.00,420.00,978.00,3211.00,1653.00,255.00,412.00,945.00,3265.00,2035.00,1961.00,1476.00,1237.00,6709.00,1554.00,2091.00,1393.00,1168.00,6206.00,1673.00,2421.00,1319.00,1240.00,6653.00,1843.00,3095.00,1455.00,1671.00,8064.00,2006.90,3243.10,1932.35,1779.44,8961.77,2161.44,3381.93,2149.64,2572.92,10265.93,2116.55,3597.44,2446.94,2047.48,10208.41,2261.57,3807.66,2919.20,2289.82,11278.25,2736.91,3805.69,2861.54,2515.73,11919.87,3124.72,4010.50,3106.17,1563.36,11804.76,2566.78,3654.99,3057.14,1647.17,10926.08,2649.01,3467.79,2968.51,1740.32,10825.63,2604.59,3418.77,2880.88,1693.60,10597.85,2727.29,3619.29,3450.06,1773.91,11570.56,2785.51,3620.31,1562.10,1193.82,9161.75,1783.91,2916.82,2377.57,2203.33,9281.63,1617.78,2247.10,2702.58,2648.83,9216.28,2534.14,2768.75,2609.58,2509.99,10422.45,2563.29,3570.23,3314.28,2638.34,12086.14,2713.07,3873.13,3492.77,3415.43,13494.40,2849.56,3987.32,3189.58,1229.83,11256.29,2521.28,4506.31,6127.17,1882.29,15037.05,547.79,2261.96,4864.01,860.19,8533.95,580.60,340.75,232.57,505.42,1659.33,472.09,289.48,348.40,390.22,1500.19,902.22,456.09,540.07,807.43,2705.81,474.62,..,..,..,..
....Quezon,FISHERIES,..,..,..,..,73660.00,..,..,..,..,66595.00,..,..,..,..,79228.00,..,..,..,..,54086.00,..,..,..,..,51630.00,..,..,..,..,56910.00,..,..,..,..,61945.00,..,..,..,..,63504.00,..,..,..,..,77835.00,..,..,..,..,81819.00,..,..,..,..,59947.18,..,..,..,..,82922.13,..,..,..,..,96527.00,20870.00,29793.00,28896.00,31705.00,111264.00,24174.00,27312.00,33876.00,39598.00,124960.00,23841.00,28219.00,33299.00,33866.00,119225.00,24976.00,28152.00,29326.00,33947.00,116401.00,24138.00,28266.00,29105.00,35387.00,116896.00,27771.00,32415.00,30893.00,42233.00,133312.00,28463.00,39802.00,42360.00,45877.00,156502.00,25221.00,38653.00,49182.00,44995.00,158051.00,30813.00,43820.00,35133.00,43017.00,152783.00,28755.50,50836.50,37802.00,34520.00,151914.00,35635.00,45622.70,35490.50,31438.90,148187.10,36033.36,35406.57,37712.45,27760.54,136912.92,28925.53,34170.25,36731.21,34022.64,133849.63,31167.59,37834.32,36429.51,31440.75,136872.17,30133.41,35766.36,37412.13,36775.40,140087.29,32168.46,37845.80,43148.35,36120.80,149283.41,38797.29,38209.75,52816.21,34059.37,163882.63,32395.34,36699.32,43383.53,38917.12,151395.31,30776.03,32112.47,41628.05,36325.39,140841.93,32910.17,30562.23,41360.79,37875.00,142708.19,31041.38,28496.12,40844.47,34984.20,135366.18,35424.94,34000.04,35148.67,27107.72,131681.37,29842.76,33917.69,33121.21,20299.81,117181.48,21041.67,27418.60,28085.91,29214.89,105761.07,22143.57,27717.56,31240.48,24380.31,105481.92,16209.38,23392.11,19788.05,14392.64,73782.18,16048.02,23883.46,25456.81,12295.00,77683.30,20750.67,12436.07,18786.33,11785.27,63758.34,14867.66,11454.57,19189.46,13207.72,58719.42,14876.72,18018.25,15451.17,14072.97,62419.11,17658.60,11110.00,13465.26,9944.76,52178.61,6122.83,10768.58,16003.22,9607.80,42502.44,7079.86,8687.18,15270.44,9055.55,40093.03,7502.48,..,..,..,..
....Quezon,..Commercial Fisheries,..,..,..,..,28909.00,..,..,..,..,24250.00,..,..,..,..,22106.00,..,..,..,..,19757.00,..,..,..,..,20088.00,..,..,..,..,20967.00,..,..,..,..,20507.00,..,..,..,..,18043.00,..,..,..,..,18391.00,..,..,..,..,20999.00,..,..,..,..,14459.00,..,..,..,..,29814.00,..,..,..,..,46131.00,7397.00,13951.00,15979.00,11320.00,48647.00,12020.00,15008.00,22445.00,15024.00,64497.00,13934.00,14186.00,23113.00,17145.00,68378.00,14360.00,13407.00,20014.00,21250.00,69031.00,14891.00,14761.00,19013.00,21400.00,70065.00,20136.00,15280.00,20560.00,22100.00,78076.00,21343.00,26230.00,31049.00,24256.00,102878.00,18847.00,21426.00,29643.00,22577.00,92493.00,22602.00,23493.00,21660.00,19594.00,87349.00,20845.00,25136.00,20505.00,18828.00,85314.00,24067.00,21555.00,18898.00,15275.00,79795.00,23326.24,20432.00,17723.27,13568.31,75049.82,19448.42,20942.89,18301.55,14031.48,72724.34,18959.44,26014.33,17432.03,12555.92,74961.72,21712.67,24719.87,16686.09,13573.76,76692.39,20331.77,22112.89,15729.82,14273.69,72448.17,22225.11,19901.60,17054.84,13688.40,72869.95,20430.27,22394.78,15892.17,14705.58,73422.80,16527.47,17651.54,13530.28,13756.57,61465.86,17492.41,15956.78,12469.05,12311.79,58230.03,15838.14,16331.70,11838.97,10995.55,55004.36,17130.34,17337.58,12572.43,10004.52,57044.87,14117.25,19831.77,11895.04,8862.27,54706.33,10807.31,11618.18,9024.90,10941.74,42392.13,10898.84,11066.99,8689.57,8540.32,39195.72,7131.56,9632.84,8176.47,5813.94,30754.81,7106.83,9460.58,5608.69,2472.50,24648.60,8850.59,3404.18,4022.06,1677.42,17954.25,4592.00,2164.41,3442.04,1772.56,11971.01,3117.77,2364.80,2611.39,3201.47,11295.44,12847.48,2865.36,2329.53,1588.89,19631.26,2869.65,4115.30,4671.12,2412.39,14068.46,3069.78,3818.11,4739.23,3081.01,14708.13,4357.19,..,..,..,..
....Quezon,..Municipal Fisheries,..,..,..,..,37200.00,..,..,..,..,32302.00,..,..,..,..,47079.00,..,..,..,..,24238.00,..,..,..,..,23377.00,..,..,..,..,26392.00,..,..,..,..,34350.00,..,..,..,..,38373.00,..,..,..,..,52021.00,..,..,..,..,53056.00,..,..,..,..,37429.00,..,..,..,..,44407.00,..,..,..,..,39907.00,8511.00,11252.00,9736.00,19006.00,48505.00,7925.00,9612.00,10082.00,22963.00,50582.00,7709.00,10283.00,8701.00,16429.00,43122.00,8094.00,10282.00,7663.00,10751.00,36790.00,6906.00,8817.00,8363.00,12550.00,36636.00,5817.00,10210.00,8802.00,14184.00,39013.00,4918.00,9785.00,9287.00,16747.00,40737.00,4179.00,6970.00,9275.00,11973.00,32397.00,6332.00,6415.00,7162.00,8862.00,28771.00,5520.00,6618.00,6325.00,7507.00,25970.00,5614.00,5796.00,6000.00,5971.00,23381.00,5424.12,5448.22,5005.75,5051.15,20929.24,4126.33,5641.80,5052.63,4954.78,19775.54,3696.88,5029.97,4719.45,4449.31,17895.61,3516.41,5668.89,6106.12,5025.01,20316.43,3756.94,6003.73,5839.53,4358.86,19959.06,4763.32,5488.13,6206.04,4104.83,20562.32,4578.60,6188.93,6823.15,4694.14,22284.82,3853.07,4902.84,5899.60,4211.48,18866.99,4305.29,5522.81,6870.25,4682.95,21381.30,4652.26,5766.84,7216.04,4530.48,22165.62,6848.95,7968.28,7865.07,4704.83,27387.13,7453.71,6074.79,7877.13,3129.74,24535.37,4931.46,7600.52,7843.33,5038.67,25413.98,6602.52,8570.40,7927.97,4200.12,27301.01,4390.95,5479.70,6257.95,4308.10,20436.70,4829.05,6586.91,5717.85,4400.21,21534.02,5590.98,3366.37,5006.24,2821.44,16785.03,4672.00,1760.28,4369.67,3212.34,14014.29,5656.54,6431.90,2953.83,3766.54,18808.81,4597.47,3177.99,2928.23,2131.97,12835.65,2556.64,5706.97,4417.74,2231.66,14913.00,3412.03,3870.55,4194.42,2332.75,13809.74,2651.62,..,..,..,..
....Quezon,....Marine Municipal Fisheries,..,..,..,..,37159.00,..,..,..,..,32302.00,..,..,..,..,47079.00,..,..,..,..,24228.00,..,..,..,..,23214.00,..,..,..,..,26242.00,..,..,..,..,34190.00,..,..,..,..,38201.00,..,..,..,..,51861.00,..,..,..,..,52898.00,..,..,..,..,37224.00,..,..,..,..,44199.00,..,..,..,..,39702.00,8502.00,11241.00,9710.00,18985.00,48438.00,7905.00,9595.00,9921.00,22807.00,50228.00,7491.00,9967.00,8588.00,16305.00,42351.00,7890.00,9975.00,7548.00,10619.00,36032.00,6706.00,8587.00,8303.00,12500.00,36096.00,5787.00,10194.00,8780.00,14150.00,38911.00,4900.00,9768.00,9281.00,16744.00,40693.00,4165.00,6958.00,9268.00,11969.00,32360.00,6316.00,6404.00,7158.00,8859.00,28737.00,5502.00,6600.00,6317.00,7503.00,25922.00,5598.00,5781.00,5993.00,5967.00,23339.00,5387.90,5437.51,5002.12,5047.18,20874.71,4125.30,5640.80,5051.72,4954.16,19771.98,3695.20,5028.67,4718.98,4448.46,17891.31,3515.21,5668.13,6101.77,5023.80,20308.91,3756.45,6003.34,5838.28,4357.44,19955.51,4762.11,5486.64,6204.75,4103.79,20557.29,4576.53,6188.19,6822.47,4693.64,22280.83,3852.22,4901.91,5896.22,4210.16,18860.51,4304.13,5515.46,6868.46,4681.24,21369.29,4650.83,5765.39,7214.68,4529.26,22160.16,6847.96,7967.64,7863.79,4703.88,27383.27,7452.76,6074.44,7875.47,3128.97,24531.64,4930.12,7599.70,7842.84,5038.02,25410.68,6602.40,8569.90,7927.43,4199.51,27299.24,4390.59,5478.96,6257.62,4307.05,20434.22,4828.26,6585.74,5715.55,4399.33,21528.88,5589.28,3363.95,5004.93,2820.25,16778.41,4664.18,1736.96,4343.10,3197.22,13941.46,5630.70,6420.56,2946.95,3759.45,18757.66,4587.06,3174.03,2924.34,2125.60,12811.04,2547.36,5700.11,4406.18,2228.69,14882.33,3402.79,3863.78,4182.49,2328.56,13777.62,2630.14,..,..,..,..
....Quezon,....Inland Municipal Fisheries,..,..,..,..,41.00,..,..,..,..,..,..,..,..,..,..,..,..,..,..,10.00,..,..,..,..,163.00,..,..,..,..,150.00,..,..,..,..,160.00,..,..,..,..,172.00,..,..,..,..,160.00,..,..,..,..,158.00,..,..,..,..,205.00,..,..,..,..,208.00,..,..,..,..,205.00,9.00,11.00,26.00,21.00,67.00,20.00,17.00,161.00,156.00,354.00,218.00,316.00,113.00,124.00,771.00,204.00,307.00,115.00,132.00,758.00,200.00,230.00,60.00,50.00,540.00,30.00,16.00,22.00,34.00,102.00,18.00,17.00,6.00,3.00,44.00,14.00,12.00,7.00,4.00,37.00,16.00,11.00,4.00,3.00,34.00,18.00,18.00,8.00,4.00,48.00,16.00,15.00,7.00,4.00,42.00,36.22,10.71,3.63,3.97,54.53,1.03,1.00,0.91,0.62,3.56,1.68,1.30,0.47,0.85,4.30,1.20,0.76,4.35,1.21,7.52,0.49,0.39,1.25,1.42,3.55,1.21,1.49,1.29,1.04,5.03,2.07,0.74,0.68,0.50,3.99,0.85,0.93,3.38,1.32,6.48,1.16,7.35,1.79,1.71,12.01,1.43,1.45,1.36,1.22,5.46,0.99,0.64,1.28,0.95,3.86,0.95,0.35,1.66,0.77,3.73,1.34,0.82,0.49,0.65,3.30,0.12,0.50,0.54,0.61,1.77,0.36,0.74,0.33,1.05,2.48,0.79,1.17,2.30,0.88,5.14,1.70,2.42,1.31,1.19,6.62,7.82,23.32,26.57,15.12,72.83,25.84,11.34,6.88,7.09,51.15,10.41,3.95,3.89,6.37,24.61,9.28,6.86,11.56,2.97,30.67,9.24,6.77,11.93,4.19,32.12,21.49,..,..,..,..
....Quezon,..Aquaculture,..,..,..,..,7551.00,..,..,..,..,10043.00,..,..,..,..,10043.00,..,..,..,..,10091.00,..,..,..,..,8165.00,..,..,..,..,9551.00,..,..,..,..,7088.00,..,..,..,..,7088.00,..,..,..,..,7423.00,..,..,..,..,7764.00,..,..,..,..,8059.18,..,..,..,..,8701.13,..,..,..,..,10489.00,4962.00,4590.00,3181.00,1379.00,14112.00,4229.00,2692.00,1349.00,1611.00,9881.00,2198.00,3750.00,1485.00,292.00,7725.00,2522.00,4463.00,1649.00,1946.00,10580.00,2341.00,4688.00,1729.00,1437.00,10195.00,1818.00,6925.00,1531.00,5949.00,16223.00,2202.00,3787.00,2024.00,4874.00,12887.00,2195.00,10257.00,10264.00,10445.00,33161.00,1879.00,13912.00,6311.00,14561.00,36663.00,2390.50,19082.50,10972.00,8185.00,40630.00,5954.00,18271.70,10592.50,10192.90,45011.10,7283.00,9526.35,14983.43,9141.08,40933.86,5350.78,7585.56,13377.03,15036.38,41349.75,8511.27,6790.02,14278.03,14435.52,44014.84,4904.33,5377.60,14619.92,18176.63,43078.48,8079.75,9729.18,21579.00,17488.25,56876.18,11808.86,12820.03,29555.33,16266.14,70450.36,7386.47,8115.62,20668.21,19517.40,55687.69,10395.49,9558.09,22198.17,18357.34,60509.08,11112.47,9082.64,22021.49,20880.26,63096.86,10550.98,6397.58,21789.46,19458.17,58196.20,11445.65,8694.18,14711.17,12398.37,47249.37,8271.80,8011.13,13349.04,8307.80,37939.78,5302.90,8199.90,11217.68,13234.48,37954.96,4642.21,8080.17,14622.94,11639.87,38985.19,4686.87,8279.57,5353.63,4270.60,22590.67,4112.14,7835.97,14130.27,5422.29,31500.68,6309.10,5665.52,9758.03,7286.41,29019.06,5603.66,7529.88,11377.75,8222.82,32734.12,6102.41,9221.55,9885.95,7104.95,32314.86,213.65,5066.65,8207.49,6223.91,19711.70,696.54,946.32,6914.37,4963.76,13520.98,598.05,998.52,6336.79,3641.79,11575.16,493.67,..,..,..,..
....Rizal,FISHERIES,..,..,..,..,3.00,..,..,..,..,9.00,..,..,..,..,48069.00,..,..,..,..,139587.00,..,..,..,..,143321.00,..,..,..,..,126369.00,..,..,..,..,122585.00,..,..,..,..,185264.00,..,..,..,..,158845.00,..,..,..,..,150984.00,..,..,..,..,178117.45,..,..,..,..,178241.77,..,..,..,..,182086.00,41791.00,44354.00,43043.00,28801.00,157989.00,41410.00,53453.00,38356.00,38490.00,171709.00,34613.00,38686.00,28476.00,32768.00,134543.00,31896.00,38042.00,27241.00,27682.00,124861.00,21699.00,29449.00,31341.00,31282.00,113771.00,18613.00,24018.00,32158.00,33642.00,108431.00,19232.00,25795.00,29605.00,35622.00,110254.00,17166.00,23053.00,27532.00,39233.00,106984.00,16065.00,22573.00,15436.00,39947.00,94021.00,16020.00,22714.00,21909.00,24141.00,84784.00,17369.00,18323.00,22366.00,27371.00,85429.00,17740.80,17643.00,24712.01,32432.00,92527.81,17446.42,16233.39,22132.00,34049.40,89861.21,17671.83,15524.12,13360.77,26023.51,72580.23,13328.60,14536.56,22863.35,32810.06,83538.56,17740.49,15521.69,24458.26,33702.94,91423.38,16457.81,17836.05,26817.97,26206.59,87318.42,16692.02,19097.57,27338.78,28474.37,91602.73,17841.56,19995.92,28214.71,30000.22,96052.42,18719.90,20286.64,29746.48,30853.25,99606.28,19071.16,20510.59,30977.02,31808.07,102366.84,19588.36,21253.19,35606.32,33385.03,109832.90,20189.71,19969.37,35142.01,32050.45,107351.53,18841.06,19075.93,14710.31,24237.67,76864.97,20198.35,20951.27,13773.44,21382.50,76305.56,9686.84,18552.51,10766.88,16773.91,55780.14,9013.96,20566.92,10852.00,19448.52,59881.40,10623.21,13497.27,8883.47,15973.23,48977.17,5061.52,17745.64,10971.73,9887.72,43666.60,3963.10,13086.22,8681.76,8776.04,34507.13,4505.35,11582.31,8636.49,9226.12,33950.26,5289.55,10031.14,8787.41,5345.95,29454.05,5892.76,8122.50,9682.74,4063.61,27761.61,4325.64,..,..,..,..
....Rizal,..Commercial Fisheries,..,..,..,..,..,..,..,..,..,..,..,..,..,..,..,..,..,..,..,..,..,..,..,..,..,..,..,..,..,..,..,..,..,..,..,..,..,..,..,..,..,..,..,..,..,..,..,..,..,..,..,..,..,..,..,..,..,..,..,..,..,..,..,..,..,.,.,.,.,.,.,.,.,.,.,.,.,.,.,.,.,.,.,.,.,.,.,.,.,.,.,.,.,.,.,.,.,.,.,.,.,.,.,.,.,.,.,.,.,.,.,.,.,.,.,.,.,.,.,.,.,.,.,.,.,.,.,.,.,.,.,.,.,.,.,.,.,.,.,.,.,.,.,.,.,.,.,.,.,.,.,.,.,.,.,.,.,.,.,.,.,.,.,.,.,.,.,.,.,.,.,.,.,.,.,.,.,.,.,.,.,.,.,.,.,.,.,.,.,.,.,.,.,.,.,.,.,.,.,.,.,.,.,.,.,.,.,.,.,.,.,.,.,.,.,.,.,.,.,.,.,.,.,.,.,.,.,.,.,.,.,..,..,..,..
....Rizal,..Municipal Fisheries,..,..,..,..,3.00,..,..,..,..,..,..,..,..,..,215.00,..,..,..,..,75787.00,..,..,..,..,82197.00,..,..,..,..,86089.00,..,..,..,..,90530.00,..,..,..,..,150193.00,..,..,..,..,133007.00,..,..,..,..,124433.00,..,..,..,..,150557.00,..,..,..,..,148486.00,..,..,..,..,146215.00,35318.00,34551.00,36500.00,25062.00,131431.00,30590.00,36857.00,32030.00,34299.00,133776.00,31645.00,31227.00,21799.00,29800.00,114471.00,29653.00,30344.00,22273.00,25952.00,108222.00,19200.00,22276.00,22887.00,29000.00,93363.00,15840.00,17938.00,22924.00,29583.00,86285.00,16320.00,19089.00,20010.00,24659.00,80078.00,15404.00,17531.00,19004.00,27722.00,79661.00,15064.00,16531.00,12353.00,26614.00,70562.00,14560.00,15612.00,18987.00,11441.00,60600.00,11762.00,10777.00,19300.00,17495.00,59334.00,11432.00,8581.00,20510.00,16013.00,56536.00,11376.92,7471.39,17169.00,14801.50,50818.81,11495.96,7086.12,7794.37,8923.56,35300.01,8799.86,6999.62,11985.00,9040.38,36824.86,7773.77,7532.06,13112.44,9391.09,37809.36,7243.43,8258.28,14924.14,11481.47,41907.32,8023.92,8976.44,16576.66,11749.67,45326.69,8492.62,9225.59,17011.40,12323.65,47053.26,8997.61,9413.87,18293.65,12812.95,49518.08,9147.25,9509.23,19267.23,13097.83,51021.54,9380.45,9663.99,24959.36,16870.49,60874.29,8874.68,8833.74,22878.17,17168.92,57755.51,7777.57,8570.40,7199.09,7652.57,31199.63,7402.67,8215.60,8050.06,9534.58,33202.91,6975.55,8549.06,6357.94,6358.20,28240.75,5806.94,8505.00,5677.42,6979.61,26968.97,6751.83,4895.05,5113.51,4867.64,21628.03,5013.87,5258.92,5280.91,4082.63,19636.33,3252.57,4569.39,4279.89,4259.46,16361.31,4006.26,5039.39,4708.37,5558.33,19312.35,4581.90,4151.36,5002.65,4483.48,18219.39,5168.19,4614.02,5225.39,3252.61,18260.20,3765.50,..,..,..,..
....Rizal,....Marine Municipal Fisheries,..,..,..,..,..,..,..,..,..,..,..,..,..,..,..,..,..,..,..,..,..,..,..,..,..,..,..,..,..,..,..,..,..,..,..,..,..,..,..,..,..,..,..,..,..,..,..,..,..,..,..,..,..,..,..,..,..,..,..,..,..,..,..,..,..,.,.,.,.,.,.,.,.,.,.,.,.,.,.,.,.,.,.,.,.,.,.,.,.,.,.,.,.,.,.,.,.,.,.,.,.,.,.,.,.,.,.,.,.,.,.,.,.,.,.,.,.,.,.,.,.,.,.,.,.,.,.,.,.,.,.,.,.,.,.,.,.,.,.,.,.,.,.,.,.,.,.,.,.,.,.,.,.,.,.,.,.,.,.,.,.,.,.,.,.,.,.,.,.,.,.,.,.,.,.,.,.,.,.,.,.,.,.,.,.,.,.,.,.,.,.,.,.,.,.,.,.,.,.,.,.,.,.,.,.,.,.,.,.,.,.,.,.,.,.,.,.,.,.,.,.,.,.,.,.,.,.,.,.,.,.,..,..,..,..
....Rizal,....Inland Municipal Fisheries,..,..,..,..,3.00,..,..,..,..,..,..,..,..,..,215.00,..,..,..,..,75787.00,..,..,..,..,82197.00,..,..,..,..,86089.00,..,..,..,..,90530.00,..,..,..,..,150193.00,..,..,..,..,133007.00,..,..,..,..,124433.00,..,..,..,..,150557.00,..,..,..,..,148486.00,..,..,..,..,146215.00,35318.00,34551.00,36500.00,25062.00,131431.00,30590.00,36857.00,32030.00,34299.00,133776.00,31645.00,31227.00,21799.00,29800.00,114471.00,29653.00,30344.00,22273.00,25952.00,108222.00,19200.00,22276.00,22887.00,29000.00,93363.00,15840.00,17938.00,22924.00,29583.00,86285.00,16320.00,19089.00,20010.00,24659.00,80078.00,15404.00,17531.00,19004.00,27722.00,79661.00,15064.00,16531.00,12353.00,26614.00,70562.00,14560.00,15612.00,18987.00,11441.00,60600.00,11762.00,10777.00,19300.00,17495.00,59334.00,11432.00,8581.00,20510.00,16013.00,56536.00,11376.92,7471.39,17169.00,14801.50,50818.81,11495.96,7086.12,7794.37,8923.56,35300.01,8799.86,6999.62,11985.00,9040.38,36824.86,7773.77,7532.06,13112.44,9391.09,37809.36,7243.43,8258.28,14924.14,11481.47,41907.32,8023.92,8976.44,16576.66,11749.67,45326.69,8492.62,9225.59,17011.40,12323.65,47053.26,8997.61,9413.87,18293.65,12812.95,49518.08,9147.25,9509.23,19267.23,13097.83,51021.54,9380.45,9663.99,24959.36,16870.49,60874.29,8874.68,8833.74,22878.17,17168.92,57755.51,7777.57,8570.40,7199.09,7652.57,31199.63,7402.67,8215.60,8050.06,9534.58,33202.91,6975.55,8549.06,6357.94,6358.20,28240.75,5806.94,8505.00,5677.42,6979.61,26968.97,6751.83,4895.05,5113.51,4867.64,21628.03,5013.87,5258.92,5280.91,4082.63,19636.33,3252.57,4569.39,4279.89,4259.46,16361.31,4006.26,5039.39,4708.37,5558.33,19312.35,4581.90,4151.36,5002.65,4483.48,18219.39,5168.19,4614.02,5225.39,3252.61,18260.20,3765.50,..,..,..,..
....Rizal,..Aquaculture,..,..,..,..,..,..,..,..,..,9.00,..,..,..,..,47854.00,..,..,..,..,63800.00,..,..,..,..,61124.00,..,..,..,..,40280.00,..,..,..,..,32055.00,..,..,..,..,35071.00,..,..,..,..,25838.00,..,..,..,..,26551.00,..,..,..,..,27560.45,..,..,..,..,29755.77,..,..,..,..,35871.00,6473.00,9803.00,6543.00,3739.00,26558.00,10820.00,16596.00,6326.00,4191.00,37933.00,2968.00,7459.00,6677.00,2968.00,20072.00,2243.00,7698.00,4968.00,1730.00,16639.00,2499.00,7173.00,8454.00,2282.00,20408.00,2773.00,6080.00,9234.00,4059.00,22146.00,2912.00,6706.00,9595.00,10963.00,30176.00,1762.00,5522.00,8528.00,11511.00,27323.00,1001.00,6042.00,3083.00,13333.00,23459.00,1460.00,7102.00,2922.00,12700.00,24184.00,5607.00,7546.00,3066.00,9876.00,26095.00,6308.80,9062.00,4202.01,16419.00,35991.81,6069.50,8762.00,4963.00,19247.90,39042.40,6175.87,8438.00,5566.40,17099.95,37280.21,4528.74,7536.94,10878.35,23769.68,46713.70,9966.72,7989.63,11345.82,24311.85,53614.02,9214.38,9577.77,11893.83,14725.12,45411.10,8668.10,10121.13,10762.12,16724.70,46276.04,9348.94,10770.33,11203.31,17676.57,48999.16,9722.29,10872.77,11452.83,18040.30,50088.20,9923.91,11001.36,11709.79,18710.24,51345.30,10207.91,11589.20,10646.96,16514.54,48958.61,11315.03,11135.63,12263.84,14881.53,49596.02,11063.49,10505.53,7511.22,16585.10,45665.34,12795.68,12735.67,5723.38,11847.92,43102.65,2711.29,10003.45,4408.94,10415.71,27539.39,3207.02,12061.92,5174.58,12468.91,32912.43,3871.38,8602.22,3769.96,11105.59,27349.14,47.65,12486.72,5690.82,5805.09,24030.27,710.53,8516.83,4401.87,4516.59,18145.81,499.09,6542.92,3928.12,3667.79,14637.92,707.65,5879.79,3784.76,862.47,11234.67,724.57,3508.48,4457.35,811.01,9501.41,560.14,..,..,..,..
..MIMAROPA Region,FISHERIES,..,..,..,..,68241.00,..,..,..,..,75772.00,..,..,..,..,109927.00,..,..,..,..,113334.00,..,..,..,..,135455.00,..,..,..,..,116303.00,..,..,..,..,105430.00,..,..,..,..,110235.00,..,..,..,..,110478.00,..,..,..,..,117821.00,..,..,..,..,121215.57,..,..,..,..,134441.03,..,..,..,..,113466.00,34259.00,58698.00,18988.00,50885.00,162830.00,35535.00,62315.00,29037.00,85794.00,212681.00,35714.00,48553.00,26017.00,100268.00,210552.00,35856.00,64809.00,32729.00,152483.00,285877.00,37532.00,75198.00,34074.00,134274.00,281078.00,35828.00,74767.00,38825.00,111984.00,261404.00,48219.00,54088.00,53350.00,100938.00,256595.00,49316.00,52241.00,63116.00,121182.00,285855.00,58023.00,56483.00,51224.00,123516.00,289246.00,68580.00,69105.00,58473.00,167306.00,363464.00,64044.70,87773.40,64716.20,256160.10,472694.40,79603.07,107781.35,69851.91,304226.37,561462.70,60252.62,117894.64,76706.13,336647.87,591501.26,84846.91,179935.07,99472.09,349908.51,714162.57,86514.47,183793.35,105871.69,289822.23,666001.73,84108.49,184298.83,107980.18,363851.29,740238.79,92093.89,169647.67,97270.97,361722.01,720734.55,76392.71,167839.84,103129.72,379135.93,726498.19,75044.49,171410.39,100659.02,381858.55,728972.45,71894.54,141297.94,94425.08,378029.98,685647.55,68247.91,133298.40,91780.58,257431.72,550758.62,56686.16,129113.38,87452.18,288805.63,562057.35,54492.77,136255.46,90085.82,307443.40,588277.45,40749.97,97633.32,81588.35,262819.08,482790.72,40893.31,102035.87,82329.49,263865.86,489124.53,38459.00,109708.78,85486.39,271012.79,504666.97,39911.10,90606.87,83993.19,286808.56,501319.72,41455.33,92037.26,79745.24,263593.71,476831.54,44145.44,91766.55,79432.78,162749.20,378093.97,66030.88,67030.01,74406.39,173513.50,380980.78,85244.75,75550.81,94857.01,179251.59,434904.15,84088.55,79402.01,96336.74,187534.55,447361.86,88921.28,89255.17,90227.52,183990.74,452394.71,52545.19,..,..,..,..
..MIMAROPA Region,..Commercial Fisheries,..,..,..,..,14649.00,..,..,..,..,14726.00,..,..,..,..,30438.00,..,..,..,..,27589.00,..,..,..,..,26192.00,..,..,..,..,27645.00,..,..,..,..,27075.00,..,..,..,..,26388.00,..,..,..,..,27021.00,..,..,..,..,30788.00,..,..,..,..,25284.00,..,..,..,..,31419.00,..,..,..,..,16105.00,3378.00,9414.00,5582.00,4702.00,23076.00,4023.00,6491.00,7881.00,4670.00,23065.00,6581.00,5169.00,6597.00,4339.00,22686.00,6859.00,5221.00,7300.00,4209.00,23589.00,7077.00,5728.00,6387.00,9668.00,28860.00,7655.00,7120.00,9265.00,7566.00,31606.00,6323.00,8371.00,10095.00,9127.00,33916.00,7715.00,7307.00,10438.00,9021.00,34481.00,8705.00,8481.00,8425.00,7830.00,33441.00,8373.00,8903.00,10124.00,8749.00,36149.00,8118.00,9685.00,12253.00,12072.00,42128.00,8820.11,10947.82,13228.04,13683.25,46679.22,7397.07,13394.60,13455.54,14955.77,49202.98,8319.01,15973.19,14140.42,14195.79,52628.41,8160.41,15987.46,14828.34,11919.38,50895.59,7585.47,16005.55,13586.04,11170.60,48347.66,8172.11,14040.09,11193.62,11444.43,44850.25,9149.01,15599.81,11591.23,11640.22,47980.27,7945.34,15398.89,9839.64,10895.66,44079.53,7769.48,15751.95,9571.18,11757.11,44849.72,7560.19,16766.32,9063.36,10487.48,43877.35,8149.66,17282.67,8497.41,10686.25,44615.99,7632.02,16470.83,8003.51,9866.62,41972.98,6432.14,12210.76,7437.97,9504.37,35585.24,6482.85,11922.06,7702.74,9309.73,35417.38,5873.92,10707.24,6618.87,7287.37,30487.40,5798.91,10007.60,6882.48,6616.93,29305.92,5810.76,9144.92,7084.49,6159.85,28200.02,6208.44,10177.71,7540.99,6413.09,30340.23,5465.76,9167.83,4914.70,3023.06,22571.35,3742.37,13169.42,6670.89,5789.19,29371.86,4680.31,15915.23,5873.99,3899.61,30369.14,6120.82,15899.89,8865.41,8531.62,39417.75,15850.04,..,..,..,..
..MIMAROPA Region,..Municipal Fisheries,..,..,..,..,46215.00,..,..,..,..,53237.00,..,..,..,..,67295.00,..,..,..,..,75574.00,..,..,..,..,99106.00,..,..,..,..,77213.00,..,..,..,..,66676.00,..,..,..,..,72168.00,..,..,..,..,69356.00,..,..,..,..,72236.00,..,..,..,..,80572.00,..,..,..,..,86439.00,..,..,..,..,77370.00,25295.00,22227.00,10493.00,21229.00,79244.00,25049.00,20290.00,14035.00,17925.00,77299.00,23596.00,20342.00,15103.00,21138.00,80179.00,21019.00,20480.00,15923.00,20829.00,78251.00,21826.00,22590.00,16671.00,22707.00,83794.00,21767.00,18130.00,23416.00,20013.00,83326.00,28848.00,18028.00,24969.00,21734.00,93579.00,27488.00,22503.00,25074.00,24055.00,99120.00,29387.00,25610.00,24848.00,23208.00,103053.00,34801.00,35890.00,27862.00,32213.00,130766.00,32233.00,47347.00,31719.00,49461.00,160760.00,40677.26,52499.33,33600.51,53870.11,180647.21,27532.99,58338.89,35366.06,57085.97,178323.91,43869.84,92267.10,52626.78,66624.47,255388.19,44924.77,93200.97,55101.99,51357.93,244585.66,42330.33,92057.60,52436.96,50018.63,236843.52,45034.11,80261.89,43374.05,50715.98,219386.03,44111.14,69451.93,45424.78,52892.33,211880.18,43260.11,66692.42,40306.64,45783.14,196042.31,39469.71,49694.72,37756.44,48934.22,175855.09,38374.92,51327.89,32956.10,37499.55,160158.46,35264.77,45500.47,31752.48,38215.23,150732.95,32247.02,48428.40,31019.88,34071.41,145766.71,25364.40,44902.50,28186.02,32730.50,131183.42,23558.70,41361.09,28605.71,31740.16,125265.66,22691.14,41345.72,30852.45,32065.16,126954.47,23819.10,37192.07,34257.43,32418.62,127687.22,25437.36,37502.75,32425.65,30241.46,125607.22,27483.97,34062.30,30703.40,28751.35,121001.02,21883.09,27323.44,26322.83,29141.54,104670.91,40301.04,30908.22,39639.55,29895.67,140744.48,33127.99,27536.45,34337.48,29819.93,124821.85,33451.08,34829.37,31265.25,28118.00,127663.70,20872.86,..,..,..,..
..MIMAROPA Region,....Marine Municipal Fisheries,..,..,..,..,46153.00,..,..,..,..,53192.00,..,..,..,..,67234.00,..,..,..,..,75367.00,..,..,..,..,98932.00,..,..,..,..,76364.00,..,..,..,..,65722.00,..,..,..,..,71100.00,..,..,..,..,68229.00,..,..,..,..,71055.00,..,..,..,..,79131.00,..,..,..,..,85041.00,..,..,..,..,75994.00,25047.00,21994.00,10273.00,21101.00,78415.00,24864.00,20060.00,13935.00,17780.00,76639.00,23434.00,20147.00,14957.00,21017.00,79555.00,20867.00,20291.00,15774.00,20715.00,77647.00,21703.00,22428.00,16535.00,22605.00,83271.00,21647.00,17985.00,23271.00,19930.00,82833.00,28718.00,17864.00,24815.00,21584.00,92981.00,27351.00,22331.00,24923.00,23889.00,98494.00,29254.00,25448.00,24701.00,23029.00,102432.00,34650.00,35706.00,27677.00,32052.00,130085.00,32090.00,47165.00,31525.00,49283.00,160063.00,40522.65,52308.45,33394.02,53698.02,179923.14,27371.16,58132.73,35175.85,56883.18,177562.92,43717.20,92112.01,52428.28,66421.86,254679.35,44776.92,93009.52,54888.34,51153.62,243828.40,42188.91,91847.69,52192.57,49801.73,236030.90,44821.35,79984.22,43113.28,50460.39,218379.24,43952.32,69254.94,45132.82,52637.24,210977.32,43059.79,66474.72,40067.87,45526.39,195128.77,39265.40,49478.62,37500.64,48653.64,174898.30,38172.24,51105.76,32686.32,37203.57,159167.89,35035.62,45285.93,31493.03,37933.67,149748.25,32030.32,48224.22,30756.78,33770.09,144781.41,24879.39,44644.64,27895.08,32230.17,129649.28,22830.64,41026.55,28298.08,31235.87,123391.14,21933.07,40863.41,30529.42,31579.72,124905.62,23537.87,36900.78,33878.47,31851.08,126168.20,25037.18,37211.16,32055.26,29719.49,124023.09,26795.56,33580.26,29910.32,28074.65,118360.79,21420.18,26774.91,26015.21,28248.84,102459.13,39469.71,30530.74,39174.72,29183.18,138358.35,32792.90,27265.86,34219.82,29595.30,123873.88,33090.30,34562.91,31086.04,27895.03,126634.28,20488.92,..,..,..,..
..MIMAROPA Region,....Inland Municipal Fisheries,..,..,..,..,62.00,..,..,..,..,45.00,..,..,..,..,61.00,..,..,..,..,207.00,..,..,..,..,174.00,..,..,..,..,849.00,..,..,..,..,954.00,..,..,..,..,1068.00,..,..,..,..,1127.00,..,..,..,..,1181.00,..,..,..,..,1441.00,..,..,..,..,1398.00,..,..,..,..,1376.00,248.00,233.00,220.00,128.00,829.00,185.00,230.00,100.00,145.00,660.00,162.00,195.00,146.00,121.00,624.00,152.00,189.00,149.00,114.00,604.00,123.00,162.00,136.00,102.00,523.00,120.00,145.00,145.00,83.00,493.00,130.00,164.00,154.00,150.00,598.00,137.00,172.00,151.00,166.00,626.00,133.00,162.00,147.00,179.00,621.00,151.00,184.00,185.00,161.00,681.00,143.00,182.00,194.00,178.00,697.00,154.61,190.88,206.49,172.09,724.07,161.83,206.16,190.21,202.79,760.99,152.64,155.09,198.50,202.61,708.84,147.85,191.45,213.65,204.31,757.26,141.42,209.91,244.39,216.90,812.62,212.76,277.67,260.77,255.59,1006.79,158.82,196.99,291.96,255.09,902.86,200.32,217.70,238.77,256.75,913.54,204.31,216.10,255.80,280.58,956.79,202.68,222.13,269.78,295.98,990.57,229.15,214.54,259.45,281.56,984.70,216.70,204.18,263.10,301.32,985.30,485.01,257.86,290.94,500.33,1534.14,728.06,334.54,307.63,504.29,1874.52,758.07,482.31,323.03,485.44,2048.85,281.23,291.29,378.96,567.54,1519.02,400.18,291.59,370.39,521.97,1584.13,688.41,482.04,793.08,676.70,2640.23,462.91,548.53,307.63,892.71,2211.78,831.33,377.48,464.83,712.50,2386.13,335.09,270.59,117.66,224.62,947.97,360.77,266.47,179.21,222.96,1029.42,383.93,..,..,..,..
..MIMAROPA Region,..Aquaculture,..,..,..,..,7377.00,..,..,..,..,7809.00,..,..,..,..,12194.00,..,..,..,..,10171.00,..,..,..,..,10157.00,..,..,..,..,11445.00,..,..,..,..,11679.00,..,..,..,..,11679.00,..,..,..,..,14101.00,..,..,..,..,14797.00,..,..,..,..,15359.57,..,..,..,..,16583.03,..,..,..,..,19991.00,5586.00,27057.00,2913.00,24954.00,60510.00,6463.00,35534.00,7121.00,63199.00,112317.00,5537.00,23042.00,4317.00,74791.00,107687.00,7978.00,39108.00,9506.00,127445.00,184037.00,8629.00,46880.00,11016.00,101899.00,168424.00,6406.00,49517.00,6144.00,84405.00,146472.00,13048.00,27689.00,18286.00,70077.00,129100.00,14113.00,22431.00,27604.00,88106.00,152254.00,19931.00,22392.00,17951.00,92478.00,152752.00,25406.00,24312.00,20487.00,126344.00,196549.00,23693.70,30741.40,20744.20,194627.10,269806.40,30105.70,44334.20,23023.36,236673.01,334136.27,25322.56,46161.15,27884.53,264606.13,363974.37,32658.06,71694.78,32704.89,269088.25,406145.97,33429.29,74604.92,35941.36,226544.92,370520.48,34192.69,76235.68,41957.18,302662.06,455047.61,38887.67,75345.69,42703.30,299561.60,456498.27,23132.55,82788.10,46113.71,314603.37,466637.73,23839.04,89319.08,50512.74,325179.75,488850.61,24655.35,75851.27,47097.46,317338.65,464942.74,22312.80,65204.19,49761.12,209444.69,346722.81,13271.73,66330.24,47202.29,239904.15,366708.41,14613.73,71356.23,51062.43,263505.37,400537.76,8953.43,40520.06,45964.36,220584.21,316022.06,10851.76,48752.72,46021.04,222815.97,328441.49,9893.94,57655.82,48015.07,231660.26,347225.10,10293.09,43407.20,42853.28,247773.01,344326.58,10207.21,45389.59,40235.10,227192.40,323024.30,10453.03,47526.54,41188.39,127584.76,226752.72,38682.03,30538.74,43168.86,141348.89,253738.52,41201.34,31473.17,48546.57,143566.73,264787.81,46280.26,35950.33,56125.26,153815.02,292170.87,49349.38,38525.90,50096.87,147341.11,285313.27,15822.29,..,..,..,..
....Marinduque,FISHERIES,..,..,..,..,5716.00,..,..,..,..,8967.00,..,..,..,..,7813.00,..,..,..,..,8383.00,..,..,..,..,8586.00,..,..,..,..,10356.00,..,..,..,..,7192.00,..,..,..,..,6602.00,..,..,..,..,5602.00,..,..,..,..,5785.00,..,..,..,..,10482.01,..,..,..,..,14059.07,..,..,..,..,5798.00,1346.00,1433.00,1633.00,2945.00,7357.00,1334.00,857.00,616.00,657.00,3464.00,1354.00,841.00,507.00,582.00,3284.00,593.00,400.00,503.00,528.00,2024.00,612.00,399.00,541.00,694.00,2246.00,702.00,309.00,614.00,499.00,2124.00,842.00,295.00,629.00,622.00,2388.00,859.00,283.00,1580.00,851.00,3573.00,1162.00,239.00,1215.00,1026.00,3642.00,1238.00,688.00,1067.00,1034.00,4027.00,1254.00,745.00,1094.00,1404.00,4497.00,1212.02,840.97,1149.07,1341.79,4543.85,1391.38,839.38,1270.04,1463.26,4964.06,1546.10,755.62,1239.53,1535.64,5076.89,1551.61,677.52,1116.32,1580.80,4926.25,1660.22,1104.34,1039.64,1670.04,5474.24,1660.47,1133.70,1021.00,1583.41,5398.58,1524.37,1224.00,1012.03,1630.07,5390.47,1531.23,1137.26,980.62,1601.33,5250.44,1424.13,1195.35,1051.58,1634.63,5305.69,1547.50,1166.61,1068.77,1693.37,5476.24,1671.70,1117.36,1000.91,1591.45,5381.42,1716.69,1190.55,1003.49,1630.43,5541.15,1802.10,1129.52,992.90,1567.38,5491.90,1629.13,1136.64,974.57,1655.62,5395.95,1724.63,1079.72,951.61,1480.57,5236.53,1751.38,1303.14,956.88,1373.19,5384.59,2041.82,1363.62,1190.15,1052.68,5648.27,2122.11,1348.18,1228.75,1269.60,5968.65,1817.33,506.27,853.69,309.90,3487.19,1303.21,861.48,586.71,523.18,3274.58,539.50,470.35,355.51,764.44,2129.81,666.57,612.27,429.58,361.32,2069.74,1211.48,..,..,..,..
....Marinduque,..Commercial Fisheries,..,..,..,..,701.00,..,..,..,..,204.00,..,..,..,..,78.00,..,..,..,..,57.00,..,..,..,..,291.00,..,..,..,..,1289.00,..,..,..,..,1502.00,..,..,..,..,616.00,..,..,..,..,298.00,..,..,..,..,328.00,..,..,..,..,5100.00,..,..,..,..,8317.00,..,..,..,..,..,..,..,..,..,..,..,..,..,..,..,..,..,..,..,..,..,..,..,..,..,..,..,..,..,..,..,..,..,..,..,..,..,..,..,..,..,..,..,..,..,..,..,..,..,..,..,..,..,..,..,..,..,..,..,..,54.86,46.00,33.55,28.95,163.36,62.65,46.65,89.07,24.54,222.91,110.61,53.84,59.32,26.70,250.47,124.70,50.33,24.25,16.87,216.15,24.27,57.28,11.95,17.65,111.15,28.41,59.43,11.91,17.23,116.98,25.83,65.19,15.82,8.93,115.77,10.42,20.03,15.67,6.00,52.12,7.23,12.40,16.20,8.71,44.54,10.96,13.24,15.83,12.22,52.25,14.75,11.89,13.09,10.59,50.32,16.22,13.19,7.59,11.18,48.18,30.37,17.76,20.40,18.46,86.99,52.27,43.55,21.38,20.63,137.83,79.81,70.10,33.35,26.67,209.93,87.16,119.67,35.15,62.87,304.85,77.19,210.33,106.24,20.02,413.78,107.67,111.46,71.63,48.99,339.75,56.85,154.16,36.71,9.92,257.64,33.62,28.00,15.38,94.09,171.09,111.04,196.00,100.29,59.45,466.77,130.64,242.06,86.84,44.32,503.87,299.28,..,..,..,..
....Marinduque,..Municipal Fisheries,..,..,..,..,4096.00,..,..,..,..,7844.00,..,..,..,..,6816.00,..,..,..,..,7543.00,..,..,..,..,8132.00,..,..,..,..,8941.00,..,..,..,..,5538.00,..,..,..,..,5834.00,..,..,..,..,5160.00,..,..,..,..,5299.00,..,..,..,..,5218.00,..,..,..,..,5565.00,..,..,..,..,5585.00,1338.00,1413.00,1499.00,2925.00,7175.00,1333.00,849.00,529.00,594.00,3305.00,1252.00,833.00,495.00,557.00,3137.00,486.00,389.00,491.00,517.00,1883.00,500.00,391.00,522.00,681.00,2094.00,517.00,302.00,601.00,487.00,1907.00,651.00,288.00,615.00,607.00,2161.00,716.00,274.00,608.00,547.00,2145.00,731.00,228.00,622.00,646.00,2227.00,759.00,243.00,667.00,693.00,2362.00,810.00,265.00,673.00,1057.00,2805.00,868.16,284.97,693.52,994.84,2841.49,1007.73,298.73,761.97,1133.72,3202.15,1129.49,351.98,849.01,1246.94,3577.42,1282.11,463.94,933.51,1416.50,4096.06,1487.39,855.70,845.19,1510.60,4698.88,1476.00,879.47,823.99,1400.68,4580.14,1346.23,941.46,813.74,1450.79,4552.22,1391.14,967.76,801.03,1435.70,4595.63,1294.36,1022.68,877.47,1482.66,4677.17,1428.21,1017.93,926.44,1554.37,4926.95,1558.81,996.98,887.49,1459.80,4903.08,1615.98,1087.10,916.37,1520.78,5140.23,1682.69,1035.66,889.18,1439.60,5047.13,1513.73,981.49,857.69,1515.58,4868.49,1569.05,925.08,828.54,1299.91,4622.58,1618.50,1121.72,846.06,1163.10,4749.38,1912.04,1102.05,1045.32,982.94,5042.35,1976.03,1207.90,1114.73,1171.78,5470.44,1756.38,342.59,788.78,280.01,3167.76,1258.00,814.87,538.62,415.13,3026.63,419.57,246.15,245.90,673.90,1585.53,503.60,353.63,321.81,303.68,1482.71,895.51,..,..,..,..
....Marinduque,....Marine Municipal Fisheries,..,..,..,..,4084.00,..,..,..,..,7844.00,..,..,..,..,6816.00,..,..,..,..,7543.00,..,..,..,..,8122.00,..,..,..,..,8935.00,..,..,..,..,5530.00,..,..,..,..,5827.00,..,..,..,..,5154.00,..,..,..,..,5299.00,..,..,..,..,5213.00,..,..,..,..,5559.00,..,..,..,..,5579.00,1336.00,1412.00,1494.00,2921.00,7163.00,1331.00,847.00,525.00,591.00,3294.00,1250.00,831.00,494.00,556.00,3131.00,484.00,388.00,490.00,515.00,1877.00,497.00,390.00,514.00,675.00,2076.00,514.00,300.00,599.00,484.00,1897.00,648.00,286.00,613.00,605.00,2152.00,712.00,271.00,604.00,542.00,2129.00,725.00,222.00,615.00,639.00,2201.00,751.00,235.00,658.00,685.00,2329.00,800.00,253.00,660.00,1047.00,2760.00,857.16,271.47,687.02,986.39,2802.04,995.48,284.03,755.40,1126.80,3161.71,1118.03,341.53,841.22,1240.64,3541.42,1269.96,454.29,925.13,1408.05,4057.43,1478.19,845.33,835.84,1501.47,4660.83,1467.09,869.31,815.53,1392.78,4544.71,1337.58,931.50,805.09,1442.52,4516.69,1382.22,957.69,792.82,1427.10,4559.83,1285.86,1012.49,868.91,1473.46,4640.72,1420.55,1008.69,918.61,1545.01,4892.86,1551.23,989.19,879.32,1450.04,4869.78,1607.75,1078.86,908.53,1510.68,5105.82,1680.30,1026.12,880.33,1429.27,5016.02,1509.95,972.89,846.94,1505.10,4834.88,1564.77,918.04,820.64,1289.93,4593.38,1613.82,1117.36,840.31,1156.47,4727.96,1906.96,1096.67,1039.33,975.86,5018.82,1967.46,1187.24,1070.42,1157.14,5382.26,1740.37,290.68,756.56,249.15,3036.75,1248.64,807.80,534.05,410.10,3000.58,414.90,244.84,243.48,662.40,1565.63,478.97,352.18,318.99,300.67,1450.81,892.47,..,..,..,..
....Marinduque,....Inland Municipal Fisheries,..,..,..,..,12.00,..,..,..,..,..,..,..,..,..,..,..,..,..,..,..,..,..,..,..,10.00,..,..,..,..,6.00,..,..,..,..,8.00,..,..,..,..,7.00,..,..,..,..,6.00,..,..,..,..,..,..,..,..,..,5.00,..,..,..,..,6.00,..,..,..,..,6.00,2.00,1.00,5.00,4.00,12.00,2.00,2.00,4.00,3.00,11.00,2.00,2.00,1.00,1.00,6.00,2.00,1.00,1.00,2.00,6.00,3.00,1.00,8.00,6.00,18.00,3.00,2.00,2.00,3.00,10.00,3.00,2.00,2.00,2.00,9.00,4.00,3.00,4.00,5.00,16.00,6.00,6.00,7.00,7.00,26.00,8.00,8.00,9.00,8.00,33.00,10.00,12.00,13.00,10.00,45.00,11.00,13.50,6.50,8.45,39.45,12.25,14.70,6.57,6.92,40.44,11.46,10.45,7.79,6.30,36.00,12.15,9.65,8.38,8.45,38.63,9.20,10.37,9.35,9.13,38.05,8.91,10.16,8.46,7.90,35.43,8.65,9.96,8.65,8.27,35.53,8.92,10.07,8.21,8.60,35.80,8.50,10.19,8.56,9.20,36.45,7.66,9.24,7.83,9.36,34.09,7.58,7.79,8.17,9.76,33.30,8.23,8.24,7.84,10.10,34.41,2.39,9.54,8.85,10.33,31.11,3.78,8.60,10.75,10.48,33.61,4.28,7.04,7.90,9.98,29.20,4.68,4.36,5.75,6.63,21.42,5.08,5.38,5.99,7.08,23.53,8.57,20.66,44.31,14.64,88.18,16.01,51.91,32.22,30.86,131.00,9.37,7.07,4.58,5.03,26.04,4.67,1.31,2.42,11.50,19.90,24.63,1.45,2.82,3.01,31.90,3.04,..,..,..,..
....Marinduque,..Aquaculture,..,..,..,..,919.00,..,..,..,..,919.00,..,..,..,..,919.00,..,..,..,..,783.00,..,..,..,..,163.00,..,..,..,..,126.00,..,..,..,..,152.00,..,..,..,..,152.00,..,..,..,..,144.00,..,..,..,..,158.00,..,..,..,..,164.01,..,..,..,..,177.07,..,..,..,..,213.00,8.00,20.00,134.00,20.00,182.00,1.00,8.00,87.00,63.00,159.00,102.00,8.00,12.00,25.00,147.00,107.00,11.00,12.00,11.00,141.00,112.00,8.00,19.00,13.00,152.00,185.00,7.00,13.00,12.00,217.00,191.00,7.00,14.00,15.00,227.00,143.00,9.00,972.00,304.00,1428.00,431.00,11.00,593.00,380.00,1415.00,479.00,445.00,400.00,341.00,1665.00,444.00,480.00,421.00,347.00,1692.00,289.00,510.00,422.00,318.00,1539.00,321.00,494.00,419.00,305.00,1539.00,306.00,349.80,331.20,262.00,1249.00,144.80,163.25,158.56,147.43,614.04,148.56,191.36,182.50,141.79,664.21,156.06,194.80,185.10,165.50,701.46,152.31,217.35,182.47,170.35,722.48,129.67,149.47,163.92,159.63,602.69,122.54,160.27,157.91,143.26,583.98,108.33,135.44,126.50,126.78,497.04,98.14,108.49,100.33,121.06,428.02,84.49,90.26,79.53,98.47,352.74,89.04,76.10,83.32,109.32,357.78,63.13,111.60,95.50,119.41,389.63,75.77,84.54,89.72,153.99,404.02,45.72,61.75,75.67,147.22,330.36,52.59,51.24,38.59,49.72,192.14,38.41,28.82,42.39,48.83,158.46,4.10,9.52,28.20,19.97,61.79,11.59,18.61,32.71,13.96,76.87,8.89,28.21,9.32,31.09,77.51,32.33,16.58,20.93,13.32,83.17,16.69,..,..,..,..
....Occidental Mindoro,FISHERIES,..,..,..,..,10732.00,..,..,..,..,8256.00,..,..,..,..,7857.00,..,..,..,..,8950.00,..,..,..,..,11280.00,..,..,..,..,12463.00,..,..,..,..,13319.00,..,..,..,..,14349.00,..,..,..,..,14391.00,..,..,..,..,15589.00,..,..,..,..,13835.38,..,..,..,..,18830.60,..,..,..,..,17144.00,1814.00,1495.00,1683.00,1862.00,6854.00,1953.00,2025.00,2201.00,2584.00,8763.00,1816.00,2025.00,3297.00,3673.00,10811.00,2128.00,2060.00,3611.00,3431.00,11230.00,2113.00,2079.00,2517.00,4018.00,10727.00,2493.00,3543.00,3436.00,3249.00,12721.00,2375.00,4336.00,4112.00,3797.00,14620.00,3005.00,3606.00,4410.00,4418.00,15439.00,3170.00,3724.00,4208.00,4664.00,15766.00,3452.00,3971.00,4277.00,3715.00,15415.00,4590.50,4142.60,4515.10,3291.60,16539.80,3518.90,4261.63,4644.99,3073.68,15499.20,3965.34,4560.17,4523.04,3318.93,16367.48,4368.25,4613.97,4651.09,3707.93,17341.24,4557.41,5033.86,4990.67,4080.52,18662.46,4344.37,5596.90,5391.00,3946.47,19278.74,4449.07,4091.97,4807.00,3790.56,17138.59,4595.75,4019.29,5445.19,4143.76,18203.99,4175.34,4018.95,5137.86,4237.48,17569.63,4321.38,4279.76,5127.94,4551.04,18280.12,4426.28,4691.51,4969.15,4788.97,18875.91,5036.77,4804.17,5368.04,4731.29,19940.26,5194.86,4831.85,5506.32,4756.57,20289.61,5052.41,3724.38,3355.36,3772.95,15905.10,3766.69,3711.61,3445.34,3753.09,14676.72,3406.15,3119.12,2425.21,3128.69,12079.16,2708.56,3162.94,3448.57,3000.63,12320.70,3076.95,3215.72,3738.41,3354.41,13385.49,3835.41,4980.64,4921.77,4019.98,17757.81,5164.78,4489.64,4179.67,3476.40,17310.49,6774.20,9482.22,5751.93,4668.42,26676.77,3023.76,10714.00,4679.74,3564.70,21982.19,6472.47,7061.05,5270.85,7154.24,25958.62,14109.19,..,..,..,..
....Occidental Mindoro,..Commercial Fisheries,..,..,..,..,2910.00,..,..,..,..,1940.00,..,..,..,..,1807.00,..,..,..,..,1697.00,..,..,..,..,2211.00,..,..,..,..,2536.00,..,..,..,..,2595.00,..,..,..,..,2073.00,..,..,..,..,2163.00,..,..,..,..,2600.00,..,..,..,..,2029.00,..,..,..,..,4776.00,..,..,..,..,2287.00,418.00,218.00,102.00,100.00,838.00,355.00,492.00,339.00,416.00,1602.00,616.00,510.00,931.00,994.00,3051.00,555.00,551.00,882.00,856.00,2844.00,581.00,554.00,1200.00,2809.00,5144.00,735.00,2655.00,1800.00,2128.00,7318.00,1279.00,3198.00,2356.00,2489.00,9322.00,1811.00,2273.00,2605.00,2858.00,9547.00,2065.00,2354.00,2364.00,2795.00,9578.00,2261.00,2411.00,2425.00,1903.00,9000.00,2318.00,2463.00,2455.00,1382.00,8618.00,2239.55,2507.00,2511.61,1344.00,8602.16,2598.68,2613.78,2382.40,1558.30,9153.16,2665.40,2617.20,2425.75,1604.75,9313.10,2780.41,2772.15,2481.31,1817.75,9851.62,2591.81,3041.35,2602.20,1770.60,10005.96,2640.90,1588.75,2146.73,1853.39,8229.77,2748.79,1594.68,2200.10,1962.06,8505.63,2355.41,1482.65,2044.74,1985.71,7868.51,2384.40,1501.65,2031.29,2070.23,7987.57,2441.07,1540.47,1935.32,2076.56,7993.42,2669.69,1549.11,1943.39,2065.93,8228.12,2711.94,1590.42,1956.10,2081.00,8339.46,2646.15,1599.25,1932.66,2061.11,8239.17,2166.86,1641.61,2064.85,2136.91,8010.23,1941.01,1317.31,1045.16,1677.97,5981.45,1280.39,1349.46,1285.96,1327.22,5243.03,1252.77,1087.26,1500.75,1347.59,5188.37,1388.72,2442.90,2446.32,1586.14,7864.08,1836.25,1791.45,1132.20,1507.37,6267.28,2252.22,4952.90,3035.64,2248.27,12489.04,1434.61,5142.32,1238.01,1266.35,9081.29,3616.12,4873.43,3319.81,4182.18,15991.54,10767.25,..,..,..,..
....Occidental Mindoro,..Municipal Fisheries,..,..,..,..,3284.00,..,..,..,..,1609.00,..,..,..,..,1343.00,..,..,..,..,2781.00,..,..,..,..,4068.00,..,..,..,..,3482.00,..,..,..,..,3897.00,..,..,..,..,5449.00,..,..,..,..,4849.00,..,..,..,..,5246.00,..,..,..,..,3769.00,..,..,..,..,5377.00,..,..,..,..,4396.00,815.00,702.00,685.00,1292.00,3494.00,973.00,986.00,659.00,1175.00,3793.00,903.00,1152.00,1366.00,1594.00,5015.00,1325.00,1114.00,1527.00,1306.00,5272.00,1286.00,1140.00,279.00,441.00,3146.00,1486.00,484.00,476.00,485.00,2931.00,893.00,741.00,599.00,607.00,2840.00,964.00,890.00,702.00,739.00,3295.00,848.00,926.00,691.00,982.00,3447.00,873.00,941.00,686.00,936.00,3436.00,876.00,949.00,714.00,948.00,3487.00,915.15,953.43,734.22,902.55,3505.35,975.10,1100.89,690.07,900.04,3666.10,1290.17,1140.21,717.14,1184.74,4332.26,1347.62,1356.28,883.59,1222.39,4809.88,1324.20,1604.66,987.30,1144.37,5060.53,1346.42,1568.77,933.17,1211.26,5059.62,1424.83,1564.36,970.30,1259.38,5218.87,1382.58,1497.40,920.10,1279.29,5079.37,1454.19,1636.83,914.32,1413.47,5418.81,1533.28,1733.41,889.93,1557.17,5713.79,1886.75,1744.49,955.31,1518.02,6104.57,1957.12,1753.50,963.73,1546.95,6221.30,1936.24,1753.89,955.85,1501.95,6147.93,1411.28,1784.41,1161.18,1529.03,5885.90,1380.38,1695.73,1132.55,1387.30,5595.96,1358.84,1708.73,1802.72,1552.49,6422.78,1785.44,1801.67,1991.86,1901.17,7480.14,2419.94,2163.85,2167.55,2283.64,9034.98,2702.42,2300.42,2677.67,1375.74,9056.25,4056.87,4021.10,2497.30,2333.15,12908.43,1336.46,3808.73,1932.01,1526.00,8603.20,2542.52,1818.78,1496.94,2587.26,8445.51,3007.68,..,..,..,..
....Occidental Mindoro,....Marine Municipal Fisheries,..,..,..,..,3284.00,..,..,..,..,1564.00,..,..,..,..,1343.00,..,..,..,..,2646.00,..,..,..,..,4064.00,..,..,..,..,3347.00,..,..,..,..,3757.00,..,..,..,..,5314.00,..,..,..,..,4723.00,..,..,..,..,5123.00,..,..,..,..,3562.00,..,..,..,..,5200.00,..,..,..,..,4222.00,794.00,702.00,642.00,1255.00,3393.00,914.00,929.00,615.00,1125.00,3583.00,855.00,1103.00,1321.00,1555.00,4834.00,1280.00,1066.00,1481.00,1258.00,5085.00,1250.00,1100.00,249.00,415.00,3014.00,1447.00,443.00,452.00,457.00,2799.00,850.00,696.00,564.00,569.00,2679.00,919.00,842.00,666.00,698.00,3125.00,801.00,877.00,657.00,939.00,3274.00,829.00,901.00,645.00,912.00,3287.00,851.00,916.00,671.00,911.00,3349.00,883.97,934.50,685.83,862.00,3366.30,940.55,1077.10,669.92,880.00,3567.57,1265.76,1112.56,680.22,1159.30,4217.84,1327.15,1328.38,844.41,1190.53,4690.47,1297.82,1567.73,937.51,1113.17,4916.23,1319.41,1529.53,886.94,1171.35,4907.23,1397.13,1535.66,936.19,1223.51,5092.49,1353.28,1465.92,883.14,1240.21,4942.55,1423.25,1604.40,876.98,1372.77,5277.40,1499.79,1700.41,847.76,1514.49,5562.45,1850.84,1712.53,909.78,1473.25,5946.40,1916.57,1721.09,917.93,1500.11,6055.70,1895.83,1725.99,911.44,1456.43,5989.69,1378.37,1755.39,1127.02,1489.04,5749.82,1351.36,1675.57,1114.46,1370.19,5511.58,1345.40,1691.59,1761.72,1514.58,6313.29,1764.21,1781.22,1954.61,1865.06,7365.10,2052.40,1964.46,1857.61,1970.70,7845.17,2477.51,2049.02,2567.60,1121.06,8215.18,3574.57,3857.73,2443.54,1865.87,11741.71,1305.20,3748.30,1900.71,1480.27,8434.48,2411.76,1758.51,1450.71,2552.39,8173.36,2829.18,..,..,..,..
....Occidental Mindoro,....Inland Municipal Fisheries,..,..,..,..,..,..,..,..,..,45.00,..,..,..,..,..,..,..,..,..,135.00,..,..,..,..,4.00,..,..,..,..,135.00,..,..,..,..,140.00,..,..,..,..,135.00,..,..,..,..,126.00,..,..,..,..,123.00,..,..,..,..,207.00,..,..,..,..,177.00,..,..,..,..,174.00,21.00,..,43.00,37.00,101.00,59.00,57.00,44.00,50.00,210.00,48.00,49.00,45.00,39.00,181.00,45.00,48.00,46.00,48.00,187.00,36.00,40.00,30.00,26.00,132.00,39.00,41.00,24.00,28.00,132.00,43.00,45.00,35.00,38.00,161.00,45.00,48.00,36.00,41.00,170.00,47.00,49.00,34.00,43.00,173.00,44.00,40.00,41.00,24.00,149.00,25.00,33.00,43.00,37.00,138.00,31.18,18.93,48.39,40.55,139.05,34.55,23.79,20.15,20.04,98.53,24.41,27.65,36.92,25.44,114.42,20.47,27.90,39.18,31.86,119.41,26.38,36.93,49.79,31.20,144.30,27.01,39.24,46.23,39.91,152.39,27.70,28.70,34.11,35.87,126.38,29.30,31.48,36.96,39.08,136.82,30.94,32.43,37.34,40.70,141.41,33.49,33.00,42.17,42.68,151.34,35.91,31.96,45.53,44.77,158.17,40.55,32.41,45.80,46.84,165.60,40.41,27.90,44.41,45.52,158.24,32.91,29.02,34.16,39.99,136.08,29.02,20.16,18.09,17.11,84.38,13.44,17.14,41.00,37.91,109.49,21.23,20.45,37.25,36.11,115.04,367.54,199.39,309.94,312.94,1189.81,224.91,251.40,110.08,254.68,841.07,482.30,163.37,53.77,467.28,1166.72,31.26,60.43,31.30,45.74,168.72,130.77,60.28,46.23,34.87,272.15,178.50,..,..,..,..
....Occidental Mindoro,..Aquaculture,..,..,..,..,4538.00,..,..,..,..,4707.00,..,..,..,..,4707.00,..,..,..,..,4472.00,..,..,..,..,5001.00,..,..,..,..,6445.00,..,..,..,..,6827.00,..,..,..,..,6827.00,..,..,..,..,7379.00,..,..,..,..,7743.00,..,..,..,..,8037.38,..,..,..,..,8677.60,..,..,..,..,10461.00,581.00,575.00,896.00,470.00,2522.00,625.00,547.00,1203.00,993.00,3368.00,297.00,363.00,1000.00,1085.00,2745.00,248.00,395.00,1202.00,1269.00,3114.00,246.00,385.00,1038.00,768.00,2437.00,272.00,404.00,1160.00,636.00,2472.00,203.00,397.00,1157.00,701.00,2458.00,230.00,443.00,1103.00,821.00,2597.00,257.00,444.00,1153.00,887.00,2741.00,318.00,619.00,1166.00,876.00,2979.00,1396.50,730.60,1346.10,961.60,4434.80,364.20,801.20,1399.16,827.13,3391.69,391.56,845.50,1450.57,860.59,3548.22,412.68,856.56,1508.20,918.44,3695.88,429.38,905.43,1625.77,1040.38,4000.96,428.36,950.89,1801.50,1031.50,4212.25,461.75,934.45,1727.10,725.91,3849.20,422.13,860.25,2274.79,922.32,4479.49,437.35,1038.90,2173.02,972.48,4621.75,482.79,1141.28,2182.33,1067.34,4873.74,451.93,1417.63,2143.90,1155.24,5168.70,480.33,1510.57,2469.34,1147.34,5607.57,525.80,1487.93,2586.49,1128.62,5728.85,470.02,371.24,466.85,209.89,1518.00,188.55,285.59,219.31,87.15,780.59,84.76,106.08,247.50,63.42,501.75,69.33,104.75,359.89,120.92,654.89,38.74,326.79,245.80,105.65,716.98,26.75,373.89,307.90,150.20,858.75,626.11,397.77,369.80,593.29,1986.97,465.11,508.21,218.99,87.00,1279.30,252.69,1762.95,1509.72,772.34,4297.70,313.83,368.84,454.10,384.80,1521.57,334.26,..,..,..,..
....Oriental Mindoro,FISHERIES,..,..,..,..,12547.00,..,..,..,..,7482.00,..,..,..,..,22442.00,..,..,..,..,10243.00,..,..,..,..,10733.00,..,..,..,..,9188.00,..,..,..,..,10901.00,..,..,..,..,11762.00,..,..,..,..,9189.00,..,..,..,..,9887.00,..,..,..,..,11018.03,..,..,..,..,9819.80,..,..,..,..,9642.00,2634.00,2025.00,1888.00,955.00,7502.00,2166.00,2236.00,3307.00,4805.00,12514.00,3329.00,2391.00,2443.00,1767.00,9930.00,3098.00,2828.00,3366.00,2106.00,11398.00,2996.00,2812.00,2040.00,2862.00,10710.00,2962.00,3304.00,3002.00,2328.00,11596.00,3453.00,3133.00,3609.00,2125.00,12320.00,3454.00,3418.00,3504.00,2325.00,12701.00,3466.00,3382.00,3396.00,2245.00,12489.00,3633.00,3439.00,3347.00,2225.00,12644.00,3671.00,3526.80,3457.40,2310.10,12965.30,3776.00,3620.30,3528.60,2015.70,12940.60,3672.72,3762.95,3751.58,2091.13,13278.38,3754.36,3641.83,3691.60,2156.79,13244.57,3651.99,3828.66,4067.65,2305.38,13853.68,3467.45,3902.30,3715.40,2315.20,13400.35,3667.36,3979.98,3512.87,2295.35,13455.55,3646.16,3852.02,3716.66,2357.93,13572.76,3692.87,3794.93,3667.29,2345.40,13500.48,3609.32,4107.69,3715.34,2410.49,13842.84,3931.77,3701.44,4247.32,2402.43,14282.95,4114.39,3920.71,4240.62,2129.99,14405.71,3043.51,3455.88,5182.10,2114.74,13796.23,1862.77,3381.19,4094.68,2185.66,11524.30,1741.28,3503.85,3159.28,2193.33,10597.74,1410.46,3867.85,3291.25,2515.22,11084.78,1431.22,2890.25,2979.65,2390.09,9691.21,1538.18,2896.50,3397.54,2008.74,9840.96,1480.54,2609.87,3783.37,1875.35,9749.14,1404.98,1720.36,1579.12,1793.03,6497.49,1194.77,1848.66,3197.23,2778.00,9018.67,1569.80,2174.92,1050.87,1177.93,5973.52,1038.63,2321.65,1351.43,973.07,5684.78,1291.54,..,..,..,..
....Oriental Mindoro,..Commercial Fisheries,..,..,..,..,517.00,..,..,..,..,886.00,..,..,..,..,4600.00,..,..,..,..,4140.00,..,..,..,..,3297.00,..,..,..,..,1365.00,..,..,..,..,1363.00,..,..,..,..,631.00,..,..,..,..,704.00,..,..,..,..,807.00,..,..,..,..,1198.00,..,..,..,..,771.00,..,..,..,..,1001.00,280.00,355.00,270.00,145.00,1050.00,207.00,603.00,426.00,164.00,1400.00,535.00,483.00,1154.00,314.00,2486.00,515.00,534.00,1946.00,342.00,3337.00,422.00,625.00,675.00,259.00,1981.00,439.00,674.00,974.00,238.00,2325.00,444.00,563.00,977.00,257.00,2241.00,456.00,593.00,888.00,322.00,2259.00,442.00,612.00,871.00,304.00,2229.00,459.00,597.00,844.00,291.00,2191.00,480.00,625.00,878.00,305.00,2288.00,498.00,633.00,890.00,247.00,2268.00,489.00,665.00,969.00,236.00,2359.00,497.00,634.00,943.00,246.00,2320.00,535.30,677.03,1071.12,276.02,2559.47,521.85,687.75,960.51,279.38,2449.49,570.93,729.42,908.80,290.69,2499.84,586.91,745.89,920.20,300.65,2553.65,578.10,722.86,902.98,294.83,2498.77,557.01,737.83,872.76,284.14,2451.74,669.71,762.23,943.30,276.80,2652.04,704.45,850.43,933.49,310.10,2798.47,578.26,1058.46,992.61,374.31,3003.64,394.06,1095.04,687.46,395.56,2572.12,328.24,1113.29,587.56,328.11,2357.20,213.20,1128.63,606.31,391.89,2340.03,148.44,755.00,535.33,410.50,1849.27,153.08,766.96,510.97,363.13,1794.14,198.00,760.49,693.13,310.70,1962.32,191.22,460.59,492.24,104.09,1248.15,378.00,661.08,1221.73,1120.00,3380.81,401.10,1286.92,261.81,188.13,2137.95,353.64,1297.95,615.06,289.23,2555.88,335.25,..,..,..,..
....Oriental Mindoro,..Municipal Fisheries,..,..,..,..,10786.00,..,..,..,..,5330.00,..,..,..,..,16576.00,..,..,..,..,4683.00,..,..,..,..,5721.00,..,..,..,..,6258.00,..,..,..,..,7858.00,..,..,..,..,9451.00,..,..,..,..,6867.00,..,..,..,..,7317.00,..,..,..,..,7990.00,..,..,..,..,7073.00,..,..,..,..,6259.00,2097.00,1371.00,1033.00,692.00,5193.00,1837.00,1392.00,833.00,617.00,4679.00,1718.00,1428.00,1080.00,1169.00,5395.00,1860.00,1629.00,1270.00,1529.00,6288.00,1894.00,1586.00,1225.00,1781.00,6486.00,1870.00,1982.00,1717.00,1301.00,6870.00,2315.00,1879.00,2347.00,1268.00,7809.00,2349.00,1917.00,2203.00,1341.00,7810.00,2279.00,1967.00,2121.00,1274.00,7641.00,2467.00,1935.00,2089.00,1248.00,7739.00,2505.00,2016.00,2146.00,1298.00,7965.00,2578.00,2071.00,2189.00,1125.00,7963.00,2531.00,2156.00,2310.00,1170.00,8167.00,2601.00,2052.00,2272.00,1206.00,8131.00,2520.45,2157.19,2442.98,1291.21,8411.83,2327.10,2192.17,2224.76,1319.33,8063.36,2452.38,2239.40,2125.04,1363.41,8180.23,2532.59,2281.20,2224.52,1396.71,8435.02,2493.32,2218.56,2172.24,1372.32,8256.44,2410.59,2348.82,2118.96,1376.13,8254.50,2592.32,2426.25,2332.01,1374.00,8724.58,2791.50,2596.40,2297.79,1378.86,9064.55,2191.35,2186.68,2387.80,1519.58,8285.41,1366.07,2204.41,1788.97,1614.46,6973.91,1257.94,2299.77,1540.52,1598.60,6696.83,1044.21,2599.20,1854.83,1891.14,7389.38,1157.02,2059.37,1729.61,1775.90,6721.90,1256.20,2068.98,1792.40,1483.54,6601.12,1188.02,1787.38,2042.58,1313.21,6331.19,1100.51,1125.07,889.25,1149.83,4264.66,752.96,813.36,1779.92,1250.00,4596.24,1016.50,669.22,515.57,430.98,2632.26,531.60,899.92,527.51,539.25,2498.27,558.49,..,..,..,..
....Oriental Mindoro,....Marine Municipal Fisheries,..,..,..,..,10736.00,..,..,..,..,5330.00,..,..,..,..,16515.00,..,..,..,..,4637.00,..,..,..,..,5602.00,..,..,..,..,5586.00,..,..,..,..,7096.00,..,..,..,..,8646.00,..,..,..,..,5984.00,..,..,..,..,6350.00,..,..,..,..,6921.00,..,..,..,..,5985.00,..,..,..,..,5188.00,1874.00,1139.00,863.00,608.00,4484.00,1718.00,1227.00,782.00,526.00,4253.00,1609.00,1286.00,984.00,1092.00,4971.00,1758.00,1491.00,1172.00,1468.00,5889.00,1812.00,1467.00,1132.00,1715.00,6126.00,1794.00,1882.00,1599.00,1253.00,6528.00,2246.00,1777.00,2242.00,1170.00,7435.00,2277.00,1808.00,2107.00,1236.00,7428.00,2212.00,1876.00,2031.00,1162.00,7281.00,2382.00,1814.00,1969.00,1131.00,7296.00,2415.00,1889.00,2019.00,1179.00,7502.00,2472.00,1923.00,2045.00,1016.00,7456.00,2421.00,1995.00,2152.00,1002.00,7570.00,2494.00,1941.00,2123.00,1043.00,7601.00,2416.00,2008.90,2281.60,1136.80,7843.30,2232.29,2039.81,2050.56,1155.17,7477.83,2345.26,2084.55,1961.20,1189.74,7580.75,2434.79,2129.91,2054.42,1220.66,7839.78,2390.13,2062.50,2005.38,1198.92,7656.93,2309.67,2202.28,1930.86,1180.09,7622.90,2467.24,2258.51,2129.04,1152.44,8007.23,2649.46,2433.16,2102.40,1173.36,8358.38,2055.03,2028.16,2187.16,1294.34,7564.69,1250.98,2091.04,1613.89,1342.53,6298.44,1102.10,2099.41,1300.94,1256.94,5759.39,861.56,2368.70,1609.73,1492.23,6332.22,970.26,1830.35,1477.35,1370.67,5648.63,1005.19,1856.88,1518.53,1075.95,5456.55,965.85,1592.64,1635.56,1021.48,5215.53,903.36,904.44,733.55,577.69,3119.04,483.49,631.36,1386.76,1021.40,3523.01,719.90,483.50,440.35,278.62,1922.36,329.54,697.78,411.25,363.40,1801.97,356.88,..,..,..,..
....Oriental Mindoro,....Inland Municipal Fisheries,..,..,..,..,50.00,..,..,..,..,..,..,..,..,..,61.00,..,..,..,..,46.00,..,..,..,..,119.00,..,..,..,..,672.00,..,..,..,..,762.00,..,..,..,..,805.00,..,..,..,..,883.00,..,..,..,..,967.00,..,..,..,..,1069.00,..,..,..,..,1088.00,..,..,..,..,1071.00,223.00,232.00,170.00,84.00,709.00,119.00,165.00,51.00,91.00,426.00,109.00,142.00,96.00,77.00,424.00,102.00,138.00,98.00,61.00,399.00,82.00,119.00,93.00,66.00,360.00,76.00,100.00,118.00,48.00,342.00,69.00,102.00,105.00,98.00,374.00,72.00,109.00,96.00,105.00,382.00,67.00,91.00,90.00,112.00,360.00,85.00,121.00,120.00,117.00,443.00,90.00,127.00,127.00,119.00,463.00,106.00,148.00,144.00,109.00,507.00,110.00,161.00,158.00,168.00,597.00,107.00,111.00,149.00,163.00,530.00,104.45,148.29,161.38,154.41,568.53,94.81,152.36,174.20,164.16,585.53,107.12,154.85,163.84,173.67,599.48,97.80,151.29,170.10,176.05,595.24,103.19,156.06,166.86,173.40,599.51,100.92,146.54,188.10,196.04,631.60,125.08,167.74,202.97,221.56,717.35,142.04,163.24,195.39,205.50,706.17,136.32,158.52,200.64,225.24,720.72,115.09,113.37,175.08,271.93,675.47,155.84,200.36,239.58,341.66,937.44,182.65,230.50,245.10,398.91,1057.16,186.76,229.02,252.26,405.23,1073.27,251.01,212.10,273.87,407.59,1144.57,222.17,194.74,407.02,291.73,1115.66,197.15,220.63,155.70,572.14,1145.61,269.47,182.00,393.16,228.60,1073.23,296.60,185.72,75.23,152.36,709.90,202.05,202.13,116.25,175.85,696.29,201.61,..,..,..,..
....Oriental Mindoro,..Aquaculture,..,..,..,..,1244.00,..,..,..,..,1266.00,..,..,..,..,1266.00,..,..,..,..,1420.00,..,..,..,..,1715.00,..,..,..,..,1565.00,..,..,..,..,1680.00,..,..,..,..,1680.00,..,..,..,..,1618.00,..,..,..,..,1763.00,..,..,..,..,1830.03,..,..,..,..,1975.80,..,..,..,..,2382.00,257.00,299.00,585.00,118.00,1259.00,122.00,241.00,2048.00,4024.00,6435.00,1076.00,480.00,209.00,284.00,2049.00,723.00,665.00,150.00,235.00,1773.00,680.00,601.00,140.00,822.00,2243.00,653.00,648.00,311.00,789.00,2401.00,694.00,691.00,285.00,600.00,2270.00,649.00,908.00,413.00,662.00,2632.00,745.00,803.00,404.00,667.00,2619.00,707.00,907.00,414.00,686.00,2714.00,686.00,885.80,433.40,707.10,2712.30,700.00,916.30,449.60,643.70,2709.60,652.72,941.95,472.58,685.13,2752.38,656.36,955.83,476.60,704.79,2793.57,596.24,994.44,553.55,738.15,2882.38,618.50,1022.38,530.13,716.49,2887.50,644.05,1011.16,479.03,641.25,2775.48,526.66,824.93,571.94,660.57,2584.09,621.45,853.51,592.07,678.25,2745.27,641.72,1021.04,723.62,750.22,3136.60,669.74,512.96,972.01,751.63,2906.33,618.44,473.88,1009.34,441.03,2542.69,273.90,210.74,1801.69,220.85,2507.18,102.64,81.74,1618.25,175.64,1978.27,155.10,90.79,1031.20,266.62,1543.71,153.05,140.02,830.11,232.19,1355.37,125.76,75.88,714.71,203.69,1120.04,128.90,60.56,1094.17,162.07,1445.70,94.52,62.00,1047.66,251.44,1455.63,113.25,134.71,197.62,539.11,984.69,63.81,374.21,195.59,408.01,1041.62,152.20,218.78,273.49,558.82,1203.30,153.39,123.78,208.86,144.59,630.63,397.80,..,..,..,..
....Palawan,FISHERIES,..,..,..,..,34851.00,..,..,..,..,41246.00,..,..,..,..,66361.00,..,..,..,..,76249.00,..,..,..,..,96653.00,..,..,..,..,75439.00,..,..,..,..,67276.00,..,..,..,..,71527.00,..,..,..,..,74078.00,..,..,..,..,79069.00,..,..,..,..,80140.77,..,..,..,..,84682.82,..,..,..,..,75699.00,27017.00,52006.00,12596.00,42803.00,134422.00,28323.00,55767.00,22381.00,77085.00,183556.00,27623.00,41866.00,19113.00,93382.00,181984.00,28768.00,58245.00,24758.00,145622.00,257393.00,30494.00,68784.00,28198.00,125890.00,253366.00,28441.00,66365.00,31130.00,105362.00,231298.00,39656.00,44782.00,44154.00,93508.00,222100.00,40097.00,43391.00,52907.00,112823.00,249218.00,48660.00,47184.00,41397.00,113829.00,251070.00,58333.00,58844.00,48778.00,158604.00,324559.00,52532.20,77016.00,54624.70,247915.40,432088.30,69082.00,96622.20,59471.10,296613.03,521788.33,49077.13,106205.00,65949.11,328451.23,549682.47,72971.81,168617.33,88803.67,341289.29,671682.10,74537.51,171911.51,94336.73,280513.83,621299.58,72823.00,170988.58,96635.78,354423.93,694871.30,79883.78,157722.69,86596.34,352610.84,676813.65,64151.00,155454.76,90968.20,369589.74,680163.71,63146.75,159119.82,88059.01,372053.65,682379.24,59705.53,127742.03,81938.77,367918.49,637304.81,55359.95,120259.24,78994.96,246935.59,501549.74,42761.51,114983.17,73633.42,278902.52,510280.61,40848.30,122362.49,75706.78,297625.56,536543.13,29099.65,86685.22,71880.42,254123.78,441789.07,30772.47,90764.42,73202.21,255163.90,449903.01,29396.00,98646.83,77308.70,262315.43,467666.96,31562.22,80608.89,75234.29,278641.39,466046.79,32830.89,81766.16,70410.01,256304.90,441311.96,34759.07,80525.10,68661.56,154816.45,338762.18,55705.35,58175.17,66157.40,166039.96,346077.88,74544.72,60023.40,83328.60,169801.90,387698.62,77040.14,63625.23,88360.90,180656.91,409683.17,78579.06,77484.45,82090.45,174809.27,412963.22,31059.42,..,..,..,..
....Palawan,..Commercial Fisheries,..,..,..,..,10521.00,..,..,..,..,11696.00,..,..,..,..,23953.00,..,..,..,..,21695.00,..,..,..,..,20393.00,..,..,..,..,22455.00,..,..,..,..,21615.00,..,..,..,..,23068.00,..,..,..,..,23852.00,..,..,..,..,27047.00,..,..,..,..,16957.00,..,..,..,..,17555.00,..,..,..,..,12817.00,2680.00,8841.00,5210.00,4457.00,21188.00,3461.00,5396.00,7116.00,4090.00,20063.00,5430.00,4176.00,4512.00,3031.00,17149.00,5789.00,4136.00,4472.00,3011.00,17408.00,6074.00,4549.00,4512.00,6600.00,21735.00,6481.00,3791.00,6491.00,5200.00,21963.00,4600.00,4610.00,6762.00,6381.00,22353.00,5448.00,4441.00,6945.00,5841.00,22675.00,6198.00,5515.00,5190.00,4731.00,21634.00,5653.00,5895.00,6855.00,6555.00,24958.00,5320.00,6585.00,8902.00,10360.00,31167.00,6012.00,7746.50,9774.00,12039.00,35571.50,4218.00,10002.67,9926.35,13004.50,37151.52,4958.08,12578.28,10607.57,12210.37,40354.30,4563.53,12344.67,11154.75,9689.12,37752.07,4320.24,12073.43,9917.96,8977.85,35289.48,4775.50,11513.06,8031.94,9130.52,33451.02,5608.13,13037.72,8310.53,9224.90,36181.28,4826.76,12986.37,6719.37,8503.01,33035.51,4610.71,13296.84,6522.01,9259.87,33689.43,4217.69,14243.77,6078.32,7969.07,32508.85,4558.04,14587.32,5431.13,8185.91,32762.40,4131.03,13529.42,4895.15,7290.36,29845.96,3126.18,9352.11,4726.08,6901.19,24105.56,3640.93,8953.58,4903.08,6754.13,24251.72,3470.99,7906.92,4799.98,5011.18,21189.07,3947.26,7484.72,4979.23,4731.84,21143.05,4152.59,6609.62,4916.49,4359.34,20038.04,4438.95,6495.01,4291.29,4452.03,19677.28,3108.21,6578.78,3242.56,1361.51,14291.07,814.88,7084.88,2168.84,2051.18,12119.78,2500.74,8413.93,3363.75,2102.51,16380.92,1867.92,8941.82,4251.52,3783.03,18844.29,2037.80,..,..,..,..
....Palawan,..Municipal Fisheries,..,..,..,..,23804.00,..,..,..,..,28783.00,..,..,..,..,37256.00,..,..,..,..,51167.00,..,..,..,..,73090.00,..,..,..,..,49782.00,..,..,..,..,42728.00,..,..,..,..,45526.00,..,..,..,..,45344.00,..,..,..,..,46978.00,..,..,..,..,57948.00,..,..,..,..,61475.00,..,..,..,..,56067.00,19613.00,17023.00,6100.00,14021.00,56757.00,19211.00,15645.00,11560.00,14881.00,61297.00,18149.00,15508.00,11532.00,16961.00,62150.00,16095.00,16083.00,12180.00,16689.00,61047.00,16843.00,18360.00,13906.00,19000.00,68109.00,16674.00,14124.00,20006.00,17200.00,68004.00,23460.00,13672.00,20696.00,18507.00,76335.00,21949.00,17950.00,20958.00,20712.00,81569.00,23982.00,20549.00,20437.00,18566.00,83534.00,28799.00,30626.00,23467.00,27639.00,110531.00,26074.00,41904.00,27260.00,44999.00,140237.00,34355.50,46968.00,29073.50,49756.85,160153.85,21025.15,52535.63,30736.08,52824.82,157121.68,36845.14,86629.44,47969.90,61918.48,233362.96,37745.44,87152.42,49847.89,46265.46,221011.21,35533.61,85151.00,47431.42,44746.22,212862.25,37702.64,73325.32,38457.63,45565.81,195051.40,36728.67,62410.90,40324.14,47720.06,187183.77,35978.32,59821.15,35328.35,40487.99,171615.81,32045.79,42605.26,32772.92,43538.59,150962.56,30530.10,44011.21,27740.49,31801.45,134083.25,26373.44,37744.16,26362.52,32708.93,123189.05,23579.79,41085.13,25735.54,28431.38,118831.84,17828.12,37540.67,23525.44,27155.36,106049.59,16739.23,33895.76,23975.63,26092.66,100703.28,16432.56,33780.88,25906.97,26114.02,102234.43,17596.02,30140.98,28773.92,26625.51,103136.43,18710.05,30215.59,26642.54,25082.76,100650.94,20033.02,26989.72,24592.30,23242.26,94857.30,14872.82,22022.88,20555.69,24701.27,82152.65,33255.65,22860.39,33158.47,24706.20,113980.70,28714.58,21326.09,30759.35,26113.32,106913.35,27919.59,30611.26,28472.94,24246.76,111250.54,14050.01,..,..,..,..
....Palawan,....Marine Municipal Fisheries,..,..,..,..,23804.00,..,..,..,..,28783.00,..,..,..,..,37256.00,..,..,..,..,51147.00,..,..,..,..,73049.00,..,..,..,..,49752.00,..,..,..,..,42692.00,..,..,..,..,45411.00,..,..,..,..,45237.00,..,..,..,..,46887.00,..,..,..,..,57791.00,..,..,..,..,61353.00,..,..,..,..,55947.00,19613.00,17023.00,6100.00,14021.00,56757.00,19211.00,15645.00,11560.00,14881.00,61297.00,18149.00,15508.00,11532.00,16961.00,62150.00,16095.00,16083.00,12180.00,16689.00,61047.00,16843.00,18360.00,13906.00,19000.00,68109.00,16674.00,14124.00,20006.00,17200.00,68004.00,23450.00,13660.00,20687.00,18500.00,76297.00,21939.00,17942.00,20945.00,20701.00,81527.00,23976.00,20539.00,20425.00,18555.00,83495.00,28791.00,30617.00,23458.00,27634.00,110500.00,26062.00,41899.00,27256.00,44994.00,140211.00,34352.50,46962.00,29070.00,49747.00,160131.50,21022.17,52530.36,30734.70,52821.40,157108.63,36838.93,86627.00,47969.21,61915.14,233350.28,37738.11,87150.00,49846.23,46260.00,220994.34,35527.93,85144.78,47425.21,44739.50,212837.42,37637.57,73256.00,38419.25,45536.54,194849.36,36708.38,62406.66,40248.14,47690.06,187053.24,35923.39,59806.03,35305.51,40456.67,171491.60,31985.94,42583.59,32756.04,43508.56,150834.13,30497.69,44004.12,27732.24,31786.01,134020.06,26336.38,37737.42,26360.02,32694.29,123128.11,23554.29,41084.63,25732.74,28418.68,118790.34,17504.63,37434.88,23464.71,26986.10,105390.32,16206.13,33800.96,23954.91,25982.66,99944.66,15892.56,33558.28,25856.72,26056.26,101363.82,17520.79,30101.04,28695.10,26509.41,102826.34,18587.95,30163.03,26590.93,25014.27,100356.18,19945.12,26923.02,24561.73,23186.76,94616.63,14848.60,21998.53,20546.24,24666.40,82059.78,33185.59,22835.50,33145.36,24694.85,113861.30,28712.29,21303.12,30750.65,26098.30,106864.36,27916.37,30608.77,28459.11,24237.64,111221.88,14049.36,..,..,..,..
....Palawan,....Inland Municipal Fisheries,..,..,..,..,..,..,..,..,..,..,..,..,..,..,..,..,..,..,..,20.00,..,..,..,..,41.00,..,..,..,..,30.00,..,..,..,..,36.00,..,..,..,..,115.00,..,..,..,..,107.00,..,..,..,..,91.00,..,..,..,..,157.00,..,..,..,..,122.00,..,..,..,..,120.00,..,..,..,..,..,..,..,..,..,..,..,..,..,..,..,..,..,..,..,..,..,..,..,..,..,..,..,..,..,..,10.00,12.00,9.00,7.00,38.00,10.00,8.00,13.00,11.00,42.00,6.00,10.00,12.00,11.00,39.00,8.00,9.00,9.00,5.00,31.00,12.00,5.00,4.00,5.00,26.00,3.00,6.00,3.50,9.85,22.35,2.98,5.27,1.38,3.42,13.05,6.21,2.44,0.69,3.34,12.68,7.33,2.42,1.66,5.46,16.87,5.68,6.22,6.21,6.72,24.83,65.07,69.32,38.38,29.27,202.04,20.29,4.24,76.00,30.00,130.53,54.93,15.12,22.84,31.32,124.21,59.85,21.67,16.88,30.03,128.43,32.41,7.09,8.25,15.44,63.19,37.06,6.74,2.50,14.64,60.94,25.50,0.50,2.80,12.70,41.50,323.49,105.79,60.73,169.26,659.27,533.10,94.80,20.72,110.00,758.62,540.00,222.60,50.25,57.76,870.61,75.23,39.94,78.82,116.10,310.09,122.10,52.56,51.61,68.49,294.76,87.90,66.70,30.57,55.50,240.67,24.22,24.35,9.44,34.86,92.87,70.06,24.88,13.11,11.35,119.41,2.30,22.97,8.70,15.02,48.99,3.22,2.49,13.83,9.12,28.66,0.65,..,..,..,..
....Palawan,..Aquaculture,..,..,..,..,526.00,..,..,..,..,767.00,..,..,..,..,5152.00,..,..,..,..,3387.00,..,..,..,..,3170.00,..,..,..,..,3202.00,..,..,..,..,2933.00,..,..,..,..,2933.00,..,..,..,..,4882.00,..,..,..,..,5044.00,..,..,..,..,5235.77,..,..,..,..,5652.82,..,..,..,..,6815.00,4724.00,26142.00,1286.00,24325.00,56477.00,5651.00,34726.00,3705.00,58114.00,102196.00,4044.00,22182.00,3069.00,73390.00,102685.00,6884.00,38026.00,8106.00,125922.00,178938.00,7577.00,45875.00,9780.00,100290.00,163522.00,5286.00,48450.00,4633.00,82962.00,141331.00,11596.00,26500.00,16696.00,68620.00,123412.00,12700.00,21000.00,25004.00,86270.00,144974.00,18480.00,21120.00,15770.00,90532.00,145902.00,23881.00,22323.00,18456.00,124410.00,189070.00,21138.20,28527.00,18462.70,192556.40,260684.30,28714.50,41907.70,20623.60,234817.18,326062.98,23833.98,43666.70,25286.68,262621.91,355409.27,31168.59,69409.61,30226.20,267160.44,397964.84,32228.54,72414.42,33334.09,224559.25,362536.30,32969.15,73764.15,39286.40,300699.86,446719.57,37405.64,72884.31,40106.77,297914.51,448311.23,21814.20,80006.14,42333.53,312644.78,456798.65,22341.67,86312.30,46011.29,323062.65,477727.92,23049.03,71839.93,42643.84,315120.03,452652.82,20612.16,62004.26,45176.15,207165.07,334957.64,11830.03,62651.69,41839.77,238007.68,354329.16,13137.48,67747.94,45076.09,261903.82,387865.33,8145.35,39792.44,43628.90,220067.23,311633.92,10392.31,47915.08,44323.50,222317.11,324948.01,9492.45,56959.03,46601.75,231190.23,344243.46,10018.94,42983.19,41481.14,247284.04,341767.31,9968.25,44940.95,38850.98,226862.80,320622.98,10287.10,47040.37,39777.97,127122.16,224227.60,37724.32,29573.50,42359.15,139977.18,249634.15,40474.20,30078.13,48001.28,143044.52,261598.14,45824.82,33885.20,54237.81,152441.08,286388.90,48791.55,37931.36,49365.99,146779.48,282868.39,14971.61,..,..,..,..
....Romblon,FISHERIES,..,..,..,..,4395.00,..,..,..,..,9821.00,..,..,..,..,5454.00,..,..,..,..,9509.00,..,..,..,..,8203.00,..,..,..,..,8857.00,..,..,..,..,6742.00,..,..,..,..,5995.00,..,..,..,..,7218.00,..,..,..,..,7491.00,..,..,..,..,5739.38,..,..,..,..,7048.74,..,..,..,..,5183.00,1448.00,1739.00,1188.00,2320.00,6695.00,1759.00,1430.00,532.00,663.00,4384.00,1592.00,1430.00,657.00,864.00,4543.00,1269.00,1276.00,491.00,796.00,3832.00,1317.00,1124.00,778.00,810.00,4029.00,1230.00,1246.00,643.00,546.00,3665.00,1893.00,1542.00,846.00,886.00,5167.00,1901.00,1543.00,715.00,765.00,4924.00,1565.00,1954.00,1008.00,1752.00,6279.00,1924.00,2163.00,1004.00,1728.00,6819.00,1997.00,2343.00,1025.00,1239.00,6604.00,2014.15,2436.25,1058.15,1182.17,6690.72,2146.05,2527.14,1212.36,1323.32,7208.87,2206.39,2306.32,1086.20,1218.86,6817.77,2215.95,2341.80,1360.31,1341.70,7259.76,1813.44,2706.71,1198.37,1495.65,7214.17,2433.22,2719.34,1333.76,1441.86,7928.17,2475.42,3289.77,1987.65,1414.44,9167.27,2498.30,3339.43,2814.24,1620.69,10272.66,2834.19,3973.12,2591.45,1515.33,10914.08,2982.40,3479.61,2500.39,1611.37,10573.77,3101.79,4287.97,3209.20,1450.39,12049.35,3689.40,4414.68,2687.13,1316.11,12107.33,2933.04,2713.01,1265.00,1169.30,8080.35,2983.73,2919.36,1548.09,1099.92,8551.11,2521.77,2995.27,1509.62,1572.88,8599.53,2457.73,2641.66,1373.79,1403.25,7876.43,1967.49,2795.26,1009.13,872.98,6644.86,1948.30,2302.75,837.33,767.81,5856.20,1938.44,2138.57,1636.51,1894.21,7607.72,1427.85,3335.06,1992.52,1480.08,8235.51,1915.35,2417.52,1889.72,1370.58,7593.17,2164.55,1775.75,1085.22,692.83,5718.35,4873.56,..,..,..,..
....Romblon,..Commercial Fisheries,..,..,..,..,..,..,..,..,..,..,..,..,..,..,..,..,..,..,..,..,..,..,..,..,..,..,..,..,..,..,..,..,..,..,..,..,..,..,..,..,..,..,..,..,4.00,..,..,..,..,6.00,..,..,..,..,..,..,..,..,..,..,..,..,..,..,..,..,..,..,..,..,..,..,..,..,..,..,..,..,..,..,..,..,..,..,..,..,..,..,..,..,..,..,..,..,..,..,..,..,..,..,..,..,..,..,..,..,..,..,..,..,..,..,..,..,..,..,12.00,18.00,25.00,55.00,15.70,15.32,18.88,24.30,74.20,28.74,66.50,88.72,132.43,316.39,87.92,89.87,104.78,107.97,390.54,156.47,143.28,96.91,119.62,516.28,127.30,145.74,93.42,125.12,491.58,156.37,149.43,94.24,152.60,552.64,179.35,156.33,144.58,143.68,623.94,174.65,186.98,156.88,106.11,624.62,210.13,203.23,128.92,134.16,676.44,220.76,206.61,90.59,152.83,670.79,202.73,283.92,176.31,113.72,776.68,194.57,279.34,152.06,109.77,735.74,235.38,146.60,71.37,128.05,581.40,294.55,170.03,125.87,69.95,660.40,168.91,284.28,134.07,179.66,766.92,335.66,298.75,46.81,84.50,765.72,175.13,470.75,50.04,69.77,765.69,75.10,367.85,38.62,15.23,496.80,273.23,182.84,10.98,40.16,507.21,263.65,442.55,229.29,275.65,1211.14,232.82,876.07,910.14,283.17,2302.20,152.49,544.63,592.18,232.86,1522.16,2410.47,..,..,..,..
....Romblon,..Municipal Fisheries,..,..,..,..,4245.00,..,..,..,..,9671.00,..,..,..,..,5304.00,..,..,..,..,9400.00,..,..,..,..,8095.00,..,..,..,..,8750.00,..,..,..,..,6655.00,..,..,..,..,5908.00,..,..,..,..,7136.00,..,..,..,..,7396.00,..,..,..,..,5647.00,..,..,..,..,6949.00,..,..,..,..,5063.00,1432.00,1718.00,1176.00,2299.00,6625.00,1695.00,1418.00,454.00,658.00,4225.00,1574.00,1421.00,630.00,857.00,4482.00,1253.00,1265.00,455.00,788.00,3761.00,1303.00,1113.00,739.00,804.00,3959.00,1220.00,1238.00,616.00,540.00,3614.00,1529.00,1448.00,712.00,745.00,4434.00,1510.00,1472.00,603.00,716.00,4301.00,1547.00,1940.00,977.00,1740.00,6204.00,1903.00,2145.00,953.00,1697.00,6698.00,1968.00,2213.00,926.00,1159.00,6266.00,1960.45,2221.93,910.27,1090.87,6183.52,1994.01,2247.64,867.94,1057.39,6166.98,2004.04,2093.47,818.73,1068.31,5984.55,2029.15,2071.14,994.02,1162.37,6256.68,1658.03,2254.07,948.29,1298.11,6158.50,2056.67,2248.93,1034.22,1174.82,6514.64,2078.82,2254.01,1092.08,1065.39,6490.30,2014.75,2187.55,1084.92,1207.84,6495.06,2264.78,2081.13,1072.77,1123.37,6542.05,2291.01,2139.09,1067.23,1212.56,6709.89,2654.27,2418.44,1249.37,1149.62,7471.70,2902.78,2315.99,1016.44,1052.72,7287.93,2551.28,2367.87,1026.58,1019.13,6964.86,2636.52,2399.66,1070.69,1004.29,7111.16,2264.94,2344.83,1129.56,1372.79,7112.12,2088.72,2161.27,1105.12,1301.62,6656.73,1773.63,2314.46,953.53,791.05,5832.67,1866.96,1913.45,786.24,740.46,5307.11,1450.96,1532.48,1411.44,1634.71,6029.59,977.56,2398.50,1665.23,1191.19,6232.49,1640.87,1486.26,884.65,1075.72,5087.51,1953.78,1145.78,446.06,441.06,3986.67,2361.17,..,..,..,..
....Romblon,....Marine Municipal Fisheries,..,..,..,..,4245.00,..,..,..,..,9671.00,..,..,..,..,5304.00,..,..,..,..,9394.00,..,..,..,..,8095.00,..,..,..,..,8744.00,..,..,..,..,6647.00,..,..,..,..,5902.00,..,..,..,..,7131.00,..,..,..,..,7396.00,..,..,..,..,5644.00,..,..,..,..,6944.00,..,..,..,..,5058.00,1430.00,1718.00,1174.00,2296.00,6618.00,1690.00,1412.00,453.00,657.00,4212.00,1571.00,1419.00,626.00,853.00,4469.00,1250.00,1263.00,451.00,785.00,3749.00,1301.00,1111.00,734.00,800.00,3946.00,1218.00,1236.00,615.00,536.00,3605.00,1524.00,1445.00,709.00,740.00,4418.00,1504.00,1468.00,601.00,712.00,4285.00,1540.00,1934.00,973.00,1734.00,6181.00,1897.00,2139.00,947.00,1690.00,6673.00,1962.00,2208.00,919.00,1152.00,6241.00,1957.02,2217.48,906.17,1086.63,6167.30,1991.96,2246.24,863.83,1052.98,6155.01,2000.48,2089.92,814.63,1063.78,5968.81,2025.70,2067.95,990.97,1158.24,6242.86,1652.68,2250.04,943.45,1292.42,6138.59,2052.02,2244.83,1030.36,1169.98,6497.19,2074.44,2251.21,1088.98,1060.49,6475.12,2010.77,2182.58,1081.02,1203.49,6477.86,2260.68,2075.86,1067.85,1118.76,6523.15,2286.97,2134.03,1058.67,1205.62,6685.29,2647.71,2413.63,1241.51,1142.73,7445.58,2896.68,2311.48,1010.42,1046.28,7264.86,2547.65,2366.61,1024.71,1015.84,6954.81,2634.09,2397.90,1068.27,1002.13,7102.39,2262.82,2342.82,1127.87,1371.11,7104.62,2087.60,2160.44,1103.99,1299.95,6651.98,1772.87,2313.36,951.86,788.35,5826.44,1864.73,1912.90,785.00,738.57,5301.20,1450.34,1532.24,1411.25,1634.54,6028.37,977.43,2398.35,1665.03,1190.95,6231.76,1640.62,1486.10,884.63,1075.71,5087.05,1953.67,1145.67,445.97,440.95,3986.26,2361.04,..,..,..,..
....Romblon,....Inland Municipal Fisheries,..,..,..,..,..,..,..,..,..,..,..,..,..,..,..,..,..,..,..,6.00,..,..,..,..,..,..,..,..,..,6.00,..,..,..,..,8.00,..,..,..,..,6.00,..,..,..,..,5.00,..,..,..,..,..,..,..,..,..,3.00,..,..,..,..,5.00,..,..,..,..,5.00,2.00,..,2.00,3.00,7.00,5.00,6.00,1.00,1.00,13.00,3.00,2.00,4.00,4.00,13.00,3.00,2.00,4.00,3.00,12.00,2.00,2.00,5.00,4.00,13.00,2.00,2.00,1.00,4.00,9.00,5.00,3.00,3.00,5.00,16.00,6.00,4.00,2.00,4.00,16.00,7.00,6.00,4.00,6.00,23.00,6.00,6.00,6.00,7.00,25.00,6.00,5.00,7.00,7.00,25.00,3.43,4.45,4.10,4.24,16.22,2.05,1.40,4.11,4.41,11.97,3.56,3.55,4.10,4.53,15.74,3.45,3.19,3.05,4.13,13.82,5.35,4.03,4.84,5.69,19.91,4.65,4.10,3.86,4.84,17.45,4.38,2.80,3.10,4.90,15.18,3.98,4.97,3.90,4.35,17.20,4.10,5.27,4.92,4.61,18.90,4.04,5.06,8.56,6.94,24.60,6.56,4.81,7.86,6.89,26.12,6.10,4.51,6.02,6.44,23.07,3.63,1.26,1.87,3.29,10.05,2.43,1.76,2.42,2.16,8.77,2.12,2.01,1.69,1.68,7.50,1.12,0.83,1.13,1.67,4.75,0.76,1.10,1.67,2.70,6.23,2.23,0.55,1.24,1.89,5.91,0.62,0.24,0.19,0.16,1.22,0.13,0.15,0.21,0.24,0.73,0.26,0.16,0.02,0.02,0.46,0.11,0.11,0.09,0.11,0.41,0.13,..,..,..,..
....Romblon,..Aquaculture,..,..,..,..,150.00,..,..,..,..,150.00,..,..,..,..,150.00,..,..,..,..,109.00,..,..,..,..,108.00,..,..,..,..,107.00,..,..,..,..,87.00,..,..,..,..,87.00,..,..,..,..,78.00,..,..,..,..,89.00,..,..,..,..,92.38,..,..,..,..,99.74,..,..,..,..,120.00,16.00,21.00,12.00,21.00,70.00,64.00,12.00,78.00,5.00,159.00,18.00,9.00,27.00,7.00,61.00,16.00,11.00,36.00,8.00,71.00,14.00,11.00,39.00,6.00,70.00,10.00,8.00,27.00,6.00,51.00,364.00,94.00,134.00,141.00,733.00,391.00,71.00,112.00,49.00,623.00,18.00,14.00,31.00,12.00,75.00,21.00,18.00,51.00,31.00,121.00,29.00,118.00,81.00,55.00,283.00,38.00,199.00,129.00,67.00,433.00,123.30,213.00,255.70,133.50,725.50,114.43,122.98,162.69,42.58,442.68,30.33,127.38,269.38,59.71,486.80,28.11,306.90,156.66,72.42,564.09,220.18,320.98,205.30,114.44,860.89,217.25,879.43,750.99,205.37,2053.03,308.90,964.90,1572.44,306.74,3152.98,359.28,1688.76,1389.76,257.80,3695.59,470.63,1133.91,1342.57,245.98,3193.09,244.79,1585.61,1783.52,187.05,3800.97,592.05,1819.35,1518.63,153.62,4083.66,146.38,198.54,167.05,22.12,534.09,52.66,349.67,351.53,25.68,779.55,87.92,366.16,245.99,20.43,720.49,33.35,181.64,221.86,17.13,453.98,18.73,10.05,5.56,12.16,46.50,6.24,21.45,12.47,12.12,52.29,214.25,423.24,214.08,219.34,1070.91,186.63,494.01,98.00,13.24,791.88,41.66,55.19,94.92,11.68,203.45,58.28,85.34,46.98,18.92,209.52,101.93,..,..,..,..
..Region V (Bicol Region),FISHERIES,..,..,..,..,166262.00,..,..,..,..,156961.00,..,..,..,..,126759.00,..,..,..,..,129117.00,..,..,..,..,134349.00,..,..,..,..,139142.00,..,..,..,..,135520.00,..,..,..,..,134932.00,..,..,..,..,140922.00,..,..,..,..,149917.00,..,..,..,..,103749.00,..,..,..,..,109661.00,..,..,..,..,95867.00,34138.00,28808.00,18046.00,14232.00,95224.00,35978.00,30113.00,16483.00,18775.00,101349.00,32277.00,33482.00,22415.00,20253.00,108427.00,31519.00,32754.00,23362.00,21125.00,108760.00,33489.00,30870.00,28853.00,26140.00,119352.00,35784.00,31755.00,27471.00,18272.00,113282.00,30652.00,28292.00,31148.00,21855.00,111947.00,28646.00,32003.00,35391.00,19025.00,115065.00,37647.00,39332.00,38752.00,34783.00,150514.00,44222.00,42187.50,36473.10,35627.80,158510.40,46576.70,46601.20,40598.70,41975.02,175751.62,51722.25,42406.44,41702.35,33728.39,169559.43,55481.09,62665.35,46721.88,47917.51,212785.83,59584.25,63299.02,52953.49,51104.47,226941.22,59350.68,73872.93,57988.45,58565.66,249777.72,58253.02,80480.28,63023.41,61343.41,263100.12,66132.24,77908.27,67165.75,62330.57,273536.83,72846.62,84379.75,70300.64,62857.76,290384.77,65003.41,86177.74,70554.33,67271.91,289007.40,70158.23,85939.88,71890.64,67323.73,295312.49,71224.55,87765.73,73902.14,67424.94,300317.36,68573.20,88748.13,71661.18,65971.65,294954.16,57540.47,80301.62,67881.48,62464.04,268187.62,48132.92,61524.02,60969.97,63768.89,234395.80,46749.95,66176.37,67772.24,58146.97,238845.54,49180.38,75396.13,66387.12,65626.33,256589.96,45296.72,69466.01,62253.76,60496.35,237512.84,37856.04,72410.79,71856.56,56724.29,238847.69,40483.63,62303.34,53915.13,54189.62,210891.72,34828.81,58613.42,46382.34,38351.40,178175.97,31378.57,27722.03,28484.58,18012.41,105597.59,34498.87,39620.54,28118.82,23162.25,125400.49,25721.61,30658.03,14478.56,24295.63,95153.83,29558.35,..,..,..,..
..Region V (Bicol Region),..Commercial Fisheries,..,..,..,..,39491.00,..,..,..,..,40415.00,..,..,..,..,39185.00,..,..,..,..,34077.00,..,..,..,..,35658.00,..,..,..,..,39973.00,..,..,..,..,41027.00,..,..,..,..,40162.00,..,..,..,..,40422.00,..,..,..,..,44978.00,..,..,..,..,20088.00,..,..,..,..,17489.00,..,..,..,..,18651.00,3647.00,10155.00,4046.00,3187.00,21035.00,6252.00,10867.00,2915.00,5349.00,25383.00,5378.00,4550.00,4992.00,4748.00,19668.00,6534.00,4898.00,4858.00,4723.00,21013.00,7402.00,5002.00,6920.00,6384.00,25708.00,8062.00,3977.00,6410.00,5434.00,23883.00,5731.00,4600.00,7030.00,5003.00,22364.00,5031.00,4502.00,7963.00,4236.00,21732.00,8229.00,6969.00,8777.00,8610.00,32585.00,10057.00,9401.00,8045.00,8017.00,35520.00,11260.00,10469.00,9243.00,10964.00,41936.00,12670.76,10120.74,9197.37,9964.00,41952.87,13996.81,16045.89,10771.00,12004.05,52817.75,12851.99,13526.22,10489.00,13328.18,50195.39,14053.55,15149.18,11400.98,14145.93,54749.64,13878.57,16034.17,13349.26,15620.11,58882.11,14330.16,16593.00,16236.04,18178.41,65337.61,16148.46,18416.15,16499.55,17724.37,68788.53,14337.06,19109.09,16560.06,18966.49,68972.70,15561.90,19041.20,16650.17,18915.47,70168.74,15218.67,19750.14,16967.52,18629.43,70565.76,14673.05,20669.55,16556.13,18194.56,70093.29,12551.24,18189.30,16001.80,16687.27,63429.61,13028.45,15368.84,14608.33,16648.94,59654.56,12783.08,15580.83,14925.95,14946.36,58236.22,11849.87,17904.26,11931.23,16857.81,58543.17,7496.84,14105.81,9383.99,10377.80,41364.44,8644.37,21411.64,15558.73,12265.36,57880.10,8489.09,14874.84,10695.36,9422.57,43481.86,8742.59,10598.79,10065.05,9078.50,38484.93,9055.08,8183.91,8596.22,5073.30,30908.52,10311.34,9611.33,11043.83,3640.11,34606.61,6952.64,10147.75,5745.31,8225.12,31070.82,11615.72,..,..,..,..
..Region V (Bicol Region),..Municipal Fisheries,..,..,..,..,121906.00,..,..,..,..,111369.00,..,..,..,..,80840.00,..,..,..,..,88095.00,..,..,..,..,90445.00,..,..,..,..,91328.00,..,..,..,..,82980.00,..,..,..,..,81639.00,..,..,..,..,88997.00,..,..,..,..,92658.00,..,..,..,..,70572.00,..,..,..,..,77622.00,..,..,..,..,61422.00,27423.00,10513.00,10792.00,8687.00,57415.00,26946.00,10646.00,9330.00,11026.00,57948.00,23508.00,11539.00,13169.00,13398.00,61614.00,22902.00,13401.00,14675.00,14417.00,65395.00,24055.00,13202.00,18540.00,17576.00,73373.00,24722.00,18674.00,17997.00,11575.00,72968.00,20721.00,18106.00,19841.00,13725.00,72393.00,18493.00,19860.00,22765.00,12687.00,73805.00,20737.00,22411.00,24424.00,19906.00,87478.00,24464.00,23969.00,22921.00,20879.00,92233.00,25701.00,27266.00,24570.00,23392.00,100929.00,28137.69,26803.25,25027.18,20149.44,100117.56,28969.36,31254.53,23047.92,22458.17,105729.98,28276.79,33123.72,26141.93,24734.69,112277.13,30316.63,37825.68,29730.31,30404.77,128277.39,30134.16,43712.22,32094.87,31227.26,137168.51,36001.12,39953.52,32836.17,30374.53,139165.34,39431.09,43079.88,34346.40,30628.74,147486.11,34557.92,42245.95,34055.74,32852.32,143711.93,37266.15,41304.96,34369.71,32170.27,145111.09,37077.86,42575.78,36479.89,33561.34,149694.87,35284.25,42767.63,35203.56,32367.62,145623.06,29034.92,37348.57,34097.74,31340.02,131821.25,25532.74,31728.34,32484.05,34307.50,124052.63,25949.29,34469.63,33151.48,31562.58,125132.98,26124.05,36860.40,27404.24,36382.65,126771.34,30307.15,38050.19,21025.48,35699.80,125082.62,21880.51,34876.78,35153.41,34481.12,126391.82,25763.46,29181.58,21985.61,28186.03,105116.68,21576.26,45147.07,25830.50,22500.46,115054.30,18724.01,18213.36,15461.47,11399.64,63798.48,21398.25,27877.05,15791.31,14596.50,79663.10,17893.10,18780.26,7068.59,14950.28,58692.23,16977.31,..,..,..,..
..Region V (Bicol Region),....Marine Municipal Fisheries,..,..,..,..,121906.00,..,..,..,..,111097.00,..,..,..,..,78880.00,..,..,..,..,86296.00,..,..,..,..,87002.00,..,..,..,..,87951.00,..,..,..,..,79556.00,..,..,..,..,78478.00,..,..,..,..,85621.00,..,..,..,..,89226.00,..,..,..,..,65705.00,..,..,..,..,72397.00,..,..,..,..,56277.00,27372.00,10456.00,10625.00,8503.00,56956.00,26879.00,10583.00,9197.00,10922.00,57581.00,23445.00,11479.00,13113.00,13334.00,61371.00,22844.00,13342.00,14617.00,14363.00,65166.00,24008.00,13147.00,18381.00,17455.00,72991.00,24691.00,18641.00,17922.00,11368.00,72622.00,20691.00,18075.00,19720.00,13516.00,72002.00,18456.00,19771.00,22569.00,12451.00,73247.00,20508.00,22186.00,24143.00,19571.00,86408.00,24130.00,23679.00,22562.00,20468.00,90839.00,25290.00,26910.00,24113.00,22920.00,99233.00,27659.25,26351.00,24470.00,19588.00,98068.25,28236.14,30525.00,22367.00,21776.53,102904.67,27439.74,32393.46,25392.00,24021.12,109246.32,29194.68,36788.56,28675.60,29409.96,124068.80,28796.20,42202.21,30673.27,30108.34,131780.02,34499.11,38264.05,31252.49,29104.78,133120.43,37963.54,41518.32,32886.01,29409.84,141777.71,33162.14,40559.58,32464.82,31530.09,137716.63,35750.21,39551.90,32716.32,30733.60,138752.03,35515.89,40778.68,34849.13,32149.47,143293.17,33742.70,41038.37,33547.42,30938.50,139266.99,27532.17,35683.37,32580.93,30010.80,125807.27,24601.71,30631.40,31228.85,33022.78,119484.74,24805.89,33244.03,31703.78,30374.45,120128.15,24958.08,35602.86,26318.42,35197.30,122076.66,29229.97,37064.36,20006.08,34523.61,120824.02,20855.93,34050.59,34257.80,33459.94,122624.26,22650.95,28013.63,20192.35,26811.01,97667.94,20624.37,44469.11,25063.06,22086.65,112243.18,18239.47,17596.13,15107.01,10851.45,61794.06,21009.53,27554.88,15466.86,13806.05,77837.32,17433.86,18318.16,6819.59,14728.63,57300.24,16634.66,..,..,..,..
..Region V (Bicol Region),....Inland Municipal Fisheries,..,..,..,..,..,..,..,..,..,272.00,..,..,..,..,1960.00,..,..,..,..,1799.00,..,..,..,..,3443.00,..,..,..,..,3377.00,..,..,..,..,3424.00,..,..,..,..,3161.00,..,..,..,..,3376.00,..,..,..,..,3432.00,..,..,..,..,4867.00,..,..,..,..,5225.00,..,..,..,..,5145.00,51.00,57.00,167.00,184.00,459.00,67.00,63.00,133.00,104.00,367.00,63.00,60.00,56.00,64.00,243.00,58.00,59.00,58.00,54.00,229.00,47.00,55.00,159.00,121.00,382.00,31.00,33.00,75.00,207.00,346.00,30.00,31.00,121.00,209.00,391.00,37.00,89.00,196.00,236.00,558.00,229.00,225.00,281.00,335.00,1070.00,334.00,290.00,359.00,411.00,1394.00,411.00,356.00,457.00,472.00,1696.00,478.44,452.25,557.18,561.44,2049.31,733.22,729.53,680.92,681.64,2825.31,837.05,730.26,749.93,713.57,3030.81,1121.95,1037.12,1054.71,994.81,4208.59,1337.96,1510.01,1421.60,1118.92,5388.49,1502.01,1689.47,1583.68,1269.75,6044.91,1467.55,1561.56,1460.39,1218.90,5708.40,1395.78,1686.37,1590.92,1322.23,5995.30,1515.94,1753.06,1653.39,1436.67,6359.06,1561.97,1797.10,1630.76,1411.87,6401.70,1541.55,1729.26,1656.14,1429.12,6356.07,1502.75,1665.20,1516.81,1329.22,6013.98,931.03,1096.94,1255.20,1284.72,4567.89,1143.40,1225.60,1447.70,1188.13,5004.83,1165.97,1257.54,1085.82,1185.35,4694.68,1077.18,985.83,1019.40,1176.19,4258.60,1024.58,826.19,895.61,1021.18,3767.56,3112.51,1167.95,1793.26,1375.02,7448.74,951.89,677.97,767.45,413.81,2811.11,484.54,617.23,354.46,548.20,2004.42,388.73,322.16,324.45,790.44,1825.78,459.24,462.10,249.00,221.65,1391.99,342.65,..,..,..,..
..Region V (Bicol Region),..Aquaculture,..,..,..,..,4865.00,..,..,..,..,5177.00,..,..,..,..,6734.00,..,..,..,..,6945.00,..,..,..,..,8246.00,..,..,..,..,7841.00,..,..,..,..,11513.00,..,..,..,..,13131.00,..,..,..,..,11503.00,..,..,..,..,12281.00,..,..,..,..,13089.00,..,..,..,..,14550.00,..,..,..,..,15794.00,3068.00,8140.00,3208.00,2358.00,16774.00,2780.00,8600.00,4238.00,2400.00,18018.00,3391.00,17393.00,4254.00,2107.00,27145.00,2083.00,14455.00,3829.00,1985.00,22352.00,2032.00,12666.00,3393.00,2180.00,20271.00,3000.00,9104.00,3064.00,1263.00,16431.00,4200.00,5586.00,4277.00,3127.00,17190.00,5122.00,7641.00,4663.00,2102.00,19528.00,8681.00,9952.00,5551.00,6267.00,30451.00,9701.00,8817.50,5507.10,6731.80,30757.40,9615.70,8866.20,6785.70,7619.02,32886.62,10913.80,5482.45,7477.80,3614.95,27489.00,12514.92,15364.93,12902.96,13455.29,54238.10,18455.47,16649.08,16322.56,13041.60,64468.70,14980.49,20898.07,16857.16,14014.96,66750.68,14240.29,20733.89,17579.28,14496.04,67049.50,15800.96,21361.75,18093.54,13777.63,69033.88,17267.07,22883.72,19454.69,14504.65,74110.13,16108.43,24822.70,19938.53,15453.10,76322.77,17330.18,25593.72,20870.76,16237.99,80032.66,18928.02,25439.81,20454.73,15234.17,80056.73,18615.90,25310.95,19901.49,15409.47,79237.81,15954.31,24763.75,17781.94,14436.75,72936.76,9571.73,14426.84,13877.59,12812.45,50688.61,8017.58,16125.91,19694.81,11638.03,55476.34,11206.46,20631.47,27051.65,12385.87,71275.45,7492.73,17310.01,31844.29,14418.75,71065.78,7331.16,16122.37,21144.42,9977.81,54575.77,6231.08,18246.92,21234.16,16581.02,62293.18,4509.96,2867.55,10486.79,6772.44,24636.74,3599.48,1324.77,4426.89,1539.47,10890.60,2789.28,2132.16,1283.69,4925.64,11130.78,875.87,1730.01,1664.66,1120.23,5390.78,965.32,..,..,..,..
....Albay,FISHERIES,..,..,..,..,10697.00,..,..,..,..,8492.00,..,..,..,..,7221.00,..,..,..,..,5663.00,..,..,..,..,5873.00,..,..,..,..,6881.00,..,..,..,..,6497.00,..,..,..,..,7028.00,..,..,..,..,6205.00,..,..,..,..,6967.00,..,..,..,..,4502.63,..,..,..,..,4242.76,..,..,..,..,3623.00,1455.00,2748.00,1377.00,1636.00,7216.00,1170.00,2257.00,1699.00,1330.00,6456.00,1172.00,1781.00,1499.00,1645.00,6097.00,1166.00,1581.00,1341.00,1609.00,5697.00,1096.00,1759.00,1969.00,1500.00,6324.00,1349.00,1952.00,1762.00,1626.00,6689.00,1424.00,1885.00,1799.00,1977.00,7085.00,1668.00,2452.00,2296.00,1840.00,8256.00,2070.00,3005.00,2758.00,1537.00,9370.00,1927.00,3003.00,1754.00,1585.00,8269.00,1972.00,2625.80,1931.10,2814.00,9342.90,2338.29,2715.55,1889.12,2826.85,9769.81,3899.98,3206.11,3036.00,3073.30,13215.39,3609.71,3320.69,2846.00,3483.94,13260.33,3384.78,5032.88,4327.05,3688.29,16432.99,4079.95,5519.29,5693.88,3535.37,18828.50,4338.33,5931.42,5547.73,4124.71,19942.19,4432.68,6711.20,5644.71,4766.13,21554.71,4194.42,7073.59,6070.11,5120.51,22458.63,4635.77,6965.76,6073.11,5580.87,23255.50,4829.56,7095.66,6136.40,5585.56,23647.18,4843.54,7156.38,6170.08,5690.15,23860.15,4252.91,5977.01,6584.55,5125.69,21940.16,3918.65,6245.35,6189.48,5699.01,22052.49,3767.98,6377.22,6497.22,6170.32,22812.74,4336.76,5954.59,5764.22,5546.43,21601.99,4240.39,6099.90,5489.41,5145.67,20975.37,4307.86,6236.09,5291.48,4329.20,20164.63,3921.88,7064.36,5518.57,5590.19,22095.00,3452.67,6862.34,5196.18,1941.96,17453.16,1700.94,1444.11,5860.52,2457.28,11462.86,2593.19,2469.37,1392.87,2180.61,8636.04,1884.44,2645.00,1131.84,1805.50,7466.79,2094.63,..,..,..,..
....Albay,..Commercial Fisheries,..,..,..,..,8027.00,..,..,..,..,7049.00,..,..,..,..,5136.00,..,..,..,..,3808.00,..,..,..,..,3900.00,..,..,..,..,4471.00,..,..,..,..,3730.00,..,..,..,..,3817.00,..,..,..,..,3638.00,..,..,..,..,4151.00,..,..,..,..,1748.00,..,..,..,..,1295.00,..,..,..,..,660.00,252.00,375.00,70.00,140.00,837.00,213.00,262.00,175.00,208.00,858.00,221.00,237.00,112.00,386.00,956.00,229.00,233.00,176.00,328.00,966.00,212.00,220.00,528.00,230.00,1190.00,257.00,279.00,438.00,214.00,1188.00,204.00,432.00,512.00,379.00,1527.00,314.00,453.00,574.00,376.00,1717.00,436.00,571.00,687.00,496.00,2190.00,557.00,771.00,540.00,576.00,2444.00,553.00,649.00,605.00,1222.00,3029.00,870.94,754.74,644.12,1124.00,3393.80,816.00,689.00,1556.00,1160.74,4221.74,398.00,649.00,1498.00,1601.60,4146.60,953.00,1326.00,2075.28,1764.41,6118.69,1423.80,1439.45,2927.98,1614.85,7406.08,1495.00,1531.15,2973.18,2205.87,8205.20,1540.58,2048.81,2979.18,2228.20,8796.77,1322.82,2151.58,3046.62,2458.15,8979.17,1522.67,2150.03,3044.78,2707.63,9425.11,1608.74,2170.92,3018.76,2736.20,9534.62,1615.68,2190.29,3033.65,2776.86,9616.48,1476.94,1932.85,3171.47,2690.65,9271.91,1371.42,1988.13,2910.14,2859.10,9128.79,1556.16,2095.00,3161.26,3069.25,9881.67,1667.51,1959.05,2875.48,2579.47,9081.51,1696.31,1950.40,2598.11,2393.65,8638.47,1700.74,2000.18,2615.53,2276.58,8593.03,1563.99,2128.76,2780.22,2186.96,8659.93,1349.49,2173.37,2663.41,1345.96,7532.23,1077.65,792.75,2920.85,1674.47,6465.72,1296.12,1655.66,761.74,1847.27,5560.79,1307.29,2043.61,885.45,1448.56,5684.92,1425.69,..,..,..,..
....Albay,..Municipal Fisheries,..,..,..,..,2510.00,..,..,..,..,1277.00,..,..,..,..,1876.00,..,..,..,..,1726.00,..,..,..,..,1689.00,..,..,..,..,2103.00,..,..,..,..,1990.00,..,..,..,..,2322.00,..,..,..,..,1864.00,..,..,..,..,2092.00,..,..,..,..,1983.00,..,..,..,..,2090.00,..,..,..,..,2032.00,942.00,1550.00,1218.00,1178.00,4888.00,889.00,1046.00,1470.00,1008.00,4413.00,767.00,1092.00,1312.00,904.00,4075.00,770.00,950.00,1079.00,950.00,3749.00,722.00,929.00,1272.00,973.00,3896.00,949.00,1106.00,1166.00,1105.00,4326.00,1065.00,927.00,1251.00,1298.00,4541.00,1196.00,1484.00,1609.00,1204.00,5493.00,1280.00,1627.00,1939.00,757.00,5603.00,1150.00,1512.00,1086.00,703.00,4451.00,1286.00,1246.00,1144.00,1301.00,4977.00,1391.45,1368.81,1205.00,1272.00,5237.26,3007.11,1405.00,1397.00,1306.00,7115.11,3101.00,1393.00,1255.00,1487.00,7236.00,2347.00,2168.04,2104.09,1431.55,8050.68,2541.23,2392.10,2577.43,1392.08,8902.84,2713.80,2510.29,2378.61,1301.75,8904.45,2755.05,2792.08,2457.09,1400.71,9404.93,2642.36,2932.10,2809.34,1483.65,9867.45,2867.06,2826.40,2809.50,1709.09,10212.05,2938.00,2906.71,2889.72,1749.23,10483.66,2944.64,2932.03,2905.07,1785.18,10566.92,2672.90,2786.61,3185.49,1723.17,10368.17,2479.51,2940.52,2997.09,2063.03,10480.15,2130.96,3218.37,3100.82,2270.62,10720.77,2579.95,3039.49,2686.80,2032.75,10338.99,2462.22,2815.82,2653.45,1897.24,9828.73,2530.23,2723.55,2461.42,1742.08,9457.28,2239.11,2479.57,2500.36,1674.76,8893.80,1980.15,3059.64,2402.32,539.71,7981.82,607.70,584.09,2822.35,711.09,4725.23,1273.60,759.12,584.45,308.44,2925.61,531.51,516.50,186.58,341.34,1575.93,654.89,..,..,..,..
....Albay,....Marine Municipal Fisheries,..,..,..,..,2510.00,..,..,..,..,1267.00,..,..,..,..,1848.00,..,..,..,..,1624.00,..,..,..,..,1562.00,..,..,..,..,1983.00,..,..,..,..,1874.00,..,..,..,..,2201.00,..,..,..,..,1735.00,..,..,..,..,1960.00,..,..,..,..,1817.00,..,..,..,..,1900.00,..,..,..,..,1845.00,916.00,1531.00,1083.00,1056.00,4586.00,850.00,1010.00,1399.00,934.00,4193.00,733.00,1052.00,1276.00,875.00,3936.00,738.00,911.00,1042.00,920.00,3611.00,693.00,890.00,1146.00,874.00,3603.00,931.00,1084.00,1106.00,911.00,4032.00,1046.00,907.00,1161.00,1121.00,4235.00,1172.00,1459.00,1504.00,1089.00,5224.00,1255.00,1596.00,1829.00,636.00,5316.00,1119.00,1484.00,1007.00,552.00,4162.00,1260.00,1226.00,1054.00,1180.00,4720.00,1363.27,1345.00,1090.00,1137.00,4935.27,2835.73,1205.00,1233.00,1161.00,6434.73,2850.00,1152.00,1065.00,1358.00,6425.00,2000.00,1812.04,1792.44,1207.02,6811.50,2191.79,1992.10,2225.47,1158.17,7567.53,2342.40,2064.26,1980.07,1029.84,7416.57,2363.57,2416.18,2188.46,1123.71,8091.92,2261.38,2541.92,2491.15,1193.85,8488.30,2443.15,2455.37,2487.78,1382.20,8768.50,2508.13,2456.04,2516.09,1394.08,8874.34,2511.32,2480.61,2516.79,1420.58,8929.30,2209.00,2293.17,2834.92,1360.92,8698.01,2075.29,2472.68,2684.86,1677.61,8910.44,1740.44,2777.58,2810.98,1853.72,9182.72,2176.33,2614.19,2361.80,1615.01,8767.33,2149.91,2539.21,2332.23,1536.17,8557.52,2163.91,2466.46,2169.05,1475.97,8275.39,2108.16,2294.67,2239.49,1374.60,8016.92,1873.36,2846.07,2154.64,465.66,7339.73,531.15,484.01,2685.80,616.69,4317.65,1212.61,624.14,552.57,271.99,2661.31,335.98,342.97,109.89,278.46,1067.30,564.86,..,..,..,..
....Albay,....Inland Municipal Fisheries,..,..,..,..,..,..,..,..,..,10.00,..,..,..,..,28.00,..,..,..,..,102.00,..,..,..,..,127.00,..,..,..,..,120.00,..,..,..,..,116.00,..,..,..,..,121.00,..,..,..,..,129.00,..,..,..,..,132.00,..,..,..,..,166.00,..,..,..,..,190.00,..,..,..,..,187.00,26.00,19.00,135.00,122.00,302.00,39.00,36.00,71.00,74.00,220.00,34.00,40.00,36.00,29.00,139.00,32.00,39.00,37.00,30.00,138.00,29.00,39.00,126.00,99.00,293.00,18.00,22.00,60.00,194.00,294.00,19.00,20.00,90.00,177.00,306.00,24.00,25.00,105.00,115.00,269.00,25.00,31.00,110.00,121.00,287.00,31.00,28.00,79.00,151.00,289.00,26.00,20.00,90.00,121.00,257.00,28.18,23.81,115.00,135.00,301.99,171.38,200.00,164.00,145.00,680.38,251.00,241.00,190.00,129.00,811.00,347.00,356.00,311.65,224.53,1239.18,349.44,400.00,351.96,233.91,1335.31,371.40,446.03,398.54,271.91,1487.88,391.48,375.90,268.63,277.00,1313.01,380.98,390.18,318.19,289.80,1379.15,423.91,371.03,321.72,326.89,1443.55,429.87,450.67,373.63,355.15,1609.32,433.32,451.42,388.28,364.60,1637.62,463.90,493.44,350.57,362.25,1670.16,404.22,467.84,312.23,385.42,1569.71,390.52,440.79,289.84,416.90,1538.05,403.62,425.30,325.00,417.74,1571.66,312.31,276.61,321.22,361.07,1271.21,366.32,257.09,292.37,266.11,1181.89,130.95,184.90,260.87,300.16,876.88,106.79,213.57,247.68,74.06,642.10,76.55,100.08,136.55,94.39,407.58,60.99,134.97,31.88,36.45,264.29,195.53,173.53,76.70,62.87,508.63,90.03,..,..,..,..
....Albay,..Aquaculture,..,..,..,..,160.00,..,..,..,..,166.00,..,..,..,..,209.00,..,..,..,..,129.00,..,..,..,..,284.00,..,..,..,..,307.00,..,..,..,..,777.00,..,..,..,..,889.00,..,..,..,..,703.00,..,..,..,..,724.00,..,..,..,..,771.63,..,..,..,..,857.76,..,..,..,..,931.00,261.00,823.00,89.00,318.00,1491.00,68.00,949.00,54.00,114.00,1185.00,184.00,452.00,75.00,355.00,1066.00,167.00,398.00,86.00,331.00,982.00,162.00,610.00,169.00,297.00,1238.00,143.00,567.00,158.00,307.00,1175.00,155.00,526.00,36.00,300.00,1017.00,158.00,515.00,113.00,260.00,1046.00,354.00,807.00,132.00,284.00,1577.00,220.00,720.00,128.00,306.00,1374.00,133.00,730.80,182.10,291.00,1336.90,75.90,592.00,40.00,430.85,1138.75,76.87,1112.11,83.00,606.56,1878.54,110.71,1278.69,93.00,395.34,1877.73,84.78,1538.84,147.68,492.33,2263.62,114.92,1687.74,188.47,528.44,2519.58,129.53,1889.98,195.94,617.09,2832.54,137.05,1870.31,208.44,1137.22,3353.01,229.24,1989.91,214.15,1178.71,3612.01,246.04,1989.33,218.83,1164.15,3618.34,282.82,2018.03,227.92,1100.13,3628.90,283.22,2034.06,231.36,1128.11,3676.75,103.07,1257.55,227.59,711.87,2300.08,67.72,1316.70,282.25,776.88,2443.55,80.86,1063.85,235.14,830.45,2210.30,89.30,956.05,201.94,934.21,2181.49,81.86,1333.68,237.85,854.78,2508.17,76.89,1512.36,214.53,310.54,2114.32,118.78,2456.03,237.99,1728.47,4541.27,123.03,1629.33,130.46,56.29,1939.11,15.59,67.27,117.32,71.72,271.90,23.48,54.59,46.68,24.90,149.65,45.64,84.89,59.80,15.61,205.94,14.05,..,..,..,..
....Camarines Norte,FISHERIES,..,..,..,..,19098.00,..,..,..,..,27136.00,..,..,..,..,35624.00,..,..,..,..,32716.00,..,..,..,..,31928.00,..,..,..,..,31194.00,..,..,..,..,29747.00,..,..,..,..,29233.00,..,..,..,..,29480.00,..,..,..,..,31630.00,..,..,..,..,25669.87,..,..,..,..,26317.88,..,..,..,..,15737.00,8109.00,1494.00,1844.00,634.00,12081.00,8290.00,1555.00,1845.00,981.00,12671.00,7230.00,1531.00,1963.00,863.00,11587.00,5111.00,1496.00,1679.00,877.00,9163.00,5164.00,1641.00,2559.00,1878.00,11242.00,6281.00,5096.00,4549.00,1442.00,17368.00,5994.00,6835.00,6718.00,2637.00,22184.00,6040.00,7802.00,6913.00,1528.00,22283.00,9214.00,11142.00,6852.00,5720.00,32928.00,10943.30,9690.00,7713.00,5245.20,33591.50,10832.40,10474.00,8934.80,5926.50,36167.70,11868.10,8601.45,10231.85,2067.40,32768.80,13290.57,13885.09,8387.50,7783.58,43346.74,19179.94,15221.88,10713.00,7931.72,53046.54,16580.52,18241.20,11624.93,8154.73,54601.38,14952.45,18759.35,11987.42,8530.99,54230.21,16010.54,17612.81,13590.26,10019.62,57233.24,18298.71,19477.64,14634.85,10368.73,62779.93,17016.54,20503.91,14612.83,11130.07,63263.35,19353.52,21901.94,15382.57,11575.98,68214.02,21335.06,22749.60,16410.75,12038.33,72533.73,19781.44,23486.70,16650.56,12020.70,71939.40,15296.15,23162.29,16456.86,11360.16,66275.46,10358.61,13349.66,12287.40,11436.71,47432.39,7909.38,14693.21,14834.20,6907.50,44344.29,9662.15,19658.68,19976.08,6935.27,56232.18,6071.25,16041.03,23117.43,9361.03,54590.74,6016.46,14680.48,10061.93,5198.17,35957.04,3390.42,12481.18,10332.28,4946.96,31150.84,982.68,979.93,8029.02,2677.51,12669.13,2050.39,943.44,1760.96,886.49,5641.29,1475.22,1370.48,1849.68,816.12,5511.51,732.25,632.89,1052.90,804.35,3222.40,1253.12,..,..,..,..
....Camarines Norte,..Commercial Fisheries,..,..,..,..,6312.00,..,..,..,..,8504.00,..,..,..,..,8148.00,..,..,..,..,7170.00,..,..,..,..,7528.00,..,..,..,..,8536.00,..,..,..,..,8902.00,..,..,..,..,9194.00,..,..,..,..,8893.00,..,..,..,..,10080.00,..,..,..,..,2621.00,..,..,..,..,2350.00,..,..,..,..,1095.00,65.00,835.00,1286.00,181.00,2367.00,90.00,633.00,978.00,242.00,1943.00,103.00,437.00,904.00,157.00,1601.00,75.00,410.00,581.00,130.00,1196.00,71.00,498.00,1602.00,338.00,2509.00,340.00,417.00,1050.00,330.00,2137.00,325.00,355.00,1110.00,528.00,2318.00,355.00,434.00,1200.00,317.00,2306.00,408.00,370.00,1036.00,838.00,2652.00,470.00,475.00,1131.00,763.00,2839.00,512.00,570.00,1278.00,917.00,3277.00,560.00,684.00,1486.25,731.00,3461.25,959.02,947.00,1168.00,950.00,4024.02,1059.00,1034.00,923.00,1011.00,4027.00,1131.55,1096.57,1161.88,1124.27,4514.27,984.91,1274.96,1256.04,1107.88,4623.79,1058.09,1414.84,1444.74,1197.14,5114.81,1197.02,1556.28,1574.82,1280.88,5609.00,1111.14,1432.87,1475.59,1375.58,5395.18,1166.84,1560.23,1456.38,1278.83,5462.28,1230.42,1623.43,1535.13,1357.22,5746.20,1169.48,1732.10,1615.99,1309.56,5827.13,677.77,1394.81,1958.28,1181.34,5212.20,1574.77,1210.24,1479.98,1952.93,6217.92,1294.67,867.21,1147.14,1143.51,4452.53,932.04,571.77,1164.12,753.59,3421.52,268.21,581.09,467.04,550.26,1866.60,1014.02,472.68,627.24,251.80,2365.74,245.55,550.12,581.97,255.97,1633.61,538.38,329.28,613.64,527.91,2009.21,207.75,289.81,578.58,270.73,1346.88,279.75,375.10,746.51,290.57,1691.93,293.79,283.23,720.16,405.63,1702.80,158.80,..,..,..,..
....Camarines Norte,..Municipal Fisheries,..,..,..,..,12278.00,..,..,..,..,18089.00,..,..,..,..,26797.00,..,..,..,..,25023.00,..,..,..,..,23884.00,..,..,..,..,22124.00,..,..,..,..,20274.00,..,..,..,..,19469.00,..,..,..,..,20140.00,..,..,..,..,21096.00,..,..,..,..,22565.00,..,..,..,..,23430.00,..,..,..,..,14058.00,8031.00,619.00,543.00,419.00,9612.00,8191.00,893.00,857.00,652.00,10593.00,7083.00,1075.00,1044.00,698.00,9900.00,5011.00,1062.00,1079.00,725.00,7877.00,5039.00,1118.00,939.00,798.00,7894.00,5100.00,3300.00,2500.00,650.00,11550.00,4700.00,4950.00,4000.00,1040.00,14690.00,4215.00,5492.00,4350.00,728.00,14785.00,3794.00,4400.00,3758.00,1047.00,12999.00,4440.00,3962.00,4312.00,935.00,13649.00,4928.00,5150.00,4968.00,1051.00,16097.00,5383.00,5895.85,5565.60,781.20,17625.65,5587.65,7554.44,4299.50,815.98,18257.57,6020.64,8035.33,5494.00,872.50,20422.47,6250.26,8832.82,6018.31,1097.14,22198.53,5298.46,9810.27,5659.14,1043.19,21811.06,5648.87,8139.75,6397.22,1095.45,21281.29,6397.68,8953.36,6909.24,1161.15,23421.43,5920.89,8373.45,6206.94,1302.93,21804.21,6921.22,9090.46,6525.31,1261.53,23798.52,7391.55,9747.75,7518.49,1501.82,26159.61,6376.00,10277.81,7727.30,1417.48,25798.59,4347.54,9079.76,7231.39,1415.51,22074.20,3414.70,6016.46,6307.91,2372.85,18111.92,2795.94,5834.92,5767.20,1521.12,15919.18,2390.76,5968.41,3465.89,1430.71,13255.77,1956.76,6080.81,1816.15,1481.12,11334.84,1073.23,5566.03,604.32,316.98,7560.56,753.53,5730.07,493.24,608.33,7585.17,301.93,587.11,1816.41,1795.31,4500.75,1092.05,482.68,523.36,358.56,2456.66,346.88,582.17,644.51,477.62,2051.18,342.04,282.87,254.76,353.69,1233.37,1061.54,..,..,..,..
....Camarines Norte,....Marine Municipal Fisheries,..,..,..,..,12278.00,..,..,..,..,18089.00,..,..,..,..,26757.00,..,..,..,..,24319.00,..,..,..,..,22843.00,..,..,..,..,21124.00,..,..,..,..,19254.00,..,..,..,..,18528.00,..,..,..,..,19135.00,..,..,..,..,20120.00,..,..,..,..,21308.00,..,..,..,..,21942.00,..,..,..,..,12593.00,8031.00,619.00,543.00,419.00,9612.00,8191.00,893.00,857.00,652.00,10593.00,7083.00,1075.00,1044.00,698.00,9900.00,5011.00,1062.00,1079.00,725.00,7877.00,5039.00,1118.00,939.00,798.00,7894.00,5100.00,3300.00,2500.00,650.00,11550.00,4700.00,4950.00,4000.00,1040.00,14690.00,4215.00,5492.00,4350.00,728.00,14785.00,3794.00,4400.00,3758.00,1047.00,12999.00,4440.00,3962.00,4312.00,935.00,13649.00,4928.00,5150.00,4968.00,1047.00,16093.00,5374.00,5884.00,5551.00,771.00,17580.00,5571.50,7536.00,4276.00,800.00,18183.50,6002.00,8020.00,5468.00,847.00,20337.00,6228.00,8808.48,5980.30,1062.64,22079.42,5259.48,9769.92,5611.75,1001.46,21642.61,5605.08,8090.87,6344.83,1042.79,21083.57,6345.16,8902.97,6858.91,1103.39,23210.43,5863.00,8313.89,6146.89,1232.68,21556.46,6857.54,9023.02,6453.84,1173.89,23508.29,7316.17,9662.93,7435.66,1402.76,25817.52,6294.12,10189.56,7641.01,1306.59,25431.28,4263.86,8975.88,7125.57,1309.48,21674.79,3333.97,5995.83,6295.36,2271.71,17896.87,2744.65,5822.14,5738.78,1503.76,15809.33,2334.88,5884.97,3452.54,1414.13,13086.52,1948.81,6070.26,1813.40,1473.84,11306.31,1067.90,5562.22,593.05,312.75,7535.92,705.99,5692.33,306.34,470.64,7175.30,245.16,540.30,1785.99,1748.11,4319.56,1075.22,456.42,500.48,243.78,2275.89,323.43,563.78,627.60,456.19,1971.00,318.45,255.82,234.39,346.44,1155.09,1037.17,..,..,..,..
....Camarines Norte,....Inland Municipal Fisheries,..,..,..,..,..,..,..,..,..,..,..,..,..,..,40.00,..,..,..,..,704.00,..,..,..,..,1041.00,..,..,..,..,1000.00,..,..,..,..,1020.00,..,..,..,..,941.00,..,..,..,..,1005.00,..,..,..,..,976.00,..,..,..,..,1257.00,..,..,..,..,1488.00,..,..,..,..,1465.00,..,..,..,..,..,..,..,..,..,..,..,..,..,..,..,..,..,..,..,..,..,..,..,..,..,..,..,..,..,..,..,..,..,..,..,..,..,..,..,..,..,..,..,..,..,..,..,..,..,..,..,..,..,4.00,4.00,9.00,11.85,14.60,10.20,45.65,16.15,18.44,23.50,15.98,74.07,18.64,15.33,26.00,25.50,85.47,22.26,24.34,38.01,34.50,119.11,38.98,40.35,47.39,41.73,168.45,43.79,48.88,52.39,52.66,197.72,52.52,50.39,50.33,57.76,211.00,57.89,59.56,60.05,70.25,247.75,63.68,67.44,71.47,87.64,290.23,75.38,84.82,82.83,99.06,342.09,81.88,88.25,86.29,110.89,367.31,83.68,103.88,105.82,106.03,399.41,80.73,20.63,12.55,101.14,215.05,51.29,12.78,28.42,17.36,109.85,55.88,83.44,13.35,16.58,169.25,7.95,10.55,2.75,7.28,28.53,5.33,3.81,11.27,4.23,24.64,47.54,37.74,186.90,137.69,409.87,56.77,46.80,30.42,47.20,181.19,16.84,26.26,22.88,114.79,180.77,23.45,18.39,16.91,21.43,80.17,23.59,27.06,20.38,7.26,78.28,24.37,..,..,..,..
....Camarines Norte,..Aquaculture,..,..,..,..,508.00,..,..,..,..,543.00,..,..,..,..,679.00,..,..,..,..,523.00,..,..,..,..,516.00,..,..,..,..,534.00,..,..,..,..,571.00,..,..,..,..,570.00,..,..,..,..,447.00,..,..,..,..,454.00,..,..,..,..,483.87,..,..,..,..,537.88,..,..,..,..,584.00,13.00,40.00,15.00,34.00,102.00,9.00,29.00,10.00,87.00,135.00,44.00,19.00,15.00,8.00,86.00,25.00,24.00,19.00,22.00,90.00,54.00,25.00,18.00,742.00,839.00,841.00,1379.00,999.00,462.00,3681.00,969.00,1530.00,1608.00,1069.00,5176.00,1470.00,1876.00,1363.00,483.00,5192.00,5012.00,6372.00,2058.00,3835.00,17277.00,6033.30,5253.00,2270.00,3547.20,17103.50,5392.40,4754.00,2688.80,3958.50,16793.70,5925.10,2021.60,3180.00,555.20,11681.90,6743.90,5383.65,2920.00,6017.60,21065.15,12100.30,6152.55,4296.00,6048.22,28597.07,9198.71,8311.81,4444.74,5933.32,27888.58,8669.08,7674.12,5072.24,6379.92,27795.36,9303.58,8058.22,5748.30,7727.03,30837.14,10704.01,8968.00,6150.79,7926.70,33749.50,9984.51,10697.59,6930.30,8451.56,36063.96,11265.46,11251.25,7400.88,9035.62,38953.22,12713.09,11378.42,7357.13,9179.29,40627.92,12235.96,11476.79,7307.27,9293.66,40313.68,10270.84,12687.72,7267.19,8763.31,38989.06,5369.14,6122.96,4499.51,7110.93,23102.55,3818.77,7991.08,7919.86,4242.87,23972.58,6339.35,13118.50,15346.07,4750.97,39554.89,3846.28,9379.13,20834.24,7329.65,41389.30,3929.21,8641.77,8830.37,4629.39,26030.74,2391.34,6200.99,9257.07,4082.66,21932.06,142.37,63.54,5598.97,354.29,6159.17,750.59,170.95,659.01,257.20,1837.75,848.59,413.22,458.66,47.93,1768.40,96.42,66.79,77.98,45.03,286.22,32.77,..,..,..,..
....Camarines Sur,FISHERIES,..,..,..,..,51086.00,..,..,..,..,45116.00,..,..,..,..,42414.00,..,..,..,..,37174.00,..,..,..,..,43496.00,..,..,..,..,42540.00,..,..,..,..,45251.00,..,..,..,..,43578.00,..,..,..,..,51208.00,..,..,..,..,54723.00,..,..,..,..,35018.54,..,..,..,..,31109.65,..,..,..,..,28237.00,7903.00,13309.00,4103.00,3659.00,28974.00,9032.00,14297.00,3271.00,4498.00,31098.00,7684.00,9556.00,4901.00,2936.00,25077.00,6860.00,8715.00,3759.00,3274.00,22608.00,6465.00,11914.00,7170.00,4837.00,30386.00,5173.00,6313.00,4535.00,3243.00,19264.00,4659.00,6269.00,5187.00,5555.00,21670.00,5068.00,6525.00,7721.00,5109.00,24423.00,10260.00,10144.00,9535.00,14329.00,44268.00,13840.70,13732.50,10404.10,14490.00,52467.30,15534.40,16342.80,13520.00,17454.00,62851.20,17404.30,15433.30,13657.55,14662.00,61157.15,17755.80,19582.70,16212.40,19354.30,72905.20,18560.40,19447.57,18776.80,19983.12,76767.89,19143.71,23587.69,21133.15,22917.16,86781.70,18491.14,27175.75,25445.45,24312.08,95424.42,19206.86,27201.25,28233.70,21538.34,96180.14,21321.55,29857.95,28550.68,20929.79,100659.98,20006.66,30499.22,28203.87,22282.55,100992.29,20810.63,30211.92,28244.16,21866.25,101132.97,20265.14,30270.29,27212.99,19268.51,97016.93,19520.24,30078.73,26178.46,19398.18,95175.60,18079.25,27921.69,22922.17,18033.64,86956.75,14157.94,19645.56,20711.67,16516.52,71031.68,13932.90,19024.13,22343.31,14070.95,69371.29,13519.74,17526.70,19066.65,13666.99,63780.08,9321.00,15047.29,17513.10,11731.59,53612.98,9464.74,13335.11,18161.18,9707.48,50668.51,9220.02,13602.57,16815.24,14139.99,53777.81,6584.48,19562.84,16976.22,18251.69,61375.24,7022.63,7224.24,7650.83,4160.01,26057.72,12062.79,12005.40,7560.74,7536.23,39165.17,4942.16,4438.06,3520.28,4472.07,17372.57,4617.84,..,..,..,..
....Camarines Sur,..Commercial Fisheries,..,..,..,..,24254.00,..,..,..,..,23953.00,..,..,..,..,23419.00,..,..,..,..,19626.00,..,..,..,..,20607.00,..,..,..,..,23170.00,..,..,..,..,24470.00,..,..,..,..,23356.00,..,..,..,..,24253.00,..,..,..,..,26528.00,..,..,..,..,12514.00,..,..,..,..,6444.00,..,..,..,..,5855.00,1486.00,5838.00,432.00,970.00,8726.00,2708.00,7358.00,382.00,2457.00,12905.00,2421.00,1349.00,983.00,844.00,5597.00,2972.00,1233.00,345.00,1180.00,5730.00,3001.00,1240.00,1138.00,1446.00,6825.00,2024.00,1449.00,1124.00,1244.00,5841.00,1830.00,2022.00,1461.00,1819.00,7132.00,1846.00,2138.00,2040.00,1733.00,7757.00,4726.00,4424.00,3499.00,5004.00,17653.00,5671.00,6345.00,3703.00,4273.00,19992.00,6263.00,7021.00,4881.00,4887.00,23052.00,6900.00,6554.00,4738.00,4514.00,22706.00,7071.80,6910.00,4282.00,5866.50,24130.30,6830.00,6162.37,4501.00,6121.87,23615.24,7111.21,7180.31,4827.90,6452.17,25571.59,6886.96,8150.27,5854.58,7018.30,27910.11,6741.00,8643.28,8449.71,8464.31,32298.30,7997.73,9620.09,8447.44,8162.00,34227.26,7518.25,10317.05,8515.43,8566.05,34916.78,7909.33,10072.53,8426.80,8344.98,34753.64,7549.28,10208.74,8134.80,7629.07,33521.89,7236.65,10272.94,7700.50,7413.62,32623.71,6440.06,9492.71,6929.16,6703.43,29565.36,5537.54,7428.85,6371.82,5558.20,24896.41,5547.72,6765.88,5848.21,3985.35,22147.16,5354.42,6349.79,4071.46,3415.27,19190.94,1778.85,4178.11,3439.88,2585.34,11982.18,1886.38,3477.23,3072.31,2278.84,10714.76,1474.94,2238.73,2495.87,2138.84,8348.38,1146.15,3333.64,2877.15,3749.82,11106.77,1620.81,383.55,1712.07,716.50,4432.94,775.48,801.43,532.74,414.46,2524.11,748.44,520.27,442.97,348.57,2060.25,340.46,..,..,..,..
....Camarines Sur,..Municipal Fisheries,..,..,..,..,25748.00,..,..,..,..,20052.00,..,..,..,..,17164.00,..,..,..,..,15442.00,..,..,..,..,19540.00,..,..,..,..,16453.00,..,..,..,..,15345.00,..,..,..,..,13246.00,..,..,..,..,19683.00,..,..,..,..,20116.00,..,..,..,..,13894.00,..,..,..,..,15094.00,..,..,..,..,11992.00,4801.00,1258.00,1140.00,1476.00,8675.00,4502.00,1402.00,1092.00,1178.00,8174.00,3966.00,1479.00,1027.00,1047.00,7519.00,2715.00,1475.00,1019.00,1144.00,6353.00,2712.00,1462.00,3227.00,2581.00,9982.00,2327.00,1445.00,2010.00,1804.00,7586.00,2047.00,2078.00,1846.00,2365.00,8336.00,1946.00,2263.00,3089.00,2281.00,9579.00,4162.00,3826.00,3686.00,7707.00,19381.00,6376.00,5262.00,4308.00,7736.00,23682.00,6805.00,6723.00,5644.00,9641.00,28813.00,7426.00,6568.00,5561.00,8020.00,27575.00,7071.00,6930.00,5210.00,8654.30,27865.30,7545.00,6647.00,5610.00,8857.00,28659.00,7729.00,7775.78,6035.59,9915.21,31455.58,7508.28,9284.18,8294.95,10486.94,35574.35,7392.55,7973.74,8581.57,8596.11,32543.97,8393.92,9075.55,8277.48,8372.45,34119.40,7719.41,8893.95,8137.26,9033.93,33784.55,8076.63,8722.69,8006.79,8722.21,33528.32,7734.03,8966.41,7638.30,7910.38,32249.12,7297.20,9022.21,7479.55,8163.26,31962.22,6976.91,8622.40,6955.36,7591.90,30146.57,5288.50,6159.61,6534.75,7270.99,25253.85,5306.16,6176.07,6357.78,4800.39,22640.40,4471.78,5499.76,4745.16,4679.82,19396.52,4477.28,5044.69,4017.00,3728.16,17267.13,4416.33,4577.53,3718.08,3021.29,15733.23,4062.48,2379.19,3611.87,1906.43,11959.97,1755.73,15378.60,9968.18,8518.18,35620.69,2857.37,6025.53,4877.96,2530.76,16291.62,9475.72,10609.90,6480.43,6280.18,32846.24,3576.84,3556.17,2063.41,3313.76,12510.19,3464.29,..,..,..,..
....Camarines Sur,....Marine Municipal Fisheries,..,..,..,..,25748.00,..,..,..,..,19790.00,..,..,..,..,15308.00,..,..,..,..,14746.00,..,..,..,..,17704.00,..,..,..,..,14682.00,..,..,..,..,13541.00,..,..,..,..,11601.00,..,..,..,..,17926.00,..,..,..,..,18271.00,..,..,..,..,11062.00,..,..,..,..,12265.00,..,..,..,..,9206.00,4781.00,1225.00,1119.00,1434.00,8559.00,4480.00,1383.00,1039.00,1157.00,8059.00,3943.00,1463.00,1010.00,1016.00,7432.00,2694.00,1459.00,1001.00,1124.00,6278.00,2698.00,1449.00,3212.00,2571.00,9930.00,2318.00,1437.00,2002.00,1798.00,7555.00,2039.00,2070.00,1821.00,2339.00,8269.00,1936.00,2202.00,3003.00,2165.00,9306.00,3962.00,3634.00,3520.00,7498.00,18614.00,6076.00,5002.00,4036.00,7484.00,22598.00,6427.00,6393.00,5286.00,9315.00,27421.00,7004.00,6172.00,5157.00,7625.00,25958.00,6543.00,6441.00,4743.00,8153.50,25880.50,6993.00,6190.00,5095.00,8317.00,26595.00,6998.00,7147.78,5365.83,9213.71,28725.32,6594.28,8239.18,7298.95,9681.82,31814.23,6341.96,6812.19,7486.31,7693.44,28333.90,7412.05,7974.77,7178.39,7534.01,30099.22,6805.82,7694.82,6975.71,8133.26,29609.61,7109.11,7461.61,6819.72,7775.14,29165.58,6740.67,7770.93,6553.36,7041.80,28106.76,6353.42,7907.55,6391.52,7305.01,27957.50,6100.53,7626.73,5986.64,6820.77,26534.67,4919.13,5612.03,5695.00,6567.90,22794.06,4684.48,5469.23,5311.58,4142.46,19607.75,3841.45,4816.44,4088.76,4026.90,16773.55,3772.32,4384.68,3392.18,3035.67,14584.85,3777.08,4023.10,3154.48,2310.10,13264.76,2584.31,1705.34,2470.32,1244.73,8004.70,1073.53,15109.65,9580.00,8288.77,34051.95,2510.62,5593.98,4716.00,2247.74,15068.34,9223.16,10465.22,6223.54,5582.43,31494.34,3381.20,3350.45,1940.20,3192.74,11864.58,3269.23,..,..,..,..
....Camarines Sur,....Inland Municipal Fisheries,..,..,..,..,..,..,..,..,..,262.00,..,..,..,..,1856.00,..,..,..,..,696.00,..,..,..,..,1836.00,..,..,..,..,1771.00,..,..,..,..,1804.00,..,..,..,..,1645.00,..,..,..,..,1757.00,..,..,..,..,1845.00,..,..,..,..,2832.00,..,..,..,..,2829.00,..,..,..,..,2786.00,20.00,33.00,21.00,42.00,116.00,22.00,19.00,53.00,21.00,115.00,23.00,16.00,17.00,31.00,87.00,21.00,16.00,18.00,20.00,75.00,14.00,13.00,15.00,10.00,52.00,9.00,8.00,8.00,6.00,31.00,8.00,8.00,25.00,26.00,67.00,10.00,61.00,86.00,116.00,273.00,200.00,192.00,166.00,209.00,767.00,300.00,260.00,272.00,252.00,1084.00,378.00,330.00,358.00,326.00,1392.00,422.00,396.00,404.00,395.00,1617.00,528.00,489.00,467.00,500.80,1984.80,552.00,457.00,515.00,540.00,2064.00,731.00,628.00,669.76,701.50,2730.26,914.00,1045.00,996.00,805.12,3760.12,1050.59,1161.55,1095.26,902.67,4210.07,981.87,1100.78,1099.09,838.44,4020.18,913.59,1199.13,1161.55,900.67,4174.94,967.52,1261.08,1187.07,947.07,4362.74,993.36,1195.48,1084.94,868.58,4142.36,943.78,1114.66,1088.03,858.25,4004.72,876.38,995.67,968.72,771.13,3611.90,369.37,547.58,839.75,703.09,2459.79,621.68,706.84,1046.20,657.93,3032.65,630.33,683.32,656.40,652.92,2622.97,704.96,660.01,624.82,692.49,2682.28,639.25,554.43,563.60,711.19,2468.47,1478.17,673.85,1141.55,661.70,3955.27,682.20,268.96,388.18,229.41,1568.74,346.75,431.55,161.95,283.02,1223.27,252.56,144.68,256.90,697.76,1351.90,195.65,205.72,123.21,121.02,645.61,195.06,..,..,..,..
....Camarines Sur,..Aquaculture,..,..,..,..,1084.00,..,..,..,..,1111.00,..,..,..,..,1831.00,..,..,..,..,2106.00,..,..,..,..,3349.00,..,..,..,..,2917.00,..,..,..,..,5436.00,..,..,..,..,6976.00,..,..,..,..,7272.00,..,..,..,..,8079.00,..,..,..,..,8610.54,..,..,..,..,9571.65,..,..,..,..,10390.00,1616.00,6213.00,2531.00,1213.00,11573.00,1822.00,5537.00,1797.00,863.00,10019.00,1297.00,6728.00,2891.00,1045.00,11961.00,1173.00,6007.00,2395.00,950.00,10525.00,752.00,9212.00,2805.00,810.00,13579.00,822.00,3419.00,1401.00,195.00,5837.00,782.00,2169.00,1880.00,1371.00,6202.00,1276.00,2124.00,2592.00,1095.00,7087.00,1372.00,1894.00,2350.00,1618.00,7234.00,1793.70,2125.50,2393.10,2481.00,8793.30,2466.40,2598.80,2995.00,2926.00,10986.20,3078.30,2311.30,3358.55,2128.00,10876.15,3613.00,5742.70,6720.40,4833.50,20909.60,4185.40,6638.20,8665.80,5004.25,24493.65,4303.50,8631.60,10269.66,6549.78,29754.53,4095.90,9741.30,11295.92,6806.84,31939.96,5073.31,10584.23,11202.42,4477.92,31337.87,4929.90,11162.31,11825.76,4395.34,32313.32,4769.00,11288.22,11551.18,4682.57,32290.96,4824.67,11416.70,11810.57,4799.06,32851.01,4981.83,11095.14,11439.89,3729.06,31245.92,4986.39,10783.58,10998.41,3821.30,30589.67,4662.28,9806.58,9037.65,3738.31,27244.82,3331.90,6057.10,7805.10,3687.33,20881.42,3079.02,6082.18,10137.32,5285.21,24583.73,3693.54,5677.15,10250.03,5571.90,25192.62,3064.87,5824.49,10056.22,5418.09,24363.67,3162.03,5280.35,11370.79,4407.35,24220.52,3682.60,8984.65,10707.50,10094.72,33469.46,3682.60,850.60,4130.89,5983.69,14647.78,2544.45,815.16,1060.81,912.75,5333.16,1811.59,594.06,547.57,841.59,3794.82,616.88,361.62,1013.89,809.74,2802.13,813.09,..,..,..,..
....Catanduanes,FISHERIES,..,..,..,..,10989.00,..,..,..,..,7544.00,..,..,..,..,9775.00,..,..,..,..,7491.00,..,..,..,..,9260.00,..,..,..,..,9506.00,..,..,..,..,8580.00,..,..,..,..,8822.00,..,..,..,..,9013.00,..,..,..,..,9645.00,..,..,..,..,8041.08,..,..,..,..,8636.54,..,..,..,..,7988.00,3136.00,712.00,490.00,194.00,4532.00,3040.00,625.00,422.00,313.00,4400.00,2664.00,670.00,909.00,359.00,4602.00,2179.00,653.00,882.00,323.00,4037.00,2438.00,709.00,1385.00,845.00,5377.00,1145.00,953.00,1462.00,358.00,3918.00,1296.00,1103.00,1751.00,1168.00,5318.00,1896.00,1986.00,2517.00,1344.00,7743.00,2070.00,1821.00,2173.00,1969.00,8033.00,1615.00,1642.00,1951.00,2652.00,7860.00,1542.30,1617.60,1834.70,2316.02,7310.62,1598.79,1509.21,1972.51,2043.90,7124.41,1071.59,1685.53,2009.01,1928.55,6694.68,1619.23,5402.79,2294.89,2003.12,11320.03,1431.17,5906.57,2764.03,2249.90,12351.66,1377.29,4984.30,2796.30,2493.89,11651.78,1313.29,4746.54,2639.02,2387.07,11085.91,1817.59,5044.57,1825.77,2170.10,10858.03,1748.75,4606.86,1951.34,2268.97,10575.92,1977.96,3824.52,1848.61,1948.43,9599.51,1864.16,4025.34,2202.17,2055.40,10147.07,1928.20,2453.98,2049.43,1819.56,8251.17,1197.81,1889.70,2213.82,1510.66,6811.99,1028.23,1534.36,1748.27,1417.22,5728.08,810.91,1267.41,1887.11,1373.18,5338.62,710.11,1144.54,1699.44,1196.99,4751.08,641.88,1081.60,1714.42,862.58,4300.48,591.36,1048.78,1623.30,631.33,3894.78,431.30,987.35,593.31,418.67,2430.64,418.81,882.64,591.44,507.96,2400.85,540.88,561.13,592.56,568.51,2263.08,484.69,863.71,436.35,368.19,2152.95,482.00,1944.72,819.77,649.73,3896.22,635.27,..,..,..,..
....Catanduanes,..Commercial Fisheries,..,..,..,..,..,..,..,..,..,..,..,..,..,..,..,..,..,..,..,..,..,..,..,..,..,..,..,..,..,..,..,..,..,..,..,..,..,..,..,..,..,..,..,..,..,..,..,..,..,..,..,..,..,..,..,..,..,..,..,..,..,..,..,..,..,..,..,..,..,..,..,..,..,..,..,..,..,..,..,..,..,..,..,..,..,..,..,..,..,..,..,..,..,..,..,..,..,..,..,..,..,..,..,..,..,..,..,..,..,..,..,..,..,..,..,..,..,..,..,..,..,..,..,..,..,..,..,..,..,..,..,..,..,..,..,45.44,412.66,126.67,133.50,718.27,44.33,48.83,122.77,152.38,368.31,42.67,59.76,121.34,148.14,371.91,59.56,72.20,88.32,94.53,314.61,56.08,62.43,92.73,101.21,312.45,60.25,55.39,84.80,94.04,294.48,78.26,67.41,91.42,97.71,334.80,80.28,83.42,96.27,82.25,342.22,59.53,65.91,100.07,85.42,310.93,63.96,71.96,90.18,84.70,310.80,42.25,65.96,89.65,77.67,275.53,37.96,57.28,87.69,67.56,250.49,32.37,24.51,75.19,68.12,200.19,5.20,22.42,70.75,45.17,143.54,10.30,32.40,15.69,47.36,105.75,1.18,187.05,39.02,53.93,281.17,6.48,12.01,23.52,64.17,106.18,1.62,19.80,0.24,39.48,61.14,13.10,19.36,13.68,4.50,50.65,6.36,..,..,..,..
....Catanduanes,..Municipal Fisheries,..,..,..,..,10818.00,..,..,..,..,7356.00,..,..,..,..,9581.00,..,..,..,..,7411.00,..,..,..,..,8935.00,..,..,..,..,9295.00,..,..,..,..,8306.00,..,..,..,..,8550.00,..,..,..,..,8788.00,..,..,..,..,9431.00,..,..,..,..,7813.00,..,..,..,..,8383.00,..,..,..,..,7713.00,3132.00,709.00,486.00,193.00,4520.00,3038.00,625.00,420.00,310.00,4393.00,2662.00,664.00,908.00,359.00,4593.00,2178.00,653.00,880.00,323.00,4034.00,2438.00,709.00,1383.00,845.00,5375.00,1135.00,938.00,1450.00,340.00,3863.00,1251.00,1031.00,1688.00,1086.00,5056.00,1809.00,1899.00,2450.00,1319.00,7477.00,2047.00,1819.00,2161.00,1968.00,7995.00,1605.00,1632.00,1948.00,2640.00,7825.00,1532.00,1616.00,1832.00,2304.00,7284.00,1597.29,1507.14,1972.13,2038.41,7114.97,1070.57,1681.13,1998.92,1920.98,6671.60,1617.29,5397.22,2281.68,1994.12,11290.31,1384.19,5488.03,2626.49,2110.03,11608.74,1321.03,4931.20,2666.82,2331.02,11250.07,1254.24,4684.49,2513.15,2232.31,10684.19,1737.56,4969.80,1730.29,2065.54,10503.19,1671.91,4540.89,1847.98,2151.14,10211.92,1832.71,3756.52,1752.89,1834.44,9176.56,1659.42,3941.68,2094.63,1934.66,9630.39,1768.16,2344.82,1933.49,1708.49,7754.96,1049.39,1786.45,2086.47,1389.37,6311.68,870.73,1447.18,1656.07,1300.63,5274.61,763.17,1191.27,1793.62,1263.33,5011.39,666.18,1074.52,1610.23,1128.41,4479.34,604.46,1041.02,1636.96,792.21,4074.65,582.42,1006.36,1549.56,584.56,3722.90,419.51,951.14,571.69,366.19,2308.53,411.29,689.58,544.13,427.61,2072.61,532.98,546.63,564.04,500.22,2143.87,480.74,839.47,428.24,322.46,2070.92,463.72,1918.89,797.64,639.23,3819.48,626.42,..,..,..,..
....Catanduanes,....Marine Municipal Fisheries,..,..,..,..,10818.00,..,..,..,..,7356.00,..,..,..,..,9580.00,..,..,..,..,7406.00,..,..,..,..,8928.00,..,..,..,..,9287.00,..,..,..,..,8299.00,..,..,..,..,8544.00,..,..,..,..,8781.00,..,..,..,..,9431.00,..,..,..,..,7808.00,..,..,..,..,8376.00,..,..,..,..,7706.00,3132.00,709.00,486.00,193.00,4520.00,3038.00,625.00,420.00,310.00,4393.00,2662.00,664.00,908.00,359.00,4593.00,2178.00,653.00,880.00,323.00,4034.00,2438.00,709.00,1383.00,845.00,5375.00,1135.00,938.00,1450.00,340.00,3863.00,1250.00,1030.00,1688.00,1086.00,5054.00,1808.00,1898.00,2450.00,1319.00,7475.00,2045.00,1819.00,2161.00,1968.00,7993.00,1604.00,1632.00,1948.00,2640.00,7824.00,1532.00,1616.00,1832.00,2298.00,7278.00,1593.80,1505.00,1970.00,2036.00,7104.80,1068.60,1680.00,1994.00,1919.00,6661.60,1616.00,5395.00,2280.00,1992.00,11283.00,1383.00,5483.97,2622.50,2107.40,11596.87,1319.80,4928.47,2664.91,2329.16,11242.34,1253.24,4682.87,2511.74,2230.77,10678.62,1735.73,4967.55,1728.51,2063.92,10495.71,1670.05,4538.31,1845.57,2148.49,10202.42,1830.42,3752.17,1750.15,1831.44,9164.18,1656.87,3937.09,2091.71,1931.31,9616.98,1765.25,2339.88,1929.71,1704.77,7739.61,1046.08,1781.50,2081.98,1385.12,6294.68,866.54,1441.75,1651.18,1295.75,5255.22,761.07,1188.46,1791.09,1259.50,5000.12,664.18,1072.00,1608.01,1125.31,4469.50,602.36,1039.09,1622.59,788.10,4052.14,580.56,1004.11,1539.42,581.53,3705.62,382.03,752.08,484.82,344.55,1963.48,375.51,594.37,468.58,378.89,1817.34,496.95,507.06,537.45,459.77,2001.23,435.01,820.01,413.69,290.95,1959.66,423.79,1871.81,769.44,609.50,3674.54,597.60,..,..,..,..
....Catanduanes,....Inland Municipal Fisheries,..,..,..,..,..,..,..,..,..,..,..,..,..,..,1.00,..,..,..,..,5.00,..,..,..,..,7.00,..,..,..,..,8.00,..,..,..,..,7.00,..,..,..,..,6.00,..,..,..,..,7.00,..,..,..,..,..,..,..,..,..,5.00,..,..,..,..,7.00,..,..,..,..,7.00,..,..,..,..,..,..,..,..,..,..,..,..,..,..,..,..,..,..,..,..,..,..,..,..,..,..,..,..,..,..,1.00,1.00,..,..,2.00,1.00,1.00,..,..,2.00,2.00,..,..,..,2.00,1.00,..,..,..,1.00,..,..,..,6.00,6.00,3.49,2.14,2.13,2.41,10.17,1.97,1.13,4.92,1.98,10.00,1.29,2.22,1.68,2.12,7.31,1.19,4.06,3.99,2.63,11.87,1.23,2.73,1.91,1.86,7.73,1.00,1.62,1.41,1.54,5.57,1.83,2.25,1.78,1.62,7.48,1.86,2.58,2.41,2.65,9.50,2.29,4.35,2.74,3.00,12.38,2.55,4.59,2.92,3.35,13.41,2.91,4.94,3.78,3.72,15.35,3.31,4.95,4.49,4.25,17.00,4.19,5.43,4.89,4.88,19.39,2.10,2.81,2.53,3.83,11.27,2.00,2.52,2.22,3.10,9.84,2.10,1.93,14.37,4.11,22.51,1.86,2.25,10.14,3.03,17.28,37.48,199.06,86.87,21.64,345.05,35.78,95.21,75.55,48.72,255.27,36.03,39.56,26.59,40.45,142.64,45.73,19.46,14.55,31.51,111.27,39.93,47.08,28.21,29.72,144.94,28.83,..,..,..,..
....Catanduanes,..Aquaculture,..,..,..,..,171.00,..,..,..,..,188.00,..,..,..,..,194.00,..,..,..,..,80.00,..,..,..,..,325.00,..,..,..,..,211.00,..,..,..,..,274.00,..,..,..,..,272.00,..,..,..,..,225.00,..,..,..,..,214.00,..,..,..,..,228.08,..,..,..,..,253.54,..,..,..,..,275.00,4.00,3.00,4.00,1.00,12.00,2.00,..,2.00,3.00,7.00,2.00,6.00,1.00,..,9.00,1.00,..,2.00,..,3.00,..,..,2.00,..,2.00,10.00,15.00,12.00,18.00,55.00,45.00,72.00,63.00,82.00,262.00,87.00,87.00,67.00,25.00,266.00,23.00,2.00,12.00,1.00,38.00,10.00,10.00,3.00,12.00,35.00,10.30,1.60,2.70,12.02,26.62,1.50,2.07,0.38,5.49,9.44,1.02,4.40,10.09,7.57,23.08,1.94,5.57,13.21,9.00,29.72,1.54,5.88,10.87,6.37,24.65,11.93,4.27,6.71,10.49,33.40,16.38,2.29,4.53,6.62,29.81,20.47,2.57,7.16,10.03,40.23,20.76,3.54,10.63,16.62,51.55,85.00,12.61,10.92,19.95,128.47,126.48,16.25,16.12,23.03,181.88,79.76,25.74,19.67,28.82,153.99,88.89,37.34,27.28,35.87,189.38,93.54,15.22,2.02,31.89,142.67,5.49,10.18,3.84,32.18,51.70,5.97,12.74,1.52,1.02,21.25,5.05,16.07,2.27,2.25,25.64,3.74,20.00,2.99,1.60,28.34,1.49,3.81,5.93,5.12,16.36,6.34,6.01,8.29,26.42,47.07,1.42,2.50,5.00,4.12,13.03,2.33,4.44,7.87,6.25,20.89,5.18,6.47,8.44,6.00,26.09,2.49,..,..,..,..
....Masbate,FISHERIES,..,..,..,..,42729.00,..,..,..,..,40307.00,..,..,..,..,19928.00,..,..,..,..,29674.00,..,..,..,..,29694.00,..,..,..,..,30282.00,..,..,..,..,27377.00,..,..,..,..,27029.00,..,..,..,..,20560.00,..,..,..,..,21947.00,..,..,..,..,14021.60,..,..,..,..,20629.70,..,..,..,..,22025.00,4855.00,6584.00,6147.00,4886.00,22472.00,5977.00,6088.00,4181.00,5634.00,21880.00,5223.00,6066.00,9068.00,8955.00,29312.00,10087.00,8331.00,10208.00,9010.00,37636.00,12064.00,8573.00,8624.00,8103.00,37364.00,14360.00,10273.00,9884.00,6390.00,40907.00,10333.00,7423.00,10482.00,5792.00,34030.00,8594.00,6555.00,11144.00,4760.00,31053.00,9046.00,8548.00,12969.00,7469.00,38032.00,11233.00,9505.00,11451.00,8005.00,40194.00,12136.00,10800.00,10882.00,8620.70,42438.70,13278.00,10136.25,10557.25,7839.45,41810.95,10744.13,12737.10,9143.50,9241.00,41865.73,11720.40,11944.60,10678.15,10862.80,45205.95,12434.99,13586.26,12139.37,13626.28,51786.90,11296.10,13907.86,11660.95,15561.69,52426.61,12237.24,13227.38,12957.68,17497.43,55919.72,13414.14,14936.35,14240.68,19146.89,61738.06,12021.75,15594.47,14027.04,20674.22,62317.48,13317.00,16309.97,15092.03,19896.20,64615.19,12627.26,17213.53,15991.43,21350.43,67182.65,11982.90,19178.77,14336.12,20562.31,66060.09,10049.50,15116.26,13503.64,19792.14,58461.55,10444.92,14480.10,13938.66,22095.83,60959.51,11114.54,15987.62,15421.68,22971.15,65494.99,8394.67,17064.83,14317.16,23843.58,63620.25,10207.07,17110.07,10145.68,21907.77,59370.59,7735.87,8593.64,9466.10,18943.10,44738.72,9745.25,7938.61,7442.03,19701.61,44827.50,10211.84,12864.46,6177.36,5052.25,34305.91,5512.02,4194.59,3853.29,3283.99,16843.89,8632.51,4347.66,3700.85,7885.08,24566.09,9079.34,10165.41,3814.26,7493.47,30552.49,12672.05,..,..,..,..
....Masbate,..Commercial Fisheries,..,..,..,..,791.00,..,..,..,..,571.00,..,..,..,..,1960.00,..,..,..,..,3455.00,..,..,..,..,3600.00,..,..,..,..,3658.00,..,..,..,..,3780.00,..,..,..,..,3658.00,..,..,..,..,3638.00,..,..,..,..,4066.00,..,..,..,..,3205.00,..,..,..,..,7400.00,..,..,..,..,7802.00,1362.00,2731.00,1794.00,1601.00,7488.00,2888.00,2357.00,1216.00,2214.00,8675.00,2333.00,2242.00,2696.00,3089.00,10360.00,3010.00,2755.00,3465.00,2810.00,12040.00,3856.00,2795.00,2952.00,3623.00,13226.00,5191.00,1587.00,3203.00,2986.00,12967.00,3132.00,1507.00,3547.00,1727.00,9913.00,2281.00,1187.00,3754.00,1275.00,8497.00,2436.00,1282.00,3150.00,1802.00,8670.00,3103.00,1555.00,2327.00,1925.00,8910.00,3714.00,1952.00,2131.00,2195.00,9992.00,4082.82,1932.00,2006.00,2030.00,10050.82,2940.47,2880.00,1843.00,2196.00,9859.47,3235.00,2735.00,2022.00,2644.00,10636.00,3478.59,3340.58,2348.82,3173.71,12341.70,3159.78,3501.89,2229.00,4003.60,12894.27,3281.50,3157.85,2581.79,4484.00,13505.14,3511.00,3459.24,2884.90,4917.36,14772.50,3154.51,3608.67,2854.60,5017.77,14635.55,3496.09,3798.09,3111.71,4909.20,15315.09,3322.08,4231.39,3541.92,5162.26,16257.65,3140.00,4799.12,3244.45,5090.14,16273.71,2742.99,3898.33,3055.23,4939.26,14635.81,2211.02,3581.42,2888.86,5387.45,14068.75,2373.48,3678.77,3080.37,5831.87,14964.49,333.49,3723.56,2802.44,5949.66,12809.15,366.76,3786.04,1467.94,2639.63,8260.37,356.56,648.68,698.71,612.09,2316.04,383.46,637.35,528.32,663.10,2212.23,424.68,727.37,650.32,450.21,2252.58,71.34,220.21,191.22,135.74,618.51,5939.94,1084.73,1206.24,625.78,8856.70,391.26,662.59,351.76,1237.80,2643.41,8197.62,..,..,..,..
....Masbate,..Municipal Fisheries,..,..,..,..,39668.00,..,..,..,..,37280.00,..,..,..,..,15109.00,..,..,..,..,22786.00,..,..,..,..,22656.00,..,..,..,..,23186.00,..,..,..,..,20057.00,..,..,..,..,19837.00,..,..,..,..,14939.00,..,..,..,..,15972.00,..,..,..,..,8782.00,..,..,..,..,10968.00,..,..,..,..,11768.00,3118.00,3370.00,4206.00,2718.00,13412.00,3016.00,3325.00,2614.00,2968.00,11923.00,2659.00,3474.00,6306.00,5253.00,17692.00,6909.00,5387.00,6707.00,5640.00,24643.00,8050.00,5403.00,5605.00,4285.00,23343.00,9050.00,8300.00,6605.00,3224.00,27179.00,7100.00,5500.00,6850.00,3930.00,23380.00,6250.00,5100.00,7300.00,3350.00,22000.00,6500.00,6900.00,9643.00,5472.00,28515.00,8029.00,7642.00,8979.00,5867.00,30517.00,8288.00,8589.00,8579.00,6206.00,31662.00,9078.18,7983.25,8352.25,5562.75,30976.43,7707.06,9688.50,7080.50,6745.50,31221.56,8377.50,8819.70,8095.25,7768.00,33060.45,8852.50,9794.29,9165.06,9850.79,37662.64,8033.07,9971.92,8714.79,10904.28,37624.06,8843.44,9457.15,9705.55,12169.00,40175.14,9768.72,10829.82,10544.64,13323.87,44467.05,8748.83,11313.65,10304.28,14687.82,45054.58,9710.65,11832.13,11044.84,13952.32,46539.94,9197.59,12335.46,11547.92,15192.21,48273.18,8736.80,13747.72,10262.50,14536.22,47283.24,7240.74,10611.31,9683.81,13883.26,41419.12,8167.24,10387.35,10341.37,15704.48,44600.44,8656.79,11753.35,11551.49,16125.05,48086.68,7974.65,12776.00,10769.38,16963.52,48483.55,9735.99,12874.60,8256.85,18487.39,49354.83,7279.49,7361.70,8375.44,17724.56,40741.19,9348.28,6764.14,6521.41,18409.78,41043.61,9389.75,12005.14,5200.99,4472.95,31068.83,5390.56,3786.49,3515.79,2985.63,15678.48,2620.90,2296.85,2398.95,3359.15,10675.85,8621.37,8373.10,3077.22,6104.61,26176.29,4450.69,..,..,..,..
....Masbate,....Marine Municipal Fisheries,..,..,..,..,39668.00,..,..,..,..,37280.00,..,..,..,..,15074.00,..,..,..,..,22500.00,..,..,..,..,22233.00,..,..,..,..,22776.00,..,..,..,..,19639.00,..,..,..,..,19453.00,..,..,..,..,14529.00,..,..,..,..,15565.00,..,..,..,..,8269.00,..,..,..,..,10359.00,..,..,..,..,11168.00,3118.00,3370.00,4206.00,2718.00,13412.00,3016.00,3325.00,2614.00,2968.00,11923.00,2659.00,3474.00,6306.00,5253.00,17692.00,6909.00,5387.00,6707.00,5640.00,24643.00,8050.00,5403.00,5605.00,4285.00,23343.00,9050.00,8300.00,6605.00,3224.00,27179.00,7100.00,5500.00,6850.00,3930.00,23380.00,6250.00,5100.00,7300.00,3350.00,22000.00,6500.00,6900.00,9643.00,5472.00,28515.00,8029.00,7642.00,8979.00,5867.00,30517.00,8288.00,8589.00,8579.00,6204.00,31660.00,9075.18,7979.00,8347.00,5561.00,30962.18,7705.31,9685.00,7073.00,6743.00,31206.31,8375.00,8817.00,8087.00,7764.00,33043.00,8848.00,9788.49,9151.56,9838.79,37626.84,8020.07,9957.92,8699.75,10887.18,37564.92,8827.84,9440.31,9687.04,12146.69,40101.88,9749.01,10814.15,10520.83,13296.77,44380.76,8725.33,11293.49,10273.22,14646.42,44938.46,9669.81,11798.47,10992.78,13899.36,46360.42,9158.26,12295.57,11485.39,15132.09,48071.31,8681.15,13703.01,10197.86,14470.91,47052.93,7180.88,10560.62,9612.60,13813.59,41167.69,8114.08,10351.30,10279.28,15638.04,44382.70,8604.05,11718.42,11495.72,16060.48,47878.67,7929.94,12744.00,10716.10,16903.67,48293.71,9710.61,12852.33,8203.57,18417.32,49183.83,7275.29,7356.64,8362.52,17696.64,40691.09,7980.97,6722.89,6464.04,18192.89,39360.79,9337.59,11986.89,5190.42,4467.90,30982.80,5385.23,3782.53,3513.19,2981.54,15662.48,2616.47,2294.85,2395.96,3357.69,10664.97,8618.18,8368.16,3076.99,6104.38,26167.70,4446.85,..,..,..,..
....Masbate,....Inland Municipal Fisheries,..,..,..,..,..,..,..,..,..,..,..,..,..,..,35.00,..,..,..,..,286.00,..,..,..,..,423.00,..,..,..,..,410.00,..,..,..,..,418.00,..,..,..,..,384.00,..,..,..,..,410.00,..,..,..,..,407.00,..,..,..,..,513.00,..,..,..,..,609.00,..,..,..,..,600.00,..,..,..,..,..,..,..,..,..,..,..,..,..,..,..,..,..,..,..,..,..,..,..,..,..,..,..,..,..,..,..,..,..,..,..,..,..,..,..,..,..,..,..,..,..,..,..,..,..,..,..,..,..,2.00,2.00,3.00,4.25,5.25,1.75,14.25,1.75,3.50,7.50,2.50,15.25,2.50,2.70,8.25,4.00,17.45,4.50,5.80,13.50,12.00,35.80,13.00,14.00,15.04,17.10,59.14,15.60,16.84,18.51,22.31,73.26,19.71,15.67,23.81,27.10,86.29,23.50,20.16,31.06,41.40,116.12,40.84,33.66,52.06,52.96,179.52,39.33,39.89,62.53,60.12,201.87,55.65,44.71,64.64,65.31,230.31,59.86,50.69,71.21,69.67,251.43,53.16,36.05,62.09,66.44,217.74,52.74,34.93,55.77,64.57,208.01,44.71,32.00,53.28,59.85,189.84,25.38,22.27,53.28,70.07,171.00,4.20,5.06,12.92,27.92,50.10,1367.31,41.25,57.37,216.89,1682.82,52.16,18.25,10.57,5.05,86.03,5.33,3.96,2.61,4.10,16.00,4.43,2.00,2.99,1.46,10.88,3.19,4.94,0.23,0.23,8.59,3.85,..,..,..,..
....Masbate,..Aquaculture,..,..,..,..,2270.00,..,..,..,..,2456.00,..,..,..,..,2859.00,..,..,..,..,3433.00,..,..,..,..,3438.00,..,..,..,..,3438.00,..,..,..,..,3540.00,..,..,..,..,3534.00,..,..,..,..,1983.00,..,..,..,..,1909.00,..,..,..,..,2034.60,..,..,..,..,2261.70,..,..,..,..,2455.00,375.00,483.00,147.00,567.00,1572.00,73.00,406.00,351.00,452.00,1282.00,231.00,350.00,66.00,613.00,1260.00,168.00,189.00,36.00,560.00,953.00,158.00,375.00,67.00,195.00,795.00,119.00,386.00,76.00,180.00,761.00,101.00,416.00,85.00,135.00,737.00,63.00,268.00,90.00,135.00,556.00,110.00,366.00,176.00,195.00,847.00,101.00,308.00,145.00,213.00,767.00,134.00,259.00,172.00,219.70,784.70,117.00,221.00,199.00,246.70,783.70,96.60,168.60,220.00,299.50,784.70,107.90,389.90,560.90,450.80,1509.50,103.90,451.39,625.49,601.78,1782.56,103.25,434.05,717.16,653.81,1908.28,112.30,612.38,670.34,844.43,2239.44,134.42,647.29,811.14,905.66,2498.51,118.41,672.15,868.16,968.63,2627.35,110.26,679.75,935.48,1034.68,2760.16,107.59,646.68,901.59,995.96,2651.82,106.10,631.93,829.17,935.95,2503.14,65.77,606.62,764.60,969.62,2406.62,66.66,511.33,708.43,1003.90,2290.32,84.27,555.50,789.82,1014.23,2443.82,86.53,565.27,745.34,930.40,2327.55,104.32,449.43,420.89,780.75,1755.39,99.82,583.26,391.95,606.45,1681.49,13.51,537.12,392.30,628.73,1571.66,397.41,131.95,326.06,129.08,984.50,50.11,187.90,146.27,162.62,546.91,71.66,966.08,95.66,3900.14,5033.54,66.71,1129.72,385.29,151.07,1732.78,23.74,..,..,..,..
....Sorsogon,FISHERIES,..,..,..,..,31663.00,..,..,..,..,28366.00,..,..,..,..,11797.00,..,..,..,..,16399.00,..,..,..,..,14098.00,..,..,..,..,18739.00,..,..,..,..,18068.00,..,..,..,..,19242.00,..,..,..,..,24456.00,..,..,..,..,25005.00,..,..,..,..,16495.28,..,..,..,..,18724.47,..,..,..,..,18257.00,8680.00,3961.00,4085.00,3223.00,19949.00,8469.00,5291.00,5065.00,6019.00,24844.00,8304.00,13878.00,4075.00,5495.00,31752.00,6116.00,11978.00,5493.00,6032.00,29619.00,6262.00,6274.00,7146.00,8977.00,28659.00,7476.00,7168.00,5279.00,5213.00,25136.00,6946.00,4777.00,5211.00,4726.00,21660.00,5380.00,6683.00,4800.00,4444.00,21307.00,4987.00,4672.00,4465.00,3759.00,17883.00,4663.00,4615.00,3200.00,3650.60,16128.60,4559.60,4741.00,3496.10,4843.80,17640.50,5234.77,4010.68,3394.07,4288.79,16928.31,8719.02,11568.82,7933.47,6536.78,34758.09,4894.57,7961.49,7644.65,6839.77,27340.48,6375.51,7518.33,5999.93,7929.31,27823.08,8056.08,10133.73,5439.41,6909.38,30538.59,13025.99,9188.87,4197.37,6763.41,33175.63,13561.94,8352.04,5403.95,5476.13,32794.06,10015.28,7899.70,5689.14,5795.61,29399.73,10063.35,6725.77,5250.17,6456.01,28495.30,10303.38,6411.31,5948.40,7126.71,29789.80,10516.89,6393.57,6276.53,6480.76,29667.75,8664.85,6234.67,6200.44,6641.74,27741.71,8224.56,6269.00,6094.49,6603.60,27191.66,9214.23,8826.78,6788.72,6653.87,31483.60,12556.94,14046.79,5563.57,14437.07,46604.37,14815.14,14086.13,4273.71,11487.71,44662.69,9739.75,28516.68,27252.57,17915.02,83424.01,13774.76,20229.27,13213.69,9392.21,56609.92,13178.32,17461.20,9412.13,9920.04,49971.69,14551.71,13354.51,8766.41,6656.12,43328.76,9250.47,18563.91,13178.32,4376.02,45368.73,8601.42,10831.94,4139.52,9070.50,32643.37,8285.44,..,..,..,..
....Sorsogon,..Commercial Fisheries,..,..,..,..,107.00,..,..,..,..,338.00,..,..,..,..,522.00,..,..,..,..,18.00,..,..,..,..,23.00,..,..,..,..,138.00,..,..,..,..,145.00,..,..,..,..,137.00,..,..,..,..,..,..,..,..,..,153.00,..,..,..,..,..,..,..,..,..,..,..,..,..,..,3239.00,482.00,376.00,464.00,295.00,1617.00,353.00,257.00,164.00,228.00,1002.00,300.00,285.00,297.00,272.00,1154.00,248.00,267.00,291.00,275.00,1081.00,262.00,249.00,700.00,747.00,1958.00,250.00,245.00,595.00,660.00,1750.00,240.00,284.00,400.00,550.00,1474.00,235.00,290.00,395.00,535.00,1455.00,223.00,322.00,405.00,470.00,1420.00,256.00,255.00,344.00,480.00,1335.00,218.00,277.00,348.00,1743.00,2586.00,257.00,196.00,323.00,1565.00,2341.00,2209.52,4619.89,1922.00,1830.81,10582.22,1329.99,2945.85,1545.00,1949.71,7770.55,1333.76,1793.06,860.43,1497.87,5485.12,1378.79,1618.77,958.89,1723.10,5679.55,1711.90,1786.12,665.28,1678.95,5842.25,1842.57,1659.53,524.89,1041.40,5068.39,1174.26,1536.49,575.09,1447.73,4733.57,1406.72,1404.93,525.70,1580.79,4918.14,1429.89,1448.25,645.49,1646.97,5170.60,1430.96,1591.68,865.27,1522.13,5410.04,1153.95,1404.69,787.59,1087.17,4433.40,2269.74,1088.24,867.35,806.56,5031.89,1968.80,2108.01,1599.32,838.71,6514.84,3524.45,5242.81,930.04,4092.26,13789.56,3354.34,3585.66,1335.83,2140.80,10416.63,3681.47,14790.45,8474.19,6800.88,33746.99,4810.85,9287.48,4293.29,4130.34,22521.96,5282.71,3848.08,3221.52,2950.67,15302.98,6071.05,6485.58,3169.98,2211.69,17938.29,2018.43,5674.60,7796.35,422.56,15911.94,4198.75,6618.69,3331.29,4780.07,18928.80,1486.80,..,..,..,..
....Sorsogon,..Municipal Fisheries,..,..,..,..,30884.00,..,..,..,..,27315.00,..,..,..,..,10313.00,..,..,..,..,15707.00,..,..,..,..,13741.00,..,..,..,..,18167.00,..,..,..,..,17008.00,..,..,..,..,18215.00,..,..,..,..,23583.00,..,..,..,..,23951.00,..,..,..,..,15535.00,..,..,..,..,17657.00,..,..,..,..,13859.00,7399.00,3007.00,3199.00,2703.00,16308.00,7310.00,3355.00,2877.00,4910.00,18452.00,6371.00,3755.00,2572.00,5137.00,17835.00,5319.00,3874.00,3911.00,5635.00,18739.00,5094.00,3581.00,6114.00,8094.00,22883.00,6161.00,3585.00,4266.00,4452.00,18464.00,4558.00,3620.00,4206.00,4006.00,16390.00,3077.00,3622.00,3967.00,3805.00,14471.00,2954.00,3839.00,3237.00,2955.00,12985.00,2864.00,3959.00,2288.00,2998.00,12109.00,2862.00,3942.00,2403.00,2889.00,12096.00,3261.77,3480.20,2371.20,2475.08,11588.25,4525.97,3995.46,3062.00,3015.41,14598.84,1615.36,2831.47,3406.00,3756.07,11608.90,3753.68,3766.72,3780.77,6000.05,17301.22,5432.09,7322.55,4181.74,5069.75,22006.13,10148.22,7188.10,3260.07,4979.91,25576.30,10378.16,6459.27,4427.66,4305.02,25570.11,7854.52,6191.91,4749.94,4192.85,22989.22,7857.88,5076.76,4230.38,4690.68,21855.70,8157.27,4677.77,4790.83,5273.04,22898.91,8161.45,4443.04,4895.65,4756.99,22257.13,6747.44,4462.04,4955.22,5336.81,21501.51,5312.06,4777.22,4646.86,5595.52,20331.66,6296.27,6295.65,4580.57,5582.07,22754.56,8040.73,8502.22,4126.78,10147.44,30817.17,11070.44,10193.25,2645.07,9313.68,33222.44,5998.81,13641.61,18444.59,11091.65,49176.66,8940.55,10877.47,8287.04,5220.54,33325.60,7737.41,13427.01,5898.48,6746.70,33809.60,8243.33,6787.94,3157.96,4313.38,22502.61,7200.41,12789.53,5254.73,3848.64,29093.30,4357.61,4132.73,688.97,4197.65,13376.97,6719.48,..,..,..,..
....Sorsogon,....Marine Municipal Fisheries,..,..,..,..,30884.00,..,..,..,..,27315.00,..,..,..,..,10313.00,..,..,..,..,15701.00,..,..,..,..,13732.00,..,..,..,..,18099.00,..,..,..,..,16949.00,..,..,..,..,18151.00,..,..,..,..,23515.00,..,..,..,..,23879.00,..,..,..,..,15441.00,..,..,..,..,17555.00,..,..,..,..,13759.00,7394.00,3002.00,3188.00,2683.00,16267.00,7304.00,3347.00,2868.00,4901.00,18420.00,6365.00,3751.00,2569.00,5133.00,17818.00,5314.00,3870.00,3908.00,5631.00,18723.00,5090.00,3578.00,6096.00,8082.00,22846.00,6157.00,3582.00,4259.00,4445.00,18443.00,4556.00,3618.00,4200.00,4000.00,16374.00,3075.00,3620.00,3962.00,3800.00,14457.00,2952.00,3837.00,3232.00,2950.00,12971.00,2862.00,3957.00,2280.00,2990.00,12089.00,2855.00,3936.00,2394.00,2876.00,12061.00,3249.00,3466.00,2355.00,2458.00,11528.00,4512.00,3978.00,3048.00,3000.03,14538.03,1603.74,2819.46,3397.00,3743.12,11563.32,3737.68,3747.80,3762.97,5980.40,17228.85,5410.78,7314.62,4172.44,5050.55,21948.39,10128.59,7173.55,3242.50,4961.25,25505.89,10358.02,6442.70,4410.91,4288.04,25499.67,7836.56,6177.15,4732.28,4175.39,22921.38,7840.18,5061.26,4212.05,4671.57,21785.06,8135.79,4656.12,4766.92,5247.43,22806.26,8137.44,4417.76,4870.53,4730.64,22156.37,6731.82,4445.47,4939.22,5320.92,21437.43,5292.70,4757.81,4623.17,5571.77,20245.45,6271.20,6268.20,4555.63,5554.53,22649.56,8011.30,8471.26,4091.21,10112.28,30686.05,11045.96,10178.79,2642.11,9272.51,33139.37,5991.19,13638.06,18439.28,11082.95,49151.48,8889.49,10846.32,8227.34,5183.60,33146.75,7719.22,13391.83,5883.44,6737.33,33731.81,8240.30,6772.14,3154.10,4301.93,22468.46,7198.85,12786.87,5253.51,3846.81,29086.04,4356.26,4128.97,688.69,4197.11,13371.03,6718.96,..,..,..,..
....Sorsogon,....Inland Municipal Fisheries,..,..,..,..,..,..,..,..,..,..,..,..,..,..,..,..,..,..,..,6.00,..,..,..,..,9.00,..,..,..,..,68.00,..,..,..,..,59.00,..,..,..,..,64.00,..,..,..,..,68.00,..,..,..,..,72.00,..,..,..,..,94.00,..,..,..,..,102.00,..,..,..,..,100.00,5.00,5.00,11.00,20.00,41.00,6.00,8.00,9.00,9.00,32.00,6.00,4.00,3.00,4.00,17.00,5.00,4.00,3.00,4.00,16.00,4.00,3.00,18.00,12.00,37.00,4.00,3.00,7.00,7.00,21.00,2.00,2.00,6.00,6.00,16.00,2.00,2.00,5.00,5.00,14.00,2.00,2.00,5.00,5.00,14.00,2.00,2.00,8.00,8.00,20.00,7.00,6.00,9.00,13.00,35.00,12.77,14.20,16.20,17.08,60.25,13.97,17.46,14.00,15.38,60.81,11.62,12.01,9.00,12.95,45.58,16.00,18.92,17.80,19.65,72.37,21.31,7.93,9.30,19.20,57.74,19.63,14.55,17.57,18.66,70.41,20.14,16.57,16.75,16.98,70.44,17.96,14.76,17.66,17.46,67.84,17.70,15.50,18.33,19.11,70.64,21.48,21.65,23.91,25.61,92.65,24.01,25.28,25.12,26.35,100.76,15.62,16.57,16.00,15.89,64.08,19.36,19.41,23.69,23.75,86.21,25.07,27.45,24.94,27.54,105.00,29.43,30.96,35.57,35.16,131.12,24.48,14.46,2.96,41.17,83.07,7.62,3.55,5.31,8.70,25.18,51.06,31.15,59.70,36.94,178.85,18.19,35.18,15.05,9.37,77.79,3.03,15.80,3.87,11.45,34.15,1.56,2.66,1.21,1.83,7.27,1.35,3.77,0.28,0.54,5.94,0.51,..,..,..,..
....Sorsogon,..Aquaculture,..,..,..,..,672.00,..,..,..,..,713.00,..,..,..,..,962.00,..,..,..,..,674.00,..,..,..,..,334.00,..,..,..,..,434.00,..,..,..,..,915.00,..,..,..,..,890.00,..,..,..,..,873.00,..,..,..,..,901.00,..,..,..,..,960.28,..,..,..,..,1067.47,..,..,..,..,1159.00,799.00,578.00,422.00,225.00,2024.00,806.00,1679.00,2024.00,881.00,5390.00,1633.00,9838.00,1206.00,86.00,12763.00,549.00,7837.00,1291.00,122.00,9799.00,906.00,2444.00,332.00,136.00,3818.00,1065.00,3338.00,418.00,101.00,4922.00,2148.00,873.00,605.00,170.00,3796.00,2068.00,2771.00,438.00,104.00,5381.00,1810.00,511.00,823.00,334.00,3478.00,1543.00,401.00,568.00,172.60,2684.60,1479.60,522.00,745.10,211.80,2958.50,1716.00,334.48,699.87,248.71,2999.06,1983.53,2953.47,2949.47,1690.56,9577.03,1949.22,2184.17,2693.65,1133.99,7961.03,1288.07,1958.55,1358.73,431.39,5036.74,1245.20,1192.41,298.78,116.53,2852.91,1165.87,214.65,272.02,104.55,1757.08,1341.21,233.24,451.40,129.71,2155.56,986.50,171.30,364.11,155.03,1676.94,798.75,244.08,494.09,184.54,1721.46,716.22,285.29,512.08,206.70,1720.29,924.48,358.85,515.61,201.64,2000.58,763.46,367.94,457.63,217.76,1806.80,642.76,403.54,580.28,201.52,1828.11,949.16,423.12,608.83,233.09,2214.20,991.76,301.76,506.75,197.37,1997.64,390.36,307.22,292.81,33.23,1023.62,59.47,84.62,333.79,22.49,500.36,23.36,64.32,633.36,41.33,762.36,158.20,186.11,292.12,222.67,859.11,237.33,80.99,2438.47,131.06,2887.85,31.64,99.77,127.25,104.83,363.48,45.05,80.52,119.25,92.78,337.60,79.17,..,..,..,..
..Region VI (Western Visayas),FISHERIES,..,..,..,..,179141.00,..,..,..,..,181082.00,..,..,..,..,187026.00,..,..,..,..,157883.00,..,..,..,..,164099.00,..,..,..,..,168480.00,..,..,..,..,164697.00,..,..,..,..,203969.00,..,..,..,..,227570.00,..,..,..,..,231057.00,..,..,..,..,255436.00,..,..,..,..,210254.00,..,..,..,..,254523.00,66224.00,79002.00,40330.00,42760.00,228316.00,53710.00,66003.00,43717.00,37021.00,200451.00,47214.00,67906.00,43950.00,39936.00,199006.00,44063.00,64671.00,50620.00,46629.00,205983.00,42264.00,62373.00,43140.00,48479.00,196256.00,42308.00,61972.00,45383.00,53412.00,203075.00,48104.00,69243.00,48706.00,54882.00,220935.00,57120.20,75472.00,61038.00,54203.00,247833.20,59922.00,78913.00,67051.00,54822.00,260708.00,60950.04,77150.31,69621.45,55689.00,263410.80,60726.86,84718.30,77956.93,57959.65,281361.74,66782.55,91280.20,74719.48,63289.19,296071.42,69369.42,93890.07,75932.22,65677.42,304869.13,73013.87,95126.07,73013.51,61749.59,302903.05,79599.21,99628.44,78388.28,64356.02,321971.95,77356.80,94304.15,70685.24,70659.26,313005.45,80976.20,108445.29,80515.75,71115.42,341052.66,83726.57,98795.24,87191.79,77758.69,347472.29,86630.52,105516.25,89293.63,75248.82,356689.21,85247.88,100785.21,86159.93,71195.96,343388.98,84527.42,99327.28,82155.57,57015.39,323025.67,80175.18,85474.80,79795.65,68786.58,314232.21,83634.49,86895.38,77030.45,59852.61,307412.92,80377.68,86631.39,77151.69,59980.66,304141.43,81831.81,87981.84,75877.20,52055.86,297746.71,67722.27,87489.24,76185.06,57590.35,288986.92,68501.65,93975.86,73666.97,52654.98,288799.47,69620.15,90510.90,80510.61,58801.59,299443.24,67008.57,89676.75,76768.10,62681.21,296134.62,57033.97,81315.45,75299.21,55318.11,268966.75,55538.78,73536.03,71851.90,51446.39,252373.10,52414.68,62277.78,99247.07,78431.58,292371.12,63727.28,71961.75,78214.04,114815.42,328718.49,49982.49,..,..,..,..
..Region VI (Western Visayas),..Commercial Fisheries,..,..,..,..,64824.00,..,..,..,..,52971.00,..,..,..,..,55171.00,..,..,..,..,45403.00,..,..,..,..,49575.00,..,..,..,..,55405.00,..,..,..,..,52387.00,..,..,..,..,59122.00,..,..,..,..,66842.00,..,..,..,..,64363.00,..,..,..,..,96591.00,..,..,..,..,37853.00,..,..,..,..,102390.00,33097.00,46864.00,18490.00,11985.00,110436.00,23750.00,33844.00,20806.00,9774.00,88174.00,13835.00,32355.00,20772.00,11398.00,78360.00,14180.00,29350.00,19982.00,16238.00,79750.00,13261.00,27902.00,22057.00,17413.00,80633.00,13575.00,25765.00,20613.00,19292.00,79245.00,14803.00,29151.00,22313.00,20706.00,86973.00,20557.00,27096.00,25672.00,19919.00,93244.00,20491.00,27175.00,23207.00,18839.00,89712.00,18034.00,26993.00,21852.00,20745.00,87624.00,18858.00,25539.00,23469.00,20727.00,88593.00,19299.01,25140.58,20239.67,21280.41,85959.67,17553.29,24820.72,20208.27,22610.09,85192.37,17033.23,24992.07,17752.88,21134.48,80912.66,18661.26,25053.43,18810.08,20020.37,82545.14,17395.86,27160.67,18123.47,20078.64,82758.64,17394.39,26163.76,16734.72,17667.92,77960.79,16605.15,19066.84,17298.45,19721.04,72691.48,17147.92,20491.88,16276.82,18776.18,72692.80,15547.30,18871.94,14608.32,15759.58,64787.14,16501.28,18269.11,11551.07,16568.19,62889.65,15442.78,12195.38,13451.62,17689.77,58779.55,15125.19,12627.71,10254.08,12464.11,50471.09,15786.64,12719.58,9084.47,11491.48,49082.17,17650.45,13430.52,9183.11,8924.26,49188.34,10835.95,11503.95,10409.82,10988.08,43737.80,11156.48,13917.30,11260.60,10100.28,46434.66,13910.83,14993.15,10761.66,8972.32,48637.96,11563.18,13211.74,10198.95,6792.32,41766.19,10191.83,17322.57,17802.66,12993.36,58310.42,12370.59,13660.69,15785.82,10986.48,52803.58,13432.06,16485.53,16240.52,11544.45,57702.56,14812.89,17483.64,16500.16,12041.48,60838.17,17252.77,..,..,..,..
..Region VI (Western Visayas),..Municipal Fisheries,..,..,..,..,75090.00,..,..,..,..,78186.00,..,..,..,..,80698.00,..,..,..,..,66855.00,..,..,..,..,60101.00,..,..,..,..,61727.00,..,..,..,..,64061.00,..,..,..,..,83249.00,..,..,..,..,98291.00,..,..,..,..,101078.00,..,..,..,..,90026.00,..,..,..,..,93949.00,..,..,..,..,87940.00,22323.00,22775.00,12123.00,21502.00,78723.00,22838.00,22327.00,14508.00,19057.00,78730.00,22094.00,21383.00,13806.00,18745.00,76028.00,20868.00,21223.00,13471.00,18183.00,73745.00,21095.00,21919.00,13570.00,18994.00,75578.00,19477.00,21258.00,13614.00,19071.00,73420.00,18904.00,21079.00,15655.00,19203.00,74841.00,22119.00,23379.00,16906.00,19849.00,82253.00,23110.00,24172.00,20680.00,21014.00,88976.00,23720.00,22818.00,19418.00,22031.00,87987.00,25307.00,25494.00,19658.00,21228.00,91687.00,27160.80,27361.81,21043.71,23746.39,99312.71,29608.14,27582.35,22586.19,25058.19,104834.87,31580.78,27875.19,21737.55,25441.68,106635.20,35123.24,29871.64,21657.71,26170.69,112823.28,32006.65,29855.67,20597.41,27046.09,109505.82,34889.04,37136.29,28589.08,30605.75,131220.16,33707.32,35080.27,31398.99,32148.46,132335.04,33926.52,34375.98,30892.69,30693.59,129888.78,33599.52,32634.54,31719.50,27651.94,125605.50,31785.44,31198.49,31266.67,21613.41,115864.01,27954.12,27268.08,27493.53,23756.77,106472.50,27785.43,27389.70,26665.13,21158.16,102998.42,25810.60,26138.50,25083.39,19622.96,96655.45,22325.91,24382.73,20857.15,15594.54,83160.33,17854.44,20556.59,17432.90,16608.38,72452.31,17742.49,20204.74,18929.83,14207.71,71084.77,15569.90,16109.61,21044.72,15801.94,68526.17,17257.09,17664.54,16545.58,23148.37,74615.58,26872.97,25288.22,16780.30,15597.95,84539.45,15840.15,14887.62,11113.61,11970.32,53811.70,12994.03,12870.96,10717.56,10929.69,47512.25,13149.56,14327.23,13928.17,11924.95,53329.91,15873.54,..,..,..,..
..Region VI (Western Visayas),....Marine Municipal Fisheries,..,..,..,..,75073.00,..,..,..,..,77632.00,..,..,..,..,79060.00,..,..,..,..,65469.00,..,..,..,..,58681.00,..,..,..,..,60241.00,..,..,..,..,62496.00,..,..,..,..,81751.00,..,..,..,..,96643.00,..,..,..,..,99364.00,..,..,..,..,88141.00,..,..,..,..,91953.00,..,..,..,..,85975.00,22302.00,22746.00,12112.00,21488.00,78648.00,22779.00,22312.00,14477.00,19017.00,78585.00,22062.00,21366.00,13791.00,18735.00,75954.00,20838.00,21206.00,13456.00,18173.00,73673.00,21079.00,21899.00,13555.00,18987.00,75520.00,19468.00,21255.00,13606.00,19062.00,73391.00,18867.00,21045.00,15599.00,19132.00,74643.00,22076.00,23345.00,16849.00,19767.00,82037.00,23048.00,24091.00,20576.00,20891.00,88606.00,23631.00,22745.00,19292.00,21863.00,87531.00,25195.00,25333.00,19519.00,20354.00,90401.00,26595.53,26015.96,20148.06,21530.67,94290.22,28567.41,26358.17,21569.74,23402.32,99897.64,30545.38,26613.32,20588.18,23972.95,101719.83,34053.79,28646.15,20487.15,24590.98,107778.07,30743.35,27937.71,19167.48,25123.54,102972.08,33290.91,34927.11,26938.39,28772.21,123928.62,32603.67,34305.05,29664.68,29957.92,126531.32,32648.51,33428.43,28610.29,28049.89,122737.12,31316.29,31290.34,29544.89,25484.73,117636.25,30615.84,30036.79,29071.48,19950.56,109674.67,26512.83,26029.22,25467.57,22522.81,100532.43,26269.10,26448.72,25096.19,20672.13,98486.14,24488.93,25228.37,23430.40,18334.18,91481.88,20955.99,23418.83,19487.76,14515.04,78377.62,16609.38,19462.21,15562.20,15461.58,67095.37,16108.80,19154.05,17455.61,12831.13,65549.59,14523.57,15016.52,18279.15,13803.19,61622.43,15411.62,16731.69,15548.62,21929.06,69620.99,25795.65,24771.45,16122.32,15050.63,81740.04,14940.14,14413.90,10615.71,11470.53,51440.27,12713.97,12568.41,10484.92,10598.94,46366.25,12813.92,14000.25,13610.95,11689.39,52114.50,15632.13,..,..,..,..
..Region VI (Western Visayas),....Inland Municipal Fisheries,..,..,..,..,17.00,..,..,..,..,554.00,..,..,..,..,1638.00,..,..,..,..,1386.00,..,..,..,..,1420.00,..,..,..,..,1486.00,..,..,..,..,1565.00,..,..,..,..,1498.00,..,..,..,..,1648.00,..,..,..,..,1714.00,..,..,..,..,1885.00,..,..,..,..,1996.00,..,..,..,..,1965.00,21.00,29.00,11.00,14.00,75.00,59.00,15.00,31.00,40.00,145.00,32.00,17.00,15.00,10.00,74.00,30.00,17.00,15.00,10.00,72.00,16.00,20.00,15.00,7.00,58.00,9.00,3.00,8.00,9.00,29.00,37.00,34.00,56.00,71.00,198.00,43.00,34.00,57.00,82.00,216.00,62.00,81.00,104.00,123.00,370.00,89.00,73.00,126.00,168.00,456.00,112.00,161.00,139.00,874.00,1286.00,565.27,1345.85,895.65,2215.72,5022.49,1040.73,1224.18,1016.45,1655.87,4937.23,1035.40,1261.87,1149.37,1468.73,4915.37,1069.45,1225.49,1170.56,1579.71,5045.21,1263.30,1917.96,1429.93,1922.55,6533.74,1598.13,2209.18,1650.69,1833.54,7291.54,1103.65,775.22,1734.31,2190.54,5803.72,1278.01,947.55,2282.40,2643.70,7151.66,2283.23,1344.20,2174.61,2167.21,7969.25,1169.60,1161.70,2195.19,1662.85,6189.34,1441.29,1238.86,2025.96,1233.96,5940.07,1516.33,940.98,1568.94,486.03,4512.28,1321.67,910.13,1652.99,1288.78,5173.57,1369.92,963.90,1369.39,1079.50,4782.71,1245.06,1094.38,1870.70,1146.80,5356.94,1633.69,1050.69,1474.22,1376.58,5535.18,1046.33,1093.09,2765.57,1998.75,6903.74,1845.47,932.85,996.96,1219.31,4994.59,1077.32,516.77,657.98,547.33,2799.40,900.01,473.72,497.91,499.79,2371.43,280.05,302.55,232.64,330.75,1146.00,335.64,326.98,317.23,235.56,1215.41,241.41,..,..,..,..
..Region VI (Western Visayas),..Aquaculture,..,..,..,..,39227.00,..,..,..,..,49925.00,..,..,..,..,51157.00,..,..,..,..,45625.00,..,..,..,..,54423.00,..,..,..,..,51348.00,..,..,..,..,48249.00,..,..,..,..,61598.00,..,..,..,..,62437.00,..,..,..,..,65616.00,..,..,..,..,68819.00,..,..,..,..,78452.00,..,..,..,..,64193.00,10804.00,9363.00,9717.00,9273.00,39157.00,7122.00,9832.00,8403.00,8190.00,33547.00,11285.00,14168.00,9372.00,9793.00,44618.00,9015.00,14098.00,17167.00,12208.00,52488.00,7908.00,12552.00,7513.00,12072.00,40045.00,9256.00,14949.00,11156.00,15049.00,50410.00,14397.00,19013.00,10738.00,14973.00,59121.00,14444.20,24997.00,18460.00,14435.00,72336.20,16321.00,27566.00,23164.00,14969.00,82020.00,19196.04,27339.31,28351.45,12913.00,87799.80,16561.86,33685.30,34829.93,16004.65,101081.74,20322.74,38777.81,33436.10,18262.39,110799.04,22207.99,41487.00,33137.76,18009.14,114841.89,24399.86,42258.81,33523.08,15173.43,115355.18,25814.71,44703.37,37920.49,18164.96,126603.53,27954.29,37287.81,31964.36,23534.53,120740.99,28692.77,45145.24,35191.95,22841.75,131871.71,33414.10,44648.13,38494.35,25889.19,142445.77,35556.08,50648.39,42124.12,25779.05,154107.63,36101.06,49278.73,39832.11,27784.44,152996.34,36240.70,49859.68,39337.83,18833.79,144272.01,36778.28,46011.34,38850.50,27340.04,148980.16,40723.87,46877.97,40111.24,26230.34,153943.41,38780.44,47773.31,42983.83,28866.22,158403.81,41855.45,50168.59,45836.94,27537.06,165398.04,39031.88,55428.70,48342.34,29993.89,172796.81,39602.68,59853.82,43476.54,28346.99,171280.04,40139.42,59408.14,48704.23,34027.33,182279.11,38188.30,58800.47,50023.57,32740.52,179752.85,19969.17,38704.66,40716.25,26726.80,126116.88,27328.04,44987.72,44952.47,28489.59,145757.82,25988.59,32921.29,72288.99,55957.44,187156.31,35764.83,40150.88,47785.70,90848.99,214550.41,16856.17,..,..,..,..
....Aklan,FISHERIES,..,..,..,..,10456.00,..,..,..,..,13474.00,..,..,..,..,13698.00,..,..,..,..,10827.00,..,..,..,..,10627.00,..,..,..,..,10898.00,..,..,..,..,12143.00,..,..,..,..,15398.00,..,..,..,..,16402.00,..,..,..,..,17466.00,..,..,..,..,22654.00,..,..,..,..,17637.00,..,..,..,..,14792.00,3658.00,3563.00,2032.00,2381.00,11634.00,2921.00,2590.00,2163.00,2105.00,9779.00,2616.00,3004.00,3711.00,4209.00,13540.00,2958.00,2875.00,3631.00,4978.00,14442.00,2679.00,2749.00,2622.00,5021.00,13071.00,2760.00,2604.00,2929.00,5467.00,13760.00,2655.00,2587.00,3501.00,5283.00,14026.00,2727.20,3117.00,4135.00,5926.00,15905.20,3144.00,3512.00,4250.00,2897.00,13803.00,3036.00,2694.10,4524.00,1851.70,12105.80,3123.46,2878.50,4919.13,2556.92,13478.01,3386.26,3217.50,5193.77,2798.93,14596.47,3092.66,4802.84,5689.65,3075.27,16660.42,3258.22,5198.60,6179.76,3068.21,17704.79,2550.13,4923.28,7201.72,2793.32,17468.46,2790.47,4642.07,5617.40,2896.00,15945.93,2761.77,4834.17,5422.22,2691.99,15710.15,3458.79,5059.83,5905.93,2937.46,17362.01,3451.65,4997.03,5754.20,2761.43,16964.31,3530.52,4842.45,5896.65,3028.34,17297.96,3885.81,5239.97,6228.15,2921.38,18275.31,4217.80,6461.81,6888.63,3526.97,21095.20,4794.37,7128.86,7318.49,3892.78,23134.50,3731.10,7705.63,7607.93,3649.67,22694.33,3186.24,7982.44,7528.24,3587.77,22284.68,4279.99,7545.17,9062.80,4187.78,25075.74,4900.73,7909.83,9342.87,4305.40,26458.84,4525.99,7266.15,9414.20,4094.52,25300.86,4426.75,6997.89,5868.73,2987.15,20280.51,2272.33,6218.97,4946.37,4422.20,17859.87,5103.69,6209.60,5003.49,3551.14,19867.92,5682.97,8383.81,6278.61,4483.42,24828.81,4250.61,5257.72,5075.88,5069.49,19653.71,5974.18,..,..,..,..
....Aklan,..Commercial Fisheries,..,..,..,..,298.00,..,..,..,..,192.00,..,..,..,..,131.00,..,..,..,..,341.00,..,..,..,..,493.00,..,..,..,..,499.00,..,..,..,..,474.00,..,..,..,..,488.00,..,..,..,..,1261.00,..,..,..,..,1287.00,..,..,..,..,7342.00,..,..,..,..,307.00,..,..,..,..,283.00,56.00,166.00,96.00,79.00,397.00,68.00,165.00,248.00,37.00,518.00,128.00,154.00,380.00,95.00,757.00,96.00,219.00,558.00,142.00,1015.00,37.00,224.00,457.00,88.00,806.00,69.00,163.00,359.00,188.00,779.00,109.00,125.00,385.00,254.00,873.00,149.00,123.00,376.00,247.00,895.00,178.00,166.00,318.00,226.00,888.00,215.00,161.00,295.00,186.00,857.00,202.00,175.00,304.00,453.00,1134.00,214.41,211.66,327.70,521.00,1274.77,213.81,254.00,257.45,114.10,839.36,189.02,295.41,300.23,110.46,895.12,161.56,304.30,368.39,105.51,939.76,148.77,263.64,297.90,121.38,831.69,158.57,278.67,274.80,119.79,831.83,164.17,287.41,296.78,148.81,897.17,169.44,306.86,283.70,137.46,897.46,163.58,290.33,271.60,149.76,875.27,177.44,311.54,291.15,155.58,935.71,197.08,359.55,303.34,150.28,1010.25,201.15,373.68,306.03,148.75,1029.61,182.71,376.09,276.69,135.69,971.18,190.02,396.40,250.95,133.78,971.15,199.44,431.15,266.29,152.24,1049.12,214.52,330.76,230.19,132.77,908.24,201.37,327.25,218.29,116.67,863.58,207.60,328.26,173.61,105.49,814.96,161.38,522.84,349.24,353.08,1386.54,827.03,1507.88,1499.12,512.48,4346.51,3165.50,3958.32,4027.17,2063.86,13214.85,1193.50,1213.92,1562.79,1042.79,5013.00,1715.29,..,..,..,..
....Aklan,..Municipal Fisheries,..,..,..,..,6441.00,..,..,..,..,5344.00,..,..,..,..,5498.00,..,..,..,..,4180.00,..,..,..,..,3877.00,..,..,..,..,4221.00,..,..,..,..,4539.00,..,..,..,..,5297.00,..,..,..,..,4755.00,..,..,..,..,5107.00,..,..,..,..,3699.00,..,..,..,..,4092.00,..,..,..,..,3677.00,991.00,849.00,722.00,1283.00,3845.00,1135.00,925.00,831.00,492.00,3383.00,1107.00,1055.00,646.00,485.00,3293.00,1061.00,1104.00,612.00,531.00,3308.00,1115.00,1196.00,565.00,533.00,3409.00,909.00,1082.00,859.00,612.00,3462.00,674.00,822.00,1085.00,812.00,3393.00,775.00,778.00,1046.00,773.00,3372.00,912.00,912.00,1144.00,443.00,3411.00,687.00,941.00,1074.00,424.00,3126.00,695.00,975.00,1098.00,594.00,3362.00,732.25,1034.94,1183.23,651.85,3602.27,764.95,2049.42,1648.94,1105.63,5568.94,1014.83,2387.12,1927.67,1263.99,6593.61,765.53,1922.88,2785.31,1126.10,6599.82,732.24,1908.05,2348.54,1418.36,6407.19,834.15,2048.49,2140.96,1331.70,6355.30,1455.59,2140.60,2353.72,1527.87,7477.78,1532.54,2205.91,2430.38,1422.57,7591.40,1590.07,2152.71,2344.97,1565.65,7653.40,1685.27,2300.33,2441.00,1380.52,7807.12,1809.93,2794.03,2762.24,1561.17,8927.37,2226.79,3192.78,2793.53,1524.23,9737.33,1980.02,3233.41,2574.27,1449.09,9236.79,1676.58,3290.66,2844.74,1399.89,9211.87,1479.27,3213.22,2654.04,1819.45,9165.98,1578.14,2744.03,2520.83,1717.64,8560.64,1402.65,2626.62,2358.73,1702.47,8090.47,1647.11,2563.19,2084.67,1686.92,7981.89,1298.81,4920.31,2433.64,2261.94,10914.70,3140.95,3771.58,2210.96,1891.03,11014.51,2007.67,3136.07,1526.69,1804.51,8474.94,2268.16,3288.02,3029.55,3300.09,11885.82,3674.12,..,..,..,..
....Aklan,....Marine Municipal Fisheries,..,..,..,..,6435.00,..,..,..,..,5300.00,..,..,..,..,5473.00,..,..,..,..,4159.00,..,..,..,..,3855.00,..,..,..,..,4197.00,..,..,..,..,4509.00,..,..,..,..,5273.00,..,..,..,..,4729.00,..,..,..,..,5078.00,..,..,..,..,3659.00,..,..,..,..,4056.00,..,..,..,..,3642.00,991.00,849.00,722.00,1283.00,3845.00,1135.00,925.00,831.00,492.00,3383.00,1107.00,1055.00,646.00,485.00,3293.00,1061.00,1104.00,612.00,531.00,3308.00,1114.00,1196.00,565.00,533.00,3408.00,909.00,1082.00,859.00,612.00,3462.00,672.00,821.00,1083.00,809.00,3385.00,773.00,777.00,1042.00,770.00,3362.00,909.00,911.00,1140.00,441.00,3401.00,683.00,939.00,1071.00,418.00,3111.00,683.00,965.00,1094.00,569.00,3311.00,720.05,1021.65,1178.10,627.00,3546.80,751.44,2037.06,1643.72,1085.68,5517.90,1004.45,2376.90,1920.24,1243.49,6545.08,757.87,1912.98,2772.78,1114.70,6558.33,723.85,1896.85,2185.90,1279.75,6086.35,748.79,1964.14,2015.42,1191.28,5919.63,1352.78,2060.87,2225.56,1384.81,7024.02,1416.37,2109.97,2297.33,1272.46,7096.13,1451.52,2029.26,2189.16,1396.83,7066.77,1553.67,2139.14,2253.20,1215.33,7161.34,1653.66,2602.09,2567.77,1375.83,8199.35,1974.24,3031.94,2619.15,1378.20,9003.53,1837.56,3101.16,2438.56,1342.08,8719.36,1559.34,3150.74,2697.37,1260.04,8667.49,1343.43,3047.75,2500.27,1642.49,8533.94,1483.84,2568.29,2338.01,1505.25,7895.39,1285.97,2427.24,2145.78,1511.68,7370.67,1202.17,2360.47,1904.99,1495.06,6962.69,1137.10,4763.79,2142.89,1972.07,10015.86,2952.32,3612.35,2070.47,1703.56,10338.69,1961.34,3063.35,1503.83,1781.63,8310.14,2144.23,3167.81,2932.68,3212.69,11457.41,3608.26,..,..,..,..
....Aklan,....Inland Municipal Fisheries,..,..,..,..,6.00,..,..,..,..,44.00,..,..,..,..,25.00,..,..,..,..,21.00,..,..,..,..,22.00,..,..,..,..,24.00,..,..,..,..,30.00,..,..,..,..,24.00,..,..,..,..,26.00,..,..,..,..,29.00,..,..,..,..,40.00,..,..,..,..,36.00,..,..,..,..,35.00,..,..,..,..,..,..,..,..,..,..,..,..,..,..,..,..,..,..,..,..,1.00,..,..,..,1.00,..,..,..,..,..,2.00,1.00,2.00,3.00,8.00,2.00,1.00,4.00,3.00,10.00,3.00,1.00,4.00,2.00,10.00,4.00,2.00,3.00,6.00,15.00,12.00,10.00,4.00,25.00,51.00,12.20,13.29,5.13,24.85,55.47,13.51,12.36,5.22,19.95,51.04,10.38,10.22,7.43,20.50,48.53,7.66,9.90,12.53,11.40,41.49,8.39,11.20,162.64,138.61,320.84,85.36,84.35,125.54,140.42,435.67,102.81,79.73,128.16,143.06,453.76,116.17,95.94,133.05,150.11,495.27,138.55,123.45,155.81,168.82,586.63,131.60,161.19,187.80,165.19,645.78,156.27,191.94,194.47,185.34,728.02,252.55,160.84,174.38,146.03,733.80,142.46,132.25,135.71,107.01,517.43,117.24,139.92,147.37,139.85,544.38,135.84,165.47,153.77,176.96,632.04,94.30,175.74,182.82,212.39,665.25,116.68,199.38,212.95,190.79,719.80,444.94,202.72,179.68,191.86,1019.20,161.71,156.51,290.76,289.86,898.85,188.63,159.23,140.49,187.47,675.82,46.33,72.72,22.86,22.88,164.79,123.92,120.21,96.88,87.40,428.41,65.86,..,..,..,..
....Aklan,..Aquaculture,..,..,..,..,3717.00,..,..,..,..,7938.00,..,..,..,..,8069.00,..,..,..,..,6306.00,..,..,..,..,6257.00,..,..,..,..,6178.00,..,..,..,..,7130.00,..,..,..,..,9613.00,..,..,..,..,10386.00,..,..,..,..,11072.00,..,..,..,..,11613.00,..,..,..,..,13238.00,..,..,..,..,10832.00,2611.00,2548.00,1214.00,1019.00,7392.00,1718.00,1500.00,1084.00,1576.00,5878.00,1381.00,1795.00,2685.00,3629.00,9490.00,1801.00,1552.00,2461.00,4305.00,10119.00,1527.00,1329.00,1600.00,4400.00,8856.00,1782.00,1359.00,1711.00,4667.00,9519.00,1872.00,1640.00,2031.00,4217.00,9760.00,1803.20,2216.00,2713.00,4906.00,11638.20,2054.00,2434.00,2788.00,2228.00,9504.00,2134.00,1592.10,3155.00,1241.70,8122.80,2226.46,1728.50,3517.13,1509.92,8982.01,2439.60,1970.90,3682.85,1626.08,9719.43,2113.90,2499.42,3783.26,1855.54,10252.12,2054.37,2516.07,3951.86,1693.76,10216.06,1623.04,2696.10,4048.02,1561.71,9928.88,1909.46,2470.38,2970.96,1356.26,8707.05,1769.05,2507.01,3006.46,1240.50,8523.02,1839.03,2631.82,3255.43,1260.78,8987.06,1749.67,2484.26,3040.12,1201.40,8475.45,1776.87,2399.41,3280.08,1312.93,8769.29,2023.10,2628.10,3496.00,1385.28,9532.48,2210.79,3308.23,3823.05,1815.52,11157.58,2366.43,3562.40,4218.93,2219.80,12367.56,1568.37,4096.13,4756.97,2064.89,12486.36,1319.64,4295.38,4432.55,2054.10,12101.66,2601.28,3900.80,6142.47,2216.09,14860.64,3108.07,4835.04,6591.85,2454.99,16989.96,2921.97,4312.28,6837.18,2275.38,16346.81,2572.04,4106.44,3610.45,1194.74,11483.66,812.14,775.81,2163.49,1807.18,5558.62,1135.71,930.14,1293.41,1147.63,4506.90,509.80,1289.43,724.76,615.05,3139.03,788.96,755.79,483.54,726.61,2754.89,584.77,..,..,..,..
....Antique,FISHERIES,..,..,..,..,20485.00,..,..,..,..,21144.00,..,..,..,..,18515.00,..,..,..,..,20941.00,..,..,..,..,20194.00,..,..,..,..,15187.00,..,..,..,..,16086.00,..,..,..,..,19522.00,..,..,..,..,23917.00,..,..,..,..,20833.00,..,..,..,..,28326.00,..,..,..,..,19585.00,..,..,..,..,12073.00,4936.00,5271.00,1300.00,1767.00,13274.00,4384.00,5579.00,1418.00,2302.00,13683.00,4295.00,4115.00,1606.00,1974.00,11990.00,3904.00,4185.00,1762.00,2355.00,12206.00,4465.00,4366.00,3585.00,2563.00,14979.00,6391.00,5955.00,6309.00,5649.00,24304.00,9739.00,8217.00,6486.00,6037.00,30479.00,12207.00,11573.00,6345.00,5623.00,35748.00,14446.00,13662.00,11731.00,9886.00,49725.00,16054.00,16911.00,13943.00,9543.00,56451.00,14595.10,21630.20,18560.10,11946.30,66731.70,17130.00,22151.20,15127.12,13457.89,67866.21,18325.42,22740.52,13769.20,12537.96,67373.10,20057.02,23541.79,12569.67,10105.55,66274.03,21963.05,24953.22,13248.95,11825.47,71990.69,21628.25,18716.00,10773.60,13980.58,65098.42,22496.59,20902.64,12506.47,15446.20,71351.90,28508.77,24726.15,17635.35,18054.69,88924.96,29760.79,27027.24,17797.42,17286.34,91871.80,29685.02,25869.19,16007.82,18386.18,89948.21,29453.42,27154.34,16352.94,10510.09,83470.79,31615.48,28704.57,18404.91,17847.44,96572.41,34119.12,28159.88,18986.72,18725.08,99990.80,36312.72,28687.64,19036.04,16631.95,100668.35,37667.44,28783.26,19604.37,15044.40,101099.47,29921.57,30679.02,18217.54,17769.15,96587.29,30950.32,32236.62,9982.22,13632.78,86801.94,33329.92,31454.72,15968.08,16646.01,97398.73,30862.40,31024.65,16861.64,17047.62,95796.30,19956.24,21198.33,23026.17,26489.33,90670.08,23810.01,27401.80,24758.74,20600.29,96570.84,24900.73,15640.38,48080.27,31814.50,120435.89,29957.33,23331.53,27428.20,18715.70,99432.77,18046.46,..,..,..,..
....Antique,..Commercial Fisheries,..,..,..,..,2813.00,..,..,..,..,2475.00,..,..,..,..,2547.00,..,..,..,..,2418.00,..,..,..,..,3291.00,..,..,..,..,3243.00,..,..,..,..,3407.00,..,..,..,..,3899.00,..,..,..,..,7943.00,..,..,..,..,4248.00,..,..,..,..,14780.00,..,..,..,..,5817.00,..,..,..,..,2176.00,1122.00,821.00,136.00,192.00,2271.00,676.00,1227.00,357.00,333.00,2593.00,1115.00,331.00,248.00,97.00,1791.00,1136.00,343.00,395.00,117.00,1991.00,1146.00,389.00,769.00,203.00,2507.00,1288.00,427.00,581.00,196.00,2492.00,1179.00,463.00,683.00,192.00,2517.00,1844.00,597.00,666.00,189.00,3296.00,2013.00,1088.00,1103.00,240.00,4444.00,2085.00,1295.00,1056.00,980.00,5416.00,3009.00,1746.00,1036.00,1149.00,6940.00,3107.00,1725.00,1060.87,1178.16,7071.03,3006.00,1815.39,1020.43,1135.71,6977.53,2958.77,1744.74,988.81,1119.44,6811.76,3247.55,1796.44,970.44,1046.57,7061.00,2948.56,1739.59,816.83,1122.84,6627.82,3022.74,1671.37,896.60,1040.90,6631.61,3452.55,2261.79,1548.77,1080.22,8343.33,3177.01,1973.31,1315.82,1056.77,7522.91,3272.01,1915.46,1154.31,1182.30,7524.08,3474.04,1821.95,1127.44,1038.04,7461.47,3592.90,1864.25,1022.87,1076.19,7556.21,3715.88,2386.63,979.96,1003.04,8085.51,3887.62,2479.69,849.48,856.13,8072.92,4144.15,2221.60,726.22,731.15,7823.12,3006.50,1852.40,636.62,808.05,6303.57,3285.49,1446.77,545.24,699.69,5977.19,3403.91,1727.66,587.53,776.54,6495.64,3168.47,1658.90,1009.02,957.02,6793.41,3508.84,4421.99,6630.32,4108.62,18669.77,3115.93,3351.90,4129.55,2677.91,13275.29,3176.38,3447.05,4837.51,2690.83,14151.77,2666.78,4156.49,3148.53,2292.93,12264.74,3016.30,..,..,..,..
....Antique,..Municipal Fisheries,..,..,..,..,17535.00,..,..,..,..,18376.00,..,..,..,..,15619.00,..,..,..,..,18226.00,..,..,..,..,16495.00,..,..,..,..,11615.00,..,..,..,..,12306.00,..,..,..,..,15199.00,..,..,..,..,15557.00,..,..,..,..,16149.00,..,..,..,..,13089.00,..,..,..,..,13247.00,..,..,..,..,9470.00,3204.00,3958.00,739.00,1311.00,9212.00,3073.00,3915.00,681.00,1655.00,9324.00,3017.00,3647.00,657.00,1535.00,8856.00,2594.00,3702.00,744.00,1789.00,8829.00,2685.00,3780.00,2164.00,1855.00,10484.00,3072.00,2931.00,1844.00,1805.00,9652.00,2641.00,3059.00,2949.00,1874.00,10523.00,4322.00,4282.00,2877.00,1830.00,13311.00,4955.00,4743.00,2816.00,1998.00,14512.00,4557.00,3563.00,2119.00,2402.00,12641.00,4964.00,3031.00,1943.00,1790.00,11728.00,4213.00,3003.00,1754.45,1851.52,10821.97,4038.32,2981.61,1722.45,1955.23,10697.61,3957.51,2934.06,1683.20,2300.20,10874.97,4214.98,3044.86,1611.98,2139.40,11011.22,3888.65,2886.26,1472.08,2272.92,10519.91,4068.71,3709.98,1639.98,2542.61,11961.28,3884.57,4073.48,3245.20,2441.66,13644.91,3677.07,3625.99,2952.88,2342.00,12597.94,3405.30,3156.26,2685.39,2720.28,11967.23,3565.38,3354.45,2776.99,2352.75,12049.57,3649.74,3455.38,2486.04,2403.72,11994.88,3805.70,3134.97,2295.89,2334.76,11571.32,3980.17,3213.12,1997.86,2033.75,11224.90,4202.20,3023.44,1663.40,1640.84,10529.88,3161.60,2649.09,1333.18,1540.42,8684.29,3274.05,2209.28,1086.63,1416.29,7986.25,3519.85,2557.35,1039.41,1525.40,8642.01,3650.98,2757.85,1216.59,2072.90,9698.32,4372.30,3955.31,3954.67,3819.21,16101.49,3551.18,4146.06,2624.21,2920.38,13241.83,5589.54,5314.29,4719.05,4416.42,20039.30,4512.65,4610.69,5014.81,3401.04,17539.18,3656.89,..,..,..,..
....Antique,....Marine Municipal Fisheries,..,..,..,..,17524.00,..,..,..,..,18348.00,..,..,..,..,15520.00,..,..,..,..,18142.00,..,..,..,..,16409.00,..,..,..,..,11530.00,..,..,..,..,12217.00,..,..,..,..,15111.00,..,..,..,..,15460.00,..,..,..,..,16049.00,..,..,..,..,12966.00,..,..,..,..,13128.00,..,..,..,..,9353.00,3204.00,3958.00,739.00,1311.00,9212.00,3073.00,3915.00,681.00,1655.00,9324.00,3017.00,3647.00,657.00,1535.00,8856.00,2594.00,3702.00,744.00,1789.00,8829.00,2684.00,3780.00,2164.00,1855.00,10483.00,3072.00,2931.00,1844.00,1805.00,9652.00,2639.00,3055.00,2939.00,1870.00,10503.00,4320.00,4279.00,2874.00,1825.00,13298.00,4952.00,4738.00,2810.00,1990.00,14490.00,4554.00,3560.00,2104.00,2390.00,12608.00,4961.00,3027.00,1929.00,1703.00,11620.00,4179.00,2965.00,1727.53,1775.24,10646.77,4011.69,2928.17,1690.43,1892.13,10522.42,3909.45,2856.95,1611.92,2218.49,10596.81,4138.01,2971.88,1526.67,2049.59,10686.15,3808.01,2813.95,1368.74,2155.41,10146.11,3976.23,3602.76,1529.61,2416.84,11525.44,3801.21,3994.75,3133.40,2308.50,13237.86,3586.02,3534.41,2840.18,2206.41,12167.02,3305.60,3049.59,2558.25,2574.71,11488.15,3448.37,3241.48,2644.11,2203.56,11537.52,3523.22,3339.26,2347.21,2260.93,11470.62,3689.07,3018.60,2168.33,2198.81,11074.81,3882.98,3156.81,1889.47,1895.75,10825.01,4095.65,2957.27,1553.55,1522.99,10129.46,3073.51,2585.87,1245.72,1445.31,8350.41,3167.96,2139.18,998.07,1323.31,7628.52,3438.33,2478.97,949.61,1427.05,8293.96,3568.51,2685.87,1163.75,2016.79,9434.92,4344.02,3939.96,3923.00,3792.26,15999.24,3525.64,4133.55,2592.69,2891.33,13143.22,5576.83,5281.03,4695.73,4395.18,19948.77,4496.68,4591.86,4992.82,3387.47,17468.82,3649.93,..,..,..,..
....Antique,....Inland Municipal Fisheries,..,..,..,..,11.00,..,..,..,..,28.00,..,..,..,..,99.00,..,..,..,..,84.00,..,..,..,..,86.00,..,..,..,..,85.00,..,..,..,..,89.00,..,..,..,..,88.00,..,..,..,..,97.00,..,..,..,..,100.00,..,..,..,..,123.00,..,..,..,..,119.00,..,..,..,..,117.00,..,..,..,..,..,..,..,..,..,..,..,..,..,..,..,..,..,..,..,..,1.00,..,..,..,1.00,..,..,..,..,..,2.00,4.00,10.00,4.00,20.00,2.00,3.00,3.00,5.00,13.00,3.00,5.00,6.00,8.00,22.00,3.00,3.00,15.00,12.00,33.00,3.00,4.00,14.00,87.00,108.00,34.00,38.00,26.92,76.28,175.20,26.63,53.44,32.02,63.10,175.19,48.06,77.11,71.28,81.71,278.16,76.97,72.98,85.31,89.81,325.07,80.64,72.31,103.34,117.51,373.80,92.48,107.22,110.37,125.77,435.84,83.36,78.73,111.80,133.16,407.05,91.05,91.58,112.70,135.59,430.92,99.70,106.67,127.14,145.57,479.08,117.01,112.97,132.88,149.19,512.05,126.52,116.12,138.83,142.79,524.26,116.63,116.37,127.56,135.95,496.51,97.19,56.31,108.39,138.00,399.89,106.55,66.17,109.85,117.85,400.42,88.09,63.22,87.46,95.11,333.88,106.09,70.10,88.56,92.98,357.73,81.52,78.38,89.80,98.35,348.05,82.47,71.98,52.84,56.11,263.40,28.28,15.35,31.67,26.95,102.25,25.54,12.51,31.51,29.05,98.61,12.71,33.27,23.32,21.24,90.53,15.97,18.84,21.99,13.57,70.36,6.96,..,..,..,..
....Antique,..Aquaculture,..,..,..,..,137.00,..,..,..,..,293.00,..,..,..,..,349.00,..,..,..,..,297.00,..,..,..,..,408.00,..,..,..,..,329.00,..,..,..,..,373.00,..,..,..,..,424.00,..,..,..,..,417.00,..,..,..,..,436.00,..,..,..,..,457.00,..,..,..,..,521.00,..,..,..,..,427.00,610.00,492.00,425.00,264.00,1791.00,635.00,437.00,380.00,314.00,1766.00,163.00,137.00,701.00,342.00,1343.00,174.00,140.00,623.00,449.00,1386.00,634.00,197.00,652.00,505.00,1988.00,2031.00,2597.00,3884.00,3648.00,12160.00,5919.00,4695.00,2854.00,3971.00,17439.00,6041.00,6694.00,2802.00,3604.00,19141.00,7478.00,7831.00,7812.00,7648.00,30769.00,9412.00,12053.00,10768.00,6161.00,38394.00,6622.10,16853.20,15581.10,9007.30,48063.70,9810.00,17423.20,12311.80,10428.21,49973.21,11281.10,17943.52,11026.32,9447.02,49697.96,13140.74,18862.99,9897.66,6685.91,48587.30,14500.52,20111.92,10666.53,8639.50,53918.47,14791.04,14090.15,8484.69,10584.82,47950.69,15405.14,15521.29,9969.89,11862.69,52759.01,21171.65,18390.88,12841.38,14532.81,66936.72,22906.71,21427.94,13528.72,13887.57,71750.95,23007.71,20797.47,12168.12,14483.60,70456.90,22414.00,21977.94,12448.51,7119.30,63959.75,24372.84,23384.94,14896.00,14367.53,77021.32,26597.54,22638.28,15710.87,15387.28,80333.97,28444.93,22994.83,16188.70,13742.07,81370.53,29321.09,23538.22,17214.75,12672.41,82746.47,23753.47,26177.53,16247.74,15420.68,81599.43,24390.78,28580.57,8350.35,11516.80,72838.50,26406.16,27169.71,14341.14,14344.07,82261.08,24042.95,26607.90,14636.03,14017.70,79304.57,12075.10,12821.04,12441.18,18561.50,55898.83,17142.90,19903.83,18004.98,15002.00,70053.72,16134.82,6879.03,38523.71,24707.26,86244.82,22777.90,14564.35,19264.87,13021.74,69628.85,11373.28,..,..,..,..
....Capiz,FISHERIES,..,..,..,..,28737.00,..,..,..,..,34363.00,..,..,..,..,36821.00,..,..,..,..,29941.00,..,..,..,..,37287.00,..,..,..,..,40160.00,..,..,..,..,35473.00,..,..,..,..,49460.00,..,..,..,..,51382.00,..,..,..,..,57269.00,..,..,..,..,51808.00,..,..,..,..,53599.00,..,..,..,..,51145.00,9147.00,12816.00,6694.00,9140.00,37797.00,7506.00,9020.00,7158.00,5111.00,28795.00,10515.00,12114.00,6252.00,5455.00,34336.00,9121.00,14160.00,13808.00,7600.00,44689.00,8677.00,14187.00,9568.00,7390.00,39822.00,8857.00,13924.00,9014.00,6328.00,38123.00,8882.00,15577.00,9286.00,6907.00,40652.00,11859.00,19331.00,12988.00,6099.00,50277.00,11699.00,19578.00,13264.00,7824.00,52365.00,13036.04,19259.00,14334.45,8613.40,55242.89,13555.00,20333.60,15222.30,8291.72,57402.62,14092.15,20904.07,15777.09,8262.17,59035.48,15962.32,21563.50,15854.23,9521.76,62901.81,16130.29,23220.81,15816.00,9340.02,64507.12,16087.62,25121.22,18627.87,10596.64,70433.35,17449.64,24014.64,18687.04,13865.59,74016.91,17324.47,32833.83,29200.94,18559.79,97919.04,18583.53,34520.94,30844.45,19580.60,103529.52,17468.05,36487.93,30692.13,20233.33,104881.45,18448.83,36069.26,31300.88,18642.39,104461.35,16567.55,36686.09,29447.70,14957.36,97658.69,15542.94,28468.18,30961.56,15439.68,90412.36,16038.42,30728.61,29059.26,11818.66,87644.96,11709.68,29542.85,30858.09,15290.01,87400.62,13702.89,29164.07,29606.89,15051.97,87525.82,14129.06,28454.52,27471.03,15822.18,85876.79,15177.78,31175.20,32630.44,16278.55,95261.97,13893.87,28331.38,30599.41,15999.05,88823.71,15828.42,31068.08,33509.91,17382.60,97789.02,11770.76,36722.48,31703.79,11995.75,92192.79,14528.66,30400.42,31720.84,17763.90,94413.83,13517.06,27820.47,36318.41,33641.20,111297.13,14742.81,28311.15,31159.52,78249.31,152462.78,10113.58,..,..,..,..
....Capiz,..Commercial Fisheries,..,..,..,..,7978.00,..,..,..,..,8802.00,..,..,..,..,9908.00,..,..,..,..,5295.00,..,..,..,..,5891.00,..,..,..,..,7745.00,..,..,..,..,6541.00,..,..,..,..,8871.00,..,..,..,..,8105.00,..,..,..,..,12358.00,..,..,..,..,8516.00,..,..,..,..,3743.00,..,..,..,..,9655.00,3172.00,8157.00,3129.00,5059.00,19517.00,1750.00,4297.00,2705.00,2272.00,11024.00,2589.00,3308.00,2653.00,2149.00,10699.00,3267.00,5714.00,2412.00,2727.00,14120.00,3075.00,5600.00,5422.00,2810.00,16907.00,3348.00,4855.00,4492.00,2462.00,15157.00,2625.00,5543.00,4658.00,2742.00,15568.00,4011.00,6274.00,4844.00,2605.00,17734.00,4320.00,6107.00,5125.00,2522.00,18074.00,4651.00,6370.00,5344.00,2756.00,19121.00,4835.00,6765.00,5485.00,2825.00,19910.00,5115.76,7080.06,5678.05,2770.92,20644.79,5662.31,7296.50,5394.03,3025.70,21378.54,5448.66,7760.63,5100.88,2943.51,21253.68,5607.30,8217.04,5680.44,3278.05,22782.83,5474.15,7900.36,5603.39,3250.92,22228.82,5504.29,8197.29,5729.51,3670.75,23101.84,5438.36,8674.98,6278.05,3989.96,24381.35,5203.00,9077.85,6086.50,4237.30,24604.65,5477.51,8484.60,5825.30,3828.80,23616.21,2985.95,8086.88,3029.48,3060.92,17163.23,2496.79,3091.32,5803.08,3101.05,14492.24,2557.00,2724.78,2973.93,1471.19,9726.90,1919.79,2534.08,2426.68,2080.16,8960.71,2460.20,3535.09,3129.52,2073.86,11198.67,2743.20,2937.96,1556.84,1938.04,9176.04,2714.88,2451.05,2291.40,2250.52,9707.85,2940.60,3572.44,2914.96,2239.26,11667.26,2570.85,4096.35,2935.35,2870.72,12473.27,2909.54,7528.69,5134.36,5232.45,20805.04,5185.10,5177.86,5127.51,4852.32,20342.79,4423.67,3682.60,4272.53,4374.27,16753.06,4260.71,3778.16,3586.33,2571.45,14196.66,5146.65,..,..,..,..
....Capiz,..Municipal Fisheries,..,..,..,..,7158.00,..,..,..,..,6052.00,..,..,..,..,8360.00,..,..,..,..,6115.00,..,..,..,..,6071.00,..,..,..,..,6825.00,..,..,..,..,7036.00,..,..,..,..,11521.00,..,..,..,..,14027.00,..,..,..,..,14455.00,..,..,..,..,11350.00,..,..,..,..,13442.00,..,..,..,..,11695.00,3388.00,2525.00,1250.00,2218.00,9381.00,4028.00,2693.00,1276.00,743.00,8740.00,3887.00,2729.00,930.00,1389.00,8935.00,3320.00,2616.00,1266.00,1307.00,8509.00,3373.00,2731.00,1287.00,1482.00,8873.00,3171.00,2503.00,1381.00,1133.00,8188.00,2901.00,2745.00,1427.00,1438.00,8511.00,3246.00,3323.00,1504.00,1123.00,9196.00,3091.00,3486.00,1583.00,3046.00,11206.00,3236.00,3713.00,1644.00,3371.00,11964.00,3358.00,3873.00,1684.00,2974.00,11889.00,3454.28,3774.75,1645.48,2903.48,11777.99,4070.54,3898.96,1760.47,3032.38,12762.35,4189.76,4501.93,1516.29,2917.18,13125.16,3925.82,4809.75,1787.93,3266.56,13790.06,3637.67,4532.96,1762.90,3234.04,13167.57,3431.29,11694.96,11040.12,8788.89,34955.26,5713.29,12527.55,11447.54,9243.34,38931.72,4787.08,12944.34,10635.86,9044.10,37411.38,5002.90,12428.86,11183.27,7453.46,36068.49,5176.47,12767.36,11648.38,5182.96,34775.17,5041.80,10478.01,10332.69,5265.97,31118.47,5215.80,11071.98,10780.97,5474.20,32542.95,3929.35,10141.96,10656.57,5132.41,29860.29,3530.21,7534.74,7615.58,4688.86,23369.39,3315.07,6032.86,5810.84,5235.95,20394.72,3807.50,6357.60,7553.04,5051.24,22769.38,2915.53,2904.84,5128.99,4732.88,15682.24,3802.28,3679.44,5543.81,5235.80,18261.33,3288.36,5619.15,2716.42,2704.72,14328.64,2783.58,2122.14,2706.00,3247.26,10858.98,2196.00,1389.85,1219.18,1783.50,6588.53,2394.46,1965.90,1833.92,1471.32,7665.60,1565.43,..,..,..,..
....Capiz,....Marine Municipal Fisheries,..,..,..,..,7158.00,..,..,..,..,6041.00,..,..,..,..,7591.00,..,..,..,..,5464.00,..,..,..,..,5404.00,..,..,..,..,6125.00,..,..,..,..,6301.00,..,..,..,..,10817.00,..,..,..,..,13252.00,..,..,..,..,13650.00,..,..,..,..,10423.00,..,..,..,..,12494.00,..,..,..,..,10761.00,3387.00,2524.00,1250.00,2218.00,9379.00,4025.00,2692.00,1275.00,741.00,8733.00,3886.00,2729.00,928.00,1388.00,8931.00,3319.00,2615.00,1264.00,1305.00,8503.00,3372.00,2731.00,1285.00,1480.00,8868.00,3170.00,2502.00,1379.00,1131.00,8182.00,2900.00,2744.00,1424.00,1435.00,8503.00,3245.00,3322.00,1499.00,1119.00,9185.00,3089.00,3485.00,1578.00,3042.00,11194.00,3234.00,3712.00,1638.00,3367.00,11951.00,3352.00,3867.00,1677.00,2970.00,11866.00,3447.76,3761.78,1632.33,2889.14,11731.01,4061.11,3888.34,1742.24,3015.00,12706.69,4177.00,4489.00,1494.44,2891.38,13051.82,3907.08,4797.64,1762.76,3237.86,13705.34,3613.67,4492.36,1736.33,3205.00,13047.36,3380.36,11645.64,10985.58,8745.26,34756.84,5678.82,12504.86,11403.95,9183.15,38770.78,4722.97,12898.48,10590.39,8973.46,37185.30,4922.55,12367.29,11137.47,7390.71,35818.02,5123.63,12693.47,11596.30,5105.01,34518.41,4995.04,10429.29,10275.89,5215.68,30915.90,5167.01,11038.20,10744.69,5445.74,32395.64,3913.67,10119.11,10627.37,5094.45,29754.60,3506.88,7509.80,7590.09,4649.77,23256.54,3289.54,6016.95,5788.58,5210.08,20305.15,3783.95,6343.53,7519.61,5013.44,22660.53,2890.61,2855.91,5083.58,4656.47,15486.57,2776.20,3171.12,4904.85,4464.48,15316.65,2499.74,5369.32,2463.92,2523.81,12856.79,2150.44,1851.12,2448.59,3013.85,9464.01,2004.47,1254.73,1072.96,1544.95,5877.12,2234.25,1819.88,1668.08,1366.39,7088.60,1457.19,..,..,..,..
....Capiz,....Inland Municipal Fisheries,..,..,..,..,..,..,..,..,..,11.00,..,..,..,..,769.00,..,..,..,..,651.00,..,..,..,..,667.00,..,..,..,..,700.00,..,..,..,..,735.00,..,..,..,..,704.00,..,..,..,..,775.00,..,..,..,..,805.00,..,..,..,..,927.00,..,..,..,..,948.00,..,..,..,..,934.00,1.00,1.00,..,..,2.00,3.00,1.00,1.00,2.00,7.00,1.00,..,2.00,1.00,4.00,1.00,1.00,2.00,2.00,6.00,1.00,..,2.00,2.00,5.00,1.00,1.00,2.00,2.00,6.00,1.00,1.00,3.00,3.00,8.00,1.00,1.00,5.00,4.00,11.00,2.00,1.00,5.00,4.00,12.00,2.00,1.00,6.00,4.00,13.00,6.00,6.00,7.00,4.00,23.00,6.52,12.97,13.15,14.34,46.98,9.43,10.62,18.23,17.38,55.66,12.76,12.93,21.85,25.80,73.34,18.74,12.11,25.17,28.70,84.72,24.00,40.60,26.57,29.04,120.21,50.93,49.32,54.54,43.63,198.42,34.47,22.69,43.59,60.19,160.94,64.11,45.86,45.47,70.64,226.08,80.35,61.57,45.80,62.75,250.47,52.84,73.89,52.08,77.95,256.76,46.76,48.72,56.80,50.29,202.57,48.79,33.78,36.28,28.46,147.31,15.68,22.85,29.20,37.96,105.69,23.33,24.94,25.49,39.09,112.85,25.53,15.91,22.26,25.87,89.57,23.55,14.07,33.43,37.80,108.85,24.92,48.93,45.41,76.41,195.67,1026.08,508.32,638.96,771.32,2944.68,788.62,249.83,252.50,180.90,1471.85,633.14,271.03,257.41,233.41,1394.98,191.53,135.12,146.22,238.55,711.41,160.20,146.03,165.84,104.93,577.00,108.25,..,..,..,..
....Capiz,..Aquaculture,..,..,..,..,13601.00,..,..,..,..,19509.00,..,..,..,..,18553.00,..,..,..,..,18531.00,..,..,..,..,25325.00,..,..,..,..,25590.00,..,..,..,..,21896.00,..,..,..,..,29068.00,..,..,..,..,29250.00,..,..,..,..,30456.00,..,..,..,..,31942.00,..,..,..,..,36414.00,..,..,..,..,29795.00,2587.00,2134.00,2315.00,1863.00,8899.00,1728.00,2030.00,3177.00,2096.00,9031.00,4039.00,6077.00,2669.00,1917.00,14702.00,2534.00,5830.00,10130.00,3566.00,22060.00,2229.00,5856.00,2859.00,3098.00,14042.00,2338.00,6566.00,3141.00,2733.00,14778.00,3356.00,7289.00,3201.00,2727.00,16573.00,4602.00,9734.00,6640.00,2371.00,23347.00,4288.00,9985.00,6556.00,2256.00,23085.00,5149.04,9176.00,7346.45,2486.40,24157.89,5362.00,9695.60,8053.30,2492.72,25603.62,5522.11,10049.26,8453.56,2587.77,26612.70,6229.47,10368.04,8699.73,3463.68,28760.92,6491.87,10958.25,9198.83,3479.33,30128.28,6554.50,12094.43,11159.50,4052.03,33860.46,8337.82,11581.32,11320.75,7380.63,38620.52,8388.89,12941.58,12431.31,6100.15,39861.94,7431.88,13318.41,13118.86,6347.30,40216.45,7477.97,14465.74,13969.77,6951.93,42865.42,7968.42,15155.80,14292.31,7360.13,44776.65,8405.13,15831.85,14769.84,6713.48,45720.29,8004.35,14898.85,14825.79,7072.66,44801.65,8265.62,16931.85,15304.36,4873.27,45375.11,5860.54,16866.81,17774.84,8077.44,48579.62,7712.48,18094.24,18861.79,8289.25,52957.76,8070.79,19483.70,20103.35,8648.19,56306.03,8655.40,22366.55,22786.00,8976.79,62784.74,8037.74,21854.10,22555.46,9026.91,61474.21,9455.29,23292.29,25030.75,9276.08,67054.42,5572.86,23574.64,23853.01,4058.59,57059.10,6559.98,23100.42,23887.32,9664.33,63212.05,6897.40,22748.02,30826.70,27483.43,87955.55,8087.63,22567.08,25739.27,74206.54,130600.52,3401.50,..,..,..,..
....Guimaras,FISHERIES,..,..,..,..,1684.00,..,..,..,..,1539.00,..,..,..,..,1279.00,..,..,..,..,1380.00,..,..,..,..,1282.00,..,..,..,..,1342.00,..,..,..,..,1375.00,..,..,..,..,2045.00,..,..,..,..,1928.00,..,..,..,..,2088.00,..,..,..,..,1054.00,..,..,..,..,1593.00,..,..,..,..,1137.00,1220.00,1085.00,944.00,954.00,4203.00,620.00,978.00,275.00,714.00,2587.00,1347.00,863.00,347.00,947.00,3504.00,1532.00,1081.00,385.00,914.00,3912.00,1617.00,1125.00,261.00,818.00,3821.00,1705.00,975.00,619.00,806.00,4105.00,656.00,886.00,831.00,848.00,3221.00,609.00,906.00,675.00,788.00,2978.00,684.00,1019.00,581.00,716.00,3000.00,695.00,806.21,651.00,830.00,2982.21,776.00,1038.50,831.00,1032.51,3678.01,958.95,1041.09,965.33,1068.64,4034.01,1111.21,1163.49,1162.57,1222.70,4659.97,1260.95,1708.40,1228.23,1527.34,5724.92,1731.15,1687.23,1359.27,1888.84,6666.49,2070.53,1789.29,1650.11,2350.86,7860.79,2210.36,1810.81,1726.16,2356.72,8104.05,2208.83,1610.25,1627.03,2144.42,7590.52,2284.61,1732.55,1660.47,1917.75,7595.38,2273.80,1821.24,1483.50,2352.78,7931.31,2436.49,2303.42,1931.06,1862.56,8533.54,2259.63,1950.59,1693.47,1961.01,7864.70,2557.14,2230.38,2004.74,1628.96,8421.21,2698.85,2319.34,1889.88,2041.17,8949.24,2507.26,2478.24,1784.30,1874.04,8643.83,2287.61,2102.33,1694.66,1698.87,7783.47,2427.59,2310.54,1889.69,1727.49,8355.30,2351.48,2025.35,1784.65,1778.89,7940.37,2436.58,2043.40,1647.79,1716.76,7844.53,1437.83,1148.10,1650.94,1280.55,5517.43,1365.38,1098.47,1411.66,1344.56,5220.07,1990.59,1506.55,1317.55,1630.97,6445.65,1491.39,2036.81,2453.06,1808.33,7789.58,1262.77,..,..,..,..
....Guimaras,..Commercial Fisheries,..,..,..,..,..,..,..,..,..,..,..,..,..,..,..,..,..,..,..,..,..,..,..,..,..,..,..,..,..,..,..,..,..,..,..,..,..,..,..,..,..,..,..,..,..,..,..,..,..,..,..,..,..,..,..,..,..,..,..,..,..,..,..,..,..,..,..,..,..,..,..,..,..,..,..,..,..,..,..,..,..,..,..,..,..,..,..,..,..,..,..,..,..,..,..,..,..,..,..,..,..,..,..,..,..,..,..,..,..,..,..,..,..,..,..,..,..,..,..,..,..,..,..,..,..,..,..,..,..,..,..,..,..,..,..,..,..,..,..,..,..,..,..,..,..,..,..,..,..,..,..,..,..,..,..,..,..,..,..,..,..,..,..,..,..,..,..,..,..,..,..,..,..,..,..,..,..,..,..,..,.,.,.,.,.,..,..,..,.,.,.,.,.,.,.,.,.,.,.,.,.,.,.,.,.,.,.,.,.,.,.,.,.,.,.,.,.,.,.,.,.,.,.,.,.,.,.,.,.,.,.,..,..,..,..
....Guimaras,..Municipal Fisheries,..,..,..,..,1684.00,..,..,..,..,1539.00,..,..,..,..,1279.00,..,..,..,..,1380.00,..,..,..,..,1282.00,..,..,..,..,1342.00,..,..,..,..,1375.00,..,..,..,..,2045.00,..,..,..,..,1928.00,..,..,..,..,2088.00,..,..,..,..,1054.00,..,..,..,..,1593.00,..,..,..,..,1137.00,266.00,381.00,293.00,363.00,1303.00,323.00,416.00,227.00,331.00,1297.00,312.00,495.00,234.00,528.00,1569.00,372.00,496.00,244.00,424.00,1536.00,430.00,536.00,117.00,432.00,1515.00,455.00,543.00,311.00,386.00,1695.00,439.00,516.00,419.00,420.00,1794.00,448.00,536.00,402.00,453.00,1839.00,467.00,546.00,392.00,443.00,1848.00,502.00,555.00,412.00,514.00,1983.00,553.00,742.00,525.00,696.00,2516.00,744.95,762.79,678.73,734.64,2921.11,861.61,807.49,852.19,772.66,3293.95,929.75,1235.40,860.33,1101.34,4126.82,1233.45,1266.26,840.64,1225.32,4565.67,1320.17,1175.12,886.88,1231.85,4614.02,1370.02,1169.18,872.59,1170.25,4582.04,1386.09,1169.59,875.25,1088.68,4519.61,1417.03,1220.52,835.23,1016.94,4489.72,1337.06,1142.85,772.90,1238.90,4491.71,1461.39,1514.81,1150.62,1208.84,5335.66,1642.72,1322.38,1016.32,1266.47,5247.89,1999.84,1760.69,1308.25,947.27,6016.05,2099.97,1829.46,1234.55,1341.88,6505.86,1762.22,1771.66,987.52,1095.24,5616.64,1377.94,1529.35,822.09,944.90,4674.28,1572.38,1704.06,986.19,946.98,5209.61,1549.30,1668.40,1002.98,904.42,5125.10,1577.51,1608.74,925.80,942.17,5054.22,1156.53,915.11,799.47,658.03,3529.15,944.08,761.59,854.88,575.63,3136.18,1010.87,997.74,818.23,813.39,3640.23,839.07,1348.19,1335.63,889.17,4412.06,879.53,..,..,..,..
....Guimaras,....Marine Municipal Fisheries,..,..,..,..,1684.00,..,..,..,..,1539.00,..,..,..,..,1279.00,..,..,..,..,1380.00,..,..,..,..,1282.00,..,..,..,..,1342.00,..,..,..,..,1375.00,..,..,..,..,2045.00,..,..,..,..,1928.00,..,..,..,..,2088.00,..,..,..,..,1054.00,..,..,..,..,1593.00,..,..,..,..,1137.00,266.00,381.00,293.00,363.00,1303.00,323.00,416.00,227.00,331.00,1297.00,312.00,495.00,234.00,528.00,1569.00,372.00,496.00,244.00,424.00,1536.00,427.00,533.00,115.00,430.00,1505.00,452.00,542.00,310.00,384.00,1688.00,436.00,515.00,417.00,418.00,1786.00,445.00,535.00,400.00,451.00,1831.00,465.00,545.00,390.00,440.00,1840.00,500.00,554.00,410.00,512.00,1976.00,552.00,740.00,522.00,693.00,2507.00,740.00,760.00,669.11,725.39,2894.50,856.00,804.03,842.34,763.51,3265.88,923.00,1226.90,846.08,1083.59,4079.57,1225.00,1258.76,824.14,1204.52,4512.42,1304.92,1165.07,869.83,1209.43,4549.25,1353.57,1152.96,853.54,1154.21,4514.28,1374.44,1163.72,867.56,1071.12,4476.84,1402.86,1212.32,825.29,1004.23,4444.70,1322.21,1130.73,759.20,1227.08,4439.22,1451.79,1508.06,1141.58,1198.41,5299.84,1632.55,1314.28,1006.14,1257.70,5210.67,1992.72,1754.77,1297.56,938.85,5983.90,2097.43,1824.38,1220.12,1326.07,6468.00,1747.91,1754.65,965.41,1082.93,5550.90,1361.31,1502.79,807.04,934.83,4605.97,1557.56,1668.59,937.09,891.92,5055.16,1515.23,1616.04,979.35,868.55,4979.17,1544.34,1601.72,918.35,931.63,4996.04,1145.01,902.83,788.29,636.00,3472.13,933.70,746.30,835.99,557.61,3073.60,1004.10,992.84,799.81,786.41,3583.16,827.09,1338.04,1322.26,877.45,4364.84,857.16,..,..,..,..
....Guimaras,....Inland Municipal Fisheries,..,..,..,..,..,..,..,..,..,..,..,..,..,..,..,..,..,..,..,..,..,..,..,..,..,..,..,..,..,..,..,..,..,..,..,..,..,..,..,..,..,..,..,..,..,..,..,..,..,..,..,..,..,..,..,..,..,..,..,..,..,..,..,..,..,..,..,..,..,..,..,..,..,..,..,..,..,..,..,..,..,..,..,..,..,3.00,3.00,2.00,2.00,10.00,3.00,1.00,1.00,2.00,7.00,3.00,1.00,2.00,2.00,8.00,3.00,1.00,2.00,2.00,8.00,2.00,1.00,2.00,3.00,8.00,2.00,1.00,2.00,2.00,7.00,1.00,2.00,3.00,3.00,9.00,4.95,2.79,9.62,9.25,26.61,5.61,3.46,9.85,9.15,28.07,6.75,8.50,14.25,17.75,47.25,8.45,7.50,16.50,20.80,53.25,15.25,10.05,17.05,22.42,64.77,16.45,16.22,19.05,16.04,67.76,11.65,5.87,7.69,17.56,42.77,14.17,8.20,9.94,12.71,45.02,14.85,12.12,13.70,11.82,52.49,9.60,6.75,9.04,10.43,35.82,10.17,8.10,10.18,8.77,37.22,7.12,5.92,10.69,8.42,32.15,2.54,5.08,14.43,15.81,37.86,14.31,17.01,22.11,12.31,65.74,16.63,26.56,15.05,10.07,68.31,14.82,35.47,49.10,55.06,154.45,34.07,52.36,23.63,35.87,145.93,33.17,7.02,7.45,10.54,58.18,11.52,12.28,11.18,22.04,57.02,10.39,15.29,18.89,18.02,62.58,6.76,4.90,18.41,26.99,57.06,11.98,10.15,13.37,11.72,47.22,22.36,..,..,..,..
....Guimaras,..Aquaculture,..,..,..,..,..,..,..,..,..,..,..,..,..,..,..,..,..,..,..,..,..,..,..,..,..,..,..,..,..,..,..,..,..,..,..,..,..,..,..,..,..,..,..,..,..,..,..,..,..,..,..,..,..,..,..,..,..,..,..,..,..,..,..,..,..,954.00,704.00,651.00,591.00,2900.00,297.00,562.00,48.00,383.00,1290.00,1035.00,368.00,113.00,419.00,1935.00,1160.00,585.00,141.00,490.00,2376.00,1187.00,589.00,144.00,386.00,2306.00,1250.00,432.00,308.00,420.00,2410.00,217.00,370.00,412.00,428.00,1427.00,161.00,370.00,273.00,335.00,1139.00,217.00,473.00,189.00,273.00,1152.00,193.00,251.21,239.00,316.00,999.21,223.00,296.50,306.00,336.51,1162.01,214.00,278.30,286.60,334.00,1112.90,249.60,356.00,310.38,450.04,1366.02,331.20,473.00,367.90,426.00,1598.10,497.70,420.97,518.63,663.52,2100.82,750.36,614.17,763.23,1119.01,3246.77,840.34,641.63,853.57,1186.47,3522.01,822.74,440.66,751.78,1055.74,3070.91,867.58,512.03,825.24,900.81,3105.66,936.74,678.39,710.60,1113.88,3439.60,975.10,788.61,780.44,653.72,3197.88,616.91,628.21,677.15,694.54,2616.81,557.30,469.69,696.49,681.69,2405.16,598.88,489.88,655.33,699.29,2443.38,745.04,706.58,796.78,778.80,3027.19,909.67,572.98,872.57,753.97,3109.19,855.21,606.48,903.50,780.51,3145.69,802.18,356.95,781.67,874.47,2815.27,859.07,434.66,721.99,774.59,2790.31,281.30,232.99,851.47,622.52,1988.28,421.30,336.88,556.78,768.93,2083.89,979.73,508.80,499.32,817.57,2805.43,652.32,688.62,1117.43,919.16,3377.52,383.24,..,..,..,..
....Iloilo,FISHERIES,..,..,..,..,117779.00,..,..,..,..,110562.00,..,..,..,..,116713.00,..,..,..,..,94794.00,..,..,..,..,94709.00,..,..,..,..,100893.00,..,..,..,..,99620.00,..,..,..,..,117544.00,..,..,..,..,133941.00,..,..,..,..,133401.00,..,..,..,..,151594.00,..,..,..,..,117840.00,..,..,..,..,175376.00,47263.00,56267.00,29360.00,28518.00,161408.00,38279.00,47836.00,32703.00,26789.00,145607.00,28441.00,47810.00,32034.00,27351.00,135636.00,26548.00,42370.00,31034.00,30782.00,130734.00,24826.00,39946.00,27104.00,32687.00,124563.00,22595.00,38514.00,26512.00,35162.00,122783.00,26172.00,41976.00,28602.00,35807.00,132557.00,29718.00,40545.00,36895.00,35767.00,142925.00,29949.00,41142.00,37225.00,33499.00,141815.00,28129.00,37480.00,36169.00,34850.90,136628.90,28677.30,38837.50,38424.40,34132.20,140071.40,31215.19,43966.34,37656.16,37701.56,150539.25,30877.82,43619.72,39456.57,39319.73,153273.84,32307.40,41456.46,37219.85,37708.48,148692.19,37267.27,42943.49,37950.47,37251.75,155412.97,33417.91,45142.16,33957.09,37566.23,150083.39,36183.01,48063.83,31659.95,32060.72,147967.51,30966.65,32878.07,31179.04,35041.52,130065.28,33665.42,35271.49,33389.40,33049.96,135376.27,31309.71,32183.06,31471.09,28786.28,123750.14,32184.15,27943.46,28195.73,26764.00,115087.34,26539.34,19889.65,21847.07,30011.48,98287.54,26125.43,18647.66,19661.24,23787.12,88221.46,25925.33,18375.94,17759.75,22367.86,84428.88,24767.99,19573.84,17353.39,16497.70,78192.91,17104.04,18708.18,19739.03,18112.38,73663.63,15045.23,20343.68,19821.76,16710.77,71921.43,15518.89,21433.29,22744.27,20283.13,79979.58,13454.42,18542.73,18880.03,23547.08,74424.26,21596.81,16027.57,13971.94,11130.28,62726.59,10731.03,8425.74,8957.17,8186.49,36300.44,6323.32,8926.57,7252.23,6861.50,29363.63,13285.14,13024.54,12097.38,10972.59,49379.64,14585.49,..,..,..,..
....Iloilo,..Commercial Fisheries,..,..,..,..,53735.00,..,..,..,..,41502.00,..,..,..,..,42585.00,..,..,..,..,37349.00,..,..,..,..,39900.00,..,..,..,..,43918.00,..,..,..,..,41965.00,..,..,..,..,45864.00,..,..,..,..,49533.00,..,..,..,..,46470.00,..,..,..,..,65953.00,..,..,..,..,27986.00,..,..,..,..,90276.00,28747.00,37720.00,15129.00,6655.00,88251.00,21256.00,28155.00,17496.00,7132.00,74039.00,10003.00,28562.00,17491.00,9057.00,65113.00,9681.00,23074.00,16617.00,13252.00,62624.00,9003.00,21689.00,15409.00,14312.00,60413.00,8870.00,20320.00,15181.00,16446.00,60817.00,10890.00,23020.00,16587.00,17518.00,68015.00,14553.00,20102.00,19786.00,16878.00,71319.00,13980.00,19814.00,16661.00,15851.00,66306.00,11083.00,19167.00,15157.00,16823.00,62230.00,10812.00,16853.00,16644.00,16300.00,60609.00,10861.84,16123.86,13173.05,16810.33,56969.08,8671.17,15454.83,13536.36,18334.58,55996.94,8436.78,15191.29,11362.96,16961.07,51952.10,9644.85,14735.65,11790.81,15590.24,51761.55,8824.38,17257.08,11405.35,15583.50,53070.31,8708.79,16016.43,9833.81,12836.48,47395.51,7550.07,7842.66,9174.85,14502.05,39069.63,8598.47,9133.86,8590.80,13344.65,39667.78,6634.20,8181.55,7357.11,10598.72,32771.58,9863.85,8048.74,7103.00,12313.65,37329.24,9156.01,6880.26,6322.33,13362.25,35720.85,8651.16,7142.62,5994.16,9841.13,31629.07,9796.52,7329.72,5531.62,8419.50,31077.36,10856.08,7277.43,5076.42,5985.47,29195.40,4886.81,6282.44,7950.07,8089.75,27209.07,4941.59,9688.72,8193.77,7017.30,29841.38,7364.95,9365.80,7040.88,5839.85,29611.48,5616.26,7128.23,6080.97,2859.09,21684.55,3612.07,4849.06,5688.74,3299.20,17449.07,3242.52,3623.05,5029.64,2943.78,14838.99,2666.51,5397.55,3103.31,2415.50,13582.88,6691.89,8335.06,8202.51,6134.31,29363.77,7374.53,..,..,..,..
....Iloilo,..Municipal Fisheries,..,..,..,..,42272.00,..,..,..,..,46875.00,..,..,..,..,49942.00,..,..,..,..,36954.00,..,..,..,..,32376.00,..,..,..,..,37724.00,..,..,..,..,38805.00,..,..,..,..,49187.00,..,..,..,..,62024.00,..,..,..,..,63279.00,..,..,..,..,60834.00,..,..,..,..,61575.00,..,..,..,..,61961.00,14474.00,15062.00,9119.00,16327.00,54982.00,14279.00,14378.00,11493.00,15836.00,55986.00,13771.00,13457.00,11339.00,14808.00,53375.00,13521.00,13305.00,10605.00,14132.00,51563.00,13492.00,13676.00,9437.00,14692.00,51297.00,11870.00,14199.00,9219.00,15135.00,50423.00,12249.00,13937.00,9775.00,14659.00,50620.00,13328.00,14460.00,11077.00,15670.00,54535.00,13685.00,14485.00,14745.00,15084.00,57999.00,14738.00,14046.00,14169.00,15320.00,58273.00,15737.00,16873.00,14408.00,15174.00,62192.00,18016.32,18786.33,15781.82,17604.90,70189.37,19872.72,17844.87,16602.14,18192.29,72512.02,21488.93,16816.68,15750.06,17858.97,71914.64,24983.46,18827.89,14631.85,18413.31,76856.51,22427.92,19353.28,14127.01,18888.92,74797.13,25184.87,18513.68,12895.43,16772.30,73366.28,21267.78,15169.05,13477.28,17846.91,67761.02,22512.80,14379.22,14038.34,16867.98,67798.34,22264.19,13753.86,14732.97,14673.65,65424.67,19896.93,11261.54,13249.68,11488.34,55896.49,15809.93,9218.28,10896.24,13259.44,49183.89,14537.30,8229.28,9486.49,10877.70,43130.77,13821.09,7720.55,8620.14,9665.83,39827.61,11154.70,8762.23,7745.91,6769.71,34432.55,8520.56,7132.07,6812.75,7067.66,29533.04,7510.42,7189.77,6783.14,5075.56,26558.89,6182.57,6352.40,11514.61,6936.77,30986.35,6579.21,7055.32,6774.71,13210.58,33619.82,16756.97,9878.35,6876.10,6154.05,39665.46,5420.37,4086.26,2717.57,3336.01,15560.20,2189.96,2033.01,2434.42,2111.87,8769.26,3135.22,3114.42,2714.27,2863.33,11827.25,6097.58,..,..,..,..
....Iloilo,....Marine Municipal Fisheries,..,..,..,..,42272.00,..,..,..,..,46404.00,..,..,..,..,49197.00,..,..,..,..,36324.00,..,..,..,..,31731.00,..,..,..,..,37047.00,..,..,..,..,38094.00,..,..,..,..,48505.00,..,..,..,..,61274.00,..,..,..,..,62499.00,..,..,..,..,60039.00,..,..,..,..,60682.00,..,..,..,..,61082.00,14454.00,15034.00,9108.00,16313.00,54909.00,14223.00,14364.00,11463.00,15798.00,55848.00,13740.00,13440.00,11326.00,14799.00,53305.00,13492.00,13289.00,10592.00,14124.00,51497.00,13482.00,13659.00,9426.00,14689.00,51256.00,11865.00,14198.00,9214.00,15130.00,50407.00,12220.00,13910.00,9736.00,14600.00,50466.00,13293.00,14432.00,11034.00,15602.00,54361.00,13633.00,14412.00,14658.00,14978.00,57681.00,14660.00,13980.00,14069.00,15176.00,57885.00,15647.00,16734.00,14297.00,14419.00,61097.00,17508.72,17507.53,14940.99,15513.90,65471.14,18887.17,16700.57,15651.01,16646.00,67884.75,20531.48,15663.57,14715.50,16536.00,67446.55,24025.83,17704.89,13600.80,16984.31,72315.83,21292.90,17569.48,13006.68,17273.95,69143.01,23831.96,16561.61,11554.24,15264.62,67212.43,20396.42,14580.85,12034.21,16010.34,63021.82,21520.29,13673.25,12057.10,14593.33,61843.97,20314.41,12713.47,12900.81,12895.40,58824.09,19038.38,10454.64,11436.29,10228.25,51157.56,14708.36,8344.30,9270.56,12412.67,44735.89,13446.06,7605.21,8266.46,10710.53,40028.26,12757.29,7026.91,7254.88,8675.83,35714.91,10046.21,8046.37,6681.34,5999.31,30773.23,7541.59,6308.85,5220.59,6228.87,25299.90,6115.49,6434.46,5662.83,4097.21,22309.99,5393.43,5638.36,9120.83,5339.44,25492.06,6320.40,6912.51,6656.68,13021.10,32910.69,16669.78,9795.55,6804.23,6126.48,39396.03,5378.04,4070.59,2667.96,3304.17,15420.76,2167.23,1976.46,2412.59,2090.77,8647.05,3111.66,3082.66,2695.12,2845.39,11734.82,6059.59,..,..,..,..
....Iloilo,....Inland Municipal Fisheries,..,..,..,..,..,..,..,..,..,471.00,..,..,..,..,745.00,..,..,..,..,630.00,..,..,..,..,645.00,..,..,..,..,677.00,..,..,..,..,711.00,..,..,..,..,682.00,..,..,..,..,750.00,..,..,..,..,780.00,..,..,..,..,795.00,..,..,..,..,893.00,..,..,..,..,879.00,20.00,28.00,11.00,14.00,73.00,56.00,14.00,30.00,38.00,138.00,31.00,17.00,13.00,9.00,70.00,29.00,16.00,13.00,8.00,66.00,10.00,17.00,11.00,3.00,41.00,5.00,1.00,5.00,5.00,16.00,29.00,27.00,39.00,59.00,154.00,35.00,28.00,43.00,68.00,174.00,52.00,73.00,87.00,106.00,318.00,78.00,66.00,100.00,144.00,388.00,90.00,139.00,111.00,755.00,1095.00,507.60,1278.80,840.83,2091.00,4718.23,985.55,1144.30,951.13,1546.29,4627.27,957.45,1153.11,1034.56,1322.97,4468.09,957.63,1123.00,1031.05,1429.00,4540.68,1135.02,1783.80,1120.33,1614.97,5654.12,1352.91,1952.07,1341.19,1507.68,6153.85,871.36,588.20,1443.07,1836.57,4739.20,992.51,705.97,1981.24,2274.65,5954.37,1949.78,1040.39,1832.16,1778.25,6600.58,858.55,806.90,1813.39,1260.09,4738.93,1101.57,873.98,1625.68,846.77,4448.00,1091.24,624.07,1220.03,167.17,3102.51,1063.80,693.64,1365.26,990.00,4112.70,1108.49,715.86,1064.57,770.40,3659.32,978.97,823.22,1592.16,838.79,4233.14,1394.93,755.31,1120.31,978.35,4248.90,789.14,714.04,2393.78,1597.33,5494.29,258.81,142.81,118.03,189.48,709.13,87.19,82.80,71.87,27.57,269.44,42.33,15.67,49.61,31.84,139.44,22.73,56.55,21.83,21.10,122.21,23.56,31.76,19.16,17.94,92.42,37.99,..,..,..,..
....Iloilo,..Aquaculture,..,..,..,..,21772.00,..,..,..,..,22185.00,..,..,..,..,24186.00,..,..,..,..,20491.00,..,..,..,..,22433.00,..,..,..,..,19251.00,..,..,..,..,18850.00,..,..,..,..,22493.00,..,..,..,..,22384.00,..,..,..,..,23652.00,..,..,..,..,24807.00,..,..,..,..,28279.00,..,..,..,..,23139.00,4042.00,3485.00,5112.00,5536.00,18175.00,2744.00,5303.00,3714.00,3821.00,15582.00,4667.00,5791.00,3204.00,3486.00,17148.00,3346.00,5991.00,3812.00,3398.00,16547.00,2331.00,4581.00,2258.00,3683.00,12853.00,1855.00,3995.00,2112.00,3581.00,11543.00,3033.00,5019.00,2240.00,3630.00,13922.00,1837.00,5983.00,6032.00,3219.00,17071.00,2284.00,6843.00,5819.00,2564.00,17510.00,2308.00,4267.00,6843.00,2707.90,16125.90,2128.30,5111.50,7372.40,2658.20,17270.40,2337.03,9056.15,8701.29,3286.33,23380.80,2333.93,10320.02,9318.07,2792.86,24764.88,2381.69,9448.49,10106.83,2888.44,24825.44,2638.96,9379.95,11527.81,3248.20,26794.91,2165.61,8531.80,8424.73,3093.81,22215.95,2289.35,13533.72,8930.71,2451.94,27205.72,2148.80,9866.36,8526.91,2692.56,23234.63,2554.15,11758.41,10760.26,2837.33,27910.15,2411.32,10247.65,9381.01,3513.91,25553.89,2423.37,8633.18,7843.05,2962.01,21861.61,1573.40,3791.11,4628.50,3389.79,13382.80,2936.97,3275.76,4180.59,3068.29,13461.62,2307.72,3325.67,3607.99,4282.53,13523.91,2757.21,3534.18,4531.06,3742.52,14564.96,3696.67,5293.67,4976.21,2954.97,16921.52,2593.22,3465.19,4844.85,4617.91,15521.16,1971.37,5715.09,4188.78,7506.51,19381.75,1258.95,4359.18,6024.35,7477.41,19119.89,1227.77,1300.17,1407.10,1677.02,5612.05,2068.14,716.44,1209.97,1906.70,5901.25,1466.85,1496.01,1714.50,2334.13,7011.49,3458.03,1575.05,1180.60,1974.95,8188.62,1113.38,..,..,..,..
..Negros Island Region (NIR),FISHERIES,..,..,..,..,127336.00,..,..,..,..,126305.00,..,..,..,..,128465.00,..,..,..,..,191776.00,..,..,..,..,179906.00,..,..,..,..,158412.00,..,..,..,..,170765.00,..,..,..,..,160152.00,..,..,..,..,141618.00,..,..,..,..,155146.00,..,..,..,..,161320.00,..,..,..,..,192604.36,..,..,..,..,171049.00,63380.00,55895.00,41541.00,47333.00,208149.00,61956.00,57594.00,29036.00,57182.00,205768.00,47837.00,41589.00,35528.00,52260.00,177214.00,41345.00,41308.00,30546.00,44602.00,157801.00,39806.00,40246.00,27465.00,35310.00,142827.00,35418.00,31964.00,24338.00,29664.00,121384.00,30657.00,33813.00,37955.00,30234.00,132659.00,28308.00,28704.00,37355.98,32730.00,127097.98,27480.00,27813.00,31688.00,28165.00,115146.00,25865.20,26311.35,27553.50,25731.40,105461.45,26078.90,27192.29,28558.20,24931.42,106760.81,26735.64,26688.13,27991.05,23875.87,105290.69,27771.82,26407.61,28076.07,24269.98,106525.48,28896.76,26409.10,26159.46,24545.88,106011.19,26638.08,29481.64,27955.89,25718.34,109793.95,27468.66,28775.35,27736.46,26633.11,110613.58,28545.77,29256.29,28518.40,27776.30,114096.76,28595.93,29528.24,29385.41,28429.51,115939.09,28398.55,29262.97,28662.16,28218.56,114542.24,27647.39,30940.94,28877.91,28268.67,115734.91,29036.94,30411.35,30533.80,24316.45,114298.55,30402.10,29823.31,29972.61,24498.50,114696.52,29866.30,28447.68,28851.99,22863.21,110029.17,29484.79,27511.74,28536.88,23074.29,108607.70,28940.81,26680.12,28349.88,23548.71,107519.52,26643.35,28027.13,27872.48,24072.54,106615.50,27707.41,28998.63,28841.54,23693.61,109241.19,25844.09,23638.24,22521.12,27015.18,99018.63,27865.95,21045.86,25146.78,29049.94,103108.53,19432.53,17906.68,19380.95,25655.02,82375.18,22181.60,24694.19,18927.49,20040.59,85843.87,18648.38,22861.48,16576.09,15541.86,73627.82,18536.53,18413.81,14792.13,12063.31,63805.79,8566.36,..,..,..,..
..Negros Island Region (NIR),..Commercial Fisheries,..,..,..,..,71318.00,..,..,..,..,66220.00,..,..,..,..,67550.00,..,..,..,..,79218.00,..,..,..,..,73049.00,..,..,..,..,52355.00,..,..,..,..,63746.00,..,..,..,..,66136.00,..,..,..,..,59984.00,..,..,..,..,66957.00,..,..,..,..,44631.00,..,..,..,..,66640.00,..,..,..,..,53294.00,15885.00,17193.00,11370.00,11465.00,55913.00,20150.00,20099.00,11323.00,9430.00,61002.00,9629.00,19130.00,9109.00,8326.00,46194.00,9360.00,19322.00,6843.00,8360.00,43885.00,10897.00,18336.00,6961.00,9508.00,45702.00,10700.00,13524.00,5930.00,7473.00,37627.00,7764.00,11289.00,14550.00,6723.00,40326.00,6916.00,8040.00,15491.00,11290.00,41737.00,6794.00,7595.00,12734.00,9978.00,37101.00,6760.00,7076.00,11629.00,9818.00,35283.00,7255.00,7416.00,12432.00,9807.00,36910.00,6814.31,7592.45,11497.71,8406.22,34310.69,6843.07,7430.55,10854.21,9608.62,34736.45,7777.42,7591.64,10250.95,10390.44,36010.45,8581.86,9391.06,10330.63,10748.83,39052.38,8890.60,9003.68,8952.24,9957.51,36804.03,8998.24,9339.66,9805.22,10915.44,39058.56,9976.86,10188.04,9810.25,10827.65,40802.80,9047.97,9568.17,8950.34,10576.13,38142.61,8961.69,9401.26,8534.38,9700.15,36597.48,9071.18,9030.40,8629.26,8176.73,34907.57,10198.67,8747.39,8483.41,7801.20,35230.67,9419.60,7965.50,6854.35,6770.83,31010.28,8359.25,7822.93,6950.16,6893.40,30025.74,8382.77,7059.01,6429.20,6736.31,28607.29,7236.32,6879.07,5832.22,7233.94,27181.55,7218.76,7320.86,6039.38,5722.63,26301.63,6402.88,6133.55,4690.82,6603.32,23830.57,5872.18,4520.01,5823.61,6012.64,22228.44,5604.18,5056.63,5036.11,5998.62,21695.54,8013.60,5068.85,4781.26,5164.60,23028.31,7098.61,6665.32,5004.11,4712.16,23480.20,4282.81,4392.23,3536.72,2977.61,15189.38,2028.70,..,..,..,..
..Negros Island Region (NIR),..Municipal Fisheries,..,..,..,..,47770.00,..,..,..,..,48310.00,..,..,..,..,46948.00,..,..,..,..,94039.00,..,..,..,..,85227.00,..,..,..,..,87290.00,..,..,..,..,88067.00,..,..,..,..,72490.00,..,..,..,..,58442.00,..,..,..,..,63428.00,..,..,..,..,90703.00,..,..,..,..,96520.00,..,..,..,..,92703.00,26031.00,24647.00,14139.00,22724.00,87541.00,25899.00,21836.00,11402.00,27619.00,86756.00,24570.00,19538.00,13477.00,25684.00,83269.00,22542.00,18963.00,13307.00,21351.00,76163.00,20395.00,19338.00,13898.00,18422.00,72053.00,18171.00,16252.00,12218.00,15494.00,62135.00,16341.00,18066.00,16966.00,16456.00,67829.00,14992.00,16056.00,17082.00,14693.00,62823.00,14523.00,15401.00,14272.00,13571.00,57767.00,13660.00,13950.00,11572.00,11522.00,50704.00,13473.00,14170.00,11349.00,10673.00,49665.00,12449.85,13377.65,11119.63,10609.39,47556.52,13475.38,13216.71,11204.49,10490.65,48387.23,11922.33,12635.90,10102.89,10122.01,44783.13,11953.75,13853.78,11111.91,9900.58,46820.02,11206.82,13436.55,11672.56,11644.49,47960.42,12160.93,13350.88,10276.98,11854.07,47642.86,11421.62,12576.55,11562.60,12091.18,47651.95,10759.49,12332.55,11430.64,11674.41,46197.09,10985.86,14052.19,11160.42,12921.48,49119.95,11564.83,13574.30,11968.29,10979.95,48087.37,11229.82,12883.01,11919.02,10436.27,46468.12,11544.52,13260.71,12798.16,9918.43,47521.82,13420.29,12830.32,12529.94,9932.19,48712.74,13193.12,12470.05,13038.92,10031.79,48733.88,12590.41,13347.22,12938.58,8985.04,47861.25,13036.42,14096.72,13429.31,8755.30,49317.75,10993.31,12205.54,10018.35,10735.24,43952.44,13664.09,10302.48,10324.37,11974.31,46265.25,10333.23,8775.46,7312.75,8296.13,34717.58,10565.11,16012.23,10755.99,11613.88,48947.21,7344.89,10946.73,6020.28,6825.91,31137.80,11024.28,11022.23,7957.92,6815.21,36819.64,4748.70,..,..,..,..
..Negros Island Region (NIR),....Marine Municipal Fisheries,..,..,..,..,47741.00,..,..,..,..,48277.00,..,..,..,..,46103.00,..,..,..,..,93324.00,..,..,..,..,84496.00,..,..,..,..,86522.00,..,..,..,..,87260.00,..,..,..,..,71716.00,..,..,..,..,57591.00,..,..,..,..,62545.00,..,..,..,..,89619.00,..,..,..,..,95464.00,..,..,..,..,91662.00,25776.00,22845.00,13426.00,22512.00,84559.00,24220.00,20203.00,11025.00,27293.00,82741.00,23494.00,18543.00,12881.00,25086.00,80004.00,21534.00,17997.00,12949.00,20972.00,73452.00,19462.00,18480.00,13661.00,18206.00,69809.00,17902.00,16020.00,11981.00,15168.00,61071.00,16056.00,17752.00,16645.00,16119.00,66572.00,14748.00,15817.00,16742.00,14324.00,61631.00,14295.00,15121.00,13867.00,13146.00,56429.00,13409.00,13738.00,11251.00,11232.00,49630.00,13252.00,13970.00,11086.00,10485.00,48793.00,12260.06,13169.57,10886.18,10372.44,46688.25,13273.43,13011.34,10989.05,10252.86,47526.68,11688.09,12385.48,9847.73,9884.89,43806.19,11731.28,13648.67,10803.39,9691.10,45874.44,10978.07,13193.06,11335.21,11167.56,46673.90,11935.90,13107.83,9932.78,11290.34,46266.85,11153.98,12301.73,11130.44,11699.07,46285.22,10539.02,12096.45,10982.88,11386.84,45005.19,10706.95,13790.18,10710.25,12594.78,47802.16,11268.84,13250.88,11460.66,10589.44,46569.82,10896.79,12521.64,11400.72,10014.29,44833.44,11264.50,12900.70,12238.54,9459.98,45863.72,13005.57,12455.62,12098.21,9477.66,47037.06,12760.67,12002.13,12588.93,9563.15,46914.88,11806.88,12582.37,12290.33,8585.33,45264.91,12481.65,12739.51,12927.99,8291.81,46440.96,10601.91,11804.32,9719.00,10353.09,42478.32,12816.21,10209.53,10150.43,11523.86,44700.03,10220.42,8566.33,7009.64,7987.34,33783.73,10372.12,15917.65,10630.41,11467.25,48387.41,7221.70,10823.44,5937.37,6739.75,30722.25,10976.61,10976.39,7903.34,6766.52,36622.86,4687.23,..,..,..,..
..Negros Island Region (NIR),....Inland Municipal Fisheries,..,..,..,..,29.00,..,..,..,..,33.00,..,..,..,..,845.00,..,..,..,..,715.00,..,..,..,..,731.00,..,..,..,..,768.00,..,..,..,..,807.00,..,..,..,..,774.00,..,..,..,..,851.00,..,..,..,..,883.00,..,..,..,..,1084.00,..,..,..,..,1056.00,..,..,..,..,1041.00,255.00,1802.00,713.00,212.00,2982.00,1679.00,1633.00,377.00,326.00,4015.00,1076.00,995.00,596.00,598.00,3265.00,1008.00,966.00,358.00,379.00,2711.00,933.00,858.00,237.00,216.00,2244.00,269.00,232.00,237.00,326.00,1064.00,285.00,314.00,321.00,337.00,1257.00,244.00,239.00,340.00,369.00,1192.00,228.00,280.00,405.00,425.00,1338.00,251.00,212.00,321.00,290.00,1074.00,221.00,200.00,263.00,188.00,872.00,189.79,208.08,233.45,236.95,868.27,201.95,205.37,215.44,237.79,860.55,234.24,250.42,255.16,237.12,976.94,222.47,205.11,308.52,209.48,945.58,228.75,243.49,337.35,476.93,1286.52,225.03,243.05,344.20,563.73,1376.01,267.64,274.82,432.16,392.11,1366.73,220.47,236.10,447.76,287.57,1191.90,278.91,262.01,450.17,326.70,1317.79,295.99,323.42,507.63,390.51,1517.55,333.03,361.37,518.30,421.98,1634.68,280.02,360.01,559.62,458.45,1658.10,414.72,374.67,431.73,454.53,1675.65,432.45,467.92,449.99,468.64,1819.00,783.53,764.85,648.25,399.71,2596.34,554.77,1357.21,501.32,463.49,2876.79,391.40,401.22,299.35,382.15,1474.12,847.88,92.95,173.94,450.45,1565.22,112.81,209.12,303.12,308.80,933.84,192.99,94.59,125.58,146.63,559.79,123.20,123.29,82.91,86.16,415.56,47.68,45.84,54.58,48.68,196.78,61.47,..,..,..,..
..Negros Island Region (NIR),..Aquaculture,..,..,..,..,8248.00,..,..,..,..,11775.00,..,..,..,..,13967.00,..,..,..,..,18519.00,..,..,..,..,21630.00,..,..,..,..,18767.00,..,..,..,..,18952.00,..,..,..,..,21526.00,..,..,..,..,23192.00,..,..,..,..,24761.00,..,..,..,..,25986.00,..,..,..,..,29444.36,..,..,..,..,25052.00,21464.00,14055.00,16032.00,13144.00,64695.00,15907.00,15659.00,6311.00,20133.00,58010.00,13638.00,2921.00,12942.00,18250.00,47751.00,9443.00,3023.00,10396.00,14891.00,37753.00,8514.00,2572.00,6606.00,7380.00,25072.00,6547.00,2188.00,6190.00,6697.00,21622.00,6552.00,4458.00,6439.00,7055.00,24504.00,6400.00,4608.00,4782.98,6747.00,22537.98,6163.00,4817.00,4682.00,4616.00,20278.00,5445.20,5285.35,4352.50,4391.40,19474.45,5350.90,5606.29,4777.20,4451.42,20185.81,7471.48,5718.03,5373.71,4860.26,23423.48,7453.37,5760.35,6017.37,4170.71,23401.80,9197.01,6181.56,5805.62,4033.43,25217.61,6102.47,6236.80,6513.35,5068.93,23921.55,7371.24,6335.12,7111.66,5031.11,25849.13,7386.60,6565.75,8436.20,5006.79,27395.34,7197.45,6763.65,8012.56,5510.68,27484.34,8591.09,7362.25,8281.18,5968.02,30202.54,7699.84,7487.49,9183.11,5647.04,30017.48,8400.93,7806.65,9936.25,5159.77,31303.61,8973.61,8192.91,9570.18,6261.03,32997.73,8902.18,7221.47,9199.48,6173.95,31497.07,7705.25,6858.49,9056.78,6248.70,29869.22,7364.92,7151.06,8881.76,6780.61,30178.35,6816.62,7800.84,9101.68,7853.56,31572.70,7452.23,7581.05,9372.85,9215.68,33621.81,8447.90,5299.15,7811.95,9676.62,31235.62,8329.68,6223.37,8998.80,11062.99,34614.84,3495.12,4074.59,7032.09,11360.26,25962.06,3602.90,3613.11,3390.24,3262.11,13868.36,4204.88,5249.43,5551.71,4003.79,19009.81,3229.44,2999.35,3297.49,2270.49,11796.77,1788.96,..,..,..,..
....Negros Occidental,FISHERIES,..,..,..,..,104982.00,..,..,..,..,103860.00,..,..,..,..,119838.00,..,..,..,..,186014.00,..,..,..,..,171331.00,..,..,..,..,149246.00,..,..,..,..,159337.00,..,..,..,..,147035.00,..,..,..,..,132725.00,..,..,..,..,144904.00,..,..,..,..,145996.00,..,..,..,..,181155.00,..,..,..,..,157699.00,57982.00,52663.00,38534.00,43929.00,193108.00,57998.00,54011.00,26797.00,54716.00,193522.00,44522.00,38590.00,31924.00,48493.00,163529.00,36645.00,37889.00,26798.00,41000.00,142332.00,34803.00,37143.00,23265.00,29494.00,124705.00,30768.00,29153.00,21079.00,25099.00,106099.00,25838.00,30323.00,34392.00,25582.00,116135.00,22876.00,24904.00,33615.00,27770.00,109165.00,22169.00,23530.00,27730.00,23459.00,96888.00,20435.30,21916.15,23479.00,20686.70,86517.15,20528.90,22194.40,24522.30,20001.80,87247.40,19690.14,21585.67,23596.90,18869.77,83742.48,19095.31,20610.95,23561.30,20362.19,83629.75,18940.91,20362.98,21886.06,20748.24,81938.19,19487.14,22140.75,23032.06,21635.46,86295.41,20133.43,21846.86,23049.33,22706.55,87736.17,21699.06,22081.77,24519.61,23877.46,92177.91,22201.48,22489.68,25005.17,24389.25,94085.58,22643.75,22546.53,24675.22,24331.46,94196.95,22516.70,24448.75,24877.73,24475.02,96318.20,23938.65,24301.71,26804.14,21190.31,96234.81,25557.77,24233.16,26256.03,21566.31,97613.27,25240.66,23455.23,25727.68,20234.55,94658.13,24962.96,22261.77,25193.91,20231.94,92650.57,24053.08,22756.14,25279.44,20061.02,92149.68,22447.98,22159.81,24958.23,20918.97,90485.00,22598.81,23857.61,25711.71,20447.70,92615.84,20895.45,15014.76,18917.62,22551.32,77379.14,19795.95,15207.82,21241.09,24400.17,80645.02,15019.94,12929.01,15914.89,22497.80,66361.64,18784.66,20339.92,15808.69,17212.74,72146.01,13923.01,18454.21,13358.04,12348.55,58083.81,14414.73,13790.73,11617.61,9621.86,49444.94,5990.18,..,..,..,..
....Negros Occidental,..Commercial Fisheries,..,..,..,..,68899.00,..,..,..,..,63707.00,..,..,..,..,65374.00,..,..,..,..,78519.00,..,..,..,..,70269.00,..,..,..,..,48937.00,..,..,..,..,59285.00,..,..,..,..,60127.00,..,..,..,..,57873.00,..,..,..,..,64362.00,..,..,..,..,34637.00,..,..,..,..,60272.00,..,..,..,..,47691.00,13932.00,16662.00,10049.00,9374.00,50017.00,18557.00,19308.00,10355.00,8826.00,57046.00,8753.00,18364.00,8530.00,7583.00,43230.00,7799.00,18503.00,6220.00,7650.00,40172.00,9225.00,17500.00,6300.00,8326.00,41351.00,9220.00,12708.00,5151.00,6500.00,33579.00,6480.00,10427.00,13699.00,5720.00,36326.00,5604.00,6997.00,14493.00,10148.00,37242.00,5572.00,6376.00,11564.00,8896.00,32408.00,5504.00,5804.00,10329.00,8663.00,30300.00,5952.00,6190.00,11170.00,8823.00,32135.00,5583.88,6429.62,10217.80,7456.87,29688.17,5324.13,6048.55,9585.46,8680.62,29638.76,6268.24,6106.52,9080.64,8714.60,30170.00,6382.21,6656.94,8556.82,8871.82,30467.79,6572.69,6386.28,7349.61,8246.40,28554.98,6953.81,6492.48,8503.04,9248.62,31197.95,7490.74,7102.85,8249.14,9465.92,32308.65,7240.27,7097.61,7448.38,9329.63,31115.89,7302.93,7028.33,7068.88,8434.05,29834.19,7225.68,6790.67,7402.90,7245.05,28664.30,8366.64,6433.65,7027.70,6898.14,28726.13,7624.70,5881.39,5702.57,5935.61,25144.27,6530.14,5771.73,5906.45,6027.28,24235.60,6405.68,6052.13,5679.77,5573.58,23711.16,5807.14,5241.16,5467.95,6364.16,22880.41,5445.79,5923.68,5646.81,5015.09,22031.37,5149.66,2787.40,4050.63,5659.81,17647.50,4040.79,3536.97,5226.10,5065.59,17869.45,3841.78,3703.73,3973.84,5131.00,16650.35,6743.96,3656.76,3935.27,4217.34,18553.33,4810.11,4701.20,3700.76,3571.53,16783.61,2977.51,2615.45,2065.20,2116.35,9774.51,1112.86,..,..,..,..
....Negros Occidental,..Municipal Fisheries,..,..,..,..,28522.00,..,..,..,..,29093.00,..,..,..,..,41273.00,..,..,..,..,89709.00,..,..,..,..,80310.00,..,..,..,..,82377.00,..,..,..,..,82563.00,..,..,..,..,66845.00,..,..,..,..,53100.00,..,..,..,..,57337.00,..,..,..,..,87021.00,..,..,..,..,93139.00,..,..,..,..,87306.00,24356.00,23481.00,12985.00,21988.00,82810.00,24363.00,20625.00,10643.00,26326.00,81957.00,22905.00,18330.00,10877.00,23334.00,75446.00,20448.00,17629.00,10508.00,19057.00,67642.00,18161.00,17950.00,10634.00,14213.00,60958.00,15950.00,14988.00,10017.00,12320.00,53275.00,13768.00,16202.00,14567.00,13247.00,57784.00,11839.00,14128.00,14665.00,11342.00,51974.00,11414.00,13172.00,11863.00,10503.00,46952.00,10299.00,11685.00,9187.00,8248.00,39419.00,10056.00,11653.00,8953.00,7323.00,37985.00,9045.06,10891.75,8711.44,7276.31,35924.56,9249.75,10074.63,8730.66,8008.15,36063.19,8105.22,9447.95,7681.97,8368.73,33603.87,8733.43,10509.56,8689.70,8255.83,36188.52,8355.36,10342.74,9354.21,9803.45,37855.76,8917.01,10133.20,8436.44,10229.79,37716.44,8843.47,9718.39,9681.93,10333.07,38576.86,8414.76,9352.74,9558.17,10013.22,37338.89,8601.22,11081.60,9321.37,11245.42,40249.61,9213.35,10707.55,10346.34,9592.27,39859.51,9142.80,10221.50,10385.76,9214.33,38964.39,9438.01,10828.47,11399.83,8731.27,40397.58,11476.67,10116.82,10770.40,8385.54,40749.43,11144.26,10208.59,11239.58,8136.15,40728.58,10726.55,10137.63,10954.87,7266.07,39085.12,11089.58,11095.84,11300.03,6717.54,40202.99,8459.53,7676.29,7608.52,7713.18,31457.52,9761.65,6937.12,7690.75,9008.23,33397.75,8238.30,6116.26,5932.51,7321.81,27608.88,9231.68,13622.22,9420.57,10220.64,42495.12,5951.82,8997.39,4623.58,5182.53,24755.32,9365.90,8926.87,6578.63,5459.52,30330.93,3412.29,..,..,..,..
....Negros Occidental,....Marine Municipal Fisheries,..,..,..,..,28493.00,..,..,..,..,29060.00,..,..,..,..,40429.00,..,..,..,..,88995.00,..,..,..,..,79580.00,..,..,..,..,81611.00,..,..,..,..,81759.00,..,..,..,..,66073.00,..,..,..,..,52251.00,..,..,..,..,56454.00,..,..,..,..,85940.00,..,..,..,..,92085.00,..,..,..,..,86268.00,24109.00,21686.00,12274.00,21778.00,79847.00,22688.00,18998.00,10269.00,26003.00,77958.00,21829.00,17335.00,10283.00,22738.00,72185.00,19440.00,16663.00,10152.00,18680.00,64935.00,17228.00,17100.00,10400.00,14000.00,58728.00,15685.00,14760.00,9784.00,12000.00,52229.00,13487.00,15892.00,14250.00,12919.00,56548.00,11599.00,13892.00,14329.00,10981.00,50801.00,11191.00,12900.00,11463.00,10087.00,45641.00,10056.00,11481.00,8875.00,7970.00,38382.00,9847.00,11463.00,8701.00,7150.00,37161.00,8868.27,10693.46,8489.14,7054.81,35105.68,9059.86,9881.26,8530.82,7788.43,35260.37,7882.71,9211.58,7435.89,8137.43,32667.61,8525.55,10321.68,8394.33,8053.64,35295.20,8138.13,10121.58,9031.65,9348.89,36640.25,8705.00,9903.48,8103.96,9685.08,36397.52,8589.75,9459.16,9265.76,9955.92,37270.59,8205.40,9131.41,9125.79,9738.16,36200.76,8334.31,10830.52,8883.48,10929.65,38977.96,8928.33,10392.43,9847.42,9210.26,38378.44,8819.90,9869.77,9875.36,8797.35,37362.38,9163.69,10471.99,10847.55,8277.25,38760.48,11065.79,9746.68,10350.90,7956.99,39120.36,10717.29,9747.82,10802.13,7686.93,38954.17,9957.13,9383.33,10321.72,6877.82,36540.00,10537.56,9743.32,10800.85,6256.41,37338.14,8074.10,7277.30,7309.88,7335.73,29997.01,8917.86,6845.42,7520.85,8560.87,31845.00,8130.09,5914.56,5633.88,7017.44,26695.97,9042.97,13533.70,9300.16,10078.28,41955.10,5833.68,8881.94,4545.15,5101.16,24361.93,9323.89,8887.24,6529.01,5414.72,30154.86,3355.87,..,..,..,..
....Negros Occidental,....Inland Municipal Fisheries,..,..,..,..,29.00,..,..,..,..,33.00,..,..,..,..,844.00,..,..,..,..,714.00,..,..,..,..,730.00,..,..,..,..,766.00,..,..,..,..,804.00,..,..,..,..,772.00,..,..,..,..,849.00,..,..,..,..,883.00,..,..,..,..,1081.00,..,..,..,..,1054.00,..,..,..,..,1038.00,247.00,1795.00,711.00,210.00,2963.00,1675.00,1627.00,374.00,323.00,3999.00,1076.00,995.00,594.00,596.00,3261.00,1008.00,966.00,356.00,377.00,2707.00,933.00,850.00,234.00,213.00,2230.00,265.00,228.00,233.00,320.00,1046.00,281.00,310.00,317.00,328.00,1236.00,240.00,236.00,336.00,361.00,1173.00,223.00,272.00,400.00,416.00,1311.00,243.00,204.00,312.00,278.00,1037.00,209.00,190.00,252.00,173.00,824.00,176.79,198.29,222.30,221.50,818.88,189.89,193.37,199.84,219.72,802.82,222.51,236.37,246.08,231.30,936.26,207.88,187.88,295.37,202.19,893.32,217.23,221.16,322.56,454.56,1215.51,212.01,229.72,332.48,544.71,1318.92,253.72,259.23,416.17,377.15,1306.27,209.36,221.33,432.38,275.06,1138.13,266.91,251.08,437.89,315.77,1271.65,285.02,315.12,498.92,382.01,1481.07,322.90,351.73,510.40,416.98,1602.01,274.32,356.48,552.28,454.02,1637.10,410.88,370.14,419.50,428.55,1629.07,426.97,460.77,437.45,449.22,1774.41,769.42,754.30,633.15,388.25,2545.12,552.02,1352.52,499.18,461.13,2864.85,385.43,398.99,298.64,377.45,1460.51,843.79,91.70,169.90,447.36,1552.75,108.21,201.70,298.63,304.37,912.91,188.71,88.52,120.42,142.36,540.02,118.14,115.45,78.43,81.37,393.38,42.01,39.63,49.62,44.80,176.06,56.42,..,..,..,..
....Negros Occidental,..Aquaculture,..,..,..,..,7561.00,..,..,..,..,11060.00,..,..,..,..,13191.00,..,..,..,..,17786.00,..,..,..,..,20752.00,..,..,..,..,17932.00,..,..,..,..,17489.00,..,..,..,..,20063.00,..,..,..,..,21752.00,..,..,..,..,23205.00,..,..,..,..,24338.00,..,..,..,..,27744.00,..,..,..,..,22702.00,19694.00,12520.00,15500.00,12567.00,60281.00,15078.00,14078.00,5799.00,19564.00,54519.00,12864.00,1896.00,12517.00,17576.00,44853.00,8398.00,1757.00,10070.00,14293.00,34518.00,7417.00,1693.00,6331.00,6955.00,22396.00,5598.00,1457.00,5911.00,6279.00,19245.00,5590.00,3694.00,6126.00,6615.00,22025.00,5433.00,3779.00,4457.00,6280.00,19949.00,5183.00,3982.00,4303.00,4060.00,17528.00,4632.30,4427.15,3963.00,3775.70,16798.15,4520.90,4351.40,4399.30,3855.80,17127.40,5061.20,4264.30,4667.66,4136.59,18129.75,4521.43,4487.77,5245.18,3673.42,17927.80,4567.45,4808.51,5123.45,3664.91,18164.32,4371.50,4974.25,5785.54,4507.81,19639.10,5205.38,5117.84,6345.51,4656.70,21325.43,5828.24,5456.09,7580.13,4399.05,23263.52,5867.27,5668.44,7074.10,4590.26,23200.07,6988.72,6096.18,7668.67,4988.61,25742.17,6612.55,6338.82,8487.48,4795.55,26234.40,7499.62,6803.49,9054.90,4352.99,27711.00,8048.33,7578.01,8842.57,5453.84,29922.75,8177.95,6745.37,8625.28,5567.67,29116.28,6956.15,6373.22,8517.06,5819.12,27665.54,6503.14,6495.42,8360.09,6351.29,27709.94,5914.29,6781.02,8535.41,7288.74,28519.47,6063.44,6838.09,8764.87,8715.07,30381.48,7286.26,4551.07,7258.47,9178.33,28274.12,5993.51,4733.73,8324.24,10326.35,29377.82,2939.86,3109.02,6008.54,10044.99,22102.41,2809.03,3060.94,2452.84,2774.76,11097.57,3161.07,4755.62,5033.70,3594.49,16544.88,2071.32,2248.41,2973.78,2045.98,9339.50,1465.03,..,..,..,..
....Negros Oriental,FISHERIES,..,..,..,..,20118.00,..,..,..,..,20456.00,..,..,..,..,7088.00,..,..,..,..,4182.00,..,..,..,..,7523.00,..,..,..,..,7844.00,..,..,..,..,10324.00,..,..,..,..,11756.00,..,..,..,..,7562.00,..,..,..,..,8748.00,..,..,..,..,14224.00,..,..,..,..,10386.69,..,..,..,..,12419.00,4969.00,2920.00,2849.00,3294.00,14032.00,3539.00,3240.00,2055.00,2294.00,11128.00,2853.00,2684.00,3399.00,3530.00,12466.00,4252.00,3089.00,3535.00,3386.00,14262.00,4521.00,2733.00,3929.00,5534.00,16717.00,4103.00,2452.00,2977.00,4333.00,13865.00,4307.00,3111.00,3262.00,4395.00,15075.00,4881.00,3382.00,3419.00,4683.00,16365.00,4749.00,3721.00,3583.00,4437.00,16490.00,4828.90,3795.00,3705.50,4785.70,17115.10,4985.70,4367.10,3649.20,4583.92,17585.92,6412.74,4465.10,3998.31,4631.59,19507.74,7962.11,5126.22,4043.37,3407.76,20539.46,9335.07,5216.46,3744.56,3203.89,21499.98,6353.41,6309.59,4345.79,3583.39,20592.18,6598.50,5872.54,4063.73,3273.06,19807.82,6085.61,6023.61,3335.97,3220.41,18665.60,5597.50,5759.45,3654.04,3426.76,18437.75,5008.29,5340.04,3219.55,3282.81,16850.69,4308.27,4994.24,3169.54,3164.34,15636.39,4203.98,4568.09,2990.29,2577.58,14339.94,4022.15,4150.45,2940.08,2364.63,13477.31,3758.42,3624.28,2384.47,2080.80,11847.97,3587.28,3795.57,2541.93,2257.97,12182.75,3982.46,2558.24,2304.72,2949.34,11794.76,3228.14,4417.56,2191.38,2645.30,12482.39,4071.45,3570.71,2433.94,2695.41,12771.52,3826.06,6928.22,2848.88,3953.54,17556.69,7185.89,4606.01,3367.21,4197.98,19357.09,3772.05,3733.65,2922.58,2691.85,13120.14,2790.34,3140.12,2321.56,2233.07,10485.09,4152.71,3321.06,2399.22,2550.60,12423.60,3164.13,3648.38,2550.88,1890.38,11253.76,2167.41,..,..,..,..
....Negros Oriental,..Commercial Fisheries,..,..,..,..,2419.00,..,..,..,..,2513.00,..,..,..,..,2176.00,..,..,..,..,699.00,..,..,..,..,2780.00,..,..,..,..,3418.00,..,..,..,..,4461.00,..,..,..,..,6009.00,..,..,..,..,2111.00,..,..,..,..,2595.00,..,..,..,..,9994.00,..,..,..,..,6368.00,..,..,..,..,5603.00,1953.00,531.00,1321.00,2091.00,5896.00,1593.00,791.00,968.00,604.00,3956.00,876.00,766.00,579.00,743.00,2964.00,1561.00,819.00,623.00,710.00,3713.00,1660.00,829.00,658.00,1180.00,4327.00,1466.00,810.00,775.00,972.00,4023.00,1271.00,856.00,846.00,1001.00,3974.00,1302.00,1038.00,998.00,1142.00,4480.00,1222.00,1219.00,1170.00,1082.00,4693.00,1256.00,1272.00,1300.00,1155.00,4983.00,1303.00,1226.00,1262.00,984.00,4775.00,1222.19,1154.47,1266.00,937.00,4579.66,1498.00,1382.00,1260.00,928.00,5068.00,1491.69,1483.44,1170.31,1675.84,5821.28,2181.00,2712.08,1773.81,1877.01,8543.90,2317.91,2617.40,1602.63,1711.11,8249.05,2044.43,2847.18,1302.18,1666.82,7860.61,2486.12,3085.19,1561.11,1361.73,8494.15,1807.70,2470.56,1501.96,1246.50,7026.72,1658.76,2372.93,1465.50,1266.10,6763.29,1845.50,2239.73,1226.36,931.68,6243.27,1832.03,2313.74,1455.71,903.06,6504.54,1794.90,2084.11,1151.78,835.22,5866.01,1829.11,2051.20,1043.71,866.12,5790.14,1977.09,1006.88,749.43,1162.73,4896.13,1429.18,1637.91,364.27,869.78,4301.14,1772.97,1397.18,392.57,707.54,4270.26,1253.22,3346.15,640.19,943.51,6183.07,1831.39,983.04,597.51,947.05,4358.99,1762.40,1352.90,1062.27,867.63,5045.19,1269.64,1412.09,845.99,947.26,4474.98,2288.50,1964.12,1303.34,1140.63,6696.59,1305.30,1776.78,1471.53,861.25,5414.87,915.84,..,..,..,..
....Negros Oriental,..Municipal Fisheries,..,..,..,..,17012.00,..,..,..,..,17228.00,..,..,..,..,4136.00,..,..,..,..,2764.00,..,..,..,..,3880.00,..,..,..,..,3607.00,..,..,..,..,4415.00,..,..,..,..,4299.00,..,..,..,..,4027.00,..,..,..,..,4615.00,..,..,..,..,2601.00,..,..,..,..,2338.00,..,..,..,..,4493.00,1246.00,854.00,997.00,626.00,3723.00,1117.00,868.00,582.00,1121.00,3688.00,1203.00,894.00,2396.00,2114.00,6607.00,1646.00,1004.00,2586.00,2079.00,7315.00,1764.00,1025.00,2996.00,3953.00,9738.00,1688.00,911.00,1923.00,2943.00,7465.00,2075.00,1492.00,2104.00,2955.00,8626.00,2613.00,1516.00,2096.00,3075.00,9300.00,2547.00,1667.00,2064.00,2831.00,9109.00,2773.00,1665.00,2019.00,3018.00,9475.00,2853.00,1887.00,2013.00,3007.00,9760.00,2783.47,1860.90,2035.07,2981.45,9660.89,3542.06,2482.00,2020.60,1991.07,10035.73,3223.43,2374.05,1911.64,1181.99,8691.11,2455.59,2345.14,1855.10,1155.87,7811.70,2129.69,2051.75,1705.96,1194.69,7082.09,2489.71,2080.56,1180.01,950.12,6700.40,1786.17,1584.03,1158.27,1150.59,5679.06,1602.47,1607.70,1113.59,1068.94,5392.70,1571.57,1486.38,1018.31,1056.68,5132.94,1468.51,1341.43,895.56,849.16,4554.66,1278.63,1235.69,768.32,664.22,3946.86,1249.90,1077.43,662.54,642.73,3632.60,1014.38,1265.89,961.63,964.32,4206.22,1152.37,902.38,1037.39,1361.37,4453.51,902.53,1763.81,1265.63,1215.73,5147.70,911.33,1432.44,1435.66,1490.75,5270.18,1413.89,2837.77,1656.60,2513.04,8421.30,3019.56,2139.18,2099.77,2520.20,9778.71,1457.24,1419.89,839.60,511.04,4227.77,729.49,1177.64,544.14,806.78,3258.04,825.35,864.05,578.24,1001.96,3269.59,702.77,1123.78,757.14,817.91,3401.61,930.83,..,..,..,..
....Negros Oriental,....Marine Municipal Fisheries,..,..,..,..,17012.00,..,..,..,..,17228.00,..,..,..,..,4135.00,..,..,..,..,2763.00,..,..,..,..,3879.00,..,..,..,..,3605.00,..,..,..,..,4412.00,..,..,..,..,4297.00,..,..,..,..,4025.00,..,..,..,..,4615.00,..,..,..,..,2598.00,..,..,..,..,2336.00,..,..,..,..,4490.00,1238.00,847.00,995.00,624.00,3704.00,1113.00,862.00,579.00,1118.00,3672.00,1203.00,894.00,2394.00,2112.00,6603.00,1646.00,1004.00,2584.00,2077.00,7311.00,1764.00,1017.00,2993.00,3950.00,9724.00,1684.00,907.00,1919.00,2937.00,7447.00,2071.00,1488.00,2100.00,2946.00,8605.00,2609.00,1513.00,2092.00,3067.00,9281.00,2542.00,1659.00,2059.00,2822.00,9082.00,2765.00,1657.00,2010.00,3006.00,9438.00,2841.00,1877.00,2002.00,2992.00,9712.00,2770.47,1851.11,2023.92,2966.00,9611.50,3530.00,2470.00,2005.00,1973.00,9978.00,3211.70,2360.00,1902.56,1176.17,8650.43,2441.00,2327.91,1841.95,1148.58,7759.44,2118.17,2029.42,1691.17,1172.32,7011.08,2476.69,2067.23,1168.29,931.10,6643.31,1772.25,1568.44,1142.28,1135.63,5618.60,1591.36,1592.93,1098.21,1056.43,5338.93,1559.57,1475.45,1006.03,1045.75,5086.80,1457.54,1333.13,886.85,840.66,4518.18,1268.50,1226.05,760.42,659.22,3914.19,1244.20,1073.90,655.20,638.30,3611.60,1010.54,1261.36,949.40,938.34,4159.64,1146.89,895.23,1024.85,1341.95,4408.92,888.42,1753.26,1250.53,1204.27,5096.48,908.58,1427.75,1433.52,1488.39,5258.24,1407.92,2835.54,1655.89,2508.34,8407.69,3015.47,2137.93,2095.73,2517.11,9766.24,1452.64,1412.47,835.11,506.62,4206.84,725.21,1171.58,538.97,802.51,3238.27,820.29,856.20,573.76,997.17,3247.42,697.11,1117.58,752.18,814.03,3380.89,925.78,..,..,..,..
....Negros Oriental,....Inland Municipal Fisheries,..,..,..,..,..,..,..,..,..,..,..,..,..,..,1.00,..,..,..,..,1.00,..,..,..,..,1.00,..,..,..,..,2.00,..,..,..,..,3.00,..,..,..,..,2.00,..,..,..,..,2.00,..,..,..,..,..,..,..,..,..,3.00,..,..,..,..,2.00,..,..,..,..,3.00,8.00,7.00,2.00,2.00,19.00,4.00,6.00,3.00,3.00,16.00,..,..,2.00,2.00,4.00,..,..,2.00,2.00,4.00,..,8.00,3.00,3.00,14.00,4.00,4.00,4.00,6.00,18.00,4.00,4.00,4.00,9.00,21.00,4.00,3.00,4.00,8.00,19.00,5.00,8.00,5.00,9.00,27.00,8.00,8.00,9.00,12.00,37.00,12.00,10.00,11.00,15.00,48.00,13.00,9.79,11.15,15.45,49.39,12.06,12.00,15.60,18.07,57.73,11.73,14.05,9.08,5.82,40.68,14.59,17.23,13.15,7.29,52.26,11.52,22.33,14.79,22.37,71.01,13.02,13.33,11.72,19.02,57.09,13.92,15.59,15.99,14.96,60.46,11.11,14.77,15.38,12.51,53.77,12.00,10.93,12.28,10.93,46.14,10.97,8.30,8.71,8.50,36.48,10.13,9.64,7.90,5.00,32.67,5.70,3.53,7.34,4.43,21.00,3.84,4.53,12.23,25.98,46.58,5.48,7.15,12.54,19.42,44.59,14.11,10.55,15.10,11.46,51.22,2.75,4.69,2.14,2.36,11.94,5.97,2.23,0.71,4.70,13.61,4.09,1.25,4.04,3.09,12.47,4.60,7.42,4.49,4.42,20.93,4.28,6.06,5.17,4.27,19.78,5.06,7.84,4.48,4.79,22.17,5.66,6.20,4.97,3.88,20.72,5.05,..,..,..,..
....Negros Oriental,..Aquaculture,..,..,..,..,687.00,..,..,..,..,715.00,..,..,..,..,776.00,..,..,..,..,719.00,..,..,..,..,863.00,..,..,..,..,819.00,..,..,..,..,1448.00,..,..,..,..,1448.00,..,..,..,..,1424.00,..,..,..,..,1538.00,..,..,..,..,1629.00,..,..,..,..,1680.69,..,..,..,..,2323.00,1770.00,1535.00,531.00,577.00,4413.00,829.00,1581.00,505.00,569.00,3484.00,774.00,1024.00,424.00,673.00,2895.00,1045.00,1266.00,326.00,597.00,3234.00,1097.00,879.00,275.00,401.00,2652.00,949.00,731.00,279.00,418.00,2377.00,961.00,763.00,312.00,439.00,2475.00,966.00,828.00,325.00,466.00,2585.00,980.00,835.00,349.00,524.00,2688.00,799.90,858.00,386.50,612.70,2657.10,829.70,1254.10,374.20,592.92,3050.92,2407.08,1449.73,697.24,713.14,5267.19,2922.05,1262.22,762.77,488.69,5435.73,4619.95,1358.97,662.61,346.06,6987.59,1716.82,1252.37,716.88,550.51,4236.58,2150.90,1203.39,755.14,367.26,4476.68,1551.47,1095.87,853.78,603.47,4104.59,1325.21,1090.23,934.66,914.44,4264.54,1598.12,1261.78,604.00,967.37,4431.27,1077.94,1134.93,685.73,841.56,3740.16,889.97,986.93,868.37,796.74,3542.01,911.49,601.02,716.05,797.35,3025.91,713.62,462.74,570.15,602.85,2349.36,743.79,478.48,536.59,427.53,2186.39,853.00,648.98,517.90,425.24,2445.12,896.43,1015.84,561.48,559.79,3033.55,1387.15,741.09,605.71,497.12,3231.08,1158.95,744.30,552.09,496.99,2952.32,2334.94,1483.79,669.93,730.73,5219.39,552.41,960.86,1020.72,1313.19,3847.18,791.21,550.39,931.43,479.03,2752.06,1038.87,492.90,517.64,408.01,2457.42,1156.05,747.81,322.21,211.21,2437.28,320.73,..,..,..,..
....Siquijor,FISHERIES,..,..,..,..,2236.00,..,..,..,..,1989.00,..,..,..,..,1539.00,..,..,..,..,1580.00,..,..,..,..,1052.00,..,..,..,..,1322.00,..,..,..,..,1104.00,..,..,..,..,1361.00,..,..,..,..,1331.00,..,..,..,..,1494.00,..,..,..,..,1100.00,..,..,..,..,1062.67,..,..,..,..,931.00,429.00,312.00,158.00,110.00,1009.00,419.00,343.00,184.00,172.00,1118.00,462.00,315.00,205.00,237.00,1219.00,448.00,330.00,213.00,216.00,1207.00,482.00,370.00,271.00,282.00,1405.00,547.00,359.00,282.00,232.00,1420.00,512.00,379.00,301.00,257.00,1449.00,551.00,418.00,321.98,277.00,1567.98,562.00,562.00,375.00,269.00,1768.00,601.00,600.20,369.00,259.00,1829.20,564.30,630.79,386.70,345.70,1927.49,632.76,637.36,395.84,374.51,2040.47,714.40,670.44,471.40,500.03,2356.27,620.78,829.66,528.84,593.75,2573.03,797.53,1031.30,578.04,499.49,2906.36,736.73,1055.96,623.40,653.50,3069.59,761.10,1150.91,662.81,678.43,3253.25,796.95,1279.11,726.20,613.50,3415.76,746.52,1376.40,767.39,604.29,3494.60,822.43,1497.95,830.63,629.31,3780.32,894.31,1541.55,739.38,548.57,3723.80,822.17,1439.70,776.50,567.56,3605.93,867.22,1368.17,739.84,547.86,3523.08,934.55,1454.41,801.04,584.38,3774.38,905.28,1365.74,765.71,538.35,3575.08,967.22,1449.76,722.86,508.27,3648.12,1037.14,1570.31,695.89,550.49,3853.84,1122.58,1695.26,754.63,510.33,4082.80,884.11,1232.03,538.49,451.80,3106.42,640.53,1244.02,543.48,465.37,2893.40,606.60,1214.15,797.25,594.78,3212.78,572.66,1086.21,818.83,642.71,3120.41,957.68,974.71,623.65,551.07,3107.10,408.77,..,..,..,..
....Siquijor,..Commercial Fisheries,..,..,..,..,..,..,..,..,..,..,..,..,..,..,..,..,..,..,..,..,..,..,..,..,..,..,..,..,..,..,..,..,..,..,..,..,..,..,..,..,..,..,..,..,..,..,..,..,..,..,..,..,..,..,..,..,..,..,..,..,..,..,..,..,..,..,..,..,..,..,..,..,..,..,..,..,..,..,..,..,..,..,..,..,..,12.00,7.00,3.00,2.00,24.00,14.00,6.00,4.00,1.00,25.00,13.00,6.00,5.00,2.00,26.00,10.00,5.00,..,..,15.00,..,..,..,..,..,..,..,..,..,..,..,..,..,..,..,8.24,8.36,13.91,12.35,42.86,20.94,..,8.75,..,29.69,17.49,1.68,..,..,19.17,18.65,22.04,..,..,40.69,..,..,..,..,..,..,..,..,..,..,..,..,..,..,..,..,..,..,..,..,..,..,..,..,..,..,..,..,..,..,..,..,..,..,..,..,..,..,..,..,.,.,.,.,.,..,..,..,.,.,.,.,.,.,.,.,.,.,.,.,.,.,.,.,.,.,.,.,.,.,.,.,.,.,.,.,.,.,.,.,.,.,.,.,.,.,.,.,.,.,.,..,..,..,..
....Siquijor,..Municipal Fisheries,..,..,..,..,2236.00,..,..,..,..,1989.00,..,..,..,..,1539.00,..,..,..,..,1566.00,..,..,..,..,1037.00,..,..,..,..,1306.00,..,..,..,..,1089.00,..,..,..,..,1346.00,..,..,..,..,1315.00,..,..,..,..,1476.00,..,..,..,..,1081.00,..,..,..,..,1043.00,..,..,..,..,904.00,429.00,312.00,157.00,110.00,1008.00,419.00,343.00,177.00,172.00,1111.00,462.00,314.00,204.00,236.00,1216.00,448.00,330.00,213.00,215.00,1206.00,470.00,363.00,268.00,256.00,1357.00,533.00,353.00,278.00,231.00,1395.00,498.00,372.00,295.00,254.00,1419.00,540.00,412.00,321.00,276.00,1549.00,562.00,562.00,345.00,237.00,1706.00,588.00,600.00,366.00,256.00,1810.00,564.00,630.00,383.00,343.00,1920.00,621.32,625.00,373.12,351.63,1971.07,683.57,660.08,453.23,491.43,2288.31,593.68,813.90,509.28,571.29,2488.15,764.73,999.08,567.11,488.88,2819.80,721.77,1042.06,612.39,646.35,3022.57,754.21,1137.12,660.53,674.16,3226.02,791.98,1274.13,722.40,607.52,3396.03,742.26,1372.11,758.88,592.25,3465.50,813.07,1484.21,820.74,619.38,3737.40,882.97,1525.32,726.39,538.52,3673.20,808.39,1425.82,764.94,557.72,3556.87,856.61,1354.81,735.79,544.43,3491.64,929.24,1447.61,797.91,582.33,3757.09,896.49,1359.08,761.95,534.27,3551.79,961.33,1445.78,718.08,503.24,3628.43,1035.51,1568.44,693.62,547.01,3844.58,1119.89,1691.48,753.23,509.02,4073.62,882.88,1226.18,533.85,445.88,3088.79,637.69,1239.30,540.65,463.28,2880.92,603.94,1212.37,791.28,586.46,3194.05,567.72,1085.30,818.46,641.42,3112.90,955.61,971.58,622.15,537.77,3087.10,405.58,..,..,..,..
....Siquijor,....Marine Municipal Fisheries,..,..,..,..,2236.00,..,..,..,..,1989.00,..,..,..,..,1539.00,..,..,..,..,1566.00,..,..,..,..,1037.00,..,..,..,..,1306.00,..,..,..,..,1089.00,..,..,..,..,1346.00,..,..,..,..,1315.00,..,..,..,..,1476.00,..,..,..,..,1081.00,..,..,..,..,1043.00,..,..,..,..,904.00,429.00,312.00,157.00,110.00,1008.00,419.00,343.00,177.00,172.00,1111.00,462.00,314.00,204.00,236.00,1216.00,448.00,330.00,213.00,215.00,1206.00,470.00,363.00,268.00,256.00,1357.00,533.00,353.00,278.00,231.00,1395.00,498.00,372.00,295.00,254.00,1419.00,540.00,412.00,321.00,276.00,1549.00,562.00,562.00,345.00,237.00,1706.00,588.00,600.00,366.00,256.00,1810.00,564.00,630.00,383.00,343.00,1920.00,621.32,625.00,373.12,351.63,1971.07,683.57,660.08,453.23,491.43,2288.31,593.68,813.90,509.28,571.29,2488.15,764.73,999.08,567.11,488.88,2819.80,721.77,1042.06,612.39,646.35,3022.57,754.21,1137.12,660.53,674.16,3226.02,791.98,1274.13,722.40,607.52,3396.03,742.26,1372.11,758.88,592.25,3465.50,813.07,1484.21,820.74,619.38,3737.40,882.97,1525.32,726.39,538.52,3673.20,808.39,1425.82,764.94,557.72,3556.87,856.61,1354.81,735.79,544.43,3491.64,929.24,1447.58,797.91,582.33,3757.06,896.49,1359.08,761.95,534.27,3551.79,961.33,1445.78,718.08,503.24,3628.43,1035.51,1568.44,693.62,547.01,3844.58,1119.89,1691.48,753.23,509.02,4073.62,882.88,1226.18,533.85,445.88,3088.79,637.69,1239.30,540.65,463.28,2880.92,603.94,1212.37,791.28,586.46,3194.05,567.72,1085.30,818.46,641.42,3112.90,955.61,971.58,622.15,537.77,3087.10,405.58,..,..,..,..
....Siquijor,....Inland Municipal Fisheries,..,..,..,..,..,..,..,..,..,..,..,..,..,..,..,..,..,..,..,..,..,..,..,..,..,..,..,..,..,..,..,..,..,..,..,..,..,..,..,..,..,..,..,..,..,..,..,..,..,..,..,..,..,..,..,..,..,..,..,..,..,..,..,..,..,..,..,..,..,..,..,..,..,..,..,..,..,..,..,..,..,..,..,..,..,..,..,..,..,..,..,..,..,..,..,..,..,..,..,..,..,..,..,..,..,..,..,..,..,..,..,..,..,..,..,..,..,..,..,..,..,..,..,..,..,..,..,..,..,..,..,..,..,..,..,..,..,..,..,..,..,..,..,..,..,..,..,..,..,..,..,..,..,..,..,..,..,..,..,..,..,..,..,..,..,..,..,..,..,..,..,..,..,..,..,..,..,..,..,..,.,.,.,.,.,..,..,..,.,.,.,.,.,.,.,.,.,.,.,.,.,.,.,.,.,.,.,.,.,.,.,.,.,.,.,.,.,.,.,.,.,.,.,.,.,.,.,.,.,.,.,..,..,..,..
....Siquijor,..Aquaculture,..,..,..,..,..,..,..,..,..,..,..,..,..,..,..,..,..,..,..,14.00,..,..,..,..,15.00,..,..,..,..,16.00,..,..,..,..,15.00,..,..,..,..,15.00,..,..,..,..,16.00,..,..,..,..,18.00,..,..,..,..,19.00,..,..,..,..,19.67,..,..,..,..,27.00,..,..,1.00,..,1.00,..,..,7.00,..,7.00,..,1.00,1.00,1.00,3.00,..,..,..,1.00,1.00,..,..,..,24.00,24.00,..,..,..,..,..,1.00,1.00,1.00,1.00,4.00,1.00,1.00,0.98,1.00,3.98,..,..,30.00,32.00,62.00,13.00,0.20,3.00,3.00,19.20,0.30,0.79,3.70,2.70,7.49,3.20,4.00,8.81,10.53,26.54,9.89,10.36,9.42,8.60,38.27,9.61,14.08,19.56,22.46,65.71,14.15,10.18,10.93,10.61,45.87,14.96,13.90,11.01,7.15,47.02,6.89,13.79,2.28,4.27,27.23,4.97,4.98,3.80,5.98,19.73,4.26,4.29,8.51,12.04,29.10,9.36,13.74,9.89,9.93,42.92,11.34,16.23,12.99,10.05,50.60,13.78,13.88,11.56,9.84,49.06,10.61,13.36,4.05,3.43,31.44,5.31,6.80,3.13,2.05,17.29,8.79,6.66,3.76,4.08,23.29,5.89,3.98,4.78,5.03,19.68,1.63,1.87,2.27,3.48,9.26,2.69,3.78,1.40,1.31,9.18,1.23,5.85,4.64,5.92,17.63,2.84,4.71,2.83,2.09,12.47,2.66,1.78,5.97,8.32,18.73,4.94,0.91,0.37,1.30,7.51,2.07,3.13,1.50,13.30,19.99,3.19,..,..,..,..
..Region VII (Central Visayas),FISHERIES,..,..,..,..,38908.00,..,..,..,..,49407.00,..,..,..,..,59915.00,..,..,..,..,61075.00,..,..,..,..,79674.00,..,..,..,..,72834.00,..,..,..,..,58662.00,..,..,..,..,60967.00,..,..,..,..,67769.00,..,..,..,..,76122.00,..,..,..,..,101757.00,..,..,..,..,144044.64,..,..,..,..,125689.00,46697.00,39318.00,30392.00,16648.00,133055.00,47625.00,32607.00,27912.00,16392.00,124536.00,33725.00,31139.00,33894.00,23202.00,121960.00,31836.00,32888.00,36465.00,31656.00,132845.00,36983.00,31123.00,37750.00,29992.00,135848.00,32960.00,29629.00,37126.00,37332.00,137047.00,32214.00,30366.00,39075.00,41064.00,142719.00,34402.00,33007.00,38854.00,40349.00,146612.00,48123.00,39965.00,41592.00,43593.00,173273.00,48422.50,39737.56,49388.00,46602.20,184150.26,45530.90,41283.70,41734.90,45294.99,173844.49,54629.79,42203.27,41606.73,41206.73,179646.52,62744.69,55862.80,43100.47,47667.90,209375.86,48781.66,45339.35,40450.58,43780.16,178351.75,57386.81,55839.81,40841.40,48566.24,202634.26,52860.47,54493.60,43944.14,51245.56,202543.76,56964.57,56986.20,45627.31,52268.15,211846.23,59055.68,59289.43,48014.32,52435.53,218794.96,60370.62,60478.48,47725.56,51153.38,219728.04,60623.89,56996.61,48252.13,51070.98,216943.61,60629.52,58770.81,45943.34,43223.12,208566.79,41374.35,46595.75,42064.86,46788.01,176822.98,50322.27,40272.67,37375.83,42706.88,170677.65,44092.35,40806.67,39863.33,43353.40,168115.75,43788.08,34339.71,26338.28,31661.33,136127.40,41012.06,36906.03,24984.49,32600.81,135503.39,38389.98,38751.29,28540.18,33549.82,139231.27,38521.20,37554.72,28849.76,30854.69,135780.37,32589.67,33265.16,29714.79,28674.35,124243.97,19239.98,16485.75,15445.18,12193.05,63363.96,12866.95,12207.27,9576.46,10069.40,44720.07,13517.71,14548.63,14197.65,15426.16,57690.15,14879.27,19710.12,14114.37,13761.51,62465.27,12843.09,..,..,..,..
..Region VII (Central Visayas),..Commercial Fisheries,..,..,..,..,6095.00,..,..,..,..,16655.00,..,..,..,..,19327.00,..,..,..,..,19565.00,..,..,..,..,39225.00,..,..,..,..,25479.00,..,..,..,..,17277.00,..,..,..,..,26104.00,..,..,..,..,28341.00,..,..,..,..,32747.00,..,..,..,..,60454.00,..,..,..,..,101532.00,..,..,..,..,65830.00,21612.00,12346.00,16832.00,6892.00,57682.00,22030.00,15070.00,17066.00,5878.00,60044.00,17120.00,9023.00,17836.00,7006.00,50985.00,15409.00,11214.00,18796.00,9685.00,55104.00,18292.00,11158.00,19258.00,7540.00,56248.00,17430.00,10738.00,17345.00,12885.00,58398.00,17641.00,10644.00,17203.00,13059.00,58547.00,18402.00,10973.00,17137.00,13102.00,59614.00,17933.00,10272.00,15619.00,12844.00,56668.00,18744.00,9627.00,14678.00,11886.00,54935.00,18556.00,9550.00,13881.00,11381.00,53368.00,18638.44,9482.88,14167.64,11493.93,53782.89,18365.10,11380.01,14290.90,14347.75,58383.76,14461.53,10888.92,8629.51,7250.09,41230.05,14561.25,15871.92,8978.53,8177.68,47589.38,12603.74,14810.69,8670.83,8222.92,44308.18,12102.07,12176.12,7713.59,7353.21,39344.99,10185.67,10812.93,7811.75,7304.03,36114.38,8488.61,10262.80,7233.97,6824.51,32809.89,9193.46,9441.89,7612.70,5971.64,32219.69,9414.78,12189.95,7802.32,4729.04,34136.09,5349.96,8657.82,6193.61,5384.38,25585.77,7280.78,8396.61,6305.20,4397.61,26380.20,5302.38,9189.28,6909.38,3262.73,24663.77,1660.79,4825.68,3840.10,2088.10,12414.67,2667.54,3436.89,1879.06,2620.99,10604.48,2029.92,1883.25,2214.22,1466.21,7593.60,3768.09,3622.54,2420.45,1435.90,11246.98,1468.74,2732.60,2486.24,1758.58,8446.16,1697.62,2090.84,2337.77,2048.08,8174.31,1406.39,2969.97,2244.67,2990.15,9611.18,2076.27,3037.95,2661.76,3727.01,11502.98,3543.87,5110.26,2945.87,2091.30,13691.30,4139.19,..,..,..,..
..Region VII (Central Visayas),..Municipal Fisheries,..,..,..,..,29994.00,..,..,..,..,29341.00,..,..,..,..,20718.00,..,..,..,..,21703.00,..,..,..,..,19352.00,..,..,..,..,22532.00,..,..,..,..,24619.00,..,..,..,..,18097.00,..,..,..,..,17643.00,..,..,..,..,19828.00,..,..,..,..,16360.00,..,..,..,..,16781.00,..,..,..,..,24300.00,6932.00,7251.00,6958.00,4712.00,25853.00,6293.00,7645.00,7030.00,5448.00,26416.00,6903.00,8298.00,7407.00,8856.00,31464.00,7835.00,8173.00,7599.00,8402.00,32009.00,8664.00,7265.00,7622.00,10235.00,33786.00,8144.00,7135.00,7250.00,9868.00,32397.00,7990.00,7282.00,7813.00,12193.00,35278.00,8860.00,7545.00,7975.00,12253.00,36633.00,8286.00,7341.00,7683.00,10611.00,33921.00,9914.00,8167.00,10492.00,11815.00,40388.00,9677.00,7958.00,10276.00,10784.00,38695.00,9724.35,8076.57,9640.19,10640.29,38081.40,10400.65,9516.10,9474.15,10388.09,39778.99,8935.28,8934.39,11830.77,11890.50,41590.94,12244.93,9076.42,9534.39,10331.40,41187.14,10847.77,10220.84,9482.90,10680.03,41231.54,11243.22,12495.83,9977.18,11084.55,44800.78,12021.28,12944.90,9852.36,11553.93,46372.47,11654.43,11930.34,9421.54,11145.94,44152.25,12350.90,11887.00,9151.65,9603.60,42993.15,11820.30,12156.04,8972.92,10935.88,43885.14,10090.57,12241.36,9458.51,9538.03,41328.47,10507.04,11203.88,9902.70,9769.63,41383.25,13365.06,12588.54,10342.74,11247.97,47544.31,13957.11,13503.84,11280.98,12560.76,51302.69,12965.80,14666.04,13262.20,14193.32,55087.36,14176.21,15842.36,12848.47,15981.97,58849.01,17149.46,16404.25,15672.07,16816.08,66041.86,13142.28,17561.97,16887.61,16673.62,64265.48,10004.82,11297.16,9877.65,5980.14,37159.77,6020.88,4861.72,4765.78,4813.84,20462.22,6964.51,6964.13,5955.26,5478.13,25362.03,7186.21,10012.16,7830.63,7151.92,32180.92,5126.27,..,..,..,..
..Region VII (Central Visayas),....Marine Municipal Fisheries,..,..,..,..,29982.00,..,..,..,..,29341.00,..,..,..,..,20706.00,..,..,..,..,21691.00,..,..,..,..,19338.00,..,..,..,..,22516.00,..,..,..,..,24599.00,..,..,..,..,18078.00,..,..,..,..,17622.00,..,..,..,..,19804.00,..,..,..,..,16333.00,..,..,..,..,16751.00,..,..,..,..,24271.00,6923.00,7243.00,6958.00,4712.00,25836.00,6284.00,7636.00,7020.00,5439.00,26379.00,6894.00,8293.00,7398.00,8851.00,31436.00,7827.00,8168.00,7590.00,8396.00,31981.00,8637.00,7260.00,7614.00,10230.00,33741.00,8139.00,7127.00,7245.00,9864.00,32375.00,7980.00,7271.00,7806.00,12187.00,35244.00,8850.00,7536.00,7963.00,12245.00,36594.00,8272.00,7330.00,7666.00,10597.00,33865.00,9895.00,8144.00,10476.00,11800.00,40315.00,9665.00,7937.00,10262.00,10765.00,38629.00,9693.86,8061.80,9618.57,10620.86,37995.09,10362.68,9488.74,9450.85,10364.53,39666.80,8902.98,8910.08,11790.70,11855.14,41458.90,12200.34,9041.37,9499.79,10295.99,41037.49,10804.47,10169.05,9437.35,10646.87,41057.74,11199.50,12444.25,9929.09,11051.05,44623.89,11991.51,12914.98,9820.45,11517.92,46244.86,11619.57,11894.87,9388.51,11109.52,44012.47,12311.92,11854.00,9109.99,9559.12,42835.03,11781.26,12124.21,8939.81,10901.70,43746.98,10045.67,12191.27,9412.60,9488.67,41138.21,10456.92,11162.17,9864.54,9730.95,41214.58,13327.13,12562.00,10315.00,11215.82,47419.95,13926.52,13479.71,11253.02,12531.11,51190.36,12933.75,14643.13,13232.30,14134.64,54943.82,14149.97,15815.64,12819.75,15942.20,58727.56,17117.85,16379.09,15651.06,16805.67,65953.67,13125.46,17548.80,16876.24,16658.64,64209.14,9990.03,11283.75,9858.31,5967.42,37099.51,6007.53,4853.60,4755.80,4803.26,20420.19,6956.69,6957.43,5949.46,5465.92,25329.49,7180.96,10006.19,7825.75,7145.79,32158.69,5120.21,..,..,..,..
..Region VII (Central Visayas),....Inland Municipal Fisheries,..,..,..,..,12.00,..,..,..,..,..,..,..,..,..,12.00,..,..,..,..,12.00,..,..,..,..,14.00,..,..,..,..,16.00,..,..,..,..,20.00,..,..,..,..,19.00,..,..,..,..,21.00,..,..,..,..,24.00,..,..,..,..,27.00,..,..,..,..,30.00,..,..,..,..,29.00,9.00,8.00,..,..,17.00,9.00,9.00,10.00,9.00,37.00,9.00,5.00,9.00,5.00,28.00,8.00,5.00,9.00,6.00,28.00,27.00,5.00,8.00,5.00,45.00,5.00,8.00,5.00,4.00,22.00,10.00,11.00,7.00,6.00,34.00,10.00,9.00,12.00,8.00,39.00,14.00,11.00,17.00,14.00,56.00,19.00,23.00,16.00,15.00,73.00,12.00,21.00,14.00,19.00,66.00,30.49,14.77,21.62,19.43,86.31,37.97,27.36,23.30,23.56,112.19,32.30,24.31,40.07,35.36,132.04,44.59,35.05,34.60,35.41,149.65,43.30,51.79,45.55,33.16,173.80,43.72,51.58,48.09,33.50,176.89,29.77,29.92,31.91,36.01,127.61,34.86,35.47,33.03,36.42,139.78,38.98,33.00,41.66,44.48,158.12,39.04,31.83,33.11,34.18,138.16,44.90,50.09,45.91,49.36,190.26,50.12,41.71,38.16,38.68,168.67,37.93,26.54,27.74,32.15,124.36,30.59,24.13,27.96,29.65,112.33,32.05,22.91,29.90,58.68,143.54,26.24,26.72,28.72,39.77,121.45,31.61,25.16,21.01,10.41,88.19,16.82,13.17,11.37,14.98,56.34,14.79,13.41,19.34,12.72,60.26,13.35,8.12,9.98,10.58,42.03,7.82,6.71,5.80,12.21,32.54,5.25,5.97,4.88,6.14,22.24,6.06,..,..,..,..
..Region VII (Central Visayas),..Aquaculture,..,..,..,..,2819.00,..,..,..,..,3411.00,..,..,..,..,19870.00,..,..,..,..,19807.00,..,..,..,..,21097.00,..,..,..,..,24823.00,..,..,..,..,16766.00,..,..,..,..,16766.00,..,..,..,..,21785.00,..,..,..,..,23547.00,..,..,..,..,24943.00,..,..,..,..,25731.64,..,..,..,..,35559.00,18153.00,19721.00,6602.00,5044.00,49520.00,19302.00,9892.00,3816.00,5066.00,38076.00,9702.00,13818.00,8651.00,7340.00,39511.00,8592.00,13501.00,10070.00,13569.00,45732.00,10027.00,12700.00,10870.00,12217.00,45814.00,7386.00,11756.00,12531.00,14579.00,46252.00,6583.00,12440.00,14059.00,15812.00,48894.00,7140.00,14489.00,13742.00,14994.00,50365.00,21904.00,22352.00,18290.00,20138.00,82684.00,19764.50,21943.56,24218.00,22901.20,88827.26,17297.90,23775.70,17577.90,23129.99,81781.49,26267.00,24643.82,17798.90,19072.51,87782.23,33978.94,34966.69,19335.42,22932.06,111213.11,25384.85,25516.04,19990.30,24639.57,95530.76,30580.63,30891.47,22328.48,30057.16,113857.74,29408.96,29462.07,25790.41,32342.61,117004.04,33619.28,32314.25,27936.54,33830.39,127700.46,36848.73,35531.60,30350.21,33577.57,136308.11,40227.58,38285.34,31070.05,33182.93,142765.90,39079.53,35667.72,31487.78,35495.74,141730.77,39394.44,34424.82,29168.10,27558.20,130545.56,25933.82,25696.57,26412.74,31865.60,109908.74,32534.45,20672.18,21167.93,28539.64,102914.20,25424.91,19028.85,22611.21,28842.70,95907.67,28170.18,16010.19,11217.20,17012.47,72410.04,25378.72,18803.10,9843.23,15786.50,69811.55,22183.85,21025.68,13477.49,16101.64,72788.66,17603.65,17527.93,10757.24,12602.71,58491.53,17978.65,12970.59,10340.93,10242.15,51532.32,7537.54,3097.74,3229.75,4164.84,18029.88,5439.68,4375.58,2566.01,2265.40,14646.67,4476.94,4546.55,5580.63,6221.02,20825.13,4149.19,4587.71,3337.87,4518.28,16593.04,3577.63,..,..,..,..
....Bohol,FISHERIES,..,..,..,..,20246.00,..,..,..,..,21169.00,..,..,..,..,29689.00,..,..,..,..,30386.00,..,..,..,..,31870.00,..,..,..,..,34944.00,..,..,..,..,28118.00,..,..,..,..,23951.00,..,..,..,..,35455.00,..,..,..,..,37525.00,..,..,..,..,40937.00,..,..,..,..,40335.88,..,..,..,..,51473.00,23862.00,28568.00,11954.00,7308.00,71692.00,27039.00,19740.00,9124.00,7336.00,63239.00,12892.00,21086.00,13354.00,12020.00,59352.00,13573.00,19947.00,13708.00,17327.00,64555.00,16417.00,18260.00,15969.00,16592.00,67238.00,13214.00,17419.00,17423.00,18916.00,66972.00,12599.00,17499.00,18929.00,19774.00,68801.00,13772.00,19879.00,18620.00,19393.00,71664.00,28493.00,27358.00,22802.00,23823.00,102476.00,26615.00,26172.50,28669.00,26447.20,107903.70,23780.10,27903.30,22121.60,26040.12,99845.12,32868.80,28343.57,22182.61,21488.10,104883.08,40619.01,38093.00,22727.43,24741.66,126181.10,28588.34,27571.00,22834.58,27229.20,106223.12,33457.37,34291.58,25326.95,31706.22,124782.12,31682.48,32658.95,29059.31,34312.45,127713.19,34467.60,33879.80,29495.88,35316.01,133159.29,37529.97,36682.58,31021.78,34437.86,139672.19,39750.08,37264.92,31267.67,34416.74,142699.41,38731.07,35320.17,31823.26,35306.34,141180.84,38838.40,34118.70,29038.51,30007.42,132003.03,27965.62,28204.37,26399.94,32293.18,114863.12,33232.88,21266.81,20748.75,28708.76,103957.20,26741.56,21068.28,22801.82,30354.86,100966.51,30925.02,16726.77,8816.54,17003.09,73471.43,24701.61,19211.37,10221.87,17110.00,71244.85,20398.20,23259.64,14840.14,17320.37,75818.35,16643.97,20311.19,12874.63,15385.52,65215.31,15953.97,15289.35,12298.67,12774.83,56316.82,4403.79,5300.05,4070.07,4699.70,18473.61,6220.20,4721.45,3970.39,3820.50,18732.54,6603.66,6444.25,5698.69,5169.40,23915.99,5256.43,8075.81,5806.73,6436.58,25575.56,5344.55,..,..,..,..
....Bohol,..Commercial Fisheries,..,..,..,..,1204.00,..,..,..,..,1528.00,..,..,..,..,1866.00,..,..,..,..,2985.00,..,..,..,..,5264.00,..,..,..,..,3076.00,..,..,..,..,2661.00,..,..,..,..,2024.00,..,..,..,..,8522.00,..,..,..,..,8096.00,..,..,..,..,12658.00,..,..,..,..,11596.00,..,..,..,..,11901.00,3687.00,5565.00,2574.00,623.00,12449.00,6269.00,6473.00,2593.00,908.00,16243.00,2767.00,3577.00,2567.00,918.00,9829.00,3259.00,3020.00,2131.00,743.00,9153.00,3682.00,2800.00,2260.00,770.00,9512.00,3130.00,2606.00,2123.00,885.00,8744.00,2911.00,2530.00,2403.00,929.00,8773.00,3230.00,2773.00,2460.00,952.00,9415.00,3133.00,3013.00,2411.00,880.00,9437.00,3352.00,2912.00,2621.00,916.00,9801.00,3559.00,3036.00,2458.00,829.00,9882.00,3358.00,2824.00,2526.00,845.00,9553.00,3456.00,2811.00,1942.00,632.00,8841.00,1194.00,1335.00,1062.00,558.00,4149.00,1216.78,1878.49,1030.48,319.12,4444.87,1419.42,1756.09,1231.88,457.66,4865.05,1127.65,943.68,712.62,304.60,3088.55,690.00,607.94,401.34,172.24,1871.52,218.18,311.47,324.57,216.43,1070.65,322.97,356.49,246.66,128.57,1054.69,396.81,519.76,228.52,111.45,1256.54,366.22,472.76,159.78,226.95,1225.71,387.48,474.30,314.31,205.21,1381.30,561.99,1105.33,456.96,335.81,2460.09,334.41,602.56,269.10,303.97,1510.04,529.34,648.72,225.89,280.83,1684.78,446.40,450.47,272.17,274.33,1443.37,312.80,615.43,214.77,244.20,1387.20,227.80,404.07,230.91,253.05,1115.83,355.42,669.76,438.18,423.20,1886.55,439.49,781.56,738.42,622.38,2581.84,659.29,1161.57,741.83,748.50,3311.19,644.53,1620.96,939.24,844.89,4049.61,1225.49,..,..,..,..
....Bohol,..Municipal Fisheries,..,..,..,..,17860.00,..,..,..,..,17939.00,..,..,..,..,9662.00,..,..,..,..,8658.00,..,..,..,..,6467.00,..,..,..,..,8368.00,..,..,..,..,10924.00,..,..,..,..,7394.00,..,..,..,..,7356.00,..,..,..,..,8186.00,..,..,..,..,5777.00,..,..,..,..,5526.00,..,..,..,..,7492.00,2649.00,4140.00,3488.00,2371.00,12648.00,2414.00,4068.00,3324.00,2509.00,12315.00,2659.00,4321.00,3769.00,4484.00,15233.00,3588.00,4279.00,3614.00,3811.00,15292.00,4198.00,3500.00,3770.00,3900.00,15368.00,3739.00,3372.00,3411.00,3860.00,14382.00,3590.00,3252.00,3551.00,3938.00,14331.00,3900.00,3316.00,3624.00,3967.00,14807.00,3824.00,3274.00,3548.00,3457.00,14103.00,4033.00,3087.00,3317.00,3698.00,14135.00,4086.00,3119.00,3262.00,3268.00,13735.00,4015.00,3017.50,3233.20,3211.60,13477.30,4014.10,3042.94,3433.30,3719.20,14209.54,2969.50,2408.60,3532.20,3844.31,12754.61,2982.90,2625.09,3389.58,3282.81,12280.38,2610.98,2710.86,3439.44,3340.57,12101.85,2653.90,2573.08,2914.98,3423.07,11565.03,2907.82,2575.65,3006.64,3551.89,12042.00,2749.44,2163.80,2724.86,3310.90,10949.00,2929.95,2618.64,2586.82,2975.25,11110.66,2958.87,2699.19,2602.02,4774.92,13035.00,3204.95,2671.93,2223.85,2961.80,11062.53,3259.54,2750.53,2305.18,2737.72,11052.97,4384.45,3433.95,2489.94,3210.89,13519.23,4000.17,3543.47,2881.47,3918.93,14344.04,4048.52,3565.07,3453.17,3871.37,14938.13,3721.29,3945.68,4316.75,3767.40,15751.12,3915.03,4054.65,4352.90,4099.14,16421.72,4087.03,3805.95,4640.85,3826.16,16359.99,3284.36,3656.75,2165.31,2010.48,11116.90,2647.61,1356.21,1526.74,1587.54,7118.09,2999.57,2818.00,2123.94,2108.39,10049.90,2307.87,4539.21,3262.13,3229.11,13338.32,2240.08,..,..,..,..
....Bohol,....Marine Municipal Fisheries,..,..,..,..,17848.00,..,..,..,..,17939.00,..,..,..,..,9658.00,..,..,..,..,8654.00,..,..,..,..,6462.00,..,..,..,..,8362.00,..,..,..,..,10916.00,..,..,..,..,7386.00,..,..,..,..,7347.00,..,..,..,..,8175.00,..,..,..,..,5764.00,..,..,..,..,5512.00,..,..,..,..,7480.00,2649.00,4140.00,3488.00,2371.00,12648.00,2414.00,4068.00,3324.00,2509.00,12315.00,2659.00,4321.00,3769.00,4484.00,15233.00,3588.00,4279.00,3614.00,3811.00,15292.00,4198.00,3500.00,3770.00,3900.00,15368.00,3739.00,3372.00,3411.00,3860.00,14382.00,3590.00,3251.00,3550.00,3937.00,14328.00,3900.00,3316.00,3622.00,3965.00,14803.00,3822.00,3271.00,3542.00,3450.00,14085.00,4025.00,3078.00,3310.00,3690.00,14103.00,4086.00,3111.00,3256.00,3262.00,13715.00,4006.00,3007.00,3224.00,3203.00,13440.00,4004.00,3032.00,3425.00,3711.00,14172.00,2953.00,2395.00,3518.00,3829.00,12695.00,2961.00,2608.09,3376.91,3271.66,12217.66,2586.21,2683.88,3408.28,3321.03,11999.40,2629.05,2545.39,2880.50,3402.15,11457.09,2888.48,2555.03,2986.97,3530.58,11961.06,2729.47,2140.62,2703.31,3289.23,10862.63,2913.37,2601.41,2563.38,2949.92,11028.08,2936.58,2679.85,2583.98,4758.43,12958.84,3185.38,2652.76,2206.30,2943.36,10987.80,3243.38,2735.49,2293.31,2718.97,10991.15,4369.34,3422.74,2479.44,3195.39,13466.91,3985.92,3533.09,2868.49,3905.67,14293.17,4029.94,3557.27,3432.75,3848.20,14868.16,3707.28,3933.05,4306.90,3753.13,15700.36,3900.86,4040.85,4342.18,4090.93,16374.82,4071.06,3793.14,4635.67,3814.29,16314.16,3271.50,3648.37,2148.57,1998.46,11066.90,2638.19,1348.84,1518.68,1581.82,7087.53,2993.86,2813.31,2119.96,2098.21,10025.35,2303.77,4535.21,3258.86,3223.69,13321.52,2235.10,..,..,..,..
....Bohol,....Inland Municipal Fisheries,..,..,..,..,12.00,..,..,..,..,..,..,..,..,..,4.00,..,..,..,..,4.00,..,..,..,..,5.00,..,..,..,..,6.00,..,..,..,..,8.00,..,..,..,..,8.00,..,..,..,..,9.00,..,..,..,..,11.00,..,..,..,..,13.00,..,..,..,..,14.00,..,..,..,..,12.00,..,..,..,..,..,..,..,..,..,..,..,..,..,..,..,..,..,..,..,..,..,..,..,..,..,..,..,..,..,..,..,1.00,1.00,1.00,3.00,..,..,2.00,2.00,4.00,2.00,3.00,6.00,7.00,18.00,8.00,9.00,7.00,8.00,32.00,..,8.00,6.00,6.00,20.00,9.00,10.50,9.20,8.60,37.30,10.10,10.94,8.30,8.20,37.54,16.50,13.60,14.20,15.31,59.61,21.90,17.00,12.67,11.15,62.72,24.77,26.98,31.16,19.54,102.45,24.85,27.69,34.48,20.92,107.94,19.34,20.62,19.67,21.31,80.94,19.97,23.18,21.55,21.67,86.37,16.58,17.23,23.44,25.33,82.58,22.29,19.34,18.04,16.49,76.16,19.57,19.17,17.55,18.44,74.73,16.16,15.04,11.87,18.75,61.82,15.11,11.21,10.50,15.50,52.32,14.25,10.38,12.98,13.26,50.87,18.58,7.80,20.42,23.17,69.97,14.01,12.63,9.85,14.27,50.76,14.17,13.80,10.72,8.21,46.90,15.97,12.81,5.18,11.87,45.83,12.86,8.37,16.74,12.03,50.00,9.41,7.37,8.07,5.71,30.56,5.71,4.69,3.97,10.19,24.56,4.10,4.00,3.27,5.42,16.80,4.97,..,..,..,..
....Bohol,..Aquaculture,..,..,..,..,1182.00,..,..,..,..,1702.00,..,..,..,..,18161.00,..,..,..,..,18743.00,..,..,..,..,20139.00,..,..,..,..,23500.00,..,..,..,..,14533.00,..,..,..,..,14533.00,..,..,..,..,19577.00,..,..,..,..,21243.00,..,..,..,..,22502.00,..,..,..,..,23213.88,..,..,..,..,32080.00,17526.00,18863.00,5892.00,4314.00,46595.00,18356.00,9199.00,3207.00,3919.00,34681.00,7466.00,13188.00,7018.00,6618.00,34290.00,6726.00,12648.00,7963.00,12773.00,40110.00,8537.00,11960.00,9939.00,11922.00,42358.00,6345.00,11441.00,11889.00,14171.00,43846.00,6098.00,11717.00,12975.00,14907.00,45697.00,6642.00,13790.00,12536.00,14474.00,47442.00,21536.00,21071.00,16843.00,19486.00,78936.00,19230.00,20173.50,22731.00,21833.20,83967.70,16135.10,21748.30,16401.60,21943.12,76228.12,25495.80,22502.07,16423.41,17431.50,81852.78,33148.91,32239.06,17352.13,20390.46,103130.56,24424.84,23827.40,18240.38,22826.89,89319.51,29257.69,29788.00,20906.89,28104.29,108056.87,27652.08,28192.00,24387.99,30514.22,110746.29,30686.05,30363.04,25868.28,31588.34,118505.71,33932.15,33498.99,27613.80,30713.73,125758.67,36782.46,34789.65,28218.24,30889.41,130679.76,35478.15,32345.04,28989.78,32202.52,129015.49,35482.72,30899.75,26207.97,25121.05,117711.49,24394.45,25059.68,24016.31,29104.43,102574.88,29585.86,18041.98,18129.26,25765.83,91522.93,21795.12,16529.00,19854.92,26808.16,84987.19,26590.44,12580.74,5665.97,12780.19,57617.35,20123.75,14997.58,6542.81,12957.80,54621.94,16230.51,18863.49,10251.22,13278.64,58623.86,12416.14,15641.11,8306.96,11042.18,47406.39,11639.14,11079.33,7426.91,8695.62,38841.00,764.01,973.55,1466.58,2266.01,5470.16,3133.11,2583.69,1705.23,1610.57,9032.60,2944.79,2464.68,2832.93,2312.50,10554.90,2304.03,1915.64,1605.37,2362.58,8187.63,1878.99,..,..,..,..
....Cebu,FISHERIES,..,..,..,..,18662.00,..,..,..,..,28238.00,..,..,..,..,30226.00,..,..,..,..,30689.00,..,..,..,..,47804.00,..,..,..,..,37890.00,..,..,..,..,30544.00,..,..,..,..,37016.00,..,..,..,..,32314.00,..,..,..,..,38597.00,..,..,..,..,60820.00,..,..,..,..,103708.76,..,..,..,..,74216.00,22835.00,10750.00,18438.00,9340.00,61363.00,20586.00,12867.00,18788.00,9056.00,61297.00,20833.00,10053.00,20540.00,11182.00,62608.00,18263.00,12941.00,22757.00,14329.00,68290.00,20566.00,12863.00,21781.00,13400.00,68610.00,19746.00,12210.00,19703.00,18416.00,70075.00,19615.00,12867.00,20146.00,21290.00,73918.00,20630.00,13128.00,20234.00,20956.00,74948.00,19630.00,12607.00,18790.00,19770.00,70797.00,21807.50,13565.06,20719.00,20155.00,76246.56,21750.80,13380.40,19613.30,19254.87,73999.37,21760.99,13859.70,19424.12,19718.63,74763.44,22125.68,17769.79,20373.04,22926.24,83194.76,20193.32,17768.35,17616.00,16550.97,72128.64,23929.44,21548.23,15514.46,16860.02,77852.14,21177.98,21834.65,14884.83,16933.11,74830.57,22496.96,23106.40,16131.43,16952.14,78686.94,21525.71,22606.85,16992.54,17997.67,79122.77,20620.55,23213.56,16457.88,16736.64,77028.63,21892.82,21676.44,16428.87,15764.64,75762.77,21791.13,24652.11,16904.83,13215.70,76563.76,13408.73,18391.38,15664.92,14494.83,61959.86,17089.38,19005.86,16627.09,13998.12,66720.45,17350.78,19738.39,17061.51,12998.54,67149.23,12863.06,17612.94,17521.74,14658.24,62655.98,16310.45,17694.66,14762.62,15490.81,64258.55,17991.78,15491.65,13700.04,16229.44,63412.92,21877.23,17243.52,15975.13,15469.17,70565.06,16635.70,17975.81,17416.12,15899.51,67927.15,14836.19,11185.69,11375.11,7493.35,44890.35,6646.75,7485.82,5606.07,6248.90,25987.53,6914.05,8104.39,8498.95,10256.76,33774.15,9622.84,11634.31,8307.64,7324.92,36889.71,7498.54,..,..,..,..
....Cebu,..Commercial Fisheries,..,..,..,..,4891.00,..,..,..,..,15127.00,..,..,..,..,17461.00,..,..,..,..,16580.00,..,..,..,..,33961.00,..,..,..,..,22403.00,..,..,..,..,14616.00,..,..,..,..,24080.00,..,..,..,..,19819.00,..,..,..,..,24651.00,..,..,..,..,47796.00,..,..,..,..,89936.00,..,..,..,..,53929.00,17925.00,6781.00,14258.00,6269.00,45233.00,15761.00,8597.00,14473.00,4970.00,43801.00,14353.00,5446.00,15269.00,6088.00,41156.00,12150.00,8194.00,16665.00,8942.00,45951.00,14610.00,8358.00,16998.00,6770.00,46736.00,14300.00,8132.00,15222.00,12000.00,49654.00,14730.00,8114.00,14800.00,12130.00,49774.00,15172.00,8200.00,14677.00,12150.00,50199.00,14800.00,7259.00,13208.00,11964.00,47231.00,15392.00,6715.00,12057.00,10970.00,45134.00,14997.00,6514.00,11423.00,10552.00,43486.00,15280.44,6658.88,11641.64,10648.93,44229.89,14909.10,8569.01,12348.90,13715.75,49542.76,13267.53,9553.92,7567.51,6692.09,37081.05,13344.47,13993.43,7948.05,7858.56,43144.51,11184.32,13054.60,7438.95,7765.26,39443.13,10974.42,11232.44,7000.97,7048.61,36256.44,9495.67,10204.99,7410.41,7131.79,34242.86,8270.43,9951.33,6909.40,6608.08,31739.24,8870.49,9085.40,7366.04,5843.07,31165.00,9017.97,11670.19,7573.80,4617.59,32879.55,4983.74,8185.06,6033.83,5157.43,24360.06,6893.30,7922.31,5990.89,4192.40,24998.90,4740.39,8083.95,6452.42,2926.92,22203.68,1326.38,4223.12,3571.00,1784.13,10904.63,2138.20,2788.17,1653.17,2340.16,8919.70,1583.52,1432.78,1942.05,1191.88,6150.23,3455.29,3007.11,2205.68,1191.70,9859.78,1240.94,2328.53,2255.33,1505.53,7330.33,1342.20,1421.08,1899.59,1624.88,6287.76,966.90,2188.41,1506.26,2367.77,7029.34,1416.97,1876.38,1919.93,2978.51,8191.79,2899.34,3489.30,2006.63,1246.41,9641.69,2913.71,..,..,..,..
....Cebu,..Municipal Fisheries,..,..,..,..,12134.00,..,..,..,..,11402.00,..,..,..,..,11056.00,..,..,..,..,13045.00,..,..,..,..,12885.00,..,..,..,..,14164.00,..,..,..,..,13695.00,..,..,..,..,10703.00,..,..,..,..,10287.00,..,..,..,..,11642.00,..,..,..,..,10583.00,..,..,..,..,11255.00,..,..,..,..,16808.00,4283.00,3111.00,3470.00,2341.00,13205.00,3879.00,3577.00,3706.00,2939.00,14101.00,4244.00,3977.00,3638.00,4372.00,16231.00,4247.00,3894.00,3985.00,4591.00,16717.00,4466.00,3765.00,3852.00,6335.00,18418.00,4405.00,3763.00,3839.00,6008.00,18015.00,4400.00,4030.00,4262.00,8255.00,20947.00,4960.00,4229.00,4351.00,8286.00,21826.00,4462.00,4067.00,4135.00,7154.00,19818.00,5881.00,5080.00,7175.00,8117.00,26253.00,5591.00,4839.00,7014.00,7516.00,24960.00,5709.35,5059.07,6406.99,7428.69,24604.10,6386.55,6473.16,6040.85,6668.89,25569.45,5965.78,6525.79,8298.57,8046.19,28836.33,9262.03,6451.33,6144.81,7048.59,28906.76,8236.79,7509.98,6043.46,7339.46,29129.69,8589.32,9922.75,7062.20,7661.48,33235.75,9113.46,10369.25,6845.72,8002.04,34330.47,8904.99,9766.54,6696.68,7835.04,33203.25,9420.95,9268.36,6564.83,6628.35,31882.49,8861.43,9456.85,6370.90,6160.96,30850.14,6885.62,9569.43,7234.66,6576.23,30265.94,7247.50,8453.35,7597.52,7031.91,30330.28,8980.61,9154.59,7852.80,8037.08,34025.08,9956.94,9960.37,8399.51,8641.83,36958.65,8917.28,11100.97,9809.03,10321.95,40149.23,10454.92,11896.68,8531.72,12214.57,43097.89,13234.43,12349.60,11319.17,12716.94,49620.14,9055.25,13756.02,12246.76,12847.46,47905.49,6720.46,7640.41,7712.35,3969.65,26042.87,3373.27,3505.51,3239.03,3226.30,13344.12,3964.94,4146.13,3831.32,3369.73,15312.13,4878.34,5472.95,4568.50,3922.81,18842.60,2886.19,..,..,..,..
....Cebu,....Marine Municipal Fisheries,..,..,..,..,12134.00,..,..,..,..,11402.00,..,..,..,..,11048.00,..,..,..,..,13037.00,..,..,..,..,12876.00,..,..,..,..,14154.00,..,..,..,..,13683.00,..,..,..,..,10692.00,..,..,..,..,10275.00,..,..,..,..,11629.00,..,..,..,..,10569.00,..,..,..,..,11239.00,..,..,..,..,16791.00,4274.00,3103.00,3470.00,2341.00,13188.00,3870.00,3568.00,3696.00,2930.00,14064.00,4235.00,3972.00,3629.00,4367.00,16203.00,4239.00,3889.00,3976.00,4585.00,16689.00,4439.00,3760.00,3844.00,6330.00,18373.00,4400.00,3755.00,3834.00,6004.00,17993.00,4390.00,4020.00,4256.00,8250.00,20916.00,4950.00,4220.00,4341.00,8280.00,21791.00,4450.00,4059.00,4124.00,7147.00,19780.00,5870.00,5066.00,7166.00,8110.00,26212.00,5579.00,4826.00,7006.00,7503.00,24914.00,5687.86,5054.80,6394.57,7417.86,24555.09,6358.68,6456.74,6025.85,6653.53,25494.80,5949.98,6515.08,8272.70,8026.14,28763.90,9239.34,6433.28,6122.88,7024.33,28819.83,8218.26,7485.17,6029.07,7325.84,29058.34,8570.45,9898.86,7048.59,7648.90,33166.80,9103.03,10359.95,6833.48,7987.34,34283.80,8890.10,9754.25,6685.20,7820.29,33149.84,9398.55,9252.59,6546.61,6609.20,31806.95,8844.68,9444.36,6355.83,6143.27,30788.14,6860.29,9538.51,7206.30,6545.31,30150.41,7213.54,8426.68,7571.23,7011.98,30223.43,8957.79,9139.26,7835.56,8020.43,33953.04,9940.60,9946.62,8384.53,8625.44,36897.19,8903.81,11085.86,9799.55,10286.44,40075.66,10442.69,11882.59,8512.85,12189.07,43027.20,13216.99,12338.24,11308.88,12714.74,49578.85,9054.40,13755.66,12240.57,12844.35,47894.98,6718.53,7635.38,7709.74,3968.96,26032.61,3369.34,3504.76,3237.12,3221.44,13332.66,3962.83,4144.12,3829.50,3367.71,15304.15,4877.19,5470.98,4566.88,3922.10,18837.16,2885.11,..,..,..,..
....Cebu,....Inland Municipal Fisheries,..,..,..,..,..,..,..,..,..,..,..,..,..,..,8.00,..,..,..,..,8.00,..,..,..,..,9.00,..,..,..,..,10.00,..,..,..,..,12.00,..,..,..,..,11.00,..,..,..,..,12.00,..,..,..,..,13.00,..,..,..,..,14.00,..,..,..,..,16.00,..,..,..,..,17.00,9.00,8.00,..,..,17.00,9.00,9.00,10.00,9.00,37.00,9.00,5.00,9.00,5.00,28.00,8.00,5.00,9.00,6.00,28.00,27.00,5.00,8.00,5.00,45.00,5.00,8.00,5.00,4.00,22.00,10.00,10.00,6.00,5.00,31.00,10.00,9.00,10.00,6.00,35.00,12.00,8.00,11.00,7.00,38.00,11.00,14.00,9.00,7.00,41.00,12.00,13.00,8.00,13.00,46.00,21.49,4.27,12.42,10.83,49.01,27.87,16.42,15.00,15.36,74.65,15.80,10.71,25.87,20.05,72.43,22.69,18.05,21.93,24.26,86.93,18.53,24.81,14.39,13.62,71.35,18.87,23.89,13.61,12.58,68.95,10.43,9.30,12.24,14.70,46.67,14.89,12.29,11.48,14.75,53.41,22.40,15.77,18.22,19.15,75.54,16.75,12.49,15.07,17.69,62.00,25.33,30.92,28.36,30.92,115.53,33.96,26.67,26.29,19.93,106.85,22.82,15.33,17.24,16.65,72.04,16.34,13.75,14.98,16.39,61.46,13.47,15.11,9.48,35.51,73.57,12.23,14.09,18.87,25.50,70.69,17.44,11.36,10.29,2.20,41.29,0.85,0.36,6.19,3.11,10.51,1.93,5.04,2.61,0.69,10.26,3.94,0.75,1.91,4.86,11.47,2.11,2.02,1.83,2.02,7.98,1.15,1.97,1.62,0.71,5.44,1.08,..,..,..,..
....Cebu,..Aquaculture,..,..,..,..,1637.00,..,..,..,..,1709.00,..,..,..,..,1709.00,..,..,..,..,1064.00,..,..,..,..,958.00,..,..,..,..,1323.00,..,..,..,..,2233.00,..,..,..,..,2233.00,..,..,..,..,2208.00,..,..,..,..,2304.00,..,..,..,..,2441.00,..,..,..,..,2517.76,..,..,..,..,3479.00,627.00,858.00,710.00,730.00,2925.00,946.00,693.00,609.00,1147.00,3395.00,2236.00,630.00,1633.00,722.00,5221.00,1866.00,853.00,2107.00,796.00,5622.00,1490.00,740.00,931.00,295.00,3456.00,1041.00,315.00,642.00,408.00,2406.00,485.00,723.00,1084.00,905.00,3197.00,498.00,699.00,1206.00,520.00,2923.00,368.00,1281.00,1447.00,652.00,3748.00,534.50,1770.06,1487.00,1068.00,4859.56,1162.80,2027.40,1176.30,1186.87,5553.37,771.20,2141.75,1375.49,1641.01,5929.45,830.03,2727.63,1983.29,2541.60,8082.55,960.01,1688.64,1749.92,1812.69,6211.26,1322.94,1103.47,1421.60,1952.87,5800.87,1756.87,1270.07,1402.42,1828.39,6257.75,2933.22,1951.21,2068.26,2242.05,9194.75,2916.58,2032.61,2736.41,2863.84,10549.44,3445.13,3495.69,2851.80,2293.52,12086.14,3601.38,3322.68,2498.00,3293.22,12715.28,3911.73,3525.07,2960.13,2437.15,12834.07,1539.37,636.89,2396.43,2761.17,7333.86,2948.58,2630.20,3038.68,2773.81,11391.27,3629.78,2499.85,2756.29,2034.54,10920.47,1579.74,3429.45,5551.23,4232.28,14792.70,5254.97,3805.52,3300.42,2828.70,15189.62,5953.34,2162.19,3226.27,2822.99,14164.80,5187.51,1886.81,2450.28,1560.53,11085.14,6339.51,1891.26,2914.03,1546.52,12691.33,6773.53,2124.19,1763.17,1898.82,12559.72,2306.57,1791.89,860.77,654.83,5614.07,1532.14,2081.87,2747.70,3908.52,10270.23,1845.15,2672.06,1732.50,2155.70,8405.42,1698.64,..,..,..,..
..Region VIII (Eastern Visayas),FISHERIES,..,..,..,..,52756.00,..,..,..,..,54201.00,..,..,..,..,48741.00,..,..,..,..,51608.00,..,..,..,..,49467.00,..,..,..,..,56557.00,..,..,..,..,56360.00,..,..,..,..,60874.00,..,..,..,..,62147.00,..,..,..,..,64356.00,..,..,..,..,78291.00,..,..,..,..,84823.00,..,..,..,..,85397.00,27375.00,16039.00,16146.00,13111.00,72671.00,29185.00,18646.00,15114.00,13661.00,76606.00,18906.00,19089.00,16942.00,17103.00,72040.00,19694.00,17394.00,15496.00,18161.00,70745.00,20840.00,17607.00,16970.00,18290.00,73707.00,18485.00,17107.00,17931.00,18789.00,72312.00,19623.00,19318.00,18588.00,18671.00,76200.00,19984.00,19904.00,20194.00,18646.00,78728.00,21815.00,22760.00,22921.00,23822.00,91318.00,24464.60,22059.00,24413.00,25296.20,96232.80,28698.33,30427.45,28866.05,27426.16,115417.99,31526.00,32122.62,30165.78,34776.91,128591.31,34936.66,42685.38,40307.80,36113.55,154043.38,40213.04,52181.82,43676.04,37904.91,173975.82,46567.88,58975.21,46734.87,39435.93,191713.88,47925.88,62354.06,49813.35,39482.62,199575.91,49179.57,66029.89,50706.96,40914.47,206830.88,51090.81,64339.43,49141.81,46611.95,211184.00,49855.52,64470.02,51105.16,44347.04,209777.74,45855.99,60682.91,49022.20,44856.42,200417.52,37292.59,61324.96,45170.70,28974.77,172763.02,25132.09,41020.83,40131.51,31234.14,137518.57,24554.27,40490.48,39375.44,30557.27,134977.46,28342.09,39570.89,39549.90,32812.05,140274.93,37606.78,34200.13,35028.77,29305.62,136141.29,26703.79,27123.69,30865.05,30460.55,115153.08,30906.96,30407.72,31763.53,34935.51,128013.72,27610.38,28293.76,37473.72,30179.81,123557.67,28424.43,31168.98,35195.77,29487.56,124276.73,24540.06,29329.04,26605.92,23958.85,104433.87,21439.30,25193.82,26510.09,24869.02,98012.23,23904.64,27370.40,24273.01,22891.94,98439.99,21787.24,26053.73,25634.83,20350.08,93825.87,19755.64,..,..,..,..
..Region VIII (Eastern Visayas),..Commercial Fisheries,..,..,..,..,12650.00,..,..,..,..,11342.00,..,..,..,..,9184.00,..,..,..,..,9124.00,..,..,..,..,9717.00,..,..,..,..,11083.00,..,..,..,..,11089.00,..,..,..,..,14629.00,..,..,..,..,14926.00,..,..,..,..,13958.00,..,..,..,..,35760.00,..,..,..,..,37312.00,..,..,..,..,39265.00,13175.00,7253.00,6245.00,4910.00,31583.00,16170.00,7380.00,6566.00,6059.00,36175.00,6151.00,7606.00,7469.00,6276.00,27502.00,7281.00,7394.00,6755.00,7046.00,28476.00,7920.00,7414.00,6879.00,7252.00,29465.00,6644.00,6908.00,6959.00,8222.00,28733.00,7606.00,7706.00,7271.00,8105.00,30688.00,8016.00,8170.00,8054.00,8257.00,32497.00,8502.00,8984.00,8892.00,9791.00,36169.00,9238.00,8661.00,9435.00,10334.00,37668.00,11015.00,12305.00,11496.00,11199.00,46015.00,12219.00,13303.40,12189.00,13308.75,51020.15,12508.94,15469.59,14791.36,14474.30,57244.19,15997.73,19584.62,15805.58,15334.71,66722.64,18931.75,22116.35,16803.59,15790.69,73642.38,19222.24,21040.11,16985.36,15997.56,73245.27,19685.77,22917.23,13807.67,15283.42,71694.09,19978.70,20282.30,12774.51,15463.67,68499.18,17605.09,18410.07,12312.52,12900.99,61228.67,14347.10,16046.23,10775.02,11916.06,53084.41,11098.42,16438.73,8879.52,5511.37,41928.04,5934.60,8695.45,8622.69,6988.22,30240.96,5349.17,7941.72,8245.82,6465.69,28002.40,5075.16,7072.12,6282.62,6183.33,24613.23,3633.73,3933.61,3755.24,2672.27,13994.85,3684.40,2833.42,3023.57,2843.92,12385.31,5335.80,4226.80,2520.90,3396.67,15480.17,3881.16,3039.16,3257.63,2945.19,13123.14,4161.98,3495.81,3158.80,3311.55,14128.14,3948.93,5433.83,6879.22,4982.74,21244.71,4274.16,3928.84,6579.63,6259.04,21041.67,5276.21,6100.17,4671.46,3941.16,19989.00,5604.15,6233.91,6034.95,3666.58,21539.58,6518.66,..,..,..,..
..Region VIII (Eastern Visayas),..Municipal Fisheries,..,..,..,..,35539.00,..,..,..,..,35925.00,..,..,..,..,34610.00,..,..,..,..,34940.00,..,..,..,..,32480.00,..,..,..,..,33972.00,..,..,..,..,36924.00,..,..,..,..,36954.00,..,..,..,..,35502.00,..,..,..,..,37291.00,..,..,..,..,28226.00,..,..,..,..,33378.00,..,..,..,..,30186.00,10291.00,6426.00,5613.00,4927.00,27257.00,11383.00,9364.00,6295.00,5619.00,32661.00,10740.00,9899.00,7246.00,9110.00,36995.00,10679.00,8807.00,6799.00,9126.00,35411.00,10991.00,8834.00,7951.00,9506.00,37282.00,9538.00,8820.00,8344.00,9324.00,36026.00,10127.00,9822.00,8744.00,8946.00,37639.00,10183.00,10120.00,9177.00,8435.00,37915.00,10443.00,10914.00,9868.00,11045.00,42270.00,11937.00,10024.00,9307.00,11251.00,42519.00,13395.00,14227.00,11159.00,12181.00,50962.00,14478.08,14824.42,11749.28,13710.81,54762.59,17377.96,21693.38,17087.49,15435.42,71594.25,19004.92,23754.65,18068.23,15996.88,76824.68,21598.85,26271.38,19516.66,16560.41,83947.30,22356.62,29018.05,21270.76,15782.76,88428.19,22882.46,30597.35,23915.19,17906.09,95301.09,24009.10,31603.36,25192.33,20040.96,100845.75,22509.53,30351.82,25300.12,20050.57,98212.04,20531.78,28133.20,24068.51,20073.50,92806.99,19380.75,26648.02,23185.29,15938.56,85152.62,14847.45,23204.84,22210.91,16223.05,76486.25,15099.83,23627.80,22480.56,16489.48,77697.67,17976.68,22926.05,23754.67,18785.50,83442.90,17681.98,22938.83,20351.44,18134.76,79107.01,14775.80,18237.97,17918.65,19179.22,70111.64,19416.07,19373.09,18760.50,21833.92,79383.58,19363.38,22075.18,20003.65,22638.77,84080.98,18799.27,25555.28,20984.18,23941.66,89280.39,19640.31,22501.59,18900.79,17495.84,78538.53,16004.69,19841.85,16768.17,15474.83,68089.53,16482.88,20067.72,17349.81,16079.39,69979.81,14057.45,17954.55,17090.97,15015.75,64118.72,12145.28,..,..,..,..
..Region VIII (Eastern Visayas),....Marine Municipal Fisheries,..,..,..,..,35539.00,..,..,..,..,35925.00,..,..,..,..,34562.00,..,..,..,..,34704.00,..,..,..,..,32210.00,..,..,..,..,33425.00,..,..,..,..,36357.00,..,..,..,..,36396.00,..,..,..,..,34888.00,..,..,..,..,36653.00,..,..,..,..,27427.00,..,..,..,..,32494.00,..,..,..,..,29315.00,10291.00,6426.00,5613.00,4927.00,27257.00,11383.00,9363.00,6295.00,5619.00,32660.00,10739.00,9898.00,7245.00,9108.00,36990.00,10678.00,8806.00,6798.00,9125.00,35407.00,10990.00,8833.00,7950.00,9505.00,37278.00,9537.00,8819.00,8343.00,9323.00,36022.00,9969.00,9616.00,8568.00,8769.00,36922.00,10026.00,9913.00,9002.00,8258.00,37199.00,10299.00,10750.00,9711.00,10880.00,41640.00,11782.00,9830.00,9082.00,11014.00,41708.00,13143.00,13905.00,10575.00,11882.00,49505.00,14177.04,14504.77,10977.73,13044.76,52704.30,16911.70,20782.34,16407.09,14732.12,68833.25,18318.50,23110.70,17210.63,15298.18,73938.01,20746.87,25560.78,18784.98,15924.55,81017.18,21416.52,28204.35,20545.95,15328.41,85495.23,22046.00,30307.27,23632.89,17684.08,93670.24,23435.19,31288.21,24900.71,19704.89,99329.00,22000.77,30095.21,25022.35,19751.07,96869.40,20366.92,27900.06,23798.78,19796.06,91861.82,19229.19,26437.34,22911.29,15687.19,84265.01,14707.26,23046.47,21952.56,15989.03,75695.32,14968.96,23476.43,22232.71,16275.52,76953.62,17867.88,22782.85,23522.42,18580.02,82753.17,17564.67,22814.82,20125.74,17931.73,78436.96,14657.46,18134.37,17741.52,19017.58,69550.93,19306.17,19284.50,18654.71,21760.94,79006.32,19248.07,21917.34,19885.19,22545.40,83596.00,18478.62,25142.54,20569.98,23486.97,87678.11,19289.75,22130.37,18615.15,17200.11,77235.38,15771.52,19603.13,16496.07,15166.94,67037.66,16325.53,19816.23,17029.75,15893.79,69065.29,13963.16,17807.56,16967.75,14927.03,63665.51,11996.25,..,..,..,..
..Region VIII (Eastern Visayas),....Inland Municipal Fisheries,..,..,..,..,..,..,..,..,..,..,..,..,..,..,48.00,..,..,..,..,236.00,..,..,..,..,270.00,..,..,..,..,547.00,..,..,..,..,567.00,..,..,..,..,558.00,..,..,..,..,614.00,..,..,..,..,638.00,..,..,..,..,799.00,..,..,..,..,884.00,..,..,..,..,871.00,..,..,..,..,..,..,1.00,..,..,1.00,1.00,1.00,1.00,2.00,5.00,1.00,1.00,1.00,1.00,4.00,1.00,1.00,1.00,1.00,4.00,1.00,1.00,1.00,1.00,4.00,158.00,206.00,176.00,177.00,717.00,157.00,207.00,175.00,177.00,716.00,144.00,164.00,157.00,165.00,630.00,155.00,194.00,225.00,237.00,811.00,252.00,322.00,584.00,299.00,1457.00,301.04,319.65,771.55,666.05,2058.29,466.26,911.04,680.40,703.30,2761.00,686.42,643.95,857.60,698.70,2886.67,851.98,710.60,731.68,635.86,2930.12,940.10,813.70,724.81,454.35,2932.96,836.46,290.08,282.30,222.01,1630.85,573.91,315.15,291.62,336.07,1516.75,508.76,256.61,277.77,299.50,1342.64,164.86,233.14,269.73,277.44,945.17,151.56,210.68,274.00,251.37,887.61,140.19,158.37,258.35,234.02,790.93,130.87,151.37,247.85,213.96,744.05,108.80,143.20,232.25,205.48,689.73,117.31,124.01,225.70,203.03,670.05,118.34,103.60,177.13,161.64,560.71,109.90,88.59,105.79,72.98,377.26,115.31,157.84,118.46,93.37,484.98,320.65,412.74,414.20,454.69,1602.28,350.56,371.22,285.64,295.72,1303.15,233.17,238.72,272.10,307.89,1051.87,157.36,251.49,320.06,185.60,914.51,94.29,146.99,123.22,88.72,453.21,149.03,..,..,..,..
..Region VIII (Eastern Visayas),..Aquaculture,..,..,..,..,4567.00,..,..,..,..,6934.00,..,..,..,..,4947.00,..,..,..,..,7544.00,..,..,..,..,7270.00,..,..,..,..,11502.00,..,..,..,..,8347.00,..,..,..,..,9291.00,..,..,..,..,11719.00,..,..,..,..,13107.00,..,..,..,..,14305.00,..,..,..,..,14133.00,..,..,..,..,15946.00,3909.00,2360.00,4288.00,3274.00,13831.00,1632.00,1902.00,2253.00,1983.00,7770.00,2015.00,1584.00,2227.00,1717.00,7543.00,1734.00,1193.00,1942.00,1989.00,6858.00,1929.00,1359.00,2140.00,1532.00,6960.00,2303.00,1379.00,2628.00,1243.00,7553.00,1890.00,1790.00,2573.00,1620.00,7873.00,1785.00,1614.00,2963.00,1954.00,8316.00,2870.00,2862.00,4161.00,2986.00,12879.00,3289.60,3374.00,5671.00,3711.20,16045.80,4288.33,3895.45,6211.05,4046.16,18440.99,4828.92,3994.80,6227.50,7757.35,22808.57,5049.76,5522.41,8428.95,6203.83,25204.94,5210.39,8842.55,9802.23,6573.32,30428.50,6037.28,10587.48,10414.62,7084.83,34124.20,6347.02,12295.90,11557.23,7702.30,37902.45,6611.34,12515.31,12984.10,7724.96,39835.70,7103.01,12453.77,11174.97,11107.32,41839.07,9740.90,15708.13,13492.52,11395.48,50337.03,10977.11,16503.48,14178.67,12866.86,54526.12,6813.42,18238.21,13105.89,7524.84,45682.36,4350.04,9120.54,9297.91,8022.87,30791.36,4105.27,8920.96,8649.06,7602.10,29277.39,5290.25,9572.72,9512.61,7843.22,32218.80,16291.07,7327.69,10922.09,8498.59,43039.43,8243.59,6052.30,9922.83,8437.41,32656.13,6155.09,6807.83,10482.13,9704.92,33149.97,4365.84,3179.42,14212.44,4595.85,26353.55,5463.18,2117.89,11052.78,2234.35,20868.20,950.82,1393.62,825.92,1480.28,4650.64,1160.45,1423.13,3162.29,3135.15,8881.02,2145.55,1202.50,2251.74,2871.39,8471.18,2125.64,1865.28,2508.91,1667.75,8167.57,1091.70,..,..,..,..
....Biliran,FISHERIES,..,..,..,..,1486.00,..,..,..,..,1631.00,..,..,..,..,1018.00,..,..,..,..,3621.00,..,..,..,..,3456.00,..,..,..,..,3061.00,..,..,..,..,3620.00,..,..,..,..,4414.00,..,..,..,..,4283.00,..,..,..,..,4472.00,..,..,..,..,4037.00,..,..,..,..,5136.00,..,..,..,..,4226.00,980.00,135.00,106.00,113.00,1334.00,896.00,199.00,180.00,197.00,1472.00,1301.00,663.00,610.00,708.00,3282.00,1355.00,716.00,705.00,834.00,3610.00,1393.00,764.00,787.00,877.00,3821.00,767.00,805.00,687.00,797.00,3056.00,890.00,905.00,871.00,855.00,3521.00,920.00,885.00,946.00,913.00,3664.00,949.00,989.00,994.00,917.00,3849.00,973.00,928.00,1004.00,931.40,3836.40,995.83,1057.45,1645.55,938.50,4637.33,1116.52,1221.23,1768.58,1147.51,5253.84,1318.59,1950.41,2333.21,934.40,6536.60,1349.09,2057.71,2042.40,1708.13,7157.33,1904.50,2155.20,1939.53,1601.03,7600.26,1938.84,2189.95,2059.10,1860.78,8048.67,1950.60,1856.63,1801.67,1916.64,7525.54,2092.00,2031.41,1775.37,1834.73,7733.50,1443.48,1761.45,1605.82,1692.54,6503.29,1379.23,1725.16,1549.06,1639.98,6293.42,1367.51,1760.54,1550.02,1512.22,6190.29,1433.23,1836.11,1572.14,1537.56,6379.03,1504.13,1836.45,1577.29,1412.95,6330.81,1865.13,1842.90,1878.71,1676.40,7263.13,1712.30,1513.38,1519.03,1195.42,5940.14,1341.28,1537.93,1546.79,1227.23,5653.23,1573.69,1728.21,1742.32,1775.87,6820.09,1785.10,1933.74,1690.57,1750.10,7159.52,1864.62,1851.90,1734.59,1794.36,7245.47,1864.03,1382.03,1543.82,1326.91,6116.80,1151.29,1105.45,1025.60,1183.43,4465.77,1635.33,1556.88,1155.39,1292.74,5640.35,849.87,911.94,959.94,905.21,3626.95,1009.75,..,..,..,..
....Biliran,..Commercial Fisheries,..,..,..,..,..,..,..,..,..,..,..,..,..,..,..,..,..,..,..,..,..,..,..,..,..,..,..,..,..,..,..,..,..,..,..,..,..,..,..,..,..,..,..,..,..,..,..,..,..,..,..,..,..,..,..,..,..,..,..,..,..,..,..,..,..,..,..,..,..,..,..,..,..,..,..,471.00,456.00,407.00,544.00,1878.00,542.00,509.00,500.00,614.00,2165.00,624.00,534.00,529.00,644.00,2331.00,555.00,590.00,496.00,578.00,2219.00,644.00,652.00,630.00,610.00,2536.00,653.00,640.00,686.00,658.00,2637.00,680.00,709.00,705.00,655.00,2749.00,695.00,663.00,729.00,650.00,2737.00,710.00,768.00,1147.00,654.00,3279.00,801.00,901.00,1180.50,680.75,3563.25,862.71,1198.00,1512.00,608.50,4181.21,802.25,1220.40,1202.40,1264.80,4489.85,1161.72,1290.00,1218.30,1035.46,4705.48,1200.76,1285.16,1238.05,1075.62,4799.59,1154.29,1027.52,967.23,1012.13,4161.17,1169.69,1087.55,920.45,935.02,4112.71,792.70,896.17,793.49,783.20,3265.56,723.42,859.76,740.66,727.97,3051.81,663.33,841.93,714.31,602.51,2822.08,669.04,843.98,726.58,612.45,2852.05,677.09,840.38,712.74,560.41,2790.62,667.70,804.16,793.68,602.06,2867.60,582.26,387.34,323.36,241.76,1534.72,324.51,395.76,338.91,306.19,1365.37,405.14,503.90,418.77,432.44,1760.25,482.38,535.11,476.92,517.07,2011.48,656.38,565.68,492.97,611.31,2326.34,678.74,775.17,769.37,666.79,2890.07,453.64,200.73,423.70,397.10,1475.17,520.16,342.44,346.39,309.57,1518.56,232.53,332.94,284.70,302.80,1152.96,262.55,..,..,..,..
....Biliran,..Municipal Fisheries,..,..,..,..,1486.00,..,..,..,..,1631.00,..,..,..,..,1018.00,..,..,..,..,3621.00,..,..,..,..,3456.00,..,..,..,..,3061.00,..,..,..,..,3620.00,..,..,..,..,4414.00,..,..,..,..,4283.00,..,..,..,..,4472.00,..,..,..,..,4037.00,..,..,..,..,5136.00,..,..,..,..,4226.00,980.00,135.00,106.00,113.00,1334.00,896.00,199.00,180.00,197.00,1472.00,830.00,207.00,203.00,164.00,1404.00,813.00,207.00,205.00,220.00,1445.00,769.00,230.00,257.00,232.00,1488.00,210.00,215.00,191.00,218.00,834.00,244.00,248.00,240.00,244.00,976.00,267.00,245.00,260.00,253.00,1025.00,268.00,278.00,288.00,260.00,1094.00,276.00,263.00,275.00,281.00,1095.00,284.00,289.00,498.00,283.00,1354.00,313.00,319.33,587.83,461.76,1681.92,442.58,751.50,814.00,322.00,2330.08,517.84,823.10,819.00,442.10,2602.04,721.85,848.76,703.00,557.01,2830.62,728.04,900.15,819.35,781.97,3229.51,790.81,827.62,822.40,901.22,3342.05,920.25,941.80,850.30,895.46,3607.81,644.93,855.65,807.20,907.46,3215.24,650.21,864.61,808.27,908.59,3231.68,696.06,908.52,831.07,908.68,3344.33,760.71,990.50,845.53,925.09,3521.83,771.50,995.68,862.22,852.48,3481.88,841.36,1016.42,1064.34,1051.76,3973.88,1125.10,1125.11,1189.73,953.66,4393.60,1016.77,1141.05,1203.98,920.73,4282.53,1167.59,1213.56,1311.90,1321.20,5014.25,1297.91,1394.50,1201.39,1220.22,5114.02,1176.96,1283.00,1233.10,1165.57,4858.63,1166.55,594.14,766.96,651.11,3178.76,692.73,883.50,572.36,776.08,2924.67,1108.94,1159.27,795.62,953.40,4017.23,582.31,558.72,669.04,576.66,2386.74,729.96,..,..,..,..
....Biliran,....Marine Municipal Fisheries,..,..,..,..,1486.00,..,..,..,..,1631.00,..,..,..,..,1018.00,..,..,..,..,3621.00,..,..,..,..,3456.00,..,..,..,..,3061.00,..,..,..,..,3620.00,..,..,..,..,4414.00,..,..,..,..,4283.00,..,..,..,..,4472.00,..,..,..,..,4037.00,..,..,..,..,5136.00,..,..,..,..,4226.00,980.00,135.00,106.00,113.00,1334.00,896.00,199.00,180.00,197.00,1472.00,830.00,207.00,203.00,164.00,1404.00,813.00,207.00,205.00,220.00,1445.00,769.00,230.00,257.00,232.00,1488.00,210.00,215.00,191.00,218.00,834.00,244.00,248.00,240.00,244.00,976.00,267.00,245.00,260.00,253.00,1025.00,268.00,278.00,288.00,260.00,1094.00,276.00,263.00,274.00,280.00,1093.00,284.00,289.00,286.00,282.00,1141.00,300.50,306.58,287.73,287.76,1182.57,425.70,724.00,790.00,302.50,2242.20,502.05,800.00,797.75,424.30,2524.10,720.50,842.65,699.00,556.87,2819.02,727.81,899.95,819.04,781.75,3228.55,790.66,827.48,822.19,900.98,3341.31,920.14,941.72,850.25,895.36,3607.47,644.81,855.54,807.12,907.35,3214.82,650.11,864.42,808.14,908.47,3231.14,695.97,908.33,830.93,908.59,3343.82,760.61,990.32,845.40,925.01,3521.34,771.42,995.53,862.11,852.36,3481.42,841.25,1016.28,1064.16,1051.22,3972.91,1125.00,1124.60,1189.16,952.65,4391.41,1015.44,1139.67,1203.49,920.21,4278.81,1166.87,1213.16,1311.16,1320.60,5011.79,1297.27,1392.98,1199.97,1219.10,5109.32,1176.51,1282.69,1232.61,1165.10,4856.91,1166.07,593.63,766.57,651.00,3177.27,692.67,883.33,572.34,775.98,2924.33,1108.85,1159.14,795.52,953.25,4016.76,582.27,558.58,668.89,576.53,2386.27,729.84,..,..,..,..
....Biliran,....Inland Municipal Fisheries,..,..,..,..,..,..,..,..,..,..,..,..,..,..,..,..,..,..,..,..,..,..,..,..,..,..,..,..,..,..,..,..,..,..,..,..,..,..,..,..,..,..,..,..,..,..,..,..,..,..,..,..,..,..,..,..,..,..,..,..,..,..,..,..,..,..,..,..,..,..,..,..,..,..,..,..,..,..,..,..,..,..,..,..,..,..,..,..,..,..,..,..,..,..,..,..,..,..,..,..,..,..,..,..,..,..,..,..,..,..,..,..,1.00,1.00,2.00,..,..,212.00,1.00,213.00,12.50,12.75,300.10,174.00,499.35,16.88,27.50,24.00,19.50,87.88,15.79,23.10,21.25,17.80,77.94,1.35,6.11,4.00,0.14,11.60,0.23,0.20,0.31,0.22,0.96,0.15,0.14,0.21,0.24,0.74,0.11,0.08,0.05,0.10,0.34,0.12,0.11,0.08,0.11,0.42,0.10,0.19,0.13,0.12,0.54,0.09,0.19,0.14,0.09,0.51,0.10,0.18,0.13,0.08,0.49,0.08,0.15,0.11,0.12,0.46,0.11,0.14,0.18,0.54,0.97,0.10,0.51,0.57,1.01,2.19,1.33,1.38,0.49,0.52,3.72,0.72,0.40,0.74,0.60,2.46,0.64,1.52,1.42,1.12,4.70,0.45,0.31,0.49,0.47,1.72,0.48,0.51,0.39,0.11,1.49,0.06,0.16,0.03,0.10,0.35,0.09,0.13,0.10,0.15,0.47,0.05,0.14,0.15,0.14,0.47,0.12,..,..,..,..
....Biliran,..Aquaculture,..,..,..,..,..,..,..,..,..,..,..,..,..,..,..,..,..,..,..,..,..,..,..,..,..,..,..,..,..,..,..,..,..,..,..,..,..,..,..,..,..,..,..,..,..,..,..,..,..,..,..,..,..,..,..,..,..,..,..,..,..,..,..,..,..,..,..,..,..,..,..,..,..,..,..,..,..,..,..,..,..,..,..,..,..,..,..,1.00,1.00,2.00,2.00,..,..,1.00,3.00,2.00,5.00,1.00,1.00,9.00,..,..,..,2.00,2.00,1.00,2.00,1.00,2.00,6.00,2.00,2.00,..,0.40,4.40,1.83,0.45,0.55,1.50,4.33,2.52,0.90,0.25,5.00,8.67,13.30,0.91,7.21,3.90,25.31,29.00,14.21,21.00,1.23,65.44,20.93,16.44,18.23,8.56,64.16,10.04,4.64,1.70,3.19,19.57,5.50,1.49,12.04,3.29,22.32,2.06,2.06,4.61,4.25,12.98,5.85,9.63,5.13,1.88,22.49,5.60,0.79,0.13,3.42,9.93,8.12,10.09,4.64,1.03,23.88,3.48,1.63,0.03,0.02,5.15,55.54,0.39,2.33,0.06,58.31,356.07,22.32,20.69,22.58,421.65,4.94,0.93,5.94,..,11.82,..,1.12,3.90,0.31,5.33,0.96,10.75,11.65,22.23,45.59,4.81,4.13,12.26,12.81,34.02,31.28,3.22,8.52,17.48,60.50,18.74,12.71,7.49,9.02,47.97,4.93,21.22,29.53,10.25,65.93,6.23,55.17,13.38,29.77,104.56,35.03,20.27,6.20,25.75,87.25,17.25,..,..,..,..
....Eastern Samar,FISHERIES,..,..,..,..,3465.00,..,..,..,..,2730.00,..,..,..,..,2777.00,..,..,..,..,2835.00,..,..,..,..,2722.00,..,..,..,..,2876.00,..,..,..,..,2222.00,..,..,..,..,3492.00,..,..,..,..,3889.00,..,..,..,..,3970.00,..,..,..,..,4095.00,..,..,..,..,4728.00,..,..,..,..,3340.00,875.00,1209.00,687.00,307.00,3078.00,893.00,1406.00,1381.00,682.00,4362.00,857.00,1437.00,1038.00,904.00,4236.00,862.00,1470.00,1136.00,1086.00,4554.00,1347.00,1563.00,1056.00,1266.00,5232.00,1523.00,1582.00,1093.00,1111.00,5309.00,1364.00,1768.00,1438.00,1225.00,5795.00,1481.00,1708.00,1640.00,1552.00,6381.00,1570.00,2127.00,1960.00,2066.00,7723.00,2230.60,2824.00,3273.00,3238.00,11565.60,3381.50,4693.70,5130.00,3656.50,16861.70,3723.50,5117.50,5758.50,6790.29,21389.79,3818.59,4978.43,8159.45,7596.58,24553.05,6506.20,9621.64,8923.60,7818.54,32869.98,7417.11,10327.48,8511.67,8536.45,34792.71,7240.33,12193.87,8981.52,8255.71,36671.44,7289.45,23758.36,10755.49,8863.75,50667.05,7796.10,20822.13,11791.44,9896.73,50306.39,8288.40,21354.99,13653.77,10441.67,53738.83,9034.25,20341.46,13279.67,10549.29,53204.66,8655.73,22057.76,13682.70,5028.47,49424.66,4223.93,10569.76,9919.40,5304.94,30018.02,2002.34,8935.56,10079.68,5988.29,27005.87,4337.60,7435.64,9328.59,7262.47,28364.31,3350.36,7512.76,7127.50,5159.68,23150.29,2804.59,6003.44,5294.21,4226.35,18328.59,2958.93,6405.69,4156.24,5173.19,18694.04,3518.24,6726.46,4328.89,5322.61,19896.20,3644.29,7909.32,4661.79,3830.03,20045.44,2905.85,5592.97,4931.37,4113.88,17544.06,1819.25,3119.14,4209.77,3406.53,12554.68,3947.81,6289.29,5238.76,4247.40,19723.27,2591.34,5421.44,6327.37,5258.90,19599.04,3288.93,..,..,..,..
....Eastern Samar,..Commercial Fisheries,..,..,..,..,229.00,..,..,..,..,111.00,..,..,..,..,..,..,..,..,..,..,..,..,..,..,130.00,..,..,..,..,320.00,..,..,..,..,333.00,..,..,..,..,188.00,..,..,..,..,..,..,..,..,..,..,..,..,..,..,2190.00,..,..,..,..,1923.00,..,..,..,..,401.00,114.00,254.00,55.00,8.00,431.00,..,252.00,478.00,6.00,736.00,..,231.00,168.00,25.00,424.00,..,246.00,261.00,40.00,547.00,350.00,320.00,210.00,44.00,924.00,392.00,322.00,230.00,43.00,987.00,351.00,340.00,300.00,46.00,1037.00,355.00,368.00,354.00,361.00,1438.00,376.00,794.00,607.00,683.00,2460.00,551.00,853.00,944.00,833.00,3181.00,870.00,1720.00,1950.00,870.00,5410.00,982.00,1970.00,2049.00,2162.00,7163.00,172.09,262.68,3216.45,2357.58,6008.80,2399.50,2710.94,3546.50,2501.89,11158.83,2720.25,2829.23,3496.20,2979.62,12025.30,2568.06,2858.25,3519.82,3390.56,12336.69,2575.05,9601.51,3189.77,3154.32,18520.65,2731.51,7489.04,3466.57,3389.26,17076.38,2443.30,6210.56,3556.29,3313.94,15524.09,2339.03,5585.82,3400.62,3322.93,14648.40,2259.38,5818.39,3575.31,1664.36,13317.44,1386.27,3646.63,3329.64,1748.04,10110.58,555.48,2800.07,3229.39,1864.69,8449.63,1051.28,2402.49,1888.20,1643.26,6985.23,567.86,987.26,1285.23,476.75,3317.10,566.04,788.89,905.76,478.74,2739.43,532.11,852.02,333.98,417.81,2135.92,501.72,629.24,945.75,443.30,2520.01,616.31,866.46,917.74,580.90,2981.41,448.26,1174.42,1359.51,1364.34,4346.53,366.76,688.29,1461.20,1450.10,3966.36,978.31,1554.88,735.01,213.23,3481.43,879.23,2103.07,528.63,499.85,4010.78,2099.15,..,..,..,..
....Eastern Samar,..Municipal Fisheries,..,..,..,..,3053.00,..,..,..,..,2550.00,..,..,..,..,2690.00,..,..,..,..,2804.00,..,..,..,..,2561.00,..,..,..,..,2514.00,..,..,..,..,1829.00,..,..,..,..,3218.00,..,..,..,..,3796.00,..,..,..,..,3874.00,..,..,..,..,1800.00,..,..,..,..,2701.00,..,..,..,..,2822.00,750.00,942.00,597.00,296.00,2585.00,890.00,1154.00,894.00,672.00,3610.00,857.00,1206.00,860.00,874.00,3797.00,862.00,1223.00,862.00,1035.00,3982.00,996.00,1242.00,832.00,1190.00,4260.00,1130.00,1260.00,850.00,1050.00,4290.00,986.00,1421.00,1121.00,1147.00,4675.00,1096.00,1302.00,1263.00,1156.00,4817.00,1171.00,1292.00,1327.00,1324.00,5114.00,1285.00,1471.00,1551.00,1620.00,5927.00,2102.00,2333.00,2263.00,1961.00,8659.00,2276.00,2472.00,2765.00,2922.00,10435.00,3163.60,3814.75,3952.00,3540.00,14470.35,3782.00,4167.80,4292.60,3617.45,15859.85,4348.52,4536.86,4195.95,3730.73,16812.06,4332.28,5111.91,4299.74,2948.05,16691.98,4353.64,9843.28,6380.96,4003.27,24581.15,4509.12,9977.56,6581.81,4658.56,25727.05,4040.73,9672.92,6857.49,4853.83,25424.97,4075.59,8855.16,6967.29,4944.15,24842.19,4250.84,9103.61,7309.84,2971.73,23636.02,2815.09,6790.95,6528.93,3506.15,19641.12,1445.28,6013.84,6821.98,4099.57,18380.67,3284.75,4986.78,7426.43,5500.65,21198.61,2781.29,6492.96,5835.95,4485.29,19595.49,2237.92,5195.66,4382.13,3611.68,15427.39,2426.01,5451.43,3819.14,4642.38,16338.96,3008.92,6023.97,3380.50,4702.30,17115.69,3023.32,7004.06,3736.86,3094.34,16858.58,2422.43,4380.73,3551.66,2715.86,13070.69,1444.94,2413.50,2741.12,1953.36,8552.92,2953.85,4716.35,4478.41,4003.83,16152.44,1661.50,3309.18,5792.78,4756.28,15519.74,1185.56,..,..,..,..
....Eastern Samar,....Marine Municipal Fisheries,..,..,..,..,3053.00,..,..,..,..,2550.00,..,..,..,..,2690.00,..,..,..,..,2777.00,..,..,..,..,2530.00,..,..,..,..,2414.00,..,..,..,..,1724.00,..,..,..,..,3116.00,..,..,..,..,3684.00,..,..,..,..,3758.00,..,..,..,..,1654.00,..,..,..,..,2539.00,..,..,..,..,2662.00,750.00,942.00,597.00,296.00,2585.00,890.00,1154.00,894.00,672.00,3610.00,857.00,1206.00,860.00,874.00,3797.00,862.00,1223.00,862.00,1035.00,3982.00,996.00,1242.00,832.00,1190.00,4260.00,1130.00,1260.00,850.00,1050.00,4290.00,950.00,1375.00,1082.00,1104.00,4511.00,1059.00,1254.00,1222.00,1112.00,4647.00,1141.00,1247.00,1287.00,1286.00,4961.00,1257.00,1435.00,1503.00,1567.00,5762.00,2035.00,2214.00,2121.00,1861.00,8231.00,2206.00,2370.00,2538.00,2667.00,9781.00,2977.00,3505.75,3604.00,3180.00,13266.75,3381.30,3789.60,3852.10,3247.50,14270.50,3842.50,4185.94,3872.32,3442.13,15342.89,3840.70,4719.07,3982.17,2771.81,15313.75,3858.62,9679.50,6375.00,3926.92,23840.04,4103.75,9800.83,6568.10,4580.89,25053.57,3700.81,9560.64,6844.09,4816.48,24922.02,4050.61,8758.66,6950.99,4917.94,24678.20,4227.22,9029.33,7294.54,2951.62,23502.71,2797.02,6770.42,6519.97,3492.38,19579.79,1429.34,5996.92,6806.31,4091.33,18323.90,3280.85,4970.78,7417.67,5491.55,21160.85,2776.42,6480.79,5832.48,4479.23,19568.92,2232.57,5181.97,4376.74,3608.21,15399.49,2417.11,5445.07,3808.60,4638.72,16309.50,2987.40,5973.47,3371.42,4698.11,17030.40,2933.00,6956.10,3695.07,3059.91,16644.08,2371.89,4341.77,3463.65,2679.84,12857.14,1426.21,2400.01,2708.61,1941.91,8476.73,2943.00,4691.83,4468.88,3994.80,16098.52,1654.64,3305.05,5785.84,4751.62,15497.14,1183.55,..,..,..,..
....Eastern Samar,....Inland Municipal Fisheries,..,..,..,..,..,..,..,..,..,..,..,..,..,..,..,..,..,..,..,27.00,..,..,..,..,31.00,..,..,..,..,100.00,..,..,..,..,105.00,..,..,..,..,102.00,..,..,..,..,112.00,..,..,..,..,116.00,..,..,..,..,146.00,..,..,..,..,162.00,..,..,..,..,160.00,..,..,..,..,..,..,..,..,..,..,..,..,..,..,..,..,..,..,..,..,..,..,..,..,..,..,..,..,..,..,36.00,46.00,39.00,43.00,164.00,37.00,48.00,41.00,44.00,170.00,30.00,45.00,40.00,38.00,153.00,28.00,36.00,48.00,53.00,165.00,67.00,119.00,142.00,100.00,428.00,70.00,102.00,227.00,255.00,654.00,186.60,309.00,348.00,360.00,1203.60,400.70,378.20,440.50,369.95,1589.35,506.02,350.92,323.63,288.60,1469.17,491.58,392.84,317.57,176.24,1378.23,495.02,163.78,5.96,76.35,741.11,405.37,176.73,13.71,77.67,673.48,339.92,112.28,13.40,37.35,502.95,24.98,96.50,16.30,26.21,163.99,23.62,74.28,15.30,20.11,133.31,18.07,20.53,8.96,13.77,61.33,15.94,16.92,15.67,8.24,56.77,3.90,16.00,8.76,9.10,37.76,4.87,12.17,3.47,6.06,26.57,5.35,13.69,5.39,3.47,27.90,8.90,6.36,10.54,3.66,29.46,21.52,50.50,9.08,4.19,85.29,90.32,47.96,41.79,34.43,214.50,50.54,38.96,88.01,36.03,213.54,18.72,13.49,32.51,11.45,76.18,10.84,24.52,9.53,9.03,53.92,6.87,4.13,6.94,4.66,22.59,2.01,..,..,..,..
....Eastern Samar,..Aquaculture,..,..,..,..,183.00,..,..,..,..,69.00,..,..,..,..,87.00,..,..,..,..,31.00,..,..,..,..,31.00,..,..,..,..,42.00,..,..,..,..,60.00,..,..,..,..,86.00,..,..,..,..,93.00,..,..,..,..,96.00,..,..,..,..,105.00,..,..,..,..,104.00,..,..,..,..,117.00,11.00,13.00,35.00,3.00,62.00,3.00,..,9.00,4.00,16.00,..,..,10.00,5.00,15.00,..,1.00,13.00,11.00,25.00,1.00,1.00,14.00,32.00,48.00,1.00,..,13.00,18.00,32.00,27.00,7.00,17.00,32.00,83.00,30.00,38.00,23.00,35.00,126.00,23.00,41.00,26.00,59.00,149.00,394.60,500.00,778.00,785.00,2457.60,409.50,640.70,917.00,825.50,2792.70,465.50,675.50,944.50,1706.29,3791.79,482.90,901.00,991.00,1699.00,4073.90,324.70,2742.90,1084.50,1699.20,5851.30,348.34,2961.39,819.52,1826.10,5955.35,339.99,4223.71,1161.96,1917.10,7642.77,360.76,4313.57,1184.76,1706.16,7565.25,555.47,3355.53,1743.06,1848.91,7502.96,1804.37,5471.51,3239.99,2273.90,12789.77,2619.63,5900.48,2911.76,2282.21,13714.07,2145.51,7135.76,2797.55,392.38,12471.20,22.57,132.18,60.83,50.75,266.32,1.58,121.65,28.31,24.03,175.57,1.57,46.37,13.96,118.56,180.47,1.21,32.54,6.32,197.64,237.70,0.63,18.89,6.32,135.93,161.77,0.81,102.24,3.12,113.00,219.16,7.60,73.25,2.64,177.01,260.50,4.66,38.80,7.19,154.79,205.45,35.16,37.81,20.20,33.68,126.85,7.55,17.35,7.44,3.07,35.41,15.65,18.06,25.34,30.34,89.40,50.60,9.20,5.96,2.77,68.53,4.22,..,..,..,..
....Leyte,FISHERIES,..,..,..,..,19636.00,..,..,..,..,21235.00,..,..,..,..,17661.00,..,..,..,..,22020.00,..,..,..,..,21625.00,..,..,..,..,23287.00,..,..,..,..,20923.00,..,..,..,..,23895.00,..,..,..,..,23172.00,..,..,..,..,23329.00,..,..,..,..,33973.00,..,..,..,..,34904.00,..,..,..,..,40064.00,11323.00,5362.00,5276.00,4020.00,25981.00,15598.00,5236.00,5362.00,4841.00,31037.00,6940.00,5256.00,5754.00,4783.00,22733.00,7205.00,5630.00,5733.00,5215.00,23783.00,7261.00,5823.00,6007.00,4774.00,23865.00,6532.00,6310.00,6790.00,5377.00,25009.00,6829.00,7360.00,7603.00,6534.00,28326.00,7284.00,7808.00,8604.00,6794.00,30490.00,8646.00,9487.00,10141.00,9738.00,38012.00,9667.00,9451.00,11019.00,10308.80,40445.80,12292.00,12106.00,11922.50,11115.10,47435.60,13664.00,12844.53,12537.25,12198.76,51244.54,14986.18,17461.76,15838.40,13252.90,61539.24,15608.38,19563.55,17025.05,13655.22,65852.20,17298.54,21616.29,17881.39,13800.93,70597.15,18106.88,20209.49,18089.72,13965.68,70371.78,18938.57,19656.67,17004.17,14036.65,69636.07,19781.05,19676.00,13454.67,17606.58,70518.30,19586.42,20388.65,13016.19,15582.89,68574.15,16119.40,18184.28,11679.80,15029.65,61013.14,9512.51,17689.26,9382.99,6997.72,43582.49,5008.12,11769.57,9801.20,10175.07,36753.96,7265.16,11233.06,9594.16,9681.10,37773.48,5618.38,11288.10,10270.88,9985.24,37162.61,17516.62,8291.88,9969.86,10583.09,46361.45,5526.92,5184.97,9290.87,9585.13,29587.89,7519.88,6442.42,11540.00,12993.33,38495.62,6833.15,4769.29,16563.44,5633.28,33799.15,6762.93,5306.97,13486.52,5076.06,30632.48,6356.32,3400.56,4307.74,5351.96,19416.58,4784.40,5675.79,4948.34,4483.66,19892.19,6792.66,6691.34,6425.87,5949.97,25859.84,5301.19,5240.94,5516.94,4520.56,20579.64,4506.29,..,..,..,..
....Leyte,..Commercial Fisheries,..,..,..,..,8481.00,..,..,..,..,7210.00,..,..,..,..,5514.00,..,..,..,..,6469.00,..,..,..,..,6151.00,..,..,..,..,6243.00,..,..,..,..,6399.00,..,..,..,..,10161.00,..,..,..,..,10416.00,..,..,..,..,9626.00,..,..,..,..,21070.00,..,..,..,..,21205.00,..,..,..,..,28809.00,8462.00,4424.00,4361.00,3259.00,20506.00,12603.00,4308.00,4505.00,3779.00,25195.00,3201.00,3685.00,4040.00,3024.00,13950.00,3958.00,3951.00,4042.00,3060.00,15011.00,3875.00,3990.00,4150.00,3065.00,15080.00,3346.00,3946.00,4330.00,3820.00,15442.00,4108.00,4550.00,4621.00,4150.00,17429.00,4600.00,4910.00,5156.00,4144.00,18810.00,4858.00,5250.00,5515.00,5535.00,21158.00,5540.00,5000.00,5907.00,5913.00,22360.00,6801.00,6890.00,6402.00,6423.00,26516.00,7439.00,7409.63,6968.00,6907.00,28723.63,8464.69,9897.91,7458.91,7524.32,33345.83,8845.13,11349.01,8071.81,7692.53,35958.48,10159.09,12364.47,8270.80,7646.45,38440.81,10815.68,10949.39,8500.30,7978.66,38244.03,11534.15,9061.58,6203.24,7694.77,34493.74,11851.68,8399.76,4991.31,7668.63,32911.38,10607.75,8117.07,4628.74,5303.60,28657.16,7718.99,6674.64,3542.32,4685.52,22621.47,4962.53,6899.64,1910.19,578.27,14350.63,1053.24,1653.23,2049.84,2170.44,6926.75,1475.24,1766.95,1883.97,1842.00,6968.16,1015.66,1400.41,1159.79,1386.85,4962.71,575.50,655.11,186.54,106.24,1523.39,351.09,378.55,198.92,185.56,1114.12,215.33,320.27,155.67,187.09,878.36,185.83,129.24,269.71,217.22,802.00,274.88,273.42,336.60,202.64,1087.54,419.57,334.60,243.82,324.13,1322.12,356.91,336.35,299.22,226.08,1218.57,442.75,924.54,382.30,643.39,2392.99,776.56,947.11,592.75,528.56,2844.98,796.07,..,..,..,..
....Leyte,..Municipal Fisheries,..,..,..,..,9550.00,..,..,..,..,9284.00,..,..,..,..,9732.00,..,..,..,..,9917.00,..,..,..,..,10200.00,..,..,..,..,11226.00,..,..,..,..,9640.00,..,..,..,..,10221.00,..,..,..,..,9192.00,..,..,..,..,9844.00,..,..,..,..,8691.00,..,..,..,..,9538.00,..,..,..,..,6560.00,2779.00,899.00,761.00,659.00,5098.00,2836.00,769.00,646.00,765.00,5016.00,2683.00,895.00,823.00,912.00,5313.00,2213.00,935.00,835.00,980.00,4963.00,2140.00,960.00,848.00,986.00,4934.00,1577.00,1450.00,1190.00,1055.00,5272.00,1624.00,1465.00,1632.00,1412.00,6133.00,1643.00,1724.00,1833.00,1408.00,6608.00,1673.00,1840.00,1914.00,1919.00,7346.00,1936.00,1978.00,2022.00,2022.00,7958.00,2380.00,2391.00,2126.00,2173.00,9070.00,2693.50,2479.90,2205.00,2329.55,9707.95,2895.33,3508.85,3362.50,2588.45,12355.13,2955.74,3833.85,3316.00,2455.20,12560.79,3306.98,4056.18,3402.86,2459.79,13225.81,3242.03,3949.22,2947.86,2275.20,12414.31,3103.45,5215.74,3157.52,2511.16,13987.87,3708.57,4989.61,3348.71,3344.82,15391.71,3496.16,4654.70,3089.05,3293.10,14533.01,2885.67,3274.70,2654.90,3118.86,11934.13,2756.65,2675.52,1977.65,1302.06,8711.88,1872.45,2994.20,2073.45,2056.73,8996.83,3184.88,3087.03,1837.92,1794.29,9904.12,2491.82,3405.36,2376.53,2379.82,10653.53,3121.35,3593.14,1305.86,2758.96,10779.31,2272.16,1614.92,1373.02,2105.77,7365.87,5829.19,1764.52,2868.23,4475.53,14937.47,4747.72,2340.81,3803.96,1561.01,12453.50,5275.86,3318.53,3901.90,3511.23,16007.52,5436.96,2559.74,3695.01,4016.88,15708.59,3857.52,4931.51,3628.14,2529.94,14947.12,5368.34,5388.17,4613.61,3908.85,19278.97,4079.96,3462.13,3359.17,2668.56,13569.83,3381.43,..,..,..,..
....Leyte,....Marine Municipal Fisheries,..,..,..,..,9550.00,..,..,..,..,9284.00,..,..,..,..,9691.00,..,..,..,..,9769.00,..,..,..,..,10031.00,..,..,..,..,11074.00,..,..,..,..,9479.00,..,..,..,..,10063.00,..,..,..,..,9018.00,..,..,..,..,9662.00,..,..,..,..,8484.00,..,..,..,..,9293.00,..,..,..,..,6319.00,2779.00,899.00,761.00,659.00,5098.00,2836.00,769.00,646.00,765.00,5016.00,2683.00,895.00,823.00,912.00,5313.00,2213.00,935.00,835.00,980.00,4963.00,2140.00,960.00,848.00,986.00,4934.00,1577.00,1450.00,1190.00,1055.00,5272.00,1568.00,1394.00,1570.00,1346.00,5878.00,1585.00,1650.00,1770.00,1340.00,6345.00,1605.00,1760.00,1829.00,1831.00,7025.00,1845.00,1883.00,1920.00,1920.00,7568.00,2254.00,2260.00,1991.00,2064.00,8569.00,2551.00,2351.50,2071.00,2214.00,9187.50,2750.00,3375.05,3201.00,2466.00,11792.05,2813.00,3701.00,3125.00,2330.00,11969.00,3151.07,3920.61,3225.56,2337.73,12634.97,3089.07,3814.98,2809.70,2159.27,11873.02,2974.46,5215.00,3156.64,2502.53,13848.63,3672.78,4985.09,3348.48,3341.64,15347.99,3460.00,4651.41,3085.76,3290.64,14487.81,2879.36,3272.20,2651.88,3116.13,11919.57,2752.35,2674.96,1975.09,1301.47,8703.87,1872.14,2993.73,2073.04,2056.17,8995.08,3184.60,3086.76,1837.53,1794.01,9902.90,2488.65,3402.70,2374.57,2378.09,10644.01,3119.89,3592.04,1304.85,2758.13,10774.91,2271.47,1614.05,1372.51,2104.61,7362.64,5828.60,1763.85,2866.80,4473.69,14932.94,4747.11,2328.26,3799.40,1555.31,12430.08,5261.17,3232.60,3833.73,3427.87,15755.37,5397.94,2506.73,3629.34,3939.85,15473.87,3808.43,4878.75,3579.65,2473.53,14740.36,5311.48,5328.83,4572.90,3824.46,19037.68,4040.57,3371.38,3324.80,2619.61,13356.37,3334.12,..,..,..,..
....Leyte,....Inland Municipal Fisheries,..,..,..,..,..,..,..,..,..,..,..,..,..,..,41.00,..,..,..,..,148.00,..,..,..,..,169.00,..,..,..,..,152.00,..,..,..,..,161.00,..,..,..,..,158.00,..,..,..,..,174.00,..,..,..,..,182.00,..,..,..,..,207.00,..,..,..,..,245.00,..,..,..,..,241.00,..,..,..,..,..,..,..,..,..,..,..,..,..,..,..,..,..,..,..,..,..,..,..,..,..,..,..,..,..,..,56.00,71.00,62.00,66.00,255.00,58.00,74.00,63.00,68.00,263.00,68.00,80.00,85.00,88.00,321.00,91.00,95.00,102.00,102.00,390.00,126.00,131.00,135.00,109.00,501.00,142.50,128.40,134.00,115.55,520.45,145.33,133.80,161.50,122.45,563.08,142.74,132.85,191.00,125.20,591.79,155.91,135.57,177.30,122.06,590.84,152.96,134.24,138.16,115.93,541.29,128.99,0.74,0.88,8.63,139.24,35.79,4.52,0.23,3.18,43.72,36.16,3.29,3.29,2.46,45.20,6.31,2.50,3.02,2.73,14.56,4.30,0.56,2.56,0.59,8.01,0.31,0.47,0.41,0.56,1.75,0.28,0.27,0.39,0.28,1.22,3.17,2.66,1.96,1.73,9.52,1.46,1.10,1.01,0.83,4.40,0.69,0.87,0.51,1.16,3.23,0.59,0.67,1.43,1.84,4.53,0.61,12.55,4.56,5.70,23.42,14.69,85.93,68.17,83.36,252.15,39.02,53.01,65.67,77.02,234.72,49.08,52.76,48.49,56.41,206.75,56.86,59.33,40.71,84.39,241.29,39.39,90.75,34.37,48.95,213.46,47.30,..,..,..,..
....Leyte,..Aquaculture,..,..,..,..,1605.00,..,..,..,..,4741.00,..,..,..,..,2415.00,..,..,..,..,5634.00,..,..,..,..,5274.00,..,..,..,..,5818.00,..,..,..,..,4884.00,..,..,..,..,3513.00,..,..,..,..,3564.00,..,..,..,..,3859.00,..,..,..,..,4212.00,..,..,..,..,4161.00,..,..,..,..,4695.00,82.00,39.00,154.00,102.00,377.00,159.00,159.00,211.00,297.00,826.00,1056.00,676.00,891.00,847.00,3470.00,1034.00,744.00,856.00,1175.00,3809.00,1246.00,873.00,1009.00,723.00,3851.00,1609.00,914.00,1270.00,502.00,4295.00,1097.00,1345.00,1350.00,972.00,4764.00,1041.00,1174.00,1615.00,1242.00,5072.00,2115.00,2397.00,2712.00,2284.00,9508.00,2191.00,2473.00,3090.00,2373.80,10127.80,3111.00,2825.00,3394.50,2519.10,11849.60,3531.50,2955.00,3364.25,2962.21,12812.96,3626.16,4055.00,5016.99,3140.13,15838.28,3807.51,4380.69,5637.24,3507.49,17332.93,3832.47,5195.64,6207.73,3694.69,18930.53,4049.17,5310.88,6641.56,3711.82,19713.44,4300.97,5379.35,7643.41,3830.72,21154.46,4220.80,6286.63,5114.65,6593.13,22215.21,5482.51,7616.88,5298.40,6986.19,25383.98,5514.74,8234.94,5482.58,7225.27,26457.54,1793.33,8114.10,5495.15,5117.39,20519.98,2082.43,7122.14,5677.91,5947.90,20830.38,2605.04,6379.08,5872.27,6044.81,20901.20,2110.90,6482.33,6734.56,6218.57,21546.37,13819.77,4043.63,8477.46,7717.89,34058.75,2903.67,3191.50,7718.93,7293.80,21107.90,1475.36,4357.63,8516.10,8330.71,22679.79,1899.60,2299.24,12489.77,3855.05,20543.65,1212.19,1715.02,9248.02,1362.19,13537.42,499.79,506.23,368.91,1010.95,2385.87,569.97,407.92,1020.97,1727.64,3726.51,981.56,378.63,1429.96,1397.73,4187.89,444.68,831.70,1565.01,1323.43,4164.83,328.79,..,..,..,..
....Northern Samar,FISHERIES,..,..,..,..,2434.00,..,..,..,..,2708.00,..,..,..,..,6654.00,..,..,..,..,4085.00,..,..,..,..,3821.00,..,..,..,..,5454.00,..,..,..,..,5282.00,..,..,..,..,4503.00,..,..,..,..,4474.00,..,..,..,..,4669.00,..,..,..,..,2841.00,..,..,..,..,4609.00,..,..,..,..,2812.00,1074.00,832.00,1396.00,1088.00,4390.00,1496.00,941.00,1518.00,936.00,4891.00,1284.00,1413.00,1988.00,2478.00,7163.00,1581.00,1475.00,1801.00,1685.00,6542.00,1884.00,1457.00,1731.00,1680.00,6752.00,1730.00,1516.00,1463.00,1264.00,5973.00,1384.00,1486.00,1505.00,1262.00,5637.00,1168.00,1252.00,1526.00,1466.00,5412.00,1378.00,1484.00,1651.00,2817.00,7330.00,2228.00,1549.00,1758.00,3020.00,8555.00,2407.00,2437.20,2174.00,3295.00,10313.20,2669.40,2593.30,2268.20,3534.40,11065.30,3544.30,3571.17,2991.59,4011.34,14118.40,3964.69,3975.94,3226.00,4051.94,15218.57,4463.20,4461.45,3502.92,4325.23,16752.80,4388.15,4702.52,4794.88,4669.63,18555.19,4624.04,4549.10,5136.07,4954.91,19264.12,4614.04,4651.95,5548.05,5245.93,20059.96,4445.45,4496.52,5734.54,5239.86,19916.37,4177.99,4792.79,5978.99,5345.83,20295.60,4152.94,5053.41,6145.60,5230.91,20582.86,4286.96,5256.30,5998.10,5006.65,20548.01,4434.26,5190.94,5616.29,4981.69,20223.18,4381.29,5307.94,5547.79,4827.31,20064.33,4172.72,5115.83,5393.96,4592.75,19275.27,3959.82,4222.64,5064.18,6353.84,19600.47,3960.85,4796.11,4306.13,5497.26,18560.34,3909.27,5120.40,5434.47,6848.96,21313.11,3388.37,6580.06,5428.85,8175.18,23572.46,5189.67,7010.00,6871.80,2970.96,22042.43,3254.80,3499.42,5288.09,4950.20,16992.51,2501.62,2883.28,2407.40,1752.27,9544.56,2178.56,2409.31,4431.78,2123.51,11143.16,1468.59,..,..,..,..
....Northern Samar,..Commercial Fisheries,..,..,..,..,16.00,..,..,..,..,19.00,..,..,..,..,..,..,..,..,..,..,..,..,..,..,96.00,..,..,..,..,153.00,..,..,..,..,125.00,..,..,..,..,..,..,..,..,..,..,..,..,..,..,..,..,..,..,..,..,..,..,..,..,..,..,..,..,..,275.00,253.00,171.00,496.00,213.00,1133.00,551.00,152.00,183.00,224.00,1110.00,393.00,423.00,377.00,146.00,1339.00,474.00,468.00,594.00,175.00,1711.00,567.00,450.00,580.00,187.00,1784.00,336.00,340.00,398.00,199.00,1273.00,188.00,244.00,300.00,204.00,936.00,168.00,192.00,322.00,279.00,961.00,270.00,326.00,395.00,268.00,1259.00,297.00,340.00,413.00,403.00,1453.00,367.00,376.00,426.00,533.00,1702.00,475.00,404.00,447.50,598.00,1924.50,561.95,528.00,558.00,642.90,2290.85,596.25,546.50,616.12,650.09,2408.96,614.00,672.36,648.80,685.70,2620.86,583.04,691.24,692.64,732.88,2699.80,599.44,723.53,734.02,755.17,2812.16,564.44,703.05,772.62,735.76,2775.87,524.09,673.80,815.49,720.59,2733.97,518.06,683.70,825.76,728.43,2755.95,543.30,711.72,847.04,714.20,2816.26,571.55,749.89,819.44,687.21,2828.09,594.47,774.74,807.30,702.84,2879.35,567.24,805.23,798.62,689.14,2860.23,531.82,795.34,773.16,654.30,2754.62,477.38,530.68,761.43,789.87,2559.36,477.30,563.67,545.97,728.15,2315.09,397.34,666.91,658.50,853.33,2576.08,388.56,709.09,502.40,878.39,2478.44,206.04,1590.92,2855.79,915.08,5567.83,508.89,733.09,2854.31,2443.42,6539.72,567.00,1165.59,1398.41,954.08,4085.08,586.05,299.90,2693.29,349.17,3928.41,423.81,..,..,..,..
....Northern Samar,..Municipal Fisheries,..,..,..,..,1794.00,..,..,..,..,2020.00,..,..,..,..,5985.00,..,..,..,..,3660.00,..,..,..,..,3200.00,..,..,..,..,4837.00,..,..,..,..,4703.00,..,..,..,..,4055.00,..,..,..,..,3988.00,..,..,..,..,4155.00,..,..,..,..,2280.00,..,..,..,..,4055.00,..,..,..,..,1912.00,816.00,659.00,895.00,875.00,3245.00,934.00,781.00,1320.00,707.00,3742.00,887.00,977.00,1590.00,2323.00,5777.00,1100.00,990.00,1189.00,1500.00,4779.00,1309.00,987.00,1133.00,1470.00,4899.00,1388.00,1158.00,1052.00,1050.00,4648.00,1191.00,1229.00,1195.00,1050.00,4665.00,998.00,1048.00,1193.00,1178.00,4417.00,1105.00,1153.00,1244.00,2538.00,6040.00,1925.00,1204.00,1328.00,2604.00,7061.00,2031.00,2054.00,1729.00,2738.00,8552.00,2181.00,2180.00,1798.00,2897.00,9056.00,2903.95,3001.17,2320.59,3313.84,11539.55,3282.84,3377.44,2478.38,3336.85,12475.51,3738.70,3580.09,2690.14,3564.11,13573.04,3686.56,3737.94,3782.91,3718.36,14925.77,3887.86,3515.86,4054.14,3960.10,15417.96,3891.40,3585.56,4369.11,4251.61,16097.68,3760.22,3403.86,4444.69,4206.22,15814.99,3507.85,3619.59,4581.95,4276.25,15985.64,3453.44,3779.93,4705.32,4181.80,16120.49,3551.10,3935.78,4567.81,3994.71,16049.40,3684.05,4048.87,4428.58,4032.49,16193.99,3718.80,4153.58,4486.68,3928.57,16287.63,3546.58,4078.44,4309.07,3768.76,15702.85,3418.66,3396.94,4095.25,5355.07,16265.92,3402.57,3954.23,3440.27,4573.23,15370.30,3501.55,4422.60,4736.66,5939.85,18600.66,2954.26,5846.86,4889.38,7261.05,20951.55,4927.75,5319.82,3972.20,2004.03,16223.81,2703.48,2713.57,2404.46,2480.11,10301.62,1884.05,1679.20,979.45,774.50,5317.19,1540.37,2057.68,1714.99,1730.84,7043.88,1013.74,..,..,..,..
....Northern Samar,....Marine Municipal Fisheries,..,..,..,..,1794.00,..,..,..,..,2020.00,..,..,..,..,5980.00,..,..,..,..,3599.00,..,..,..,..,3130.00,..,..,..,..,4542.00,..,..,..,..,4402.00,..,..,..,..,3757.00,..,..,..,..,3660.00,..,..,..,..,3815.00,..,..,..,..,1834.00,..,..,..,..,3578.00,..,..,..,..,1442.00,816.00,659.00,895.00,875.00,3245.00,934.00,781.00,1320.00,707.00,3742.00,887.00,977.00,1590.00,2323.00,5777.00,1100.00,990.00,1189.00,1500.00,4779.00,1309.00,987.00,1133.00,1470.00,4899.00,1388.00,1158.00,1052.00,1050.00,4648.00,1127.00,1141.00,1121.00,983.00,4372.00,937.00,964.00,1123.00,1114.00,4138.00,1060.00,1115.00,1214.00,2500.00,5889.00,1894.00,1158.00,1268.00,2535.00,6855.00,1987.00,2002.00,1666.00,2672.00,8327.00,2122.00,2132.00,1738.00,2815.00,8807.00,2823.50,2950.12,2245.09,3194.09,11212.80,3199.00,3327.94,2329.28,3217.00,12073.22,3601.00,3426.19,2514.69,3392.16,12934.04,3436.86,3492.49,3531.22,3572.91,14033.48,3695.00,3407.24,3793.17,3836.80,14732.21,3769.70,3467.79,4105.25,4010.84,15353.58,3645.31,3290.07,4209.38,3972.87,15117.63,3395.67,3506.39,4344.56,4047.45,15294.07,3342.51,3664.68,4463.56,3963.62,15434.37,3440.68,3816.16,4334.53,3788.18,15379.55,3576.40,3927.93,4202.62,3829.79,15536.74,3619.72,4031.75,4265.97,3736.96,15654.40,3447.71,3970.82,4113.12,3584.61,15116.26,3325.09,3323.26,3931.41,5204.60,15784.36,3320.60,3883.70,3361.38,4518.69,15084.37,3429.56,4353.65,4650.78,5874.69,18308.68,2831.85,5600.83,4613.18,6957.77,20003.63,4774.29,5182.28,3891.19,1909.87,15757.63,2608.53,2583.65,2267.22,2276.96,9736.35,1812.85,1565.45,778.77,715.32,4872.39,1510.74,2040.01,1679.87,1715.70,6946.32,940.91,..,..,..,..
....Northern Samar,....Inland Municipal Fisheries,..,..,..,..,..,..,..,..,..,..,..,..,..,..,5.00,..,..,..,..,61.00,..,..,..,..,70.00,..,..,..,..,295.00,..,..,..,..,301.00,..,..,..,..,298.00,..,..,..,..,328.00,..,..,..,..,340.00,..,..,..,..,446.00,..,..,..,..,477.00,..,..,..,..,470.00,..,..,..,..,..,..,..,..,..,..,..,..,..,..,..,..,..,..,..,..,..,..,..,..,..,..,..,..,..,..,64.00,88.00,74.00,67.00,293.00,61.00,84.00,70.00,64.00,279.00,45.00,38.00,30.00,38.00,151.00,31.00,46.00,60.00,69.00,206.00,44.00,52.00,63.00,66.00,225.00,59.00,48.00,60.00,82.00,249.00,80.45,51.05,75.50,119.75,326.75,83.84,49.50,149.10,119.85,402.29,137.70,153.90,175.45,171.95,639.00,249.70,245.45,251.69,145.45,892.29,192.86,108.62,260.97,123.30,685.75,121.70,117.77,263.86,240.77,744.10,114.91,113.79,235.31,233.35,697.36,112.18,113.20,237.39,228.80,691.57,110.93,115.25,241.76,218.18,686.12,110.42,119.62,233.28,206.53,669.85,107.65,120.94,225.96,202.70,657.25,99.08,121.83,220.71,191.61,633.23,98.87,107.62,195.95,184.15,586.59,93.57,73.68,163.84,150.47,481.56,81.97,70.53,78.89,54.54,285.93,71.99,68.95,85.88,65.16,291.98,122.41,246.03,276.20,303.28,947.92,153.46,137.54,81.02,94.17,466.18,94.95,129.93,137.24,203.15,565.27,71.20,113.76,200.68,59.17,444.80,29.63,17.67,35.12,15.14,97.55,72.83,..,..,..,..
....Northern Samar,..Aquaculture,..,..,..,..,624.00,..,..,..,..,669.00,..,..,..,..,669.00,..,..,..,..,425.00,..,..,..,..,525.00,..,..,..,..,464.00,..,..,..,..,454.00,..,..,..,..,448.00,..,..,..,..,486.00,..,..,..,..,514.00,..,..,..,..,561.00,..,..,..,..,554.00,..,..,..,..,625.00,5.00,2.00,5.00,..,12.00,11.00,8.00,15.00,5.00,39.00,4.00,13.00,21.00,9.00,47.00,7.00,17.00,18.00,10.00,52.00,8.00,20.00,18.00,23.00,69.00,6.00,18.00,13.00,15.00,52.00,5.00,13.00,10.00,8.00,36.00,2.00,12.00,11.00,9.00,34.00,3.00,5.00,12.00,11.00,31.00,6.00,5.00,17.00,13.00,41.00,9.00,7.20,19.00,24.00,59.20,13.40,9.30,22.70,39.40,84.80,78.40,42.00,113.00,54.60,288.00,85.60,52.00,131.50,65.00,334.10,110.50,209.00,163.98,75.42,558.90,118.55,273.34,319.33,218.39,929.62,136.74,309.71,347.91,239.64,1034.00,158.20,363.34,406.32,258.56,1186.41,161.14,418.86,474.36,313.05,1367.41,152.08,489.50,571.28,341.15,1554.01,156.20,561.76,593.24,334.91,1646.11,164.31,570.63,610.85,324.73,1670.52,155.74,367.33,380.41,246.36,1149.84,95.25,349.13,262.49,209.60,916.47,94.32,242.05,311.73,169.69,817.80,63.78,295.02,207.50,208.90,775.19,80.98,278.21,319.89,195.88,874.95,10.38,30.89,39.31,55.78,136.37,45.55,24.11,37.07,35.74,142.47,55.88,99.26,43.81,51.85,250.79,42.43,52.76,29.32,26.66,151.18,50.57,38.48,29.54,23.69,142.28,52.13,51.74,23.51,43.50,170.88,31.04,..,..,..,..
....Samar,FISHERIES,..,..,..,..,20384.00,..,..,..,..,20892.00,..,..,..,..,16019.00,..,..,..,..,13692.00,..,..,..,..,12339.00,..,..,..,..,15116.00,..,..,..,..,18166.00,..,..,..,..,18308.00,..,..,..,..,19942.00,..,..,..,..,21383.00,..,..,..,..,19697.00,..,..,..,..,21203.00,..,..,..,..,23275.00,8429.00,6145.00,7295.00,6584.00,28453.00,7036.00,6835.00,5559.00,5987.00,25417.00,6998.00,6824.00,6283.00,6914.00,27019.00,7309.00,5714.00,4821.00,7901.00,25745.00,7567.00,5503.00,5911.00,8324.00,27305.00,6807.00,4839.00,6555.00,8929.00,27130.00,7783.00,5586.00,5629.00,7439.00,26437.00,7739.00,6006.00,5936.00,6675.00,26356.00,8014.00,6507.00,6630.00,6128.00,27279.00,8122.00,5041.00,5896.00,5529.00,24588.00,8331.00,7757.00,6539.00,6207.30,28834.30,8974.54,7902.96,6400.00,7772.43,31049.93,9649.00,11275.50,9484.75,7369.65,37778.90,10285.50,13272.00,10908.50,7531.60,41997.60,12286.56,15767.12,11947.23,7664.41,47665.32,12740.54,17011.15,12637.97,6877.45,49267.11,12998.62,11673.86,12845.23,7431.78,44949.49,13566.01,12881.77,13324.15,7974.08,47746.01,13255.74,12206.89,14149.62,8334.12,47946.37,12387.07,12113.73,13910.60,9574.71,47986.11,11651.44,12143.08,12076.61,8064.42,43935.55,8320.63,9478.73,10794.81,7187.99,35782.17,7575.47,11146.16,10471.30,6446.05,35638.98,10506.93,11808.83,11112.14,6987.14,40415.05,9497.86,10336.60,9693.18,6281.55,35809.19,11822.19,8635.68,8447.24,7649.67,36554.78,13674.91,9375.83,8754.87,8037.20,39842.81,10371.67,7926.76,8161.83,6776.85,33237.10,11475.69,6855.05,7982.00,7502.20,33814.94,7700.27,8635.85,5111.58,6521.77,27969.46,8078.94,8178.23,6873.39,7517.52,30648.08,7672.93,7609.69,5028.00,6206.03,26516.65,8940.09,9113.24,5145.34,4805.35,28004.02,7746.88,..,..,..,..
....Samar,..Commercial Fisheries,..,..,..,..,2943.00,..,..,..,..,3271.00,..,..,..,..,2626.00,..,..,..,..,2331.00,..,..,..,..,1999.00,..,..,..,..,1940.00,..,..,..,..,2093.00,..,..,..,..,1756.00,..,..,..,..,1923.00,..,..,..,..,1706.00,..,..,..,..,3017.00,..,..,..,..,3843.00,..,..,..,..,3508.00,1074.00,1367.00,1021.00,1187.00,4649.00,1037.00,1543.00,969.00,1750.00,5299.00,1786.00,1878.00,2084.00,2322.00,8070.00,1943.00,1233.00,912.00,2927.00,7015.00,2048.00,1110.00,900.00,3102.00,7160.00,1810.00,960.00,1040.00,3382.00,7192.00,2080.00,1120.00,885.00,2875.00,6960.00,2000.00,1250.00,1000.00,2600.00,6850.00,2100.00,1175.00,1140.00,2400.00,6815.00,1940.00,1053.00,950.00,2215.00,6158.00,2047.00,1750.00,1086.00,2404.00,7287.00,2293.00,1792.77,1064.00,2620.00,7769.77,2180.00,2525.00,1600.00,2989.00,9294.00,2385.00,2671.00,1838.00,2539.02,9433.02,2694.72,3076.50,1799.64,2254.05,9824.91,2578.70,2699.66,1611.50,1590.86,8480.72,2427.88,1343.80,1325.41,1485.00,6582.09,2439.71,1399.90,1203.56,1484.50,6527.67,2257.35,1334.47,1279.51,1513.03,6384.36,2079.03,1248.91,1282.18,1381.25,5991.37,1898.77,1263.22,1162.93,1288.19,5613.11,1584.07,1085.58,1021.90,1104.10,4795.65,1388.92,1034.13,960.93,833.17,4217.15,1158.53,989.97,1172.96,1259.45,4580.91,1061.88,741.31,923.28,887.75,3614.22,1793.40,643.79,731.05,935.64,4103.88,3624.79,1940.96,1027.80,1540.06,8133.61,2267.39,1044.98,854.70,853.94,5021.01,2179.40,1029.08,866.24,969.74,5044.46,2162.71,1140.01,1032.79,1136.41,5471.92,2426.27,1583.70,1317.37,1553.50,6880.84,2662.13,1838.70,1582.78,1633.45,7717.06,3030.98,2225.96,1658.06,1857.29,8772.29,2828.44,..,..,..,..
....Samar,..Municipal Fisheries,..,..,..,..,15374.00,..,..,..,..,16254.00,..,..,..,..,11684.00,..,..,..,..,9950.00,..,..,..,..,8950.00,..,..,..,..,8054.00,..,..,..,..,13174.00,..,..,..,..,11369.00,..,..,..,..,10559.00,..,..,..,..,11160.00,..,..,..,..,7385.00,..,..,..,..,8176.00,..,..,..,..,9405.00,3589.00,2477.00,2293.00,2257.00,10616.00,4553.00,3573.00,2592.00,2569.00,13287.00,4266.00,4054.00,2910.00,3757.00,14987.00,4687.00,4056.00,2875.00,4206.00,15824.00,4856.00,3935.00,3931.00,4480.00,17202.00,4323.00,3437.00,4201.00,4851.00,16812.00,4957.00,4057.00,3571.00,3971.00,16556.00,5041.00,4381.00,3642.00,3425.00,16489.00,5201.00,4929.00,4110.00,3129.00,17369.00,5505.00,3615.00,3187.00,2822.00,15129.00,5567.00,5604.00,3604.00,3175.00,17950.00,5911.54,5776.69,3469.00,3194.00,18351.23,6669.00,8256.00,5615.00,3653.85,24193.85,7005.00,9139.00,6174.00,4271.68,26589.68,7945.00,10753.74,6997.84,4523.13,30219.71,8406.57,12102.27,7654.00,4398.93,32561.77,8875.59,8063.60,7780.35,4926.53,29646.07,9183.44,9098.40,8264.06,5206.05,31751.95,8856.21,8736.17,8434.11,5077.01,31103.50,7678.76,9032.14,7448.65,5214.08,29373.63,7068.66,8491.30,6715.20,5112.87,27388.03,4672.04,7112.21,6834.85,4393.30,23012.40,4910.46,8071.23,7155.21,4335.07,24471.97,6631.73,8158.64,7473.43,4467.49,26731.29,6090.90,6616.68,6662.10,4998.00,24367.68,4770.36,5461.86,5767.82,5936.08,21936.12,5463.49,5396.86,6142.86,5481.51,22484.72,5667.65,6131.61,5687.67,5451.59,22938.52,5134.89,5513.41,5397.18,5893.77,21939.25,5199.15,6769.94,3733.68,5025.94,20728.72,5126.96,5677.96,3511.68,4606.37,18922.97,3923.86,5097.86,2705.94,3193.68,14921.34,4375.43,5943.79,2593.68,2690.62,15603.52,4218.53,..,..,..,..
....Samar,....Marine Municipal Fisheries,..,..,..,..,15374.00,..,..,..,..,16254.00,..,..,..,..,11684.00,..,..,..,..,9950.00,..,..,..,..,8950.00,..,..,..,..,8054.00,..,..,..,..,13174.00,..,..,..,..,11369.00,..,..,..,..,10559.00,..,..,..,..,11160.00,..,..,..,..,7385.00,..,..,..,..,8176.00,..,..,..,..,9405.00,3589.00,2477.00,2293.00,2257.00,10616.00,4553.00,3572.00,2592.00,2569.00,13286.00,4265.00,4053.00,2909.00,3755.00,14982.00,4686.00,4055.00,2874.00,4205.00,15820.00,4855.00,3934.00,3930.00,4479.00,17198.00,4322.00,3436.00,4200.00,4850.00,16808.00,4955.00,4056.00,3570.00,3970.00,16551.00,5040.00,4380.00,3641.00,3424.00,16485.00,5200.00,4928.00,4108.00,3128.00,17364.00,5500.00,3608.00,3182.00,2816.00,15106.00,5561.00,5590.00,3598.00,3166.00,17915.00,5904.54,5757.69,3448.00,3175.00,18285.23,6652.00,8228.00,5578.00,3609.00,24067.00,6985.00,9101.00,6135.00,4243.58,26464.58,7920.00,10714.64,6960.94,4494.07,30089.65,8382.94,12080.25,7643.00,4390.11,32496.30,8868.00,8051.05,7769.07,4917.04,29605.16,9174.44,9084.00,8252.33,5193.70,31704.47,8841.12,8711.09,8409.91,5052.22,31014.34,7659.49,9012.67,7436.90,5195.56,29304.62,7057.08,8472.00,6702.36,5101.61,27333.05,4661.69,7095.68,6820.66,4381.79,22959.82,4904.50,8059.22,7150.68,4333.69,24448.09,6630.66,8156.93,7473.27,4466.38,26727.24,6080.57,6614.95,6637.90,4990.89,24324.31,4754.61,5453.40,5763.83,5934.68,21906.52,5452.64,5388.34,6130.32,5473.88,22445.18,5650.95,6109.46,5672.20,5436.70,22869.31,5043.33,5481.34,5373.47,5861.20,21759.34,5093.03,6630.87,3686.55,4938.53,20348.98,5057.66,5636.53,3458.38,4570.02,18722.58,3906.60,5045.07,2639.34,3163.11,14754.12,4357.57,5909.56,2547.10,2671.17,15485.41,4191.98,..,..,..,..
....Samar,....Inland Municipal Fisheries,..,..,..,..,..,..,..,..,..,..,..,..,..,..,..,..,..,..,..,..,..,..,..,..,..,..,..,..,..,..,..,..,..,..,..,..,..,..,..,..,..,..,..,..,..,..,..,..,..,..,..,..,..,..,..,..,..,..,..,..,..,..,..,..,..,..,..,..,..,..,..,1.00,..,..,1.00,1.00,1.00,1.00,2.00,5.00,1.00,1.00,1.00,1.00,4.00,1.00,1.00,1.00,1.00,4.00,1.00,1.00,1.00,1.00,4.00,2.00,1.00,1.00,1.00,5.00,1.00,1.00,1.00,1.00,4.00,1.00,1.00,2.00,1.00,5.00,5.00,7.00,5.00,6.00,23.00,6.00,14.00,6.00,9.00,35.00,7.00,19.00,21.00,19.00,66.00,17.00,28.00,37.00,44.85,126.85,20.00,38.00,39.00,28.10,125.10,25.00,39.10,36.90,29.06,130.06,23.63,22.02,11.00,8.82,65.47,7.59,12.55,11.28,9.49,40.91,9.00,14.40,11.73,12.35,47.48,15.09,25.08,24.20,24.79,89.16,19.27,19.47,11.75,18.52,69.01,11.58,19.30,12.84,11.26,54.98,10.35,16.53,14.19,11.51,52.58,5.96,12.01,4.53,1.38,23.88,1.07,1.71,0.16,1.11,4.05,10.33,1.73,24.20,7.11,43.37,15.75,8.46,3.99,1.40,29.60,10.85,8.52,12.54,7.63,39.54,16.70,22.15,15.47,14.89,69.21,91.56,32.07,23.71,32.57,179.91,106.12,139.08,47.13,87.41,379.74,69.30,41.43,53.30,36.35,200.39,17.25,52.80,66.60,30.57,167.21,17.86,34.23,46.57,19.44,118.11,26.55,..,..,..,..
....Samar,..Aquaculture,..,..,..,..,2067.00,..,..,..,..,1367.00,..,..,..,..,1709.00,..,..,..,..,1411.00,..,..,..,..,1390.00,..,..,..,..,5122.00,..,..,..,..,2899.00,..,..,..,..,5183.00,..,..,..,..,7460.00,..,..,..,..,8517.00,..,..,..,..,9295.00,..,..,..,..,9184.00,..,..,..,..,10362.00,3766.00,2301.00,3981.00,3140.00,13188.00,1446.00,1719.00,1998.00,1668.00,6831.00,946.00,892.00,1289.00,835.00,3962.00,679.00,425.00,1034.00,768.00,2906.00,663.00,458.00,1080.00,742.00,2943.00,674.00,442.00,1314.00,696.00,3126.00,746.00,409.00,1173.00,593.00,2921.00,698.00,375.00,1294.00,650.00,3017.00,713.00,403.00,1380.00,599.00,3095.00,677.00,373.00,1759.00,492.00,3301.00,717.00,403.00,1849.00,628.30,3597.30,770.00,333.50,1867.00,1958.43,4928.93,800.00,494.50,2269.75,726.80,4291.05,895.50,1462.00,2896.50,720.90,5974.90,1646.84,1936.88,3149.75,887.23,7620.70,1755.27,2209.22,3372.47,887.66,8224.62,1695.15,2266.46,3739.47,1020.25,8721.33,1942.86,2383.47,3856.53,1283.53,9466.39,2142.18,2136.25,4436.00,1744.08,10458.51,2629.28,1832.68,5179.77,2979.38,12621.11,2684.01,2388.56,4198.48,1663.36,10934.41,2064.52,1280.94,2938.06,1690.59,7974.12,1276.09,2040.80,2355.16,1277.81,6949.86,2716.67,2660.22,2465.75,1260.20,9102.85,2345.08,2978.61,2107.80,395.80,7827.29,5258.43,2530.03,1948.37,777.95,10514.78,4586.63,2038.01,1584.21,1015.63,9224.48,2436.63,750.17,1619.46,471.32,5277.57,4161.40,312.56,1718.58,638.69,6831.23,338.41,725.89,345.11,359.41,1768.83,525.70,916.57,2044.35,1357.65,4844.28,1086.94,673.13,739.28,1378.91,3878.26,1533.68,943.49,893.61,257.44,3628.22,699.92,..,..,..,..
....Southern Leyte,FISHERIES,..,..,..,..,5351.00,..,..,..,..,5005.00,..,..,..,..,4612.00,..,..,..,..,5355.00,..,..,..,..,5504.00,..,..,..,..,6763.00,..,..,..,..,6147.00,..,..,..,..,6262.00,..,..,..,..,6387.00,..,..,..,..,6533.00,..,..,..,..,13648.00,..,..,..,..,14243.00,..,..,..,..,11680.00,4694.00,2356.00,1386.00,999.00,9435.00,3266.00,4029.00,1114.00,1018.00,9427.00,1526.00,3496.00,1269.00,1316.00,7607.00,1382.00,2389.00,1300.00,1440.00,6511.00,1388.00,2497.00,1478.00,1369.00,6732.00,1126.00,2055.00,1343.00,1311.00,5835.00,1373.00,2213.00,1542.00,1356.00,6484.00,1392.00,2245.00,1542.00,1246.00,6425.00,1258.00,2166.00,1545.00,2156.00,7125.00,1244.00,2266.00,1463.00,2269.00,7242.00,1291.00,2376.10,1455.00,2213.76,7335.86,1378.04,2443.10,1433.25,3333.52,8587.91,1620.00,3448.11,1500.40,2948.68,9517.19,2499.18,3690.98,1550.50,3139.48,10880.14,3197.97,4647.67,2952.12,3507.87,14305.62,3511.14,6047.07,3250.15,3853.36,16661.73,3378.29,4535.26,3164.32,3710.74,14788.61,3241.61,4276.17,3248.14,4053.91,14819.84,2836.03,4261.52,2945.23,3055.95,13098.73,2758.05,3525.50,2624.08,2716.96,11624.59,1952.47,2620.90,2332.78,2141.03,9047.18,1859.22,2110.37,2045.87,2021.93,8037.38,1772.91,2148.32,2036.72,2047.20,8005.15,1632.76,1887.47,1411.79,2073.48,7005.50,1356.93,1429.67,1325.24,1493.13,5604.97,1248.99,1539.04,1221.76,1418.32,5428.11,1218.70,1659.46,1263.97,1458.67,5600.81,1192.95,1817.11,1294.52,3848.02,8152.60,1288.52,2665.68,1902.02,3109.72,8965.94,523.92,3307.63,3839.61,3673.37,11344.54,2350.62,3615.79,4164.91,3327.67,13458.99,1354.29,2339.91,4017.59,3443.54,11155.32,1926.19,2956.87,3253.46,2736.54,10873.06,1735.19,..,..,..,..
....Southern Leyte,..Commercial Fisheries,..,..,..,..,981.00,..,..,..,..,731.00,..,..,..,..,1044.00,..,..,..,..,324.00,..,..,..,..,1341.00,..,..,..,..,2427.00,..,..,..,..,2139.00,..,..,..,..,2524.00,..,..,..,..,2587.00,..,..,..,..,2626.00,..,..,..,..,9483.00,..,..,..,..,10341.00,..,..,..,..,6272.00,3272.00,1037.00,312.00,243.00,4864.00,1979.00,1125.00,431.00,300.00,3835.00,300.00,933.00,393.00,215.00,1841.00,364.00,987.00,446.00,230.00,2027.00,456.00,1010.00,510.00,210.00,2186.00,205.00,750.00,465.00,200.00,1620.00,235.00,800.00,535.00,220.00,1790.00,240.00,810.00,536.00,215.00,1801.00,218.00,730.00,530.00,250.00,1728.00,215.00,752.00,492.00,320.00,1779.00,220.00,801.00,485.00,315.00,1821.00,229.00,826.00,480.00,341.00,1876.00,267.50,1058.00,446.00,352.00,2123.50,969.60,1086.77,530.75,686.38,3273.50,1581.97,1883.79,1369.85,1189.41,6025.02,1476.00,2556.41,1423.05,1228.98,6684.44,1394.96,1159.29,1388.00,1182.03,5124.28,1221.67,1203.00,1420.00,1250.50,5095.17,979.90,1178.00,1239.00,1266.63,4663.53,968.57,993.40,983.48,1069.96,4015.41,771.11,903.83,669.74,663.84,3008.52,670.43,716.14,675.29,665.98,2727.84,657.97,725.45,651.49,662.58,2697.49,614.75,669.86,469.37,602.57,2356.55,314.41,367.25,263.67,305.47,1250.80,171.98,95.75,87.50,147.92,503.15,81.13,45.98,38.71,91.12,256.94,46.50,33.68,52.05,60.33,192.56,46.45,52.08,42.85,68.57,209.95,33.61,418.70,617.95,575.99,1646.25,161.68,386.68,223.82,188.84,961.03,105.86,274.01,226.57,187.44,793.89,98.81,324.93,277.52,128.90,830.16,108.64,..,..,..,..
....Southern Leyte,..Municipal Fisheries,..,..,..,..,4282.00,..,..,..,..,4186.00,..,..,..,..,3501.00,..,..,..,..,4988.00,..,..,..,..,4113.00,..,..,..,..,4280.00,..,..,..,..,3958.00,..,..,..,..,3677.00,..,..,..,..,3684.00,..,..,..,..,3786.00,..,..,..,..,4033.00,..,..,..,..,3772.00,..,..,..,..,5261.00,1377.00,1314.00,961.00,727.00,4379.00,1274.00,2888.00,663.00,709.00,5534.00,1217.00,2560.00,860.00,1080.00,5717.00,1004.00,1396.00,833.00,1185.00,4418.00,921.00,1480.00,950.00,1148.00,4499.00,910.00,1300.00,860.00,1100.00,4170.00,1125.00,1402.00,985.00,1122.00,4634.00,1138.00,1420.00,986.00,1015.00,4559.00,1025.00,1422.00,985.00,1875.00,5307.00,1010.00,1493.00,944.00,1902.00,5349.00,1031.00,1556.00,939.00,1851.00,5377.00,1103.04,1596.50,924.45,1906.50,5530.49,1303.50,2361.11,1023.40,2017.28,6705.29,1461.50,2413.46,988.25,1873.60,6736.81,1537.80,2495.75,1526.87,1725.64,7286.06,1961.14,3216.56,1766.90,1660.25,8604.85,1871.11,3131.25,1719.82,1603.81,8325.99,1796.32,3010.43,1778.34,1684.46,8269.55,1711.28,3028.52,1667.58,1712.95,8120.33,1733.70,2487.00,1607.45,1611.57,7439.72,1155.10,1689.14,1646.21,1461.42,5951.87,1176.06,1381.20,1360.34,1347.07,5264.67,1103.66,1411.15,1374.65,1375.58,5265.04,1008.22,1205.27,927.26,1457.21,4597.96,1016.76,1032.50,1048.73,1170.09,4268.08,1059.93,1427.54,1096.45,1249.89,4833.81,1127.22,1592.49,1178.10,1340.07,5237.88,1139.63,1761.69,1193.47,3763.80,7858.59,1233.98,2589.42,1825.76,3015.70,8664.86,487.47,2877.21,3181.27,3082.01,9627.96,2179.07,3221.80,3910.41,3128.96,12440.24,1243.85,2026.87,3776.78,3245.14,10292.64,1817.87,2623.05,2961.31,2592.79,9995.02,1616.08,..,..,..,..
....Southern Leyte,....Marine Municipal Fisheries,..,..,..,..,4282.00,..,..,..,..,4186.00,..,..,..,..,3499.00,..,..,..,..,4988.00,..,..,..,..,4113.00,..,..,..,..,4280.00,..,..,..,..,3958.00,..,..,..,..,3677.00,..,..,..,..,3684.00,..,..,..,..,3786.00,..,..,..,..,4033.00,..,..,..,..,3772.00,..,..,..,..,5261.00,1377.00,1314.00,961.00,727.00,4379.00,1274.00,2888.00,663.00,709.00,5534.00,1217.00,2560.00,860.00,1080.00,5717.00,1004.00,1396.00,833.00,1185.00,4418.00,921.00,1480.00,950.00,1148.00,4499.00,910.00,1300.00,860.00,1100.00,4170.00,1125.00,1402.00,985.00,1122.00,4634.00,1138.00,1420.00,986.00,1015.00,4559.00,1025.00,1422.00,985.00,1875.00,5307.00,1010.00,1483.00,935.00,1896.00,5324.00,1022.00,1550.00,913.00,1837.00,5322.00,1093.00,1587.00,895.00,1886.00,5461.00,1283.50,1999.42,989.00,1980.53,6252.45,1438.15,2391.16,971.50,1835.80,6636.61,1511.80,2470.75,1512.47,1701.59,7196.61,1939.14,3197.61,1760.82,1652.56,8550.13,1859.26,3127.00,1716.82,1599.81,8302.89,1794.38,3008.78,1776.30,1682.46,8261.92,1708.72,3026.46,1666.09,1711.51,8112.78,1731.68,2485.72,1606.31,1610.51,7434.22,1154.06,1688.04,1644.81,1460.28,5947.19,1175.12,1380.16,1358.96,1345.50,5259.74,1102.70,1410.07,1373.46,1374.34,5260.57,1006.75,1204.41,926.78,1455.82,4593.76,1015.08,1031.62,1048.23,1166.22,4261.15,1058.28,1422.02,1093.54,1245.27,4819.11,1120.35,1590.38,1176.45,1335.36,5222.54,1135.78,1759.52,1191.42,3761.49,7848.21,1232.76,2588.98,1821.92,3015.12,8658.78,486.53,2875.09,3177.85,3081.03,9620.49,2178.02,3220.87,3909.88,3128.54,12437.31,1242.73,2025.91,3774.34,3242.84,10285.82,1817.38,2622.99,2961.25,2592.40,9994.01,1615.86,..,..,..,..
....Southern Leyte,....Inland Municipal Fisheries,..,..,..,..,..,..,..,..,..,..,..,..,..,..,2.00,..,..,..,..,..,..,..,..,..,..,..,..,..,..,..,..,..,..,..,..,..,..,..,..,..,..,..,..,..,..,..,..,..,..,..,..,..,..,..,..,..,..,..,..,..,..,..,..,..,..,..,..,..,..,..,..,..,..,..,..,..,..,..,..,..,..,..,..,..,..,..,..,..,..,..,..,..,..,..,..,..,..,..,..,..,..,..,..,..,..,..,..,..,..,..,..,10.00,9.00,6.00,25.00,9.00,6.00,26.00,14.00,55.00,10.04,9.50,29.45,20.50,69.49,20.00,361.69,34.40,36.75,452.84,23.35,22.30,16.75,37.80,100.20,26.00,25.00,14.40,24.05,89.45,22.00,18.95,6.08,7.69,54.72,11.85,4.25,3.00,4.00,23.10,1.94,1.65,2.04,2.00,7.63,2.56,2.06,1.49,1.44,7.55,2.02,1.28,1.14,1.06,5.50,1.04,1.10,1.40,1.14,4.68,0.94,1.04,1.38,1.57,4.93,0.96,1.08,1.19,1.24,4.47,1.47,0.86,0.48,1.39,4.20,1.68,0.88,0.50,3.87,6.93,1.65,5.52,2.91,4.62,14.70,6.87,2.11,1.65,4.71,15.34,3.85,2.17,2.05,2.31,10.38,1.22,0.44,3.84,0.58,6.08,0.94,2.13,3.43,0.98,7.48,1.04,0.93,0.53,0.42,2.93,1.11,0.96,2.45,2.30,6.82,0.49,0.06,0.07,0.39,1.02,0.22,..,..,..,..
....Southern Leyte,..Aquaculture,..,..,..,..,88.00,..,..,..,..,88.00,..,..,..,..,67.00,..,..,..,..,43.00,..,..,..,..,50.00,..,..,..,..,56.00,..,..,..,..,50.00,..,..,..,..,61.00,..,..,..,..,116.00,..,..,..,..,121.00,..,..,..,..,132.00,..,..,..,..,130.00,..,..,..,..,147.00,45.00,5.00,113.00,29.00,192.00,13.00,16.00,20.00,9.00,58.00,9.00,3.00,16.00,21.00,49.00,14.00,6.00,21.00,25.00,66.00,11.00,7.00,18.00,11.00,47.00,11.00,5.00,18.00,11.00,45.00,13.00,11.00,22.00,14.00,60.00,14.00,15.00,20.00,16.00,65.00,15.00,14.00,30.00,31.00,90.00,19.00,21.00,27.00,47.00,114.00,40.00,19.10,31.00,47.76,137.86,46.00,20.60,28.80,1086.02,1181.42,49.00,29.00,31.00,579.40,688.40,68.08,190.75,31.50,579.50,869.83,78.20,268.13,55.40,592.82,994.54,74.00,274.10,60.20,964.13,1372.44,112.22,244.72,56.50,924.90,1338.34,223.62,62.74,49.80,1118.95,1455.12,144.85,55.00,38.65,76.37,314.87,55.78,45.10,33.15,35.43,169.46,26.26,27.93,16.83,15.77,86.79,12.73,13.03,10.24,8.88,44.87,11.28,11.72,10.58,9.04,42.62,9.79,12.34,15.16,13.70,50.99,25.76,29.92,12.84,17.57,86.09,17.08,15.75,37.81,20.51,91.15,10.35,20.99,47.16,27.48,105.99,6.82,21.74,49.00,23.89,101.45,8.09,24.18,33.41,25.45,91.13,2.84,11.72,40.39,15.38,70.33,9.87,7.31,30.67,9.87,57.73,4.58,39.03,14.23,10.95,68.79,9.52,8.88,14.62,14.85,47.88,10.47,..,..,..,..
..Region IX (Zamboanga Peninsula),FISHERIES,..,..,..,..,159064.00,..,..,..,..,162831.00,..,..,..,..,189564.00,..,..,..,..,216545.00,..,..,..,..,228340.00,..,..,..,..,239472.00,..,..,..,..,234545.00,..,..,..,..,259369.00,..,..,..,..,283478.00,..,..,..,..,295568.00,..,..,..,..,353275.55,..,..,..,..,328115.31,..,..,..,..,377502.00,82218.00,84254.00,78228.00,100042.00,344742.00,75524.00,94691.00,94441.00,103434.00,368090.00,111611.00,122978.00,85204.00,95253.00,415046.00,108962.00,122512.00,76575.00,88234.00,396283.00,105670.00,140893.00,73187.00,72776.00,392526.00,112540.00,137080.00,89366.00,70764.00,409750.00,108248.00,127325.00,81416.00,88192.00,405181.00,104226.00,126988.00,95177.00,80829.00,407220.00,92807.00,121657.00,97861.00,85758.00,398083.00,100274.90,139927.28,109636.00,91631.78,441469.96,101647.80,142273.92,108494.60,106353.71,458770.03,142147.97,143508.90,117598.31,112269.86,515525.04,174415.09,161631.10,130458.82,108057.28,574562.29,141784.05,166911.23,147325.34,115195.22,571215.84,159591.10,159297.17,165577.34,128056.99,612522.59,172491.21,152930.55,167492.24,151472.31,644386.31,175387.40,226271.26,164727.77,165454.78,731841.21,186655.01,212922.55,185365.85,172272.79,757216.20,172666.31,179319.53,143897.91,123673.24,619556.99,158511.45,188402.14,141339.08,110412.15,598664.82,161150.78,166310.23,137112.84,110010.86,574584.71,145161.14,165806.03,145774.28,117622.98,574364.44,133997.64,171878.27,161588.23,115939.61,583403.76,138007.08,147434.70,161660.68,108264.65,555367.11,126575.07,143280.52,141779.71,103088.94,514724.24,129792.62,148566.25,147410.45,105262.98,531032.30,131117.75,155486.43,150338.67,111708.87,548651.71,141654.36,168549.11,161452.21,113470.85,585126.52,134621.02,164713.98,160891.65,111883.63,572110.29,123267.38,150395.35,144845.47,109859.60,528367.80,114962.47,149545.92,139455.07,101355.49,505318.94,88409.26,120150.28,117822.20,87298.36,413680.10,89025.00,101097.87,105071.52,77354.13,372548.52,160667.59,..,..,..,..
..Region IX (Zamboanga Peninsula),..Commercial Fisheries,..,..,..,..,38354.00,..,..,..,..,50300.00,..,..,..,..,61212.00,..,..,..,..,53384.00,..,..,..,..,55662.00,..,..,..,..,60197.00,..,..,..,..,62473.00,..,..,..,..,67566.00,..,..,..,..,70445.00,..,..,..,..,71670.00,..,..,..,..,91891.00,..,..,..,..,105856.00,..,..,..,..,140215.00,25616.00,22743.00,36448.00,48110.00,132917.00,22974.00,24842.00,37626.00,37584.00,123026.00,33214.00,38720.00,44235.00,41578.00,157747.00,34116.00,39732.00,39802.00,47150.00,160800.00,35170.00,56086.00,41090.00,37194.00,169540.00,36119.00,40523.00,56430.00,41787.00,174859.00,33908.00,42560.00,31362.00,39595.00,147425.00,32476.00,45398.00,39831.00,34556.00,152261.00,31992.00,43161.00,42448.00,38407.00,156008.00,36451.00,61152.00,54223.00,44487.00,196313.00,40270.00,56218.00,56685.00,58780.00,211953.00,39888.23,57537.30,55870.25,65311.36,218607.14,74517.98,70878.01,66511.25,45123.87,257031.11,44822.20,75734.38,66620.07,43147.49,230324.14,58538.73,78466.71,83862.79,50529.41,271397.64,68143.93,70767.13,75854.32,62464.66,277230.04,72275.40,141423.22,79486.75,63939.33,357124.70,63307.69,124925.72,84228.36,67289.20,339750.97,41597.92,80968.78,55131.67,36738.08,214436.45,25581.60,84314.36,56868.81,42724.50,209489.27,45107.79,75582.86,50332.42,36993.95,208017.02,34209.49,79320.93,66599.95,48922.34,229052.71,29773.34,84473.61,75296.57,48505.91,238049.43,30520.33,66529.55,82033.31,43452.38,222535.57,28476.88,65787.60,64358.50,40225.97,198848.95,31310.46,68035.66,66528.94,40923.32,206798.38,33789.36,73065.30,66649.03,44401.11,217904.80,35162.64,82382.82,74914.82,47401.00,239861.28,34558.66,77955.25,76226.28,45030.46,233770.65,36383.56,74701.73,72058.60,41970.07,225113.96,34589.90,69849.17,69804.97,41318.71,215562.75,32482.55,67708.73,60138.41,39511.83,199841.53,32991.23,61471.18,59172.28,38118.40,191753.08,48630.08,..,..,..,..
..Region IX (Zamboanga Peninsula),..Municipal Fisheries,..,..,..,..,83135.00,..,..,..,..,78919.00,..,..,..,..,101417.00,..,..,..,..,144757.00,..,..,..,..,148289.00,..,..,..,..,149226.00,..,..,..,..,140771.00,..,..,..,..,143122.00,..,..,..,..,158290.00,..,..,..,..,166076.00,..,..,..,..,204505.00,..,..,..,..,175518.00,..,..,..,..,196383.00,49553.00,54607.00,31225.00,42696.00,178081.00,43867.00,50218.00,33329.00,46621.00,174035.00,45177.00,48510.00,26797.00,38807.00,159291.00,38699.00,39855.00,22092.00,28615.00,129261.00,35666.00,40822.00,21010.00,23643.00,121141.00,30370.00,41295.00,18856.00,16307.00,106828.00,32372.00,36392.00,22854.00,17939.00,109557.00,30799.00,35021.00,29601.00,19868.00,115289.00,31731.00,36945.00,32922.00,19325.00,120923.00,31515.00,36057.00,30885.00,21983.00,120440.00,32301.00,40148.00,30919.00,22450.00,125818.00,32949.64,33337.59,34073.68,22255.63,122616.54,37520.84,34593.89,25379.24,22071.66,119565.63,31713.33,33210.36,22227.42,22708.37,109859.48,36155.28,34250.81,24586.59,24587.40,119580.08,34130.26,36140.46,28239.90,27664.36,126174.98,34924.28,35133.16,28682.51,28343.02,127082.97,36579.13,33598.53,30900.85,34988.30,136066.81,33840.45,32484.48,31019.15,31693.79,129037.87,30852.15,31848.96,31197.47,29256.70,123155.28,35133.59,34344.10,30504.50,29046.34,129028.53,30318.80,34049.61,31638.48,26401.14,122408.03,32494.54,34190.49,31859.98,26737.10,125282.11,34999.48,34052.25,30514.34,25685.69,125251.76,31890.65,31968.36,30681.73,26263.17,120803.91,28912.76,32096.39,30331.06,25725.17,117065.38,30043.12,34047.78,32555.44,27090.77,123737.11,37028.90,35247.80,33946.04,27579.69,133802.43,35887.25,34926.63,33179.48,28647.45,132640.81,36621.36,32992.36,29233.25,25633.01,124479.98,33120.44,42806.81,30552.14,23005.36,129484.74,20831.89,27485.75,24634.82,15370.31,88322.77,20205.33,20297.53,18663.35,16579.61,75745.81,26936.62,..,..,..,..
..Region IX (Zamboanga Peninsula),....Marine Municipal Fisheries,..,..,..,..,83010.00,..,..,..,..,78815.00,..,..,..,..,101316.00,..,..,..,..,144606.00,..,..,..,..,147249.00,..,..,..,..,148311.00,..,..,..,..,139564.00,..,..,..,..,142068.00,..,..,..,..,157175.00,..,..,..,..,164928.00,..,..,..,..,203041.00,..,..,..,..,173865.00,..,..,..,..,194754.00,49407.00,54461.00,31195.00,42675.00,177738.00,43796.00,50156.00,33252.00,46565.00,173769.00,45126.00,48458.00,26577.00,38557.00,158718.00,38652.00,39804.00,21909.00,28395.00,128760.00,35620.00,40767.00,20930.00,23568.00,120885.00,30312.00,41243.00,18813.00,16274.00,106642.00,32299.00,36317.00,22795.00,17889.00,109300.00,30725.00,34945.00,29513.00,19797.00,114980.00,31654.00,36861.00,32827.00,19232.00,120574.00,31435.00,35957.00,30783.00,21868.00,120043.00,32203.00,40042.00,30800.00,22333.00,125378.00,32843.77,33223.17,33942.24,22123.18,122132.36,37389.40,34454.03,25236.50,21901.76,118981.69,31566.83,33054.23,22063.64,22516.27,109200.97,35985.73,34077.16,24412.71,24375.90,118851.50,33935.65,35949.85,28066.80,27442.86,125395.16,34716.35,34816.98,28396.33,28058.28,125987.94,36308.69,33311.72,30626.00,34746.58,134992.99,33576.96,32235.02,30849.05,31449.93,128110.96,30606.78,31617.96,30990.16,29021.47,122236.37,34894.07,34099.47,30297.77,28804.26,128095.57,30093.63,33819.82,31418.11,26175.49,121507.05,32285.43,33966.08,31630.32,26497.80,124379.63,34803.32,33827.74,30213.37,25430.78,124275.21,31664.67,31740.36,30377.16,25989.49,119771.68,28655.79,31863.02,30148.40,25456.15,116123.36,29875.70,33820.27,32289.65,26426.65,122412.27,36885.04,34892.66,33442.53,26912.61,132132.84,35807.19,34784.13,33035.71,28446.44,132073.47,36450.32,32654.81,28892.16,25287.29,123284.58,32603.77,42564.40,30225.81,22730.48,128124.46,20610.69,27342.97,24470.49,15208.20,87632.35,20081.85,20203.37,18567.55,16433.28,75286.05,26876.75,..,..,..,..
..Region IX (Zamboanga Peninsula),....Inland Municipal Fisheries,..,..,..,..,125.00,..,..,..,..,104.00,..,..,..,..,101.00,..,..,..,..,151.00,..,..,..,..,1040.00,..,..,..,..,915.00,..,..,..,..,1207.00,..,..,..,..,1054.00,..,..,..,..,1115.00,..,..,..,..,1148.00,..,..,..,..,1464.00,..,..,..,..,1653.00,..,..,..,..,1629.00,146.00,146.00,30.00,21.00,343.00,71.00,62.00,77.00,56.00,266.00,51.00,52.00,220.00,250.00,573.00,47.00,51.00,183.00,220.00,501.00,46.00,55.00,80.00,75.00,256.00,58.00,52.00,43.00,33.00,186.00,73.00,75.00,59.00,50.00,257.00,74.00,76.00,88.00,71.00,309.00,77.00,84.00,95.00,93.00,349.00,80.00,100.00,102.00,115.00,397.00,98.00,106.00,119.00,117.00,440.00,105.87,114.42,131.44,132.45,484.18,131.44,139.86,142.74,169.90,583.94,146.50,156.13,163.78,192.10,658.51,169.55,173.65,173.88,211.50,728.58,194.61,190.61,173.10,221.50,779.82,207.93,316.18,286.18,284.74,1095.03,270.44,286.81,274.85,241.72,1073.82,263.49,249.46,170.10,243.86,926.91,245.37,231.00,207.31,235.23,918.91,239.52,244.63,206.73,242.08,932.96,225.17,229.79,220.37,225.65,900.98,209.11,224.41,229.66,239.30,902.48,196.16,224.51,300.97,254.91,976.55,225.98,228.00,304.57,273.68,1032.23,256.97,233.37,182.66,269.02,942.02,167.42,227.51,265.79,664.12,1324.84,143.86,355.14,503.51,667.08,1669.59,80.06,142.50,143.77,201.01,567.34,171.04,337.55,341.10,345.72,1195.41,516.67,242.41,326.32,274.87,1360.27,221.20,142.78,164.33,162.11,690.42,123.47,94.16,95.80,146.33,459.76,59.87,..,..,..,..
..Region IX (Zamboanga Peninsula),..Aquaculture,..,..,..,..,37575.00,..,..,..,..,33612.00,..,..,..,..,26935.00,..,..,..,..,18404.00,..,..,..,..,24389.00,..,..,..,..,30049.00,..,..,..,..,31301.00,..,..,..,..,48681.00,..,..,..,..,54743.00,..,..,..,..,57822.00,..,..,..,..,56879.55,..,..,..,..,46741.31,..,..,..,..,40904.00,7049.00,6904.00,10555.00,9236.00,33744.00,8683.00,19631.00,23486.00,19229.00,71029.00,33220.00,35748.00,14172.00,14868.00,98008.00,36147.00,42925.00,14681.00,12469.00,106222.00,34834.00,43985.00,11087.00,11939.00,101845.00,46051.00,55262.00,14080.00,12670.00,128063.00,41968.00,48373.00,27200.00,30658.00,148199.00,40951.00,46569.00,25745.00,26405.00,139670.00,29084.00,41551.00,22491.00,28026.00,121152.00,32308.90,42718.28,24528.00,25161.78,124716.96,29076.80,45907.92,20890.60,25123.71,120999.03,69310.10,52634.01,27654.38,24702.87,174301.36,62376.27,56159.20,38568.33,40861.75,197965.55,65248.52,57966.49,58477.85,49339.36,231032.22,64897.09,46579.65,57127.96,52940.18,221544.87,70217.02,46022.96,63398.02,61343.29,240981.29,68187.72,49714.88,56558.51,73172.43,247633.54,86768.19,54398.30,70236.64,69995.29,281398.42,97227.94,65866.27,57747.09,55241.37,276082.66,102077.70,72238.82,53272.80,38430.95,266020.27,80909.40,56383.27,56275.92,43970.57,237539.16,80632.85,52435.49,47535.85,42299.50,222903.70,71729.76,53214.17,54431.68,40696.60,220072.22,72487.27,46852.90,49113.03,39126.58,207579.78,66207.54,45524.56,46739.48,36599.80,195071.38,69569.40,48434.20,50550.45,38614.49,207168.54,67285.27,48373.35,51134.20,40216.99,207009.80,69462.82,50918.49,52591.35,38490.16,211462.81,64175.11,51832.10,51485.89,38205.72,205698.83,50262.46,42701.26,43553.61,42256.53,178773.85,47252.13,36889.94,39097.96,37031.43,160271.46,35094.81,24955.80,33048.97,32416.21,125515.80,35828.45,19329.16,27235.90,22656.11,105049.62,85100.89,..,..,..,..
....Sulu,FISHERIES,.,.,.,.,.,.,.,.,.,.,.,.,.,.,.,.,.,.,.,.,.,.,.,.,.,.,.,.,.,.,.,.,.,.,.,.,.,.,.,.,.,.,.,.,.,.,.,.,.,.,.,.,.,.,.,.,.,.,.,.,.,.,.,.,.,.,.,.,.,.,.,.,.,.,.,.,.,.,.,.,.,.,.,.,.,.,.,.,.,.,.,.,.,.,.,.,.,.,.,.,.,.,.,.,.,.,.,.,.,.,.,.,.,.,.,.,.,.,.,.,.,.,.,.,.,.,.,.,.,.,.,.,.,.,.,.,.,.,.,.,.,.,.,.,.,.,.,.,.,.,.,.,.,.,.,.,.,.,.,.,.,.,.,.,.,.,.,.,.,.,.,.,.,.,.,.,.,.,.,.,.,.,.,.,.,.,.,.,.,.,.,.,.,.,.,.,.,.,.,.,.,.,.,.,.,.,.,.,.,.,.,.,.,.,.,.,.,.,.,.,.,.,.,.,.,.,.,.,.,.,84833.23,..,..,..,..
....Sulu,..Commercial Fisheries,.,.,.,.,.,.,.,.,.,.,.,.,.,.,.,.,.,.,.,.,.,.,.,.,.,.,.,.,.,.,.,.,.,.,.,.,.,.,.,.,.,.,.,.,.,.,.,.,.,.,.,.,.,.,.,.,.,.,.,.,.,.,.,.,.,.,.,.,.,.,.,.,.,.,.,.,.,.,.,.,.,.,.,.,.,.,.,.,.,.,.,.,.,.,.,.,.,.,.,.,.,.,.,.,.,.,.,.,.,.,.,.,.,.,.,.,.,.,.,.,.,.,.,.,.,.,.,.,.,.,.,.,.,.,.,.,.,.,.,.,.,.,.,.,.,.,.,.,.,.,.,.,.,.,.,.,.,.,.,.,.,.,.,.,.,.,.,.,.,.,.,.,.,.,.,.,.,.,.,.,.,.,.,.,.,.,.,.,.,.,.,.,.,.,.,.,.,.,.,.,.,.,.,.,.,.,.,.,.,.,.,.,.,.,.,.,.,.,.,.,.,.,.,.,.,.,.,.,.,.,11308.36,..,..,..,..
....Sulu,..Municipal Fisheries,.,.,.,.,.,.,.,.,.,.,.,.,.,.,.,.,.,.,.,.,.,.,.,.,.,.,.,.,.,.,.,.,.,.,.,.,.,.,.,.,.,.,.,.,.,.,.,.,.,.,.,.,.,.,.,.,.,.,.,.,.,.,.,.,.,.,.,.,.,.,.,.,.,.,.,.,.,.,.,.,.,.,.,.,.,.,.,.,.,.,.,.,.,.,.,.,.,.,.,.,.,.,.,.,.,.,.,.,.,.,.,.,.,.,.,.,.,.,.,.,.,.,.,.,.,.,.,.,.,.,.,.,.,.,.,.,.,.,.,.,.,.,.,.,.,.,.,.,.,.,.,.,.,.,.,.,.,.,.,.,.,.,.,.,.,.,.,.,.,.,.,.,.,.,.,.,.,.,.,.,.,.,.,.,.,.,.,.,.,.,.,.,.,.,.,.,.,.,.,.,.,.,.,.,.,.,.,.,.,.,.,.,.,.,.,.,.,.,.,.,.,.,.,.,.,.,.,.,.,.,9687.45,..,..,..,..
....Sulu,....Marine Municipal Fisheries,.,.,.,.,.,.,.,.,.,.,.,.,.,.,.,.,.,.,.,.,.,.,.,.,.,.,.,.,.,.,.,.,.,.,.,.,.,.,.,.,.,.,.,.,.,.,.,.,.,.,.,.,.,.,.,.,.,.,.,.,.,.,.,.,.,.,.,.,.,.,.,.,.,.,.,.,.,.,.,.,.,.,.,.,.,.,.,.,.,.,.,.,.,.,.,.,.,.,.,.,.,.,.,.,.,.,.,.,.,.,.,.,.,.,.,.,.,.,.,.,.,.,.,.,.,.,.,.,.,.,.,.,.,.,.,.,.,.,.,.,.,.,.,.,.,.,.,.,.,.,.,.,.,.,.,.,.,.,.,.,.,.,.,.,.,.,.,.,.,.,.,.,.,.,.,.,.,.,.,.,.,.,.,.,.,.,.,.,.,.,.,.,.,.,.,.,.,.,.,.,.,.,.,.,.,.,.,.,.,.,.,.,.,.,.,.,.,.,.,.,.,.,.,.,.,.,.,.,.,.,9687.45,..,..,..,..
....Sulu,....Inland Municipal Fisheries,.,.,.,.,.,.,.,.,.,.,.,.,.,.,.,.,.,.,.,.,.,.,.,.,.,.,.,.,.,.,.,.,.,.,.,.,.,.,.,.,.,.,.,.,.,.,.,.,.,.,.,.,.,.,.,.,.,.,.,.,.,.,.,.,.,.,.,.,.,.,.,.,.,.,.,.,.,.,.,.,.,.,.,.,.,.,.,.,.,.,.,.,.,.,.,.,.,.,.,.,.,.,.,.,.,.,.,.,.,.,.,.,.,.,.,.,.,.,.,.,.,.,.,.,.,.,.,.,.,.,.,.,.,.,.,.,.,.,.,.,.,.,.,.,.,.,.,.,.,.,.,.,.,.,.,.,.,.,.,.,.,.,.,.,.,.,.,.,.,.,.,.,.,.,.,.,.,.,.,.,.,.,.,.,.,.,.,.,.,.,.,.,.,.,.,.,.,.,.,.,.,.,.,.,.,.,.,.,.,.,.,.,.,.,.,.,.,.,.,.,.,.,.,.,.,.,.,.,.,.,.,..,..,..,..
....Sulu,..Aquaculture,.,.,.,.,.,.,.,.,.,.,.,.,.,.,.,.,.,.,.,.,.,.,.,.,.,.,.,.,.,.,.,.,.,.,.,.,.,.,.,.,.,.,.,.,.,.,.,.,.,.,.,.,.,.,.,.,.,.,.,.,.,.,.,.,.,.,.,.,.,.,.,.,.,.,.,.,.,.,.,.,.,.,.,.,.,.,.,.,.,.,.,.,.,.,.,.,.,.,.,.,.,.,.,.,.,.,.,.,.,.,.,.,.,.,.,.,.,.,.,.,.,.,.,.,.,.,.,.,.,.,.,.,.,.,.,.,.,.,.,.,.,.,.,.,.,.,.,.,.,.,.,.,.,.,.,.,.,.,.,.,.,.,.,.,.,.,.,.,.,.,.,.,.,.,.,.,.,.,.,.,.,.,.,.,.,.,.,.,.,.,.,.,.,.,.,.,.,.,.,.,.,.,.,.,.,.,.,.,.,.,.,.,.,.,.,.,.,.,.,.,.,.,.,.,.,.,.,.,.,.,63837.42,..,..,..,..
....Zamboanga del Norte,FISHERIES,..,..,..,..,23918.00,..,..,..,..,44395.00,..,..,..,..,49155.00,..,..,..,..,74593.00,..,..,..,..,76045.00,..,..,..,..,74383.00,..,..,..,..,74665.00,..,..,..,..,93324.00,..,..,..,..,137291.00,..,..,..,..,140051.00,..,..,..,..,139332.75,..,..,..,..,125530.36,..,..,..,..,126332.00,30405.00,32338.00,24697.00,41153.00,128593.00,28690.00,31811.00,26367.00,29367.00,116235.00,29909.00,31107.00,21254.00,25071.00,107341.00,25308.00,25041.00,19156.00,22499.00,92004.00,22047.00,26488.00,15224.00,20681.00,84440.00,23599.00,36167.00,10573.00,11490.00,81829.00,28877.00,29667.00,14895.00,12735.00,86174.00,27454.00,31743.00,22206.00,16034.00,97437.00,26400.00,36274.00,22137.00,13241.00,98052.00,31001.00,39112.40,19571.00,11326.00,101010.40,30480.00,47285.20,19487.80,12799.10,110052.10,47987.21,41180.54,24109.49,10993.85,124271.09,49606.63,41794.92,16037.64,10348.29,117787.48,43898.89,23465.47,14184.55,11862.40,93411.31,45352.64,22081.57,15096.62,10912.34,93443.17,25160.67,17102.17,12367.12,12613.91,67243.88,28035.60,12930.73,12204.07,11040.14,64210.53,57514.65,14365.30,11799.99,11344.44,95024.37,53420.59,15539.07,11283.12,10851.33,91094.11,53827.92,19204.49,11822.24,10750.11,95604.76,52684.69,21878.17,12720.70,10248.11,97531.67,50157.20,23678.02,12380.74,9655.54,95871.49,46824.13,25377.30,12356.51,10130.58,94688.52,53884.27,28536.53,13374.12,9898.21,105693.13,49070.13,27453.41,14193.66,11523.46,102240.66,44838.01,26111.29,14817.46,11701.56,97468.32,40349.86,24913.23,15977.04,12189.20,93429.33,47041.71,25209.51,16701.59,12151.74,101104.54,39060.42,24441.66,16956.67,12653.10,93111.85,24707.91,21261.38,16498.46,13080.60,75548.34,23643.99,32019.46,19163.79,10028.77,84856.01,16760.06,24784.66,16308.02,8247.13,66099.87,16188.42,15312.10,17199.37,10856.48,59556.37,23765.70,..,..,..,..
....Zamboanga del Norte,..Commercial Fisheries,..,..,..,..,1865.00,..,..,..,..,3067.00,..,..,..,..,1581.00,..,..,..,..,2322.00,..,..,..,..,1968.00,..,..,..,..,3589.00,..,..,..,..,4342.00,..,..,..,..,6702.00,..,..,..,..,8508.00,..,..,..,..,8641.00,..,..,..,..,13150.00,..,..,..,..,2066.00,..,..,..,..,2630.00,1348.00,637.00,4551.00,13496.00,20032.00,2110.00,1681.00,6387.00,2307.00,12485.00,3056.00,1258.00,6265.00,2837.00,13416.00,2671.00,1590.00,8192.00,6561.00,19014.00,2780.00,1578.00,6354.00,7719.00,18431.00,6213.00,2763.00,5210.00,6066.00,20252.00,6752.00,4879.00,5295.00,5965.00,22891.00,7021.00,6564.00,6417.00,6746.00,26748.00,7190.00,7093.00,5915.00,6526.00,26724.00,8746.00,8171.00,5013.00,5527.00,27457.00,7945.00,7312.00,5479.00,5850.00,26586.00,9411.00,6200.00,7270.00,5597.00,28478.00,12479.83,7870.00,4728.00,4659.19,29737.02,10242.50,7747.12,4601.89,5166.73,27758.24,9213.42,7604.45,5209.49,4803.76,26831.12,8240.49,6483.99,4442.00,5490.54,24657.02,8325.93,3120.23,4234.55,4420.94,20101.65,9280.65,3579.79,3808.96,4329.80,20999.20,8663.37,3441.38,3728.08,4129.83,19962.66,7866.28,3922.47,4074.22,4115.11,19978.08,9268.04,4443.49,4516.78,3753.10,21981.41,7978.59,4573.63,4385.26,3646.58,20584.06,8085.32,4708.30,4272.39,3824.41,20890.42,8623.68,5306.37,4966.71,3702.44,22599.20,8218.87,5317.74,5097.30,4013.43,22647.34,7988.06,5164.87,5294.44,4376.95,22824.32,8054.53,5560.65,5822.11,4428.82,23866.11,8391.30,5754.08,6051.42,4538.36,24735.16,8517.31,5901.23,6228.72,4676.00,25323.26,8257.94,5786.58,6442.14,4550.75,25037.41,8212.61,5697.96,6768.79,4297.57,24976.93,10651.76,11249.93,5741.37,4623.15,32266.21,9139.28,6200.70,10290.15,5136.56,30766.69,13408.75,..,..,..,..
....Zamboanga del Norte,..Municipal Fisheries,..,..,..,..,17724.00,..,..,..,..,37685.00,..,..,..,..,44633.00,..,..,..,..,70600.00,..,..,..,..,71753.00,..,..,..,..,68637.00,..,..,..,..,68231.00,..,..,..,..,83853.00,..,..,..,..,125511.00,..,..,..,..,128020.00,..,..,..,..,122848.00,..,..,..,..,120724.00,..,..,..,..,121304.00,28283.00,31491.00,19975.00,27493.00,107242.00,25955.00,29957.00,19835.00,26898.00,102645.00,26686.00,29701.00,14854.00,22015.00,93256.00,22482.00,23361.00,10788.00,15837.00,72468.00,19110.00,24811.00,8629.00,12670.00,65220.00,17224.00,27477.00,5177.00,5068.00,54946.00,18262.00,20289.00,9331.00,6361.00,54243.00,15291.00,17981.00,15479.00,8838.00,57589.00,16096.00,19341.00,15904.00,6194.00,57535.00,17632.00,18184.00,14211.00,5408.00,55435.00,18376.00,21525.00,13652.00,5583.00,59136.00,19102.71,14306.84,16554.29,5110.85,55074.69,22531.80,17721.02,11057.04,4702.75,56012.61,18232.39,15126.84,9250.16,6331.67,48941.06,19981.25,14046.97,9533.39,5734.73,49296.34,15957.60,10141.58,7497.81,6700.84,40297.83,16184.33,8059.19,7160.94,6002.96,37407.42,17863.52,8357.09,7500.87,6629.44,40350.92,15722.43,7883.85,7159.52,6295.67,37061.47,12457.61,8411.15,7363.75,6054.31,34286.82,14731.69,9798.16,7725.04,5885.69,38140.58,11236.09,9914.88,7410.47,5440.88,34002.32,11978.31,10852.34,7501.20,5665.00,35996.85,13313.16,12440.54,7718.19,5548.11,39020.00,12334.82,11522.74,8384.54,6821.91,39064.01,10675.81,11306.65,8768.01,6623.56,37374.03,10920.83,11960.35,9380.22,7012.78,39274.18,17560.54,12460.62,9826.50,6804.62,46652.28,16924.36,11590.20,9893.60,7103.66,45511.82,16089.57,10996.00,9527.67,8002.98,44616.22,15100.91,26212.59,12091.36,5545.99,58950.85,5961.76,13434.53,9730.10,3189.28,32315.68,6632.63,8962.25,6731.25,5263.92,27590.06,9765.43,..,..,..,..
....Zamboanga del Norte,....Marine Municipal Fisheries,..,..,..,..,17683.00,..,..,..,..,37625.00,..,..,..,..,44590.00,..,..,..,..,70538.00,..,..,..,..,71669.00,..,..,..,..,68572.00,..,..,..,..,68119.00,..,..,..,..,83766.00,..,..,..,..,125419.00,..,..,..,..,127927.00,..,..,..,..,122735.00,..,..,..,..,120586.00,..,..,..,..,121168.00,28283.00,31491.00,19975.00,27493.00,107242.00,25955.00,29957.00,19835.00,26898.00,102645.00,26686.00,29701.00,14854.00,22015.00,93256.00,22482.00,23361.00,10788.00,15837.00,72468.00,19110.00,24811.00,8629.00,12670.00,65220.00,17224.00,27477.00,5177.00,5068.00,54946.00,18250.00,20274.00,9319.00,6347.00,54190.00,15276.00,17961.00,15463.00,8825.00,57525.00,16086.00,19327.00,15888.00,6178.00,57479.00,17627.00,18173.00,14200.00,5391.00,55391.00,18372.00,21518.00,13640.00,5575.00,59105.00,19098.96,14297.34,16541.00,5102.00,55039.30,22519.21,17709.41,11048.00,4689.79,55966.41,18218.44,15110.68,9240.89,6314.14,48884.15,19969.00,14030.08,9519.70,5715.32,49234.10,15943.14,10126.22,7481.76,6682.49,40233.61,16170.48,8042.00,7144.46,5982.01,37338.95,17841.16,8334.01,7481.08,6607.68,40263.93,15694.89,7857.19,7138.64,6272.00,36962.72,12426.90,8385.21,7337.26,6023.55,34172.92,14702.02,9771.34,7702.31,5854.50,38030.17,11205.80,9890.28,7385.64,5414.36,33896.08,11953.65,10828.56,7476.63,5640.07,35898.91,13290.50,12416.22,7690.84,5520.71,38918.27,12312.86,11496.05,8354.38,6793.65,38956.94,10652.83,11275.31,8740.56,6588.37,37257.07,10896.86,11928.22,9353.73,6973.98,39152.79,17535.17,12423.13,9797.47,6764.06,46519.83,16916.32,11583.26,9863.57,7064.60,45427.75,16068.24,10985.96,9511.33,7969.99,44535.51,15082.47,26188.22,12074.82,5527.34,58872.85,5959.55,13426.17,9721.40,3178.89,32286.02,6629.72,8961.10,6728.87,5261.82,27581.51,9760.11,..,..,..,..
....Zamboanga del Norte,....Inland Municipal Fisheries,..,..,..,..,41.00,..,..,..,..,60.00,..,..,..,..,43.00,..,..,..,..,62.00,..,..,..,..,84.00,..,..,..,..,65.00,..,..,..,..,112.00,..,..,..,..,87.00,..,..,..,..,92.00,..,..,..,..,93.00,..,..,..,..,113.00,..,..,..,..,138.00,..,..,..,..,136.00,..,..,..,..,..,..,..,..,..,..,..,..,..,..,..,..,..,..,..,..,..,..,..,..,..,..,..,..,..,..,12.00,15.00,12.00,14.00,53.00,15.00,20.00,16.00,13.00,64.00,10.00,14.00,16.00,16.00,56.00,5.00,11.00,11.00,17.00,44.00,4.00,7.00,12.00,8.00,31.00,3.75,9.50,13.29,8.85,35.39,12.59,11.61,9.04,12.96,46.20,13.95,16.16,9.27,17.53,56.91,12.25,16.89,13.69,19.41,62.24,14.46,15.36,16.05,18.35,64.22,13.85,17.19,16.48,20.95,68.47,22.36,23.08,19.79,21.76,86.99,27.54,26.66,20.88,23.67,98.75,30.71,25.94,26.49,30.76,113.90,29.67,26.82,22.73,31.19,110.41,30.29,24.60,24.83,26.52,106.24,24.66,23.78,24.57,24.93,97.94,22.66,24.32,27.35,27.40,101.73,21.96,26.69,30.16,28.26,107.07,22.98,31.34,27.45,35.19,116.96,23.97,32.13,26.49,38.80,121.39,25.37,37.49,29.03,40.56,132.45,8.04,6.94,30.03,39.06,84.07,21.33,10.05,16.34,32.99,80.71,18.45,24.37,16.54,18.64,78.01,2.21,8.36,8.70,10.39,29.66,2.91,1.15,2.38,2.10,8.55,5.32,..,..,..,..
....Zamboanga del Norte,..Aquaculture,..,..,..,..,4329.00,..,..,..,..,3643.00,..,..,..,..,2941.00,..,..,..,..,1671.00,..,..,..,..,2324.00,..,..,..,..,2157.00,..,..,..,..,2092.00,..,..,..,..,2769.00,..,..,..,..,3272.00,..,..,..,..,3390.00,..,..,..,..,3334.75,..,..,..,..,2740.36,..,..,..,..,2398.00,774.00,210.00,171.00,164.00,1319.00,625.00,173.00,145.00,162.00,1105.00,167.00,148.00,135.00,219.00,669.00,155.00,90.00,176.00,101.00,522.00,157.00,99.00,241.00,292.00,789.00,162.00,5927.00,186.00,356.00,6631.00,3863.00,4499.00,269.00,409.00,9040.00,5142.00,7198.00,310.00,450.00,13100.00,3114.00,9840.00,318.00,521.00,13793.00,4623.00,12757.40,347.00,391.00,18118.40,4159.00,18448.20,356.80,1366.10,24330.10,19473.50,20673.70,285.20,286.00,40718.40,14595.00,16203.90,252.60,986.35,32037.85,15424.00,591.51,332.50,364.00,16712.01,16157.97,430.15,353.74,373.85,17315.71,962.58,476.60,427.31,422.53,2289.03,3525.34,1751.31,808.58,616.24,6701.46,30370.48,2428.42,490.16,385.20,33674.25,29034.79,4213.84,395.52,425.83,34069.98,33504.03,6870.87,384.27,580.69,41339.86,28684.96,7636.52,478.88,609.32,37409.68,30942.52,9189.51,585.01,568.08,41285.11,26760.50,9816.66,582.92,641.17,37801.25,31947.43,10789.62,689.22,647.66,44073.93,28516.44,10612.93,711.82,688.12,40529.31,26174.14,9639.77,755.01,701.05,37269.97,21374.50,7392.23,774.71,747.60,30289.04,21089.87,6994.81,823.67,808.76,29717.10,13618.75,6950.23,834.35,873.44,22276.77,360.40,4478.80,528.64,526.87,5894.71,330.47,108.91,303.63,185.21,928.22,146.54,100.19,836.54,434.70,1517.97,416.51,149.14,177.97,456.00,1199.62,591.53,..,..,..,..
....Zamboanga del Sur,FISHERIES,..,..,..,..,135146.00,..,..,..,..,118436.00,..,..,..,..,140409.00,..,..,..,..,141952.00,..,..,..,..,152295.00,..,..,..,..,165089.00,..,..,..,..,159880.00,..,..,..,..,166045.00,..,..,..,..,146187.00,..,..,..,..,155517.00,..,..,..,..,213942.80,..,..,..,..,202584.95,..,..,..,..,251170.00,22991.00,15839.00,23056.00,30795.00,92681.00,24162.00,20840.00,27066.00,25673.00,97741.00,20547.00,20653.00,20228.00,26485.00,87913.00,21504.00,19716.00,20291.00,25817.00,87328.00,21832.00,34567.00,20880.00,22938.00,100217.00,19297.00,18551.00,24647.00,22555.00,85050.00,24833.00,26624.00,27470.00,27511.00,106438.00,28299.00,26422.00,27338.00,26461.00,108520.00,22839.00,28583.00,27721.00,27282.00,106425.00,13925.00,21029.00,17533.00,20249.00,72736.00,14358.00,22759.12,19154.00,23059.00,79330.12,35747.76,23246.52,21092.82,23918.49,104005.59,32055.58,34818.47,33974.25,36010.25,136858.55,32526.17,34148.06,27758.86,35982.03,130415.11,36488.93,34715.17,27618.46,35047.04,133869.60,36508.32,36092.55,25798.55,31078.60,129478.01,31587.77,36184.02,27153.00,31192.38,126117.17,25895.92,33254.37,29223.83,26577.85,114951.97,21458.75,26943.09,23898.76,26661.82,98962.42,23026.34,24462.53,24115.00,22321.30,93925.17,22949.98,22590.32,22416.99,22860.62,90817.91,21309.49,22322.41,24021.80,24691.06,92344.76,22175.81,20497.97,23767.62,24730.25,91171.65,22122.07,18493.90,19452.01,22856.65,82924.62,20580.91,18792.95,19901.13,19796.29,79071.28,17917.83,19704.88,19893.03,19449.18,76964.93,18163.33,22244.07,19001.77,20252.64,79661.81,18345.00,22586.82,18374.11,19013.31,78319.25,17690.49,22747.25,17744.29,17941.98,76124.02,33794.01,103431.20,100212.75,72343.13,309781.09,62504.40,96527.76,97106.19,67153.71,323292.05,46681.48,75650.35,80843.47,60058.61,263233.91,8212.86,5843.33,9711.20,7913.92,31681.31,6699.09,..,..,..,..
....Zamboanga del Sur,..Commercial Fisheries,..,..,..,..,36489.00,..,..,..,..,47233.00,..,..,..,..,59631.00,..,..,..,..,51062.00,..,..,..,..,53694.00,..,..,..,..,56608.00,..,..,..,..,58131.00,..,..,..,..,60864.00,..,..,..,..,61937.00,..,..,..,..,63029.00,..,..,..,..,78741.00,..,..,..,..,103790.00,..,..,..,..,137585.00,7639.00,2506.00,11232.00,16474.00,37851.00,10132.00,5386.00,8942.00,7847.00,32307.00,5572.00,5443.00,7737.00,9132.00,27884.00,6357.00,5089.00,6768.00,10045.00,28259.00,6550.00,21421.00,5388.00,7550.00,40909.00,5810.00,5733.00,5305.00,6398.00,23246.00,5702.00,6721.00,6929.00,7176.00,26528.00,6084.00,5601.00,5438.00,6585.00,23708.00,5987.00,5960.00,7246.00,5266.00,24459.00,3592.00,3593.00,3031.00,4318.00,14534.00,3451.00,3738.00,3790.00,6424.00,17403.00,3328.11,3402.73,3526.45,6241.17,16498.46,5444.99,8155.78,6762.79,7370.24,27733.80,6193.32,8359.15,5942.51,7624.07,28119.05,6508.05,9355.13,5966.40,7283.54,29113.12,6956.43,11688.56,7978.40,7634.86,34258.25,6570.72,13348.11,9163.69,5363.35,34445.87,4693.20,11971.52,10340.62,7133.53,34138.87,5335.73,8511.20,9487.53,8288.02,31622.48,6157.59,7239.37,9697.40,7706.19,30800.55,6452.67,7856.59,9081.81,9109.34,32500.41,7477.58,8486.41,9565.88,9874.51,35404.38,7957.85,7572.03,8828.39,10338.36,34696.63,8897.15,7801.97,7270.86,9257.66,33227.64,7788.78,7965.54,7810.29,7940.70,31505.31,6483.68,8211.88,7099.06,7629.02,29423.64,6393.29,8554.54,5811.77,7759.14,28518.74,6250.80,7763.78,6026.54,7052.05,27093.17,5833.40,8218.72,5811.33,6321.55,26185.00,5581.52,67547.33,65054.77,36517.39,174701.01,25911.72,63492.21,62801.36,36581.56,188786.85,21325.59,56241.48,54235.47,34711.46,166514.01,2040.80,2053.91,3042.56,2549.29,9686.57,2246.03,..,..,..,..
....Zamboanga del Sur,..Municipal Fisheries,..,..,..,..,65411.00,..,..,..,..,41234.00,..,..,..,..,56784.00,..,..,..,..,74157.00,..,..,..,..,76536.00,..,..,..,..,80589.00,..,..,..,..,72540.00,..,..,..,..,59269.00,..,..,..,..,32779.00,..,..,..,..,38056.00,..,..,..,..,81657.00,..,..,..,..,54794.00,..,..,..,..,75079.00,12483.00,10452.00,6745.00,9611.00,39291.00,11163.00,12619.00,8440.00,11894.00,44116.00,11515.00,12042.00,8623.00,10645.00,42825.00,10836.00,10645.00,8212.00,9783.00,39476.00,11046.00,9614.00,11018.00,9885.00,41563.00,7801.00,7722.00,11235.00,9753.00,36511.00,8609.00,9594.00,11184.00,10459.00,39846.00,10508.00,10198.00,10613.00,9856.00,41175.00,10235.00,10382.00,9777.00,8050.00,38444.00,4622.00,5000.00,5469.00,5923.00,21014.00,4775.00,5179.00,5630.00,6045.00,21629.00,4624.45,5305.79,5785.37,6262.75,21978.36,5198.36,4614.35,5447.47,6970.48,22230.66,4546.60,4836.53,4704.49,7934.04,22021.66,5667.00,4696.73,4811.39,7532.60,22707.72,5967.56,6116.66,4960.20,8017.66,25062.08,5770.99,6370.89,5880.73,8425.77,26448.38,5855.84,5812.21,6505.33,7503.84,25677.22,5427.20,5228.69,5772.87,6613.82,23042.58,5787.57,4589.35,6070.05,5764.78,22211.75,5970.09,5301.61,5572.87,6113.58,22958.15,6319.78,5627.22,5853.99,6510.89,24311.88,6548.19,5416.98,6053.73,6152.95,24171.85,7290.72,6225.78,5445.84,5980.61,24942.95,6190.79,6130.28,5182.59,5225.11,22728.77,5524.45,6560.05,4517.71,5086.94,21689.15,5781.95,7480.30,5234.51,5865.96,24362.72,5884.10,8099.37,5835.32,5532.95,25351.74,5758.44,8199.49,5593.08,5252.53,24803.54,5502.51,18122.75,17210.31,14927.25,55762.82,13590.85,13078.78,16054.23,14373.90,57097.76,11220.23,10291.24,12647.06,10200.65,44359.19,3799.96,3050.07,5915.63,5080.77,17846.43,4106.83,..,..,..,..
....Zamboanga del Sur,....Marine Municipal Fisheries,..,..,..,..,65327.00,..,..,..,..,41190.00,..,..,..,..,56726.00,..,..,..,..,74068.00,..,..,..,..,75580.00,..,..,..,..,79739.00,..,..,..,..,71445.00,..,..,..,..,58302.00,..,..,..,..,31756.00,..,..,..,..,37001.00,..,..,..,..,80306.00,..,..,..,..,53279.00,..,..,..,..,73586.00,12337.00,10306.00,6715.00,9590.00,38948.00,11092.00,12557.00,8363.00,11838.00,43850.00,11464.00,11990.00,8403.00,10395.00,42252.00,10789.00,10594.00,8029.00,9563.00,38975.00,11000.00,9559.00,10938.00,9810.00,41307.00,7743.00,7670.00,11192.00,9720.00,36325.00,8548.00,9534.00,11137.00,10423.00,39642.00,10449.00,10142.00,10541.00,9798.00,40930.00,10168.00,10312.00,9698.00,7973.00,38151.00,4547.00,4911.00,5378.00,5825.00,20661.00,4681.00,5080.00,5523.00,5936.00,21220.00,4523.45,5202.79,5670.37,6142.75,21539.36,5081.36,4488.35,5316.47,6816.48,21702.66,4416.60,4699.53,4552.49,7762.04,21430.66,5512.00,4544.73,4653.39,7342.60,22052.72,5789.56,5945.66,4805.20,7820.00,24360.42,5599.00,6093.00,5620.66,8167.41,25480.07,5617.06,5554.65,6257.00,7291.59,24720.30,5200.25,5019.16,5641.79,6418.23,22279.43,5592.83,4402.78,5899.85,5577.90,21473.36,5773.76,5104.34,5394.16,5921.97,22194.23,6136.05,5440.97,5663.03,6330.63,23570.68,6374.52,5241.73,5857.40,5970.95,23444.60,7123.98,6043.29,5253.39,5782.00,24202.66,6013.66,5941.83,4977.78,5002.68,21935.95,5408.51,6364.05,4372.67,4857.91,21003.14,5648.25,7305.07,5004.53,5250.90,23208.75,5770.53,7785.08,5375.70,4916.04,23847.35,5699.16,8114.25,5528.37,5174.51,24516.29,5393.21,17816.39,16896.30,14627.92,54733.82,13117.24,12877.44,15754.60,14129.32,55878.61,11006.51,10179.28,12498.07,10059.76,43743.62,3684.29,2966.63,5825.55,4975.26,17451.74,4063.96,..,..,..,..
....Zamboanga del Sur,....Inland Municipal Fisheries,..,..,..,..,84.00,..,..,..,..,44.00,..,..,..,..,58.00,..,..,..,..,89.00,..,..,..,..,956.00,..,..,..,..,850.00,..,..,..,..,1095.00,..,..,..,..,967.00,..,..,..,..,1023.00,..,..,..,..,1055.00,..,..,..,..,1351.00,..,..,..,..,1515.00,..,..,..,..,1493.00,146.00,146.00,30.00,21.00,343.00,71.00,62.00,77.00,56.00,266.00,51.00,52.00,220.00,250.00,573.00,47.00,51.00,183.00,220.00,501.00,46.00,55.00,80.00,75.00,256.00,58.00,52.00,43.00,33.00,186.00,61.00,60.00,47.00,36.00,204.00,59.00,56.00,72.00,58.00,245.00,67.00,70.00,79.00,77.00,293.00,75.00,89.00,91.00,98.00,353.00,94.00,99.00,107.00,109.00,409.00,101.00,103.00,115.00,120.00,439.00,117.00,126.00,131.00,154.00,528.00,130.00,137.00,152.00,172.00,591.00,155.00,152.00,158.00,190.00,655.00,178.00,171.00,155.00,197.66,701.66,171.99,277.89,260.07,258.36,968.31,238.78,257.56,248.33,212.25,956.92,226.95,209.53,131.08,195.59,763.15,194.74,186.57,170.20,186.88,738.39,196.33,197.27,178.71,191.61,763.92,183.73,186.25,190.96,180.26,741.20,173.67,175.25,196.33,182.00,727.25,166.74,182.49,192.45,198.61,740.29,177.13,188.45,204.81,222.43,792.82,115.94,196.00,145.04,229.03,686.01,133.70,175.23,229.98,615.06,1153.97,113.57,314.29,459.62,616.91,1504.39,59.28,85.24,64.71,78.02,287.25,109.30,306.36,314.01,299.33,1029.00,473.61,201.33,299.63,244.58,1219.16,213.73,111.96,148.99,140.88,615.56,115.67,83.44,90.08,105.50,394.69,42.88,..,..,..,..
....Zamboanga del Sur,..Aquaculture,..,..,..,..,33246.00,..,..,..,..,29969.00,..,..,..,..,23994.00,..,..,..,..,16733.00,..,..,..,..,22065.00,..,..,..,..,27892.00,..,..,..,..,29209.00,..,..,..,..,45912.00,..,..,..,..,51471.00,..,..,..,..,54432.00,..,..,..,..,53544.80,..,..,..,..,44000.95,..,..,..,..,38506.00,2869.00,2881.00,5079.00,4710.00,15539.00,2867.00,2835.00,9684.00,5932.00,21318.00,3460.00,3168.00,3868.00,6708.00,17204.00,4311.00,3982.00,5311.00,5989.00,19593.00,4236.00,3532.00,4474.00,5503.00,17745.00,5686.00,5096.00,8107.00,6404.00,25293.00,10522.00,10309.00,9357.00,9876.00,40064.00,11707.00,10623.00,11287.00,10020.00,43637.00,6617.00,12241.00,10698.00,13966.00,43522.00,5711.00,12436.00,9033.00,10008.00,37188.00,6132.00,13842.12,9734.00,10590.00,40298.12,27795.20,14538.00,11781.00,11414.57,65528.77,21412.23,22048.34,21763.99,21669.53,86894.09,21786.25,20952.38,17111.86,20423.92,80274.40,24313.88,20663.31,16840.67,20230.90,82048.76,23584.33,18287.33,12859.95,15426.08,70157.68,19246.06,16465.02,12108.58,17403.26,65222.92,15346.88,15470.64,12377.88,11940.48,55135.88,10695.82,13203.20,8638.36,11759.98,44297.36,11081.18,12633.81,8347.55,8850.33,40912.87,10527.22,9432.12,7762.31,7637.70,35359.35,7512.13,8208.78,8601.93,8305.66,32628.50,7669.77,7508.96,8885.50,8238.94,32303.17,5934.20,4466.15,6735.31,7618.38,24754.03,6601.34,4697.13,6908.25,6630.48,24837.20,5909.70,4932.95,8276.26,6733.22,25852.14,5988.09,6209.23,7955.49,6627.54,26780.35,6210.10,6723.67,6512.25,6428.31,25874.34,6098.65,6329.04,6339.88,6367.90,25135.48,22709.98,17761.12,17947.67,20898.49,79317.26,23001.83,19956.77,18250.60,16198.24,77407.44,14135.65,9117.62,13960.94,15146.50,52360.72,2372.10,739.35,753.01,283.86,4148.31,346.22,..,..,..,..
....Zamboanga Sibugay,FISHERIES,..,..,..,..,..,..,..,..,..,..,..,..,..,..,..,..,..,..,..,..,..,..,..,..,..,..,..,..,..,..,..,..,..,..,..,..,..,..,..,..,..,..,..,..,..,..,..,..,..,..,..,..,..,..,..,..,..,..,..,..,..,..,..,..,..,..,..,..,..,..,..,..,..,..,..,..,..,..,..,..,..,..,..,..,..,..,..,..,..,..,..,..,..,..,..,..,..,..,..,..,..,..,..,..,..,..,..,..,..,..,11099.90,11118.88,11657.00,11054.78,44930.56,11181.80,11196.30,11749.40,14500.01,48627.51,12563.57,12575.85,12944.17,15593.76,53677.35,13401.19,15456.50,14095.05,19034.88,61987.62,13179.46,33140.90,33784.42,28165.00,108269.78,12305.81,22026.98,31794.16,33150.75,99277.70,32176.12,24964.60,42098.46,42137.78,141376.97,28651.50,28750.62,35693.72,51499.03,144594.88,25598.72,33645.02,50000.36,60076.33,169320.43,40920.04,44264.80,40758.98,41491.33,167435.16,40843.82,47963.63,36303.32,26955.82,152066.59,26324.01,34553.82,41144.43,36359.27,138381.53,27950.21,29942.96,32166.59,31904.32,121964.07,26581.72,30286.72,37578.16,30001.46,124448.05,26394.64,27869.86,37625.38,28776.02,120665.90,23584.09,25397.30,34783.97,26485.62,110250.99,27228.17,27636.54,35751.99,27434.41,118051.12,28885.00,27692.26,37896.34,27635.25,122108.85,30536.78,29667.78,39877.27,26584.83,126666.66,30428.11,31699.70,38504.39,27391.18,128023.37,34753.93,25702.78,28134.26,24435.88,113026.84,28814.07,20998.70,23185.09,24173.02,97170.89,24967.72,19715.28,20670.71,18992.61,84346.32,25567.61,12720.82,18304.59,16528.01,73121.03,12251.02,..,..,..,..
....Zamboanga Sibugay,..Commercial Fisheries,..,..,..,..,..,..,..,..,..,..,..,..,..,..,..,..,..,..,..,..,..,..,..,..,..,..,..,..,..,..,..,..,..,..,..,..,..,..,..,..,..,..,..,..,..,..,..,..,..,..,..,..,..,..,..,..,..,..,..,..,..,..,..,..,..,..,..,..,..,..,..,..,..,..,..,..,..,..,..,..,..,..,..,..,..,..,..,..,..,..,..,..,..,..,..,..,..,..,..,..,..,..,..,..,..,..,..,..,..,..,1930.00,1960.00,2002.00,2006.00,7898.00,1960.00,1987.00,2008.00,4550.00,10505.00,2920.22,2822.74,2697.88,4634.54,13075.38,1464.90,4105.00,2045.68,3279.15,10894.73,1441.44,4112.29,2009.91,1730.46,9294.10,1135.62,3464.10,2055.57,1863.57,8518.86,1358.67,2902.23,2153.93,2896.73,9311.56,1250.07,3066.40,2216.61,2761.09,9294.17,1166.30,2896.75,2093.29,2768.75,8925.09,842.55,1794.45,841.91,898.43,4377.34,786.15,1425.03,880.89,882.27,3974.34,870.33,661.81,529.78,638.29,2700.21,744.59,446.39,694.77,611.38,2497.13,597.96,592.00,662.27,534.06,2386.29,503.36,922.88,600.90,611.40,2638.54,474.49,562.08,543.56,550.85,2130.98,394.44,604.72,464.30,416.67,1880.13,463.03,449.02,404.11,331.39,1647.55,405.75,474.97,455.87,297.12,1633.71,484.08,530.69,503.50,827.87,2346.14,781.21,1367.83,561.69,901.93,3612.65,465.58,659.00,234.82,439.57,1798.97,505.20,217.32,161.57,177.22,1061.31,799.80,227.62,271.88,392.87,1692.18,323.65,..,..,..,..
....Zamboanga Sibugay,..Municipal Fisheries,..,..,..,..,..,..,..,..,..,..,..,..,..,..,..,..,..,..,..,..,..,..,..,..,..,..,..,..,..,..,..,..,..,..,..,..,..,..,..,..,..,..,..,..,..,..,..,..,..,..,..,..,..,..,..,..,..,..,..,..,..,..,..,..,..,..,..,..,..,..,..,..,..,..,..,..,..,..,..,..,..,..,..,..,..,..,..,..,..,..,..,..,..,..,..,..,..,..,..,..,..,..,..,..,..,..,..,..,..,..,3767.00,3753.00,3759.00,3809.00,15088.00,3803.00,3780.00,3795.00,4551.00,15929.00,3830.95,3817.20,3840.41,4600.82,16089.38,4213.25,3652.04,3342.43,3934.66,15142.38,4199.75,3842.81,3120.02,2764.83,13927.41,5432.05,4647.50,4111.57,4225.14,18416.26,5950.31,4849.73,4782.29,5303.04,20885.37,5371.50,4866.99,5249.23,5766.37,21254.09,4880.72,5220.98,5352.10,12359.72,27813.52,4435.21,5921.87,6291.15,10759.13,27407.36,5205.51,6665.12,5364.65,8664.84,25900.12,6665.57,7158.29,5845.44,9228.17,28897.47,5779.12,6130.51,5929.90,6471.01,24310.54,6594.96,5238.25,5343.61,6537.46,23714.28,7968.43,4762.14,5147.00,5425.82,23303.39,6522.32,4339.15,5345.15,5274.49,21481.11,5342.89,3879.14,5013.01,4975.07,19210.11,5726.86,4013.97,5514.35,4995.40,20250.58,5614.37,3924.21,5456.08,5105.62,20100.28,4996.57,4374.62,4542.68,6426.70,20340.57,6780.64,3873.61,2495.28,2702.78,15852.30,4428.67,3515.44,2406.54,3085.47,13436.12,3649.90,3759.97,2257.66,1980.38,11647.91,4202.41,2788.64,2057.86,2777.15,11826.06,2209.46,..,..,..,..
....Zamboanga Sibugay,....Marine Municipal Fisheries,..,..,..,..,..,..,..,..,..,..,..,..,..,..,..,..,..,..,..,..,..,..,..,..,..,..,..,..,..,..,..,..,..,..,..,..,..,..,..,..,..,..,..,..,..,..,..,..,..,..,..,..,..,..,..,..,..,..,..,..,..,..,..,..,..,..,..,..,..,..,..,..,..,..,..,..,..,..,..,..,..,..,..,..,..,..,..,..,..,..,..,..,..,..,..,..,..,..,..,..,..,..,..,..,..,..,..,..,..,..,3767.00,3753.00,3759.00,3809.00,15088.00,3803.00,3780.00,3795.00,4551.00,15929.00,3829.83,3815.28,3837.26,4597.22,16079.59,4211.40,3649.79,3339.73,3931.72,15132.64,4197.20,3839.84,3117.51,2762.26,13916.81,5429.75,4642.74,4109.38,4223.05,18404.92,5948.16,4845.48,4780.24,5297.55,20871.43,5349.41,4845.89,5239.60,5760.94,21195.84,4871.42,5214.81,5345.37,12352.01,27783.61,4426.21,5908.60,6273.01,10734.53,27342.35,5185.59,6646.63,5354.03,8647.25,25833.50,6652.05,7137.75,5840.15,9208.89,28838.84,5767.97,6111.57,5925.32,6452.14,24257.00,6584.18,5212.87,5334.85,6505.09,23636.99,7961.67,4744.44,5065.83,5396.92,23168.86,6495.43,4326.29,5275.55,5251.50,21348.77,5224.84,3873.11,5002.84,4970.27,19071.06,5717.11,3993.82,5505.03,4985.14,20201.10,5609.45,3920.85,5441.22,5096.01,20067.53,4983.83,4324.30,4493.65,6342.77,20144.55,6740.23,3852.46,2484.53,2689.38,15766.60,4404.06,3498.74,2396.39,3073.82,13373.01,3644.63,3737.52,2251.02,1969.54,11602.70,4197.52,2779.06,2054.53,2738.43,11769.54,2197.79,..,..,..,..
....Zamboanga Sibugay,....Inland Municipal Fisheries,..,..,..,..,..,..,..,..,..,..,..,..,..,..,..,..,..,..,..,..,..,..,..,..,..,..,..,..,..,..,..,..,..,..,..,..,..,..,..,..,..,..,..,..,..,..,..,..,..,..,..,..,..,..,..,..,..,..,..,..,..,..,..,..,..,..,..,..,..,..,..,..,..,..,..,..,..,..,..,..,..,..,..,..,..,..,..,..,..,..,..,..,..,..,..,..,..,..,..,..,..,..,..,..,..,..,..,..,..,..,..,..,..,..,..,..,..,..,..,..,1.12,1.92,3.15,3.60,9.79,1.85,2.25,2.70,2.94,9.74,2.55,2.97,2.51,2.57,10.60,2.30,4.76,2.19,2.09,11.34,2.15,4.25,2.05,5.49,13.94,22.09,21.10,9.63,5.43,58.25,9.30,6.17,6.73,7.71,29.91,9.00,13.27,18.14,24.60,65.01,19.92,18.49,10.62,17.59,66.62,13.52,20.54,5.29,19.28,58.63,11.15,18.94,4.58,18.87,53.54,10.78,25.38,8.76,32.37,77.29,6.76,17.70,81.17,28.90,134.53,26.89,12.86,69.60,22.99,132.34,118.05,6.03,10.17,4.80,139.05,9.75,20.15,9.32,10.26,49.48,4.92,3.36,14.86,9.61,32.75,12.74,50.32,49.03,83.93,196.02,40.41,21.14,10.75,13.40,85.70,24.61,16.70,10.15,11.65,63.11,5.27,22.45,6.64,10.84,45.20,4.89,9.57,3.33,38.73,56.52,11.67,..,..,..,..
....Zamboanga Sibugay,..Aquaculture,..,..,..,..,..,..,..,..,..,..,..,..,..,..,..,..,..,..,..,..,..,..,..,..,..,..,..,..,..,..,..,..,..,..,..,..,..,..,..,..,..,..,..,..,..,..,..,..,..,..,..,..,..,..,..,..,..,..,..,..,..,..,..,..,..,..,..,..,..,..,..,..,..,..,..,..,..,..,..,..,..,..,..,..,..,..,..,..,..,..,..,..,..,..,..,..,..,..,..,..,..,..,..,..,..,..,..,..,..,..,5402.90,5405.88,5896.00,5239.78,21944.56,5418.80,5429.30,5946.40,5399.01,22193.51,5812.40,5935.91,6405.88,6358.40,24512.59,7723.04,7699.46,8706.94,11821.07,35950.51,7538.27,25185.80,28654.49,23669.71,85048.27,5738.14,13915.38,25627.02,27062.04,72342.58,24867.14,17212.64,35162.24,33938.01,111180.04,22029.93,20817.23,28227.88,42971.57,114046.62,19551.70,25527.29,42554.97,44947.86,132581.82,35642.28,36548.48,33625.92,29833.77,135650.46,34852.16,39873.48,30057.78,17408.71,122192.13,18788.11,26733.72,34769.21,26492.81,106783.85,21426.50,23366.06,25541.92,24821.93,95156.40,19388.80,24456.47,31572.28,22929.94,98347.48,17922.85,22184.84,31877.48,22738.80,94723.97,16587.28,20496.07,28895.26,20660.28,86638.90,21490.84,23152.68,30274.68,22042.67,96960.88,22695.11,23229.27,31977.88,22308.46,100210.72,24516.66,25268.60,33965.32,21182.09,104932.67,24947.46,26794.39,33458.21,20136.61,105336.66,27192.08,20461.34,25077.29,20831.16,93561.89,23919.83,16824.26,20543.73,20647.97,81935.79,20812.62,15737.99,18251.49,16835.01,71637.11,20565.40,9704.56,15974.85,13357.99,59602.80,9717.90,..,..,..,..
....City of Zamboanga,FISHERIES,..,..,..,..,..,..,..,..,..,..,..,..,..,..,..,..,..,..,..,..,..,..,..,..,..,..,..,..,..,..,..,..,..,..,..,..,..,..,..,..,..,..,..,..,..,..,..,..,..,..,..,..,..,..,..,..,..,..,..,..,..,..,..,..,..,28822.00,36077.00,30475.00,28094.00,123468.00,22672.00,42040.00,41008.00,48394.00,154114.00,61155.00,71218.00,43722.00,43697.00,219792.00,62150.00,77755.00,37128.00,39918.00,216951.00,61791.00,79838.00,37083.00,29157.00,207869.00,69644.00,82362.00,54146.00,36719.00,242871.00,54538.00,71034.00,39051.00,47946.00,212569.00,48473.00,68823.00,45633.00,38334.00,201263.00,43568.00,56800.00,48003.00,45235.00,193606.00,44249.00,68667.00,60875.00,49002.00,222793.00,45628.00,61033.30,58103.40,55995.60,220760.30,45849.43,66505.99,59451.83,61763.76,233571.01,79351.69,69561.21,66351.88,42663.86,257928.64,52179.53,76156.80,71597.51,39185.80,239119.64,65443.72,80473.45,91068.09,48946.86,285932.12,78646.10,74771.23,87228.10,65642.02,306287.45,87112.53,148405.90,89676.98,71723.23,396918.63,77645.72,131657.86,94341.67,74274.17,377919.42,56866.92,92572.57,67957.05,44668.75,262065.30,40813.37,96771.49,69098.52,50384.91,257068.29,59192.10,87287.92,60830.73,40542.86,247853.60,45744.25,89862.65,77205.15,51372.07,264184.12,38415.99,95716.29,87885.94,51077.32,273095.53,35606.11,72534.41,91209.18,46733.76,246083.46,33339.93,71636.86,72900.95,45283.56,223161.30,39808.61,75113.54,76947.97,46677.82,238547.94,43719.56,80636.87,77463.51,51631.77,253451.71,45730.87,91084.99,86499.24,55720.97,279036.08,47442.00,85825.37,87686.31,53897.37,274851.05,30011.53,.,.,.,30011.53,.,.,.,.,.,.,.,.,.,.,39056.11,67221.62,59856.36,42055.71,208189.80,33118.56,..,..,..,..
....City of Zamboanga,..Commercial Fisheries,..,..,..,..,..,..,..,..,..,..,..,..,..,..,..,..,..,..,..,..,..,..,..,..,..,..,..,..,..,..,..,..,..,..,..,..,..,..,..,..,..,..,..,..,..,..,..,..,..,..,..,..,..,..,..,..,..,..,..,..,..,..,..,..,..,16629.00,19600.00,20665.00,18140.00,75034.00,10732.00,17775.00,22297.00,27430.00,78234.00,24586.00,32019.00,30233.00,29609.00,116447.00,25088.00,33053.00,24842.00,30544.00,113527.00,25840.00,33087.00,29348.00,21925.00,110200.00,24096.00,32027.00,45915.00,29323.00,131361.00,21454.00,30960.00,19138.00,26454.00,98006.00,19371.00,33233.00,27976.00,21225.00,101805.00,18815.00,30108.00,29287.00,26615.00,104825.00,22183.00,47428.00,44177.00,32636.00,146424.00,26914.00,43181.00,45408.00,41956.00,157459.00,24228.90,45111.83,42375.92,48838.65,160555.30,55128.26,50747.23,52974.78,29815.29,188665.56,26944.94,55515.82,54065.76,28626.23,165152.75,41681.64,58043.03,70631.33,36578.54,206934.54,51588.34,49692.35,61279.99,46442.53,209003.21,56128.68,121888.48,63871.90,51393.95,293283.01,48167.54,106477.66,67985.49,53057.12,275687.81,26756.27,67221.75,41074.15,23421.80,158473.97,10771.58,71727.49,42216.30,30020.93,154736.30,28516.75,62620.97,36204.05,23493.22,150834.99,18008.73,65814.50,51954.04,34789.87,170567.14,13132.21,71601.28,61533.52,33809.08,180076.09,12496.14,52498.33,69194.84,29880.88,164070.19,11994.74,51942.24,50907.35,27720.99,142565.32,16444.28,54054.19,53671.14,28500.68,152670.29,18878.51,58501.09,54611.04,31881.76,163872.40,20114.79,68389.99,62380.99,35513.47,186399.24,19723.87,63304.61,63682.73,33205.04,179916.25,21762.89,.,.,.,21762.89,.,.,.,.,.,.,.,.,.,.,21011.35,52988.94,45567.68,30039.67,149607.65,21343.29,..,..,..,..
....City of Zamboanga,..Municipal Fisheries,..,..,..,..,..,..,..,..,..,..,..,..,..,..,..,..,..,..,..,..,..,..,..,..,..,..,..,..,..,..,..,..,..,..,..,..,..,..,..,..,..,..,..,..,..,..,..,..,..,..,..,..,..,..,..,..,..,..,..,..,..,..,..,..,..,8787.00,12664.00,4505.00,5592.00,31548.00,6749.00,7642.00,5054.00,7829.00,27274.00,6976.00,6767.00,3320.00,6147.00,23210.00,5381.00,5849.00,3092.00,2995.00,17317.00,5510.00,6397.00,1363.00,1088.00,14358.00,5345.00,6096.00,2444.00,1486.00,15371.00,5501.00,6509.00,2339.00,1119.00,15468.00,5000.00,6842.00,3509.00,1174.00,16525.00,5400.00,7222.00,7241.00,5081.00,24944.00,5494.00,9120.00,7446.00,6843.00,28903.00,5347.00,9664.00,7842.00,6271.00,29124.00,5391.53,9907.76,7893.61,6281.21,29474.11,5577.43,8606.48,5532.30,6463.77,26179.98,4734.59,9404.18,5152.75,5677.83,24969.35,5074.98,10859.61,6130.24,7094.93,29159.76,6254.79,15032.49,10999.60,7642.82,39929.70,7597.46,15836.09,10391.61,8147.92,41973.08,7979.05,14208.25,11542.55,8495.30,42225.15,8255.61,13450.07,11795.61,8025.17,41526.46,7401.46,12183.34,12399.02,8772.77,40756.59,7766.24,12086.04,11361.15,7818.90,39032.33,6983.81,12377.00,12444.12,7978.36,39783.29,7373.08,12682.92,12961.44,8381.69,41399.13,6427.17,10623.79,12203.31,8731.15,37985.42,6842.72,9976.19,11769.45,8941.66,37530.02,7369.61,10350.55,12032.33,9039.60,38792.09,7613.48,10593.16,12426.36,9216.63,39849.63,7969.89,10763.60,12828.14,10136.50,41698.13,8207.88,10762.32,13150.12,9864.56,41984.88,8248.64,.,.,.,8248.64,.,.,.,.,.,.,.,.,.,.,5570.32,5496.57,3958.60,3457.78,18483.27,1167.45,..,..,..,..
....City of Zamboanga,....Marine Municipal Fisheries,..,..,..,..,..,..,..,..,..,..,..,..,..,..,..,..,..,..,..,..,..,..,..,..,..,..,..,..,..,..,..,..,..,..,..,..,..,..,..,..,..,..,..,..,..,..,..,..,..,..,..,..,..,..,..,..,..,..,..,..,..,..,..,..,..,8787.00,12664.00,4505.00,5592.00,31548.00,6749.00,7642.00,5054.00,7829.00,27274.00,6976.00,6767.00,3320.00,6147.00,23210.00,5381.00,5849.00,3092.00,2995.00,17317.00,5510.00,6397.00,1363.00,1088.00,14358.00,5345.00,6096.00,2444.00,1486.00,15371.00,5501.00,6509.00,2339.00,1119.00,15468.00,5000.00,6842.00,3509.00,1174.00,16525.00,5400.00,7222.00,7241.00,5081.00,24944.00,5494.00,9120.00,7446.00,6843.00,28903.00,5347.00,9664.00,7842.00,6271.00,29124.00,5391.53,9907.76,7893.61,6281.21,29474.11,5577.43,8606.48,5532.30,6463.77,26179.98,4734.59,9404.18,5152.75,5677.83,24969.35,5074.98,10859.61,6130.24,7094.93,29159.76,6254.79,15032.49,10999.60,7642.82,39929.70,7597.46,15836.09,10391.61,8147.92,41973.08,7979.05,14208.25,11542.55,8495.30,42225.15,8255.61,13450.07,11795.61,8025.17,41526.46,7401.46,12183.34,12399.02,8772.77,40756.59,7766.24,12086.04,11361.15,7818.90,39032.33,6983.81,12377.00,12444.12,7978.36,39783.29,7373.08,12682.92,12961.44,8381.69,41399.13,6427.17,10623.79,12203.31,8731.15,37985.42,6842.72,9976.19,11769.45,8941.66,37530.02,7369.61,10350.55,12032.33,9039.60,38792.09,7613.48,10593.16,12426.36,9216.63,39849.63,7969.89,10763.60,12828.14,10136.50,41698.13,8207.88,10762.32,13150.12,9864.56,41984.88,8248.64,.,.,.,8248.64,.,.,.,.,.,.,.,.,.,.,5570.32,5496.57,3958.60,3457.78,18483.27,1167.45,..,..,..,..
....City of Zamboanga,....Inland Municipal Fisheries,..,..,..,..,..,..,..,..,..,..,..,..,..,..,..,..,..,..,..,..,..,..,..,..,..,..,..,..,..,..,..,..,..,..,..,..,..,..,..,..,..,..,..,..,..,..,..,..,..,..,..,..,..,..,..,..,..,..,..,..,..,..,..,..,..,..,..,..,..,..,..,..,..,..,..,..,..,..,..,..,..,..,..,..,..,..,..,..,..,..,..,..,..,..,..,..,..,..,..,..,..,..,..,..,..,..,..,..,..,..,.,.,.,.,.,.,.,.,.,.,.,.,.,.,.,.,.,.,.,.,.,.,.,.,.,.,.,.,.,.,.,.,.,.,.,.,.,.,.,.,.,.,.,.,.,.,.,.,.,.,.,.,.,.,.,.,.,.,.,.,.,.,.,.,.,.,.,.,.,.,.,.,.,.,.,.,.,.,.,.,.,.,.,.,.,.,.,.,.,.,.,.,.,.,.,.,.,.,.,.,.,.,.,.,.,.,.,.,.,.,.,.,.,.,.,.,.,.,.,.,.,..,..,..,..
....City of Zamboanga,..Aquaculture,..,..,..,..,..,..,..,..,..,..,..,..,..,..,..,..,..,..,..,..,..,..,..,..,..,..,..,..,..,..,..,..,..,..,..,..,..,..,..,..,..,..,..,..,..,..,..,..,..,..,..,..,..,..,..,..,..,..,..,..,..,..,..,..,..,3406.00,3813.00,5305.00,4362.00,16886.00,5191.00,16623.00,13657.00,13135.00,48606.00,29593.00,32432.00,10169.00,7941.00,80135.00,31681.00,38853.00,9194.00,6379.00,86107.00,30441.00,40354.00,6372.00,6144.00,83311.00,40203.00,44239.00,5787.00,5910.00,96139.00,27583.00,33565.00,17574.00,20373.00,99095.00,24102.00,28748.00,14148.00,15935.00,82933.00,19353.00,19470.00,11475.00,13539.00,63837.00,16572.00,12119.00,9252.00,9523.00,47466.00,13367.00,8188.30,4853.40,7768.60,34177.30,16229.00,11486.40,9182.30,6643.90,43541.60,18646.00,10207.50,7844.80,6384.80,43083.10,20500.00,11236.80,12379.00,4881.74,48997.54,18687.10,11570.81,14306.52,5273.39,49837.82,20802.97,10046.39,14948.51,11556.67,57354.54,23386.39,10681.33,15413.47,12181.36,61662.54,21499.13,10971.95,14813.63,12721.75,60006.46,21855.04,11900.75,15087.29,13221.78,62064.87,22640.33,12860.66,14483.20,11591.21,61575.40,22909.11,12580.91,13265.53,9230.74,57986.28,20751.71,11671.15,12806.99,8603.84,53833.69,17910.70,11432.09,13390.98,8886.55,51620.31,16682.80,9412.29,9811.03,8121.73,44027.85,14502.47,9718.43,10224.15,8620.91,43065.96,15994.72,10708.80,11244.50,9137.54,47085.56,17227.57,11542.62,10426.11,10533.38,49729.68,17646.19,11931.40,11290.11,10071.00,50938.71,19510.25,11758.44,10853.46,10827.77,52949.92,.,.,.,.,.,.,.,.,.,.,.,.,.,.,.,12474.44,8736.11,10330.08,8558.27,40098.89,10607.82,..,..,..,..
..Region X (Nothern Mindanao),FISHERIES,..,..,..,..,31131.00,..,..,..,..,37206.00,..,..,..,..,32436.00,..,..,..,..,27419.00,..,..,..,..,28816.00,..,..,..,..,27599.00,..,..,..,..,26648.00,..,..,..,..,29313.00,..,..,..,..,31896.00,..,..,..,..,33517.00,..,..,..,..,30021.43,..,..,..,..,30596.92,..,..,..,..,33345.00,11348.00,13049.00,8955.00,8166.00,41518.00,12710.00,15541.00,8915.00,10557.00,47723.00,15429.00,18747.00,11568.00,9128.00,54872.00,13716.00,15624.00,12471.00,9090.00,50901.00,14598.00,13177.00,16655.00,12519.00,56949.00,13130.00,12397.00,18145.00,13867.00,57539.00,13191.00,13610.00,20875.00,16070.00,63746.00,15086.00,14630.00,21619.00,16403.00,67738.00,18942.00,19487.00,24000.00,21758.00,84187.00,20177.60,22320.30,24148.00,23207.30,89853.20,20808.80,27610.54,27014.55,25848.74,101282.63,29355.94,36251.55,32455.34,27357.28,125420.11,28348.13,29626.64,38719.11,30707.00,127400.87,32008.37,30778.92,36861.71,27191.07,126840.07,34673.06,36125.33,41837.51,30404.27,143040.17,36417.54,37623.59,43263.96,32510.09,149815.18,36906.62,42235.62,43702.56,32680.39,155525.19,36960.55,44432.47,44313.06,34894.99,160601.08,35558.38,42461.41,42844.58,35521.34,156385.71,35282.65,42480.32,42187.73,33693.49,153644.20,35342.01,42845.67,43822.97,34266.88,156277.52,35821.98,45110.52,42919.81,34360.41,158212.72,35997.71,47393.65,44541.65,34869.67,162802.68,38058.06,47462.75,46205.58,35043.99,166770.38,33640.82,45430.13,42960.87,33783.97,155815.79,32717.88,44038.80,42033.41,33693.81,152483.90,33339.12,43212.83,42029.82,34682.59,153264.36,32984.82,38468.41,39818.38,29897.08,141168.69,24568.74,31847.85,33520.95,28174.86,118112.40,18208.10,28216.87,26137.12,23462.60,96024.69,11819.66,15255.85,15756.75,17722.99,60555.25,11166.93,12906.04,18898.82,23239.20,66211.00,17141.40,15573.48,19220.90,22523.26,74459.03,15286.31,..,..,..,..
..Region X (Nothern Mindanao),..Commercial Fisheries,..,..,..,..,2765.00,..,..,..,..,3670.00,..,..,..,..,3814.00,..,..,..,..,4379.00,..,..,..,..,4936.00,..,..,..,..,5574.00,..,..,..,..,5956.00,..,..,..,..,6102.00,..,..,..,..,5944.00,..,..,..,..,6346.00,..,..,..,..,3520.00,..,..,..,..,4461.00,..,..,..,..,8733.00,2696.00,3309.00,3287.00,3961.00,13253.00,5241.00,7673.00,2761.00,4815.00,20490.00,8177.00,10965.00,3259.00,3601.00,26002.00,5998.00,8958.00,3502.00,3093.00,21551.00,6793.00,6798.00,6570.00,6735.00,26896.00,6376.00,6623.00,6941.00,7180.00,27120.00,5751.00,6086.00,8546.00,7377.00,27760.00,6350.00,7064.00,9143.00,7209.00,29766.00,7888.00,9002.00,9940.00,7434.00,34264.00,8151.00,11467.00,10088.00,7691.00,37397.00,8216.00,12747.00,10615.00,7950.00,39528.00,9715.01,12985.33,11219.06,7334.49,41253.89,8825.03,11403.94,12155.20,8224.34,40608.51,8206.92,11585.08,11423.53,8000.12,39215.65,11436.03,12119.14,13239.65,8477.77,45272.59,11669.77,12616.00,13614.84,8561.63,46462.24,11504.95,16348.73,10783.17,7346.58,45983.43,10370.96,16059.68,10221.76,6912.32,43564.72,9039.70,14935.04,9628.37,6250.50,39853.61,8426.80,13940.36,8108.17,5730.02,36205.35,8864.80,13766.01,8299.88,5679.17,36609.86,9256.49,13994.37,8233.93,5481.15,36965.94,9514.52,14962.92,7981.20,5624.79,38083.43,10065.25,14878.31,8327.85,5766.12,39037.53,8947.79,13733.16,8105.78,5462.72,36249.45,8599.49,13392.76,7501.42,5231.56,34725.23,8490.98,12546.63,7019.87,5390.04,33447.52,7347.11,10223.45,6938.83,5037.40,29546.79,6149.80,8572.57,6463.80,4844.49,26030.66,5165.44,8671.48,6059.94,5342.94,25239.80,3357.20,4070.98,3416.11,4383.52,15227.81,2920.72,3721.84,2828.99,5409.01,14880.55,4217.39,3723.79,3110.87,4671.16,15723.20,3963.62,..,..,..,..
..Region X (Nothern Mindanao),..Municipal Fisheries,..,..,..,..,25836.00,..,..,..,..,30577.00,..,..,..,..,25529.00,..,..,..,..,20544.00,..,..,..,..,20928.00,..,..,..,..,19286.00,..,..,..,..,17710.00,..,..,..,..,20286.00,..,..,..,..,22256.00,..,..,..,..,23261.00,..,..,..,..,21245.00,..,..,..,..,20263.00,..,..,..,..,19125.00,7805.00,8742.00,2723.00,3692.00,22962.00,6144.00,6318.00,4662.00,4344.00,21468.00,5347.00,6441.00,4718.00,4269.00,20775.00,5679.00,5080.00,4786.00,4571.00,20116.00,5823.00,5130.00,5927.00,4066.00,20946.00,5288.00,4411.00,6125.00,4824.00,20648.00,4630.00,4832.00,5662.00,5380.00,20504.00,5731.00,5200.00,5631.00,5270.00,21832.00,6701.00,6665.00,6780.00,7331.00,27477.00,7165.00,6593.00,7150.00,7711.00,28619.00,7592.00,7865.00,7253.00,7644.00,30354.00,7972.43,8209.90,7598.97,7737.52,31518.82,7827.77,7955.16,10106.00,9221.08,35110.01,8448.80,8523.10,10202.08,8938.26,36112.24,9820.05,10259.40,10747.47,9662.10,40489.02,10388.42,11032.83,11069.11,10506.18,42996.54,10883.16,11304.40,10661.97,9542.59,42392.12,10844.87,11805.71,11256.83,9431.36,43338.77,9984.18,11639.57,12024.99,9479.54,43128.28,9677.27,11480.95,11894.57,9020.47,42073.26,9575.55,11397.12,12589.51,9303.00,42865.18,9707.86,11979.69,12097.56,9828.72,43613.83,10068.91,11466.66,12005.08,10327.50,43868.15,10599.48,12201.91,12285.82,10642.20,45729.41,9979.27,11887.95,12452.24,10655.97,44975.43,9852.36,12135.29,12177.17,10568.06,44732.88,9995.95,12241.47,12387.61,10597.94,45222.97,9801.39,10134.26,11906.33,9960.39,41802.37,8400.59,8807.55,10930.32,9235.61,37374.07,7349.07,11585.61,10522.28,12249.99,41706.94,6157.71,6077.24,9010.55,9009.58,30255.07,5838.71,5770.59,13290.39,14089.63,38989.33,9396.15,9528.82,12687.47,14278.84,45891.28,7906.87,..,..,..,..
..Region X (Nothern Mindanao),....Marine Municipal Fisheries,..,..,..,..,25780.00,..,..,..,..,30310.00,..,..,..,..,25442.00,..,..,..,..,20339.00,..,..,..,..,20682.00,..,..,..,..,19059.00,..,..,..,..,17474.00,..,..,..,..,20058.00,..,..,..,..,22048.00,..,..,..,..,23050.00,..,..,..,..,20965.00,..,..,..,..,19976.00,..,..,..,..,18843.00,5650.00,6496.00,2405.00,3480.00,18031.00,5717.00,5995.00,4104.00,3910.00,19726.00,4972.00,6070.00,4313.00,3891.00,19246.00,5323.00,4711.00,4370.00,4093.00,18497.00,5473.00,4758.00,5698.00,3840.00,19769.00,4990.00,4162.00,5859.00,4595.00,19606.00,4427.00,4612.00,5423.00,5172.00,19634.00,5540.00,5007.00,5396.00,5010.00,20953.00,6498.00,6479.00,6554.00,7085.00,26616.00,6938.00,6321.00,6739.00,7414.00,27412.00,7332.00,7526.00,6869.00,7315.00,29042.00,7704.92,7846.91,7164.47,7321.61,30037.91,7379.77,7460.88,9540.92,8735.87,33117.44,8001.71,7964.15,9629.84,8531.67,34127.37,9224.70,9619.97,10090.99,9223.47,38159.13,9768.47,10510.47,10255.94,9753.55,40288.43,10138.97,10557.33,9569.89,8678.67,38944.86,9816.97,10776.93,10295.13,8250.71,39139.74,9088.46,10611.67,10866.27,8447.09,39013.49,8575.27,10554.08,10880.04,8080.03,38089.42,8670.46,10371.24,11298.55,8205.79,38546.04,8618.12,10953.95,11080.33,8844.40,39496.80,9153.36,10481.63,11010.57,9406.23,40051.79,9504.85,11100.67,11380.56,9671.51,41657.59,9144.11,10953.53,11447.74,9608.74,41154.12,8776.16,10864.41,11112.68,9489.60,40242.85,8920.24,10947.11,11263.36,9398.16,40528.87,8528.81,9240.61,10804.15,9009.08,37582.65,7179.69,8380.59,10411.86,8796.29,34768.43,6964.67,10944.83,10044.92,11804.36,39758.77,5758.35,5098.57,8096.71,8572.86,27526.49,5110.92,5165.26,12428.53,13224.06,35928.76,8539.41,8560.28,11466.79,13631.59,42198.07,6916.10,..,..,..,..
..Region X (Nothern Mindanao),....Inland Municipal Fisheries,..,..,..,..,56.00,..,..,..,..,267.00,..,..,..,..,87.00,..,..,..,..,205.00,..,..,..,..,246.00,..,..,..,..,227.00,..,..,..,..,236.00,..,..,..,..,228.00,..,..,..,..,208.00,..,..,..,..,211.00,..,..,..,..,280.00,..,..,..,..,287.00,..,..,..,..,282.00,2155.00,2246.00,318.00,212.00,4931.00,427.00,323.00,558.00,434.00,1742.00,375.00,371.00,405.00,378.00,1529.00,356.00,369.00,416.00,478.00,1619.00,350.00,372.00,229.00,226.00,1177.00,298.00,249.00,266.00,229.00,1042.00,203.00,220.00,239.00,208.00,870.00,191.00,193.00,235.00,260.00,879.00,203.00,186.00,226.00,246.00,861.00,227.00,272.00,411.00,297.00,1207.00,260.00,339.00,384.00,329.00,1312.00,267.51,362.99,434.50,415.91,1480.91,448.00,494.28,565.08,485.21,1992.57,447.09,558.95,572.24,406.59,1984.87,595.35,639.43,656.48,438.63,2329.89,619.95,522.36,813.17,752.63,2708.11,744.19,747.07,1092.08,863.92,3447.26,1027.90,1028.78,961.70,1180.65,4199.03,895.72,1027.90,1158.72,1032.45,4114.79,1102.00,926.87,1014.53,940.44,3983.84,905.09,1025.88,1290.96,1097.21,4319.14,1089.74,1025.74,1017.23,984.32,4117.03,915.55,985.03,994.51,921.27,3816.36,1094.63,1101.24,905.26,970.69,4071.82,835.16,934.42,1004.50,1047.23,3821.31,1076.20,1270.88,1064.49,1078.46,4490.03,1075.71,1294.36,1124.25,1199.78,4694.10,1272.58,893.65,1102.18,951.31,4219.72,1220.90,426.96,518.46,439.32,2605.64,384.40,640.78,477.36,445.63,1948.17,399.36,978.66,913.84,436.72,2728.58,727.80,605.34,861.87,865.57,3060.57,856.74,968.54,1220.68,647.25,3693.21,990.76,..,..,..,..
..Region X (Nothern Mindanao),..Aquaculture,..,..,..,..,2530.00,..,..,..,..,2959.00,..,..,..,..,3093.00,..,..,..,..,2496.00,..,..,..,..,2952.00,..,..,..,..,2739.00,..,..,..,..,2982.00,..,..,..,..,2925.00,..,..,..,..,3696.00,..,..,..,..,3910.00,..,..,..,..,5256.43,..,..,..,..,5872.92,..,..,..,..,5487.00,847.00,998.00,2945.00,513.00,5303.00,1325.00,1550.00,1492.00,1398.00,5765.00,1905.00,1341.00,3591.00,1258.00,8095.00,2039.00,1586.00,4183.00,1426.00,9234.00,1982.00,1249.00,4158.00,1718.00,9107.00,1466.00,1363.00,5079.00,1863.00,9771.00,2810.00,2692.00,6667.00,3313.00,15482.00,3005.00,2366.00,6845.00,3924.00,16140.00,4353.00,3820.00,7280.00,6993.00,22446.00,4861.60,4260.30,6910.00,7805.30,23837.20,5000.80,6998.54,9146.55,10254.74,31400.63,11668.50,15056.32,13637.31,12285.27,52647.40,11695.33,10267.54,16457.91,13261.58,51682.35,15352.65,10670.74,15236.10,10252.69,51512.18,13416.98,13746.79,17850.39,12264.40,57278.56,14359.35,13974.76,18580.01,13442.28,60356.40,14518.51,14582.49,22257.42,15791.22,67149.64,15744.72,16567.08,22834.47,18551.31,73697.59,16534.50,15886.80,21191.22,19791.30,73403.82,17178.58,17059.01,22184.99,18943.00,75365.59,16901.66,17682.54,22933.58,19284.71,76802.48,16857.63,19136.46,22588.32,19050.54,77632.95,16414.28,20964.07,24555.37,18917.38,80851.10,17393.33,20382.53,25591.91,18635.67,82003.44,14713.76,19809.02,22402.85,17665.28,74590.91,14266.03,18510.75,22354.82,17894.19,73025.79,14852.19,18424.73,22622.34,18694.61,74593.87,15836.32,18110.70,20973.22,14899.29,69819.53,10018.35,14467.72,16126.83,14094.76,54707.66,5693.59,7959.78,9554.90,5869.68,29077.94,2304.75,5107.63,3330.09,4329.89,15072.37,2407.50,3413.61,2779.44,3740.57,12341.12,3527.86,2320.87,3422.56,3573.26,12844.55,3415.82,..,..,..,..
....Bukidnon,FISHERIES,..,..,..,..,58.00,..,..,..,..,306.00,..,..,..,..,126.00,..,..,..,..,259.00,..,..,..,..,373.00,..,..,..,..,440.00,..,..,..,..,449.00,..,..,..,..,441.00,..,..,..,..,438.00,..,..,..,..,444.00,..,..,..,..,557.25,..,..,..,..,596.77,..,..,..,..,636.00,37.00,148.00,144.00,19.00,348.00,1.00,131.00,86.00,20.00,238.00,3.00,150.00,70.00,31.00,254.00,4.00,152.00,63.00,70.00,289.00,31.00,138.00,81.00,38.00,288.00,93.00,115.00,98.00,44.00,350.00,90.00,114.00,107.00,52.00,363.00,100.00,109.00,115.00,55.00,379.00,107.00,90.00,118.00,46.00,361.00,127.00,200.00,171.00,107.00,605.00,128.30,219.00,140.00,72.00,559.30,149.00,240.50,193.74,156.79,740.03,336.96,408.65,245.12,266.48,1257.21,376.16,438.09,245.08,244.03,1303.35,411.56,554.20,238.39,258.30,1462.44,481.05,310.74,478.91,515.80,1786.50,571.31,492.05,701.62,599.79,2364.77,893.56,718.69,476.75,778.17,2867.18,656.95,694.74,675.83,644.83,2672.35,930.93,587.68,533.83,563.58,2616.02,683.91,678.04,882.29,782.18,3026.41,900.47,642.71,604.01,805.34,2952.53,822.03,598.14,618.83,749.03,2788.04,968.10,711.98,512.81,565.57,2758.46,535.99,603.91,602.08,730.21,2472.18,836.85,900.07,685.27,764.37,3186.56,946.08,910.90,793.67,883.14,3533.79,1116.60,484.52,688.44,550.38,2839.94,319.45,65.17,102.16,117.78,604.55,218.94,241.95,116.61,94.55,672.04,131.49,909.97,679.82,147.73,1869.00,506.19,453.45,591.17,468.87,2019.68,541.85,819.21,1053.30,583.90,2998.26,694.08,..,..,..,..
....Bukidnon,..Commercial Fisheries,..,..,..,..,..,..,..,..,..,..,..,..,..,..,..,..,..,..,..,..,..,..,..,..,..,..,..,..,..,..,..,..,..,..,..,..,..,..,..,..,..,..,..,..,..,..,..,..,..,..,..,..,..,..,..,..,..,..,..,..,..,..,..,..,..,..,..,..,..,..,..,..,..,..,..,..,..,..,..,..,..,..,..,..,..,..,..,..,..,..,..,..,..,..,..,..,..,..,..,..,..,..,..,..,..,..,..,..,..,..,..,..,..,..,..,..,..,..,..,..,..,..,..,..,..,..,..,..,..,..,..,..,..,..,..,..,..,..,..,..,..,..,..,..,..,..,..,..,..,..,..,..,..,..,..,..,..,..,..,..,..,..,..,..,..,..,..,..,..,..,..,..,..,..,..,..,..,..,..,..,.,.,.,.,.,..,..,..,.,.,.,.,.,.,.,.,.,.,.,.,.,.,.,.,.,.,.,.,.,.,.,.,.,.,.,.,.,.,.,.,.,.,.,.,.,.,.,.,.,.,.,..,..,..,..
....Bukidnon,..Municipal Fisheries,..,..,..,..,56.00,..,..,..,..,267.00,..,..,..,..,87.00,..,..,..,..,205.00,..,..,..,..,246.00,..,..,..,..,227.00,..,..,..,..,236.00,..,..,..,..,228.00,..,..,..,..,208.00,..,..,..,..,211.00,..,..,..,..,280.00,..,..,..,..,287.00,..,..,..,..,282.00,37.00,56.00,53.00,19.00,165.00,..,33.00,..,20.00,53.00,..,45.00,..,30.00,75.00,..,44.00,..,65.00,109.00,..,38.00,21.00,38.00,97.00,54.00,45.00,50.00,40.00,189.00,44.00,29.00,56.00,47.00,176.00,44.00,24.00,60.00,45.00,173.00,47.00,23.00,61.00,33.00,164.00,65.00,141.00,141.00,96.00,443.00,72.00,154.00,73.00,57.00,356.00,91.00,171.50,120.74,138.69,521.93,276.96,339.65,158.67,185.13,960.41,293.53,354.25,149.15,95.14,892.07,312.56,417.00,140.09,92.51,962.16,295.84,232.53,290.52,330.80,1149.69,405.34,407.55,502.76,418.95,1734.60,648.07,642.40,388.67,645.23,2324.37,456.70,623.53,585.23,534.40,2199.86,634.09,497.92,444.50,420.04,1996.55,463.33,606.51,830.19,664.92,2564.95,726.49,612.74,557.79,545.75,2442.77,537.61,561.17,571.43,462.25,2132.46,738.64,681.74,471.82,477.41,2369.61,429.11,522.62,567.59,591.53,2110.85,681.20,834.58,641.77,621.88,2779.43,701.64,848.58,718.14,767.68,3036.04,869.89,445.23,614.72,497.29,2427.13,21.06,24.88,59.88,35.69,141.51,50.80,58.78,59.97,56.51,226.05,68.67,840.82,593.97,106.42,1609.88,425.44,392.53,529.59,400.33,1747.88,466.27,748.94,906.39,488.66,2610.26,634.03,..,..,..,..
....Bukidnon,....Marine Municipal Fisheries,..,..,..,..,..,..,..,..,..,..,..,..,..,..,..,..,..,..,..,..,..,..,..,..,..,..,..,..,..,..,..,..,..,..,..,..,..,..,..,..,..,..,..,..,..,..,..,..,..,..,..,..,..,..,..,..,..,..,..,..,..,..,..,..,..,..,..,..,..,..,..,..,..,..,..,..,..,..,..,..,..,..,..,..,..,..,..,..,..,..,..,..,..,..,..,..,..,..,..,..,..,..,..,..,..,..,..,..,..,..,..,..,..,..,..,..,..,..,..,..,..,..,..,..,..,..,..,..,..,..,..,..,..,..,..,..,..,..,..,..,..,..,..,..,..,..,..,..,..,..,..,..,..,..,..,..,..,..,..,..,..,..,..,..,..,..,..,..,..,..,..,..,..,..,..,..,..,..,..,..,.,.,.,.,.,..,..,..,.,.,.,.,.,.,.,.,.,.,.,.,.,.,.,.,.,.,.,.,.,.,.,.,.,.,.,.,.,.,.,.,.,.,.,.,.,.,.,.,.,.,.,..,..,..,..
....Bukidnon,....Inland Municipal Fisheries,..,..,..,..,56.00,..,..,..,..,267.00,..,..,..,..,87.00,..,..,..,..,205.00,..,..,..,..,246.00,..,..,..,..,227.00,..,..,..,..,236.00,..,..,..,..,228.00,..,..,..,..,208.00,..,..,..,..,211.00,..,..,..,..,280.00,..,..,..,..,287.00,..,..,..,..,282.00,37.00,56.00,53.00,19.00,165.00,..,33.00,..,20.00,53.00,..,45.00,..,30.00,75.00,..,44.00,..,65.00,109.00,..,38.00,21.00,38.00,97.00,54.00,45.00,50.00,40.00,189.00,44.00,29.00,56.00,47.00,176.00,44.00,24.00,60.00,45.00,173.00,47.00,23.00,61.00,33.00,164.00,65.00,141.00,141.00,96.00,443.00,72.00,154.00,73.00,57.00,356.00,91.00,171.50,120.74,138.69,521.93,276.96,339.65,158.67,185.13,960.41,293.53,354.25,149.15,95.14,892.07,312.56,417.00,140.09,92.51,962.16,295.84,232.53,290.52,330.80,1149.69,405.34,407.55,502.76,418.95,1734.60,648.07,642.40,388.67,645.23,2324.37,456.70,623.53,585.23,534.40,2199.86,634.09,497.92,444.50,420.04,1996.55,463.33,606.51,830.19,664.92,2564.95,726.49,612.74,557.79,545.75,2442.77,537.61,561.17,571.43,462.25,2132.46,738.64,681.74,471.82,477.41,2369.61,429.11,522.62,567.59,591.53,2110.85,681.20,834.58,641.77,621.88,2779.43,701.64,848.58,718.14,767.68,3036.04,869.89,445.23,614.72,497.29,2427.13,21.06,24.88,59.88,35.69,141.51,50.80,58.78,59.97,56.51,226.05,68.67,840.82,593.97,106.42,1609.88,425.44,392.53,529.59,400.33,1747.88,466.27,748.94,906.39,488.66,2610.26,634.03,..,..,..,..
....Bukidnon,..Aquaculture,..,..,..,..,2.00,..,..,..,..,39.00,..,..,..,..,39.00,..,..,..,..,54.00,..,..,..,..,127.00,..,..,..,..,213.00,..,..,..,..,213.00,..,..,..,..,213.00,..,..,..,..,230.00,..,..,..,..,233.00,..,..,..,..,277.25,..,..,..,..,309.77,..,..,..,..,354.00,..,92.00,91.00,..,183.00,1.00,98.00,86.00,..,185.00,3.00,105.00,70.00,1.00,179.00,4.00,108.00,63.00,5.00,180.00,31.00,100.00,60.00,..,191.00,39.00,70.00,48.00,4.00,161.00,46.00,85.00,51.00,5.00,187.00,56.00,85.00,55.00,10.00,206.00,60.00,67.00,57.00,13.00,197.00,62.00,59.00,30.00,11.00,162.00,56.30,65.00,67.00,15.00,203.30,58.00,69.00,73.00,18.10,218.10,60.00,69.00,86.45,81.35,296.80,82.63,83.84,95.93,148.89,411.28,99.00,137.20,98.30,165.79,500.28,185.21,78.21,188.39,185.00,636.81,165.97,84.50,198.86,180.84,630.17,245.49,76.29,88.08,132.94,542.81,200.25,71.21,90.60,110.43,472.49,296.84,89.76,89.33,143.54,619.47,220.58,71.53,52.10,117.26,461.46,173.98,29.97,46.22,259.59,509.76,284.42,36.97,47.40,286.78,655.58,229.46,30.24,40.99,88.16,388.85,106.88,81.29,34.49,138.68,361.33,155.65,65.49,43.50,142.49,407.13,244.44,62.32,75.53,115.46,497.75,246.71,39.29,73.72,53.09,412.81,298.39,40.29,42.28,82.09,463.04,168.14,183.17,56.64,38.04,445.99,62.82,69.15,85.84,41.30,259.11,80.75,60.92,61.58,68.54,271.80,75.57,70.28,146.91,95.25,388.00,60.05,..,..,..,..
....Camiguin,FISHERIES,..,..,..,..,761.00,..,..,..,..,2641.00,..,..,..,..,3513.00,..,..,..,..,1987.00,..,..,..,..,2921.00,..,..,..,..,2103.00,..,..,..,..,2173.00,..,..,..,..,2968.00,..,..,..,..,3074.00,..,..,..,..,3306.00,..,..,..,..,3288.45,..,..,..,..,3847.12,..,..,..,..,2917.00,700.00,3979.00,443.00,969.00,6091.00,702.00,3180.00,1465.00,932.00,6279.00,680.00,2911.00,1071.00,371.00,5033.00,747.00,1449.00,1078.00,696.00,3970.00,746.00,1735.00,1023.00,760.00,4264.00,718.00,615.00,604.00,799.00,2736.00,312.00,403.00,536.00,927.00,2178.00,931.00,541.00,584.00,805.00,2861.00,869.00,630.00,531.00,615.00,2645.00,663.00,304.10,349.00,341.00,1657.10,584.90,303.34,327.30,329.76,1545.30,596.39,364.22,416.39,401.46,1778.46,650.17,503.95,447.56,412.84,2014.52,691.44,602.04,769.90,509.44,2572.81,818.47,770.82,986.43,640.16,3215.88,851.23,623.88,773.92,508.57,2757.59,810.52,545.84,744.11,521.92,2622.39,788.35,695.87,847.76,583.15,2915.13,750.58,728.88,905.04,695.61,3080.10,803.71,785.68,900.63,658.05,3148.07,792.29,699.77,824.31,645.72,2962.09,761.99,798.02,796.87,600.84,2957.71,763.80,888.32,760.28,615.87,3028.27,956.16,1108.63,858.26,617.43,3540.48,701.58,985.77,1003.01,631.71,3322.07,550.59,940.74,958.74,649.88,3099.95,596.93,1018.14,873.75,665.29,3154.11,630.15,646.35,875.10,658.09,2809.70,656.87,781.46,900.93,1438.45,3777.72,533.96,685.83,1195.28,1269.13,3684.20,592.14,1159.48,1260.70,1268.83,4281.15,882.77,1172.70,1092.51,1181.30,4329.28,1215.90,1128.61,1077.35,1136.70,4558.55,1036.92,..,..,..,..
....Camiguin,..Commercial Fisheries,..,..,..,..,..,..,..,..,..,..,..,..,..,..,..,..,..,..,..,..,..,..,..,..,..,..,..,..,..,..,..,..,..,..,5.00,..,..,..,..,17.00,..,..,..,..,24.00,..,..,..,..,..,..,..,..,..,..,..,..,..,..,..,..,..,..,..,..,..,..,..,..,..,..,..,..,..,..,..,..,..,..,..,..,..,..,..,..,..,..,..,..,..,..,..,..,..,..,..,..,..,..,..,..,..,..,..,..,..,..,..,..,..,..,..,..,..,..,..,..,..,..,..,13.00,25.00,5.93,26.29,70.22,23.40,32.83,45.00,48.21,149.44,12.04,9.25,14.74,8.01,44.04,12.75,59.64,47.16,12.53,132.08,10.54,37.03,85.43,13.31,146.31,9.78,40.61,95.17,49.23,194.79,19.07,42.69,100.30,52.97,215.03,21.43,41.85,105.85,66.49,235.62,29.80,33.91,120.75,82.45,266.91,47.16,37.81,113.46,77.26,275.69,45.28,51.77,68.96,53.49,219.50,97.05,112.53,45.11,68.12,322.81,121.32,103.17,68.14,86.25,378.88,67.89,67.65,119.62,100.28,355.44,42.04,33.57,74.79,83.55,233.95,80.07,72.57,73.29,70.63,296.56,106.14,50.50,68.15,66.31,291.10,154.08,113.13,60.88,255.92,584.01,100.01,8.50,329.41,642.93,1080.85,113.60,395.25,452.31,623.34,1584.50,83.25,225.45,269.94,416.09,994.73,174.32,81.59,275.67,191.34,722.91,37.71,..,..,..,..
....Camiguin,..Municipal Fisheries,..,..,..,..,761.00,..,..,..,..,2641.00,..,..,..,..,3513.00,..,..,..,..,1987.00,..,..,..,..,2921.00,..,..,..,..,2103.00,..,..,..,..,2168.00,..,..,..,..,2951.00,..,..,..,..,3010.00,..,..,..,..,3251.00,..,..,..,..,3223.00,..,..,..,..,3774.00,..,..,..,..,2833.00,697.00,3977.00,418.00,936.00,6028.00,702.00,3180.00,1438.00,919.00,6239.00,676.00,2908.00,1069.00,362.00,5015.00,743.00,1445.00,1075.00,690.00,3953.00,741.00,1734.00,1020.00,755.00,4250.00,712.00,614.00,601.00,797.00,2724.00,312.00,403.00,536.00,927.00,2178.00,931.00,541.00,584.00,805.00,2861.00,857.00,624.00,531.00,614.00,2626.00,662.00,304.00,348.00,336.00,1650.00,582.00,302.00,322.00,325.00,1531.00,583.19,326.22,402.41,362.23,1674.05,621.37,363.30,364.72,291.72,1641.11,559.36,334.45,604.42,384.95,1883.18,649.47,442.95,683.73,438.63,2214.78,702.69,419.57,640.73,469.64,2232.63,763.57,454.19,610.54,450.02,2278.32,738.52,590.71,708.04,509.87,2547.14,676.46,616.11,724.76,537.99,2555.32,717.41,664.83,710.08,520.92,2613.24,732.70,604.92,668.03,532.60,2538.25,706.88,713.11,696.87,520.03,2636.89,665.88,775.14,713.90,544.60,2699.52,833.32,1003.82,786.17,526.46,3149.77,605.08,866.95,874.49,528.13,2874.65,502.41,904.62,862.95,552.74,2822.72,508.70,938.41,798.30,566.40,2811.81,521.30,591.11,803.69,562.17,2478.27,501.07,664.51,839.02,565.73,2570.33,432.91,674.00,864.60,625.52,2597.02,467.17,750.57,807.54,640.19,2665.46,787.21,945.24,820.21,741.63,3294.29,1040.35,1044.75,801.09,944.97,3831.17,992.77,..,..,..,..
....Camiguin,....Marine Municipal Fisheries,..,..,..,..,761.00,..,..,..,..,2641.00,..,..,..,..,3513.00,..,..,..,..,1987.00,..,..,..,..,2921.00,..,..,..,..,2103.00,..,..,..,..,2168.00,..,..,..,..,2951.00,..,..,..,..,3010.00,..,..,..,..,3251.00,..,..,..,..,3223.00,..,..,..,..,3774.00,..,..,..,..,2833.00,697.00,3977.00,418.00,936.00,6028.00,702.00,3180.00,1438.00,919.00,6239.00,676.00,2908.00,1069.00,362.00,5015.00,743.00,1445.00,1075.00,690.00,3953.00,741.00,1734.00,1020.00,755.00,4250.00,712.00,614.00,601.00,797.00,2724.00,312.00,403.00,536.00,927.00,2178.00,931.00,541.00,584.00,805.00,2861.00,857.00,624.00,531.00,614.00,2626.00,662.00,304.00,348.00,336.00,1650.00,582.00,302.00,322.00,325.00,1531.00,583.00,326.00,402.31,362.00,1673.31,621.25,363.19,364.67,291.67,1640.78,559.30,334.37,604.36,384.88,1882.91,649.38,442.82,683.64,438.54,2214.38,702.60,419.42,640.34,469.26,2231.62,763.20,453.81,610.20,449.82,2277.03,738.28,590.41,707.81,509.47,2545.97,676.19,615.88,724.52,537.79,2554.38,717.17,664.61,709.81,520.68,2612.27,732.52,604.80,667.84,532.42,2537.58,706.77,713.05,696.75,519.92,2636.49,665.78,775.06,713.73,544.48,2699.05,833.26,1003.73,786.06,526.38,3149.43,604.81,866.76,874.38,528.01,2873.96,502.31,904.46,862.83,552.64,2822.24,508.62,938.30,798.17,566.24,2811.33,521.21,591.03,803.62,562.10,2477.96,501.07,664.51,839.02,565.73,2570.33,432.81,673.92,864.45,625.42,2596.59,467.09,750.56,807.41,640.08,2665.14,787.15,945.17,820.16,741.60,3294.08,1040.31,1044.65,801.02,944.94,3830.92,992.69,..,..,..,..
....Camiguin,....Inland Municipal Fisheries,..,..,..,..,..,..,..,..,..,..,..,..,..,..,..,..,..,..,..,..,..,..,..,..,..,..,..,..,..,..,..,..,..,..,..,..,..,..,..,..,..,..,..,..,..,..,..,..,..,..,..,..,..,..,..,..,..,..,..,..,..,..,..,..,..,..,..,..,..,..,..,..,..,..,..,..,..,..,..,..,..,..,..,..,..,..,..,..,..,..,..,..,..,..,..,..,..,..,..,..,..,..,..,..,..,..,..,..,..,..,..,..,..,..,..,..,..,..,..,..,0.19,0.22,0.10,0.23,0.74,0.12,0.11,0.05,0.05,0.33,0.06,0.08,0.06,0.07,0.27,0.09,0.13,0.09,0.09,0.40,0.09,0.15,0.39,0.38,1.01,0.37,0.38,0.34,0.20,1.29,0.24,0.30,0.23,0.40,1.17,0.27,0.23,0.24,0.20,0.94,0.24,0.22,0.27,0.24,0.97,0.18,0.12,0.19,0.18,0.67,0.11,0.06,0.12,0.11,0.40,0.10,0.08,0.17,0.12,0.47,0.06,0.09,0.11,0.08,0.34,0.27,0.19,0.11,0.12,0.69,0.10,0.16,0.12,0.10,0.48,0.08,0.11,0.13,0.16,0.48,0.09,0.08,0.07,0.07,0.31,.,.,.,.,.,0.10,0.09,0.15,0.10,0.44,0.08,0.01,0.13,0.11,0.32,0.06,0.07,0.05,0.04,0.21,0.05,0.09,0.08,0.04,0.25,0.09,..,..,..,..
....Camiguin,..Aquaculture,..,..,..,..,..,..,..,..,..,..,..,..,..,..,..,..,..,..,..,..,..,..,..,..,..,..,..,..,..,..,..,..,..,..,..,..,..,..,..,..,..,..,..,..,40.00,..,..,..,..,55.00,..,..,..,..,65.45,..,..,..,..,73.12,..,..,..,..,84.00,3.00,2.00,25.00,33.00,63.00,..,..,27.00,13.00,40.00,4.00,3.00,2.00,9.00,18.00,4.00,4.00,3.00,6.00,17.00,5.00,1.00,3.00,5.00,14.00,6.00,1.00,3.00,2.00,12.00,..,..,..,..,..,..,..,..,..,..,12.00,6.00,..,1.00,19.00,1.00,0.10,1.00,5.00,7.10,2.90,1.34,5.30,4.76,14.30,0.20,13.00,8.05,12.94,34.19,5.40,107.82,37.84,72.91,223.97,120.04,258.33,150.74,116.48,645.59,156.25,268.23,255.54,189.00,869.02,138.00,167.28,47.76,25.62,378.65,37.17,51.04,38.40,22.67,149.28,30.76,62.47,39.42,20.31,152.96,52.69,70.92,74.43,91.13,289.16,56.50,86.94,69.80,54.68,267.92,12.43,57.04,42.82,35.86,148.15,9.83,33.14,31.04,27.32,101.32,0.87,0.65,1.27,3.15,5.94,1.52,1.64,3.95,4.72,11.83,28.61,51.17,8.90,3.30,91.98,6.14,2.55,21.00,13.59,43.28,8.16,7.16,2.16,28.26,45.74,2.71,4.74,3.26,29.61,40.33,1.72,3.82,1.03,616.80,623.38,1.04,3.33,1.27,0.68,6.32,11.38,13.66,0.85,5.31,31.19,12.30,2.02,2.36,23.58,40.26,1.23,2.27,0.59,0.38,4.47,6.44,..,..,..,..
....Lanao del Norte,FISHERIES,..,..,..,..,8122.00,..,..,..,..,12058.00,..,..,..,..,8939.00,..,..,..,..,9244.00,..,..,..,..,7066.00,..,..,..,..,6688.00,..,..,..,..,4526.00,..,..,..,..,5288.00,..,..,..,..,7116.00,..,..,..,..,7386.00,..,..,..,..,6649.43,..,..,..,..,6788.92,..,..,..,..,9807.00,5479.00,5258.00,4400.00,1757.00,16894.00,3693.00,2813.00,3130.00,3226.00,12862.00,3091.00,2449.00,5660.00,3984.00,15184.00,3260.00,2510.00,6521.00,3731.00,16022.00,3041.00,2455.00,8641.00,5372.00,19509.00,2539.00,1922.00,9014.00,5963.00,19438.00,4337.00,3028.00,10863.00,7769.00,25997.00,4772.00,3050.00,11134.00,8043.00,26999.00,5849.00,4477.00,11760.00,12123.00,34209.00,7039.00,4432.00,10761.00,13171.00,35403.00,7204.00,4911.00,10925.00,14538.00,37578.00,6935.42,5200.54,11457.63,15220.49,38814.08,6774.39,5818.97,15345.67,16076.13,44015.16,9764.14,8404.37,17641.23,14622.43,50432.17,15407.38,11145.83,21321.13,17665.62,65539.96,16208.47,11926.57,22160.72,19114.10,69409.87,16516.93,16963.48,24824.22,20670.61,78975.24,17382.07,18320.28,25068.47,22578.68,83349.50,17377.48,16811.06,22400.58,23628.23,80217.35,17583.04,17769.95,23286.96,22169.79,80809.75,17887.53,18242.59,23886.42,21857.51,81874.06,17180.74,17734.99,22737.70,20963.18,78616.60,17394.62,18955.29,24051.07,21651.11,82052.09,18119.34,19907.79,25461.12,21674.48,85162.73,15275.74,20308.42,22420.08,20740.88,78745.12,15018.05,19124.07,22840.26,20893.17,77875.55,15611.90,19593.90,23698.06,22180.78,81084.64,17115.48,18557.61,22180.30,18200.77,76054.16,12181.20,15204.98,17074.89,16855.33,61316.41,7691.76,16032.25,15433.72,15902.00,55059.74,6388.12,7321.71,8483.39,10944.75,33137.96,5098.73,5839.75,11810.11,16670.37,39418.97,10423.37,7711.50,11117.64,16220.65,45473.16,9234.08,..,..,..,..
....Lanao del Norte,..Commercial Fisheries,..,..,..,..,..,..,..,..,..,..,..,..,..,..,..,..,..,..,..,70.00,..,..,..,..,9.00,..,..,..,..,66.00,..,..,..,..,44.00,..,..,..,..,39.00,..,..,..,..,13.00,..,..,..,..,24.00,..,..,..,..,..,..,..,..,..,..,..,..,..,..,2799.00,1517.00,1828.00,1154.00,780.00,5279.00,1077.00,1005.00,713.00,1076.00,3871.00,613.00,807.00,1104.00,1817.00,4341.00,523.00,651.00,1305.00,1343.00,3822.00,452.00,622.00,3546.00,3087.00,7707.00,410.00,467.00,3223.00,3430.00,7530.00,722.00,520.00,3400.00,3482.00,8124.00,910.00,570.00,3551.00,3528.00,8559.00,1217.00,682.00,3597.00,3495.00,8991.00,1506.00,724.00,3058.00,3717.00,9005.00,1578.00,761.00,3166.00,4044.00,9549.00,1632.33,895.86,3291.03,3895.29,9714.51,1528.14,866.75,3457.07,4602.63,10454.59,1473.84,823.41,3043.75,4518.65,9859.65,2261.46,882.41,3890.46,5048.71,12083.04,2217.34,1016.43,3942.34,5061.21,12237.32,2542.80,5295.06,3565.60,4343.27,15746.73,2198.74,4568.81,3227.60,4127.02,14122.17,2185.19,4240.11,2900.57,3860.67,13186.54,2077.00,4013.46,2630.73,3412.66,12133.85,2159.40,3924.08,2575.16,3145.21,11803.85,2031.78,3854.43,2645.27,3249.43,11780.91,2215.00,3864.71,2693.59,3415.70,12189.00,2353.66,3996.03,2735.52,3457.68,12542.89,2270.64,3595.97,2619.44,3214.19,11700.24,2255.40,3455.22,2569.20,3072.23,11352.05,2289.20,3543.85,2588.20,3080.88,11502.13,2311.39,3190.06,2533.98,2882.08,10917.51,2264.40,3078.62,2305.34,2744.45,10392.81,2073.45,5646.19,3456.71,3369.77,14546.12,1925.90,1924.17,1703.87,2548.04,8101.98,1960.04,1723.64,1681.17,4408.14,9772.99,3557.12,2349.30,1954.97,3675.18,11536.58,3479.11,..,..,..,..
....Lanao del Norte,..Municipal Fisheries,..,..,..,..,6347.00,..,..,..,..,9905.00,..,..,..,..,6652.00,..,..,..,..,7170.00,..,..,..,..,5324.00,..,..,..,..,4897.00,..,..,..,..,2554.00,..,..,..,..,3364.00,..,..,..,..,4951.00,..,..,..,..,5100.00,..,..,..,..,3354.00,..,..,..,..,3107.00,..,..,..,..,4027.00,3395.00,2963.00,989.00,849.00,8196.00,1797.00,1041.00,1362.00,1159.00,5359.00,1187.00,1097.00,1258.00,1264.00,4806.00,1322.00,1211.00,1342.00,1343.00,5218.00,1186.00,1267.00,1104.00,1116.00,4673.00,1050.00,963.00,1098.00,1176.00,4287.00,1178.00,1019.00,1155.00,1401.00,4753.00,1112.00,994.00,1125.00,1522.00,4753.00,1164.00,1047.00,1297.00,2290.00,5798.00,1455.00,961.00,1259.00,2483.00,6158.00,1506.00,1040.00,1361.00,2582.00,6489.00,1565.09,1068.68,1395.60,2623.02,6652.39,1532.25,1027.05,2158.60,2692.50,7410.40,2654.30,1248.16,3052.70,2658.82,9613.98,2977.93,1294.82,3547.63,3403.54,11223.92,3125.47,1715.70,3761.61,3859.30,12462.08,3025.80,1975.69,3808.44,3904.51,12714.44,3140.93,2297.57,4000.94,3820.37,13259.81,2902.65,2242.25,4182.03,4206.35,13533.28,2785.22,2512.37,4365.33,4108.80,13771.72,2818.73,2474.10,4203.11,3885.15,13381.09,2734.30,2631.57,4002.03,3662.36,13030.26,2842.45,2689.76,4069.53,3986.85,13588.59,2918.41,2989.81,4189.52,4123.62,14221.36,2875.01,3028.43,4151.35,4142.26,14197.05,2796.25,2908.05,4236.02,4171.12,14111.44,2835.07,2937.92,4230.99,4235.98,14239.96,2573.02,2709.32,4131.53,4167.85,13581.72,3381.66,2773.11,4075.42,4220.91,14451.10,2444.92,5616.60,4675.71,8769.32,21506.55,3136.56,1831.08,5314.49,5850.42,16132.56,1943.42,2137.33,8808.07,10384.35,23273.17,4929.84,4385.60,7464.87,10434.73,27215.03,3895.51,..,..,..,..
....Lanao del Norte,....Marine Municipal Fisheries,..,..,..,..,6347.00,..,..,..,..,9905.00,..,..,..,..,6652.00,..,..,..,..,7170.00,..,..,..,..,5324.00,..,..,..,..,4897.00,..,..,..,..,2554.00,..,..,..,..,3364.00,..,..,..,..,4951.00,..,..,..,..,5100.00,..,..,..,..,3354.00,..,..,..,..,3107.00,..,..,..,..,4027.00,1300.00,783.00,729.00,661.00,3473.00,1377.00,759.00,826.00,771.00,3733.00,821.00,777.00,864.00,929.00,3391.00,979.00,900.00,936.00,978.00,3793.00,846.00,942.00,904.00,935.00,3627.00,818.00,803.00,942.00,1023.00,3586.00,1029.00,850.00,1005.00,1260.00,4144.00,973.00,843.00,972.00,1325.00,4113.00,1015.00,890.00,1138.00,2090.00,5133.00,1299.00,835.00,993.00,2290.00,5417.00,1323.00,859.00,1053.00,2316.00,5551.00,1397.09,881.48,1084.50,2347.22,5710.29,1363.15,876.05,1754.60,2401.50,6395.30,2511.00,1052.41,2637.70,2359.72,8560.83,2706.40,1086.00,3050.28,3080.99,9923.67,2826.67,1448.68,3270.29,3486.08,11031.72,2719.17,1663.72,3257.05,3516.70,11156.64,2815.29,1953.12,3478.82,3375.02,11622.25,2528.93,1895.10,3655.08,3792.64,11871.75,2391.74,2150.38,3839.64,3703.61,12085.37,2445.70,2121.80,3786.78,3538.02,11892.30,2422.10,2276.50,3607.91,3358.51,11665.02,2522.20,2367.46,3723.46,3654.84,12267.96,2631.92,2665.65,3825.56,3744.42,12867.55,2536.86,2700.24,3784.43,3789.89,12811.42,2468.83,2555.28,3877.12,3825.15,12726.38,2531.67,2583.66,3879.30,3896.85,12891.48,2240.40,2346.26,3758.35,3800.70,12145.71,2197.93,2394.01,3646.12,3842.72,12080.78,2129.64,5052.15,4271.83,8397.89,19851.51,2823.58,1702.39,5006.23,5538.81,15071.00,1648.71,1931.14,8484.35,9933.40,21997.60,4544.31,4169.18,7153.71,10281.51,26148.71,3541.73,..,..,..,..
....Lanao del Norte,....Inland Municipal Fisheries,..,..,..,..,..,..,..,..,..,..,..,..,..,..,..,..,..,..,..,..,..,..,..,..,..,..,..,..,..,..,..,..,..,..,..,..,..,..,..,..,..,..,..,..,..,..,..,..,..,..,..,..,..,..,..,..,..,..,..,..,..,..,..,..,..,2095.00,2180.00,260.00,188.00,4723.00,420.00,282.00,536.00,388.00,1626.00,366.00,320.00,394.00,335.00,1415.00,343.00,311.00,406.00,365.00,1425.00,340.00,325.00,200.00,181.00,1046.00,232.00,160.00,156.00,153.00,701.00,149.00,169.00,150.00,141.00,609.00,139.00,151.00,153.00,197.00,640.00,149.00,157.00,159.00,200.00,665.00,156.00,126.00,266.00,193.00,741.00,183.00,181.00,308.00,266.00,938.00,168.00,187.20,311.10,275.80,942.10,169.10,151.00,404.00,291.00,1015.10,143.30,195.75,415.00,299.10,1053.15,271.53,208.82,497.35,322.55,1300.25,298.80,267.02,491.32,373.22,1430.36,306.63,311.97,551.39,387.81,1557.80,325.64,344.45,522.12,445.35,1637.56,373.72,347.15,526.95,413.71,1661.53,393.48,361.99,525.69,405.19,1686.35,373.03,352.30,416.33,347.13,1488.79,312.20,355.07,394.12,303.85,1365.24,320.25,322.30,346.07,332.01,1320.63,286.49,324.16,363.96,379.20,1353.81,338.15,328.19,366.92,352.37,1385.63,327.42,352.77,358.90,345.97,1385.06,303.40,354.26,351.69,339.13,1348.48,332.62,363.06,373.18,367.15,1436.01,1183.73,379.10,429.30,378.19,2370.32,315.28,564.45,403.88,371.43,1655.04,312.99,128.69,308.26,311.62,1061.56,294.72,206.19,323.72,450.95,1275.57,385.53,216.42,311.15,153.22,1066.32,353.78,..,..,..,..
....Lanao del Norte,..Aquaculture,..,..,..,..,1775.00,..,..,..,..,2153.00,..,..,..,..,2287.00,..,..,..,..,2004.00,..,..,..,..,1733.00,..,..,..,..,1725.00,..,..,..,..,1928.00,..,..,..,..,1885.00,..,..,..,..,2152.00,..,..,..,..,2262.00,..,..,..,..,3295.43,..,..,..,..,3681.92,..,..,..,..,2981.00,567.00,467.00,2257.00,128.00,3419.00,819.00,767.00,1055.00,991.00,3632.00,1291.00,545.00,3298.00,903.00,6037.00,1415.00,648.00,3874.00,1045.00,6982.00,1403.00,566.00,3991.00,1169.00,7129.00,1079.00,492.00,4693.00,1357.00,7621.00,2437.00,1489.00,6308.00,2886.00,13120.00,2750.00,1486.00,6458.00,2993.00,13687.00,3468.00,2748.00,6866.00,6338.00,19420.00,4078.00,2747.00,6444.00,6971.00,20240.00,4120.00,3110.00,6398.00,7912.00,21540.00,3738.00,3236.00,6771.00,8702.18,22447.18,3714.00,3925.17,9730.00,8781.00,26150.17,5636.00,6332.80,11544.78,7444.96,30958.54,10167.99,8968.60,13883.04,9213.37,42233.00,10865.66,9194.44,14456.77,10193.59,44710.47,10948.33,9692.73,17450.18,12422.83,50514.07,12042.40,11453.90,17839.93,14631.29,55967.52,12289.64,10328.70,15317.98,15561.21,53497.53,12720.82,11244.12,16290.90,14648.33,54904.18,12909.40,11844.41,17108.15,14827.15,56689.12,12414.66,11248.99,16090.40,14051.39,53805.43,12337.17,12400.82,17287.95,14248.56,56274.50,12847.27,12921.95,18536.08,14093.18,58398.48,10130.09,13684.02,15649.29,13384.43,52847.83,9966.40,12760.80,16035.04,13649.82,52412.06,10487.63,13112.13,16878.87,14863.92,55342.55,12231.07,12658.23,15514.79,11150.84,51554.93,6535.14,9353.25,10694.13,9889.97,36472.50,3173.39,4769.46,7301.30,3762.91,19007.07,1325.65,3566.46,1465.03,2546.28,8903.42,1195.27,1978.78,1320.87,1877.88,6372.81,1936.41,976.60,1697.79,2110.74,6721.54,1859.46,..,..,..,..
....Misamis Occidental,FISHERIES,..,..,..,..,3665.00,..,..,..,..,3913.00,..,..,..,..,9025.00,..,..,..,..,3915.00,..,..,..,..,4795.00,..,..,..,..,4729.00,..,..,..,..,4895.00,..,..,..,..,5473.00,..,..,..,..,5824.00,..,..,..,..,6156.00,..,..,..,..,5196.50,..,..,..,..,5490.53,..,..,..,..,5907.00,946.00,1298.00,772.00,1052.00,4068.00,1163.00,1200.00,1309.00,1179.00,4851.00,1696.00,1929.00,1493.00,1446.00,6564.00,1711.00,2144.00,1364.00,1360.00,6579.00,3175.00,2026.00,3398.00,2865.00,11464.00,3847.00,3551.00,4782.00,3876.00,16056.00,3708.00,4650.00,4791.00,4436.00,17585.00,4098.00,5010.00,5233.00,4895.00,19236.00,6604.00,7963.00,7482.00,5737.00,27786.00,7400.60,10473.20,9746.00,6636.00,34255.80,8412.60,14950.00,12874.40,8352.98,44589.98,16691.07,23285.69,17406.35,9105.62,66488.73,16193.44,16007.42,18837.71,10088.24,61126.81,17398.52,14021.95,13880.68,8301.00,53602.15,14081.99,16268.37,15132.30,8192.43,53675.09,14670.52,17556.83,15510.76,8435.38,56173.49,15035.72,17423.50,13198.15,7202.81,52860.18,14177.15,16886.37,13396.60,7148.71,51608.83,13364.48,16758.29,14336.32,7264.15,51723.24,13132.94,16530.48,14221.71,7001.10,50886.24,12983.91,16567.60,14841.63,7691.16,52084.30,12609.16,18530.10,15347.65,7848.99,54335.90,12255.75,18847.32,15577.82,7857.07,54537.96,12392.17,17623.84,15599.87,7933.44,53549.32,12258.44,15536.91,15204.62,7572.41,50572.38,11560.33,14678.69,14004.46,7451.06,47694.54,11273.40,14377.89,13329.84,7294.74,46275.86,10350.11,14048.88,12988.08,7251.77,44638.84,9478.35,11997.84,12295.25,6562.09,40333.52,7445.91,8542.81,6179.43,3840.31,26008.46,3126.97,4061.17,3434.82,3392.32,14015.28,2760.54,3599.77,2950.85,3419.76,12730.91,2818.68,3152.55,3178.40,2288.19,11437.81,2397.78,..,..,..,..
....Misamis Occidental,..Commercial Fisheries,..,..,..,..,809.00,..,..,..,..,1154.00,..,..,..,..,1816.00,..,..,..,..,1460.00,..,..,..,..,1662.00,..,..,..,..,1867.00,..,..,..,..,1640.00,..,..,..,..,1519.00,..,..,..,..,1428.00,..,..,..,..,1547.00,..,..,..,..,575.00,..,..,..,..,688.00,..,..,..,..,1731.00,229.00,432.00,229.00,397.00,1287.00,563.00,645.00,429.00,342.00,1979.00,1001.00,992.00,604.00,557.00,3154.00,773.00,909.00,575.00,440.00,2697.00,2110.00,850.00,1216.00,1362.00,5538.00,2558.00,1913.00,2000.00,1624.00,8095.00,2048.00,1946.00,2258.00,1960.00,8212.00,2152.00,2434.00,2650.00,1973.00,9209.00,3117.00,4000.00,3700.00,2524.00,13341.00,3520.00,5659.00,5082.00,2640.00,16901.00,3850.00,6681.00,5774.00,2693.00,18998.00,4876.37,6843.51,6076.60,2241.85,20038.33,4659.49,5790.36,6928.42,2050.00,19428.27,4426.03,5850.11,5889.07,2044.00,18209.21,6841.38,6529.92,6909.10,1778.41,22058.81,7149.92,6993.90,7014.14,1788.31,22946.27,7096.94,6830.57,4779.36,1448.66,20155.53,6431.49,6415.45,4372.30,1393.88,18613.12,5434.60,6030.51,4333.53,1242.54,17041.18,5203.31,5796.20,4107.18,1154.86,16261.55,5242.45,5757.19,4092.10,1316.40,16408.14,4967.99,5533.30,4037.86,1319.37,15858.52,4648.35,5592.52,3831.98,1221.61,15294.46,4733.52,5531.22,3974.76,1205.52,15445.02,4647.25,5097.10,3920.64,1166.06,14831.05,4307.54,4781.12,3491.75,1102.21,13682.62,4035.79,4527.31,3269.71,1036.09,12868.90,3599.30,4241.00,2958.18,936.27,11734.75,3199.45,2999.41,2718.22,778.70,9695.78,2260.20,2189.62,1372.55,443.05,6265.43,1060.31,1092.19,534.62,419.02,3106.15,524.02,1202.10,262.04,306.81,2294.97,172.45,612.59,236.50,123.12,1144.66,152.50,..,..,..,..
....Misamis Occidental,..Municipal Fisheries,..,..,..,..,2497.00,..,..,..,..,2393.00,..,..,..,..,6843.00,..,..,..,..,2221.00,..,..,..,..,2475.00,..,..,..,..,2385.00,..,..,..,..,2715.00,..,..,..,..,3414.00,..,..,..,..,3551.00,..,..,..,..,3706.00,..,..,..,..,3547.00,..,..,..,..,3602.00,..,..,..,..,2803.00,549.00,563.00,401.00,489.00,2002.00,498.00,464.00,651.00,572.00,2185.00,482.00,679.00,713.00,741.00,2615.00,586.00,720.00,737.00,680.00,2723.00,720.00,815.00,2135.00,1079.00,4749.00,966.00,965.00,2500.00,1819.00,6250.00,1390.00,1669.00,2301.00,2110.00,7470.00,1806.00,1833.00,2335.00,2090.00,8064.00,2706.00,3000.00,3500.00,2655.00,11861.00,3211.00,3386.00,4273.00,3274.00,14144.00,3785.00,4486.00,4461.00,3387.00,16119.00,3963.50,4730.88,4576.24,3347.87,16618.49,3665.95,4223.76,5369.22,3806.32,17065.25,3477.29,4282.12,4619.25,3806.33,16184.99,4289.74,5493.30,4682.06,3843.63,18308.73,4466.46,6139.30,4781.92,3892.82,19280.50,4833.54,6093.09,4309.38,3003.33,18239.34,4678.77,5768.11,4683.31,2886.24,18016.43,4479.51,5768.06,4898.39,2706.36,17852.32,4310.95,5509.21,4883.71,2610.51,17314.38,4290.02,5453.70,5358.34,2731.42,17833.48,3974.25,5591.59,5273.57,2742.55,17581.96,4002.35,5126.73,5220.75,2837.96,17187.79,3940.07,5305.66,5350.88,2924.35,17520.96,4055.79,5360.22,5401.76,2939.17,17756.94,3941.86,5099.25,5076.04,2966.34,17083.49,3973.04,5040.38,4861.31,2992.09,16866.82,3702.54,4869.33,4775.64,3006.02,16353.53,3379.60,4334.99,4473.85,2716.43,14904.87,3024.12,3645.76,2974.05,1547.55,11191.48,1375.48,1749.47,1432.82,1454.77,6012.54,1423.20,1308.07,1534.77,1511.59,5777.63,1296.80,1545.67,1904.80,1130.36,5877.63,1035.08,..,..,..,..
....Misamis Occidental,....Marine Municipal Fisheries,..,..,..,..,2497.00,..,..,..,..,2393.00,..,..,..,..,6843.00,..,..,..,..,2221.00,..,..,..,..,2475.00,..,..,..,..,2385.00,..,..,..,..,2715.00,..,..,..,..,3414.00,..,..,..,..,3551.00,..,..,..,..,3706.00,..,..,..,..,3547.00,..,..,..,..,3602.00,..,..,..,..,2803.00,549.00,563.00,401.00,489.00,2002.00,498.00,464.00,651.00,572.00,2185.00,482.00,679.00,713.00,741.00,2615.00,586.00,720.00,737.00,680.00,2723.00,720.00,815.00,2135.00,1079.00,4749.00,966.00,965.00,2500.00,1819.00,6250.00,1390.00,1669.00,2301.00,2110.00,7470.00,1806.00,1833.00,2335.00,2090.00,8064.00,2706.00,3000.00,3500.00,2655.00,11861.00,3211.00,3386.00,4273.00,3274.00,14144.00,3785.00,4486.00,4461.00,3387.00,16119.00,3963.18,4730.43,4576.16,3347.83,16617.60,3665.75,4223.74,5368.80,3803.50,17061.79,3473.24,4279.94,4617.09,3802.80,16173.07,4285.42,5492.28,4679.84,3839.83,18297.37,4461.74,6138.12,4778.32,3888.11,19266.29,4828.75,6091.46,4305.22,2998.21,18223.64,4674.23,5766.69,4678.94,2856.85,17976.71,4452.42,5749.93,4887.35,2676.20,17765.90,4276.50,5478.39,4864.24,2564.22,17183.35,4247.70,5408.58,5329.17,2683.90,17669.35,3944.71,5549.90,5241.63,2691.13,17427.37,3963.61,5081.29,5185.41,2794.72,17025.03,3903.28,5269.28,5314.82,2888.45,17375.83,4020.08,5332.14,5364.43,2910.27,17626.92,3908.48,5072.52,5044.00,2942.56,16967.56,3940.71,5015.22,4829.22,2968.41,16753.56,3671.76,4844.01,4743.19,2982.38,16241.34,3365.56,4315.32,4447.20,2694.09,14822.17,3012.29,3631.09,2962.15,1531.86,11137.38,1361.69,1744.13,1426.38,1440.13,5972.34,1416.90,1302.70,1527.87,1499.63,5747.11,1293.06,1542.92,1902.04,1125.24,5863.25,1032.77,..,..,..,..
....Misamis Occidental,....Inland Municipal Fisheries,..,..,..,..,..,..,..,..,..,..,..,..,..,..,..,..,..,..,..,..,..,..,..,..,..,..,..,..,..,..,..,..,..,..,..,..,..,..,..,..,..,..,..,..,..,..,..,..,..,..,..,..,..,..,..,..,..,..,..,..,..,..,..,..,..,..,..,..,..,..,..,..,..,..,..,..,..,..,..,..,..,..,..,..,..,..,..,..,..,..,..,..,..,..,..,..,..,..,..,..,..,..,..,..,..,..,..,..,..,..,..,..,..,..,..,..,..,..,..,..,0.32,0.45,0.08,0.04,0.89,0.20,0.02,0.42,2.82,3.46,4.05,2.18,2.16,3.53,11.92,4.32,1.02,2.22,3.80,11.36,4.72,1.18,3.60,4.71,14.21,4.79,1.63,4.16,5.12,15.70,4.54,1.42,4.37,29.39,39.72,27.09,18.13,11.04,30.16,86.42,34.45,30.82,19.47,46.29,131.03,42.32,45.12,29.17,47.52,164.13,29.54,41.69,31.94,51.42,154.59,38.74,45.44,35.34,43.24,162.76,36.79,36.38,36.06,35.90,145.13,35.71,28.08,37.33,28.90,130.02,33.38,26.73,32.04,23.78,115.93,32.33,25.16,32.09,23.68,113.26,30.78,25.32,32.45,23.64,112.19,14.04,19.67,26.65,22.34,82.70,11.83,14.67,11.90,15.69,54.09,13.78,5.35,6.44,14.63,40.20,6.30,5.37,6.90,11.96,30.52,3.75,2.75,2.76,5.12,14.38,2.31,..,..,..,..
....Misamis Occidental,..Aquaculture,..,..,..,..,359.00,..,..,..,..,366.00,..,..,..,..,366.00,..,..,..,..,234.00,..,..,..,..,658.00,..,..,..,..,477.00,..,..,..,..,540.00,..,..,..,..,540.00,..,..,..,..,845.00,..,..,..,..,903.00,..,..,..,..,1074.50,..,..,..,..,1200.53,..,..,..,..,1373.00,168.00,303.00,142.00,166.00,779.00,102.00,91.00,229.00,265.00,687.00,213.00,258.00,176.00,148.00,795.00,352.00,515.00,52.00,240.00,1159.00,345.00,361.00,47.00,424.00,1177.00,323.00,673.00,282.00,433.00,1711.00,270.00,1035.00,232.00,366.00,1903.00,140.00,743.00,248.00,832.00,1963.00,781.00,963.00,282.00,558.00,2584.00,669.60,1428.20,391.00,722.00,3210.80,777.60,3783.00,2639.40,2272.98,9472.98,7851.20,11711.30,6753.51,3515.90,29831.91,7868.00,5993.30,6540.07,4231.92,24633.29,9495.20,3889.72,3372.36,2450.67,19207.95,2950.87,4245.15,3541.14,2570.39,13307.55,3054.14,4423.63,3714.70,2754.25,13946.72,3105.24,4499.84,4109.41,2750.82,14465.31,3066.89,4702.81,4340.99,2868.59,14979.28,3450.37,4959.72,5104.40,3315.25,16829.74,3618.68,5225.07,5230.82,3235.73,17310.31,3451.44,5356.71,5391.19,3643.34,17842.68,3666.92,7405.21,6036.22,3787.07,20895.42,3605.05,8128.07,6525.09,3797.50,22055.71,3718.58,6786.96,6274.23,3803.57,20583.34,3555.40,5079.59,5882.22,3467.18,17984.39,3310.93,4798.32,5436.67,3382.51,16928.43,3264.57,4810.20,5198.82,3266.56,16540.14,3048.27,4938.55,5254.26,3309.48,16550.56,2899.30,4663.44,5103.18,3066.96,15732.87,2161.59,2707.44,1832.83,1849.70,8551.55,691.18,1219.50,1467.38,1518.53,4896.59,813.32,1089.59,1154.04,1601.36,4658.31,1349.44,994.28,1037.10,1034.71,4415.52,1210.20,..,..,..,..
....Misamis Oriental,FISHERIES,..,..,..,..,18525.00,..,..,..,..,18288.00,..,..,..,..,10833.00,..,..,..,..,12014.00,..,..,..,..,13661.00,..,..,..,..,13639.00,..,..,..,..,14605.00,..,..,..,..,15143.00,..,..,..,..,15444.00,..,..,..,..,16225.00,..,..,..,..,14329.80,..,..,..,..,13873.58,..,..,..,..,14078.00,4186.00,2366.00,3196.00,4369.00,14117.00,7151.00,8217.00,2925.00,5200.00,23493.00,9959.00,11308.00,3274.00,3296.00,27837.00,7994.00,9369.00,3445.00,3233.00,24041.00,7605.00,6823.00,3512.00,3484.00,21424.00,5933.00,6194.00,3647.00,3185.00,18959.00,4744.00,5415.00,4578.00,2886.00,17623.00,5185.00,5920.00,4553.00,2605.00,18263.00,5513.00,6327.00,4109.00,3237.00,19186.00,4948.00,6911.00,3121.00,2952.30,17932.30,4479.00,7227.20,2747.85,2556.00,17010.05,4984.06,7160.60,2981.23,2472.92,17598.81,4393.17,6887.65,3843.05,3863.31,18987.18,3778.11,7312.48,4324.83,3514.17,18929.58,3953.66,7386.10,4159.27,3647.76,19146.80,4206.28,7205.58,4339.65,3936.23,19687.73,3972.14,6810.75,4234.47,3685.26,18702.61,3719.41,7811.26,4523.48,3806.28,19860.43,3408.88,7468.44,4526.82,3288.52,18692.66,2832.02,6806.53,3244.59,3300.97,16184.12,2994.36,6657.68,3388.32,3290.30,16330.66,4369.63,7404.71,3433.58,4142.06,19349.98,4761.52,8104.59,3533.64,3996.59,20396.33,5622.29,8110.51,3773.52,4253.07,21759.39,4869.06,7995.12,3731.08,4108.77,20704.04,4752.05,8395.23,3544.69,3935.33,20627.29,4910.81,7312.00,3334.50,3658.64,19215.96,3772.49,4731.05,3086.45,3236.07,14826.06,1932.86,3798.39,3147.73,3201.21,12080.19,2317.53,2714.03,3212.09,2356.61,10600.25,1580.94,1803.53,1898.02,1969.37,7251.86,1918.70,1840.38,2454.17,1498.90,7712.15,2141.60,2761.61,2794.22,2293.82,9991.24,1923.44,..,..,..,..
....Misamis Oriental,..Commercial Fisheries,..,..,..,..,1956.00,..,..,..,..,2516.00,..,..,..,..,1998.00,..,..,..,..,2849.00,..,..,..,..,3265.00,..,..,..,..,3641.00,..,..,..,..,4267.00,..,..,..,..,4527.00,..,..,..,..,4479.00,..,..,..,..,4775.00,..,..,..,..,2945.00,..,..,..,..,3773.00,..,..,..,..,4203.00,950.00,1049.00,1904.00,2784.00,6687.00,3601.00,6023.00,1619.00,3397.00,14640.00,6563.00,9166.00,1551.00,1227.00,18507.00,4702.00,7398.00,1622.00,1310.00,15032.00,4231.00,5326.00,1808.00,2286.00,13651.00,3408.00,4243.00,1718.00,2126.00,11495.00,2981.00,3620.00,2888.00,1935.00,11424.00,3288.00,4060.00,2942.00,1708.00,11998.00,3554.00,4320.00,2643.00,1415.00,11932.00,3125.00,5084.00,1948.00,1334.00,11491.00,2788.00,5305.00,1675.00,1213.00,10981.00,3193.31,5220.96,1845.50,1171.06,11430.83,2614.00,4714.00,1724.71,1523.50,10576.21,2295.01,4902.31,2475.97,1429.46,11102.75,2320.44,4647.17,2392.93,1638.12,10998.66,2291.97,4568.64,2572.93,1698.80,11132.34,1855.43,4182.49,2343.04,1505.42,9886.38,1721.66,5032.73,2521.56,1338.45,10614.40,1398.48,4622.57,2288.42,1080.80,9390.27,1116.69,4096.79,1249.51,1080.05,7543.04,1415.79,4046.93,1519.16,1140.30,8122.18,2211.44,4554.87,1481.84,858.86,9107.01,2554.12,5393.16,1410.52,919.36,10277.16,2856.75,5247.89,1549.43,1016.67,10670.74,1962.01,4972.44,1446.08,982.19,9362.72,1994.51,5122.85,1365.68,973.57,9456.61,2085.92,4402.90,1088.67,1202.44,8779.93,1330.28,2741.89,1378.52,1152.74,6603.43,531.87,2381.41,1379.36,1065.42,5358.06,731.78,827.17,901.27,887.18,3347.41,257.38,659.37,725.31,793.12,2435.19,353.40,570.64,615.84,277.97,1817.85,313.51,680.30,643.73,681.51,2319.04,294.30,..,..,..,..
....Misamis Oriental,..Municipal Fisheries,..,..,..,..,16175.00,..,..,..,..,15371.00,..,..,..,..,8434.00,..,..,..,..,8961.00,..,..,..,..,9962.00,..,..,..,..,9674.00,..,..,..,..,10037.00,..,..,..,..,10329.00,..,..,..,..,10536.00,..,..,..,..,10993.00,..,..,..,..,10841.00,..,..,..,..,9493.00,..,..,..,..,9180.00,3127.00,1183.00,862.00,1399.00,6571.00,3147.00,1600.00,1211.00,1674.00,7632.00,3002.00,1712.00,1678.00,1872.00,8264.00,3028.00,1660.00,1632.00,1793.00,8113.00,3176.00,1276.00,1647.00,1078.00,7177.00,2506.00,1824.00,1876.00,992.00,7198.00,1706.00,1712.00,1614.00,895.00,5927.00,1838.00,1808.00,1527.00,808.00,5981.00,1927.00,1971.00,1391.00,1739.00,7028.00,1772.00,1801.00,1129.00,1522.00,6224.00,1647.00,1883.00,1036.00,1293.00,5859.00,1769.65,1912.62,1103.98,1265.71,6051.96,1731.24,2001.40,2054.79,2245.41,8032.84,1464.32,2304.12,1776.56,1993.02,7538.02,1590.35,2611.33,1693.96,1883.79,7779.43,1797.96,2525.73,1594.33,1953.62,7871.64,1854.91,2373.88,1430.85,1765.78,7425.42,1638.58,2506.92,1475.87,1569.65,7191.02,1468.86,2389.62,1634.58,1494.44,6987.50,1229.60,2296.62,1490.95,1360.20,6377.37,1270.77,2257.89,1529.84,1488.91,6547.41,1565.94,2430.68,1567.30,2358.03,7921.95,2020.62,2313.86,1429.47,2495.84,8259.79,2169.04,2220.88,1487.43,2590.36,8467.71,2014.28,2109.73,1457.05,2454.88,8035.94,1930.64,2388.79,1360.39,2255.98,7935.80,1977.50,2476.18,1778.87,2035.79,8268.34,2134.64,1519.27,1580.75,1727.06,6961.72,1117.20,1010.06,1482.15,1696.85,5306.26,1396.32,1590.47,1947.95,1251.09,6185.83,1109.83,905.30,861.73,957.77,3834.63,1259.44,987.43,1597.75,1051.73,4896.35,1662.88,1803.87,1610.32,1280.12,6357.19,1349.47,..,..,..,..
....Misamis Oriental,....Marine Municipal Fisheries,..,..,..,..,16175.00,..,..,..,..,15371.00,..,..,..,..,8434.00,..,..,..,..,8961.00,..,..,..,..,9962.00,..,..,..,..,9674.00,..,..,..,..,10037.00,..,..,..,..,10329.00,..,..,..,..,10536.00,..,..,..,..,10993.00,..,..,..,..,10841.00,..,..,..,..,9493.00,..,..,..,..,9180.00,3104.00,1173.00,857.00,1394.00,6528.00,3140.00,1592.00,1189.00,1648.00,7569.00,2993.00,1706.00,1667.00,1859.00,8225.00,3015.00,1646.00,1622.00,1745.00,8028.00,3166.00,1267.00,1639.00,1071.00,7143.00,2494.00,1780.00,1816.00,956.00,7046.00,1696.00,1690.00,1581.00,875.00,5842.00,1830.00,1790.00,1505.00,790.00,5915.00,1920.00,1965.00,1385.00,1726.00,6996.00,1766.00,1796.00,1125.00,1514.00,6201.00,1642.00,1879.00,1033.00,1287.00,5841.00,1761.65,1909.00,1101.50,1264.56,6036.71,1729.62,1997.90,2052.85,2239.20,8019.57,1458.17,2297.43,1770.69,1984.27,7510.56,1583.50,2598.87,1677.23,1864.11,7723.71,1777.46,2504.25,1566.99,1910.10,7758.80,1827.85,2348.34,1397.42,1713.94,7287.55,1589.17,2466.71,1429.56,1509.37,6994.81,1430.92,2350.76,1599.32,1440.46,6821.46,1189.86,2260.70,1466.35,1291.52,6208.43,1244.54,2236.06,1514.76,1451.45,6446.81,1544.54,2414.50,1534.04,2274.84,7767.92,2001.77,2257.82,1387.97,2412.19,8059.75,2136.39,2162.01,1454.12,2512.26,8264.78,1982.36,2054.39,1424.50,2380.57,7841.82,1896.54,2332.15,1328.73,2169.25,7726.67,1939.24,2409.93,1756.67,1966.66,8072.50,2095.44,1459.31,1498.99,1663.90,6717.64,1115.13,1006.75,1479.52,1693.75,5295.15,1389.93,1587.67,1946.50,1249.19,6173.29,1105.99,901.50,856.68,953.83,3818.01,1258.16,986.25,1596.14,1049.43,4889.97,1661.73,1803.52,1610.03,1279.90,6355.19,1348.91,..,..,..,..
....Misamis Oriental,....Inland Municipal Fisheries,..,..,..,..,..,..,..,..,..,..,..,..,..,..,..,..,..,..,..,..,..,..,..,..,..,..,..,..,..,..,..,..,..,..,..,..,..,..,..,..,..,..,..,..,..,..,..,..,..,..,..,..,..,..,..,..,..,..,..,..,..,..,..,..,..,23.00,10.00,5.00,5.00,43.00,7.00,8.00,22.00,26.00,63.00,9.00,6.00,11.00,13.00,39.00,13.00,14.00,10.00,48.00,85.00,10.00,9.00,8.00,7.00,34.00,12.00,44.00,60.00,36.00,152.00,10.00,22.00,33.00,20.00,85.00,8.00,18.00,22.00,18.00,66.00,7.00,6.00,6.00,13.00,32.00,6.00,5.00,4.00,8.00,23.00,5.00,4.00,3.00,6.00,18.00,8.00,3.62,2.48,1.15,15.25,1.62,3.50,1.94,6.21,13.27,6.15,6.69,5.87,8.75,27.46,6.85,12.46,16.73,19.68,55.72,20.50,21.48,27.34,43.52,112.84,27.06,25.54,33.43,51.84,137.87,49.41,40.21,46.31,60.28,196.21,37.94,38.86,35.26,53.98,166.04,39.74,35.92,24.60,68.68,168.94,26.23,21.83,15.08,37.46,100.60,21.40,16.18,33.26,83.19,154.03,18.85,56.04,41.50,83.65,200.04,32.65,58.87,33.31,78.10,202.93,31.92,55.34,32.55,74.31,194.12,34.10,56.64,31.66,86.73,209.13,38.26,66.25,22.20,69.13,195.84,39.20,59.96,81.76,63.16,244.08,2.07,3.31,2.63,3.10,11.11,6.39,2.80,1.46,1.90,12.54,3.84,3.80,5.05,3.94,16.62,1.28,1.18,1.61,2.30,6.38,1.15,0.34,0.29,0.22,2.00,0.56,..,..,..,..
....Misamis Oriental,..Aquaculture,..,..,..,..,394.00,..,..,..,..,401.00,..,..,..,..,401.00,..,..,..,..,204.00,..,..,..,..,434.00,..,..,..,..,324.00,..,..,..,..,301.00,..,..,..,..,287.00,..,..,..,..,429.00,..,..,..,..,457.00,..,..,..,..,543.80,..,..,..,..,607.58,..,..,..,..,695.00,109.00,134.00,430.00,186.00,859.00,403.00,594.00,95.00,129.00,1221.00,394.00,430.00,45.00,197.00,1066.00,264.00,311.00,191.00,130.00,896.00,198.00,221.00,57.00,120.00,596.00,19.00,127.00,53.00,67.00,266.00,57.00,83.00,76.00,56.00,272.00,59.00,52.00,84.00,89.00,284.00,32.00,36.00,75.00,83.00,226.00,51.00,26.00,44.00,96.30,217.30,44.00,39.20,36.85,50.00,170.05,21.10,27.02,31.75,36.15,116.02,47.93,172.25,63.55,94.40,378.13,18.78,106.05,72.30,91.69,288.81,42.87,127.60,72.38,125.85,368.71,116.35,111.21,172.39,283.81,683.75,261.80,254.38,460.58,414.06,1390.81,359.17,271.61,526.05,898.18,2055.01,541.54,456.25,603.82,713.28,2314.89,485.73,413.12,504.13,860.72,2263.71,307.80,352.86,339.32,661.09,1661.07,592.25,419.16,384.44,925.17,2321.02,186.78,397.57,693.65,581.39,1859.38,596.50,641.74,736.66,646.04,2620.94,892.78,912.95,827.95,671.70,3305.38,826.90,883.59,818.62,705.78,3234.88,847.39,432.92,466.96,420.41,2167.69,307.57,469.89,127.18,356.27,1260.91,283.79,406.92,286.22,438.94,1415.87,189.43,296.38,362.86,218.34,1067.01,213.73,238.86,310.99,218.48,982.05,305.86,282.30,240.58,169.20,997.95,165.21,277.44,540.17,332.19,1315.01,279.66,..,..,..,..
..Region XI (Davao Region),FISHERIES,..,..,..,..,24892.00,..,..,..,..,23752.00,..,..,..,..,20192.00,..,..,..,..,19758.00,..,..,..,..,20589.00,..,..,..,..,19866.00,..,..,..,..,24799.00,..,..,..,..,28142.00,..,..,..,..,29484.00,..,..,..,..,31628.00,..,..,..,..,44767.19,..,..,..,..,35932.45,..,..,..,..,40932.00,6978.00,7966.00,6298.00,10879.00,32121.00,7217.00,9868.00,5797.00,6254.00,29136.00,6671.00,9384.00,6135.00,7330.00,29520.00,7666.00,8527.00,6433.00,8087.00,30713.00,7642.00,9060.00,9117.00,16177.00,41996.00,7367.00,9888.00,12238.00,11648.00,41141.00,9225.00,11575.00,11308.00,12375.00,44483.00,8854.10,10081.40,12708.82,13526.02,45170.34,9742.00,10837.00,13326.00,15275.00,49180.00,11368.22,10883.73,14231.30,15781.40,52264.65,11447.37,11562.90,13881.81,16946.07,53838.15,12194.19,11186.75,14176.90,16965.69,54523.53,11533.57,10983.51,15854.19,16723.57,55094.84,11820.98,12017.22,14329.83,19662.41,57830.44,18239.16,14145.35,16780.71,20186.34,69351.56,21476.93,11925.10,15234.35,21229.82,69866.19,18922.23,11951.45,14578.28,21087.18,66539.14,17399.50,15783.21,15731.14,20024.49,68938.33,15214.25,15485.95,15760.32,17789.08,64249.59,14716.97,14912.65,18313.76,19570.70,67514.08,16428.81,14832.19,21260.65,17573.55,70095.20,14205.89,11876.25,16268.47,12027.37,54377.97,15979.75,11771.84,19291.17,12455.70,59498.46,14569.59,11073.71,18013.74,14362.70,58019.74,17940.69,12135.35,13965.47,12629.04,56670.56,16064.57,10792.85,14479.48,10646.53,51983.43,15412.74,11591.29,11892.99,9348.87,48245.89,12302.15,8027.32,13678.28,11548.48,45556.23,8667.21,9241.17,17498.15,13223.87,48630.40,10137.49,22004.93,23243.60,25936.29,81322.31,19135.42,21312.24,17055.56,18455.63,75958.84,13694.99,15778.12,15592.24,19418.07,64483.43,16126.40,16871.60,14454.67,14386.67,61839.34,13203.08,..,..,..,..
..Region XI (Davao Region),..Commercial Fisheries,..,..,..,..,8608.00,..,..,..,..,8346.00,..,..,..,..,2719.00,..,..,..,..,1891.00,..,..,..,..,4798.00,..,..,..,..,2937.00,..,..,..,..,2127.00,..,..,..,..,1755.00,..,..,..,..,2492.00,..,..,..,..,2617.00,..,..,..,..,17631.00,..,..,..,..,4534.00,..,..,..,..,9943.00,1067.00,1398.00,1060.00,1598.00,5123.00,1068.00,1083.00,1284.00,1523.00,4958.00,1347.00,1541.00,1409.00,1593.00,5890.00,1410.00,1281.00,1518.00,1754.00,5963.00,1542.00,1429.00,2347.00,3663.00,8981.00,2030.00,1993.00,4464.00,2245.00,10732.00,2281.00,2772.00,3107.00,3014.00,11174.00,1835.00,1874.00,3021.00,3032.00,9762.00,2115.00,2497.00,3297.00,3446.00,11355.00,2651.00,2472.00,3841.00,3508.00,12472.00,2428.00,3350.00,3646.00,2991.00,12415.00,2720.86,2114.25,2590.16,2737.32,10162.59,2252.20,1976.20,2931.53,3448.98,10608.91,2125.90,3451.85,3701.78,5236.38,14515.91,4314.63,3833.36,3839.43,4882.72,16870.13,4891.60,3286.99,2921.45,4081.45,15181.49,3783.42,2532.90,2475.24,2556.55,11348.11,3456.78,4004.34,2768.15,2620.18,12849.45,3686.91,3708.84,3374.35,3088.39,13858.49,2419.86,3507.66,3405.12,5710.27,15042.91,2676.95,3758.88,3921.62,5572.47,15929.92,2293.53,2712.97,1894.36,3499.57,10400.43,1402.68,2117.70,1301.23,2479.92,7301.53,1436.39,1382.12,1018.07,1725.22,5561.80,891.07,900.58,962.13,1577.82,4331.60,827.38,730.56,662.14,1278.46,3498.54,693.34,746.50,592.36,458.56,2490.76,504.70,390.05,402.19,355.53,1652.47,347.97,580.28,650.76,630.78,2209.79,464.88,2242.92,1099.75,1865.97,5673.52,1243.51,1381.87,1683.25,1930.08,6238.71,1149.34,1726.28,1629.90,2174.45,6679.97,2321.56,3679.50,2491.03,1906.86,10398.95,1538.39,..,..,..,..
..Region XI (Davao Region),..Municipal Fisheries,..,..,..,..,14467.00,..,..,..,..,11917.00,..,..,..,..,13983.00,..,..,..,..,12670.00,..,..,..,..,10899.00,..,..,..,..,12166.00,..,..,..,..,18130.00,..,..,..,..,20850.00,..,..,..,..,20689.00,..,..,..,..,22364.00,..,..,..,..,20463.00,..,..,..,..,23953.00,..,..,..,..,19606.00,4163.00,5430.00,3169.00,7410.00,20172.00,3837.00,5962.00,3066.00,2653.00,15518.00,3795.00,6014.00,3736.00,4191.00,17736.00,4711.00,5346.00,3844.00,4386.00,18287.00,4567.00,5371.00,5457.00,11220.00,26615.00,3871.00,5640.00,6425.00,8132.00,24068.00,5360.00,6467.00,6762.00,7948.00,26537.00,5087.00,6380.00,7148.00,8223.00,26838.00,5544.00,6404.00,7416.00,8563.00,27927.00,6734.00,6104.00,7223.00,8301.00,28362.00,6890.00,5850.00,7098.00,10031.00,29869.00,7041.59,6088.14,6958.73,9158.36,29246.82,6534.00,6683.84,9441.62,9914.48,32573.94,6088.99,6260.01,7074.82,10771.60,30195.42,10494.07,7863.08,7396.46,8649.25,34402.86,10526.08,6006.32,7326.53,8126.17,31985.10,7531.63,5548.68,6413.87,7092.17,26586.35,7158.61,7871.02,7075.05,5980.74,28085.42,6160.95,7981.18,5271.35,4847.15,24260.63,5224.19,6446.76,4736.81,4463.29,20871.05,4871.35,5192.46,5383.14,4043.05,19490.00,4132.08,4512.63,4158.95,3353.61,16157.27,3972.26,4713.61,5540.97,5433.64,19660.48,3658.31,5489.37,5948.97,8081.68,23178.33,7625.75,6381.40,6423.05,7404.55,27834.75,5979.16,5454.97,6762.70,4924.03,23120.86,6763.07,6449.18,4482.35,4010.07,21704.67,4710.89,3854.55,4051.22,5360.99,17977.65,3572.88,3733.79,4995.55,5305.03,17607.25,3504.60,13572.69,12597.49,13652.90,43327.69,11772.86,12034.60,9306.52,10294.35,43408.33,7668.29,8586.70,7569.69,8208.63,32033.31,7650.11,8104.61,7155.03,6735.37,29645.13,6009.42,..,..,..,..
..Region XI (Davao Region),....Marine Municipal Fisheries,..,..,..,..,12302.00,..,..,..,..,11674.00,..,..,..,..,13591.00,..,..,..,..,12474.00,..,..,..,..,10683.00,..,..,..,..,11863.00,..,..,..,..,17855.00,..,..,..,..,20603.00,..,..,..,..,20468.00,..,..,..,..,22127.00,..,..,..,..,20129.00,..,..,..,..,23692.00,..,..,..,..,19349.00,4160.00,5426.00,3160.00,7403.00,20149.00,3822.00,5945.00,3034.00,2602.00,15403.00,3781.00,5985.00,3711.00,4173.00,17650.00,4698.00,5318.00,3818.00,4367.00,18201.00,4560.00,5334.00,5445.00,11205.00,26544.00,3861.00,5627.00,6415.00,8124.00,24027.00,5328.00,6418.00,6730.00,7917.00,26393.00,5046.00,6325.00,7099.00,8158.00,26628.00,5496.00,6348.00,7363.00,8498.00,27705.00,6689.00,6038.00,7163.00,8224.00,28114.00,6829.00,5784.00,7029.00,10010.00,29652.00,7006.83,6047.40,6923.27,9097.97,29075.47,6484.31,6622.26,9407.51,9885.35,32399.43,6048.78,6213.35,7040.39,10735.81,30038.33,10462.45,7817.20,7357.20,8610.08,34246.93,10503.59,5961.18,7286.03,8089.82,31840.62,7496.09,5513.32,6378.08,7058.05,26445.54,7129.86,7838.14,7029.79,5921.90,27919.69,6120.34,7946.87,5213.82,4786.36,24067.39,5172.66,6389.45,4669.74,4376.31,20608.16,4779.22,5121.65,5302.54,3967.75,19171.16,4062.60,4442.06,4090.60,3283.55,15878.81,3917.69,4649.10,5479.05,5387.90,19433.74,3620.64,5447.61,5909.19,8029.31,23006.75,7569.85,6327.02,6380.10,7349.78,27626.75,5913.94,5403.10,6698.59,4861.29,22876.92,6708.97,6394.28,4409.32,3942.75,21455.32,4649.40,3747.01,3947.28,5278.48,17622.17,3552.72,3707.96,4967.87,5277.57,17506.12,3481.85,13551.48,12583.12,13639.68,43256.12,11762.89,12026.07,9299.10,10281.46,43369.51,7662.16,8580.76,7562.37,8202.03,32007.32,7646.23,8098.98,7141.28,6721.87,29608.36,6002.18,..,..,..,..
..Region XI (Davao Region),....Inland Municipal Fisheries,..,..,..,..,2165.00,..,..,..,..,243.00,..,..,..,..,392.00,..,..,..,..,196.00,..,..,..,..,216.00,..,..,..,..,303.00,..,..,..,..,275.00,..,..,..,..,247.00,..,..,..,..,221.00,..,..,..,..,237.00,..,..,..,..,334.00,..,..,..,..,261.00,..,..,..,..,257.00,3.00,4.00,9.00,7.00,23.00,15.00,17.00,32.00,51.00,115.00,14.00,29.00,25.00,18.00,86.00,13.00,28.00,26.00,19.00,86.00,7.00,37.00,12.00,15.00,71.00,10.00,13.00,10.00,8.00,41.00,32.00,49.00,32.00,31.00,144.00,41.00,55.00,49.00,65.00,210.00,48.00,56.00,53.00,65.00,222.00,45.00,66.00,60.00,77.00,248.00,61.00,66.00,69.00,21.00,217.00,34.76,40.74,35.46,60.39,171.35,49.69,61.58,34.11,29.13,174.51,40.21,46.66,34.43,35.79,157.09,31.62,45.88,39.26,39.17,155.93,22.49,45.14,40.50,36.35,144.48,35.54,35.36,35.79,34.12,140.81,28.75,32.88,45.26,58.84,165.73,40.61,34.31,57.53,60.79,193.24,51.53,57.31,67.07,86.98,262.89,92.13,70.81,80.60,75.30,318.84,69.48,70.57,68.35,70.06,278.46,54.57,64.51,61.92,45.74,226.74,37.67,41.76,39.78,52.37,171.58,55.90,54.38,42.95,54.77,208.00,65.22,51.87,64.11,62.74,243.94,54.10,54.90,73.03,67.32,249.35,61.49,107.54,103.94,82.51,355.48,20.16,25.83,27.68,27.46,101.13,22.75,21.21,14.37,13.23,71.57,9.97,8.54,7.42,12.89,38.82,6.14,5.94,7.32,6.60,25.99,3.88,5.64,13.74,13.51,36.77,7.24,..,..,..,..
..Region XI (Davao Region),..Aquaculture,..,..,..,..,1817.00,..,..,..,..,3489.00,..,..,..,..,3490.00,..,..,..,..,5197.00,..,..,..,..,4892.00,..,..,..,..,4763.00,..,..,..,..,4542.00,..,..,..,..,5537.00,..,..,..,..,6303.00,..,..,..,..,6647.00,..,..,..,..,6673.19,..,..,..,..,7445.45,..,..,..,..,11383.00,1748.00,1138.00,2069.00,1871.00,6826.00,2312.00,2823.00,1447.00,2078.00,8660.00,1529.00,1829.00,990.00,1546.00,5894.00,1545.00,1900.00,1071.00,1947.00,6463.00,1533.00,2260.00,1313.00,1294.00,6400.00,1466.00,2255.00,1349.00,1271.00,6341.00,1584.00,2336.00,1439.00,1413.00,6772.00,1932.10,1827.40,2539.82,2271.02,8570.34,2083.00,1936.00,2613.00,3266.00,9898.00,1983.22,2307.73,3167.30,3972.40,11430.65,2129.37,2362.90,3137.81,3924.07,11554.15,2431.74,2984.36,4628.01,5070.01,15114.12,2747.37,2323.47,3481.04,3360.11,11911.99,3606.09,2305.36,3553.23,3654.43,13119.11,3430.46,2448.91,5544.82,6654.38,18078.56,6059.25,2631.79,4986.37,9022.20,22699.60,7607.18,3869.87,5689.17,11438.46,28604.68,6784.11,3907.85,5887.94,11423.57,28003.46,5366.39,3795.93,7114.62,9853.54,26130.47,7072.92,4958.23,10171.83,9397.14,31600.12,8880.51,5880.85,11955.89,7958.03,34675.28,7780.28,4650.65,10215.16,5174.19,27820.27,10604.81,4940.53,12448.97,4542.14,32536.45,9474.89,4202.22,11046.70,4555.80,29279.61,9423.87,4853.37,6580.29,3646.67,24504.21,9258.03,4607.32,7054.64,4444.04,25364.03,7956.33,4395.61,6818.28,4880.24,24050.46,7086.56,3782.72,9224.87,5831.96,25926.11,4746.36,4927.10,11851.84,7288.06,28813.36,6168.01,6189.32,9546.35,10417.42,32321.10,6119.05,7895.77,6065.78,6231.20,26311.80,4877.36,5465.15,6392.65,9034.98,25770.14,6154.73,5087.49,4808.61,5744.43,21795.26,5655.27,..,..,..,..
....Davao de Oro,FISHERIES,..,..,..,..,..,..,..,..,..,..,..,..,..,..,..,..,..,..,..,..,..,..,..,..,..,..,..,..,..,..,..,..,..,..,..,..,..,..,..,..,..,..,..,..,..,..,..,..,..,..,..,..,..,..,..,..,..,..,..,..,..,..,..,..,..,..,..,..,..,..,..,..,..,..,..,..,..,..,..,..,..,..,..,..,..,..,..,..,..,..,..,..,..,..,..,252.00,365.00,312.00,371.00,1300.00,281.00,427.00,497.02,559.00,1764.02,417.00,494.00,496.00,568.00,1975.00,564.00,569.00,512.00,604.00,2249.00,686.60,580.70,524.49,1913.84,3705.63,1046.60,702.63,590.65,1561.82,3901.69,784.98,1619.49,836.34,1674.21,4915.02,1168.09,929.59,962.73,1397.80,4458.21,1390.60,1182.93,1091.70,1285.75,4950.98,1476.60,1058.40,1027.21,1190.44,4752.66,1315.05,1087.92,1086.48,1075.34,4564.79,1386.36,1284.09,1257.27,1139.45,5067.18,1281.46,1144.91,960.99,882.64,4270.00,851.19,874.97,860.21,731.37,3317.74,750.45,835.75,726.25,785.15,3097.61,674.37,725.27,650.50,690.95,2741.09,575.00,699.13,501.65,553.23,2329.01,503.16,569.58,406.09,429.64,1908.46,355.18,406.66,380.25,531.88,1673.97,260.59,295.83,435.23,377.79,1369.43,258.81,315.90,427.55,417.13,1419.38,242.57,282.61,429.47,477.25,1431.91,364.77,271.31,524.37,509.08,1669.54,296.38,416.79,410.61,235.76,1359.55,398.98,683.46,797.56,737.41,2617.40,1127.79,661.95,757.64,656.07,3203.44,974.83,809.76,719.30,753.74,3257.63,968.28,..,..,..,..
....Davao de Oro,..Commercial Fisheries,..,..,..,..,..,..,..,..,..,..,..,..,..,..,..,..,..,..,..,..,..,..,..,..,..,..,..,..,..,..,..,..,..,..,..,..,..,..,..,..,..,..,..,..,..,..,..,..,..,..,..,..,..,..,..,..,..,..,..,..,..,..,..,..,..,..,..,..,..,..,..,..,..,..,..,..,..,..,..,..,..,.,.,.,.,.,.,.,.,.,.,.,.,.,.,.,.,.,.,.,.,.,.,.,.,.,.,.,.,.,.,.,.,.,.,.,.,.,.,.,.,.,.,.,.,.,.,.,.,.,.,.,.,.,.,.,.,.,.,.,.,.,.,.,.,.,.,.,.,.,.,.,.,.,.,.,.,.,.,.,.,.,.,.,.,.,.,.,.,.,.,.,.,.,.,.,.,.,.,.,.,.,.,.,.,.,.,.,.,.,.,.,.,.,.,.,.,.,.,.,.,.,.,.,.,.,.,.,.,.,.,.,.,.,.,.,.,.,.,.,.,.,.,.,.,.,.,.,.,.,.,..,..,..,..
....Davao de Oro,..Municipal Fisheries,..,..,..,..,..,..,..,..,..,..,..,..,..,..,..,..,..,..,..,..,..,..,..,..,..,..,..,..,..,..,..,..,..,..,..,..,..,..,..,..,..,..,..,..,..,..,..,..,..,..,..,..,..,..,..,..,..,..,..,..,..,..,..,..,..,..,..,..,..,..,..,..,..,..,..,..,..,..,..,..,..,..,..,..,..,..,..,..,..,..,..,..,..,..,..,147.00,223.00,205.00,299.00,874.00,190.00,320.00,365.00,363.00,1238.00,321.00,337.00,371.00,371.00,1400.00,464.00,402.00,394.00,401.00,1661.00,582.00,431.00,402.00,1751.00,3166.00,923.24,567.51,459.09,1394.02,3343.86,652.00,1523.69,685.72,1596.71,4458.12,1075.23,818.47,833.77,1280.76,4008.23,1292.55,995.03,930.18,1183.96,4401.72,1392.29,844.57,888.12,1065.28,4190.26,1238.11,901.55,940.53,946.37,4026.56,1285.59,966.38,1006.12,1000.97,4259.06,1183.89,903.99,709.81,733.30,3530.99,748.98,695.34,647.88,600.33,2692.53,672.68,710.02,544.41,614.04,2541.15,599.05,586.37,466.74,562.00,2214.16,497.25,615.58,336.33,471.66,1920.82,457.28,468.04,292.94,296.13,1514.39,307.51,330.62,220.61,362.20,1220.94,201.21,209.07,243.23,208.40,861.91,187.96,201.44,245.48,190.64,825.52,169.90,188.69,232.14,268.48,859.21,248.79,143.70,175.06,284.69,852.24,171.85,187.30,200.29,181.51,740.95,227.17,454.53,503.65,596.45,1781.80,655.71,399.01,226.10,207.00,1487.83,263.71,293.19,213.38,256.80,1027.07,173.09,..,..,..,..
....Davao de Oro,....Marine Municipal Fisheries,..,..,..,..,..,..,..,..,..,..,..,..,..,..,..,..,..,..,..,..,..,..,..,..,..,..,..,..,..,..,..,..,..,..,..,..,..,..,..,..,..,..,..,..,..,..,..,..,..,..,..,..,..,..,..,..,..,..,..,..,..,..,..,..,..,..,..,..,..,..,..,..,..,..,..,..,..,..,..,..,..,..,..,..,..,..,..,..,..,..,..,..,..,..,..,140.00,210.00,199.00,294.00,843.00,181.00,305.00,351.00,347.00,1184.00,307.00,322.00,355.00,358.00,1342.00,448.00,389.00,376.00,386.00,1599.00,564.00,415.00,386.00,1738.00,3103.00,907.44,548.03,447.04,1384.96,3287.47,639.88,1511.35,675.10,1587.99,4414.32,1056.85,797.92,823.90,1263.63,3942.30,1278.71,971.70,919.14,1165.59,4335.14,1379.04,824.25,871.04,1047.77,4122.10,1221.53,882.38,921.12,926.61,3951.64,1272.96,950.68,987.83,970.24,4181.71,1164.79,885.23,688.76,693.77,3432.55,715.53,655.17,616.63,563.66,2550.99,633.84,667.18,489.11,567.65,2357.78,558.58,546.63,410.11,507.39,2022.71,458.54,574.06,303.00,443.97,1779.57,433.47,436.45,266.30,272.76,1408.98,281.41,306.87,202.51,338.81,1129.60,178.75,190.04,224.55,185.19,778.53,166.10,181.97,228.47,167.37,743.91,148.11,166.80,207.74,249.62,772.27,241.45,126.99,154.50,268.64,791.58,159.21,178.59,193.83,175.09,706.72,222.58,450.31,499.03,585.99,1757.91,652.91,396.44,223.61,204.51,1477.48,261.87,289.45,207.95,249.07,1008.35,169.42,..,..,..,..
....Davao de Oro,....Inland Municipal Fisheries,..,..,..,..,..,..,..,..,..,..,..,..,..,..,..,..,..,..,..,..,..,..,..,..,..,..,..,..,..,..,..,..,..,..,..,..,..,..,..,..,..,..,..,..,..,..,..,..,..,..,..,..,..,..,..,..,..,..,..,..,..,..,..,..,..,..,..,..,..,..,..,..,..,..,..,..,..,..,..,..,..,..,..,..,..,..,..,..,..,..,..,..,..,..,..,7.00,13.00,6.00,5.00,31.00,9.00,15.00,14.00,16.00,54.00,14.00,15.00,16.00,13.00,58.00,16.00,13.00,18.00,15.00,62.00,18.00,16.00,16.00,13.00,63.00,15.80,19.48,12.05,9.06,56.39,12.12,12.34,10.62,8.72,43.80,18.38,20.55,9.87,17.13,65.93,13.84,23.33,11.04,18.37,66.58,13.25,20.32,17.08,17.51,68.16,16.58,19.17,19.41,19.76,74.92,12.63,15.70,18.29,30.73,77.35,19.10,18.76,21.05,39.53,98.44,33.45,40.17,31.25,36.67,141.54,38.84,42.84,55.30,46.39,183.37,40.47,39.74,56.63,54.61,191.45,38.71,41.52,33.33,27.69,141.25,23.81,31.59,26.64,23.37,105.41,26.10,23.75,18.10,23.39,91.34,22.46,19.03,18.68,23.21,83.38,21.86,19.47,17.01,23.27,81.61,21.79,21.89,24.40,18.86,86.94,7.34,16.71,20.56,16.05,60.66,12.64,8.71,6.46,6.42,34.23,4.59,4.22,4.62,10.46,23.90,2.80,2.56,2.49,2.49,10.35,1.83,3.74,5.43,7.73,18.72,3.67,..,..,..,..
....Davao de Oro,..Aquaculture,..,..,..,..,..,..,..,..,..,..,..,..,..,..,..,..,..,..,..,..,..,..,..,..,..,..,..,..,..,..,..,..,..,..,..,..,..,..,..,..,..,..,..,..,..,..,..,..,..,..,..,..,..,..,..,..,..,..,..,..,..,..,..,..,..,..,..,..,..,..,..,..,..,..,..,..,..,..,..,..,..,..,..,..,..,..,..,..,..,..,..,..,..,..,..,105.00,142.00,107.00,72.00,426.00,91.00,107.00,132.02,196.00,526.02,96.00,157.00,125.00,197.00,575.00,100.00,167.00,118.00,203.00,588.00,104.60,149.70,122.49,162.84,539.63,123.36,135.12,131.56,167.80,557.83,132.98,95.80,150.62,77.50,456.90,92.86,111.12,128.96,117.04,449.98,98.05,187.90,161.52,101.79,549.26,84.31,213.83,139.09,125.16,562.40,76.94,186.37,145.95,128.97,538.23,100.77,317.71,251.15,138.48,808.12,97.57,240.92,251.18,149.34,739.01,102.21,179.63,212.33,131.04,625.21,77.77,125.73,181.84,171.11,556.46,75.32,138.90,183.76,128.95,526.93,77.75,83.55,165.32,81.57,408.19,45.88,101.54,113.15,133.51,394.07,47.67,76.04,159.64,169.68,453.03,59.38,86.76,192.00,169.39,507.52,70.85,114.46,182.07,226.49,593.86,72.67,93.92,197.33,208.77,572.70,115.98,127.61,349.31,224.39,817.30,124.53,229.49,210.32,54.25,618.59,171.81,228.92,293.91,140.96,835.60,472.08,262.94,531.53,449.07,1715.61,711.13,516.57,505.92,496.95,2230.56,795.19,..,..,..,..
....Davao del Norte,FISHERIES,..,..,..,..,3858.00,..,..,..,..,2483.00,..,..,..,..,5416.00,..,..,..,..,5253.00,..,..,..,..,4101.00,..,..,..,..,4817.00,..,..,..,..,4304.00,..,..,..,..,3189.00,..,..,..,..,3530.00,..,..,..,..,3756.00,..,..,..,..,3316.71,..,..,..,..,3939.96,..,..,..,..,4726.00,757.00,680.00,829.00,1319.00,3585.00,1312.00,1282.00,1100.00,1229.00,4923.00,953.00,1355.00,715.00,989.00,4012.00,1026.00,1430.00,680.00,1110.00,4246.00,924.00,1406.00,815.00,1004.00,4149.00,856.00,1118.00,885.00,790.00,3649.00,645.00,1001.00,662.00,543.00,2851.00,498.00,819.00,831.00,1045.00,3193.00,633.00,798.00,942.05,1072.00,3445.05,652.20,856.00,1063.50,1346.00,3917.70,787.04,856.33,1085.86,2303.38,5032.61,735.12,918.00,1090.30,2356.65,5100.06,892.95,874.68,1084.79,1870.96,4723.38,895.23,1037.82,1136.38,1243.80,4313.22,970.53,976.94,1254.66,1004.40,4206.52,1498.62,899.72,1644.17,1151.46,5193.97,1128.89,1322.82,1973.17,1646.15,6071.03,1346.33,1912.43,1817.63,1665.92,6742.32,1694.44,1422.92,1344.83,1288.23,5750.42,1248.22,1349.89,1515.03,1089.88,5203.02,907.54,1107.99,1308.76,1461.98,4786.26,1041.11,1172.35,1279.01,1481.95,4974.42,1139.99,1341.07,1316.75,1410.54,5208.35,947.05,1343.42,1491.31,1735.44,5517.21,1079.90,1297.04,1772.72,1319.44,5469.11,598.25,948.42,1547.83,1064.86,4159.36,584.87,788.16,1094.34,1321.41,3788.78,725.96,733.26,1441.36,2088.74,4989.32,1244.18,731.83,1804.03,2621.95,6401.99,1154.53,1420.88,1283.83,1946.54,5805.77,1251.09,2092.13,908.70,1247.01,5498.93,775.05,527.43,966.15,1049.44,3318.07,1073.76,522.48,1023.16,886.41,3505.81,1352.35,..,..,..,..
....Davao del Norte,..Commercial Fisheries,..,..,..,..,29.00,..,..,..,..,..,..,..,..,..,16.00,..,..,..,..,1.00,..,..,..,..,11.00,..,..,..,..,46.00,..,..,..,..,23.00,..,..,..,..,3.00,..,..,..,..,..,..,..,..,..,..,..,..,..,..,..,..,..,..,..,..,..,..,..,..,..,..,..,..,..,..,..,..,..,..,..,..,.,.,.,.,.,.,.,.,.,.,.,.,.,.,.,.,.,.,.,.,.,.,.,.,.,.,.,.,.,.,.,.,.,.,.,.,.,.,.,.,.,.,.,.,.,.,.,.,.,.,.,.,.,.,.,.,.,.,.,.,.,.,.,.,.,.,.,.,.,.,.,.,.,.,.,.,.,.,.,.,.,.,.,.,.,.,.,.,.,.,.,.,.,.,.,.,.,.,.,.,.,.,.,.,.,.,.,.,.,.,.,.,.,.,.,.,.,.,.,.,.,.,.,.,.,.,.,.,.,.,.,.,.,.,.,.,.,.,.,.,.,.,.,.,.,.,.,.,.,.,.,.,.,.,.,..,..,..,..
....Davao del Norte,..Municipal Fisheries,..,..,..,..,3361.00,..,..,..,..,1708.00,..,..,..,..,4625.00,..,..,..,..,3444.00,..,..,..,..,2668.00,..,..,..,..,3383.00,..,..,..,..,2920.00,..,..,..,..,1327.00,..,..,..,..,1668.00,..,..,..,..,1800.00,..,..,..,..,1353.00,..,..,..,..,1749.00,..,..,..,..,1376.00,302.00,310.00,332.00,380.00,1324.00,324.00,280.00,368.00,382.00,1354.00,316.00,359.00,274.00,507.00,1456.00,387.00,380.00,247.00,601.00,1615.00,350.00,394.00,402.00,628.00,1774.00,406.00,465.00,525.00,596.00,1992.00,258.00,373.00,362.00,360.00,1353.00,235.00,383.00,330.00,419.00,1367.00,343.00,364.00,365.00,386.00,1458.00,368.00,381.00,367.00,395.00,1511.00,386.00,371.00,384.00,1456.00,2597.00,394.36,383.80,367.84,1374.51,2520.51,387.93,403.08,371.72,1153.60,2316.33,391.04,564.94,413.47,592.74,1962.19,523.56,493.81,569.67,399.72,1986.76,1013.49,400.67,947.31,540.98,2902.45,470.89,490.06,600.75,481.29,2042.99,605.51,933.42,887.40,649.17,3075.50,763.00,804.79,483.30,476.61,2527.70,550.16,696.15,386.89,339.62,1972.82,447.07,557.94,313.68,238.73,1557.42,358.11,393.11,230.17,193.85,1175.24,277.19,374.81,175.85,185.25,1013.10,271.16,708.83,558.60,168.39,1706.98,210.28,347.85,327.38,185.58,1071.09,197.80,278.93,324.95,222.27,1023.95,205.63,217.97,209.73,187.93,821.26,185.00,353.15,172.96,246.57,957.68,212.76,272.71,159.33,273.42,918.22,201.26,742.77,280.57,244.80,1469.40,360.56,729.75,356.49,566.90,2013.70,376.91,206.91,359.45,350.88,1294.16,398.30,313.43,359.81,520.50,1592.04,561.94,..,..,..,..
....Davao del Norte,....Marine Municipal Fisheries,..,..,..,..,1202.00,..,..,..,..,1538.00,..,..,..,..,4336.00,..,..,..,..,3425.00,..,..,..,..,2647.00,..,..,..,..,3358.00,..,..,..,..,2892.00,..,..,..,..,1304.00,..,..,..,..,1648.00,..,..,..,..,1779.00,..,..,..,..,1339.00,..,..,..,..,1728.00,..,..,..,..,1356.00,299.00,306.00,323.00,373.00,1301.00,311.00,266.00,339.00,334.00,1250.00,305.00,332.00,250.00,490.00,1377.00,376.00,354.00,222.00,583.00,1535.00,345.00,359.00,392.00,615.00,1711.00,398.00,455.00,516.00,590.00,1959.00,250.00,360.00,355.00,355.00,1320.00,223.00,365.00,314.00,387.00,1289.00,328.00,346.00,348.00,352.00,1374.00,356.00,356.00,345.00,357.00,1414.00,366.00,340.00,353.00,1451.00,2510.00,391.31,376.64,359.06,1360.71,2487.72,369.21,389.55,362.87,1142.86,2264.49,380.20,559.38,411.22,590.38,1941.18,521.86,492.77,568.64,397.65,1980.92,1013.21,400.14,946.62,540.49,2900.46,470.07,488.99,599.97,480.50,2039.53,603.76,932.69,886.79,647.59,3070.83,762.10,804.21,482.83,475.96,2525.10,549.55,695.43,386.10,339.08,1970.16,446.57,556.96,312.87,237.88,1554.28,356.46,391.79,228.95,193.31,1170.51,276.50,373.83,174.99,184.20,1009.52,270.36,708.38,558.12,167.64,1704.50,209.34,346.37,324.94,183.15,1063.80,195.09,275.92,322.53,219.87,1013.41,194.93,207.11,206.80,182.45,791.29,179.06,349.05,169.38,241.06,938.55,207.78,269.79,156.99,267.84,902.40,196.94,739.87,279.30,242.70,1458.81,357.35,726.91,355.47,565.65,2005.37,375.01,205.12,356.35,347.98,1284.46,397.09,312.37,358.52,519.23,1587.20,561.14,..,..,..,..
....Davao del Norte,....Inland Municipal Fisheries,..,..,..,..,2159.00,..,..,..,..,170.00,..,..,..,..,289.00,..,..,..,..,19.00,..,..,..,..,21.00,..,..,..,..,25.00,..,..,..,..,28.00,..,..,..,..,23.00,..,..,..,..,20.00,..,..,..,..,21.00,..,..,..,..,14.00,..,..,..,..,21.00,..,..,..,..,20.00,3.00,4.00,9.00,7.00,23.00,13.00,14.00,29.00,48.00,104.00,11.00,27.00,24.00,17.00,79.00,11.00,26.00,25.00,18.00,80.00,5.00,35.00,10.00,13.00,63.00,8.00,10.00,9.00,6.00,33.00,8.00,13.00,7.00,5.00,33.00,12.00,18.00,16.00,32.00,78.00,15.00,18.00,17.00,34.00,84.00,12.00,25.00,22.00,38.00,97.00,20.00,31.00,31.00,5.00,87.00,3.05,7.16,8.78,13.80,32.79,18.72,13.53,8.85,10.74,51.84,10.84,5.56,2.25,2.36,21.01,1.70,1.04,1.03,2.07,5.84,0.28,0.53,0.69,0.49,1.99,0.82,1.07,0.78,0.79,3.46,1.75,0.73,0.61,1.58,4.67,0.90,0.58,0.47,0.65,2.60,0.61,0.72,0.79,0.54,2.66,0.50,0.98,0.81,0.85,3.14,1.65,1.32,1.22,0.54,4.73,0.69,0.98,0.86,1.05,3.58,0.80,0.45,0.48,0.75,2.48,0.94,1.48,2.44,2.43,7.29,2.71,3.01,2.42,2.40,10.54,10.70,10.86,2.93,5.48,29.97,5.94,4.10,3.58,5.51,19.13,4.98,2.92,2.34,5.58,15.82,4.32,2.90,1.27,2.10,10.58,3.21,2.84,1.02,1.25,8.33,1.90,1.79,3.10,2.90,9.70,1.21,1.07,1.29,1.26,4.83,0.80,..,..,..,..
....Davao del Norte,..Aquaculture,..,..,..,..,468.00,..,..,..,..,775.00,..,..,..,..,775.00,..,..,..,..,1808.00,..,..,..,..,1422.00,..,..,..,..,1388.00,..,..,..,..,1361.00,..,..,..,..,1859.00,..,..,..,..,1862.00,..,..,..,..,1956.00,..,..,..,..,1963.71,..,..,..,..,2190.96,..,..,..,..,3350.00,455.00,370.00,497.00,939.00,2261.00,988.00,1002.00,732.00,847.00,3569.00,637.00,996.00,441.00,482.00,2556.00,639.00,1050.00,433.00,509.00,2631.00,574.00,1012.00,413.00,376.00,2375.00,450.00,653.00,360.00,194.00,1657.00,387.00,628.00,300.00,183.00,1498.00,263.00,436.00,501.00,626.00,1826.00,290.00,434.00,577.05,686.00,1987.05,284.20,475.00,696.50,951.00,2406.70,401.04,485.33,701.86,847.38,2435.61,340.76,534.20,722.46,982.14,2579.55,505.02,471.60,713.07,717.36,2407.05,504.19,472.88,722.91,651.06,2351.03,446.97,483.13,684.99,604.67,2219.76,485.13,499.05,696.86,610.48,2291.52,658.00,832.76,1372.42,1164.86,4028.04,740.82,979.01,930.23,1016.75,3666.82,931.44,618.13,861.53,811.62,3222.72,698.06,653.74,1128.14,750.26,3230.20,460.47,550.05,995.08,1223.25,3228.84,683.00,779.24,1048.84,1288.10,3799.18,862.80,966.26,1140.90,1225.29,4195.25,675.89,634.59,932.71,1567.05,3810.23,869.62,949.19,1445.34,1133.86,4398.02,400.45,669.49,1222.88,842.59,3135.41,379.24,570.19,884.61,1133.48,2967.52,540.96,380.11,1268.40,1842.17,4031.64,1031.42,459.12,1644.70,2348.53,5483.77,953.27,678.11,1003.26,1701.74,4336.38,890.53,1362.38,552.21,680.11,3485.23,398.14,320.52,606.70,698.56,2023.92,675.46,209.05,663.35,365.91,1913.77,790.41,..,..,..,..
....Davao del Sur,FISHERIES,..,..,..,..,14256.00,..,..,..,..,17566.00,..,..,..,..,8981.00,..,..,..,..,8434.00,..,..,..,..,9339.00,..,..,..,..,8816.00,..,..,..,..,9564.00,..,..,..,..,10856.00,..,..,..,..,11864.00,..,..,..,..,12261.00,..,..,..,..,24676.85,..,..,..,..,13245.28,..,..,..,..,20903.00,2713.00,1824.00,2356.00,4622.00,11515.00,1591.00,2382.00,2072.00,1972.00,8017.00,1634.00,2197.00,2933.00,3072.00,9836.00,2728.00,2417.00,3064.00,2975.00,11184.00,2687.00,2554.00,2395.00,4724.00,12360.00,2435.00,3425.00,3058.00,3254.00,12172.00,3266.00,4013.00,3604.00,3276.00,14159.00,3485.10,3177.40,4560.80,3845.00,15068.30,3590.00,2991.00,4601.95,4915.00,16097.95,3538.02,2978.63,4902.80,5153.33,16572.78,3512.33,2852.47,4596.20,5114.51,16075.51,3675.33,3426.63,5829.91,6078.32,19010.18,3713.60,2422.85,7230.09,5740.90,19107.44,3765.20,3601.37,5181.19,10174.46,22722.23,9815.64,5174.36,7956.53,11525.80,34472.33,13363.67,3601.52,6954.19,13187.38,37106.76,10851.31,3646.00,5602.20,13220.92,33320.43,9885.00,6242.09,6487.91,12115.98,34730.98,7175.48,7003.72,8192.13,10590.25,32961.58,8719.10,7813.53,10438.15,12928.18,39898.97,10356.76,7317.32,14799.98,11383.42,43857.48,8818.19,5083.99,9906.46,5607.42,29416.06,10013.80,5025.75,12584.68,4608.68,32232.91,9065.14,4188.26,11488.03,6701.00,31442.43,13123.75,5039.19,7375.00,5306.40,30844.34,12071.55,4245.44,7383.60,4875.19,28575.78,5830.43,2536.27,2671.78,2347.59,13386.06,4965.94,2044.72,3767.97,2141.44,12920.08,1683.59,3168.17,4079.39,2346.20,11277.36,4187.74,4958.96,6911.73,5072.66,21131.09,4938.18,7747.11,5943.18,6130.15,24758.62,4489.08,4644.15,5308.00,8373.29,22814.52,3795.78,3096.34,3174.18,4077.96,14144.25,3383.66,..,..,..,..
....Davao del Sur,..Commercial Fisheries,..,..,..,..,8443.00,..,..,..,..,8301.00,..,..,..,..,2687.00,..,..,..,..,1709.00,..,..,..,..,4399.00,..,..,..,..,2714.00,..,..,..,..,1938.00,..,..,..,..,1742.00,..,..,..,..,2492.00,..,..,..,..,2617.00,..,..,..,..,17631.00,..,..,..,..,4534.00,..,..,..,..,7635.00,670.00,87.00,86.00,156.00,999.00,192.00,385.00,199.00,264.00,1040.00,178.00,196.00,258.00,365.00,997.00,355.00,420.00,220.00,346.00,1341.00,289.00,206.00,53.00,166.00,714.00,255.00,268.00,169.00,187.00,879.00,183.00,286.00,291.00,186.00,946.00,176.00,201.00,248.00,227.00,852.00,206.00,186.00,258.00,260.00,910.00,247.00,184.00,254.00,261.00,946.00,261.00,182.00,229.00,210.00,882.00,197.96,188.93,239.86,215.36,842.11,209.77,184.27,160.86,247.19,802.09,113.03,999.08,730.52,2630.41,4473.04,2269.17,1113.91,852.26,2074.55,6309.90,2977.32,799.94,1088.57,1979.59,6845.42,1680.73,789.84,1184.74,946.73,4602.04,1932.37,1961.54,1245.74,856.41,5996.06,1865.72,1579.25,2029.88,1635.28,7110.13,1320.18,1824.21,1578.04,4346.06,9068.49,1019.84,1391.36,2035.12,4209.21,8655.53,1142.72,1011.56,303.01,1847.15,4304.44,257.00,737.04,267.33,1451.67,2713.04,348.67,520.45,234.99,606.98,1711.09,358.45,78.65,354.07,718.24,1509.41,306.25,55.04,268.87,499.57,1129.73,24.21,22.21,11.13,8.38,65.93,22.71,10.08,3.27,7.49,43.55,9.54,10.59,9.67,6.83,36.63,7.05,246.98,264.27,402.96,921.25,232.59,366.70,185.70,223.06,1008.03,77.93,99.92,42.35,94.08,314.28,20.90,5.62,17.73,64.73,108.98,14.84,..,..,..,..
....Davao del Sur,..Municipal Fisheries,..,..,..,..,4995.00,..,..,..,..,7483.00,..,..,..,..,4512.00,..,..,..,..,4859.00,..,..,..,..,3026.00,..,..,..,..,4209.00,..,..,..,..,5918.00,..,..,..,..,6786.00,..,..,..,..,7459.00,..,..,..,..,7652.00,..,..,..,..,5046.00,..,..,..,..,6480.00,..,..,..,..,9857.00,1346.00,1372.00,1582.00,3920.00,8220.00,928.00,1427.00,1353.00,1301.00,5009.00,917.00,1425.00,2362.00,2232.00,6936.00,1837.00,1380.00,2479.00,2121.00,7817.00,1755.00,1397.00,1882.00,3845.00,8879.00,1436.00,1931.00,2317.00,2251.00,7935.00,2275.00,2537.00,2750.00,2192.00,9754.00,2157.00,2171.00,2895.00,2690.00,9913.00,2148.00,1937.00,2950.00,2768.00,9803.00,2080.00,1599.00,2747.00,2561.00,8987.00,2027.00,1405.00,2540.00,2539.00,8511.00,1839.44,1418.02,2405.46,2559.62,8222.54,1716.82,963.83,5035.42,3593.11,11309.18,1336.13,1396.30,2554.57,5397.36,10684.36,5191.30,2750.51,3121.58,4223.24,15286.63,5458.49,1296.99,2518.78,3805.23,13079.49,2923.08,408.15,1049.90,2942.55,7323.68,2618.76,2127.89,1460.98,1810.60,8018.23,1650.18,2966.33,907.63,1106.44,6630.58,1751.65,2428.22,1004.57,997.24,6181.68,1714.81,1476.28,2955.18,1565.68,7711.95,1430.11,1064.02,1977.41,1219.95,5691.49,851.02,1146.02,2098.00,788.31,4883.35,739.97,896.07,1890.46,4085.30,7611.80,4931.67,1796.94,2632.51,3029.82,12390.94,3739.65,1295.12,2223.86,1966.93,9225.56,355.60,500.71,464.63,762.93,2083.87,587.92,247.93,655.02,540.98,2031.85,417.70,559.22,652.31,446.28,2075.51,342.86,923.19,663.21,640.75,2570.01,671.99,1948.01,1130.37,1302.77,5053.13,945.06,1001.05,1116.39,1068.05,4130.55,621.75,643.32,632.11,518.62,2415.81,1043.74,..,..,..,..
....Davao del Sur,....Marine Municipal Fisheries,..,..,..,..,4989.00,..,..,..,..,7422.00,..,..,..,..,4480.00,..,..,..,..,4726.00,..,..,..,..,2880.00,..,..,..,..,4048.00,..,..,..,..,5764.00,..,..,..,..,6638.00,..,..,..,..,7326.00,..,..,..,..,7518.00,..,..,..,..,4853.00,..,..,..,..,6329.00,..,..,..,..,9708.00,1346.00,1372.00,1582.00,3920.00,8220.00,926.00,1424.00,1350.00,1298.00,4998.00,914.00,1423.00,2361.00,2231.00,6929.00,1835.00,1378.00,2478.00,2120.00,7811.00,1753.00,1395.00,1880.00,3843.00,8871.00,1434.00,1928.00,2316.00,2249.00,7927.00,2273.00,2534.00,2748.00,2189.00,9744.00,2154.00,2168.00,2893.00,2688.00,9903.00,2145.00,1933.00,2948.00,2766.00,9792.00,2078.00,1596.00,2744.00,2556.00,8974.00,2021.00,1401.00,2534.00,2538.00,8494.00,1835.83,1415.58,2403.58,2534.79,8189.78,1701.89,956.14,5034.05,3592.15,11284.23,1327.86,1390.46,2552.18,5396.01,10666.51,5181.03,2735.86,3119.56,4222.97,15259.42,5456.92,1296.05,2515.25,3800.57,13068.79,2919.43,406.47,1047.36,2939.67,7312.93,2616.59,2124.16,1458.74,1807.30,8006.79,1645.28,2963.67,885.02,1099.64,6593.61,1748.39,2421.96,993.49,988.55,6152.39,1709.02,1468.15,2947.20,1550.15,7674.52,1420.42,1052.16,1973.26,1215.30,5661.14,846.34,1139.34,2091.50,782.73,4859.91,730.63,890.19,1889.27,4071.07,7581.16,4927.58,1786.73,2623.12,3021.56,12358.99,3728.43,1290.87,2199.72,1955.57,9174.59,348.49,492.38,458.59,758.03,2057.49,584.75,244.51,646.34,534.58,2010.18,411.77,555.13,648.49,442.49,2057.88,339.13,915.80,658.18,637.25,2550.37,670.59,1947.14,1130.10,1302.25,5050.07,944.11,999.95,1115.64,1067.53,4127.23,621.67,643.17,626.66,515.80,2407.30,1043.17,..,..,..,..
....Davao del Sur,....Inland Municipal Fisheries,..,..,..,..,6.00,..,..,..,..,61.00,..,..,..,..,32.00,..,..,..,..,133.00,..,..,..,..,146.00,..,..,..,..,161.00,..,..,..,..,154.00,..,..,..,..,148.00,..,..,..,..,133.00,..,..,..,..,134.00,..,..,..,..,193.00,..,..,..,..,151.00,..,..,..,..,149.00,..,..,..,..,..,2.00,3.00,3.00,3.00,11.00,3.00,2.00,1.00,1.00,7.00,2.00,2.00,1.00,1.00,6.00,2.00,2.00,2.00,2.00,8.00,2.00,3.00,1.00,2.00,8.00,2.00,3.00,2.00,3.00,10.00,3.00,3.00,2.00,2.00,10.00,3.00,4.00,2.00,2.00,11.00,2.00,3.00,3.00,5.00,13.00,6.00,4.00,6.00,1.00,17.00,3.61,2.44,1.88,24.83,32.76,14.93,7.69,1.37,0.96,24.95,8.27,5.84,2.39,1.35,17.85,10.27,14.65,2.02,0.27,27.21,1.57,0.94,3.53,4.66,10.70,3.65,1.68,2.54,2.88,10.75,2.17,3.73,2.24,3.30,11.44,4.90,2.66,22.61,6.80,36.97,3.26,6.26,11.08,8.69,29.29,5.79,8.13,7.98,15.53,37.43,9.69,11.86,4.15,4.65,30.35,4.68,6.68,6.50,5.58,23.44,9.34,5.88,1.19,14.23,30.64,4.09,10.21,9.39,8.26,31.95,11.22,4.25,24.14,11.36,50.97,7.11,8.33,6.04,4.90,26.38,3.17,3.42,8.68,6.40,21.67,5.93,4.09,3.82,3.79,17.63,3.73,7.39,5.02,3.50,19.64,1.40,0.87,0.27,0.52,3.06,0.95,1.11,0.74,0.52,3.32,0.08,0.15,5.45,2.82,8.51,0.57,..,..,..,..
....Davao del Sur,..Aquaculture,..,..,..,..,818.00,..,..,..,..,1782.00,..,..,..,..,1782.00,..,..,..,..,1866.00,..,..,..,..,1914.00,..,..,..,..,1893.00,..,..,..,..,1708.00,..,..,..,..,2328.00,..,..,..,..,1913.00,..,..,..,..,1992.00,..,..,..,..,1999.85,..,..,..,..,2231.28,..,..,..,..,3411.00,697.00,365.00,688.00,546.00,2296.00,471.00,570.00,520.00,407.00,1968.00,539.00,576.00,313.00,475.00,1903.00,536.00,617.00,365.00,508.00,2026.00,643.00,951.00,460.00,713.00,2767.00,744.00,1226.00,572.00,816.00,3358.00,808.00,1190.00,563.00,898.00,3459.00,1152.10,805.40,1417.80,928.00,4303.30,1236.00,868.00,1393.95,1887.00,5384.95,1211.02,1195.63,1901.80,2331.33,6639.78,1224.33,1265.47,1827.20,2365.51,6682.51,1637.93,1819.68,3184.59,3303.34,9945.53,1787.01,1274.75,2033.81,1900.60,6996.17,2316.04,1205.99,1896.10,2146.69,7564.83,2355.17,1309.94,3982.69,5228.01,12875.80,4927.86,1504.59,3346.84,7402.56,17181.85,6247.50,2448.01,3367.56,9331.64,21394.71,5333.87,2152.66,3781.19,9448.97,20716.69,3659.58,2458.14,5254.62,7848.53,19220.87,5647.27,3561.10,7855.54,7584.88,24648.80,7622.11,4449.68,9809.68,5608.53,27490.00,6245.36,3008.41,7626.04,2540.32,19420.13,8905.78,3142.69,10219.35,2368.70,24636.52,7976.50,2771.74,9362.58,2008.72,22119.54,7833.63,3163.60,4388.42,1558.34,16943.99,8025.65,2895.28,4890.87,2408.69,18220.49,5450.62,2013.35,2196.02,1576.28,11236.26,4355.31,1786.71,3109.68,1592.97,10844.68,1256.35,2598.36,3417.41,1893.09,9165.22,3837.83,3788.79,5984.26,4028.94,17639.82,4033.61,5432.41,4627.12,4604.32,18697.46,3466.09,3543.18,4149.26,7211.17,18369.69,3153.13,2447.40,2524.34,3494.60,11619.46,2325.08,..,..,..,..
....Davao Occidental,FISHERIES,.,.,.,.,.,.,.,.,.,.,.,.,.,.,.,.,.,.,.,.,.,.,.,.,.,.,.,.,.,.,.,.,.,.,.,.,.,.,.,.,.,.,.,.,.,.,.,.,.,.,.,.,.,.,.,.,.,.,.,.,.,.,.,.,.,.,.,.,.,.,.,.,.,.,.,.,.,.,.,.,.,.,.,.,.,.,.,.,.,.,.,.,.,.,.,.,.,.,.,.,.,.,.,.,.,.,.,.,.,.,.,.,.,.,.,.,.,.,.,.,.,.,.,.,.,.,.,.,.,.,.,.,.,.,.,.,.,.,.,.,.,.,.,.,.,.,.,.,.,.,.,.,.,.,.,.,.,.,.,.,.,.,.,.,.,.,.,.,.,.,.,.,.,.,.,.,.,.,.,.,.,.,.,.,.,.,.,.,.,.,.,.,.,.,.,4219.12,3775.00,4240.15,2576.73,14810.99,3230.95,1678.00,5389.01,3362.39,13660.35,3371.22,1907.94,8141.71,4040.55,17461.42,2649.00,4732.54,6498.65,8657.93,22538.12,4291.57,3782.91,2739.94,3204.72,14019.14,2646.90,3240.39,2673.18,2643.38,11203.85,2592.02,4001.32,2787.90,1954.20,11335.44,2124.04,..,..,..,..
....Davao Occidental,..Commercial Fisheries,.,.,.,.,.,.,.,.,.,.,.,.,.,.,.,.,.,.,.,.,.,.,.,.,.,.,.,.,.,.,.,.,.,.,.,.,.,.,.,.,.,.,.,.,.,.,.,.,.,.,.,.,.,.,.,.,.,.,.,.,.,.,.,.,.,.,.,.,.,.,.,.,.,.,.,.,.,.,.,.,.,.,.,.,.,.,.,.,.,.,.,.,.,.,.,.,.,.,.,.,.,.,.,.,.,.,.,.,.,.,.,.,.,.,.,.,.,.,.,.,.,.,.,.,.,.,.,.,.,.,.,.,.,.,.,.,.,.,.,.,.,.,.,.,.,.,.,.,.,.,.,.,.,.,.,.,.,.,.,.,.,.,.,.,.,.,.,.,.,.,.,.,.,.,.,.,.,.,.,.,.,.,.,.,.,.,.,.,.,.,.,.,.,.,.,116.08,59.36,21.91,16.83,214.18,96.23,27.81,84.61,24.64,233.29,48.42,38.92,90.21,45.80,223.35,80.92,90.26,27.58,106.91,305.68,68.33,45.27,58.88,83.94,256.42,50.28,31.96,33.34,68.53,184.11,58.87,29.96,7.03,96.49,192.35,64.94,..,..,..,..
....Davao Occidental,..Municipal Fisheries,.,.,.,.,.,.,.,.,.,.,.,.,.,.,.,.,.,.,.,.,.,.,.,.,.,.,.,.,.,.,.,.,.,.,.,.,.,.,.,.,.,.,.,.,.,.,.,.,.,.,.,.,.,.,.,.,.,.,.,.,.,.,.,.,.,.,.,.,.,.,.,.,.,.,.,.,.,.,.,.,.,.,.,.,.,.,.,.,.,.,.,.,.,.,.,.,.,.,.,.,.,.,.,.,.,.,.,.,.,.,.,.,.,.,.,.,.,.,.,.,.,.,.,.,.,.,.,.,.,.,.,.,.,.,.,.,.,.,.,.,.,.,.,.,.,.,.,.,.,.,.,.,.,.,.,.,.,.,.,.,.,.,.,.,.,.,.,.,.,.,.,.,.,.,.,.,.,.,.,.,.,.,.,.,.,.,.,.,.,.,.,.,.,.,.,2750.44,2926.58,1197.28,1646.50,8520.80,1613.15,1114.07,1390.93,2390.21,6508.36,1678.99,1192.64,2511.15,2718.50,8101.28,1400.04,3326.59,4241.98,4121.56,13090.17,3330.54,2972.74,2248.32,2427.74,10979.34,2137.30,1954.88,1677.68,1974.25,7744.11,2109.76,3366.45,2484.59,1563.30,9524.10,955.58,..,..,..,..
....Davao Occidental,....Marine Municipal Fisheries,.,.,.,.,.,.,.,.,.,.,.,.,.,.,.,.,.,.,.,.,.,.,.,.,.,.,.,.,.,.,.,.,.,.,.,.,.,.,.,.,.,.,.,.,.,.,.,.,.,.,.,.,.,.,.,.,.,.,.,.,.,.,.,.,.,.,.,.,.,.,.,.,.,.,.,.,.,.,.,.,.,.,.,.,.,.,.,.,.,.,.,.,.,.,.,.,.,.,.,.,.,.,.,.,.,.,.,.,.,.,.,.,.,.,.,.,.,.,.,.,.,.,.,.,.,.,.,.,.,.,.,.,.,.,.,.,.,.,.,.,.,.,.,.,.,.,.,.,.,.,.,.,.,.,.,.,.,.,.,.,.,.,.,.,.,.,.,.,.,.,.,.,.,.,.,.,.,.,.,.,.,.,.,.,.,.,.,.,.,.,.,.,.,.,.,2749.96,2926.32,1197.09,1645.84,8519.21,1612.23,1113.07,1390.43,2389.63,6505.36,1678.05,1191.98,2510.95,2718.32,8099.30,1399.72,3326.24,4241.84,4121.32,13089.12,3330.45,2972.64,2248.21,2427.63,10978.93,2137.15,1954.74,1677.58,1974.15,7743.61,2109.74,3366.42,2484.57,1563.27,9523.99,955.49,..,..,..,..
....Davao Occidental,....Inland Municipal Fisheries,.,.,.,.,.,.,.,.,.,.,.,.,.,.,.,.,.,.,.,.,.,.,.,.,.,.,.,.,.,.,.,.,.,.,.,.,.,.,.,.,.,.,.,.,.,.,.,.,.,.,.,.,.,.,.,.,.,.,.,.,.,.,.,.,.,.,.,.,.,.,.,.,.,.,.,.,.,.,.,.,.,.,.,.,.,.,.,.,.,.,.,.,.,.,.,.,.,.,.,.,.,.,.,.,.,.,.,.,.,.,.,.,.,.,.,.,.,.,.,.,.,.,.,.,.,.,.,.,.,.,.,.,.,.,.,.,.,.,.,.,.,.,.,.,.,.,.,.,.,.,.,.,.,.,.,.,.,.,.,.,.,.,.,.,.,.,.,.,.,.,.,.,.,.,.,.,.,.,.,.,.,.,.,.,.,.,.,.,.,.,.,.,.,.,.,0.48,0.26,0.19,0.66,1.59,0.92,1.00,0.50,0.58,3.00,0.94,0.66,0.20,0.18,1.98,0.32,0.35,0.14,0.24,1.05,0.08,0.10,0.12,0.11,0.41,0.15,0.14,0.10,0.10,0.49,0.02,0.03,0.03,0.03,0.11,0.09,..,..,..,..
....Davao Occidental,..Aquaculture,.,.,.,.,.,.,.,.,.,.,.,.,.,.,.,.,.,.,.,.,.,.,.,.,.,.,.,.,.,.,.,.,.,.,.,.,.,.,.,.,.,.,.,.,.,.,.,.,.,.,.,.,.,.,.,.,.,.,.,.,.,.,.,.,.,.,.,.,.,.,.,.,.,.,.,.,.,.,.,.,.,.,.,.,.,.,.,.,.,.,.,.,.,.,.,.,.,.,.,.,.,.,.,.,.,.,.,.,.,.,.,.,.,.,.,.,.,.,.,.,.,.,.,.,.,.,.,.,.,.,.,.,.,.,.,.,.,.,.,.,.,.,.,.,.,.,.,.,.,.,.,.,.,.,.,.,.,.,.,.,.,.,.,.,.,.,.,.,.,.,.,.,.,.,.,.,.,.,.,.,.,.,.,.,.,.,.,.,.,.,.,.,.,.,.,1352.60,789.06,3020.96,913.40,6076.01,1521.57,536.12,3913.47,947.54,6918.70,1643.81,676.38,5540.35,1276.25,9136.79,1168.04,1315.68,2229.09,4429.45,9142.26,892.71,764.90,432.74,693.04,2783.39,459.32,1253.55,962.17,600.60,3275.63,423.39,604.91,296.28,294.41,1618.99,1103.52,..,..,..,..
....Davao Oriental,FISHERIES,..,..,..,..,6778.00,..,..,..,..,3703.00,..,..,..,..,5795.00,..,..,..,..,6071.00,..,..,..,..,7149.00,..,..,..,..,6233.00,..,..,..,..,10931.00,..,..,..,..,14097.00,..,..,..,..,14090.00,..,..,..,..,15611.00,..,..,..,..,16773.63,..,..,..,..,18747.21,..,..,..,..,15303.00,3224.00,4427.00,2449.00,4192.00,14292.00,3274.00,4663.00,1613.00,1660.00,11210.00,3171.00,4871.00,1472.00,1774.00,11288.00,2857.00,4158.00,1516.00,1665.00,10196.00,2913.00,4203.00,4411.00,9062.00,20589.00,2578.00,3770.00,4348.00,6841.00,17537.00,3242.00,3970.00,4413.00,6762.00,18387.00,2998.00,4229.00,4778.00,6410.00,18415.00,3221.00,4460.00,4841.00,6690.00,19212.00,4737.00,4607.10,4921.00,6618.07,20883.17,4842.60,4491.90,5018.56,4972.72,19325.78,4744.41,4557.27,5070.77,5018.51,19390.96,4565.07,4013.67,4439.20,4783.93,17801.87,4226.05,4213.48,4382.69,4664.20,17486.42,3884.53,4574.34,3916.38,4065.87,16441.13,3589.08,4206.63,3928.72,3834.17,15558.60,3915.72,4237.86,4479.48,3820.73,16453.80,3295.43,4390.80,4616.36,3304.59,15607.18,3307.44,4275.61,4205.01,3688.51,15476.57,2826.51,3426.86,3679.23,3479.18,13411.78,2693.60,3239.10,2549.67,2504.19,10986.55,2302.95,3254.34,2509.69,2296.18,10363.15,2757.30,3110.01,3444.10,4567.50,13878.90,2481.61,3693.93,3565.06,4195.52,13936.12,2261.71,4309.62,3512.03,4642.98,14726.34,2134.25,4093.00,4232.53,3140.24,13600.03,3589.35,3125.73,2612.11,1895.33,11222.52,2349.24,2486.46,1883.20,2662.73,9381.63,1194.66,2115.91,1970.67,2666.39,7947.62,1662.44,10475.76,8138.78,10023.42,30300.39,8255.58,7006.63,6666.19,7136.33,29064.74,4656.18,6704.20,5887.28,6695.89,23943.55,6394.10,7099.94,5906.22,5650.55,25050.80,4422.57,..,..,..,..
....Davao Oriental,..Commercial Fisheries,..,..,..,..,136.00,..,..,..,..,45.00,..,..,..,..,16.00,..,..,..,..,181.00,..,..,..,..,388.00,..,..,..,..,177.00,..,..,..,..,166.00,..,..,..,..,10.00,..,..,..,..,..,..,..,..,..,..,..,..,..,..,..,..,..,..,..,..,..,..,..,..,2308.00,397.00,444.00,421.00,818.00,2080.00,368.00,396.00,356.00,700.00,1820.00,647.00,729.00,727.00,726.00,2829.00,749.00,658.00,748.00,779.00,2934.00,752.00,660.00,1781.00,2601.00,5794.00,688.00,690.00,1320.00,1822.00,4520.00,741.00,776.00,1266.00,1877.00,4660.00,722.00,803.00,1323.00,1803.00,4651.00,753.00,834.00,1326.00,1853.00,4766.00,1209.00,972.00,1424.00,1801.00,5406.00,1208.00,973.00,1454.00,1460.00,5095.00,1148.11,965.12,1355.69,1405.09,4874.01,1037.88,846.94,968.21,1281.57,4134.60,936.24,867.00,990.22,1122.11,3915.57,869.38,1103.96,1080.36,1090.37,4144.07,1035.40,943.98,909.13,922.79,3811.30,1053.03,585.46,562.47,900.53,3101.49,686.55,647.67,630.91,653.47,2618.60,691.32,942.83,854.42,945.80,3434.37,582.46,737.59,758.67,772.02,2850.74,676.42,776.19,757.73,679.32,2889.66,625.17,774.88,513.88,652.34,2566.27,515.97,672.30,355.04,589.15,2132.46,415.16,432.31,227.42,509.60,1584.49,289.84,255.57,219.92,531.05,1296.38,270.01,279.54,189.30,299.59,1038.44,282.93,279.61,212.31,170.10,944.95,225.86,260.34,219.18,277.69,983.07,213.63,285.00,382.62,352.75,1234.00,243.14,1905.68,807.90,1356.10,4312.82,942.59,969.91,1438.68,1623.08,4974.26,1021.13,1594.40,1554.21,2011.85,6181.59,1961.00,3403.19,2345.82,1663.00,9373.01,1327.28,..,..,..,..
....Davao Oriental,..Municipal Fisheries,..,..,..,..,6111.00,..,..,..,..,2726.00,..,..,..,..,4846.00,..,..,..,..,4367.00,..,..,..,..,5205.00,..,..,..,..,4574.00,..,..,..,..,9292.00,..,..,..,..,12737.00,..,..,..,..,11562.00,..,..,..,..,12912.00,..,..,..,..,14064.00,..,..,..,..,15724.00,..,..,..,..,8373.00,2515.00,3748.00,1255.00,3110.00,10628.00,2408.00,3983.00,1106.00,691.00,8188.00,2387.00,3985.00,644.00,933.00,7949.00,1961.00,3334.00,661.00,754.00,6710.00,1951.00,3363.00,2514.00,6335.00,14163.00,1684.00,2897.00,2912.00,4877.00,12370.00,2283.00,2991.00,3025.00,4737.00,13036.00,2092.00,3114.00,3155.00,4333.00,12694.00,2288.00,3305.00,3205.00,4543.00,13341.00,3336.00,3313.00,3183.00,4514.00,14346.00,3396.00,3181.00,3219.00,3165.00,12961.00,3364.20,3231.69,3210.33,3196.74,13002.96,3287.17,2923.14,3093.77,3120.12,12424.20,2929.90,3121.35,3050.86,3168.32,12270.43,2849.05,3269.89,2505.12,2611.22,11235.28,2274.61,3057.61,2520.89,2530.44,10383.55,2586.42,3455.70,3396.09,2519.22,11957.43,2370.57,3547.25,3411.42,2278.69,11607.93,2382.24,3114.23,2966.52,2316.96,10779.95,2046.46,2498.31,2502.09,2318.12,9364.98,1873.91,2311.00,1406.96,1475.43,7067.30,1583.04,2353.53,1351.33,1223.85,6511.75,2060.65,2272.62,2734.67,3619.94,10687.88,1960.35,3049.25,3100.11,3356.79,11466.50,1854.53,3805.84,3155.17,3720.51,12536.05,1732.94,3526.75,3890.80,2412.68,11563.17,3184.87,2496.85,2291.87,1160.89,9134.48,2114.30,1881.78,1526.08,1807.35,7329.51,926.21,1518.06,1421.77,1513.93,5379.97,1334.96,8392.84,7211.45,8464.28,25403.53,7182.60,5929.57,5067.70,5400.49,23580.36,3553.31,5024.85,4190.07,4608.45,17376.67,4074.01,3352.72,3327.48,3708.25,14462.46,2990.91,..,..,..,..
....Davao Oriental,....Marine Municipal Fisheries,..,..,..,..,6111.00,..,..,..,..,2714.00,..,..,..,..,4775.00,..,..,..,..,4323.00,..,..,..,..,5156.00,..,..,..,..,4457.00,..,..,..,..,9199.00,..,..,..,..,12661.00,..,..,..,..,11494.00,..,..,..,..,12830.00,..,..,..,..,13937.00,..,..,..,..,15635.00,..,..,..,..,8285.00,2515.00,3748.00,1255.00,3110.00,10628.00,2408.00,3983.00,1106.00,691.00,8188.00,2387.00,3985.00,644.00,933.00,7949.00,1961.00,3334.00,661.00,754.00,6710.00,1951.00,3363.00,2514.00,6335.00,14163.00,1684.00,2897.00,2912.00,4877.00,12370.00,2268.00,2971.00,3008.00,4719.00,12966.00,2075.00,3095.00,3138.00,4318.00,12626.00,2272.00,3286.00,3187.00,4527.00,13272.00,3321.00,3288.00,3166.00,4495.00,14270.00,3379.00,3166.00,3203.00,3163.00,12911.00,3352.20,3220.38,3197.87,3184.40,12954.85,3283.57,2895.48,3080.85,3111.81,12371.71,2927.52,3107.01,3032.82,3154.93,12222.28,2846.05,3265.80,2483.43,2595.87,11191.15,2270.42,3037.59,2505.32,2520.48,10333.81,2575.16,3445.97,3386.99,2511.67,11919.79,2361.11,3538.40,3391.16,2258.62,11549.29,2369.22,3104.64,2956.01,2305.86,10735.73,2035.03,2490.90,2480.89,2279.85,9286.67,1829.75,2294.97,1393.20,1465.75,6983.67,1568.31,2338.79,1347.92,1216.53,6471.55,2053.06,2260.21,2717.30,3611.60,10642.17,1959.65,3048.43,3093.07,3347.08,11448.23,1834.51,3794.01,3146.60,3703.99,12479.11,1707.04,3512.24,3876.15,2388.21,11483.64,3175.50,2486.92,2255.49,1128.97,9046.88,2086.01,1805.71,1460.68,1771.73,7124.13,925.24,1516.61,1421.01,1512.07,5374.93,1333.22,8390.98,7209.97,8463.31,25397.47,7181.91,5929.07,5066.30,5399.95,23577.24,3552.98,5024.51,4189.19,4607.86,17374.54,4073.33,3352.45,3326.67,3706.89,14459.34,2989.57,..,..,..,..
....Davao Oriental,....Inland Municipal Fisheries,..,..,..,..,..,..,..,..,..,12.00,..,..,..,..,71.00,..,..,..,..,44.00,..,..,..,..,49.00,..,..,..,..,117.00,..,..,..,..,93.00,..,..,..,..,76.00,..,..,..,..,68.00,..,..,..,..,82.00,..,..,..,..,127.00,..,..,..,..,89.00,..,..,..,..,88.00,..,..,..,..,..,..,..,..,..,..,..,..,..,..,..,..,..,..,..,..,..,..,..,..,..,..,..,..,..,..,15.00,20.00,17.00,18.00,70.00,17.00,19.00,17.00,15.00,68.00,16.00,19.00,18.00,16.00,69.00,15.00,25.00,17.00,19.00,76.00,17.00,15.00,16.00,2.00,50.00,12.00,11.31,12.46,12.34,48.11,3.60,27.66,12.92,8.31,52.49,2.38,14.34,18.04,13.39,48.15,3.00,4.09,21.69,15.35,44.13,4.19,20.02,15.57,9.96,49.74,11.26,9.73,9.10,7.55,37.64,9.46,8.85,20.26,20.07,58.64,13.02,9.59,10.51,11.10,44.22,11.43,7.41,21.20,38.27,78.31,44.16,16.03,13.76,9.68,83.63,14.73,14.74,3.41,7.32,40.20,7.59,12.41,17.37,8.34,45.71,0.70,0.82,7.04,9.71,18.27,20.02,11.83,8.57,16.52,56.94,25.90,14.51,14.65,24.47,79.53,9.37,9.93,36.38,31.92,87.60,28.29,76.07,65.40,35.62,205.38,0.97,1.45,0.76,1.86,5.04,1.74,1.86,1.48,0.97,6.06,0.69,0.50,1.40,0.54,3.13,0.33,0.33,0.88,0.59,2.13,0.68,0.27,0.81,1.35,3.12,1.34,..,..,..,..
....Davao Oriental,..Aquaculture,..,..,..,..,531.00,..,..,..,..,932.00,..,..,..,..,933.00,..,..,..,..,1523.00,..,..,..,..,1556.00,..,..,..,..,1482.00,..,..,..,..,1473.00,..,..,..,..,1350.00,..,..,..,..,2528.00,..,..,..,..,2699.00,..,..,..,..,2709.64,..,..,..,..,3023.21,..,..,..,..,4622.00,312.00,235.00,773.00,264.00,1584.00,498.00,284.00,151.00,269.00,1202.00,137.00,157.00,101.00,115.00,510.00,147.00,166.00,107.00,132.00,552.00,210.00,180.00,116.00,126.00,632.00,206.00,183.00,116.00,142.00,647.00,218.00,203.00,122.00,148.00,691.00,184.00,312.00,300.00,274.00,1070.00,180.00,321.00,310.00,294.00,1105.00,192.00,322.10,314.00,303.07,1131.17,238.60,337.90,345.56,347.72,1269.78,232.10,360.46,504.75,416.68,1513.99,240.02,243.59,377.22,382.24,1243.07,359.91,225.13,341.61,373.77,1300.42,166.10,200.49,330.90,364.28,1061.78,279.07,205.04,498.70,380.94,1363.75,276.27,196.70,520.92,400.98,1394.88,238.31,195.88,574.03,372.43,1380.65,233.88,218.55,384.07,425.75,1262.25,197.59,190.96,418.47,389.04,1196.06,143.27,151.91,384.98,349.44,1029.59,94.74,125.93,644.48,419.99,1285.13,180.68,165.09,354.39,358.41,1058.56,106.10,212.37,237.53,329.13,885.13,117.34,248.21,136.94,391.42,893.91,131.30,286.71,152.43,427.97,998.42,121.55,349.27,107.93,564.34,1143.09,9.08,344.34,137.94,577.69,1069.05,54.82,312.85,166.28,799.71,1333.65,84.34,177.24,119.43,203.03,584.04,130.39,107.16,159.80,112.76,510.11,81.74,84.96,143.00,75.59,385.29,359.08,344.03,232.91,279.30,1215.33,104.38,..,..,..,..
....City of Davao,FISHERIES,..,..,..,..,..,..,..,..,..,..,..,..,..,..,..,..,..,..,..,..,..,..,..,..,..,..,..,..,..,..,..,..,..,..,..,..,..,..,..,..,..,..,..,..,..,..,..,..,..,..,..,..,..,..,..,..,..,..,..,..,..,..,..,..,..,284.00,1035.00,664.00,746.00,2729.00,1040.00,1541.00,1012.00,1393.00,4986.00,913.00,961.00,1015.00,1495.00,4384.00,1055.00,522.00,1173.00,2337.00,5087.00,1118.00,897.00,1496.00,1387.00,4898.00,1498.00,1575.00,3947.00,763.00,7783.00,1820.00,2226.00,2317.00,1423.00,7786.00,1592.00,1429.00,2042.00,1667.02,6730.02,1881.00,2094.00,2445.00,2030.00,8450.00,1877.00,1873.00,2832.00,2060.00,8642.00,1618.80,2781.50,2656.70,2641.62,9698.62,1992.74,1582.22,1595.28,1950.39,7120.63,1576.97,2052.82,2263.77,2653.58,8547.14,1766.41,2234.96,2666.84,2182.15,8850.36,2177.87,2236.78,2561.43,2304.52,9280.60,1548.95,2158.83,1680.05,1866.37,7254.20,1711.26,1656.84,1436.94,1324.04,6129.08,1486.37,1953.80,1551.96,1798.54,6790.67,1755.43,1638.80,1057.36,1339.45,5791.03,1071.94,1447.40,1821.15,1342.08,5682.58,1720.47,2332.04,1875.99,1438.80,7367.30,1369.27,1640.30,1922.82,1950.86,6883.25,1493.67,1595.88,1443.99,1315.76,5849.30,1572.64,1278.53,1063.25,1301.10,5215.51,1120.15,1082.83,925.46,828.36,3956.80,999.93,1210.16,880.29,1188.45,4278.83,930.16,1050.23,847.07,790.68,3618.14,787.49,802.26,767.26,815.93,3172.94,808.79,1046.00,977.98,1039.69,3872.47,187.40,.,.,.,187.40,.,.,.,.,.,.,.,.,.,.,1295.92,1341.76,843.92,1063.82,4545.42,952.18,..,..,..,..
....City of Davao,..Commercial Fisheries,..,..,..,..,..,..,..,..,..,..,..,..,..,..,..,..,..,..,..,..,..,..,..,..,..,..,..,..,..,..,..,..,..,..,..,..,..,..,..,..,..,..,..,..,..,..,..,..,..,..,..,..,..,..,..,..,..,..,..,..,..,..,..,..,..,..,867.00,553.00,624.00,2044.00,508.00,302.00,729.00,559.00,2098.00,522.00,616.00,424.00,502.00,2064.00,306.00,203.00,550.00,629.00,1688.00,501.00,563.00,513.00,896.00,2473.00,1087.00,1035.00,2975.00,236.00,5333.00,1357.00,1710.00,1550.00,951.00,5568.00,937.00,870.00,1450.00,1002.00,4259.00,1156.00,1477.00,1713.00,1333.00,5679.00,1195.00,1316.00,2163.00,1446.00,6120.00,959.00,2195.00,1963.00,1321.00,6438.00,1374.79,960.20,994.61,1116.87,4446.47,1004.55,944.99,1802.46,1920.22,5672.22,1076.63,1585.77,1981.04,1483.86,6127.30,1176.08,1615.49,1906.81,1717.79,6416.17,878.88,1543.07,923.75,1179.07,4524.77,1049.66,1157.60,728.03,709.29,3644.58,837.86,1395.13,891.50,1110.30,4234.79,1129.87,1186.76,490.05,507.31,3313.99,517.22,945.86,1068.41,592.19,3123.68,980.69,1591.33,1128.77,683.94,4384.73,525.64,926.53,1077.47,1000.08,3529.72,629.71,708.36,678.86,439.10,2456.03,672.56,429.36,555.66,608.64,2266.22,242.78,566.36,388.14,328.53,1525.81,251.12,395.98,203.97,479.30,1330.37,270.12,385.32,347.01,263.25,1265.70,159.90,91.82,95.13,45.71,392.56,76.38,245.77,168.26,225.40,715.81,133.77,.,.,.,133.77,.,.,.,.,.,.,.,.,.,.,280.78,240.73,120.46,82.64,724.61,131.34,..,..,..,..
....City of Davao,..Municipal Fisheries,..,..,..,..,..,..,..,..,..,..,..,..,..,..,..,..,..,..,..,..,..,..,..,..,..,..,..,..,..,..,..,..,..,..,..,..,..,..,..,..,..,..,..,..,..,..,..,..,..,..,..,..,..,..,..,..,..,..,..,..,..,..,..,..,..,..,..,..,..,..,177.00,272.00,239.00,279.00,967.00,175.00,245.00,456.00,519.00,1395.00,526.00,252.00,457.00,910.00,2145.00,511.00,217.00,659.00,412.00,1799.00,345.00,347.00,671.00,408.00,1771.00,397.00,343.00,420.00,360.00,1520.00,413.00,392.00,403.00,418.00,1626.00,444.00,461.00,525.00,495.00,1925.00,486.00,409.00,532.00,430.00,1857.00,499.00,462.00,553.00,1120.00,2634.00,520.35,487.12,516.01,633.47,2156.95,490.08,870.10,254.99,450.94,2066.11,356.69,358.95,222.15,332.42,1270.21,637.61,353.84,269.91,231.11,1492.47,387.20,406.48,451.43,184.24,1429.35,313.13,293.22,426.60,202.74,1235.69,278.18,296.08,309.13,241.31,1124.70,181.64,191.84,204.09,213.84,791.41,126.94,128.74,195.38,207.98,659.04,162.88,137.22,162.91,149.17,612.18,161.77,115.60,133.30,153.96,564.63,286.15,304.58,196.12,368.48,1155.33,229.55,367.18,106.86,175.07,878.66,321.76,100.15,87.38,106.44,615.73,107.56,145.10,79.86,113.75,446.27,78.57,105.63,73.36,61.18,318.74,40.62,68.93,74.09,107.40,291.04,88.43,47.46,75.93,68.21,280.03,53.63,.,.,.,53.63,.,.,.,.,.,.,.,.,.,.,182.59,135.50,137.65,167.91,623.65,284.16,..,..,..,..
....City of Davao,....Marine Municipal Fisheries,..,..,..,..,..,..,..,..,..,..,..,..,..,..,..,..,..,..,..,..,..,..,..,..,..,..,..,..,..,..,..,..,..,..,..,..,..,..,..,..,..,..,..,..,..,..,..,..,..,..,..,..,..,..,..,..,..,..,..,..,..,..,..,..,..,..,..,..,..,..,177.00,272.00,239.00,279.00,967.00,175.00,245.00,456.00,519.00,1395.00,526.00,252.00,457.00,910.00,2145.00,511.00,217.00,659.00,412.00,1799.00,345.00,347.00,671.00,408.00,1771.00,397.00,343.00,420.00,360.00,1520.00,413.00,392.00,403.00,418.00,1626.00,444.00,461.00,525.00,495.00,1925.00,486.00,409.00,532.00,430.00,1857.00,499.00,462.00,553.00,1120.00,2634.00,520.05,486.77,515.72,633.11,2155.65,489.76,869.74,254.64,450.54,2064.68,356.35,358.58,220.27,330.86,1266.06,634.80,351.07,266.43,228.00,1480.30,384.00,403.15,447.80,180.51,1415.46,309.90,289.51,422.64,199.60,1221.65,275.44,292.21,305.27,238.15,1111.07,178.95,189.12,201.20,211.13,780.40,124.16,125.99,192.63,205.17,647.95,160.04,134.39,160.16,146.32,600.91,158.83,112.69,130.36,151.02,552.90,283.25,301.66,192.26,365.40,1142.57,226.53,364.16,102.43,170.76,863.88,317.01,93.04,82.93,102.27,595.25,104.63,134.03,75.64,112.45,426.75,73.99,99.58,62.88,60.09,296.54,39.24,67.87,72.71,91.86,271.68,88.43,47.46,75.93,68.21,280.03,53.63,.,.,.,53.63,.,.,.,.,.,.,.,.,.,.,182.54,135.12,136.92,167.60,622.17,283.39,..,..,..,..
....City of Davao,....Inland Municipal Fisheries,..,..,..,..,..,..,..,..,..,..,..,..,..,..,..,..,..,..,..,..,..,..,..,..,..,..,..,..,..,..,..,..,..,..,..,..,..,..,..,..,..,..,..,..,..,..,..,..,..,..,..,..,..,..,..,..,..,..,..,..,..,..,..,..,..,..,..,..,..,..,..,..,..,..,..,..,..,..,..,..,..,..,..,..,..,..,..,..,..,..,..,..,..,..,..,..,..,..,..,..,..,..,..,..,..,..,..,..,..,..,..,..,..,..,..,..,..,..,..,..,0.30,0.35,0.29,0.36,1.30,0.32,0.36,0.35,0.40,1.43,0.34,0.37,1.88,1.56,4.15,2.81,2.77,3.48,3.11,12.17,3.20,3.33,3.63,3.73,13.89,3.23,3.71,3.96,3.14,14.04,2.74,3.87,3.86,3.16,13.63,2.69,2.72,2.89,2.71,11.01,2.78,2.75,2.75,2.81,11.09,2.84,2.83,2.75,2.85,11.27,2.94,2.91,2.94,2.94,11.73,2.90,2.92,3.86,3.08,12.76,3.02,3.02,4.43,4.31,14.78,4.75,7.11,4.45,4.17,20.48,2.93,11.07,4.22,1.30,19.52,4.58,6.05,10.48,1.09,22.20,1.38,1.06,1.38,15.54,19.36,.,.,.,.,.,.,.,.,.,.,.,.,.,.,.,.,.,.,.,.,0.05,0.38,0.73,0.31,1.48,0.77,..,..,..,..
....City of Davao,..Aquaculture,..,..,..,..,..,..,..,..,..,..,..,..,..,..,..,..,..,..,..,..,..,..,..,..,..,..,..,..,..,..,..,..,..,..,..,..,..,..,..,..,..,..,..,..,..,..,..,..,..,..,..,..,..,..,..,..,..,..,..,..,..,..,..,..,..,284.00,168.00,111.00,122.00,685.00,355.00,967.00,44.00,555.00,1921.00,216.00,100.00,135.00,474.00,925.00,223.00,67.00,166.00,798.00,1254.00,106.00,117.00,324.00,79.00,626.00,66.00,193.00,301.00,119.00,679.00,66.00,173.00,347.00,112.00,698.00,242.00,167.00,189.00,247.02,845.02,281.00,156.00,207.00,202.00,846.00,196.00,148.00,137.00,184.00,665.00,160.80,124.50,140.70,200.62,626.62,97.60,134.90,84.66,200.05,517.21,82.34,237.73,206.32,282.42,808.81,333.09,290.24,463.65,365.87,1452.85,364.18,267.45,384.71,355.62,1371.96,282.87,209.28,304.87,503.06,1300.08,348.47,206.02,282.31,412.01,1248.81,370.33,262.59,351.33,446.93,1431.18,443.92,260.20,363.22,618.30,1685.63,427.78,372.80,557.36,541.91,1899.86,576.90,603.49,584.31,605.69,2370.39,681.86,598.17,712.05,796.82,2788.90,577.81,582.94,569.01,508.18,2237.94,670.53,481.99,400.73,517.39,2070.63,555.61,416.32,449.94,393.39,1815.26,641.25,669.08,596.46,595.40,2502.19,581.47,559.28,426.70,466.25,2033.70,586.97,641.51,598.04,662.82,2489.34,643.98,752.77,733.79,746.08,2876.63,.,.,.,.,.,.,.,.,.,.,.,.,.,.,.,832.54,965.53,585.82,813.27,3197.16,536.69,..,..,..,..
..Region XII (SOCCSKSARGEN),FISHERIES,..,..,..,..,37088.00,..,..,..,..,35791.00,..,..,..,..,43341.00,..,..,..,..,49813.00,..,..,..,..,50551.00,..,..,..,..,55117.00,..,..,..,..,58609.00,..,..,..,..,57953.00,..,..,..,..,59037.00,..,..,..,..,63136.00,..,..,..,..,53088.38,..,..,..,..,74217.63,..,..,..,..,61742.00,22205.00,18429.00,17614.00,17003.00,75251.00,15914.00,14659.00,15357.00,12348.00,58278.00,13036.00,13873.00,24006.00,26629.00,77544.00,17958.00,18576.00,26670.00,38401.00,101605.00,20876.00,20743.00,27858.00,30779.00,100256.00,23685.00,23945.00,41558.00,53617.00,142805.00,46592.00,47408.00,48842.00,38085.00,180927.00,47099.00,45899.00,48872.00,46453.00,188323.00,48281.00,47619.00,48679.00,47929.00,192508.00,49933.70,51605.11,45436.80,53346.00,200321.61,50674.85,60426.30,59944.20,70792.75,241838.10,66796.96,58687.30,71453.83,73838.66,270776.75,53233.60,52167.10,63845.03,69231.60,238477.32,59166.88,71257.01,55411.61,72196.46,258031.96,58300.68,81865.33,63253.26,83759.33,287178.60,75369.04,84906.06,75480.10,91156.90,326912.10,74260.64,82390.52,56433.90,91736.04,304821.10,74611.84,61541.56,65979.00,79801.33,281933.72,64939.99,62446.38,53750.44,67392.58,248529.38,63031.94,70498.22,69362.89,83050.44,285943.48,75139.09,80666.14,68286.80,62965.76,287057.80,82119.08,88816.43,70827.37,82424.69,324187.58,78502.53,94516.26,74423.23,81245.24,328687.25,67039.97,77587.87,76599.29,70781.18,292008.31,92154.77,74963.95,76487.36,82217.50,325823.58,93815.06,81141.11,71615.28,79747.05,326318.50,84565.00,75196.78,72865.14,83159.29,315786.21,65303.26,92527.25,76672.25,78301.95,312804.71,75940.39,74959.75,66108.85,62109.69,279118.69,67178.25,89412.61,68262.88,74931.16,299784.90,65798.03,50547.44,74224.36,83704.53,274274.37,82934.52,108912.97,71584.71,73599.70,337031.89,74637.03,69105.13,74288.40,80517.65,298548.21,61795.63,..,..,..,..
..Region XII (SOCCSKSARGEN),..Commercial Fisheries,..,..,..,..,14476.00,..,..,..,..,16203.00,..,..,..,..,24727.00,..,..,..,..,25863.00,..,..,..,..,30117.00,..,..,..,..,39824.00,..,..,..,..,36770.00,..,..,..,..,36794.00,..,..,..,..,40215.00,..,..,..,..,42579.00,..,..,..,..,34510.00,..,..,..,..,56008.00,..,..,..,..,42471.00,10945.00,11895.00,9346.00,8785.00,40971.00,8507.00,9226.00,8714.00,7171.00,33618.00,7918.00,8507.00,12070.00,13533.00,42028.00,10632.00,12615.00,17207.00,22833.00,63287.00,12989.00,14574.00,15633.00,17894.00,61090.00,15965.00,15300.00,25338.00,40522.00,97125.00,35768.00,35645.00,35884.00,26336.00,133633.00,36043.00,34258.00,34664.00,35169.00,140134.00,36837.00,35676.00,34598.00,35314.00,142425.00,36979.00,39084.00,31818.00,35827.00,143708.00,36897.00,44663.00,46224.00,51217.00,179001.00,50823.38,42654.27,56195.36,53790.09,203463.10,37102.38,34974.54,48325.89,49742.13,170144.94,41640.47,52267.75,41256.93,52119.80,187284.95,40141.93,61433.67,47019.10,65972.01,214566.71,57856.95,67597.32,58271.17,72045.22,255770.66,54786.87,64674.80,39629.72,71623.50,230714.89,56695.51,44120.96,50147.05,60268.09,211231.61,44841.37,44852.52,37859.96,47286.48,174840.33,42831.09,52080.00,53991.67,65067.83,213970.59,57593.54,62494.70,51877.49,46424.07,218389.80,63436.51,70373.49,55192.15,66441.21,255443.36,63418.20,81408.83,60316.95,65624.12,270768.10,55110.28,66455.22,63966.89,56487.80,242020.19,79287.80,65970.35,64293.76,69031.19,278583.10,81764.76,71965.29,60462.26,68034.77,282227.08,75091.95,66190.41,61759.16,71515.84,274557.36,56109.59,85626.74,66301.60,67122.73,275160.66,63975.61,62614.12,55009.46,49896.69,231495.88,53719.27,72986.07,51991.10,55330.53,234026.98,47677.00,36764.48,59784.03,66256.45,210481.95,66790.07,84764.28,55967.18,54835.46,262357.00,62565.63,59897.65,64774.65,66893.78,254131.72,49332.17,..,..,..,..
..Region XII (SOCCSKSARGEN),..Municipal Fisheries,..,..,..,..,22358.00,..,..,..,..,18794.00,..,..,..,..,17083.00,..,..,..,..,22962.00,..,..,..,..,19045.00,..,..,..,..,14005.00,..,..,..,..,20499.00,..,..,..,..,19725.00,..,..,..,..,17017.00,..,..,..,..,18620.00,..,..,..,..,16309.00,..,..,..,..,15676.00,..,..,..,..,16237.00,5003.00,4171.00,2650.00,5502.00,17326.00,4016.00,3440.00,3951.00,3347.00,14754.00,3602.00,3979.00,5917.00,9125.00,22623.00,5809.00,4454.00,4580.00,10281.00,25124.00,5566.00,4496.00,10150.00,11661.00,31873.00,5421.00,6481.00,13395.00,10761.00,36058.00,7992.00,9239.00,9624.00,9354.00,36209.00,8461.00,9166.00,10629.00,8562.00,36818.00,8605.00,9459.00,10220.00,8337.00,36621.00,8611.00,9579.00,9292.00,9663.00,37145.00,8918.00,10342.00,8972.00,11588.00,39820.00,10134.94,10365.34,10416.35,12253.68,43170.31,10011.02,11420.88,10915.55,12437.69,44785.14,10770.80,12340.25,9493.00,13615.78,46219.83,11305.27,13369.13,10820.93,11655.73,47151.06,11117.14,10740.12,11658.72,13004.90,46520.88,11993.84,11218.97,11705.15,13727.67,48645.63,11051.20,11018.82,11117.51,13061.71,46249.24,11916.45,11288.85,10924.66,13538.65,47668.61,11876.28,11475.69,10996.66,12845.60,47194.23,11302.88,11696.29,11412.94,11794.43,46206.54,12152.45,12023.86,11089.45,11733.56,46999.32,9476.62,8782.68,10335.78,11690.63,40285.71,7905.95,8175.54,9608.45,11088.56,36778.50,8772.43,6812.01,9159.71,9679.34,34423.49,8277.04,6322.85,8080.69,8543.92,31224.50,6688.68,5624.17,6107.34,6943.91,25364.10,5330.83,4030.73,6646.75,6252.52,22260.83,7208.84,6505.29,7216.00,7082.04,28012.17,9871.94,11724.81,11703.40,14515.96,47816.11,13415.22,10349.62,11089.79,13303.11,48157.74,12509.96,16802.63,10775.70,12710.60,52798.89,8594.51,5640.73,5244.83,7966.65,27446.72,8083.74,..,..,..,..
..Region XII (SOCCSKSARGEN),....Marine Municipal Fisheries,..,..,..,..,22035.00,..,..,..,..,18466.00,..,..,..,..,13099.00,..,..,..,..,16530.00,..,..,..,..,17665.00,..,..,..,..,12717.00,..,..,..,..,17965.00,..,..,..,..,15261.00,..,..,..,..,12780.00,..,..,..,..,14284.00,..,..,..,..,12799.00,..,..,..,..,13089.00,..,..,..,..,13689.00,3530.00,2624.00,2020.00,4920.00,13094.00,3651.00,2879.00,3578.00,2858.00,12966.00,2911.00,3143.00,5205.00,8481.00,19740.00,5161.00,3642.00,3847.00,9605.00,22255.00,4871.00,3632.00,7473.00,9314.00,25290.00,4167.00,3679.00,8195.00,8059.00,24100.00,6333.00,5549.00,5954.00,5683.00,23519.00,6311.00,5355.00,6540.00,4545.00,22751.00,6270.00,5532.00,5937.00,5789.00,23528.00,6210.00,5914.00,5685.00,6108.00,23917.00,6375.00,6250.00,5313.00,7670.00,25608.00,6007.45,6073.21,5781.33,7727.17,25589.16,6047.98,7576.71,6972.54,8377.37,28974.60,5381.67,7984.86,5311.25,9198.69,27876.47,5777.72,8377.08,5528.55,6862.22,26545.57,5501.21,5576.06,5452.83,6470.19,23000.29,5320.80,5562.14,5338.13,6378.63,22599.70,5110.36,5797.12,5018.66,5941.09,21867.23,5164.50,5668.23,4514.53,6121.12,21468.38,4938.49,5686.11,4788.78,5595.74,21009.12,4840.24,5837.31,5342.16,5292.71,21312.42,5455.25,5890.57,5144.18,5276.71,21766.71,3762.95,3767.44,4713.85,5510.43,17754.67,2954.53,3283.82,4360.73,4622.08,15221.16,3754.85,2496.00,4442.54,3570.79,14264.18,3261.70,2282.01,2740.81,3263.14,11547.66,2725.37,2571.32,2470.70,2783.50,10550.89,1979.01,2114.11,2609.86,2648.56,9351.54,2534.14,2916.80,2631.92,2666.90,10749.76,3387.32,6865.80,7296.81,9437.66,26987.59,8054.38,6156.93,5279.78,7060.21,26551.31,7929.94,13730.76,6000.69,7914.79,35576.17,3366.12,3156.38,3093.30,2945.68,12561.48,3426.11,..,..,..,..
..Region XII (SOCCSKSARGEN),....Inland Municipal Fisheries,..,..,..,..,323.00,..,..,..,..,328.00,..,..,..,..,3984.00,..,..,..,..,6432.00,..,..,..,..,1380.00,..,..,..,..,1288.00,..,..,..,..,2534.00,..,..,..,..,4464.00,..,..,..,..,4237.00,..,..,..,..,4336.00,..,..,..,..,3510.00,..,..,..,..,2587.00,..,..,..,..,2548.00,1473.00,1547.00,630.00,582.00,4232.00,365.00,561.00,373.00,489.00,1788.00,691.00,836.00,712.00,644.00,2883.00,648.00,812.00,733.00,676.00,2869.00,695.00,864.00,2677.00,2347.00,6583.00,1254.00,2802.00,5200.00,2702.00,11958.00,1659.00,3690.00,3670.00,3671.00,12690.00,2150.00,3811.00,4089.00,4017.00,14067.00,2335.00,3927.00,4283.00,2548.00,13093.00,2401.00,3665.00,3607.00,3555.00,13228.00,2543.00,4092.00,3659.00,3918.00,14212.00,4127.49,4292.13,4635.02,4526.51,17581.15,3963.04,3844.17,3943.01,4060.32,15810.54,5389.13,4355.39,4181.75,4417.09,18343.36,5527.55,4992.05,5292.38,4793.51,20605.49,5615.93,5164.06,6205.89,6534.71,23520.59,6673.04,5656.83,6367.02,7349.04,26045.93,5940.84,5221.70,6098.85,7120.62,24382.01,6751.95,5620.62,6410.13,7417.53,26200.23,6937.79,5789.58,6207.88,7249.86,26185.11,6462.64,5858.98,6070.78,6501.72,24894.12,6697.20,6133.29,5945.27,6456.85,25232.61,5713.67,5015.24,5621.93,6180.20,22531.04,4951.42,4891.72,5247.72,6466.48,21557.34,5017.58,4316.01,4717.17,6108.55,20159.31,5015.34,4040.84,5339.88,5280.78,19676.84,3963.31,3052.85,3636.64,4160.41,14813.21,3351.82,1916.62,4036.89,3603.96,12909.29,4674.70,3588.49,4584.08,4415.14,17262.41,6484.62,4859.01,4406.59,5078.30,20828.52,5360.84,4192.69,5810.01,6242.90,21606.43,4580.02,3071.88,4775.01,4795.82,17222.73,5228.38,2484.35,2151.53,5020.97,14885.24,4657.63,..,..,..,..
..Region XII (SOCCSKSARGEN),..Aquaculture,..,..,..,..,254.00,..,..,..,..,794.00,..,..,..,..,1531.00,..,..,..,..,988.00,..,..,..,..,1389.00,..,..,..,..,1288.00,..,..,..,..,1340.00,..,..,..,..,1434.00,..,..,..,..,1805.00,..,..,..,..,1937.00,..,..,..,..,2269.38,..,..,..,..,2533.63,..,..,..,..,3034.00,6257.00,2363.00,5618.00,2716.00,16954.00,3391.00,1993.00,2692.00,1830.00,9906.00,1516.00,1387.00,6019.00,3971.00,12893.00,1517.00,1507.00,4883.00,5287.00,13194.00,2321.00,1673.00,2075.00,1224.00,7293.00,2299.00,2164.00,2825.00,2334.00,9622.00,2832.00,2524.00,3334.00,2395.00,11085.00,2595.00,2475.00,3579.00,2722.00,11371.00,2839.00,2484.00,3861.00,4278.00,13462.00,4343.70,2942.11,4326.80,7856.00,19468.61,4859.85,5421.30,4748.20,7987.75,23017.10,5838.64,5667.69,4842.12,7794.89,24143.34,6120.20,5771.68,4603.59,7051.78,23547.24,6755.61,6649.01,4661.68,6460.88,24527.18,6853.48,7062.53,5413.23,6131.59,25460.83,6394.95,6568.62,5550.21,6106.78,24620.56,7479.93,6496.75,5099.03,6384.87,25460.58,6865.13,6401.78,4714.44,6471.53,24452.87,8182.17,6305.01,4965.82,6567.45,26020.44,8324.57,6942.53,4374.56,5137.01,24778.66,6242.67,6475.15,4996.37,4747.26,22461.46,6530.12,6419.08,4545.77,4249.92,21744.90,5607.71,4324.75,3770.50,3930.49,17633.44,4023.74,2957.11,3023.95,3204.82,13209.62,4094.54,2181.59,3033.89,3506.97,12816.99,3773.26,2852.97,3072.33,3168.36,12866.92,2784.37,3382.20,4998.64,4699.54,15864.75,3862.84,2869.78,3723.90,4926.70,15383.22,4755.94,5840.34,3883.39,5130.96,19610.64,3587.04,4701.73,4568.38,5084.66,17941.81,4705.81,3433.35,3350.55,4144.97,15634.67,3634.49,7346.05,4841.82,6053.63,21876.00,3476.89,3566.75,4268.92,5657.22,16969.77,4379.72,..,..,..,..
....Cotabato,FISHERIES,..,..,..,..,..,..,..,..,..,44.00,..,..,..,..,44.00,..,..,..,..,42.00,..,..,..,..,41.00,..,..,..,..,41.00,..,..,..,..,43.00,..,..,..,..,43.00,..,..,..,..,40.00,..,..,..,..,41.00,..,..,..,..,59.73,..,..,..,..,66.74,..,..,..,..,54.00,2.00,1.00,2.00,1.00,6.00,5.00,1.00,..,1.00,7.00,9.00,7.00,..,5.00,21.00,10.00,9.00,10.00,5.00,34.00,13.00,..,12.00,6.00,31.00,11.00,5.00,10.00,6.00,32.00,145.00,164.00,136.00,138.00,583.00,165.00,168.00,161.00,174.00,668.00,178.00,192.00,214.00,224.00,808.00,250.00,263.00,330.00,425.00,1268.00,395.25,459.80,438.00,904.00,2197.05,1220.50,1233.50,1366.30,1363.90,5184.20,1404.86,1733.15,1504.58,1657.75,6300.34,2599.49,2472.72,1951.50,1862.00,8885.71,2888.00,2702.51,3063.45,2123.00,10776.97,2756.72,2802.67,3832.59,3704.06,13096.03,3770.23,3271.68,3826.76,4523.21,15391.87,3126.44,2744.12,3459.63,4295.16,13625.35,3794.39,3211.79,3792.71,4362.16,15161.05,3974.40,3390.94,3603.48,4326.92,15295.74,3899.26,3408.22,3506.70,4030.95,14845.13,4141.48,3682.21,3661.54,4320.29,15805.53,4106.62,3339.87,3712.51,4523.27,15682.27,3684.84,3573.07,3739.59,4832.98,15830.47,3938.15,3199.04,3425.47,4596.81,15159.47,4050.68,3432.91,3495.89,4190.52,15170.00,2967.37,2814.53,3069.56,3647.35,12498.82,2319.34,1651.38,3069.87,3093.78,10134.37,2745.49,1906.12,3337.15,3413.07,11401.83,4096.45,2271.17,3143.66,3459.44,12970.72,1476.05,953.24,1994.99,2629.60,7053.88,2248.87,717.48,2108.57,1946.35,7021.26,1340.18,1093.04,789.00,944.40,4166.61,1339.66,..,..,..,..
....Cotabato,..Commercial Fisheries,..,..,..,..,..,..,..,..,..,..,..,..,..,..,..,..,..,..,..,..,..,..,..,..,..,..,..,..,..,..,..,..,..,..,..,..,..,..,..,..,..,..,..,..,..,..,..,..,..,..,..,..,..,..,..,..,..,..,..,..,..,..,..,..,..,..,..,..,..,..,..,..,..,..,..,..,..,..,..,..,.,.,.,.,.,.,.,.,.,.,.,.,.,.,.,.,.,.,.,.,.,.,.,.,.,.,.,.,.,.,.,.,.,.,.,.,.,.,.,.,.,.,.,.,.,.,.,.,.,.,.,.,.,.,.,.,.,.,.,.,.,.,.,.,.,.,.,.,.,.,.,.,.,.,.,.,.,.,.,.,.,.,.,.,.,.,.,.,.,.,.,.,.,.,.,.,.,.,.,.,.,.,.,.,.,.,.,.,.,.,.,.,.,.,.,.,.,.,.,.,.,.,.,.,.,.,.,.,.,.,.,.,.,.,.,.,.,.,.,.,.,.,.,.,.,.,.,.,.,.,.,..,..,..,..
....Cotabato,..Municipal Fisheries,..,..,..,..,..,..,..,..,..,..,..,..,..,..,..,..,..,..,..,..,..,..,..,..,..,..,..,..,..,..,..,..,..,..,..,..,..,..,..,..,..,..,..,..,..,..,..,..,..,..,..,..,..,..,..,..,..,..,..,..,..,..,..,..,..,..,..,..,..,..,..,..,..,..,..,..,..,..,..,..,..,..,..,..,..,..,..,..,..,..,..,..,..,..,..,117.00,118.00,120.00,124.00,479.00,130.00,125.00,136.00,158.00,549.00,163.00,175.00,171.00,172.00,681.00,205.00,233.00,256.00,354.00,1048.00,350.00,414.00,342.00,799.00,1905.00,1173.00,1182.00,1258.50,1257.90,4871.40,1342.24,1682.14,1405.06,1538.25,5967.69,2511.03,2390.22,1836.00,1753.86,8491.11,2786.75,2611.83,2923.90,2003.29,10325.77,2665.34,2721.80,3731.82,3566.71,12685.67,3670.34,3188.87,3727.35,4378.49,14965.05,3052.75,2681.58,3364.78,4117.82,13216.93,3686.51,3115.50,3710.73,4184.33,14697.07,3856.61,3286.29,3505.62,4120.70,14769.22,3759.67,3317.58,3394.75,3827.24,14299.24,3972.11,3577.84,3570.50,4142.64,15263.09,3950.20,3254.71,3622.44,4375.50,15202.85,3549.82,3504.14,3666.69,4697.07,15417.72,3787.90,3086.97,3348.87,4448.25,14671.99,3883.42,3312.52,3391.61,4052.91,14640.46,2833.20,2682.13,2953.56,3497.52,11966.41,2209.63,1512.57,2967.03,2948.71,9637.94,2611.13,1812.08,3230.55,3282.26,10936.02,4016.32,2199.01,3095.77,3360.48,12671.58,1355.94,879.72,1903.74,2538.85,6678.24,2175.50,681.70,2017.25,1849.40,6723.84,1248.15,1006.81,677.18,780.04,3712.18,1215.06,..,..,..,..
....Cotabato,....Marine Municipal Fisheries,..,..,..,..,..,..,..,..,..,..,..,..,..,..,..,..,..,..,..,..,..,..,..,..,..,..,..,..,..,..,..,..,..,..,..,..,..,..,..,..,..,..,..,..,..,..,..,..,..,..,..,..,..,..,..,..,..,..,..,..,..,..,..,..,..,..,..,..,..,..,..,..,..,..,..,..,..,..,..,..,.,.,.,.,.,.,.,.,.,.,.,.,.,.,.,.,.,.,.,.,.,.,.,.,.,.,.,.,.,.,.,.,.,.,.,.,.,.,.,.,.,.,.,.,.,.,.,.,.,.,.,.,.,.,.,.,.,.,.,.,.,.,.,.,.,.,.,.,.,.,.,.,.,.,.,.,.,.,.,.,.,.,.,.,.,.,.,.,.,.,.,.,.,.,.,.,.,.,.,.,.,.,.,.,.,.,.,.,.,.,.,.,.,.,.,.,.,.,.,.,.,.,.,.,.,.,.,.,.,.,.,.,.,.,.,.,.,.,.,.,.,.,.,.,.,.,.,.,.,.,.,..,..,..,..
....Cotabato,....Inland Municipal Fisheries,..,..,..,..,..,..,..,..,..,..,..,..,..,..,..,..,..,..,..,..,..,..,..,..,..,..,..,..,..,..,..,..,..,..,..,..,..,..,..,..,..,..,..,..,..,..,..,..,..,..,..,..,..,..,..,..,..,..,..,..,..,..,..,..,..,..,..,..,..,..,..,..,..,..,..,..,..,..,..,..,..,..,..,..,..,..,..,..,..,..,..,..,..,..,..,117.00,118.00,120.00,124.00,479.00,130.00,125.00,136.00,158.00,549.00,163.00,175.00,171.00,172.00,681.00,205.00,233.00,256.00,354.00,1048.00,350.00,414.00,342.00,799.00,1905.00,1173.00,1182.00,1258.50,1257.90,4871.40,1342.24,1682.14,1405.06,1538.25,5967.69,2511.03,2390.22,1836.00,1753.86,8491.11,2786.75,2611.83,2923.90,2003.29,10325.77,2665.34,2721.80,3731.82,3566.71,12685.67,3670.34,3188.87,3727.35,4378.49,14965.05,3052.75,2681.58,3364.78,4117.82,13216.93,3686.51,3115.50,3710.73,4184.33,14697.07,3856.61,3286.29,3505.62,4120.70,14769.22,3759.67,3317.58,3394.75,3827.24,14299.24,3972.11,3577.84,3570.50,4142.64,15263.09,3950.20,3254.71,3622.44,4375.50,15202.85,3549.82,3504.14,3666.69,4697.07,15417.72,3787.90,3086.97,3348.87,4448.25,14671.99,3883.42,3312.52,3391.61,4052.91,14640.46,2833.20,2682.13,2953.56,3497.52,11966.41,2209.63,1512.57,2967.03,2948.71,9637.94,2611.13,1812.08,3230.55,3282.26,10936.02,4016.32,2199.01,3095.77,3360.48,12671.58,1355.94,879.72,1903.74,2538.85,6678.24,2175.50,681.70,2017.25,1849.40,6723.84,1248.15,1006.81,677.18,780.04,3712.18,1215.06,..,..,..,..
....Cotabato,..Aquaculture,..,..,..,..,..,..,..,..,..,44.00,..,..,..,..,44.00,..,..,..,..,42.00,..,..,..,..,41.00,..,..,..,..,41.00,..,..,..,..,43.00,..,..,..,..,43.00,..,..,..,..,40.00,..,..,..,..,41.00,..,..,..,..,59.73,..,..,..,..,66.74,..,..,..,..,54.00,2.00,1.00,2.00,1.00,6.00,5.00,1.00,..,1.00,7.00,9.00,7.00,..,5.00,21.00,10.00,9.00,10.00,5.00,34.00,13.00,..,12.00,6.00,31.00,11.00,5.00,10.00,6.00,32.00,28.00,46.00,16.00,14.00,104.00,35.00,43.00,25.00,16.00,119.00,15.00,17.00,43.00,52.00,127.00,45.00,30.00,74.00,71.00,220.00,45.25,45.80,96.00,105.00,292.05,47.50,51.50,107.80,106.00,312.80,62.62,51.01,99.52,119.50,332.65,88.46,82.50,115.50,108.14,394.60,101.25,90.68,139.55,119.71,451.20,91.38,80.87,100.77,137.35,410.36,99.89,82.81,99.41,144.72,426.82,73.69,62.54,94.85,177.34,408.42,107.88,96.29,81.98,177.83,463.98,117.79,104.65,97.86,206.22,526.52,139.59,90.64,111.95,203.71,545.89,169.37,104.37,91.04,177.65,542.44,156.42,85.16,90.07,147.77,479.42,135.02,68.93,72.90,135.91,412.75,150.25,112.07,76.60,148.56,487.48,167.26,120.39,104.28,137.61,529.54,134.17,132.40,116.00,149.83,532.41,109.71,138.81,102.84,145.07,496.43,134.36,94.04,106.60,130.81,465.81,80.13,72.16,47.89,98.95,299.14,120.11,73.52,91.25,90.76,375.65,73.37,35.78,91.32,96.95,297.42,92.02,86.24,111.82,164.36,454.44,124.61,..,..,..,..
....Sarangani,FISHERIES,..,..,..,..,..,..,..,..,..,..,..,..,..,..,..,..,..,..,..,..,..,..,..,..,..,..,..,..,..,..,..,..,..,..,..,..,..,..,..,..,..,..,..,..,..,..,..,..,..,..,..,..,..,..,..,..,..,..,..,..,..,..,..,..,..,..,..,..,..,..,3920.00,3032.00,5335.00,3872.00,16159.00,2079.00,3121.00,9492.00,10226.00,24918.00,4151.00,3664.00,6949.00,11448.00,26212.00,4734.00,4203.00,7729.00,8641.00,25307.00,4410.00,4856.00,9088.00,8507.00,26861.00,6361.00,6405.00,7184.00,4621.00,24571.00,5832.00,5973.00,7758.00,4496.00,24059.00,6055.00,5781.00,7784.00,6683.00,26303.00,6196.70,5895.11,7120.80,6788.00,26000.61,6197.70,6814.50,6226.00,8805.50,28043.70,5906.52,6919.53,6566.89,8505.12,27898.06,5578.87,7396.32,6977.68,8389.30,28342.17,6170.88,7727.18,5915.44,9167.50,28981.00,6665.93,8193.89,6379.95,6585.58,27825.36,6131.55,5581.52,6460.80,6991.01,25164.88,6183.28,5443.54,5928.32,7031.31,24586.45,6030.91,5476.62,5246.86,6604.42,23358.82,6642.71,5590.95,5194.98,6755.31,24183.95,6517.02,6321.98,5459.51,6091.01,24389.53,6061.25,5698.34,6009.95,5891.32,23660.86,6707.11,5703.12,5837.99,5478.37,23726.58,4899.79,3413.53,4693.46,5636.46,18643.24,3611.13,2846.40,4146.42,4507.07,15111.03,3876.92,1685.10,3776.85,3674.45,13013.31,3226.76,1883.02,3054.69,3050.82,11215.29,2501.33,3114.68,5543.98,5168.17,16328.15,3699.52,3155.44,4609.88,5634.58,17099.41,5109.87,4561.22,4670.21,5519.84,19861.14,5419.51,8214.31,9517.53,11727.50,34878.85,10247.16,7403.56,6386.32,8053.98,32091.01,8925.71,16529.45,7997.68,9377.32,42830.16,4574.13,3745.44,4534.33,4982.20,17836.11,4743.37,..,..,..,..
....Sarangani,..Commercial Fisheries,..,..,..,..,..,..,..,..,..,..,..,..,..,..,..,..,..,..,..,..,..,..,..,..,..,..,..,..,..,..,..,..,..,..,..,..,..,..,..,..,..,..,..,..,..,..,..,..,..,..,..,..,..,..,..,..,..,..,..,..,..,..,..,..,..,..,..,..,..,..,..,..,..,..,..,159.00,166.00,173.00,139.00,637.00,165.00,170.00,178.00,118.00,631.00,134.00,163.00,545.00,514.00,1356.00,187.00,162.00,474.00,421.00,1244.00,285.00,216.00,242.00,267.00,1010.00,305.00,280.00,210.00,169.00,964.00,320.00,269.00,229.00,207.00,1025.00,323.00,301.00,217.00,220.00,1061.00,338.00,302.00,198.00,248.00,1086.00,317.35,297.38,212.39,246.92,1074.04,280.10,239.91,210.82,229.15,959.98,248.62,201.52,199.53,219.82,869.49,284.63,273.22,109.76,108.83,776.44,171.33,221.81,108.40,92.04,593.58,115.81,160.35,68.95,91.62,436.73,102.54,130.45,58.69,74.16,365.84,204.97,171.16,153.85,134.38,664.36,208.15,210.31,146.75,151.25,716.46,178.80,191.42,77.71,136.72,584.65,98.39,108.60,76.73,67.79,351.51,29.08,27.23,34.25,38.11,128.67,27.39,30.80,23.04,15.77,97.00,30.74,15.05,22.75,13.29,81.83,22.35,17.16,20.80,17.41,77.72,28.23,30.22,46.18,89.18,193.81,43.00,48.03,51.94,96.86,239.83,29.24,40.67,161.35,92.99,324.25,43.16,79.27,74.04,109.99,306.45,59.58,134.88,153.29,190.84,538.60,276.19,96.05,338.15,196.29,906.68,172.39,164.60,270.99,473.38,1081.36,91.72,..,..,..,..
....Sarangani,..Municipal Fisheries,..,..,..,..,..,..,..,..,..,..,..,..,..,..,..,..,..,..,..,..,..,..,..,..,..,..,..,..,..,..,..,..,..,..,..,..,..,..,..,..,..,..,..,..,..,..,..,..,..,..,..,..,..,..,..,..,..,..,..,..,..,..,..,..,..,..,..,..,..,..,1710.00,2342.00,3085.00,2432.00,9569.00,1692.00,2584.00,4182.00,7085.00,15543.00,3711.00,3027.00,2918.00,7156.00,16812.00,3565.00,3030.00,6199.00,7089.00,19883.00,3018.00,3021.00,6731.00,5995.00,18765.00,4719.00,4526.00,4818.00,2454.00,16517.00,4193.00,4232.00,5344.00,2338.00,16107.00,4474.00,4284.00,4756.00,3609.00,17123.00,4364.00,4287.00,4546.00,3742.00,16939.00,4395.00,4508.00,4180.00,5885.00,18968.00,4315.03,4439.40,4413.99,5767.40,18935.82,3995.50,4928.96,4561.38,5622.68,19108.52,4101.61,5768.25,3471.35,6778.91,20120.12,4398.11,6079.07,3409.83,4827.17,18714.18,4186.21,3441.08,3375.01,4249.00,15251.30,3963.48,3322.41,3314.55,4199.82,14800.26,3796.62,3533.64,3077.21,3785.80,14193.27,3815.24,3428.26,2612.78,3827.00,13683.28,3525.35,3520.91,2824.86,3405.76,13276.88,3344.04,3592.87,3182.63,3115.22,13234.76,3999.67,3893.90,3164.22,3156.10,14213.89,2370.53,2050.60,2531.83,3186.10,10139.06,1466.41,1711.55,2268.71,2419.02,7865.69,1577.34,534.67,1868.57,1249.29,5229.87,889.25,570.83,1244.09,948.24,3652.41,1155.32,1780.18,1791.36,1860.37,6587.23,1509.14,1334.51,1818.71,1934.50,6596.86,1917.53,1890.19,1720.82,1765.34,7293.88,2488.03,4597.36,5742.52,7820.26,20648.18,6576.57,4654.92,3577.78,4799.53,19608.80,5850.01,11193.61,4564.53,6305.90,27914.05,1937.12,1530.16,1535.39,1211.15,6213.82,1654.66,..,..,..,..
....Sarangani,....Marine Municipal Fisheries,..,..,..,..,..,..,..,..,..,..,..,..,..,..,..,..,..,..,..,..,..,..,..,..,..,..,..,..,..,..,..,..,..,..,..,..,..,..,..,..,..,..,..,..,..,..,..,..,..,..,..,..,..,..,..,..,..,..,..,..,..,..,..,..,..,..,..,..,..,..,1710.00,2342.00,3085.00,2432.00,9569.00,1692.00,2584.00,4182.00,7085.00,15543.00,3711.00,3027.00,2918.00,7156.00,16812.00,3565.00,3030.00,6199.00,7089.00,19883.00,3018.00,3021.00,6731.00,5995.00,18765.00,4719.00,4526.00,4818.00,2454.00,16517.00,4193.00,4232.00,5344.00,2338.00,16107.00,4474.00,4284.00,4756.00,3609.00,17123.00,4364.00,4287.00,4546.00,3742.00,16939.00,4395.00,4508.00,4180.00,5885.00,18968.00,4315.03,4439.40,4413.99,5767.40,18935.82,3995.50,4928.96,4561.38,5622.68,19108.52,4101.61,5768.25,3471.35,6778.91,20120.12,4398.11,6079.07,3409.83,4827.17,18714.18,4186.21,3441.08,3375.01,4249.00,15251.30,3963.48,3322.41,3314.55,4199.82,14800.26,3796.62,3533.64,3077.21,3785.80,14193.27,3815.24,3428.26,2612.78,3827.00,13683.28,3525.35,3520.91,2824.86,3405.76,13276.88,3344.04,3592.87,3182.63,3115.22,13234.76,3999.67,3893.90,3164.22,3156.10,14213.89,2370.53,2050.60,2531.83,3186.10,10139.06,1466.41,1711.55,2268.71,2419.02,7865.69,1577.34,534.67,1868.57,1249.29,5229.87,889.25,570.83,1244.09,948.24,3652.41,1155.32,1780.18,1791.36,1860.37,6587.23,1509.14,1334.51,1818.71,1934.50,6596.86,1903.39,1886.36,1712.90,1763.57,7266.22,2486.10,4595.45,5740.43,7817.27,20639.25,6574.49,4652.93,3575.88,4798.94,19602.23,5848.90,11193.19,4563.54,6299.15,27904.78,1936.80,1529.28,1534.30,1210.83,6211.20,1654.23,..,..,..,..
....Sarangani,....Inland Municipal Fisheries,..,..,..,..,..,..,..,..,..,..,..,..,..,..,..,..,..,..,..,..,..,..,..,..,..,..,..,..,..,..,..,..,..,..,..,..,..,..,..,..,..,..,..,..,..,..,..,..,..,..,..,..,..,..,..,..,..,..,..,..,..,..,..,..,..,..,..,..,..,..,..,..,..,..,..,..,..,..,..,..,.,.,.,.,.,.,.,.,.,.,.,.,.,.,.,.,.,.,.,.,.,.,.,.,.,.,.,.,.,.,.,.,.,.,.,.,.,.,.,.,.,.,.,.,.,.,.,.,.,.,.,.,.,.,.,.,.,.,.,.,.,.,.,.,.,.,.,.,.,.,.,.,.,.,.,.,.,.,.,.,.,.,.,.,.,.,.,.,.,.,.,.,.,.,.,.,.,.,.,.,.,.,.,.,.,.,.,.,.,.,.,.,.,.,.,.,.,.,.,.,.,.,.,.,.,14.14,3.83,7.92,1.77,27.66,1.93,1.91,2.09,2.99,8.93,2.08,2.00,1.90,0.59,6.57,1.11,0.43,0.98,6.75,9.27,0.32,0.89,1.09,0.32,2.62,0.43,..,..,..,..
....Sarangani,..Aquaculture,..,..,..,..,..,..,..,..,..,..,..,..,..,..,..,..,..,..,..,..,..,..,..,..,..,..,..,..,..,..,..,..,..,..,..,..,..,..,..,..,..,..,..,..,..,..,..,..,..,..,..,..,..,..,..,..,..,..,..,..,..,..,..,..,..,..,..,..,..,..,2210.00,690.00,2250.00,1440.00,6590.00,228.00,371.00,5137.00,3002.00,8738.00,275.00,467.00,3853.00,4174.00,8769.00,1035.00,1010.00,985.00,1038.00,4068.00,1205.00,1673.00,1883.00,2091.00,6852.00,1357.00,1663.00,2124.00,1900.00,7044.00,1334.00,1461.00,2204.00,1989.00,6988.00,1261.00,1228.00,2799.00,2867.00,8155.00,1509.70,1307.11,2357.80,2826.00,8000.61,1464.70,2004.50,1848.00,2672.50,7989.70,1274.14,2182.75,1940.51,2490.80,7888.20,1303.27,2227.45,2205.48,2537.47,8273.67,1820.65,1757.41,2244.56,2168.77,7991.39,1983.19,1841.60,2860.36,1649.58,8334.74,1774.01,1918.63,2977.39,2649.97,9320.00,2103.99,1960.78,2544.82,2739.87,9349.46,2131.75,1812.53,2110.96,2744.46,8799.71,2622.50,1991.53,2428.35,2793.93,9836.31,2783.52,2590.76,2487.90,2534.00,10396.19,2538.41,1914.05,2749.61,2639.38,9841.45,2609.05,1700.62,2597.04,2254.48,9161.18,2500.18,1335.70,2127.38,2412.25,8375.51,2117.33,1104.05,1854.67,2072.28,7148.34,2268.84,1135.38,1885.53,2411.87,7701.61,2315.16,1295.03,1789.80,2085.17,7485.16,1317.78,1304.28,3706.44,3218.62,9547.11,2147.38,1772.90,2739.23,3603.22,10262.72,3163.10,2630.36,2788.04,3661.51,12243.01,2888.32,3537.68,3700.97,3797.25,13924.22,3611.00,2613.75,2655.25,3063.61,11943.61,2799.51,5239.79,3095.00,2875.14,14009.44,2464.63,2050.68,2727.95,3297.67,10540.93,2996.99,..,..,..,..
....South Cotabato,FISHERIES,..,..,..,..,31582.00,..,..,..,..,33692.00,..,..,..,..,38047.00,..,..,..,..,41630.00,..,..,..,..,45088.00,..,..,..,..,50141.00,..,..,..,..,46561.00,..,..,..,..,46131.00,..,..,..,..,50563.00,..,..,..,..,53671.00,..,..,..,..,43709.81,..,..,..,..,64621.55,..,..,..,..,53295.00,18669.00,16272.00,16456.00,15940.00,67337.00,9600.00,10548.00,9237.00,7469.00,36854.00,9335.00,9587.00,13336.00,15148.00,47406.00,12547.00,13772.00,18461.00,25670.00,70450.00,14902.00,15350.00,16383.00,18652.00,65287.00,17014.00,15686.00,26139.00,40986.00,99825.00,37125.00,36523.00,36852.00,28247.00,138747.00,37581.00,34696.00,35731.00,36362.00,144370.00,38038.00,36167.00,35313.00,36452.00,145970.00,38303.00,39768.00,32359.00,37164.00,147594.00,38002.90,45275.00,46979.80,52280.85,182538.55,52215.14,43299.33,56894.65,54572.54,206981.66,37739.59,35367.60,48531.39,50060.74,171699.32,41581.34,51774.13,40778.28,51792.10,185925.85,40151.36,60789.39,46850.34,65615.04,213406.13,57966.17,67092.40,57899.49,72134.98,255093.04,54816.89,64043.87,39290.80,71773.10,229924.67,56992.25,43630.97,49896.23,60457.93,210977.37,45016.28,44420.20,37636.40,47698.03,174770.92,43132.91,51751.06,53777.41,65513.23,214174.61,57897.08,62309.09,52000.82,46842.41,219049.40,63851.40,70431.07,55374.01,66607.24,256263.73,63892.19,81498.73,60405.97,66139.66,271936.56,55693.35,66598.58,64087.28,56909.89,243289.10,80099.17,66213.10,64535.90,69483.96,280332.13,83879.13,72601.73,61680.38,68945.08,287106.32,77040.41,66560.46,62351.43,72321.78,278274.08,57253.18,86702.34,67115.78,68086.37,279157.67,65154.61,63641.11,55771.04,50914.27,235481.03,54678.74,74004.20,52944.46,56586.69,238214.10,49137.56,37948.28,60987.21,68200.10,216273.16,68781.13,87803.99,57557.54,57637.87,271780.53,63926.85,61464.16,66505.40,68817.26,260713.67,51296.01,..,..,..,..
....South Cotabato,..Commercial Fisheries,..,..,..,..,14263.00,..,..,..,..,16116.00,..,..,..,..,24627.00,..,..,..,..,25735.00,..,..,..,..,30049.00,..,..,..,..,39794.00,..,..,..,..,36737.00,..,..,..,..,36789.00,..,..,..,..,40171.00,..,..,..,..,42531.00,..,..,..,..,34510.00,..,..,..,..,56008.00,..,..,..,..,41503.00,10454.00,11538.00,8999.00,8389.00,39380.00,8137.00,9008.00,8522.00,6979.00,32646.00,7639.00,8206.00,11730.00,13241.00,40816.00,10341.00,12306.00,16803.00,22545.00,61995.00,12750.00,14270.00,14338.00,16577.00,57935.00,15363.00,14890.00,24245.00,39276.00,93774.00,34811.00,35160.00,35132.00,25357.00,130460.00,35036.00,33485.00,33961.00,34384.00,136866.00,35811.00,34840.00,33833.00,34537.00,139021.00,35972.00,38203.00,30982.00,35027.00,140184.00,35786.00,43721.00,45640.00,50551.00,175698.00,50031.00,41808.00,55432.00,52899.00,200170.00,35701.04,33604.23,46832.99,48442.07,164580.33,40209.48,50764.13,39770.17,50744.74,181488.52,38679.22,59798.93,45600.17,64796.98,208875.30,56512.70,66022.01,56887.95,70844.55,250267.21,53427.17,63101.85,38296.83,70424.41,225250.26,55372.72,42536.08,48885.71,59095.76,205890.27,43400.99,43267.76,36524.02,46249.65,169442.42,41563.14,50544.52,52631.83,64053.95,208793.44,56317.40,60954.43,50572.79,45430.82,213275.44,62349.08,69032.25,53929.64,65149.33,250460.30,62597.25,80368.66,59096.04,64498.22,266560.17,54302.34,65494.29,62779.90,55396.03,237972.56,78234.99,65013.45,62919.71,67978.08,274146.23,81514.77,71058.44,60182.94,67365.16,280121.31,74921.02,65538.03,61407.51,71161.44,273028.00,55993.73,85523.74,66048.46,66913.84,274479.77,63915.60,62530.22,54729.18,49697.89,230872.89,53629.61,72791.47,51651.97,54976.20,233049.24,47514.71,36429.25,59498.21,65767.17,209209.35,66426.79,84594.54,55533.19,54480.53,261035.05,62337.18,59669.30,64426.36,66325.01,252757.85,49197.46,..,..,..,..
....South Cotabato,..Municipal Fisheries,..,..,..,..,17065.00,..,..,..,..,17033.00,..,..,..,..,12692.00,..,..,..,..,15162.00,..,..,..,..,14263.00,..,..,..,..,9704.00,..,..,..,..,9177.00,..,..,..,..,8601.00,..,..,..,..,9288.00,..,..,..,..,9920.00,..,..,..,..,7975.00,..,..,..,..,7247.00,..,..,..,..,9703.00,2017.00,2571.00,1871.00,4885.00,11344.00,353.00,419.00,351.00,229.00,1352.00,556.00,499.00,816.00,1064.00,2935.00,1103.00,496.00,694.00,2145.00,4438.00,1021.00,485.00,1047.00,1970.00,4523.00,708.00,343.00,1004.00,1575.00,3630.00,1221.00,855.00,805.00,2772.00,5653.00,1732.00,851.00,881.00,1778.00,5242.00,1400.00,938.00,846.00,1740.00,4924.00,1431.00,1088.00,690.00,1882.00,5091.00,1454.00,1116.00,693.00,1463.00,4726.00,1385.24,1086.28,796.79,1426.09,4694.40,1218.11,1223.11,939.62,1210.37,4591.21,537.79,482.21,288.21,650.84,1959.05,556.11,463.79,428.66,388.94,1837.50,516.94,369.15,427.61,522.95,1836.65,430.34,392.93,372.55,499.12,1694.94,419.43,367.55,351.93,490.72,1629.63,440.49,362.27,376.71,622.55,1802.02,524.84,401.22,376.92,540.25,1843.23,537.61,443.93,528.94,561.86,2072.34,526.12,504.29,456.52,542.66,2029.59,431.32,389.09,564.38,807.00,2191.79,576.78,462.00,642.60,815.30,2496.68,1041.51,813.40,1026.52,923.57,3805.00,1576.97,1163.16,1037.46,1061.21,4838.80,1259.61,415.07,256.68,328.27,2259.63,303.87,578.91,525.44,483.85,1892.07,435.82,569.26,575.73,636.65,2217.46,555.21,764.35,807.04,795.41,2922.01,778.24,898.74,1065.07,1728.12,4470.18,1754.76,1528.42,881.49,826.55,4991.22,896.72,717.69,936.17,973.86,3524.44,1319.58,..,..,..,..
....South Cotabato,....Marine Municipal Fisheries,..,..,..,..,16742.00,..,..,..,..,16705.00,..,..,..,..,12473.00,..,..,..,..,14883.00,..,..,..,..,13955.00,..,..,..,..,9381.00,..,..,..,..,8861.00,..,..,..,..,8294.00,..,..,..,..,9013.00,..,..,..,..,9644.00,..,..,..,..,7768.00,..,..,..,..,6973.00,..,..,..,..,9433.00,1822.00,2376.00,1746.00,4753.00,10697.00,235.00,315.00,244.00,113.00,907.00,233.00,272.00,630.00,930.00,2065.00,800.00,275.00,502.00,1999.00,3576.00,682.00,270.00,864.00,1791.00,3607.00,588.00,263.00,944.00,1510.00,3305.00,1003.00,625.00,615.00,2658.00,4901.00,1507.00,610.00,684.00,1661.00,4462.00,1174.00,665.00,632.00,1631.00,4102.00,1208.00,1037.00,599.00,1783.00,4627.00,1230.00,1062.00,596.00,1369.00,4257.00,1211.74,1033.78,720.29,1346.59,4312.40,1145.25,1190.50,906.49,1150.20,4392.44,501.72,442.86,247.30,608.50,1800.38,509.31,413.86,373.71,336.08,1632.96,461.64,311.58,360.44,456.93,1590.59,383.08,328.48,294.10,429.22,1434.88,372.62,312.46,272.01,425.97,1383.06,390.16,308.14,292.29,559.18,1549.77,466.27,338.00,304.20,468.99,1577.46,470.86,370.59,448.22,479.06,1768.73,459.81,429.23,367.97,461.13,1718.14,361.59,303.42,475.80,719.10,1859.91,509.42,356.97,540.97,703.12,2110.48,963.79,724.83,941.68,820.13,3450.43,1479.32,1046.78,936.62,948.96,4411.68,1122.91,292.17,127.66,204.33,1747.07,180.06,480.93,414.66,357.80,1433.45,298.69,521.09,520.77,594.70,1935.25,507.22,699.23,740.46,744.63,2691.54,760.19,866.55,1012.39,1668.45,4307.58,1721.00,1485.07,841.94,801.11,4849.12,869.95,706.85,916.38,954.95,3448.13,1226.60,..,..,..,..
....South Cotabato,....Inland Municipal Fisheries,..,..,..,..,323.00,..,..,..,..,328.00,..,..,..,..,219.00,..,..,..,..,279.00,..,..,..,..,308.00,..,..,..,..,323.00,..,..,..,..,316.00,..,..,..,..,307.00,..,..,..,..,275.00,..,..,..,..,276.00,..,..,..,..,207.00,..,..,..,..,274.00,..,..,..,..,270.00,195.00,195.00,125.00,132.00,647.00,118.00,104.00,107.00,116.00,445.00,323.00,227.00,186.00,134.00,870.00,303.00,221.00,192.00,146.00,862.00,339.00,215.00,183.00,179.00,916.00,120.00,80.00,60.00,65.00,325.00,218.00,230.00,190.00,114.00,752.00,225.00,241.00,197.00,117.00,780.00,226.00,273.00,214.00,109.00,822.00,223.00,51.00,91.00,99.00,464.00,224.00,54.00,97.00,94.00,469.00,173.50,52.50,76.50,79.50,382.00,72.86,32.61,33.13,60.17,198.77,36.07,39.35,40.91,42.34,158.67,46.80,49.93,54.95,52.86,204.54,55.30,57.57,67.17,66.02,246.06,47.26,64.45,78.45,69.90,260.06,46.81,55.09,79.92,64.75,246.57,50.33,54.13,84.42,63.37,252.25,58.57,63.22,72.72,71.26,265.77,66.75,73.34,80.72,82.80,303.61,66.31,75.06,88.55,81.53,311.45,69.73,85.67,88.58,87.90,331.88,67.36,105.03,101.63,112.18,386.20,77.72,88.57,84.84,103.44,354.57,97.65,116.38,100.84,112.25,427.12,136.70,122.90,129.02,123.94,512.56,123.81,97.98,110.78,126.05,458.62,137.13,48.17,54.96,41.95,282.21,47.99,65.12,66.58,50.79,230.47,18.06,32.20,52.68,59.67,162.60,33.76,43.35,39.55,25.44,142.10,26.77,10.84,19.79,18.92,76.31,92.98,..,..,..,..
....South Cotabato,..Aquaculture,..,..,..,..,254.00,..,..,..,..,543.00,..,..,..,..,728.00,..,..,..,..,733.00,..,..,..,..,776.00,..,..,..,..,643.00,..,..,..,..,647.00,..,..,..,..,741.00,..,..,..,..,1104.00,..,..,..,..,1220.00,..,..,..,..,1224.81,..,..,..,..,1366.55,..,..,..,..,2089.00,6198.00,2163.00,5586.00,2666.00,16613.00,1110.00,1121.00,364.00,261.00,2856.00,1140.00,882.00,790.00,843.00,3655.00,1103.00,970.00,964.00,980.00,4017.00,1131.00,595.00,998.00,105.00,2829.00,943.00,453.00,890.00,135.00,2421.00,1093.00,508.00,915.00,118.00,2634.00,813.00,360.00,889.00,200.00,2262.00,827.00,389.00,634.00,175.00,2025.00,900.00,477.00,687.00,255.00,2319.00,762.90,438.00,646.80,266.85,2114.55,798.90,405.05,665.86,247.45,2117.26,820.44,540.26,758.78,408.30,2527.78,834.07,527.79,719.90,396.52,2478.28,916.03,526.67,821.51,429.12,2693.33,936.53,701.24,583.93,767.48,2989.18,959.38,549.09,621.42,849.57,2979.47,1200.10,727.34,658.59,871.45,3457.47,1174.80,790.17,735.67,825.83,3526.48,1044.93,805.32,768.66,919.03,3537.94,1042.07,910.73,899.09,849.73,3701.62,976.20,894.53,987.85,915.25,3773.84,863.62,740.98,745.55,834.44,3184.60,814.23,642.29,664.78,698.56,2819.86,822.67,386.25,589.67,582.31,2380.90,787.39,380.13,459.98,518.71,2146.21,859.78,607.36,687.24,832.07,2986.45,955.58,599.69,541.88,688.68,2785.83,803.19,541.63,466.13,579.73,2390.68,493.92,448.39,485.46,815.08,2242.84,844.61,620.29,423.93,704.80,2593.63,599.58,1681.04,1142.86,2330.79,5754.26,692.95,1077.17,1142.87,1518.39,4431.37,778.97,..,..,..,..
....Sultan Kudarat,FISHERIES,..,..,..,..,5506.00,..,..,..,..,2055.00,..,..,..,..,5250.00,..,..,..,..,8141.00,..,..,..,..,5422.00,..,..,..,..,4935.00,..,..,..,..,12005.00,..,..,..,..,11779.00,..,..,..,..,8434.00,..,..,..,..,9424.00,..,..,..,..,9318.84,..,..,..,..,9529.34,..,..,..,..,8393.00,3534.00,2156.00,1156.00,1062.00,7908.00,2389.00,1078.00,785.00,1006.00,5258.00,1613.00,1158.00,1178.00,1250.00,5199.00,1250.00,1131.00,1250.00,1278.00,4909.00,1227.00,1190.00,3734.00,3480.00,9631.00,2250.00,3398.00,6321.00,4118.00,16087.00,2961.00,4316.00,4670.00,5079.00,17026.00,3521.00,5062.00,5222.00,5421.00,19226.00,4010.00,5479.00,5368.00,4570.00,19427.00,5184.00,5679.00,5627.00,8969.00,25459.00,6079.00,7877.00,6300.40,8802.40,29058.80,7454.80,7234.94,6625.99,9397.10,30712.83,8510.28,7670.03,6831.37,9123.81,32135.49,8815.17,9282.98,6766.39,9374.86,34239.40,8595.38,10179.55,6959.51,9435.70,35170.15,8514.61,9429.48,7287.22,8326.84,33558.14,9490.24,9631.43,7388.02,8408.43,34918.11,8462.24,9689.86,7376.27,8443.82,33972.19,9486.60,9223.44,7126.34,8577.08,34413.47,9407.60,9034.24,6522.49,7119.28,32083.61,7281.50,9250.49,6769.33,6201.08,29502.40,7419.09,9000.03,5953.83,6018.78,28391.74,5603.92,6264.13,5611.29,4945.85,22425.19,4050.65,4569.82,4626.00,4531.25,17777.72,4240.54,3866.71,4749.15,4462.28,17318.68,2658.49,3223.45,3384.32,3560.64,12826.89,2055.89,2707.11,1900.17,2021.99,8685.16,2031.22,1018.09,1876.74,1487.22,6413.26,2930.43,4851.30,2330.45,2262.50,12374.69,2983.55,4922.93,2657.22,3157.53,13721.23,4937.26,4242.37,4855.84,4820.85,18856.31,2978.81,3862.04,3920.92,4638.16,15399.93,4795.86,2802.49,2459.68,5773.79,15831.82,4416.59,..,..,..,..
....Sultan Kudarat,..Commercial Fisheries,..,..,..,..,213.00,..,..,..,..,87.00,..,..,..,..,100.00,..,..,..,..,128.00,..,..,..,..,68.00,..,..,..,..,30.00,..,..,..,..,33.00,..,..,..,..,5.00,..,..,..,..,44.00,..,..,..,..,48.00,..,..,..,..,..,..,..,..,..,..,..,..,..,..,968.00,491.00,357.00,347.00,396.00,1591.00,370.00,218.00,192.00,192.00,972.00,120.00,135.00,167.00,153.00,575.00,126.00,139.00,226.00,170.00,661.00,105.00,141.00,750.00,803.00,1799.00,415.00,248.00,619.00,825.00,2107.00,672.00,269.00,510.00,712.00,2163.00,702.00,493.00,493.00,616.00,2304.00,706.00,567.00,536.00,570.00,2379.00,684.00,580.00,619.00,580.00,2463.00,773.00,640.00,386.00,418.00,2217.00,475.03,548.89,550.97,644.17,2219.06,1121.24,1130.40,1282.08,1070.91,4604.63,1182.37,1302.10,1287.23,1155.24,4926.94,1178.08,1361.52,1309.17,1066.20,4914.97,1172.92,1353.50,1274.82,1108.63,4909.87,1243.89,1412.60,1263.94,1107.47,5027.90,1220.25,1454.43,1202.65,1098.17,4975.50,1235.41,1413.60,1182.09,902.45,4733.55,1059.80,1325.17,1213.09,862.63,4460.69,1097.34,1348.85,1226.99,856.53,4529.71,989.04,1232.64,1185.78,1224.09,4631.55,791.87,1012.94,1186.66,1087.79,4079.26,780.55,930.13,1163.95,1076.00,3950.63,1022.07,941.85,1351.30,1039.82,4355.04,227.64,889.69,258.52,652.20,2028.05,142.70,622.16,305.47,265.22,1335.55,72.86,54.97,201.20,112.03,441.06,30.77,43.23,118.93,105.81,298.74,46.50,115.34,265.10,244.35,671.28,102.71,200.34,132.52,298.44,734.01,87.10,73.70,95.84,158.65,415.28,56.07,63.75,77.31,95.39,292.51,42.99,..,..,..,..
....Sultan Kudarat,..Municipal Fisheries,..,..,..,..,5293.00,..,..,..,..,1761.00,..,..,..,..,4391.00,..,..,..,..,7800.00,..,..,..,..,4782.00,..,..,..,..,4301.00,..,..,..,..,11322.00,..,..,..,..,11124.00,..,..,..,..,7729.00,..,..,..,..,8700.00,..,..,..,..,8334.00,..,..,..,..,8429.00,..,..,..,..,6534.00,2986.00,1600.00,779.00,617.00,5982.00,1953.00,679.00,515.00,686.00,3833.00,1354.00,896.00,919.00,976.00,4145.00,995.00,931.00,968.00,980.00,3874.00,980.00,981.00,2904.00,2602.00,7467.00,1695.00,3117.00,5660.00,3191.00,13663.00,1935.00,3740.00,3881.00,4004.00,13560.00,2406.00,3958.00,4268.00,4288.00,14920.00,2568.00,4062.00,4447.00,2816.00,13893.00,2611.00,3971.00,3800.00,3685.00,14067.00,2719.00,4304.00,3757.00,3441.00,14221.00,3261.67,3657.66,3947.07,3802.29,14668.69,3455.17,3586.67,4009.49,4066.39,15117.72,3620.37,3699.57,3897.44,4432.17,15649.55,3564.30,4214.44,4058.54,4436.33,16273.61,3748.65,4208.09,4124.28,4666.24,16747.26,3929.68,4314.76,4290.70,4650.24,17185.38,3782.40,4436.05,4323.59,4667.37,17209.41,3974.21,4382.82,4224.44,4904.77,17486.24,3969.48,4267.27,4289.26,4778.89,17304.90,3661.56,4341.91,4306.62,4290.11,16600.20,3654.55,4047.83,3898.21,3892.16,15492.75,2724.57,3088.28,3617.13,3322.03,12752.01,2312.94,2497.85,3030.45,3157.17,10998.41,2365.68,2376.97,2915.75,3058.23,10716.63,1927.40,1276.34,2407.53,2481.56,8092.83,1440.55,746.79,1105.74,1257.75,4550.83,1308.19,604.74,1335.57,885.46,4133.96,2244.36,2233.76,1688.90,1397.79,7564.81,2812.38,4164.09,2058.07,2539.80,11574.34,4704.47,3916.23,4543.20,4236.61,17400.52,2729.69,3398.90,3312.44,3728.75,13169.78,4512.51,2386.07,2096.09,5001.60,13996.27,3894.45,..,..,..,..
....Sultan Kudarat,....Marine Municipal Fisheries,..,..,..,..,5293.00,..,..,..,..,1761.00,..,..,..,..,626.00,..,..,..,..,1647.00,..,..,..,..,3710.00,..,..,..,..,3336.00,..,..,..,..,9104.00,..,..,..,..,6967.00,..,..,..,..,3767.00,..,..,..,..,4640.00,..,..,..,..,5031.00,..,..,..,..,6116.00,..,..,..,..,4256.00,1708.00,248.00,274.00,167.00,2397.00,1706.00,222.00,249.00,313.00,2490.00,986.00,287.00,393.00,466.00,2132.00,650.00,340.00,427.00,450.00,1867.00,624.00,332.00,410.00,434.00,1800.00,561.00,395.00,520.00,554.00,2030.00,611.00,398.00,521.00,571.00,2101.00,611.00,513.00,512.00,546.00,2182.00,622.00,583.00,549.00,549.00,2303.00,638.00,590.00,540.00,583.00,2351.00,750.00,680.00,537.00,416.00,2383.00,480.68,600.03,647.05,613.18,2340.94,907.23,1457.25,1504.67,1604.49,5473.64,778.34,1773.75,1592.60,1811.28,5955.97,870.30,1884.15,1745.01,1698.97,6198.43,853.36,1823.40,1717.38,1764.26,6158.40,974.24,1911.25,1729.48,1749.59,6364.56,941.12,1951.02,1669.44,1729.32,6290.90,959.10,1931.83,1609.46,1734.94,6235.33,946.87,1827.20,1659.72,1720.99,6154.78,1025.34,1873.85,1711.31,1698.43,6308.93,995.77,1567.44,1611.99,1659.48,5834.68,1030.83,1413.42,1706.22,1605.23,5755.70,978.70,1215.30,1551.05,1499.94,5244.99,1213.72,1236.50,1632.29,1501.37,5583.88,893.13,664.40,560.10,1365.94,3483.57,447.14,498.97,551.68,718.80,2216.59,289.81,298.67,376.49,356.26,1321.23,332.06,509.35,398.25,308.63,1548.29,394.00,1571.12,815.92,875.76,3656.80,719.71,637.46,691.51,592.82,2641.50,360.04,1052.50,595.21,814.53,2822.27,559.38,920.25,642.62,779.90,2902.14,545.28,..,..,..,..
....Sultan Kudarat,....Inland Municipal Fisheries,..,..,..,..,..,..,..,..,..,..,..,..,..,..,3765.00,..,..,..,..,6153.00,..,..,..,..,1072.00,..,..,..,..,965.00,..,..,..,..,2218.00,..,..,..,..,4157.00,..,..,..,..,3962.00,..,..,..,..,4060.00,..,..,..,..,3303.00,..,..,..,..,2313.00,..,..,..,..,2278.00,1278.00,1352.00,505.00,450.00,3585.00,247.00,457.00,266.00,373.00,1343.00,368.00,609.00,526.00,510.00,2013.00,345.00,591.00,541.00,530.00,2007.00,356.00,649.00,2494.00,2168.00,5667.00,1134.00,2722.00,5140.00,2637.00,11633.00,1324.00,3342.00,3360.00,3433.00,11459.00,1795.00,3445.00,3756.00,3742.00,12738.00,1946.00,3479.00,3898.00,2267.00,11590.00,1973.00,3381.00,3260.00,3102.00,11716.00,1969.00,3624.00,3220.00,3025.00,11838.00,2780.99,3057.63,3300.02,3189.11,12327.75,2547.94,2129.42,2504.82,2461.90,9644.08,2842.03,1925.82,2304.84,2620.89,9693.58,2694.00,2330.29,2313.53,2737.36,10075.18,2895.29,2384.69,2406.90,2901.98,10588.86,2955.44,2403.51,2561.22,2900.65,10820.82,2841.28,2485.03,2654.15,2938.05,10918.51,3015.11,2450.99,2614.98,3169.83,11250.91,3022.61,2440.07,2629.54,3057.90,11150.12,2636.22,2468.06,2595.31,2591.68,10291.27,2658.78,2480.39,2286.22,2232.68,9658.07,1693.74,1674.86,1910.91,1716.80,6996.31,1334.24,1282.55,1479.40,1657.23,5753.42,1151.96,1140.47,1283.46,1556.86,5132.75,1034.27,611.94,1847.43,1115.62,4609.26,993.41,247.82,554.06,538.95,2334.24,1018.38,306.07,959.08,529.20,2812.73,1912.30,1724.41,1290.65,1089.16,6016.52,2418.38,2592.97,1242.15,1664.04,7917.54,3984.76,3278.78,3851.69,3643.79,14759.02,2369.65,2346.40,2717.23,2914.23,10347.51,3953.14,1465.82,1453.47,4221.70,11094.13,3349.17,..,..,..,..
....Sultan Kudarat,..Aquaculture,..,..,..,..,..,..,..,..,..,207.00,..,..,..,..,759.00,..,..,..,..,213.00,..,..,..,..,572.00,..,..,..,..,604.00,..,..,..,..,650.00,..,..,..,..,650.00,..,..,..,..,661.00,..,..,..,..,676.00,..,..,..,..,984.84,..,..,..,..,1100.34,..,..,..,..,891.00,57.00,199.00,30.00,49.00,335.00,66.00,181.00,78.00,128.00,453.00,139.00,127.00,92.00,121.00,479.00,129.00,61.00,56.00,128.00,374.00,142.00,68.00,80.00,75.00,365.00,140.00,33.00,42.00,102.00,317.00,354.00,307.00,279.00,363.00,1303.00,413.00,611.00,461.00,517.00,2002.00,736.00,850.00,385.00,1184.00,3155.00,1889.00,1128.00,1208.00,4704.00,8929.00,2587.00,2933.00,2157.40,4943.40,12620.80,3718.10,3028.39,2127.95,4950.64,13825.08,3933.87,2952.96,1539.80,3986.51,12413.14,4012.43,4281.31,1581.72,3787.45,13662.91,3853.00,4603.59,1591.80,3933.17,13981.57,3593.04,3867.89,1888.12,2551.97,11901.01,4316.67,3904.07,1833.38,2650.72,12704.83,3459.59,3799.38,1850.03,2678.28,11787.28,4276.98,3427.02,1719.81,2769.86,12193.68,4378.32,3441.80,1020.14,1477.76,10318.02,2522.60,3559.73,1235.72,1054.44,8372.49,2775.50,3719.56,869.84,902.53,8267.44,2087.48,2162.91,807.50,536.03,5593.92,957.16,1141.84,431.60,298.08,2828.68,852.79,547.89,482.10,364.23,2247.01,503.45,1057.42,718.27,426.88,2706.01,472.64,1338.16,488.96,499.02,2798.78,650.17,358.38,339.97,489.73,1838.24,655.30,2574.31,522.62,758.90,4511.14,124.67,643.50,334.06,373.38,1475.61,130.08,125.79,180.11,285.80,721.79,162.03,389.44,512.64,750.76,1814.88,227.28,352.67,286.28,676.80,1543.04,479.15,..,..,..,..
..Region XIII (Caraga),FISHERIES,..,..,..,..,40939.00,..,..,..,..,45270.00,..,..,..,..,49238.00,..,..,..,..,62862.00,..,..,..,..,70168.00,..,..,..,..,73709.00,..,..,..,..,87957.00,..,..,..,..,89579.00,..,..,..,..,88102.00,..,..,..,..,91339.00,..,..,..,..,95974.00,..,..,..,..,107165.00,..,..,..,..,97026.00,27174.00,18021.00,16854.00,25233.00,87282.00,24084.00,19753.00,14317.00,19264.00,77418.00,23504.00,20511.00,15781.00,21755.00,81551.00,22758.00,18107.00,15051.00,16198.00,72114.00,22641.00,18042.00,14038.00,14908.00,69629.00,20403.00,18350.00,15622.00,13718.00,68093.00,20883.00,21335.00,19688.00,18636.00,80542.00,24003.00,23076.00,21496.50,19687.00,88262.50,23692.00,27314.00,24087.00,18111.00,93204.00,24812.20,26757.00,24324.70,18504.10,94398.00,25876.00,25799.60,23682.60,18103.99,93462.19,24937.10,24696.08,24051.99,20311.74,93996.91,26266.05,23903.13,23784.64,20241.10,94194.91,24482.09,28082.72,24219.45,21485.61,98269.88,25855.70,29631.70,28924.33,24643.88,109055.62,26264.16,31085.81,29623.17,24188.92,111162.06,23733.45,33142.81,25479.54,21300.80,103656.61,20394.73,33496.64,25751.84,21546.49,101189.70,18408.78,30649.95,25029.89,22063.86,96152.48,18672.48,29599.02,24126.81,21368.14,93766.45,16865.09,27061.24,22847.51,21266.79,88040.64,15614.76,23076.95,23676.06,22745.06,85112.83,15979.34,22794.63,22953.85,21620.88,83348.70,15805.31,20337.61,19627.83,20474.09,76244.84,15464.49,20995.42,18278.89,19779.28,74518.09,15708.68,19716.50,17948.72,21080.82,74454.72,15161.82,20060.85,15641.95,18164.64,69029.25,14158.69,19848.39,14689.01,17905.64,66601.73,13901.17,17570.73,13803.51,16286.20,61561.61,11518.00,18832.30,13306.70,13216.91,56873.91,13675.42,15776.87,13762.09,14946.98,58161.37,14821.96,17278.85,12238.61,12121.02,56460.44,11299.37,14181.84,13466.40,10831.85,49779.47,12526.49,..,..,..,..
..Region XIII (Caraga),..Commercial Fisheries,..,..,..,..,416.00,..,..,..,..,339.00,..,..,..,..,606.00,..,..,..,..,731.00,..,..,..,..,939.00,..,..,..,..,590.00,..,..,..,..,378.00,..,..,..,..,609.00,..,..,..,..,362.00,..,..,..,..,859.00,..,..,..,..,4888.00,..,..,..,..,1260.00,..,..,..,..,4389.00,673.00,786.00,1197.00,784.00,3440.00,759.00,762.00,802.00,805.00,3128.00,671.00,966.00,1690.00,1365.00,4692.00,658.00,1007.00,1017.00,903.00,3585.00,702.00,750.00,1290.00,1383.00,4125.00,1113.00,1009.00,1282.00,1265.00,4669.00,1044.00,1027.00,1323.00,1318.00,4712.00,1143.00,1041.00,1356.00,1285.00,4825.00,1138.00,1024.00,1385.00,1227.00,4774.00,1116.00,1145.00,1069.00,1339.00,4669.00,1145.00,1233.00,1111.00,1187.00,4676.00,1180.00,1211.00,1081.00,1211.50,4683.50,1732.10,1818.09,1275.00,1224.00,6049.19,1598.00,1941.00,1239.68,1559.69,6338.37,1658.33,1832.90,1598.28,1843.44,6932.95,1952.74,1734.19,1626.41,1901.55,7214.89,1773.79,1808.13,1620.65,1473.64,6676.21,1678.91,1866.84,2009.12,1666.80,7221.67,1284.37,1734.95,1613.09,1432.33,6064.74,1118.59,1359.53,1455.60,1265.65,5199.37,1220.38,1310.23,1383.76,1250.99,5165.36,1068.00,1172.24,1277.47,1356.02,4873.73,998.58,1169.10,1347.47,1329.62,4844.77,1057.14,1177.89,1180.01,1757.60,5172.64,1641.50,1512.17,1600.91,1905.20,6659.78,1702.50,1996.75,1738.49,1834.14,7271.88,2793.06,2230.10,1460.75,1625.46,8109.37,2668.82,2336.18,2100.19,1685.35,8790.54,2477.65,2135.58,2256.93,1626.77,8496.93,2325.72,3421.24,2994.26,2432.35,11173.57,2446.89,3296.02,3264.81,5713.70,14721.41,3170.00,4606.60,2677.95,1673.12,12127.68,1980.18,2905.98,2710.47,1957.33,9553.96,2596.82,..,..,..,..
..Region XIII (Caraga),..Municipal Fisheries,..,..,..,..,38566.00,..,..,..,..,42706.00,..,..,..,..,46407.00,..,..,..,..,59371.00,..,..,..,..,65850.00,..,..,..,..,69976.00,..,..,..,..,84981.00,..,..,..,..,85766.00,..,..,..,..,84336.00,..,..,..,..,86766.00,..,..,..,..,86767.00,..,..,..,..,101082.00,..,..,..,..,86108.00,25161.00,16227.00,14014.00,23293.00,78695.00,22346.00,18144.00,12731.00,17180.00,70401.00,22145.00,18407.00,13245.00,19636.00,73433.00,21630.00,16018.00,12856.00,14315.00,64819.00,21446.00,16199.00,11951.00,12658.00,62254.00,18799.00,16363.00,13520.00,11571.00,60253.00,17809.00,17462.00,14733.00,14290.00,64294.00,19802.00,17796.00,15014.00,13987.00,66599.00,19926.00,17580.00,17397.00,13138.00,68041.00,20135.00,17173.00,11765.00,12835.00,61908.00,20459.00,19430.00,13265.00,13017.00,66171.00,20637.01,18040.75,13094.03,13207.00,64978.79,21526.35,17774.64,14509.75,13752.81,67563.55,19642.42,18759.90,14484.89,14494.07,67381.28,21015.14,19940.77,18027.75,16962.57,75946.23,20885.80,20339.19,18470.60,17193.00,76888.59,19071.73,19444.77,16555.01,15309.38,70380.89,16422.31,19682.09,17335.93,15628.69,69069.02,15194.24,17400.66,17381.55,16624.24,66600.69,15726.61,15830.01,16583.26,15958.38,64098.26,13746.08,14498.98,15807.56,15424.92,59477.54,12522.16,13826.95,16715.01,16596.45,59660.57,13050.50,13931.79,16521.04,15911.63,59414.96,13104.36,13117.59,14675.07,15292.57,56189.59,12456.53,13797.28,12948.50,13562.29,52764.60,12458.94,12617.95,12515.36,14271.31,51863.56,10323.25,12933.83,10974.52,11655.62,45887.22,9549.67,12100.69,9656.95,11558.89,42866.20,8714.28,11361.55,9313.77,9891.42,39281.02,7451.08,11189.87,8732.42,8833.03,36206.40,9540.46,10525.84,8543.49,7360.40,35970.19,9474.85,10655.76,7976.03,8730.83,36837.47,8362.56,9490.36,8651.16,7405.15,33909.24,8810.33,..,..,..,..
..Region XIII (Caraga),....Marine Municipal Fisheries,..,..,..,..,37851.00,..,..,..,..,41809.00,..,..,..,..,44636.00,..,..,..,..,57658.00,..,..,..,..,63445.00,..,..,..,..,67411.00,..,..,..,..,82590.00,..,..,..,..,83276.00,..,..,..,..,81748.00,..,..,..,..,84061.00,..,..,..,..,83785.00,..,..,..,..,97886.00,..,..,..,..,82961.00,22808.00,14119.00,12078.00,20308.00,69313.00,20794.00,16779.00,11332.00,15980.00,64885.00,20161.00,16499.00,11815.00,18195.00,66670.00,19810.00,14196.00,11531.00,12727.00,58264.00,19802.00,14663.00,10883.00,11679.00,57027.00,18281.00,15792.00,12856.00,10884.00,57813.00,17292.00,16743.00,13955.00,13525.00,61515.00,19126.00,17118.00,14225.00,13240.00,63709.00,19262.00,16880.00,16434.00,12360.00,64936.00,19274.00,16297.00,10948.00,11917.00,58436.00,19601.00,18536.00,12417.00,11841.00,62395.00,19648.94,17103.37,12205.03,12071.00,61028.34,20539.35,16946.38,13673.89,12723.37,63882.99,18458.14,17647.49,13666.90,13248.07,63020.60,19649.26,18605.82,16953.38,15679.26,70887.72,19560.50,19078.33,17305.34,15819.25,71763.42,17752.24,18331.54,15447.13,14263.23,65794.14,15254.00,18600.17,16284.20,14427.20,64565.57,13932.57,16335.40,16466.74,15603.05,62337.76,14595.04,14773.08,15563.27,14743.84,59675.23,12630.87,13501.67,14748.80,14181.59,55062.93,11246.70,12842.39,15637.16,15431.25,55157.50,11868.02,12816.45,15510.93,14839.01,55034.41,12133.79,12057.42,13526.91,14030.04,51748.16,11453.20,12602.97,11900.68,12610.05,48566.90,11486.55,11480.43,11168.22,13043.05,47178.25,9389.49,11791.66,9775.58,10674.68,41631.41,8672.76,11165.35,8611.63,10540.62,38990.36,8049.39,10279.99,8042.99,8567.30,34939.67,6254.33,10136.24,7534.90,7648.72,31574.19,8601.62,9317.35,7550.73,6552.78,32022.49,8685.67,9639.59,7065.02,7941.59,33331.87,7787.43,8881.41,7600.42,6597.46,30866.71,7676.96,..,..,..,..
..Region XIII (Caraga),....Inland Municipal Fisheries,..,..,..,..,715.00,..,..,..,..,897.00,..,..,..,..,1771.00,..,..,..,..,1713.00,..,..,..,..,2405.00,..,..,..,..,2565.00,..,..,..,..,2391.00,..,..,..,..,2490.00,..,..,..,..,2588.00,..,..,..,..,2705.00,..,..,..,..,2982.00,..,..,..,..,3196.00,..,..,..,..,3147.00,2353.00,2108.00,1936.00,2985.00,9382.00,1552.00,1365.00,1399.00,1200.00,5516.00,1984.00,1908.00,1430.00,1441.00,6763.00,1820.00,1822.00,1325.00,1588.00,6555.00,1644.00,1536.00,1068.00,979.00,5227.00,518.00,571.00,664.00,687.00,2440.00,517.00,719.00,778.00,765.00,2779.00,676.00,678.00,789.00,747.00,2890.00,664.00,700.00,963.00,778.00,3105.00,861.00,876.00,817.00,918.00,3472.00,858.00,894.00,848.00,1176.00,3776.00,988.07,937.38,889.00,1136.00,3950.45,987.00,828.26,835.86,1029.44,3680.56,1184.28,1112.41,817.99,1246.00,4360.68,1365.88,1334.95,1074.37,1283.31,5058.51,1325.30,1260.86,1165.26,1373.75,5125.17,1319.49,1113.23,1107.88,1046.15,4586.75,1168.31,1081.92,1051.73,1201.49,4503.45,1261.67,1065.26,914.81,1021.19,4262.93,1131.57,1056.93,1019.99,1214.54,4423.03,1115.21,997.31,1058.76,1243.33,4414.61,1275.46,984.56,1077.85,1165.20,4503.07,1182.48,1115.34,1010.11,1072.62,4380.55,970.57,1060.17,1148.16,1262.53,4441.43,1003.33,1194.31,1047.82,952.24,4197.70,972.39,1137.52,1347.14,1228.26,4685.31,933.76,1142.17,1198.94,980.94,4255.81,876.91,935.34,1045.32,1018.27,3875.84,664.89,1081.56,1270.78,1324.12,4341.35,1196.75,1053.62,1197.52,1184.31,4632.21,938.84,1208.49,992.76,807.62,3947.71,789.18,1016.17,911.01,789.24,3505.60,575.14,608.95,1050.74,807.69,3042.53,1133.37,..,..,..,..
..Region XIII (Caraga),..Aquaculture,..,..,..,..,1957.00,..,..,..,..,2225.00,..,..,..,..,2225.00,..,..,..,..,2760.00,..,..,..,..,3379.00,..,..,..,..,3143.00,..,..,..,..,2598.00,..,..,..,..,3204.00,..,..,..,..,3404.00,..,..,..,..,3714.00,..,..,..,..,4319.00,..,..,..,..,4823.00,..,..,..,..,6529.00,1340.00,1008.00,1643.00,1156.00,5147.00,979.00,847.00,784.00,1279.00,3889.00,688.00,1138.00,846.00,754.00,3426.00,470.00,1082.00,1178.00,980.00,3710.00,493.00,1093.00,797.00,867.00,3250.00,491.00,978.00,820.00,882.00,3171.00,2030.00,2846.00,3632.00,3028.00,11536.00,3058.00,4239.00,5126.50,4415.00,16838.50,2628.00,8710.00,5305.00,3746.00,20389.00,3561.20,8439.00,11490.70,4330.10,27821.00,4272.00,5136.60,9306.60,3899.99,22615.19,3120.09,5444.33,9876.96,5893.24,24334.62,3007.60,4310.40,7999.89,5264.29,20582.17,3241.67,7381.82,8494.88,5431.85,24550.23,3182.23,7858.03,9298.30,5837.87,26176.44,3425.62,9012.43,9526.16,5094.37,27058.58,2887.93,11889.91,7303.88,4517.78,26599.51,2293.51,11947.71,6406.79,4251.00,24899.01,1930.17,11514.34,6035.25,4007.29,23487.05,1827.28,12409.48,6087.95,4144.11,24468.82,1898.63,11252.03,5656.19,4590.88,23397.74,2024.60,8077.76,5683.58,4792.59,20578.53,1930.26,7693.74,5085.34,4379.63,19088.97,1643.81,6042.13,3772.75,3423.92,14882.61,1366.46,5685.97,3729.48,4311.79,15093.71,1547.24,5101.80,3694.87,4975.37,15319.28,2045.51,4896.92,3206.68,4883.56,15032.66,1940.20,5411.52,2931.87,4661.40,14944.99,2709.24,4073.60,2232.81,4768.01,13783.66,1741.20,4221.19,1580.02,1951.53,9493.94,1688.07,1955.01,1953.79,1872.89,7469.76,2177.11,2016.49,1584.62,1717.07,7495.29,956.63,1785.51,2104.77,1469.36,6316.27,1119.34,..,..,..,..
....Agusan del Norte,FISHERIES,..,..,..,..,5262.00,..,..,..,..,4565.00,..,..,..,..,4976.00,..,..,..,..,4158.00,..,..,..,..,5735.00,..,..,..,..,5011.00,..,..,..,..,4350.00,..,..,..,..,6066.00,..,..,..,..,6089.00,..,..,..,..,6142.00,..,..,..,..,7047.00,..,..,..,..,7449.00,..,..,..,..,7336.00,3394.00,3642.00,3676.00,5248.00,15960.00,2482.00,2360.00,2251.00,1827.00,8920.00,2525.00,3043.00,2016.00,1735.00,9319.00,2546.00,2615.00,1919.00,2000.00,9080.00,2233.00,1986.00,1401.00,1486.00,7106.00,1310.00,1569.00,1635.00,1422.00,5936.00,1062.00,2258.00,2047.00,1906.00,7273.00,1916.00,2341.00,1987.00,1893.00,8137.00,2012.00,2423.00,2154.00,1571.00,8160.00,2158.00,2652.00,2423.00,1845.00,9078.00,2680.00,2991.90,3398.10,1950.00,11020.00,2754.94,3033.10,3697.98,2211.04,11697.06,2890.65,2578.46,4103.88,1663.51,11236.50,2029.08,2848.96,4413.48,1839.11,11130.64,2722.63,2974.92,5067.99,2530.38,13295.92,2812.71,2887.54,4778.63,2522.70,13001.58,2372.44,2694.52,2859.23,2241.17,10167.36,1974.99,2498.01,2300.29,2243.14,9016.43,1828.84,2138.13,2362.85,2146.74,8476.56,1853.61,2037.78,2333.27,2375.35,8600.01,1805.41,2105.80,2296.17,2570.38,8777.76,1795.08,2128.55,2594.41,2868.58,9386.63,1909.78,2195.51,2674.39,2920.33,9700.01,1852.29,2237.63,2707.56,2929.73,9727.22,1856.52,2389.06,2511.18,2884.39,9641.15,1863.26,2416.49,2460.50,3255.36,9995.62,1920.68,2557.70,2368.55,3133.89,9980.81,1957.61,2208.40,2255.34,3274.53,9695.88,2271.09,2559.14,2993.69,3444.95,11268.86,3131.79,3203.51,3550.65,3298.44,13184.39,3308.14,2491.28,2687.01,2478.25,10964.68,2945.05,3095.17,3600.91,2865.96,12507.09,2212.66,2450.62,3283.97,2902.70,10849.96,2609.60,..,..,..,..
....Agusan del Norte,..Commercial Fisheries,..,..,..,..,173.00,..,..,..,..,114.00,..,..,..,..,333.00,..,..,..,..,177.00,..,..,..,..,229.00,..,..,..,..,252.00,..,..,..,..,..,..,..,..,..,..,..,..,..,..,..,..,..,..,..,..,..,..,..,..,375.00,..,..,..,..,582.00,..,..,..,..,40.00,16.00,20.00,94.00,35.00,165.00,4.00,6.00,9.00,57.00,76.00,16.00,42.00,120.00,36.00,214.00,12.00,41.00,12.00,8.00,73.00,10.00,4.00,64.00,26.00,104.00,16.00,15.00,1.00,1.00,33.00,..,..,..,..,..,..,..,..,..,..,..,..,..,..,.,.,.,.,.,.,.,.,.,.,.,.,.,.,.,.,.,.,.,.,.,.,.,.,.,.,.,.,.,.,.,.,.,.,.,.,.,.,.,.,.,.,.,.,.,.,.,.,.,.,.,.,.,.,.,.,.,.,.,.,.,.,.,.,.,.,.,.,.,.,.,.,.,.,.,.,.,.,.,.,.,.,.,.,.,.,.,.,.,.,.,.,.,.,.,.,.,.,.,.,.,.,.,.,.,.,.,.,.,.,.,.,.,.,.,.,.,.,.,.,.,.,..,..,..,..
....Agusan del Norte,..Municipal Fisheries,..,..,..,..,3874.00,..,..,..,..,3224.00,..,..,..,..,3416.00,..,..,..,..,3208.00,..,..,..,..,4050.00,..,..,..,..,3619.00,..,..,..,..,3427.00,..,..,..,..,4751.00,..,..,..,..,4919.00,..,..,..,..,4882.00,..,..,..,..,5207.00,..,..,..,..,5231.00,..,..,..,..,5081.00,2683.00,3027.00,3252.00,4744.00,13706.00,1794.00,2086.00,2092.00,1037.00,7009.00,2147.00,2615.00,1702.00,1233.00,7697.00,2328.00,2323.00,1671.00,1432.00,7754.00,2050.00,1752.00,1089.00,949.00,5840.00,1139.00,1391.00,1357.00,919.00,4806.00,920.00,2058.00,1744.00,1350.00,6072.00,1744.00,2046.00,1655.00,1313.00,6758.00,1578.00,1958.00,1716.00,908.00,6160.00,1670.00,2172.00,1935.00,1043.00,6820.00,1871.00,2494.00,1937.00,1115.00,7417.00,1874.94,2598.75,2042.03,1197.00,7712.72,2048.35,2345.67,2292.75,1418.81,8105.58,1670.42,2670.91,2418.39,1560.85,8320.57,2394.36,2710.44,3072.41,2181.06,10358.27,2401.43,2567.99,3243.32,2091.70,10304.44,1999.76,2363.60,2201.76,1968.49,8533.61,1767.55,2277.61,1915.01,1803.34,7763.51,1579.78,1920.04,1973.39,1825.78,7298.99,1582.10,1765.48,2021.92,1755.76,7125.26,1501.60,1711.01,1875.84,1713.18,6801.63,1412.99,1756.70,2016.06,1804.94,6990.69,1471.78,1695.10,2137.70,1720.80,7025.38,1373.56,1654.28,2152.61,1712.38,6892.83,1379.27,1740.95,1929.99,1622.25,6672.46,1369.86,1656.83,1825.43,1713.05,6565.17,1412.67,1618.83,1699.38,1689.42,6420.30,1430.56,1540.45,1596.19,1831.59,6398.79,1520.65,1773.67,1976.07,2100.13,7370.52,1893.99,2129.61,2528.36,2138.69,8690.65,2257.53,1788.63,1663.31,1408.78,7118.25,1595.61,1902.32,2562.59,1743.75,7804.27,1508.88,1667.55,1915.24,1779.19,6870.86,2287.92,..,..,..,..
....Agusan del Norte,....Marine Municipal Fisheries,..,..,..,..,3234.00,..,..,..,..,2566.00,..,..,..,..,2353.00,..,..,..,..,2488.00,..,..,..,..,2740.00,..,..,..,..,2604.00,..,..,..,..,2706.00,..,..,..,..,3822.00,..,..,..,..,3937.00,..,..,..,..,3858.00,..,..,..,..,4008.00,..,..,..,..,4037.00,..,..,..,..,3905.00,1439.00,1912.00,2268.00,2722.00,8341.00,1240.00,1745.00,1613.00,569.00,5167.00,1173.00,1837.00,1119.00,607.00,4736.00,1415.00,1568.00,1117.00,647.00,4747.00,1200.00,1252.00,782.00,664.00,3898.00,811.00,1159.00,1095.00,631.00,3696.00,622.00,1711.00,1500.00,1081.00,4914.00,1443.00,1796.00,1425.00,1049.00,5713.00,1298.00,1728.00,1468.00,735.00,5229.00,1379.00,1870.00,1633.00,690.00,5572.00,1574.00,2187.00,1625.00,666.00,6052.00,1523.94,2271.37,1706.03,729.00,6230.34,1694.35,2061.41,1980.89,1066.87,6803.52,1301.14,2257.50,2096.90,1156.02,6811.56,1980.17,2263.54,2707.87,1751.72,8703.30,1982.88,2163.61,2768.63,1649.06,8564.18,1471.18,1895.92,1810.65,1538.11,6715.86,1287.81,1853.99,1535.68,1358.43,6035.91,1048.09,1464.33,1623.22,1397.36,5533.00,1077.54,1329.23,1639.92,1320.53,5367.22,1073.39,1372.26,1546.19,1353.36,5345.20,975.28,1391.03,1633.71,1429.84,5429.86,1030.06,1266.01,1706.54,1314.25,5316.86,987.27,1235.91,1691.61,1311.22,5226.01,974.79,1274.46,1474.90,1294.87,5019.02,984.74,1223.05,1368.23,1417.33,4993.35,1033.87,1212.65,1292.57,1353.26,4892.35,1055.74,1147.43,1147.26,1428.40,4778.83,1057.58,1078.29,1067.38,1300.62,4503.87,1010.66,1423.45,1632.16,1255.44,5321.71,1612.44,879.38,1035.05,974.54,4501.41,1142.20,1153.38,1864.98,1193.40,5353.96,1140.22,1270.89,1079.77,1194.59,4685.47,1378.52,..,..,..,..
....Agusan del Norte,....Inland Municipal Fisheries,..,..,..,..,640.00,..,..,..,..,658.00,..,..,..,..,1063.00,..,..,..,..,720.00,..,..,..,..,1310.00,..,..,..,..,1015.00,..,..,..,..,721.00,..,..,..,..,929.00,..,..,..,..,982.00,..,..,..,..,1024.00,..,..,..,..,1199.00,..,..,..,..,1194.00,..,..,..,..,1176.00,1244.00,1115.00,984.00,2022.00,5365.00,554.00,341.00,479.00,468.00,1842.00,974.00,778.00,583.00,626.00,2961.00,913.00,755.00,554.00,785.00,3007.00,850.00,500.00,307.00,285.00,1942.00,328.00,232.00,262.00,288.00,1110.00,298.00,347.00,244.00,269.00,1158.00,301.00,250.00,230.00,264.00,1045.00,280.00,230.00,248.00,173.00,931.00,291.00,302.00,302.00,353.00,1248.00,297.00,307.00,312.00,449.00,1365.00,351.00,327.38,336.00,468.00,1482.38,354.00,284.26,311.86,351.94,1302.06,369.28,413.41,321.49,404.83,1509.01,414.19,446.90,364.54,429.34,1654.97,418.55,404.38,474.69,442.64,1740.26,528.58,467.68,391.11,430.38,1817.75,479.74,423.62,379.33,444.91,1727.60,531.69,455.71,350.17,428.42,1765.99,504.56,436.25,382.00,435.23,1758.04,428.21,338.75,329.65,359.82,1456.43,437.71,365.67,382.35,375.10,1560.83,441.72,429.09,431.16,406.55,1708.52,386.29,418.37,461.00,401.16,1666.82,404.48,466.49,455.09,327.38,1653.44,385.12,433.78,457.20,295.72,1571.82,378.80,406.18,406.81,336.16,1527.95,374.82,393.02,448.93,403.19,1619.96,463.07,695.38,908.69,799.51,2866.65,883.33,706.17,896.21,883.25,3368.95,645.08,909.25,628.26,434.24,2616.83,453.41,748.94,697.61,550.35,2450.31,368.66,396.67,835.46,584.61,2185.39,909.40,..,..,..,..
....Agusan del Norte,..Aquaculture,..,..,..,..,1215.00,..,..,..,..,1227.00,..,..,..,..,1227.00,..,..,..,..,773.00,..,..,..,..,1456.00,..,..,..,..,1140.00,..,..,..,..,923.00,..,..,..,..,1315.00,..,..,..,..,1170.00,..,..,..,..,1260.00,..,..,..,..,1465.00,..,..,..,..,1636.00,..,..,..,..,2215.00,695.00,595.00,330.00,469.00,2089.00,684.00,268.00,150.00,733.00,1835.00,362.00,386.00,194.00,466.00,1408.00,206.00,251.00,236.00,560.00,1253.00,173.00,230.00,248.00,511.00,1162.00,155.00,163.00,277.00,502.00,1097.00,142.00,200.00,303.00,556.00,1201.00,172.00,295.00,332.00,580.00,1379.00,434.00,465.00,438.00,663.00,2000.00,488.00,480.00,488.00,802.00,2258.00,809.00,497.90,1461.10,835.00,3603.00,880.00,434.35,1655.95,1014.04,3984.34,842.30,232.79,1811.13,244.70,3130.92,358.66,178.05,1995.10,278.26,2810.07,328.27,264.48,1995.58,349.32,2937.65,411.28,319.55,1535.31,431.00,2697.14,372.68,330.92,657.47,272.68,1633.75,207.44,220.40,385.28,439.80,1252.92,249.06,218.09,389.46,320.96,1177.57,271.51,272.30,311.35,619.59,1474.75,303.81,394.79,420.33,857.20,1976.13,382.09,371.85,578.35,1063.64,2395.94,438.00,500.41,536.69,1199.53,2674.63,478.73,583.35,554.95,1217.35,2834.39,477.25,648.11,581.19,1262.14,2968.69,493.40,759.66,635.07,1542.31,3430.45,508.01,938.87,669.17,1444.47,3560.51,527.05,667.95,659.15,1442.94,3297.09,750.44,785.47,1017.62,1344.82,3898.34,1237.80,1073.89,1022.29,1159.75,4493.73,1050.61,702.65,1023.70,1069.47,3846.43,1349.44,1192.85,1038.32,1122.21,4702.82,703.79,783.07,1368.73,1123.51,3979.10,321.68,..,..,..,..
....Agusan del Sur,FISHERIES,..,..,..,..,..,..,..,..,..,17.00,..,..,..,..,693.00,..,..,..,..,884.00,..,..,..,..,1017.00,..,..,..,..,1016.00,..,..,..,..,1037.00,..,..,..,..,1021.00,..,..,..,..,1079.00,..,..,..,..,1143.00,..,..,..,..,1198.00,..,..,..,..,1367.00,..,..,..,..,1425.00,135.00,..,168.00,377.00,680.00,97.00,71.00,83.00,136.00,387.00,82.00,71.00,45.00,55.00,253.00,77.00,69.00,98.00,128.00,372.00,96.00,64.00,58.00,67.00,285.00,31.00,29.00,28.00,48.00,136.00,35.00,48.00,59.00,55.00,197.00,66.00,97.00,74.50,62.00,299.50,66.00,163.00,301.00,235.00,765.00,264.00,319.00,323.00,345.00,1251.00,407.10,288.80,319.90,387.80,1403.60,365.10,365.27,339.01,319.45,1388.82,390.38,276.49,259.34,314.86,1241.06,448.89,456.98,228.46,446.97,1581.29,552.50,506.75,404.99,456.62,1920.85,531.98,490.78,386.28,538.88,1947.92,412.32,317.40,425.22,327.92,1482.86,317.73,350.94,327.36,430.56,1426.59,421.14,305.08,270.41,340.81,1337.44,369.07,280.94,347.53,404.15,1401.69,378.53,340.96,460.00,454.60,1634.09,510.02,318.13,362.18,373.08,1563.40,375.63,273.84,265.79,281.45,1196.71,306.17,225.83,280.52,289.01,1101.52,421.62,319.35,227.58,321.88,1290.43,360.24,291.92,191.20,277.16,1120.53,325.52,267.12,163.58,237.12,993.34,269.96,235.43,180.68,217.62,903.69,119.38,241.61,190.90,208.94,760.84,187.41,228.68,211.33,208.08,835.51,201.61,140.89,209.58,186.76,738.85,252.63,210.10,224.10,225.99,912.82,205.66,213.75,201.78,250.02,871.21,202.14,..,..,..,..
....Agusan del Sur,..Commercial Fisheries,..,..,..,..,..,..,..,..,..,..,..,..,..,..,..,..,..,..,..,..,..,..,..,..,..,..,..,..,..,..,..,..,..,..,..,..,..,..,..,..,..,..,..,..,..,..,..,..,..,..,..,..,..,..,..,..,..,..,..,..,..,..,..,..,..,..,..,..,..,..,..,..,..,..,..,..,..,..,..,..,..,..,..,..,..,..,..,..,..,..,..,..,..,..,..,..,..,..,..,..,..,..,..,..,..,..,..,..,..,.,.,.,.,.,.,.,.,.,.,.,.,.,.,.,.,.,.,.,.,.,.,.,.,.,.,.,.,.,.,.,.,.,.,.,.,.,.,.,.,.,.,.,.,.,.,.,.,.,.,.,.,.,.,.,.,.,.,.,.,.,.,.,.,.,.,.,.,.,.,.,.,.,.,.,.,.,.,.,.,.,.,.,.,.,.,.,.,.,.,.,.,.,.,.,.,.,.,.,.,.,.,.,.,.,.,.,.,.,.,.,.,.,.,.,.,.,.,.,.,.,.,..,..,..,..
....Agusan del Sur,..Municipal Fisheries,..,..,..,..,..,..,..,..,..,..,..,..,..,..,676.00,..,..,..,..,834.00,..,..,..,..,919.00,..,..,..,..,877.00,..,..,..,..,898.00,..,..,..,..,882.00,..,..,..,..,926.00,..,..,..,..,979.00,..,..,..,..,1007.00,..,..,..,..,1154.00,..,..,..,..,1137.00,26.00,..,168.00,159.00,353.00,91.00,71.00,83.00,79.00,324.00,80.00,66.00,44.00,54.00,244.00,75.00,64.00,98.00,128.00,365.00,85.00,64.00,58.00,67.00,274.00,31.00,29.00,26.00,47.00,133.00,35.00,42.00,55.00,54.00,186.00,65.00,90.00,71.00,36.00,262.00,64.00,149.00,263.00,204.00,680.00,240.00,275.00,237.00,286.00,1038.00,258.00,281.00,250.00,333.00,1122.00,315.00,301.00,278.00,269.00,1163.00,319.00,242.00,233.00,271.00,1065.00,396.00,414.00,197.00,416.17,1423.17,500.47,486.24,354.84,393.45,1735.00,461.84,468.71,304.21,465.87,1700.63,373.22,291.20,344.47,273.08,1281.97,293.89,323.25,288.30,370.37,1275.81,383.59,288.37,234.00,292.19,1198.15,315.73,262.47,304.76,356.85,1239.81,351.46,326.64,412.76,422.26,1513.12,480.40,302.21,313.08,335.16,1430.85,332.61,258.00,231.86,236.34,1058.81,258.20,214.54,239.35,254.43,966.52,367.24,311.99,177.63,285.94,1142.80,330.88,285.53,166.52,257.47,1040.40,316.40,261.68,150.19,223.25,951.52,264.67,230.99,164.09,202.11,861.86,113.91,237.34,174.78,195.14,721.17,182.04,223.24,195.05,188.95,789.27,186.32,131.70,188.86,160.11,667.00,216.38,171.68,177.98,169.79,735.83,146.56,161.96,155.26,188.48,652.27,169.95,..,..,..,..
....Agusan del Sur,....Marine Municipal Fisheries,..,..,..,..,..,..,..,..,..,..,..,..,..,..,..,..,..,..,..,..,..,..,..,..,..,..,..,..,..,..,..,..,..,..,..,..,..,..,..,..,..,..,..,..,..,..,..,..,..,..,..,..,..,..,..,..,..,..,..,..,..,..,..,..,..,..,..,..,..,..,..,..,..,..,..,..,..,..,..,..,..,..,..,..,..,..,..,..,..,..,..,..,..,..,..,..,..,..,..,..,..,..,..,..,..,..,..,..,..,.,.,.,.,.,.,.,.,.,.,.,.,.,.,.,.,.,.,.,.,.,.,.,.,.,.,.,.,.,.,.,.,.,.,.,.,.,.,.,.,.,.,.,.,.,.,.,.,.,.,.,.,.,.,.,.,.,.,.,.,.,.,.,.,.,.,.,.,.,.,.,.,.,.,.,.,.,.,.,.,.,.,.,.,.,.,.,.,.,.,.,.,.,.,.,.,.,.,.,.,.,.,.,.,.,.,.,.,.,.,.,.,.,.,.,.,.,.,.,.,.,.,..,..,..,..
....Agusan del Sur,....Inland Municipal Fisheries,..,..,..,..,..,..,..,..,..,..,..,..,..,..,676.00,..,..,..,..,834.00,..,..,..,..,919.00,..,..,..,..,877.00,..,..,..,..,898.00,..,..,..,..,882.00,..,..,..,..,926.00,..,..,..,..,979.00,..,..,..,..,1007.00,..,..,..,..,1154.00,..,..,..,..,1137.00,26.00,..,168.00,159.00,353.00,91.00,71.00,83.00,79.00,324.00,80.00,66.00,44.00,54.00,244.00,75.00,64.00,98.00,128.00,365.00,85.00,64.00,58.00,67.00,274.00,31.00,29.00,26.00,47.00,133.00,35.00,42.00,55.00,54.00,186.00,65.00,90.00,71.00,36.00,262.00,64.00,149.00,263.00,204.00,680.00,240.00,275.00,237.00,286.00,1038.00,258.00,281.00,250.00,333.00,1122.00,315.00,301.00,278.00,269.00,1163.00,319.00,242.00,233.00,271.00,1065.00,396.00,414.00,197.00,416.17,1423.17,500.47,486.24,354.84,393.45,1735.00,461.84,468.71,304.21,465.87,1700.63,373.22,291.20,344.47,273.08,1281.97,293.89,323.25,288.30,370.37,1275.81,383.59,288.37,234.00,292.19,1198.15,315.73,262.47,304.76,356.85,1239.81,351.46,326.64,412.76,422.26,1513.12,480.40,302.21,313.08,335.16,1430.85,332.61,258.00,231.86,236.34,1058.81,258.20,214.54,239.35,254.43,966.52,367.24,311.99,177.63,285.94,1142.80,330.88,285.53,166.52,257.47,1040.40,316.40,261.68,150.19,223.25,951.52,264.67,230.99,164.09,202.11,861.86,113.91,237.34,174.78,195.14,721.17,182.04,223.24,195.05,188.95,789.27,186.32,131.70,188.86,160.11,667.00,216.38,171.68,177.98,169.79,735.83,146.56,161.96,155.26,188.48,652.27,169.95,..,..,..,..
....Agusan del Sur,..Aquaculture,..,..,..,..,..,..,..,..,..,17.00,..,..,..,..,17.00,..,..,..,..,50.00,..,..,..,..,98.00,..,..,..,..,139.00,..,..,..,..,139.00,..,..,..,..,139.00,..,..,..,..,153.00,..,..,..,..,164.00,..,..,..,..,191.00,..,..,..,..,213.00,..,..,..,..,288.00,109.00,..,..,218.00,327.00,6.00,..,..,57.00,63.00,2.00,5.00,1.00,1.00,9.00,2.00,5.00,..,..,7.00,11.00,..,..,..,11.00,..,..,2.00,1.00,3.00,..,6.00,4.00,1.00,11.00,1.00,7.00,3.50,26.00,37.50,2.00,14.00,38.00,31.00,85.00,24.00,44.00,86.00,59.00,213.00,149.10,7.80,69.90,54.80,281.60,50.10,64.27,61.01,50.45,225.82,71.38,34.49,26.34,43.86,176.06,52.89,42.98,31.46,30.80,158.12,52.03,20.51,50.15,63.17,185.85,70.14,22.07,82.07,73.01,247.29,39.10,26.20,80.75,54.84,200.89,23.84,27.69,39.06,60.19,150.78,37.55,16.71,36.41,48.62,139.29,53.34,18.47,42.77,47.30,161.88,27.07,14.32,47.24,32.34,120.97,29.62,15.92,49.10,37.92,132.55,43.02,15.84,33.93,45.11,137.90,47.97,11.29,41.17,34.58,135.00,54.38,7.36,49.95,35.94,147.63,29.36,6.39,24.68,19.69,80.13,9.12,5.44,13.39,13.87,41.82,5.29,4.44,16.59,15.51,41.83,5.47,4.27,16.12,13.80,39.67,5.37,5.44,16.29,19.14,46.24,15.29,9.20,20.72,26.65,71.85,36.25,38.42,46.12,56.20,176.99,59.10,51.78,46.52,61.54,218.94,32.19,..,..,..,..
....Dinagat Islands,FISHERIES,.,.,.,.,.,.,.,.,.,.,.,.,.,.,.,.,.,.,.,.,.,.,.,.,.,.,.,.,.,.,.,.,.,.,.,.,.,.,.,.,.,.,.,.,.,.,.,.,.,.,.,.,.,.,.,.,.,.,.,.,.,.,.,.,.,.,.,.,.,.,.,.,.,.,.,.,.,.,.,.,.,.,.,.,.,.,.,.,.,.,.,.,.,.,.,.,.,.,.,.,.,.,.,.,.,.,.,.,.,.,.,.,.,.,.,.,.,.,.,.,.,.,.,.,.,.,.,.,.,.,.,.,.,.,.,.,.,.,.,.,.,.,.,.,.,.,.,.,.,.,.,.,.,.,.,.,.,.,.,.,.,.,.,.,.,.,.,.,.,.,.,.,.,.,.,.,.,.,.,.,1087.80,1085.20,1192.30,1151.15,4516.44,985.89,1055.82,1187.62,1237.56,4466.89,1049.41,1093.06,1040.39,1223.44,4406.30,956.77,1100.31,1077.36,1082.26,4216.70,950.17,1124.63,1038.91,1066.87,4180.57,965.50,1068.76,1035.11,1067.96,4137.32,764.16,892.16,833.63,1068.60,3558.55,736.75,893.21,1120.26,957.93,3708.15,889.58,1047.50,1070.90,1360.45,4368.43,1408.75,1369.12,1017.43,910.58,4705.88,627.20,..,..,..,..
....Dinagat Islands,..Commercial Fisheries,.,.,.,.,.,.,.,.,.,.,.,.,.,.,.,.,.,.,.,.,.,.,.,.,.,.,.,.,.,.,.,.,.,.,.,.,.,.,.,.,.,.,.,.,.,.,.,.,.,.,.,.,.,.,.,.,.,.,.,.,.,.,.,.,.,.,.,.,.,.,.,.,.,.,.,.,.,.,.,.,.,.,.,.,.,.,.,.,.,.,.,.,.,.,.,.,.,.,.,.,.,.,.,.,.,.,.,.,.,.,.,.,.,.,.,.,.,.,.,.,.,.,.,.,.,.,.,.,.,.,.,.,.,.,.,.,.,.,.,.,.,.,.,.,.,.,.,.,.,.,.,.,.,.,.,.,.,.,.,.,.,.,.,.,.,.,.,.,.,.,.,.,.,.,.,.,.,.,.,.,.,.,.,.,.,.,.,.,.,.,.,.,.,.,.,.,.,.,.,.,.,.,.,.,.,.,.,.,.,.,.,.,.,.,.,.,.,.,.,.,.,.,.,.,.,.,.,.,.,.,.,..,..,..,..
....Dinagat Islands,..Municipal Fisheries,.,.,.,.,.,.,.,.,.,.,.,.,.,.,.,.,.,.,.,.,.,.,.,.,.,.,.,.,.,.,.,.,.,.,.,.,.,.,.,.,.,.,.,.,.,.,.,.,.,.,.,.,.,.,.,.,.,.,.,.,.,.,.,.,.,.,.,.,.,.,.,.,.,.,.,.,.,.,.,.,.,.,.,.,.,.,.,.,.,.,.,.,.,.,.,.,.,.,.,.,.,.,.,.,.,.,.,.,.,.,.,.,.,.,.,.,.,.,.,.,.,.,.,.,.,.,.,.,.,.,.,.,.,.,.,.,.,.,.,.,.,.,.,.,.,.,.,.,.,.,.,.,.,.,.,.,.,.,.,.,.,.,.,.,.,.,.,.,.,.,.,.,.,.,.,.,.,.,.,.,1076.15,1074.49,1028.02,1056.41,4235.07,975.53,1044.38,1020.50,1109.10,4149.51,967.34,1070.91,1011.53,1103.40,4153.18,925.95,1083.46,1056.80,1064.31,4130.52,933.86,1114.99,1024.08,1051.87,4124.80,944.86,1056.80,1017.92,1050.58,4070.16,757.53,884.56,821.70,1053.26,3517.05,727.35,889.75,1114.76,935.14,3667.00,885.88,1039.64,1056.90,1343.37,4325.80,1397.38,1358.31,1011.83,894.43,4661.96,621.90,..,..,..,..
....Dinagat Islands,....Marine Municipal Fisheries,.,.,.,.,.,.,.,.,.,.,.,.,.,.,.,.,.,.,.,.,.,.,.,.,.,.,.,.,.,.,.,.,.,.,.,.,.,.,.,.,.,.,.,.,.,.,.,.,.,.,.,.,.,.,.,.,.,.,.,.,.,.,.,.,.,.,.,.,.,.,.,.,.,.,.,.,.,.,.,.,.,.,.,.,.,.,.,.,.,.,.,.,.,.,.,.,.,.,.,.,.,.,.,.,.,.,.,.,.,.,.,.,.,.,.,.,.,.,.,.,.,.,.,.,.,.,.,.,.,.,.,.,.,.,.,.,.,.,.,.,.,.,.,.,.,.,.,.,.,.,.,.,.,.,.,.,.,.,.,.,.,.,.,.,.,.,.,.,.,.,.,.,.,.,.,.,.,.,.,.,1076.15,1074.49,1028.02,1056.41,4235.07,975.53,1044.38,1020.50,1109.10,4149.51,967.34,1070.91,1011.53,1103.40,4153.18,920.40,1081.39,1054.37,1060.80,4116.96,927.17,1109.20,1021.14,1048.49,4106.00,925.99,1054.08,1014.15,1043.40,4037.62,751.71,876.85,814.22,1045.52,3488.30,719.01,885.94,1109.15,923.47,3637.57,877.40,1036.08,1053.79,1334.36,4301.64,1392.99,1357.06,1009.55,891.26,4650.86,619.08,..,..,..,..
....Dinagat Islands,....Inland Municipal Fisheries,.,.,.,.,.,.,.,.,.,.,.,.,.,.,.,.,.,.,.,.,.,.,.,.,.,.,.,.,.,.,.,.,.,.,.,.,.,.,.,.,.,.,.,.,.,.,.,.,.,.,.,.,.,.,.,.,.,.,.,.,.,.,.,.,.,.,.,.,.,.,.,.,.,.,.,.,.,.,.,.,.,.,.,.,.,.,.,.,.,.,.,.,.,.,.,.,.,.,.,.,.,.,.,.,.,.,.,.,.,.,.,.,.,.,.,.,.,.,.,.,.,.,.,.,.,.,.,.,.,.,.,.,.,.,.,.,.,.,.,.,.,.,.,.,.,.,.,.,.,.,.,.,.,.,.,.,.,.,.,.,.,.,.,.,.,.,.,.,.,.,.,.,.,.,.,.,.,.,.,.,.,.,.,.,.,.,.,.,.,.,.,.,.,.,.,5.55,2.07,2.43,3.51,13.56,6.69,5.79,2.94,3.38,18.80,18.87,2.72,3.77,7.18,32.54,5.82,7.71,7.48,7.75,28.75,8.35,3.81,5.61,11.67,29.43,8.49,3.56,3.11,9.01,24.17,4.39,1.25,2.28,3.18,11.10,2.82,..,..,..,..
....Dinagat Islands,..Aquaculture,.,.,.,.,.,.,.,.,.,.,.,.,.,.,.,.,.,.,.,.,.,.,.,.,.,.,.,.,.,.,.,.,.,.,.,.,.,.,.,.,.,.,.,.,.,.,.,.,.,.,.,.,.,.,.,.,.,.,.,.,.,.,.,.,.,.,.,.,.,.,.,.,.,.,.,.,.,.,.,.,.,.,.,.,.,.,.,.,.,.,.,.,.,.,.,.,.,.,.,.,.,.,.,.,.,.,.,.,.,.,.,.,.,.,.,.,.,.,.,.,.,.,.,.,.,.,.,.,.,.,.,.,.,.,.,.,.,.,.,.,.,.,.,.,.,.,.,.,.,.,.,.,.,.,.,.,.,.,.,.,.,.,.,.,.,.,.,.,.,.,.,.,.,.,.,.,.,.,.,.,11.65,10.71,164.28,94.74,281.37,10.36,11.44,167.12,128.46,317.38,82.07,22.15,28.86,120.04,253.12,30.82,16.85,20.56,17.95,86.18,16.31,9.64,14.83,15.00,55.77,20.64,11.96,17.19,17.38,67.16,6.63,7.60,11.93,15.34,41.50,9.40,3.46,5.50,22.80,41.15,3.70,7.86,14.00,17.07,42.63,11.37,10.80,5.60,16.15,43.93,5.31,..,..,..,..
....Surigao del Norte,FISHERIES,..,..,..,..,30999.00,..,..,..,..,32987.00,..,..,..,..,36825.00,..,..,..,..,49297.00,..,..,..,..,55024.00,..,..,..,..,52360.00,..,..,..,..,54064.00,..,..,..,..,56284.00,..,..,..,..,53142.00,..,..,..,..,54724.00,..,..,..,..,58036.00,..,..,..,..,64213.00,..,..,..,..,59827.00,17496.00,6524.00,7439.00,9344.00,40803.00,15797.00,9704.00,6764.00,6737.00,39002.00,15061.00,9865.00,9704.00,12305.00,46935.00,15772.00,10397.00,8423.00,9318.00,43910.00,15676.00,11443.00,10112.00,10803.00,48034.00,15737.00,12743.00,10435.00,9629.00,48544.00,16529.00,14994.00,13258.00,11990.00,56771.00,18668.00,16400.00,14476.00,12894.00,62438.00,17526.00,15480.00,13998.00,11722.00,58726.00,18070.00,14135.00,10546.70,11885.20,54636.90,18149.40,14202.30,10476.60,9969.24,52797.54,17286.85,12536.60,10120.88,10232.20,50176.53,18587.84,13796.13,10473.65,10403.11,53260.73,17434.85,14701.40,10527.06,11025.02,53688.32,18023.48,15495.74,12225.35,12138.88,57883.46,18683.15,15700.31,12490.81,12636.38,59510.66,17297.43,15137.49,11791.15,10683.17,54909.24,14794.55,15605.49,12038.82,10950.38,53389.24,13558.97,13551.18,11623.09,11478.22,50211.46,13294.58,11883.91,10063.14,10815.68,46057.30,11382.32,10774.76,9685.61,9418.89,41261.58,9151.24,9280.62,9914.09,10510.68,38856.63,10156.47,9492.89,10204.29,10007.57,39861.22,8821.68,7359.83,7436.37,8045.97,31663.85,8074.82,7611.09,6195.60,6860.53,28742.04,8095.50,7742.18,5605.64,7170.93,28614.26,6092.97,7851.17,4706.68,5635.35,24286.17,5416.32,7342.44,4309.55,5137.17,22205.48,4815.73,6216.09,4364.73,4353.41,19749.96,2544.96,4046.66,4357.97,5037.59,15987.17,5817.14,5080.22,3449.95,4187.68,18534.99,5135.71,5272.13,3695.46,4725.49,18828.79,3369.31,4672.53,4123.48,3319.49,15484.81,3808.50,..,..,..,..
....Surigao del Norte,..Commercial Fisheries,..,..,..,..,166.00,..,..,..,..,221.00,..,..,..,..,148.00,..,..,..,..,541.00,..,..,..,..,575.00,..,..,..,..,270.00,..,..,..,..,298.00,..,..,..,..,334.00,..,..,..,..,362.00,..,..,..,..,403.00,..,..,..,..,519.00,..,..,..,..,649.00,..,..,..,..,4037.00,569.00,581.00,721.00,589.00,2460.00,607.00,621.00,639.00,592.00,2459.00,492.00,729.00,1221.00,1014.00,3456.00,521.00,743.00,642.00,575.00,2481.00,550.00,631.00,1016.00,1063.00,3260.00,871.00,816.00,1066.00,957.00,3710.00,833.00,841.00,1097.00,998.00,3769.00,916.00,858.00,1120.00,996.00,3890.00,920.00,845.00,1145.00,990.00,3900.00,912.00,836.00,830.00,1089.00,3667.00,936.00,915.00,861.00,925.00,3637.00,968.00,880.00,836.00,956.50,3640.50,1531.10,1508.09,923.00,988.00,4950.19,1414.00,1597.00,912.68,1245.10,5168.78,1494.17,1537.95,1115.48,1468.78,5616.38,1649.30,1401.09,1088.06,1503.69,5642.14,1496.62,1354.07,985.23,936.03,4771.95,1376.51,1402.29,1057.81,963.06,4799.67,1132.79,1291.55,878.14,764.17,4066.65,955.24,946.78,773.97,712.90,3388.89,981.51,996.07,839.50,662.32,3479.40,800.27,826.23,782.11,758.80,3167.41,749.79,835.36,854.98,791.52,3231.65,727.26,749.94,701.68,715.25,2894.13,1028.66,768.83,691.24,713.41,3202.14,1077.41,780.61,616.10,748.60,3222.72,742.59,796.17,504.23,626.07,2669.06,632.36,760.88,512.84,587.08,2493.16,604.18,655.12,531.74,509.04,2300.08,288.02,1122.16,1221.82,1282.85,3914.86,933.53,972.19,968.57,1798.50,4672.79,1021.72,1637.28,1361.71,863.75,4884.46,920.68,1703.88,1658.95,1126.23,5409.74,1294.28,..,..,..,..
....Surigao del Norte,..Municipal Fisheries,..,..,..,..,30410.00,..,..,..,..,32343.00,..,..,..,..,36254.00,..,..,..,..,48348.00,..,..,..,..,53847.00,..,..,..,..,51585.00,..,..,..,..,53276.00,..,..,..,..,55266.00,..,..,..,..,52184.00,..,..,..,..,53701.00,..,..,..,..,56796.00,..,..,..,..,62759.00,..,..,..,..,54700.00,16672.00,5770.00,6632.00,8682.00,37756.00,15144.00,8933.00,6045.00,6045.00,36167.00,14552.00,9056.00,8399.00,11196.00,43203.00,15192.00,9514.00,7681.00,8624.00,41011.00,15006.00,10641.00,8970.00,9643.00,44260.00,14775.00,11779.00,9267.00,8558.00,44379.00,14041.00,12123.00,9462.00,8818.00,44444.00,15143.00,12309.00,9534.00,8787.00,45773.00,15163.00,12089.00,10607.00,8744.00,46603.00,15244.00,11239.00,7473.00,8944.00,42900.00,15243.00,13029.00,8879.00,8275.00,45426.00,15373.00,11391.00,8603.00,8478.00,43845.00,16097.00,11998.50,8784.00,8756.00,45635.50,14828.00,12614.99,8692.50,9151.34,45286.83,15399.34,13389.53,9918.80,10021.09,48728.76,15838.12,13677.11,10159.89,10357.06,50032.18,14641.41,13078.44,9606.87,8971.95,46298.67,12479.33,13573.22,9915.30,9140.70,45108.55,11751.75,11824.79,9857.54,9964.13,43398.21,11772.99,10479.47,8477.79,9277.40,40007.65,9561.00,9171.58,8109.99,8104.08,34946.65,8013.57,8265.88,8699.35,9191.90,34170.70,8865.74,8400.27,8960.70,8856.78,35083.49,7690.22,6422.16,6599.73,7142.14,27854.25,6914.02,6738.64,5395.64,5959.57,25007.87,6897.35,6848.68,4884.90,6229.01,24859.94,5182.12,6974.20,4111.71,4799.57,21067.60,4632.87,6494.39,3720.04,4341.51,19188.81,4057.76,5487.93,3774.77,3664.25,16984.71,2253.66,2908.07,3106.34,3676.93,11945.00,4872.76,4078.21,2300.15,2176.70,13427.82,4101.53,3618.72,2300.34,3798.79,13819.38,2436.13,2880.86,2422.83,2150.92,9890.74,2493.63,..,..,..,..
....Surigao del Norte,....Marine Municipal Fisheries,..,..,..,..,30410.00,..,..,..,..,32343.00,..,..,..,..,36254.00,..,..,..,..,48348.00,..,..,..,..,53847.00,..,..,..,..,51129.00,..,..,..,..,52688.00,..,..,..,..,54755.00,..,..,..,..,51654.00,..,..,..,..,53148.00,..,..,..,..,56224.00,..,..,..,..,62081.00,..,..,..,..,54033.00,15836.00,4877.00,5899.00,7895.00,34507.00,14252.00,8021.00,5239.00,5418.00,32930.00,13725.00,8316.00,7681.00,10516.00,40238.00,14456.00,8826.00,7096.00,8039.00,38417.00,14402.00,9989.00,8516.00,9170.00,42077.00,14661.00,11524.00,8941.00,8253.00,43379.00,13900.00,11850.00,9061.00,8457.00,43268.00,14873.00,12027.00,9130.00,8425.00,44455.00,14880.00,11804.00,10197.00,8394.00,45275.00,14950.00,10979.00,7239.00,8720.00,41888.00,14980.00,12764.00,8636.00,7935.00,44315.00,15106.00,11131.00,8377.00,8134.00,42748.00,15838.00,11749.50,8543.00,8408.50,44539.00,14473.00,12384.99,8466.00,8796.84,44120.83,15054.12,13055.77,9650.81,9644.47,47405.17,15506.07,13366.44,9871.32,9970.36,48714.19,14324.37,12833.56,9358.03,8724.31,45240.27,12182.82,13338.48,9651.05,8908.98,44081.33,11512.27,11611.75,9678.05,9799.15,42601.22,11585.04,10241.30,8320.25,9107.10,39253.69,9376.84,8985.98,7947.52,7920.21,34230.55,7840.27,8077.58,8495.30,8979.00,33392.15,8644.56,8223.70,8781.70,8664.32,34314.28,7456.06,6231.49,6324.45,6767.04,26779.04,6750.81,6563.11,5122.37,5847.89,24284.18,6738.88,6649.50,4656.47,6072.62,24117.47,5068.14,6817.23,3870.57,4606.54,20362.48,4528.72,6349.52,3562.19,4172.63,18613.06,4015.47,5418.55,3658.35,3521.94,16614.31,2187.32,2870.34,3053.03,3619.33,11730.02,4810.59,3966.00,2213.63,2013.33,13003.55,4035.16,3549.45,2284.74,3752.76,13622.12,2393.01,2841.15,2374.28,2127.99,9736.43,2463.26,..,..,..,..
....Surigao del Norte,....Inland Municipal Fisheries,..,..,..,..,..,..,..,..,..,..,..,..,..,..,..,..,..,..,..,..,..,..,..,..,..,..,..,..,..,456.00,..,..,..,..,588.00,..,..,..,..,511.00,..,..,..,..,530.00,..,..,..,..,553.00,..,..,..,..,572.00,..,..,..,..,678.00,..,..,..,..,667.00,836.00,893.00,733.00,787.00,3249.00,892.00,912.00,806.00,627.00,3237.00,827.00,740.00,718.00,680.00,2965.00,736.00,688.00,585.00,585.00,2594.00,604.00,652.00,454.00,473.00,2183.00,114.00,255.00,326.00,305.00,1000.00,141.00,273.00,401.00,361.00,1176.00,270.00,282.00,404.00,362.00,1318.00,283.00,285.00,410.00,350.00,1328.00,294.00,260.00,234.00,224.00,1012.00,263.00,265.00,243.00,340.00,1111.00,267.00,260.00,226.00,344.00,1097.00,259.00,249.00,241.00,347.50,1096.50,355.00,230.00,226.50,354.50,1166.00,345.22,333.76,267.99,376.62,1323.59,332.05,310.67,288.57,386.70,1317.99,317.04,244.88,248.84,247.64,1058.40,296.51,234.74,264.25,231.72,1027.22,239.48,213.04,179.49,164.98,796.99,187.95,238.17,157.54,170.30,753.96,184.16,185.60,162.47,183.87,716.10,173.30,188.30,204.05,212.90,778.55,221.18,176.57,179.00,192.46,769.21,234.16,190.67,275.28,375.10,1075.21,163.21,175.53,273.27,111.68,723.69,158.47,199.18,228.43,156.39,742.47,113.98,156.97,241.14,193.03,705.12,104.15,144.87,157.85,168.88,575.75,42.29,69.38,116.42,142.31,370.40,66.34,37.73,53.31,57.60,214.98,62.17,112.21,86.51,163.37,424.27,66.37,69.27,15.60,46.03,197.26,43.12,39.71,48.55,22.93,154.31,30.38,..,..,..,..
....Surigao del Norte,..Aquaculture,..,..,..,..,423.00,..,..,..,..,423.00,..,..,..,..,423.00,..,..,..,..,408.00,..,..,..,..,602.00,..,..,..,..,505.00,..,..,..,..,490.00,..,..,..,..,684.00,..,..,..,..,596.00,..,..,..,..,620.00,..,..,..,..,721.00,..,..,..,..,805.00,..,..,..,..,1090.00,255.00,173.00,86.00,73.00,587.00,46.00,150.00,80.00,100.00,376.00,17.00,80.00,84.00,95.00,276.00,59.00,140.00,100.00,119.00,418.00,120.00,171.00,126.00,97.00,514.00,91.00,148.00,102.00,114.00,455.00,1655.00,2030.00,2699.00,2174.00,8558.00,2609.00,3233.00,3822.00,3111.00,12775.00,1443.00,2546.00,2246.00,1988.00,8223.00,1914.00,2060.00,2243.70,1852.20,8069.90,1970.40,258.30,736.60,769.24,3734.54,945.85,265.60,681.88,797.70,2691.03,959.74,289.54,766.65,659.11,2675.04,1192.85,489.41,921.88,628.58,3232.71,1129.97,568.26,1191.07,649.01,3538.32,1195.73,622.11,1242.86,775.63,3836.34,1159.40,704.98,1199.05,775.19,3838.62,938.71,629.98,1065.71,846.62,3481.02,674.43,434.84,887.41,749.92,2746.60,566.35,457.66,811.38,825.38,2660.76,839.81,607.11,736.12,652.49,2835.53,337.40,188.51,432.63,559.98,1518.52,540.94,257.26,388.61,359.27,1546.08,404.20,187.73,134.96,188.58,915.47,132.14,103.62,108.72,187.55,532.03,120.74,112.89,104.64,193.32,531.60,168.26,80.80,90.74,209.71,549.51,151.09,87.17,76.67,208.58,523.51,153.79,73.04,58.22,180.12,465.17,3.28,16.43,29.81,77.80,127.31,10.86,29.82,181.23,212.48,434.39,12.46,16.13,33.41,62.95,124.95,12.50,87.79,41.70,42.34,184.33,20.58,..,..,..,..
....Surigao del Sur,FISHERIES,..,..,..,..,4678.00,..,..,..,..,7701.00,..,..,..,..,6744.00,..,..,..,..,8523.00,..,..,..,..,8392.00,..,..,..,..,15322.00,..,..,..,..,28506.00,..,..,..,..,26208.00,..,..,..,..,27792.00,..,..,..,..,29330.00,..,..,..,..,29693.00,..,..,..,..,34136.00,..,..,..,..,28438.00,6149.00,7855.00,5571.00,10264.00,29839.00,5708.00,7618.00,5219.00,10564.00,29109.00,5836.00,7532.00,4016.00,7660.00,25044.00,4363.00,5026.00,4611.00,4752.00,18752.00,4636.00,4549.00,2467.00,2552.00,14204.00,3325.00,4009.00,3524.00,2619.00,13477.00,3257.00,4035.00,4324.00,4685.00,16301.00,3353.00,4238.00,4959.00,4838.00,17388.00,4088.00,9248.00,7634.00,4583.00,25553.00,4320.20,9651.00,11032.00,4428.90,29432.10,4639.50,8316.60,9488.00,5796.95,28241.05,4530.21,8761.11,9894.13,7549.05,30734.50,4397.18,7252.06,8947.77,7859.62,28456.62,4569.27,10075.39,9050.45,8174.51,31869.62,4557.10,10654.30,11226.00,9518.00,35955.40,4236.32,12007.17,11967.45,8490.97,36701.91,3651.27,14993.40,10403.93,8048.55,37097.15,3307.47,15042.20,11085.36,7922.40,37357.43,2599.84,14655.57,10773.53,8098.08,36127.02,3155.22,15396.39,11382.87,7772.96,37707.45,3298.83,13839.73,10405.73,8822.92,36367.21,4158.42,11349.65,10805.37,8992.71,35306.16,3537.47,10832.38,9809.39,8411.53,32590.77,3737.38,9429.13,8011.08,8058.23,29235.82,4125.64,9620.09,8156.91,8474.93,30377.57,4340.27,8172.84,8650.99,9153.92,30318.02,5865.88,8284.56,7325.78,8076.01,29552.23,5564.63,8937.49,6904.53,8209.46,29616.11,5729.48,7485.13,5219.09,7210.93,25644.62,4889.68,10461.29,4353.12,3604.20,23308.29,3611.78,7171.27,6295.29,7136.35,24214.69,5598.99,7653.95,3647.23,2943.13,19843.30,4102.99,5475.83,4839.74,3449.05,17867.60,4796.47,..,..,..,..
....Surigao del Sur,..Commercial Fisheries,..,..,..,..,77.00,..,..,..,..,4.00,..,..,..,..,125.00,..,..,..,..,13.00,..,..,..,..,135.00,..,..,..,..,68.00,..,..,..,..,80.00,..,..,..,..,275.00,..,..,..,..,..,..,..,..,..,456.00,..,..,..,..,3994.00,..,..,..,..,29.00,..,..,..,..,312.00,88.00,185.00,382.00,160.00,815.00,148.00,135.00,154.00,156.00,593.00,163.00,195.00,349.00,315.00,1022.00,125.00,223.00,363.00,320.00,1031.00,142.00,115.00,210.00,294.00,761.00,226.00,178.00,215.00,307.00,926.00,211.00,186.00,226.00,320.00,943.00,227.00,183.00,236.00,289.00,935.00,218.00,179.00,240.00,237.00,874.00,204.00,309.00,239.00,250.00,1002.00,209.00,318.00,250.00,262.00,1039.00,212.00,331.00,245.00,255.00,1043.00,201.00,310.00,352.00,236.00,1099.00,184.00,344.00,327.00,314.59,1169.59,164.16,294.95,482.80,374.66,1316.57,303.44,333.10,538.35,397.86,1572.75,277.17,454.06,635.42,537.61,1904.26,302.40,464.55,951.31,703.74,2422.00,151.58,443.40,734.95,668.16,1998.09,163.35,412.75,681.63,552.75,1810.48,238.87,314.16,544.26,588.67,1685.96,267.73,346.01,495.36,597.22,1706.32,248.79,333.74,492.49,538.10,1613.12,329.88,427.95,478.33,1042.35,2278.51,612.84,743.34,909.67,1191.79,3457.64,625.09,1216.14,1122.39,1085.54,4049.16,2050.47,1433.93,956.52,999.39,5440.31,2036.46,1575.30,1587.35,1098.27,6297.38,1873.47,1480.46,1725.19,1117.73,6196.85,2037.70,2299.08,1772.44,1149.49,7258.71,1513.36,2323.83,2296.24,3915.20,10048.62,2148.29,2969.32,1316.25,809.37,7243.22,1059.50,1202.09,1051.52,831.10,4144.22,1302.54,..,..,..,..
....Surigao del Sur,..Municipal Fisheries,..,..,..,..,4282.00,..,..,..,..,7139.00,..,..,..,..,6061.00,..,..,..,..,6981.00,..,..,..,..,7034.00,..,..,..,..,13895.00,..,..,..,..,27380.00,..,..,..,..,24867.00,..,..,..,..,26307.00,..,..,..,..,27204.00,..,..,..,..,23757.00,..,..,..,..,31938.00,..,..,..,..,25190.00,5780.00,7430.00,3962.00,9708.00,26880.00,5317.00,7054.00,4511.00,10019.00,26901.00,5366.00,6670.00,3100.00,7153.00,22289.00,4035.00,4117.00,3406.00,4131.00,15689.00,4305.00,3742.00,1834.00,1999.00,11880.00,2854.00,3164.00,2870.00,2047.00,10935.00,2813.00,3239.00,3472.00,4068.00,13592.00,2850.00,3351.00,3754.00,3851.00,13806.00,3121.00,3384.00,4811.00,3282.00,14598.00,2981.00,3487.00,2120.00,2562.00,11150.00,3087.00,3626.00,2199.00,3294.00,12206.00,3074.07,3750.00,2171.00,3263.00,12258.07,3062.00,3188.47,3200.00,3307.00,12757.47,2748.00,3060.00,3177.00,3365.71,12350.71,2720.97,3354.56,4681.70,4366.97,15124.20,2184.41,3625.38,4763.18,4278.37,14851.34,2057.34,3711.53,4401.91,4095.86,14266.64,1881.54,3508.01,5217.32,4314.28,14921.15,1479.12,3367.46,5316.62,4542.14,14705.34,2055.79,3322.59,5778.79,4568.37,15725.54,2332.02,3289.75,5408.97,5185.40,16216.14,2615.20,3502.16,5686.52,5264.45,17068.33,2380.37,3578.42,5190.78,5097.71,16247.28,2706.23,3752.12,4655.36,5127.21,16240.92,2820.47,3961.32,4424.74,4585.43,15791.96,2893.51,2756.00,4626.98,4968.38,15244.87,2486.11,2995.66,3956.44,3879.07,13317.28,2287.71,2719.87,3152.55,4131.81,12291.94,2077.10,2805.81,2370.23,2881.32,10134.46,2363.86,5044.38,2080.98,1775.20,11264.42,1496.50,3637.55,3276.41,2679.67,11090.13,2675.44,3923.40,1878.22,1675.13,10152.18,2873.61,3421.67,3146.00,2392.13,11833.41,3236.93,..,..,..,..
....Surigao del Sur,....Marine Municipal Fisheries,..,..,..,..,4207.00,..,..,..,..,6900.00,..,..,..,..,6029.00,..,..,..,..,6822.00,..,..,..,..,6858.00,..,..,..,..,13678.00,..,..,..,..,27196.00,..,..,..,..,24699.00,..,..,..,..,26157.00,..,..,..,..,27055.00,..,..,..,..,23553.00,..,..,..,..,31768.00,..,..,..,..,25023.00,5533.00,7330.00,3911.00,9691.00,26465.00,5302.00,7013.00,4480.00,9993.00,26788.00,5263.00,6346.00,3015.00,7072.00,21696.00,3939.00,3802.00,3318.00,4041.00,15100.00,4200.00,3422.00,1585.00,1845.00,11052.00,2809.00,3109.00,2820.00,2000.00,10738.00,2770.00,3182.00,3394.00,3987.00,13333.00,2810.00,3295.00,3670.00,3766.00,13541.00,3084.00,3348.00,4769.00,3231.00,14432.00,2945.00,3448.00,2076.00,2507.00,10976.00,3047.00,3585.00,2156.00,3240.00,12028.00,3019.00,3701.00,2122.00,3208.00,12050.00,3007.00,3135.47,3150.00,3248.00,12540.47,2684.00,3005.00,3104.00,3295.21,12088.21,2614.97,3286.51,4594.70,4283.07,14779.25,2071.55,3548.28,4665.39,4199.83,14485.05,1956.69,3602.06,4278.45,4000.81,13838.01,1783.37,3407.70,5097.47,4159.79,14448.33,1372.21,3259.32,5165.47,4406.54,14203.54,1932.46,3202.55,5603.10,4316.21,15054.32,2180.64,3143.43,5255.09,4908.02,15487.18,2431.15,3373.78,5508.15,5022.41,16335.49,2193.40,3326.74,5022.69,4860.44,15403.27,2614.31,3515.53,4482.83,4895.37,15508.04,2752.07,3721.02,4282.91,4358.19,15114.19,2795.59,2536.97,4131.99,4449.70,13914.25,2367.08,2680.39,3558.07,3654.08,12259.62,2161.13,2559.20,2881.04,3891.10,11492.47,2050.35,2729.07,2303.11,2701.34,9783.87,2304.64,4965.60,2035.50,1728.42,11034.16,1459.58,3586.03,3192.90,2641.44,10879.96,2630.91,3900.67,1861.51,1661.07,10054.16,2861.21,3412.32,3136.81,2383.63,11793.96,3216.10,..,..,..,..
....Surigao del Sur,....Inland Municipal Fisheries,..,..,..,..,75.00,..,..,..,..,239.00,..,..,..,..,32.00,..,..,..,..,159.00,..,..,..,..,176.00,..,..,..,..,217.00,..,..,..,..,184.00,..,..,..,..,168.00,..,..,..,..,150.00,..,..,..,..,149.00,..,..,..,..,204.00,..,..,..,..,170.00,..,..,..,..,167.00,247.00,100.00,51.00,17.00,415.00,15.00,41.00,31.00,26.00,113.00,103.00,324.00,85.00,81.00,593.00,96.00,315.00,88.00,90.00,589.00,105.00,320.00,249.00,154.00,828.00,45.00,55.00,50.00,47.00,197.00,43.00,57.00,78.00,81.00,259.00,40.00,56.00,84.00,85.00,265.00,37.00,36.00,42.00,51.00,166.00,36.00,39.00,44.00,55.00,174.00,40.00,41.00,43.00,54.00,178.00,55.07,49.00,49.00,55.00,208.07,55.00,53.00,50.00,59.00,217.00,64.00,55.00,73.00,70.50,262.50,106.00,68.05,87.00,83.90,344.95,112.86,77.10,97.79,78.54,366.29,100.65,109.47,123.46,95.05,428.63,98.17,100.31,119.85,154.49,472.82,106.91,108.14,151.15,135.60,501.80,123.33,120.04,175.69,252.16,671.22,151.38,146.32,153.88,277.38,728.96,184.05,128.38,178.37,242.04,732.84,186.97,251.68,168.09,237.27,844.01,91.92,236.59,172.53,231.84,732.88,68.40,240.30,141.83,227.24,677.77,97.92,219.03,494.99,518.68,1330.62,119.03,315.27,398.37,224.99,1057.66,126.58,160.67,271.51,240.71,799.47,26.75,76.74,67.12,179.98,350.59,59.22,78.78,45.48,46.78,230.26,36.91,51.52,83.51,38.23,210.17,44.53,22.72,16.71,14.06,98.03,12.41,9.36,9.19,8.50,39.45,20.82,..,..,..,..
....Surigao del Sur,..Aquaculture,..,..,..,..,319.00,..,..,..,..,558.00,..,..,..,..,558.00,..,..,..,..,1529.00,..,..,..,..,1223.00,..,..,..,..,1359.00,..,..,..,..,1046.00,..,..,..,..,1066.00,..,..,..,..,1485.00,..,..,..,..,1670.00,..,..,..,..,1942.00,..,..,..,..,2169.00,..,..,..,..,2936.00,281.00,240.00,1227.00,396.00,2144.00,243.00,429.00,554.00,389.00,1615.00,307.00,667.00,567.00,192.00,1733.00,203.00,686.00,842.00,301.00,2032.00,189.00,692.00,423.00,259.00,1563.00,245.00,667.00,439.00,265.00,1616.00,233.00,610.00,626.00,297.00,1766.00,276.00,704.00,969.00,698.00,2647.00,749.00,5685.00,2583.00,1064.00,10081.00,1135.20,5855.00,8673.00,1616.90,17280.10,1343.50,4372.60,7039.00,2240.95,14996.05,1244.14,4680.11,7478.13,4031.05,17433.43,1134.18,3753.59,5395.77,4316.62,14600.15,1637.27,6671.39,5546.45,4494.21,18349.32,1671.97,7004.79,6061.50,4776.37,19514.63,1748.47,8048.69,6665.92,3814.74,20277.82,1316.76,10827.81,5366.60,3415.08,20926.25,1123.53,11069.64,4916.73,2904.38,20014.28,969.14,10844.71,4721.96,2887.78,19423.59,936.08,11661.05,4922.45,2651.84,20171.43,727.94,10235.82,4452.50,3048.85,18465.11,1275.49,7501.48,4623.49,3131.04,16531.51,908.31,6920.22,4126.12,2775.72,14730.37,701.27,5249.06,2877.39,1888.67,10716.39,692.33,4915.43,2822.50,2697.71,11127.97,821.67,4200.70,2901.62,3100.00,11023.99,1329.30,3854.97,2412.82,3197.55,10794.64,1240.46,4642.32,2164.63,2979.38,11026.79,1778.91,3198.86,1123.67,3211.88,9313.31,488.12,3117.83,499.70,679.51,4785.16,601.92,1209.89,722.64,541.49,3075.94,775.26,761.23,452.77,458.63,2447.89,169.87,852.06,642.22,225.83,1889.98,257.01,..,..,..,..
....City of Butuan,FISHERIES,.,.,.,.,.,.,.,.,.,.,.,.,.,.,.,.,.,.,.,.,.,.,.,.,.,.,.,.,.,.,.,.,.,.,.,.,.,.,.,.,.,.,.,.,.,.,.,.,.,.,.,.,.,.,.,.,.,.,.,.,.,.,.,.,.,.,.,.,.,.,.,.,.,.,.,.,.,.,.,.,.,.,.,.,.,.,.,.,.,.,.,.,.,.,.,.,.,.,.,.,.,.,.,.,.,.,.,.,.,.,.,.,.,.,.,.,.,.,.,.,.,.,.,.,.,.,.,.,.,.,.,.,.,.,.,.,.,.,.,.,.,.,.,.,.,.,.,.,.,.,.,.,.,.,.,.,.,.,.,.,.,.,.,.,.,.,.,.,.,.,.,.,.,.,.,.,.,.,.,.,.,.,.,.,.,.,.,.,.,.,.,.,.,.,.,.,.,.,.,.,.,.,.,.,.,.,.,.,.,.,.,.,.,.,.,.,.,.,.,.,.,.,.,.,.,.,.,.,.,.,482.58,..,..,..,..
....City of Butuan,..Commercial Fisheries,.,.,.,.,.,.,.,.,.,.,.,.,.,.,.,.,.,.,.,.,.,.,.,.,.,.,.,.,.,.,.,.,.,.,.,.,.,.,.,.,.,.,.,.,.,.,.,.,.,.,.,.,.,.,.,.,.,.,.,.,.,.,.,.,.,.,.,.,.,.,.,.,.,.,.,.,.,.,.,.,.,.,.,.,.,.,.,.,.,.,.,.,.,.,.,.,.,.,.,.,.,.,.,.,.,.,.,.,.,.,.,.,.,.,.,.,.,.,.,.,.,.,.,.,.,.,.,.,.,.,.,.,.,.,.,.,.,.,.,.,.,.,.,.,.,.,.,.,.,.,.,.,.,.,.,.,.,.,.,.,.,.,.,.,.,.,.,.,.,.,.,.,.,.,.,.,.,.,.,.,.,.,.,.,.,.,.,.,.,.,.,.,.,.,.,.,.,.,.,.,.,.,.,.,.,.,.,.,.,.,.,.,.,.,.,.,.,.,.,.,.,.,.,.,.,.,.,.,.,.,.,..,..,..,..
....City of Butuan,..Municipal Fisheries,.,.,.,.,.,.,.,.,.,.,.,.,.,.,.,.,.,.,.,.,.,.,.,.,.,.,.,.,.,.,.,.,.,.,.,.,.,.,.,.,.,.,.,.,.,.,.,.,.,.,.,.,.,.,.,.,.,.,.,.,.,.,.,.,.,.,.,.,.,.,.,.,.,.,.,.,.,.,.,.,.,.,.,.,.,.,.,.,.,.,.,.,.,.,.,.,.,.,.,.,.,.,.,.,.,.,.,.,.,.,.,.,.,.,.,.,.,.,.,.,.,.,.,.,.,.,.,.,.,.,.,.,.,.,.,.,.,.,.,.,.,.,.,.,.,.,.,.,.,.,.,.,.,.,.,.,.,.,.,.,.,.,.,.,.,.,.,.,.,.,.,.,.,.,.,.,.,.,.,.,.,.,.,.,.,.,.,.,.,.,.,.,.,.,.,.,.,.,.,.,.,.,.,.,.,.,.,.,.,.,.,.,.,.,.,.,.,.,.,.,.,.,.,.,.,.,.,.,.,.,.,..,..,..,..
....City of Butuan,....Marine Municipal Fisheries,.,.,.,.,.,.,.,.,.,.,.,.,.,.,.,.,.,.,.,.,.,.,.,.,.,.,.,.,.,.,.,.,.,.,.,.,.,.,.,.,.,.,.,.,.,.,.,.,.,.,.,.,.,.,.,.,.,.,.,.,.,.,.,.,.,.,.,.,.,.,.,.,.,.,.,.,.,.,.,.,.,.,.,.,.,.,.,.,.,.,.,.,.,.,.,.,.,.,.,.,.,.,.,.,.,.,.,.,.,.,.,.,.,.,.,.,.,.,.,.,.,.,.,.,.,.,.,.,.,.,.,.,.,.,.,.,.,.,.,.,.,.,.,.,.,.,.,.,.,.,.,.,.,.,.,.,.,.,.,.,.,.,.,.,.,.,.,.,.,.,.,.,.,.,.,.,.,.,.,.,.,.,.,.,.,.,.,.,.,.,.,.,.,.,.,.,.,.,.,.,.,.,.,.,.,.,.,.,.,.,.,.,.,.,.,.,.,.,.,.,.,.,.,.,.,.,.,.,.,.,.,..,..,..,..
....City of Butuan,....Inland Municipal Fisheries,.,.,.,.,.,.,.,.,.,.,.,.,.,.,.,.,.,.,.,.,.,.,.,.,.,.,.,.,.,.,.,.,.,.,.,.,.,.,.,.,.,.,.,.,.,.,.,.,.,.,.,.,.,.,.,.,.,.,.,.,.,.,.,.,.,.,.,.,.,.,.,.,.,.,.,.,.,.,.,.,.,.,.,.,.,.,.,.,.,.,.,.,.,.,.,.,.,.,.,.,.,.,.,.,.,.,.,.,.,.,.,.,.,.,.,.,.,.,.,.,.,.,.,.,.,.,.,.,.,.,.,.,.,.,.,.,.,.,.,.,.,.,.,.,.,.,.,.,.,.,.,.,.,.,.,.,.,.,.,.,.,.,.,.,.,.,.,.,.,.,.,.,.,.,.,.,.,.,.,.,.,.,.,.,.,.,.,.,.,.,.,.,.,.,.,.,.,.,.,.,.,.,.,.,.,.,.,.,.,.,.,.,.,.,.,.,.,.,.,.,.,.,.,.,.,.,.,.,.,.,.,..,..,..,..
....City of Butuan,..Aquaculture,.,.,.,.,.,.,.,.,.,.,.,.,.,.,.,.,.,.,.,.,.,.,.,.,.,.,.,.,.,.,.,.,.,.,.,.,.,.,.,.,.,.,.,.,.,.,.,.,.,.,.,.,.,.,.,.,.,.,.,.,.,.,.,.,.,.,.,.,.,.,.,.,.,.,.,.,.,.,.,.,.,.,.,.,.,.,.,.,.,.,.,.,.,.,.,.,.,.,.,.,.,.,.,.,.,.,.,.,.,.,.,.,.,.,.,.,.,.,.,.,.,.,.,.,.,.,.,.,.,.,.,.,.,.,.,.,.,.,.,.,.,.,.,.,.,.,.,.,.,.,.,.,.,.,.,.,.,.,.,.,.,.,.,.,.,.,.,.,.,.,.,.,.,.,.,.,.,.,.,.,.,.,.,.,.,.,.,.,.,.,.,.,.,.,.,.,.,.,.,.,.,.,.,.,.,.,.,.,.,.,.,.,.,.,.,.,.,.,.,.,.,.,.,.,.,.,.,.,.,.,482.58,..,..,..,..
..Bangsamoro Autonomous Region in Muslim Mindanao (BARMM),FISHERIES,..,..,..,..,275173.00,..,..,..,..,180392.00,..,..,..,..,182336.00,..,..,..,..,304185.00,..,..,..,..,219589.00,..,..,..,..,243711.00,..,..,..,..,234481.00,..,..,..,..,252128.00,..,..,..,..,269882.00,..,..,..,..,282955.00,..,..,..,..,312346.45,..,..,..,..,294857.69,..,..,..,..,355308.00,102804.00,92347.00,70697.00,88136.00,353984.00,147574.00,75269.00,80748.00,80247.00,383838.00,150167.00,95340.00,93332.00,94428.00,433267.00,164049.00,90504.00,84066.00,83520.00,422139.00,175007.00,101196.00,90526.00,89164.00,455893.00,172961.00,107880.00,95714.00,92235.00,468790.00,168973.00,114299.00,100959.00,98676.00,482907.00,171193.00,113521.00,83628.00,85570.00,453912.00,150995.00,125454.00,111150.00,117497.00,505096.00,151243.40,121748.00,121473.70,144600.20,539065.30,148186.00,113941.70,126865.23,170371.28,559364.21,194062.78,149914.46,133028.23,160836.09,637841.56,234159.18,137599.81,139596.39,163599.36,674954.74,254001.90,154820.30,142828.31,186889.74,738540.25,280805.59,160511.73,147452.31,212359.22,801128.85,279755.15,175040.62,165233.88,232914.24,852943.89,286438.34,178786.04,172875.48,249576.49,887676.34,288747.85,187491.26,173114.77,254916.98,904270.87,299795.02,186844.12,175350.31,247330.47,909319.92,275155.34,181746.54,171969.68,216360.34,845231.90,239943.00,187198.38,174787.20,234639.43,836568.01,250960.69,192850.95,177022.34,236123.28,856957.27,256381.00,197418.04,180424.72,233048.25,867272.00,243088.42,187325.76,169096.81,224803.53,824314.52,243134.78,191818.81,182212.27,238987.04,856152.90,258981.73,197089.88,190064.50,253238.15,899374.27,267524.32,200053.93,209002.53,259126.89,935707.67,264553.89,209953.87,212537.63,267014.76,954060.15,272737.66,220613.33,230885.10,286568.19,1010804.29,327621.61,366229.03,290844.60,335886.43,1320581.67,314110.28,339724.33,344300.17,406614.21,1404748.99,334494.69,262266.18,286572.03,306791.97,1190124.87,348268.41,272871.99,267459.65,288634.58,1177234.63,202751.80,..,..,..,..
..Bangsamoro Autonomous Region in Muslim Mindanao (BARMM),..Commercial Fisheries,..,..,..,..,6902.00,..,..,..,..,5819.00,..,..,..,..,7316.00,..,..,..,..,11860.00,..,..,..,..,10734.00,..,..,..,..,10235.00,..,..,..,..,10607.00,..,..,..,..,12493.00,..,..,..,..,12228.00,..,..,..,..,13469.00,..,..,..,..,17225.00,..,..,..,..,4721.00,..,..,..,..,12791.00,6549.00,5673.00,6512.00,7424.00,26158.00,17652.00,9873.00,9371.00,8760.00,45656.00,9380.00,9798.00,12230.00,12180.00,43588.00,9196.00,7209.00,10438.00,10499.00,37342.00,9304.00,8689.00,12335.00,10624.00,40952.00,12514.00,12798.00,10760.00,12075.00,48147.00,14224.00,13924.00,13299.00,12991.00,54438.00,14640.00,14547.00,12668.00,12694.00,54549.00,15265.00,16837.00,23225.00,19897.00,75224.00,17794.00,16962.00,21379.00,20011.00,76146.00,18667.00,16509.00,22163.00,22523.00,79862.00,19051.75,17331.05,21405.49,22850.32,80638.61,20957.20,18400.31,20864.15,22922.11,83143.77,22801.00,19520.23,18281.47,23651.26,84253.96,22006.07,21164.73,16808.42,24127.75,84106.97,22251.80,22454.29,18193.45,26005.28,88904.82,22683.43,23717.78,19070.06,26912.55,92383.82,23216.21,26181.88,20341.28,27343.41,97082.78,22479.09,26889.75,21084.64,27443.71,97897.19,22779.39,27339.49,20473.17,24848.77,95440.82,22247.49,27796.99,20425.59,24837.93,95308.00,23089.28,28381.80,20506.48,25173.38,97150.94,23287.72,29162.91,20904.95,24882.19,98237.77,21863.23,27933.94,18994.10,21911.41,90702.68,21288.05,27129.20,19778.64,22460.26,90656.15,21435.71,28520.88,21266.52,22972.48,94195.59,21897.43,28849.81,21679.08,23338.45,95764.77,21952.55,28912.14,21928.99,23372.62,96166.30,21904.46,28132.57,22233.63,23696.34,95967.00,20935.92,32012.30,21647.37,17757.28,92352.88,9096.64,23159.90,22689.49,14876.19,69822.22,14442.42,12033.95,11775.22,11077.72,49329.30,14819.76,15877.47,16922.84,17500.08,65120.14,7732.64,..,..,..,..
..Bangsamoro Autonomous Region in Muslim Mindanao (BARMM),..Municipal Fisheries,..,..,..,..,182136.00,..,..,..,..,116629.00,..,..,..,..,104536.00,..,..,..,..,193141.00,..,..,..,..,104476.00,..,..,..,..,98166.00,..,..,..,..,93698.00,..,..,..,..,70738.00,..,..,..,..,63943.00,..,..,..,..,66547.00,..,..,..,..,69095.00,..,..,..,..,57905.00,..,..,..,..,57906.00,15899.00,13292.00,13002.00,12652.00,54845.00,15667.00,12361.00,9764.00,9042.00,46834.00,11147.00,12681.00,9509.00,11665.00,45002.00,13851.00,12251.00,11090.00,10989.00,48181.00,13743.00,13378.00,15870.00,14631.00,57622.00,13793.00,14882.00,15467.00,14928.00,59070.00,15361.00,17678.00,17959.00,17171.00,68169.00,17027.00,19293.00,17748.00,15976.00,70044.00,18068.00,19216.00,19713.00,19573.00,76570.00,18654.00,17737.00,19023.00,20827.00,76241.00,19867.00,17639.00,19689.00,21727.00,78922.00,20047.33,18460.04,20165.77,23149.43,81822.57,20488.38,18590.05,18753.97,20874.86,78707.26,21987.78,22947.05,19553.74,23217.39,87705.96,21755.28,23808.10,22179.63,25239.42,92982.43,22805.13,24488.25,24409.12,27604.75,99307.25,23844.50,25773.29,25116.26,29371.76,104105.81,26040.59,27296.45,26890.56,31243.43,111471.03,27834.34,27133.45,28509.55,32170.58,115647.92,27196.32,26400.73,27887.26,29755.06,111239.37,28052.11,27700.15,30313.94,35718.18,121784.38,32011.80,29750.85,29983.48,34582.83,126328.96,36795.13,31279.66,30334.89,31988.59,130398.27,28922.14,26777.39,26520.77,26721.78,108942.08,29541.35,27171.96,27967.86,27515.90,112197.07,29534.16,28618.08,30839.92,31279.45,120271.61,31572.30,29456.38,33472.78,33149.07,127650.53,29372.91,30801.92,34708.01,34111.38,128994.22,32932.23,36793.86,54252.24,53218.56,177196.89,39940.12,40788.40,52336.59,53099.42,186164.53,48062.25,42513.94,55322.91,54188.47,200087.58,55478.90,47599.57,43684.08,49502.58,196265.13,51678.70,42318.49,40462.39,47869.09,182328.68,42241.51,..,..,..,..
..Bangsamoro Autonomous Region in Muslim Mindanao (BARMM),....Marine Municipal Fisheries,..,..,..,..,144476.00,..,..,..,..,82345.00,..,..,..,..,72108.00,..,..,..,..,67838.00,..,..,..,..,66848.00,..,..,..,..,71717.00,..,..,..,..,64920.00,..,..,..,..,58258.00,..,..,..,..,51458.00,..,..,..,..,54033.00,..,..,..,..,55114.00,..,..,..,..,47332.00,..,..,..,..,47496.00,12374.00,10154.00,6901.00,7860.00,37289.00,12958.00,10076.00,5422.00,5565.00,34021.00,8118.00,10387.00,6031.00,8439.00,32975.00,11013.00,10022.00,7106.00,7294.00,35435.00,10927.00,11008.00,11685.00,10486.00,44106.00,11341.00,12445.00,12617.00,11682.00,48085.00,12231.00,13472.00,13557.00,13296.00,52556.00,13471.00,13254.00,13116.00,11748.00,51589.00,14411.00,13952.00,15133.00,15320.00,58816.00,15077.00,12669.00,14157.00,16075.00,57978.00,16072.00,13001.00,15209.00,16665.00,60947.00,16149.35,13466.26,15566.04,17975.74,63157.39,16650.25,13917.80,14617.13,16046.60,61231.78,17438.08,18450.94,14854.30,18905.04,69648.36,17881.92,19786.35,16841.10,19748.46,74257.83,18420.01,20080.00,18828.39,21241.81,78570.21,19446.53,21398.69,19474.21,22996.51,83315.94,21461.63,22828.27,21158.37,24819.57,90267.84,22105.94,21422.41,21834.52,25826.32,91189.19,21713.42,20579.64,21146.64,23398.44,86838.14,22427.43,21810.79,22946.79,26553.68,93738.69,25659.10,23413.89,22255.62,25451.13,96779.74,27015.11,24573.23,22816.65,25751.33,100156.32,23346.96,21962.52,20673.62,22288.82,88271.92,23545.63,22176.09,21527.12,22753.19,90002.03,23354.33,23551.90,24281.59,25291.15,96478.97,25737.09,24146.14,26277.23,26746.93,102907.39,23358.73,25021.29,27123.91,27511.23,103015.16,27239.54,25117.21,27383.32,28561.01,108301.08,27404.03,29460.73,29394.51,34464.66,120723.92,40079.68,30411.05,30518.48,34521.93,135531.15,39605.56,28009.32,22836.95,26619.08,117070.91,26277.47,20473.70,17170.93,25908.30,89830.39,16734.95,..,..,..,..
..Bangsamoro Autonomous Region in Muslim Mindanao (BARMM),....Inland Municipal Fisheries,..,..,..,..,37660.00,..,..,..,..,34284.00,..,..,..,..,32428.00,..,..,..,..,125303.00,..,..,..,..,37628.00,..,..,..,..,26449.00,..,..,..,..,28778.00,..,..,..,..,12480.00,..,..,..,..,12485.00,..,..,..,..,12514.00,..,..,..,..,13981.00,..,..,..,..,10573.00,..,..,..,..,10410.00,3525.00,3138.00,6101.00,4792.00,17556.00,2709.00,2285.00,4342.00,3477.00,12813.00,3029.00,2294.00,3478.00,3226.00,12027.00,2838.00,2229.00,3984.00,3695.00,12746.00,2816.00,2370.00,4185.00,4145.00,13516.00,2452.00,2437.00,2850.00,3246.00,10985.00,3130.00,4206.00,4402.00,3875.00,15613.00,3556.00,6039.00,4632.00,4228.00,18455.00,3657.00,5264.00,4580.00,4253.00,17754.00,3577.00,5068.00,4866.00,4752.00,18263.00,3795.00,4638.00,4480.00,5062.00,17975.00,3897.98,4993.78,4599.73,5173.69,18665.18,3838.13,4672.25,4136.84,4828.26,17475.48,4549.70,4496.11,4699.44,4312.35,18057.60,3873.36,4021.75,5338.53,5490.96,18724.60,4385.12,4408.25,5580.73,6362.94,20737.04,4397.97,4374.60,5642.05,6375.25,20789.87,4578.96,4468.18,5732.19,6423.86,21203.19,5728.40,5711.04,6675.03,6344.26,24458.73,5482.90,5821.09,6740.62,6356.62,24401.23,5624.68,5889.36,7367.15,9164.50,28045.69,6352.70,6336.96,7727.86,9131.70,29549.22,9780.02,6706.43,7518.24,6237.26,30241.95,5575.18,4814.87,5847.15,4432.96,20670.16,5995.72,4995.87,6440.74,4762.71,22195.04,6179.83,5066.18,6558.33,5988.30,23792.64,5835.21,5310.24,7195.55,6402.14,24743.14,6014.18,5780.63,7584.10,6600.15,25979.06,5692.69,11676.65,26868.92,24657.55,68895.81,12536.09,11327.67,22942.08,18634.76,65440.61,7982.57,12102.89,24804.43,19666.54,64556.43,15873.34,19590.25,20847.13,22883.50,79194.22,25401.24,21844.80,23291.46,21960.79,92498.28,25506.57,..,..,..,..
..Bangsamoro Autonomous Region in Muslim Mindanao (BARMM),..Aquaculture,..,..,..,..,86135.00,..,..,..,..,57944.00,..,..,..,..,70484.00,..,..,..,..,99184.00,..,..,..,..,104379.00,..,..,..,..,135310.00,..,..,..,..,130176.00,..,..,..,..,168897.00,..,..,..,..,193711.00,..,..,..,..,202939.00,..,..,..,..,226026.45,..,..,..,..,232231.69,..,..,..,..,284611.00,80356.00,73382.00,51183.00,68060.00,272981.00,114255.00,53035.00,61613.00,62445.00,291348.00,129640.00,72861.00,71593.00,70583.00,344677.00,141002.00,71044.00,62538.00,62032.00,336616.00,151960.00,79129.00,62321.00,63909.00,357319.00,146654.00,80200.00,69487.00,65232.00,361573.00,139388.00,82697.00,69701.00,68514.00,360300.00,139526.00,79681.00,53212.00,56900.00,329319.00,117662.00,89401.00,68212.00,78027.00,353302.00,114795.40,87049.00,81071.70,103762.20,386678.30,109652.00,79793.70,85013.23,126121.28,400580.21,154963.70,114123.37,91456.97,114836.34,475380.38,192713.60,100609.45,99978.27,119802.39,513103.71,209213.12,112353.02,104993.10,140021.09,566580.33,237044.24,115538.90,108464.26,162992.05,624039.45,234698.22,128098.08,122631.31,179304.21,664731.82,239910.41,129294.97,128689.16,193292.18,691186.71,239491.05,134012.93,125882.93,196330.14,695717.06,249481.59,132820.92,125756.12,187716.18,695774.81,225179.63,128006.32,123609.25,161756.51,638551.71,189643.40,131701.24,124047.67,174083.32,619475.63,195859.61,134718.30,126532.38,176367.07,633477.37,196298.15,136975.47,129184.88,176177.47,638635.96,192303.05,132614.43,123581.94,176170.34,624669.76,192305.38,137517.65,134465.77,189010.88,653299.68,208011.86,139950.92,137958.06,198986.22,684907.07,214054.59,141747.74,153850.67,202639.37,712292.37,213228.43,150239.81,155900.63,209530.76,728899.63,217900.97,155686.90,154399.23,209653.29,737640.40,266745.57,293428.33,216860.63,265029.72,1042064.26,256951.39,274050.49,266287.77,337549.54,1134839.19,264573.37,202632.65,231112.74,246211.68,944530.44,281769.95,214676.03,210074.42,223265.41,929785.81,152777.64,..,..,..,..
....Basilan,FISHERIES,..,..,..,..,64765.00,..,..,..,..,47965.00,..,..,..,..,21612.00,..,..,..,..,32892.00,..,..,..,..,30428.00,..,..,..,..,28417.00,..,..,..,..,28204.00,..,..,..,..,31326.00,..,..,..,..,31316.00,..,..,..,..,33883.00,..,..,..,..,30478.45,..,..,..,..,18842.69,..,..,..,..,18458.00,3695.00,1192.00,2815.00,3635.00,11337.00,5124.00,4495.00,4504.00,4238.00,18361.00,6196.00,3599.00,4530.00,4222.00,18547.00,6543.00,3484.00,4546.00,4037.00,18610.00,6649.00,3609.00,8259.00,4324.00,22841.00,5711.00,4060.00,5877.00,5009.00,20657.00,5684.00,5016.00,5663.00,5532.00,21895.00,5833.00,5515.00,5226.00,5449.00,22023.00,7084.00,6664.00,5859.00,7390.00,26997.00,7882.00,5644.00,5853.20,6910.70,26289.90,8643.00,6036.40,4908.23,8485.28,28072.91,7874.98,5898.85,5131.87,8613.02,27518.72,9468.10,7020.69,4856.94,8219.79,29565.52,8551.39,7313.56,5307.15,8589.38,29761.48,8772.85,7584.60,5915.92,9808.38,32081.75,10106.71,7436.09,6368.64,10937.45,34848.89,10360.23,7558.92,7289.55,11823.40,37032.11,10124.19,8174.94,7896.13,12176.01,38371.27,9712.90,8921.14,8380.16,11590.10,38604.30,9933.04,8541.44,8567.01,9663.58,36705.07,9283.78,8943.49,8877.77,10069.15,37174.19,9860.46,9327.70,8738.54,10245.80,38172.50,9430.59,9524.86,8888.91,10418.45,38262.81,6087.70,3633.25,2618.39,5314.18,17653.52,5844.67,4749.80,3886.42,5356.98,19837.87,5942.76,5932.30,5333.59,5533.10,22741.76,6148.99,5030.49,5601.06,5668.39,22448.92,4753.24,4984.33,5339.00,7607.60,22684.17,4974.94,5126.67,5560.50,7734.63,23396.75,4808.26,7317.59,9988.74,7646.17,29760.76,12324.29,5109.23,9808.46,7228.43,34470.41,8665.89,6338.53,6653.14,7198.81,28856.38,8215.54,7016.02,7617.07,8675.68,31524.30,5004.10,..,..,..,..
....Basilan,..Commercial Fisheries,..,..,..,..,3446.00,..,..,..,..,2901.00,..,..,..,..,6247.00,..,..,..,..,10398.00,..,..,..,..,9358.00,..,..,..,..,8668.00,..,..,..,..,9188.00,..,..,..,..,10106.00,..,..,..,..,9702.00,..,..,..,..,10844.00,..,..,..,..,7482.00,..,..,..,..,1867.00,..,..,..,..,2894.00,509.00,397.00,1896.00,2771.00,5573.00,2080.00,3571.00,3324.00,2832.00,11807.00,2958.00,2742.00,3625.00,3082.00,12407.00,3284.00,2614.00,3684.00,3000.00,12582.00,3350.00,2736.00,5349.00,2800.00,14235.00,3256.00,2954.00,3916.00,3304.00,13430.00,3408.00,3320.00,3756.00,3593.00,14077.00,3487.00,3529.00,3423.00,3524.00,13963.00,3543.00,3580.00,3343.00,3720.00,14186.00,3642.00,3292.00,3230.00,3138.00,13302.00,3736.00,3510.00,2935.00,4805.00,14986.00,3441.00,3499.00,2977.00,4742.00,14659.00,5124.10,3732.00,2711.00,5151.50,16718.60,4750.00,3637.08,2786.07,4820.85,15994.00,4507.45,3745.50,2746.11,5058.95,16058.01,4799.58,3625.32,2786.87,5571.96,16783.73,4923.03,3609.74,3206.43,6236.43,17975.63,4850.18,3874.95,3475.93,6397.03,18598.09,4534.82,4264.61,3708.13,5958.48,18466.04,4619.83,3926.71,3787.66,4755.48,17089.68,4341.13,4056.96,3904.80,4925.75,17228.64,4717.43,4195.54,3817.76,5056.58,17787.31,4359.10,4298.44,3880.33,5161.56,17699.43,3697.49,2554.62,1732.87,3446.85,11431.83,3499.97,2575.47,2226.86,3445.73,11748.03,3640.95,3580.90,3383.73,3585.47,14191.05,3775.92,3508.15,3527.60,3693.92,14505.59,3274.13,3409.88,3372.28,4043.95,14100.24,3435.32,3503.47,3488.85,4020.64,14448.28,3124.64,3028.65,2203.10,1552.95,9909.34,1923.10,1395.48,1730.85,1375.48,6424.91,1730.12,1989.65,2266.38,1365.27,7351.42,1528.96,1725.22,1692.74,1973.03,6919.95,1547.77,..,..,..,..
....Basilan,..Municipal Fisheries,..,..,..,..,53597.00,..,..,..,..,39439.00,..,..,..,..,10788.00,..,..,..,..,18965.00,..,..,..,..,17100.00,..,..,..,..,13778.00,..,..,..,..,12460.00,..,..,..,..,12697.00,..,..,..,..,10670.00,..,..,..,..,11839.00,..,..,..,..,11979.00,..,..,..,..,7922.00,..,..,..,..,7641.00,2887.00,770.00,883.00,725.00,5265.00,2915.00,800.00,1132.00,1354.00,6201.00,3010.00,753.00,880.00,1119.00,5762.00,2860.00,752.00,836.00,1015.00,5463.00,2920.00,754.00,2889.00,1507.00,8070.00,2130.00,1008.00,1943.00,1689.00,6770.00,1956.00,1546.00,1844.00,1811.00,7157.00,1955.00,1786.00,1732.00,1781.00,7254.00,1903.00,1874.00,1695.00,3003.00,8475.00,2503.00,1325.00,1642.00,2943.00,8413.00,2908.00,1463.00,1460.00,3037.00,8868.00,2745.98,1508.78,1653.73,3130.71,9039.20,2418.38,2294.33,1591.19,2279.74,8583.64,2158.56,2521.41,2026.34,2913.25,9619.56,2786.95,3014.56,2085.79,3142.99,11030.29,3049.97,2767.04,2425.41,3415.65,11658.07,3173.76,2959.35,2791.29,3671.81,12596.21,3124.05,3251.60,3041.83,3783.73,13201.21,2959.83,3586.89,3230.13,3572.47,13349.32,3047.01,3524.05,3342.83,2953.31,12867.20,2887.43,3703.35,3483.18,3098.22,13172.18,3022.02,3906.38,3359.33,3197.89,13485.62,2974.78,4025.24,3497.20,3289.55,13786.77,1889.88,994.57,765.59,1253.43,4903.47,1972.42,1005.05,1486.52,1350.53,5814.52,2110.65,1230.58,1867.51,1410.78,6619.52,2187.78,1204.48,1950.00,1453.48,6795.74,1259.69,1175.15,1810.81,1513.35,5759.00,1310.95,1206.97,1915.55,1633.14,6066.61,1437.21,3631.05,7726.37,5870.08,18664.71,8305.66,3357.77,7773.54,5702.87,25139.84,6844.73,4092.14,4250.76,5727.28,20914.92,5570.17,3737.00,4247.21,5166.42,18720.80,1116.87,..,..,..,..
....Basilan,....Marine Municipal Fisheries,..,..,..,..,53581.00,..,..,..,..,39424.00,..,..,..,..,10771.00,..,..,..,..,18965.00,..,..,..,..,17067.00,..,..,..,..,13749.00,..,..,..,..,12434.00,..,..,..,..,12675.00,..,..,..,..,10647.00,..,..,..,..,11818.00,..,..,..,..,11954.00,..,..,..,..,7891.00,..,..,..,..,7611.00,2884.00,766.00,863.00,704.00,5217.00,2907.00,783.00,1116.00,1345.00,6151.00,3003.00,741.00,868.00,1108.00,5720.00,2854.00,740.00,824.00,1005.00,5423.00,2914.00,744.00,2882.00,1500.00,8040.00,2122.00,1000.00,1936.00,1682.00,6740.00,1954.00,1544.00,1842.00,1808.00,7148.00,1953.00,1784.00,1730.00,1778.00,7245.00,1901.00,1872.00,1693.00,3000.00,8466.00,2501.00,1323.00,1640.00,2940.00,8404.00,2906.00,1461.00,1458.00,3034.00,8859.00,2744.00,1507.00,1652.00,3129.00,9032.00,2416.55,2292.78,1589.35,2277.85,8576.53,2157.00,2519.68,2024.56,2911.42,9612.66,2785.53,3012.80,2083.92,3141.18,11023.43,3048.52,2765.12,2423.33,3413.51,11650.48,3172.27,2957.47,2789.04,3669.61,12588.39,3122.50,3249.83,3039.62,3781.48,13193.43,2958.20,3585.09,3227.88,3570.24,13341.41,3045.34,3522.23,3340.54,2951.15,12859.26,2885.90,3701.73,3480.85,3096.05,13164.53,3020.43,3904.75,3356.94,3195.61,13477.73,2973.27,4023.46,3494.72,3287.35,13778.80,1888.77,993.65,764.47,1190.69,4837.58,1966.89,1004.08,1484.29,1349.85,5805.11,2109.53,1229.07,1866.16,1409.80,6614.56,2186.59,1202.90,1948.79,1452.60,6790.88,1254.12,1170.06,1802.80,1508.57,5735.55,1302.11,1201.02,1910.93,1627.74,6041.80,1431.77,3624.89,7723.78,5856.11,18636.55,8301.97,3357.52,7773.02,5702.20,25134.71,6844.64,4091.96,4246.36,5726.14,20909.10,5569.61,3736.62,4246.36,5165.60,18718.19,1116.87,..,..,..,..
....Basilan,....Inland Municipal Fisheries,..,..,..,..,16.00,..,..,..,..,15.00,..,..,..,..,17.00,..,..,..,..,..,..,..,..,..,33.00,..,..,..,..,29.00,..,..,..,..,26.00,..,..,..,..,22.00,..,..,..,..,23.00,..,..,..,..,21.00,..,..,..,..,25.00,..,..,..,..,31.00,..,..,..,..,30.00,3.00,4.00,20.00,21.00,48.00,8.00,17.00,16.00,9.00,50.00,7.00,12.00,12.00,11.00,42.00,6.00,12.00,12.00,10.00,40.00,6.00,10.00,7.00,7.00,30.00,8.00,8.00,7.00,7.00,30.00,2.00,2.00,2.00,3.00,9.00,2.00,2.00,2.00,3.00,9.00,2.00,2.00,2.00,3.00,9.00,2.00,2.00,2.00,3.00,9.00,2.00,2.00,2.00,3.00,9.00,1.98,1.78,1.73,1.71,7.20,1.83,1.55,1.84,1.89,7.11,1.56,1.73,1.78,1.83,6.90,1.42,1.76,1.87,1.81,6.86,1.45,1.92,2.08,2.14,7.59,1.49,1.88,2.25,2.20,7.82,1.55,1.77,2.21,2.25,7.78,1.63,1.80,2.25,2.23,7.91,1.67,1.82,2.29,2.16,7.94,1.53,1.62,2.33,2.17,7.65,1.59,1.63,2.39,2.28,7.89,1.51,1.78,2.48,2.20,7.97,1.11,0.92,1.12,62.74,65.89,5.53,0.97,2.23,0.68,9.41,1.12,1.51,1.35,0.98,4.96,1.19,1.58,1.21,0.88,4.86,5.57,5.09,8.01,4.78,23.45,8.84,5.95,4.62,5.40,24.81,5.44,6.16,2.59,13.97,28.16,3.69,0.24,0.52,0.68,5.14,0.10,0.18,4.41,1.14,5.83,0.56,0.39,0.85,0.82,2.61,.,..,..,..,..
....Basilan,..Aquaculture,..,..,..,..,7722.00,..,..,..,..,5625.00,..,..,..,..,4577.00,..,..,..,..,3529.00,..,..,..,..,3970.00,..,..,..,..,5971.00,..,..,..,..,6556.00,..,..,..,..,8523.00,..,..,..,..,10944.00,..,..,..,..,11200.00,..,..,..,..,11017.45,..,..,..,..,9053.69,..,..,..,..,7923.00,299.00,25.00,36.00,139.00,499.00,129.00,124.00,48.00,52.00,353.00,228.00,104.00,25.00,21.00,378.00,399.00,118.00,26.00,22.00,565.00,379.00,119.00,21.00,17.00,536.00,325.00,98.00,18.00,16.00,457.00,320.00,150.00,63.00,128.00,661.00,391.00,200.00,71.00,144.00,806.00,1638.00,1210.00,821.00,667.00,4336.00,1737.00,1027.00,981.20,829.70,4574.90,1999.00,1063.40,513.23,643.28,4218.91,1688.00,891.07,501.14,740.31,3820.52,1925.62,994.36,554.75,788.55,4263.28,1642.83,1155.07,494.74,855.28,4147.92,1478.45,824.54,1084.02,1606.44,4993.45,2257.16,1043.73,1156.36,1949.84,6407.09,2263.44,989.83,1291.83,1915.16,6460.27,2149.96,1048.39,1378.37,1995.25,6571.97,2218.25,1069.64,1441.90,2059.15,6788.94,2266.20,1090.68,1436.52,1954.79,6748.19,2055.22,1183.18,1489.79,2045.18,6773.37,2121.01,1225.78,1561.45,1991.33,6899.57,2096.71,1201.18,1511.38,1967.34,6776.61,500.33,84.06,119.93,613.90,1318.22,372.28,1169.28,173.04,560.72,2275.32,191.16,1120.82,82.35,536.85,1931.19,185.29,317.86,123.46,520.99,1147.59,219.42,399.30,155.91,2050.30,2824.93,228.67,416.23,156.10,2080.85,2881.86,246.41,657.89,59.27,223.14,1186.70,2095.52,355.99,304.07,150.08,2905.66,91.04,256.74,136.00,106.26,590.04,1116.41,1553.80,1677.12,1536.23,5883.56,2339.47,..,..,..,..
....Lanao del Sur,FISHERIES,..,..,..,..,15025.00,..,..,..,..,16537.00,..,..,..,..,18534.00,..,..,..,..,11662.00,..,..,..,..,12613.00,..,..,..,..,12393.00,..,..,..,..,12662.00,..,..,..,..,10122.00,..,..,..,..,11438.00,..,..,..,..,11437.00,..,..,..,..,11251.55,..,..,..,..,9613.85,..,..,..,..,9354.00,2653.00,1286.00,1414.00,1293.00,6646.00,3745.00,1325.00,2132.00,1819.00,9021.00,2039.00,1450.00,1923.00,2186.00,7598.00,2178.00,1407.00,2054.00,2467.00,8106.00,2019.00,1432.00,4814.00,4354.00,12619.00,2134.00,3024.00,4483.00,4699.00,14340.00,3970.00,4037.00,5209.00,5735.00,18951.00,5416.00,4865.00,5321.00,5992.00,21594.00,6084.00,5424.00,5640.00,6583.00,23731.00,6669.00,5201.00,5802.00,7379.00,25051.00,6941.00,5260.60,5519.60,7414.50,25135.70,6811.51,5317.40,5541.85,7451.90,25122.66,6707.43,5372.72,5627.09,7669.80,25377.03,6671.02,5490.85,5812.77,7655.24,25629.88,6506.12,5012.11,5913.64,7431.85,24863.72,6676.47,4970.79,6499.78,7523.42,25670.45,6717.06,5028.08,6579.27,7599.58,25923.98,6969.20,5157.76,6727.25,7688.51,26542.71,7422.21,5052.21,6623.08,7603.83,26701.34,7036.16,5079.34,6643.18,7630.61,26389.30,7142.11,5096.44,7103.29,9098.05,28439.89,9672.21,5969.17,6219.35,8880.79,30741.51,9120.61,6098.48,5610.60,7146.71,27976.39,3372.28,3290.10,3266.93,3330.15,13259.47,3402.71,3292.34,3389.70,3512.90,13597.66,2465.73,3393.95,3204.64,3270.24,12334.56,2202.32,3321.34,5495.39,4502.32,15521.37,2923.99,3259.89,5448.02,4422.44,16054.34,2835.23,3550.26,5175.29,4354.69,15915.47,3023.91,1605.28,2450.05,2861.05,9940.29,4067.01,758.29,2824.53,1058.84,8708.67,698.27,877.91,830.23,729.99,3136.40,748.18,651.96,799.60,898.97,3098.71,582.58,..,..,..,..
....Lanao del Sur,..Commercial Fisheries,..,..,..,..,259.00,..,..,..,..,96.00,..,..,..,..,82.00,..,..,..,..,151.00,..,..,..,..,112.00,..,..,..,..,73.00,..,..,..,..,95.00,..,..,..,..,64.00,..,..,..,..,79.00,..,..,..,..,94.00,..,..,..,..,183.00,..,..,..,..,298.00,..,..,..,..,609.00,1115.00,139.00,143.00,136.00,1533.00,1627.00,180.00,219.00,272.00,2298.00,286.00,291.00,327.00,384.00,1288.00,269.00,276.00,316.00,476.00,1337.00,228.00,265.00,265.00,533.00,1291.00,208.00,214.00,267.00,592.00,1281.00,447.00,357.00,310.00,639.00,1753.00,582.00,354.00,571.00,642.00,2149.00,598.00,512.00,586.00,725.00,2421.00,650.00,500.00,598.00,973.00,2721.00,671.00,520.00,558.00,986.00,2735.00,690.21,528.67,555.35,1004.92,2779.15,668.36,510.82,565.90,1049.55,2794.63,615.55,511.80,552.66,1001.69,2681.70,614.44,479.94,577.83,974.27,2646.48,639.31,469.69,635.38,1003.23,2747.61,650.55,474.78,652.82,1013.41,2791.56,678.09,513.48,661.86,1032.73,2886.16,703.26,485.98,670.99,1016.46,2876.69,677.30,491.41,661.89,1020.87,2851.47,686.22,496.96,664.57,1023.82,2871.57,951.46,656.75,629.62,1020.39,3258.22,985.93,680.13,644.26,732.45,3042.77,537.32,532.99,530.25,530.57,2131.13,523.37,528.59,540.43,540.38,2132.77,101.44,497.30,492.41,500.35,1591.50,106.09,463.44,305.40,371.24,1246.17,208.95,202.71,310.26,311.67,1033.59,233.38,209.56,300.09,307.60,1050.63,232.92,1214.40,541.52,939.32,2928.15,2208.33,134.09,529.48,168.87,3040.77,..,.,.,.,.,.,.,.,.,.,.,..,..,..,..
....Lanao del Sur,..Municipal Fisheries,..,..,..,..,14744.00,..,..,..,..,16407.00,..,..,..,..,18300.00,..,..,..,..,11359.00,..,..,..,..,12377.00,..,..,..,..,12230.00,..,..,..,..,12506.00,..,..,..,..,9997.00,..,..,..,..,11306.00,..,..,..,..,11289.00,..,..,..,..,11008.00,..,..,..,..,9253.00,..,..,..,..,8667.00,1533.00,1146.00,1269.00,1157.00,5105.00,2116.00,1143.00,1911.00,1544.00,6714.00,1751.00,1158.00,1594.00,1800.00,6303.00,1905.00,1128.00,1736.00,1984.00,6753.00,1787.00,1165.00,4547.00,3818.00,11317.00,1922.00,2805.00,4211.00,4102.00,13040.00,3515.00,3673.00,4894.00,5089.00,17171.00,4824.00,4500.00,4742.00,5339.00,19405.00,5476.00,4901.00,5044.00,5843.00,21264.00,6006.00,4686.00,5192.00,6390.00,22274.00,6255.00,4726.00,4949.00,6412.00,22342.00,6103.00,4772.53,4973.17,6429.98,22278.68,6018.89,4845.04,5049.16,6602.10,22515.19,6035.78,4963.78,5254.11,6640.85,22894.52,5875.02,4521.29,5328.72,6441.68,22166.71,6018.47,4487.73,5856.21,6502.37,22864.78,6047.41,4539.64,5917.99,6567.85,23072.89,6270.38,4630.07,6056.69,6636.97,23594.11,6697.75,4552.49,5943.64,6569.06,23762.94,6338.52,4574.06,5972.76,6591.26,23476.60,6435.55,4585.54,6433.69,8068.99,25523.77,8715.74,5307.85,5585.16,7855.16,27463.91,8129.67,5416.16,4962.03,6408.57,24916.43,2832.83,2755.14,2735.44,2798.32,11121.73,2878.05,2762.45,2847.10,2970.95,11458.55,2362.23,2895.30,2710.63,2768.50,10736.66,2094.66,2856.25,5188.00,4129.66,14268.57,2714.25,3056.20,5135.64,4109.60,15015.69,2600.98,3339.66,4873.07,4045.88,14859.59,2773.74,386.52,1906.86,1918.87,6985.99,1858.20,623.06,2293.16,889.19,5663.61,695.75,876.25,826.38,728.75,3127.12,747.26,648.66,798.89,898.15,3092.96,580.41,..,..,..,..
....Lanao del Sur,....Marine Municipal Fisheries,..,..,..,..,1431.00,..,..,..,..,1479.00,..,..,..,..,1118.00,..,..,..,..,1704.00,..,..,..,..,2453.00,..,..,..,..,2440.00,..,..,..,..,2524.00,..,..,..,..,2615.00,..,..,..,..,3741.00,..,..,..,..,3815.00,..,..,..,..,3473.00,..,..,..,..,4035.00,..,..,..,..,3529.00,968.00,339.00,514.00,501.00,2322.00,1001.00,335.00,873.00,660.00,2869.00,537.00,346.00,745.00,1037.00,2665.00,768.00,339.00,775.00,1119.00,3001.00,657.00,345.00,2896.00,2318.00,6216.00,834.00,1783.00,3098.00,2893.00,8608.00,1980.00,2014.00,3377.00,3518.00,10889.00,2951.00,2012.00,3150.00,3550.00,11663.00,3580.00,2898.00,3340.00,3890.00,13708.00,3938.00,2753.00,3403.00,4113.00,14207.00,4080.00,2714.00,3189.00,4097.00,14080.00,3948.00,2768.53,3222.17,4128.98,14067.68,3900.89,2704.04,3247.16,4256.34,14108.43,3894.28,2785.03,3091.61,4244.85,14015.77,3887.77,2600.54,3146.72,4090.18,13725.21,3976.22,2531.73,3295.12,4123.57,13926.64,3996.75,2552.66,3329.74,4166.76,14045.91,4070.18,2623.43,3395.85,4215.68,14305.14,4480.12,2569.28,3340.25,4168.67,14558.32,4182.35,2581.79,3355.27,4183.68,14303.09,4244.21,2591.50,3781.23,5613.10,16230.04,6232.07,2951.57,2960.71,5433.87,17578.22,5677.19,2759.86,2806.78,4221.86,15465.69,2597.13,2524.22,2505.30,2501.88,10128.53,2551.48,2547.52,2603.34,2604.00,10306.34,1994.50,2756.65,2569.35,2601.54,9922.04,1867.16,2681.43,4827.35,3790.23,13166.17,2376.68,2720.70,4780.11,3770.97,13648.46,2588.17,2828.39,4523.40,3727.38,13667.34,2623.72,224.44,1629.07,1537.06,6014.30,1558.45,128.74,1567.68,181.01,3435.88,197.28,359.80,147.48,15.01,719.57,145.65,113.90,156.35,176.12,592.03,149.11,..,..,..,..
....Lanao del Sur,....Inland Municipal Fisheries,..,..,..,..,13313.00,..,..,..,..,14928.00,..,..,..,..,17182.00,..,..,..,..,9655.00,..,..,..,..,9924.00,..,..,..,..,9790.00,..,..,..,..,9982.00,..,..,..,..,7382.00,..,..,..,..,7565.00,..,..,..,..,7474.00,..,..,..,..,7535.00,..,..,..,..,5218.00,..,..,..,..,5138.00,565.00,807.00,755.00,656.00,2783.00,1115.00,808.00,1038.00,884.00,3845.00,1214.00,812.00,849.00,763.00,3638.00,1137.00,789.00,961.00,865.00,3752.00,1130.00,820.00,1651.00,1500.00,5101.00,1088.00,1022.00,1113.00,1209.00,4432.00,1535.00,1659.00,1517.00,1571.00,6282.00,1873.00,2488.00,1592.00,1789.00,7742.00,1896.00,2003.00,1704.00,1953.00,7556.00,2068.00,1933.00,1789.00,2277.00,8067.00,2175.00,2012.00,1760.00,2315.00,8262.00,2155.00,2004.00,1751.00,2301.00,8211.00,2118.00,2141.00,1802.00,2345.76,8406.76,2141.50,2178.75,2162.50,2396.00,8878.75,1987.25,1920.75,2182.00,2351.50,8441.50,2042.25,1956.00,2561.09,2378.80,8938.14,2050.66,1986.98,2588.25,2401.09,9026.98,2200.20,2006.64,2660.84,2421.29,9288.97,2217.63,1983.21,2603.39,2400.39,9204.62,2156.17,1992.27,2617.49,2407.58,9173.51,2191.34,1994.04,2652.46,2455.89,9293.73,2483.67,2356.28,2624.45,2421.29,9885.69,2452.48,2656.30,2155.25,2186.71,9450.74,235.70,230.92,230.14,296.44,993.20,326.57,214.93,243.76,366.95,1152.21,367.73,138.65,141.28,166.96,814.62,227.50,174.82,360.65,339.43,1102.40,337.57,335.50,355.53,338.63,1367.23,12.81,511.27,349.67,318.50,1192.25,150.02,162.08,277.79,381.81,971.70,299.75,494.32,725.48,708.18,2227.72,498.47,516.45,678.90,713.73,2407.56,601.61,534.75,642.55,722.02,2500.94,431.30,..,..,..,..
....Lanao del Sur,..Aquaculture,..,..,..,..,22.00,..,..,..,..,34.00,..,..,..,..,152.00,..,..,..,..,152.00,..,..,..,..,124.00,..,..,..,..,90.00,..,..,..,..,61.00,..,..,..,..,61.00,..,..,..,..,53.00,..,..,..,..,54.00,..,..,..,..,60.55,..,..,..,..,62.85,..,..,..,..,78.00,5.00,1.00,2.00,..,8.00,2.00,2.00,2.00,3.00,9.00,2.00,1.00,2.00,2.00,7.00,4.00,3.00,2.00,7.00,16.00,4.00,2.00,2.00,3.00,11.00,4.00,5.00,5.00,5.00,19.00,8.00,7.00,5.00,7.00,27.00,10.00,11.00,8.00,11.00,40.00,10.00,11.00,10.00,15.00,46.00,13.00,15.00,12.00,16.00,56.00,15.00,14.60,12.60,16.50,58.70,18.30,16.20,13.33,17.00,64.83,20.18,16.86,12.03,18.15,67.21,19.69,15.27,6.00,12.70,53.66,16.66,10.88,7.09,15.90,50.53,18.69,13.37,8.19,17.82,58.06,19.10,13.66,8.46,18.32,59.53,20.73,14.21,8.70,18.81,62.44,21.20,13.74,8.45,18.31,61.71,20.34,13.87,8.53,18.48,61.23,20.34,13.94,5.03,5.24,44.55,5.01,4.57,4.57,5.24,19.38,5.01,2.19,4.31,5.69,17.19,2.13,1.97,1.24,1.26,6.61,1.29,1.30,2.17,1.57,6.34,2.06,1.35,1.60,1.39,6.40,1.57,1.65,1.99,1.42,6.63,0.79,0.98,2.12,1.17,5.06,0.87,1.04,2.13,1.21,5.25,17.25,4.36,1.68,2.86,26.15,0.47,1.14,1.89,0.78,4.29,2.52,1.66,3.85,1.24,9.28,0.92,3.30,0.71,0.82,5.75,2.16,..,..,..,..
....Maguindanao del Norte,FISHERIES,..,..,..,..,29243.00,..,..,..,..,27460.00,..,..,..,..,21913.00,..,..,..,..,129131.00,..,..,..,..,41076.00,..,..,..,..,27206.00,..,..,..,..,30111.00,..,..,..,..,14824.00,..,..,..,..,15831.00,..,..,..,..,16704.00,..,..,..,..,22637.32,..,..,..,..,20912.82,..,..,..,..,20151.00,5869.00,4358.00,7170.00,5662.00,23059.00,5319.00,4238.00,4256.00,3766.00,17579.00,3554.00,4479.00,3222.00,3566.00,14821.00,3024.00,3967.00,3793.00,4316.00,15100.00,3234.00,4802.00,3846.00,4257.00,16139.00,3622.00,4264.00,3683.00,4149.00,15718.00,4166.00,5476.00,5567.00,5317.00,20526.00,4337.00,6697.00,5837.00,5332.00,22203.00,6129.00,7108.00,6862.00,7335.00,27434.00,5889.40,7320.00,7494.50,8468.50,29172.40,6124.00,6691.70,6848.40,7663.50,27327.60,6080.40,7590.99,7744.11,8489.48,29904.98,6472.82,6615.04,7975.83,10689.83,31753.52,20576.90,20300.84,15886.74,20582.07,77346.55,20690.08,21033.64,18806.94,24898.15,85428.81,22299.57,25349.81,23315.01,28633.67,99598.05,23995.14,26020.20,23621.75,32860.96,106498.06,25100.21,26031.24,24161.05,39298.40,114590.89,26816.80,27155.37,23615.77,41434.08,119022.02,26738.49,27441.92,23773.29,43270.97,121224.67,26974.41,27094.84,24476.70,47441.99,125987.95,29237.74,27189.29,24501.33,47677.50,128605.86,32963.76,27830.64,25083.19,45546.16,131423.75,29271.83,28482.27,25368.19,46040.25,129162.54,29926.00,30059.60,25951.55,48446.59,134383.74,32154.46,30758.15,27053.74,52923.07,142889.41,33274.98,31293.28,28131.31,54490.96,147190.53,31737.48,32717.49,29983.41,58755.22,153193.60,31040.81,38744.64,49490.22,77018.54,196294.21,73896.58,53416.99,51402.51,64142.96,242859.05,21049.44,33838.80,31513.43,46249.81,132651.49,16160.54,25373.95,4847.80,6420.79,52803.08,9031.16,9193.14,9381.16,7244.90,34850.35,12103.70,..,..,..,..
....Maguindanao del Norte,..Commercial Fisheries,..,..,..,..,754.00,..,..,..,..,422.00,..,..,..,..,603.00,..,..,..,..,666.00,..,..,..,..,518.00,..,..,..,..,174.00,..,..,..,..,177.00,..,..,..,..,243.00,..,..,..,..,284.00,..,..,..,..,328.00,..,..,..,..,217.00,..,..,..,..,644.00,..,..,..,..,649.00,135.00,227.00,244.00,202.00,808.00,199.00,219.00,182.00,112.00,712.00,174.00,148.00,227.00,158.00,707.00,211.00,168.00,321.00,270.00,970.00,228.00,188.00,721.00,302.00,1439.00,706.00,456.00,612.00,475.00,2249.00,739.00,743.00,738.00,670.00,2890.00,705.00,674.00,795.00,634.00,2808.00,764.00,604.00,829.00,878.00,3075.00,710.00,588.00,765.00,905.00,2968.00,741.00,530.00,675.00,452.00,2398.00,678.00,481.41,615.48,473.88,2248.77,473.86,331.50,542.53,317.56,1665.45,454.86,744.19,220.18,375.75,1794.98,247.54,..,..,..,247.54,284.69,196.35,162.01,234.90,877.95,289.29,234.70,223.26,281.83,1029.08,326.45,246.93,233.62,295.05,1102.05,314.35,228.73,218.43,298.17,1059.68,338.77,167.18,204.77,238.64,949.36,227.64,169.00,197.91,240.19,834.74,224.97,169.79,192.85,236.99,824.60,209.36,107.20,193.99,56.61,567.16,197.71,115.50,195.80,58.87,567.88,206.09,187.78,230.62,69.63,694.12,209.26,182.62,232.80,83.54,708.22,206.08,191.14,239.30,88.50,725.02,208.32,193.97,247.25,91.74,741.28,207.45,201.93,261.90,97.43,768.71,208.38,383.15,108.52,104.05,804.10,172.63,232.54,413.86,705.85,1524.87,171.62,165.93,94.26,246.43,678.25,177.26,301.69,284.48,477.52,1240.94,175.11,..,..,..,..
....Maguindanao del Norte,..Municipal Fisheries,..,..,..,..,26946.00,..,..,..,..,25049.00,..,..,..,..,19321.00,..,..,..,..,126837.00,..,..,..,..,39134.00,..,..,..,..,25534.00,..,..,..,..,28881.00,..,..,..,..,13528.00,..,..,..,..,14465.00,..,..,..,..,15261.00,..,..,..,..,21170.00,..,..,..,..,18971.00,..,..,..,..,17893.00,5721.00,4123.00,6901.00,5427.00,22172.00,4888.00,3864.00,4074.00,3385.00,16211.00,3379.00,4048.00,2995.00,3149.00,13571.00,2812.00,3476.00,3393.00,3474.00,13155.00,2603.00,4040.00,3051.00,3298.00,12992.00,2525.00,3328.00,2990.00,3045.00,11888.00,2824.00,4304.00,4528.00,3765.00,15421.00,3075.00,5040.00,4755.00,3836.00,16706.00,3296.00,4674.00,4702.00,4218.00,16890.00,2976.00,4507.00,4831.00,4476.00,16790.00,3146.00,3901.00,4315.00,4325.00,15687.00,3234.00,4141.48,4261.33,4489.57,16126.38,2840.16,3546.83,3553.30,3264.57,13204.86,4094.44,3602.97,3515.28,3186.42,14399.11,3417.26,3273.64,4166.62,4477.15,15334.67,3922.67,3766.40,4334.12,5535.95,17559.14,4002.01,3731.09,4385.94,5596.77,17715.81,4099.46,3788.73,4536.28,5742.73,18167.20,5332.86,5032.53,5464.93,5737.12,21567.44,5211.83,5348.06,5558.95,5848.76,21967.60,5522.47,5430.49,6186.95,8645.47,25785.38,5958.28,5521.19,6527.82,8655.00,26662.29,9426.70,5511.86,6794.99,6018.80,27752.35,7439.37,6135.20,7067.35,6116.12,26758.04,7776.48,6604.25,7566.87,6455.07,28402.67,7953.40,6758.37,7882.42,7973.57,30567.76,7694.58,6953.97,8351.18,8421.74,31421.47,7759.32,7385.85,8816.00,8684.12,32645.29,7751.53,13258.70,28201.83,26909.59,76121.65,14485.52,13354.80,23913.14,18749.16,70502.61,5757.98,11696.48,10133.55,7672.33,35260.33,4861.09,7622.30,4502.95,5857.99,22844.34,8470.16,8345.14,6452.16,6305.49,29572.95,11590.45,..,..,..,..
....Maguindanao del Norte,....Marine Municipal Fisheries,..,..,..,..,2624.00,..,..,..,..,5715.00,..,..,..,..,4105.00,..,..,..,..,11208.00,..,..,..,..,11491.00,..,..,..,..,8968.00,..,..,..,..,10188.00,..,..,..,..,8543.00,..,..,..,..,9665.00,..,..,..,..,10368.00,..,..,..,..,14861.00,..,..,..,..,13786.00,..,..,..,..,12787.00,2764.00,1796.00,1575.00,1312.00,7447.00,3302.00,2404.00,786.00,801.00,7293.00,1571.00,2578.00,378.00,697.00,5224.00,1117.00,2048.00,382.00,654.00,4201.00,923.00,2500.00,524.00,660.00,4607.00,1169.00,1921.00,1260.00,1015.00,5365.00,1231.00,1759.00,1645.00,1464.00,6099.00,1394.00,1491.00,1717.00,1400.00,6002.00,1537.00,1415.00,1828.00,1921.00,6701.00,1469.00,1374.00,1756.00,2004.00,6603.00,1528.00,1277.00,1597.00,1581.00,5983.00,1493.00,1153.48,1414.33,1618.59,5679.40,1121.86,1017.13,1220.30,783.96,4143.25,1687.80,1287.34,980.12,1271.90,5227.16,1532.57,1174.40,1011.96,1339.50,5058.43,1581.25,1316.07,1316.56,1553.95,5767.83,1656.19,1345.35,1334.39,1624.81,5960.74,1722.25,1328.96,1467.14,1742.41,6260.76,1823.72,1306.50,1395.54,1795.48,6321.24,1886.77,1521.06,1438.11,1901.88,6747.82,2090.66,1536.79,1474.59,1939.03,7041.07,2090.84,1542.14,1426.80,1946.87,7006.65,2100.67,1463.51,1434.48,1970.45,6969.11,2101.00,1552.17,1451.46,2042.34,7146.97,2112.86,1824.28,1372.12,2059.99,7369.25,2142.42,1832.35,1466.72,2153.21,7594.70,2088.06,1820.13,1517.49,2359.91,7785.59,2088.28,1945.81,1595.44,2427.38,8056.91,2080.49,2099.27,1687.20,2575.94,8442.90,2104.89,2195.37,1251.43,510.18,6061.87,2619.41,4572.92,1482.61,1508.15,10183.10,2064.21,3817.65,314.01,643.63,6839.50,2130.92,3627.94,1057.20,1001.06,7817.13,1902.92,..,..,..,..
....Maguindanao del Norte,....Inland Municipal Fisheries,..,..,..,..,24322.00,..,..,..,..,19334.00,..,..,..,..,15216.00,..,..,..,..,115629.00,..,..,..,..,27643.00,..,..,..,..,16566.00,..,..,..,..,18693.00,..,..,..,..,4985.00,..,..,..,..,4800.00,..,..,..,..,4893.00,..,..,..,..,6309.00,..,..,..,..,5185.00,..,..,..,..,5106.00,2957.00,2327.00,5326.00,4115.00,14725.00,1586.00,1460.00,3288.00,2584.00,8918.00,1808.00,1470.00,2617.00,2452.00,8347.00,1695.00,1428.00,3011.00,2820.00,8954.00,1680.00,1540.00,2527.00,2638.00,8385.00,1356.00,1407.00,1730.00,2030.00,6523.00,1593.00,2545.00,2883.00,2301.00,9322.00,1681.00,3549.00,3038.00,2436.00,10704.00,1759.00,3259.00,2874.00,2297.00,10189.00,1507.00,3133.00,3075.00,2472.00,10187.00,1618.00,2624.00,2718.00,2744.00,9704.00,1741.00,2988.00,2847.00,2870.98,10446.98,1718.30,2529.70,2333.00,2480.61,9061.61,2406.64,2315.63,2535.16,1914.52,9171.95,1884.69,2099.24,3154.66,3137.65,10276.24,2341.42,2450.33,3017.56,3982.00,11791.31,2345.82,2385.74,3051.55,3971.96,11755.07,2377.21,2459.77,3069.14,4000.32,11906.44,3509.14,3726.03,4069.39,3941.64,15246.20,3325.06,3827.00,4120.84,3946.88,15219.78,3431.81,3893.70,4712.36,6706.44,18744.31,3867.44,3979.05,5101.02,6708.13,19655.64,7326.03,4048.35,5360.51,4048.35,20783.24,5338.37,4583.03,5615.89,4073.78,19611.07,5663.62,4779.97,6194.75,4395.08,21033.42,5810.98,4926.02,6415.70,5820.36,22973.06,5606.52,5133.84,6833.69,6061.83,23635.88,5671.04,5440.04,7220.56,6256.74,24588.38,5671.04,11159.43,26514.63,24333.65,67678.75,12380.63,11159.43,22661.70,18238.98,64440.75,3138.56,7123.56,8650.94,6164.17,25077.24,2796.88,3804.65,4188.95,5214.36,16004.84,6339.24,4717.21,5394.96,5304.43,21755.83,9687.52,..,..,..,..
....Maguindanao del Norte,..Aquaculture,..,..,..,..,1543.00,..,..,..,..,1989.00,..,..,..,..,1989.00,..,..,..,..,1628.00,..,..,..,..,1424.00,..,..,..,..,1498.00,..,..,..,..,1053.00,..,..,..,..,1053.00,..,..,..,..,1082.00,..,..,..,..,1115.00,..,..,..,..,1250.32,..,..,..,..,1297.82,..,..,..,..,1609.00,13.00,8.00,25.00,33.00,79.00,232.00,155.00,..,269.00,656.00,1.00,283.00,..,259.00,543.00,1.00,323.00,79.00,572.00,975.00,403.00,574.00,74.00,657.00,1708.00,391.00,480.00,81.00,629.00,1581.00,603.00,429.00,301.00,882.00,2215.00,557.00,983.00,287.00,862.00,2689.00,2069.00,1830.00,1331.00,2239.00,7469.00,2203.40,2225.00,1898.50,3087.50,9414.40,2237.00,2260.70,1858.40,2886.50,9242.60,2168.40,2968.10,2867.30,3526.03,11529.83,3158.80,2736.71,3880.00,7107.70,16883.21,16027.60,15953.68,12151.28,17019.90,61152.46,17025.28,17760.00,14640.32,20421.00,69846.60,18092.21,21387.06,18818.88,22862.82,81160.96,19703.84,22054.41,19012.55,26982.36,87753.17,20674.30,21995.58,19391.15,33260.62,95321.64,21169.59,21894.11,17932.41,35398.79,96394.90,21187.89,21926.68,18009.57,37183.57,98307.71,21224.30,21495.35,18091.84,38556.33,99367.83,23054.49,21498.31,17780.66,38785.51,101118.97,23327.70,22211.58,18094.21,39470.75,103104.24,21634.75,22231.57,18105.04,39865.26,101836.62,21943.43,23267.57,18154.06,41921.89,105286.95,23991.80,23817.16,18938.52,44865.96,111613.43,25374.32,24148.17,19540.83,45980.72,115044.04,23769.84,25137.67,20920.16,49979.36,119807.03,23081.83,25284.01,21026.49,50011.52,119403.85,59202.68,39679.05,27380.86,45289.75,171552.34,15118.84,21909.78,20966.03,37871.63,95866.28,11127.83,17585.72,250.58,316.37,29280.49,383.74,546.31,2644.52,461.89,4036.46,338.15,..,..,..,..
....Maguindanao del Sur,FISHERIES,.,.,.,.,.,.,.,.,.,.,.,.,.,.,.,.,.,.,.,.,.,.,.,.,.,.,.,.,.,.,.,.,.,.,.,.,.,.,.,.,.,.,.,.,.,.,.,.,.,.,.,.,.,.,.,.,.,.,.,.,.,.,.,.,.,.,.,.,.,.,.,.,.,.,.,.,.,.,.,.,.,.,.,.,.,.,.,.,.,.,.,.,.,.,.,.,.,.,.,.,.,.,.,.,.,.,.,.,.,.,.,.,.,.,.,.,.,.,.,.,.,.,.,.,.,.,.,.,.,.,.,.,.,.,.,.,.,.,.,.,.,.,.,.,.,.,.,.,.,.,.,.,.,.,.,.,.,.,.,.,.,.,.,.,.,.,.,.,.,.,.,.,.,.,.,.,.,.,.,.,.,.,.,.,.,.,.,.,.,.,.,.,.,.,.,.,.,.,.,.,.,.,.,.,.,.,.,.,.,.,.,.,.,.,.,6740.22,4583.37,17730.80,19295.97,48350.37,13340.25,15218.51,15314.67,18736.72,62610.16,20568.66,16843.67,17054.97,21392.92,75860.22,23075.24,..,..,..,..
....Maguindanao del Sur,..Commercial Fisheries,.,.,.,.,.,.,.,.,.,.,.,.,.,.,.,.,.,.,.,.,.,.,.,.,.,.,.,.,.,.,.,.,.,.,.,.,.,.,.,.,.,.,.,.,.,.,.,.,.,.,.,.,.,.,.,.,.,.,.,.,.,.,.,.,.,.,.,.,.,.,.,.,.,.,.,.,.,.,.,.,.,.,.,.,.,.,.,.,.,.,.,.,.,.,.,.,.,.,.,.,.,.,.,.,.,.,.,.,.,.,.,.,.,.,.,.,.,.,.,.,.,.,.,.,.,.,.,.,.,.,.,.,.,.,.,.,.,.,.,.,.,.,.,.,.,.,.,.,.,.,.,.,.,.,.,.,.,.,.,.,.,.,.,.,.,.,.,.,.,.,.,.,.,.,.,.,.,.,.,.,.,.,.,.,.,.,.,.,.,.,.,.,.,.,.,.,.,.,.,.,.,.,.,.,.,.,.,.,.,.,.,.,.,.,.,.,.,.,.,.,.,.,.,.,.,.,.,.,.,.,.,..,..,..,..
....Maguindanao del Sur,..Municipal Fisheries,.,.,.,.,.,.,.,.,.,.,.,.,.,.,.,.,.,.,.,.,.,.,.,.,.,.,.,.,.,.,.,.,.,.,.,.,.,.,.,.,.,.,.,.,.,.,.,.,.,.,.,.,.,.,.,.,.,.,.,.,.,.,.,.,.,.,.,.,.,.,.,.,.,.,.,.,.,.,.,.,.,.,.,.,.,.,.,.,.,.,.,.,.,.,.,.,.,.,.,.,.,.,.,.,.,.,.,.,.,.,.,.,.,.,.,.,.,.,.,.,.,.,.,.,.,.,.,.,.,.,.,.,.,.,.,.,.,.,.,.,.,.,.,.,.,.,.,.,.,.,.,.,.,.,.,.,.,.,.,.,.,.,.,.,.,.,.,.,.,.,.,.,.,.,.,.,.,.,.,.,.,.,.,.,.,.,.,.,.,.,.,.,.,.,.,.,.,.,.,.,.,.,.,.,.,.,.,.,.,.,.,.,.,.,.,4015.55,3164.77,13776.99,10877.94,31835.25,10877.09,13934.31,13861.87,14316.69,52989.96,15825.75,14688.36,14301.14,14481.80,59297.05,13459.88,..,..,..,..
....Maguindanao del Sur,....Marine Municipal Fisheries,.,.,.,.,.,.,.,.,.,.,.,.,.,.,.,.,.,.,.,.,.,.,.,.,.,.,.,.,.,.,.,.,.,.,.,.,.,.,.,.,.,.,.,.,.,.,.,.,.,.,.,.,.,.,.,.,.,.,.,.,.,.,.,.,.,.,.,.,.,.,.,.,.,.,.,.,.,.,.,.,.,.,.,.,.,.,.,.,.,.,.,.,.,.,.,.,.,.,.,.,.,.,.,.,.,.,.,.,.,.,.,.,.,.,.,.,.,.,.,.,.,.,.,.,.,.,.,.,.,.,.,.,.,.,.,.,.,.,.,.,.,.,.,.,.,.,.,.,.,.,.,.,.,.,.,.,.,.,.,.,.,.,.,.,.,.,.,.,.,.,.,.,.,.,.,.,.,.,.,.,.,.,.,.,.,.,.,.,.,.,.,.,.,.,.,.,.,.,.,.,.,.,.,.,.,.,.,.,.,.,.,.,.,.,.,.,.,.,.,.,.,.,.,.,.,.,.,.,.,.,.,..,..,..,..
....Maguindanao del Sur,....Inland Municipal Fisheries,.,.,.,.,.,.,.,.,.,.,.,.,.,.,.,.,.,.,.,.,.,.,.,.,.,.,.,.,.,.,.,.,.,.,.,.,.,.,.,.,.,.,.,.,.,.,.,.,.,.,.,.,.,.,.,.,.,.,.,.,.,.,.,.,.,.,.,.,.,.,.,.,.,.,.,.,.,.,.,.,.,.,.,.,.,.,.,.,.,.,.,.,.,.,.,.,.,.,.,.,.,.,.,.,.,.,.,.,.,.,.,.,.,.,.,.,.,.,.,.,.,.,.,.,.,.,.,.,.,.,.,.,.,.,.,.,.,.,.,.,.,.,.,.,.,.,.,.,.,.,.,.,.,.,.,.,.,.,.,.,.,.,.,.,.,.,.,.,.,.,.,.,.,.,.,.,.,.,.,.,.,.,.,.,.,.,.,.,.,.,.,.,.,.,.,.,.,.,.,.,.,.,.,.,.,.,.,.,.,.,.,.,.,.,.,4015.55,3164.77,13776.99,10877.94,31835.25,10877.09,13934.31,13861.87,14316.69,52989.96,15825.75,14688.36,14301.14,14481.80,59297.05,13459.88,..,..,..,..
....Maguindanao del Sur,..Aquaculture,.,.,.,.,.,.,.,.,.,.,.,.,.,.,.,.,.,.,.,.,.,.,.,.,.,.,.,.,.,.,.,.,.,.,.,.,.,.,.,.,.,.,.,.,.,.,.,.,.,.,.,.,.,.,.,.,.,.,.,.,.,.,.,.,.,.,.,.,.,.,.,.,.,.,.,.,.,.,.,.,.,.,.,.,.,.,.,.,.,.,.,.,.,.,.,.,.,.,.,.,.,.,.,.,.,.,.,.,.,.,.,.,.,.,.,.,.,.,.,.,.,.,.,.,.,.,.,.,.,.,.,.,.,.,.,.,.,.,.,.,.,.,.,.,.,.,.,.,.,.,.,.,.,.,.,.,.,.,.,.,.,.,.,.,.,.,.,.,.,.,.,.,.,.,.,.,.,.,.,.,.,.,.,.,.,.,.,.,.,.,.,.,.,.,.,.,.,.,.,.,.,.,.,.,.,.,.,.,.,.,.,.,.,.,.,2724.67,1418.60,3953.81,8418.03,16515.11,2463.16,1284.20,1452.80,4420.03,9620.20,4742.91,2155.31,2753.83,6911.12,16563.17,9615.36,..,..,..,..
....Sulu a/,FISHERIES,..,..,..,..,19546.00,..,..,..,..,19863.00,..,..,..,..,52414.00,..,..,..,..,30291.00,..,..,..,..,31314.00,..,..,..,..,36382.00,..,..,..,..,32071.00,..,..,..,..,29226.00,..,..,..,..,28741.00,..,..,..,..,29077.00,..,..,..,..,32713.53,..,..,..,..,26917.01,..,..,..,..,39050.00,52965.00,62515.00,41514.00,44797.00,201791.00,83722.00,41337.00,44218.00,39691.00,208968.00,77660.00,50085.00,44322.00,49440.00,221507.00,73595.00,44620.00,43941.00,32095.00,194251.00,90615.00,47890.00,41435.00,32821.00,212761.00,83279.00,52066.00,48463.00,36594.00,220402.00,74423.00,54340.00,52490.00,39096.00,220349.00,82603.00,52665.00,40230.00,32226.00,207724.00,61898.00,63227.00,69228.00,63503.00,257856.00,67847.00,50390.00,64789.00,64682.00,247708.00,70761.00,48167.00,68273.00,67488.00,254689.00,71154.56,50781.06,65706.41,65768.17,253410.20,78983.40,53835.41,62999.71,67712.50,263531.02,76345.09,53550.81,58765.49,70576.24,259237.63,77872.84,60677.85,57426.93,73781.81,269759.44,78600.41,64868.57,62866.86,79353.93,285689.76,81498.82,67762.74,66054.98,84541.68,299858.22,85633.83,70941.83,66950.74,88289.02,311815.43,86510.54,72642.27,68033.15,88362.04,315547.99,84818.50,72069.88,65512.47,86402.67,308803.53,86238.74,73503.72,65794.37,87288.60,312825.43,87638.08,74619.04,66536.29,87088.09,315881.50,89157.36,75851.02,67410.28,87930.73,320349.39,89029.66,75927.45,67505.77,87484.86,319947.75,88576.19,73749.03,67788.31,89976.51,320090.04,90687.19,74985.75,68348.84,91198.33,325220.11,90435.40,75496.60,68291.34,92765.95,326989.30,92733.45,76256.89,69554.77,93443.02,331988.13,93452.48,75665.39,69418.49,94609.02,333145.38,99987.74,71707.07,73036.52,93367.56,338098.88,95536.72,61287.97,84231.37,107030.92,348086.97,108255.80,41401.43,34103.69,42573.09,226334.00,103403.57,49789.04,37059.47,49752.86,240004.94,.,..,..,..,..
....Sulu a/,..Commercial Fisheries,..,..,..,..,238.00,..,..,..,..,384.00,..,..,..,..,210.00,..,..,..,..,150.00,..,..,..,..,350.00,..,..,..,..,900.00,..,..,..,..,720.00,..,..,..,..,1440.00,..,..,..,..,1497.00,..,..,..,..,1525.00,..,..,..,..,5137.00,..,..,..,..,975.00,..,..,..,..,8639.00,4790.00,4910.00,4229.00,4315.00,18244.00,13746.00,5903.00,5646.00,5544.00,30839.00,5962.00,6617.00,8051.00,8556.00,29186.00,5432.00,4151.00,6117.00,6753.00,22453.00,5498.00,5500.00,6000.00,6989.00,23987.00,8344.00,9174.00,5965.00,7704.00,31187.00,9630.00,9504.00,8495.00,8089.00,35718.00,9866.00,9990.00,7879.00,7894.00,35629.00,10360.00,12141.00,18467.00,14574.00,55542.00,12792.00,12582.00,16786.00,14995.00,57155.00,13519.00,11949.00,17995.00,16280.00,59743.00,14242.54,12821.97,17257.66,16629.52,60951.69,14690.88,13825.99,17044.72,16403.50,61965.09,16980.59,14627.16,14722.56,17452.97,63783.28,16636.64,16809.86,13347.83,17971.39,64765.72,16360.74,18015.28,14469.38,19028.46,67873.86,16644.49,19242.05,14825.38,19212.41,69924.33,17146.57,21378.31,15798.00,19428.03,73750.91,16711.81,21747.52,16299.23,19977.73,74736.29,16943.42,22595.49,15616.79,18666.23,73821.93,16765.18,22843.23,15445.94,18444.59,73498.94,16970.96,23098.66,15632.49,18658.80,74360.91,17474.51,23777.54,15928.12,18713.32,75893.49,17147.83,24386.85,16237.50,17623.05,75395.23,16773.33,23489.21,16479.34,18149.98,74891.86,17197.20,23891.43,16846.36,18507.65,76442.64,17522.84,24391.61,17221.16,18877.22,78012.83,17971.52,24801.65,17707.31,18632.85,79113.33,17729.78,23907.63,17885.31,18972.16,78494.88,17064.46,24768.84,18452.03,13528.50,73813.83,4059.18,18373.21,18884.63,11348.04,52665.07,10389.64,7754.56,7953.10,8048.29,34145.59,9356.32,7941.78,7858.33,8319.43,33475.86,.,..,..,..,..
....Sulu a/,..Municipal Fisheries,..,..,..,..,13516.00,..,..,..,..,14608.00,..,..,..,..,47794.00,..,..,..,..,26191.00,..,..,..,..,26804.00,..,..,..,..,29641.00,..,..,..,..,25601.00,..,..,..,..,20311.00,..,..,..,..,17522.00,..,..,..,..,17800.00,..,..,..,..,16641.00,..,..,..,..,14591.00,..,..,..,..,16338.00,3697.00,4663.00,2830.00,3829.00,15019.00,3774.00,4321.00,1364.00,1387.00,10846.00,2010.00,4394.00,2638.00,4283.00,13325.00,4222.00,4469.00,3623.00,3340.00,15654.00,4085.00,4750.00,3000.00,3210.00,15045.00,4350.00,4919.00,3576.00,3147.00,15992.00,4089.00,5125.00,3750.00,3462.00,16426.00,4147.00,4892.00,3374.00,2296.00,14709.00,4436.00,4581.00,5000.00,3429.00,17446.00,4044.00,3079.00,3706.00,3773.00,14602.00,4331.00,2923.00,5042.00,4114.00,16410.00,4525.02,3251.09,4819.55,4022.65,16618.31,4571.52,3579.90,4642.50,3996.00,16789.92,5191.50,3670.65,4159.85,4282.06,17304.06,5746.80,3841.73,3641.65,4527.15,17757.33,5612.73,4093.24,3964.80,4939.54,18610.31,5832.07,4473.56,4122.08,5251.19,19678.90,6293.71,4634.50,4238.18,5407.84,20574.23,6040.33,4785.96,4324.65,5615.57,20766.51,6198.30,4849.63,4227.54,5448.16,20723.63,6176.93,5021.96,4104.87,5328.65,20632.41,6332.43,5137.95,4188.55,5422.05,21080.98,6531.11,5333.90,4276.40,5479.29,21620.70,6365.24,5478.75,4402.40,5231.35,21477.74,6024.20,5275.81,4494.65,5412.27,21206.93,6205.00,5417.56,4627.30,5525.94,21775.80,6286.96,5336.88,4518.44,5535.18,21677.46,6477.35,5545.24,4727.79,5479.16,22229.54,6311.43,5370.30,4898.84,5584.81,22165.38,6204.68,5688.23,5041.96,5144.81,22079.68,6868.19,3607.06,5155.54,11997.96,27628.75,14621.94,1747.01,1193.90,4200.38,21763.23,7858.69,1880.22,1268.15,4314.01,15321.07,.,..,..,..,..
....Sulu a/,....Marine Municipal Fisheries,..,..,..,..,13509.00,..,..,..,..,14601.00,..,..,..,..,47783.00,..,..,..,..,26176.00,..,..,..,..,26781.00,..,..,..,..,29603.00,..,..,..,..,25555.00,..,..,..,..,20251.00,..,..,..,..,17458.00,..,..,..,..,17709.00,..,..,..,..,16569.00,..,..,..,..,14499.00,..,..,..,..,16248.00,3697.00,4663.00,2830.00,3829.00,15019.00,3774.00,4321.00,1364.00,1387.00,10846.00,2010.00,4394.00,2638.00,4283.00,13325.00,4222.00,4469.00,3623.00,3340.00,15654.00,4085.00,4750.00,3000.00,3210.00,15045.00,4350.00,4919.00,3576.00,3147.00,15992.00,4089.00,5125.00,3750.00,3462.00,16426.00,4147.00,4892.00,3374.00,2296.00,14709.00,4436.00,4581.00,5000.00,3429.00,17446.00,4044.00,3079.00,3706.00,3773.00,14602.00,4331.00,2923.00,5042.00,4114.00,16410.00,4525.02,3251.09,4819.55,4022.65,16618.31,4571.52,3579.90,4642.50,3996.00,16789.92,5191.50,3670.65,4159.85,4282.06,17304.06,5746.80,3841.73,3641.65,4527.15,17757.33,5612.73,4093.24,3964.80,4939.54,18610.31,5832.07,4473.56,4122.08,5251.19,19678.90,6293.71,4634.50,4238.18,5407.84,20574.23,6040.33,4785.96,4324.65,5615.57,20766.51,6198.30,4849.63,4227.54,5448.16,20723.63,6176.93,5021.96,4104.87,5328.65,20632.41,6332.43,5137.95,4188.55,5422.05,21080.98,6531.11,5333.90,4276.40,5479.29,21620.70,6365.24,5478.75,4402.40,5231.35,21477.74,6024.20,5275.81,4494.65,5412.27,21206.93,6205.00,5417.56,4627.30,5525.94,21775.80,6286.96,5336.88,4518.44,5535.18,21677.46,6477.35,5545.24,4727.79,5479.16,22229.54,6311.43,5370.30,4898.84,5584.81,22165.38,6204.68,5688.23,5041.96,5144.81,22079.68,6868.19,3607.06,5155.54,11997.96,27628.75,14621.94,1747.01,1193.90,4200.38,21763.23,7858.69,1880.22,1268.15,4314.01,15321.07,.,..,..,..,..
....Sulu a/,....Inland Municipal Fisheries,..,..,..,..,7.00,..,..,..,..,7.00,..,..,..,..,11.00,..,..,..,..,15.00,..,..,..,..,23.00,..,..,..,..,38.00,..,..,..,..,46.00,..,..,..,..,60.00,..,..,..,..,64.00,..,..,..,..,91.00,..,..,..,..,72.00,..,..,..,..,92.00,..,..,..,..,90.00,..,..,..,..,..,..,..,..,..,..,..,..,..,..,..,..,..,..,..,..,..,..,..,..,..,..,..,..,..,..,..,..,..,..,..,..,..,..,..,..,..,..,..,..,..,.,.,.,.,.,.,.,.,.,.,.,.,.,.,.,.,.,.,.,.,.,.,.,.,.,.,.,.,.,.,.,.,.,.,.,.,.,.,.,.,.,.,.,.,.,.,.,.,.,.,.,.,.,.,.,.,.,.,.,.,.,.,.,.,.,.,.,.,.,.,.,.,.,.,.,.,.,.,.,.,.,.,.,.,.,.,.,.,.,.,.,.,.,.,.,.,.,.,.,.,.,.,.,.,.,.,.,.,.,.,.,.,.,.,.,.,.,.,.,.,.,..,..,..,..
....Sulu a/,..Aquaculture,..,..,..,..,5792.00,..,..,..,..,4871.00,..,..,..,..,4410.00,..,..,..,..,3950.00,..,..,..,..,4160.00,..,..,..,..,5841.00,..,..,..,..,5750.00,..,..,..,..,7475.00,..,..,..,..,9722.00,..,..,..,..,9752.00,..,..,..,..,10935.53,..,..,..,..,11351.01,..,..,..,..,14073.00,44478.00,52942.00,34455.00,36653.00,168528.00,66202.00,31113.00,37208.00,32760.00,167283.00,69688.00,39074.00,33633.00,36601.00,178996.00,63941.00,36000.00,34201.00,22002.00,156144.00,81032.00,37640.00,32435.00,22622.00,173729.00,70585.00,37973.00,38922.00,25743.00,173223.00,60704.00,39711.00,40245.00,27545.00,168205.00,68590.00,37783.00,28977.00,22036.00,157386.00,47102.00,46505.00,45761.00,45500.00,184868.00,51011.00,34729.00,44297.00,45914.00,175951.00,52911.00,33295.00,45236.00,47094.00,178536.00,52387.00,34708.00,43629.20,45116.00,175840.20,59721.00,36429.52,41312.49,47313.00,184776.01,54173.00,35253.00,39883.08,48841.21,178150.29,55489.40,40026.26,40437.45,51283.27,187236.39,56626.94,42760.05,44432.68,55385.93,199205.59,59022.26,44047.13,47107.52,60078.08,210254.99,62193.55,44929.02,46914.56,63453.15,217490.29,63758.40,46108.79,47409.27,62768.74,220045.19,61676.78,44624.76,45668.14,62288.28,214257.97,63296.63,45638.53,46243.56,63515.36,218694.08,64334.69,46382.43,46715.25,63007.24,220439.61,65151.74,46739.58,47205.76,63738.12,222835.20,65516.59,46061.85,46865.88,64630.46,223074.78,65778.66,44984.01,46814.32,66414.26,223991.25,67284.99,45676.76,46875.18,67164.74,227001.67,66625.60,45768.11,46551.74,68353.55,227299.01,68284.58,45910.00,47119.67,69331.01,230645.26,69411.27,46387.46,46634.34,70052.05,232485.12,76718.60,41250.00,49542.52,74694.24,242205.37,84609.35,39307.70,60191.20,83684.91,267793.15,83244.22,31899.86,24956.69,30324.42,170425.18,86188.55,39967.03,27932.99,37119.43,191208.01,.,..,..,..,..
....Tawi-tawi,FISHERIES,..,..,..,..,146594.00,..,..,..,..,68567.00,..,..,..,..,67863.00,..,..,..,..,100209.00,..,..,..,..,104158.00,..,..,..,..,139313.00,..,..,..,..,131433.00,..,..,..,..,166630.00,..,..,..,..,182556.00,..,..,..,..,191854.00,..,..,..,..,215265.60,..,..,..,..,218571.31,..,..,..,..,268295.00,37622.00,22996.00,17784.00,32749.00,111151.00,49664.00,23874.00,25638.00,30733.00,129909.00,60718.00,35727.00,39335.00,35014.00,170794.00,78709.00,37026.00,29732.00,40605.00,186072.00,72490.00,43463.00,32172.00,43408.00,191533.00,78215.00,44466.00,33208.00,41784.00,197673.00,80730.00,45430.00,32030.00,42996.00,201186.00,73004.00,43779.00,27014.00,36571.00,180368.00,69800.00,43031.00,23561.00,32686.00,169078.00,62956.00,53193.00,37535.00,57160.00,210844.00,55717.00,47786.00,41316.00,79320.00,224139.00,102141.33,80326.16,48903.99,70513.52,301885.00,132527.43,64755.95,58136.82,69307.45,324727.65,141857.50,68164.24,57056.16,79486.81,346564.71,166963.70,66203.53,59388.88,96439.02,388995.14,162071.99,72415.36,66183.61,106465.77,407136.73,163867.09,72416.10,69329.92,112750.87,418363.98,160920.43,77185.49,67379.61,107465.04,412950.57,169332.57,73073.13,68698.15,98340.42,409444.27,146629.15,68613.96,67473.72,69392.51,352109.33,110303.96,72559.89,68535.06,80741.64,332140.55,114552.20,75745.75,71026.83,82231.11,343555.90,115708.67,78113.04,73431.75,82006.19,349259.65,115326.94,75992.68,70337.53,82634.09,344291.24,115385.20,79968.04,81196.29,91694.05,368243.59,127731.60,82019.73,86123.69,100313.41,396188.43,135462.64,84912.22,101483.44,101699.26,423557.55,132405.74,92735.27,102212.43,102786.48,430139.92,140434.19,97526.38,101240.60,102851.30,442052.47,145905.12,232182.09,153966.77,167868.70,699922.69,173866.01,232813.40,196537.75,223826.79,827043.95,185669.57,171719.26,222707.72,228491.10,808587.65,203665.53,187467.77,192585.20,199195.30,782913.80,160051.72,..,..,..,..
....Tawi-tawi,..Commercial Fisheries,..,..,..,..,2205.00,..,..,..,..,2016.00,..,..,..,..,174.00,..,..,..,..,495.00,..,..,..,..,396.00,..,..,..,..,420.00,..,..,..,..,427.00,..,..,..,..,640.00,..,..,..,..,666.00,..,..,..,..,678.00,..,..,..,..,4206.00,..,..,..,..,937.00,..,..,..,..,..,..,..,..,..,..,..,..,..,..,..,..,..,..,..,..,..,..,..,..,..,..,..,..,..,..,..,..,..,..,..,..,..,..,..,..,..,..,..,..,..,..,..,..,..,..,..,..,..,..,..,..,..,..,..,..,..,..,..,..,..,..,..,..,..,..,..,..,..,..,..,..,129.43,136.65,123.14,389.22,167.48,147.65,139.81,166.73,621.67,176.07,156.51,162.17,168.47,663.22,214.92,168.21,171.87,190.57,745.57,214.85,162.91,187.86,192.87,758.49,200.07,158.70,202.06,167.55,728.38,227.32,230.84,212.37,203.58,874.11,224.46,261.06,233.76,200.62,919.90,258.82,299.60,258.25,218.25,1034.92,282.88,343.98,297.68,252.07,1176.61,285.29,348.15,301.39,254.54,1189.37,286.86,368.63,311.22,295.47,1262.18,286.50,295.47,385.62,307.57,1275.16,289.63,303.93,291.89,292.41,1177.86,298.53,309.98,297.48,298.51,1204.50,305.52,2617.27,342.21,1632.47,4897.46,733.40,3024.58,1130.67,1277.95,6166.60,2151.03,2123.81,1461.48,1417.72,7154.03,3757.22,5908.78,7087.29,6730.11,23483.39,6009.76,..,..,..,..
....Tawi-tawi,..Municipal Fisheries,..,..,..,..,73333.00,..,..,..,..,21126.00,..,..,..,..,8333.00,..,..,..,..,9789.00,..,..,..,..,9061.00,..,..,..,..,16983.00,..,..,..,..,14250.00,..,..,..,..,14205.00,..,..,..,..,9980.00,..,..,..,..,10358.00,..,..,..,..,8297.00,..,..,..,..,7168.00,..,..,..,..,7367.00,2061.00,2590.00,1119.00,1514.00,7284.00,1974.00,2233.00,1283.00,1372.00,6862.00,997.00,2328.00,1402.00,1314.00,6041.00,2052.00,2426.00,1502.00,1176.00,7156.00,2348.00,2669.00,2383.00,2798.00,10198.00,2866.00,2822.00,2747.00,2945.00,11380.00,2977.00,3030.00,2943.00,3044.00,11994.00,3026.00,3075.00,3145.00,2724.00,11970.00,2957.00,3186.00,3272.00,3080.00,12495.00,3125.00,4140.00,3652.00,3245.00,14162.00,3227.00,4626.00,3923.00,3839.00,15615.00,3439.33,4786.16,4457.99,5076.52,17760.00,4639.43,4323.95,3917.82,4732.45,17613.65,4507.50,8188.24,4598.16,6194.81,23488.71,3929.25,9156.88,6956.85,6650.45,26693.43,4201.29,9373.84,7828.58,7211.24,28614.95,4789.25,10069.65,7898.96,8284.14,31042.00,6252.99,10991.55,9017.58,9672.16,35934.28,6803.57,9175.58,9546.20,10676.36,36201.71,6400.66,8104.93,8785.18,8913.57,32204.34,7029.73,8958.81,10105.25,10576.85,36670.64,7983.33,9877.48,10322.62,9452.73,37636.16,9732.87,10992.50,10804.27,10792.38,42322.02,10394.82,11413.73,11549.99,11322.56,44681.10,10890.20,11524.40,11572.72,11327.08,45314.40,10902.88,12316.27,13752.06,13600.66,50571.87,13308.32,13104.80,13465.16,13609.01,53487.29,11162.30,13639.48,14217.77,14325.15,53344.70,14957.34,13618.23,14362.95,15045.14,57983.66,15038.97,17727.79,13748.26,21416.50,67931.52,20731.66,18744.81,14539.63,15132.61,69148.71,15877.50,17992.91,16935.21,16033.91,66839.53,10572.59,11115.02,10442.88,15251.50,47381.99,13566.04,..,..,..,..
....Tawi-tawi,....Marine Municipal Fisheries,..,..,..,..,73331.00,..,..,..,..,21126.00,..,..,..,..,8331.00,..,..,..,..,9785.00,..,..,..,..,9056.00,..,..,..,..,16957.00,..,..,..,..,14219.00,..,..,..,..,14174.00,..,..,..,..,9947.00,..,..,..,..,10323.00,..,..,..,..,8257.00,..,..,..,..,7121.00,..,..,..,..,7321.00,2061.00,2590.00,1119.00,1514.00,7284.00,1974.00,2233.00,1283.00,1372.00,6862.00,997.00,2328.00,1402.00,1314.00,6041.00,2052.00,2426.00,1502.00,1176.00,7156.00,2348.00,2669.00,2383.00,2798.00,10198.00,2866.00,2822.00,2747.00,2945.00,11380.00,2977.00,3030.00,2943.00,3044.00,11994.00,3026.00,3075.00,3145.00,2724.00,11970.00,2957.00,3186.00,3272.00,3080.00,12495.00,3125.00,4140.00,3652.00,3245.00,14162.00,3227.00,4626.00,3923.00,3839.00,15615.00,3439.33,4786.16,4457.99,5076.52,17760.00,4639.43,4323.95,3917.82,4732.45,17613.65,4507.50,8188.24,4598.16,6194.81,23488.71,3929.25,9156.88,6956.85,6650.45,26693.43,4201.29,9373.84,7828.58,7211.24,28614.95,4789.25,10069.65,7898.96,8284.14,31042.00,6252.99,10991.55,9017.58,9672.16,35934.28,6803.57,9175.58,9546.20,10676.36,36201.71,6400.66,8104.93,8785.18,8913.57,32204.34,7029.73,8958.81,10105.25,10576.85,36670.64,7983.33,9877.48,10322.62,9452.73,37636.16,9732.87,10992.50,10804.27,10792.38,42322.02,10394.82,11413.73,11549.99,11322.56,44681.10,10890.20,11524.40,11572.72,11327.08,45314.40,10902.88,12316.27,13752.06,13600.66,50571.87,13308.32,13104.80,13465.16,13609.01,53487.29,11162.30,13639.48,14217.77,14325.15,53344.70,14957.34,13618.23,14362.95,15045.14,57983.66,15038.97,17727.79,13748.26,21416.50,67931.52,20731.66,18744.81,14539.63,15132.61,69148.71,15877.50,17992.91,16935.21,16033.91,66839.53,10572.59,11115.02,10442.88,15251.50,47381.99,13566.04,..,..,..,..
....Tawi-tawi,....Inland Municipal Fisheries,..,..,..,..,2.00,..,..,..,..,..,..,..,..,..,2.00,..,..,..,..,4.00,..,..,..,..,5.00,..,..,..,..,26.00,..,..,..,..,31.00,..,..,..,..,31.00,..,..,..,..,33.00,..,..,..,..,35.00,..,..,..,..,40.00,..,..,..,..,47.00,..,..,..,..,46.00,..,..,..,..,..,..,..,..,..,..,..,..,..,..,..,..,..,..,..,..,..,..,..,..,..,..,..,..,..,..,..,..,..,..,..,..,..,..,..,..,..,..,..,..,..,.,.,.,.,.,.,.,.,.,.,.,.,.,.,.,.,.,.,.,.,.,.,.,.,.,.,.,.,.,.,.,.,.,.,.,.,.,.,.,.,.,.,.,.,.,.,.,.,.,.,.,.,.,.,.,.,.,.,.,.,.,.,.,.,.,.,.,.,.,.,.,.,.,.,.,.,.,.,.,.,.,.,.,.,.,.,.,.,.,.,.,.,.,.,.,.,.,.,.,.,.,.,.,.,.,.,.,.,.,.,.,.,.,.,.,.,.,.,.,.,.,..,..,..,..
....Tawi-tawi,..Aquaculture,..,..,..,..,71056.00,..,..,..,..,45425.00,..,..,..,..,59356.00,..,..,..,..,89925.00,..,..,..,..,94701.00,..,..,..,..,121910.00,..,..,..,..,116756.00,..,..,..,..,151785.00,..,..,..,..,171910.00,..,..,..,..,180818.00,..,..,..,..,202762.60,..,..,..,..,210466.31,..,..,..,..,260928.00,35561.00,20406.00,16665.00,31235.00,103867.00,47690.00,21641.00,24355.00,29361.00,123047.00,59721.00,33399.00,37933.00,33700.00,164753.00,76657.00,34600.00,28230.00,39429.00,178916.00,70142.00,40794.00,29789.00,40610.00,181335.00,75349.00,41644.00,30461.00,38839.00,186293.00,77753.00,42400.00,29087.00,39952.00,189192.00,69978.00,40704.00,23869.00,33847.00,168398.00,66843.00,39845.00,20289.00,29606.00,156583.00,59831.00,49053.00,33883.00,53915.00,196682.00,52490.00,43160.00,37393.00,75481.00,208524.00,98702.00,75540.00,44446.00,65437.00,284125.00,127888.00,60432.00,54219.00,64575.00,307114.00,137350.00,59976.00,52458.00,73292.00,323076.00,163034.45,56917.22,52295.38,89665.43,361912.49,157703.22,62893.87,58215.22,99087.80,377900.11,158901.77,62189.94,61268.79,104298.26,386658.76,154452.52,66025.73,58190.16,97602.31,376270.72,162314.15,63734.64,58964.09,87471.19,372484.07,140028.42,60350.33,58486.48,60311.39,319176.61,103046.91,63370.24,58217.44,69961.21,294595.80,106344.41,65607.21,60470.45,72577.76,304999.84,105716.98,66820.94,62369.23,70995.56,305902.71,104649.24,64234.97,58489.86,71059.46,298433.53,104209.71,68095.49,69322.18,80112.43,321739.82,116541.86,69334.83,72060.41,86417.28,344354.38,121867.82,71511.95,87632.66,87782.68,368795.10,120953.81,78791.86,87702.77,88168.92,375617.36,125178.32,83598.17,86580.17,87507.65,382864.31,130560.63,211837.04,139876.31,144819.73,627093.71,152400.94,211044.01,180867.45,207416.23,751728.63,167641.03,151602.55,204311.04,211039.48,734594.09,189335.72,170443.98,175055.03,177213.69,712048.42,140475.91,..,..,..,..
