Commodity,Geolocation,2010 January,2010 February,2010 March,2010 April,2010 May,2010 June,2010 July,2010 August,2010 September,2010 October,2010 November,2010 December,2010 Annual,2011 January,2011 February,2011 March,2011 April,2011 May,2011 June,2011 July,2011 August,2011 September,2011 October,2011 November,2011 December,2011 Annual,2012 January,2012 February,2012 March,2012 April,2012 May,2012 June,2012 July,2012 August,2012 September,2012 October,2012 November,2012 December,2012 Annual,2013 January,2013 February,2013 March,2013 April,2013 May,2013 June,2013 July,2013 August,2013 September,2013 October,2013 November,2013 December,2013 Annual,2014 January,2014 February,2014 March,2014 April,2014 May,2014 June,2014 July,2014 August,2014 September,2014 October,2014 November,2014 December,2014 Annual,2015 January,2015 February,2015 March,2015 April,2015 May,2015 June,2015 July,2015 August,2015 September,2015 October,2015 November,2015 December,2015 Annual,2016 January,2016 February,2016 March,2016 April,2016 May,2016 June,2016 July,2016 August,2016 September,2016 October,2016 November,2016 December,2016 Annual,2017 January,2017 February,2017 March,2017 April,2017 May,2017 June,2017 July,2017 August,2017 September,2017 October,2017 November,2017 December,2017 Annual,2018 January,2018 February,2018 March,2018 April,2018 May,2018 June,2018 July,2018 August,2018 September,2018 October,2018 November,2018 December,2018 Annual,2019 January,2019 February,2019 March,2019 April,2019 May,2019 June,2019 July,2019 August,2019 September,2019 October,2019 November,2019 December,2019 Annual,2020 January,2020 February,2020 March,2020 April,2020 May,2020 June,2020 July,2020 August,2020 September,2020 October,2020 November,2020 December,2020 Annual,2021 January,2021 February,2021 March,2021 April,2021 May,2021 June,2021 July,2021 August,2021 September,2021 October,2021 November,2021 December,2021 Annual,2022 January,2022 February,2022 March,2022 April,2022 May,2022 June,2022 July,2022 August,2022 September,2022 October,2022 November,2022 December,2022 Annual,2023 January,2023 February,2023 March,2023 April,2023 May,2023 June,2023 July,2023 August,2023 September,2023 October,2023 November,2023 December,2023 Annual,2024 January,2024 February,2024 March,2024 April,2024 May,2024 June,2024 July,2024 August,2024 September,2024 October,2024 November,2024 December,2024 Annual,2025 January,2025 February,2025 March,2025 April,2025 May,2025 June,2025 July,2025 August,2025 September,2025 October,2025 November,2025 December,2025 Annual,2026 January,2026 February,2026 March,2026 April,2026 May,2026 June,2026 July,2026 August,2026 September,2026 October,2026 November,2026 December,2026 Annual
Abaca (dried raw fiber),PHILIPPINES,32.26,31.26,32.91,33.46,33.04,33.27,34.09,33.71,34.62,35.29,35.89,35.68,33.79,37.63,37.59,36.71,37.93,39.46,39.89,39.21,39.64,39.39,40.20,40.50,39.69,38.99,40.92,40.95,41.60,41.23,40.65,41.03,40.80,40.69,40.53,38.86,38.63,38.04,40.33,37.09,36.90,36.83,36.25,36.09,40.04,36.55,37.18,38.13,39.04,39.46,39.63,37.77,41.40,42.01,41.14,41.41,41.08,40.84,41.93,42.05,43.37,42.67,42.95,43.94,42.07,43.77,43.75,44.62,44.44,44.77,44.76,45.27,45.89,44.69,46.91,48.23,48.59,45.47,47.13,51.07,52.52,54.07,55.50,54.89,55.31,55.46,56.35,57.04,57.20,58.00,54.55,58.75,59.33,59.60,60.62,59.50,59.69,61.12,61.58,60.94,62.43,63.39,63.27,60.85,60.72,61.27,61.35,60.86,62.57,60.29,61.62,61.39,62.08,62.50,61.60,63.91,61.68,62.94,62.28,62.34,61.96,63.35,62.78,63.70,62.32,63.95,63.07,62.86,60.94,62.71,62.63,62.89,63.11,62.72,63.63,63.37,64.46,62.41,62.77,63.25,63.20,61.46,62.99,64.10,64.53,62.85,62.49,61.03,63.26,63.64,63.38,64.96,62.39,65.15,63.75,63.46,67.02,66.72,67.26,66.62,65.87,65.40,65.01,65.38,65.32,65.94,65.15,63.92,65.80,62.45,60.03,60.07,59.81,59.01,59.44,57.55,58.99,59.08,58.02,60.75,60.91,59.68,70.25,70.93,69.16,60.58,61.08,65.03,68.65,68.96,63.71,60.54,70.55,47.13,64.71,53.01,95.30,50.89,55.38,59.37,67.26,66.53,65.18,66.58,69.09,65.63,72.22,65.54,49.00,55.35,58.80,..,..,..,..,..,..,..,..,..,..
Abaca (dried raw fiber),..CORDILLERA ADMINISTRATIVE REGION (CAR),0.00,0.00,0.00,0.00,0.00,0.00,0.00,0.00,0.00,0.00,0.00,0.00,0.00,0.00,0.00,0.00,0.00,0.00,0.00,0.00,0.00,0.00,0.00,0.00,0.00,0.00,0.00,0.00,0.00,0.00,0.00,0.00,0.00,0.00,0.00,0.00,0.00,0.00,0.00,0.00,0.00,0.00,0.00,0.00,0.00,0.00,0.00,0.00,0.00,0.00,0.00,0.00,0.00,0.00,0.00,0.00,0.00,0.00,0.00,0.00,0.00,0.00,0.00,0.00,0.00,0.00,0.00,0.00,0.00,0.00,0.00,0.00,0.00,0.00,0.00,0.00,0.00,0.00,0.00,0.00,0.00,0.00,0.00,0.00,0.00,0.00,0.00,0.00,0.00,0.00,0.00,0.00,0.00,0.00,0.00,0.00,0.00,0.00,0.00,0.00,0.00,0.00,0.00,0.00,0.00,0.00,0.00,0.00,0.00,0.00,0.00,0.00,0.00,0.00,0.00,0.00,0.00,0.00,0.00,0.00,0.00,0.00,0.00,0.00,0.00,0.00,0.00,0.00,0.00,0.00,0.00,0.00,0.00,0.00,0.00,0.00,0.00,0.00,0.00,0.00,0.00,0.00,0.00,0.00,0.00,0.00,0.00,0.00,0.00,0.00,0.00,0.00,0.00,0.00,0.00,0.00,0.00,0.00,0.00,0.00,0.00,0.00,0.00,0.00,0.00,0.00,0.00,0.00,0.00,0.00,0.00,0.00,0.00,0.00,0.00,0.00,0.00,0.00,0.00,0.00,0.00,0.00,0.00,0.00,0.00,0.00,0.00,0.00,0.00,0.00,0.00,0.00,0.00,0.00,0.00,0.00,0.00,0.00,16.67,0.00,0.00,0.00,0.00,0.00,0.00,0.00,0.00,16.67,0.00,0.00,0.00,..,..,..,..,..,..,..,..,..,..
Abaca (dried raw fiber),..REGION I (ILOCOS REGION),0.00,0.00,0.00,0.00,0.00,0.00,0.00,0.00,0.00,0.00,0.00,0.00,0.00,0.00,0.00,0.00,0.00,0.00,0.00,0.00,0.00,0.00,0.00,0.00,0.00,0.00,0.00,0.00,0.00,0.00,0.00,0.00,0.00,0.00,0.00,0.00,0.00,0.00,0.00,0.00,0.00,0.00,0.00,0.00,0.00,0.00,0.00,0.00,0.00,0.00,0.00,0.00,0.00,0.00,0.00,0.00,0.00,0.00,0.00,0.00,0.00,0.00,0.00,0.00,0.00,0.00,0.00,0.00,0.00,0.00,0.00,0.00,0.00,0.00,0.00,0.00,0.00,0.00,0.00,0.00,0.00,0.00,0.00,0.00,0.00,0.00,0.00,0.00,0.00,0.00,0.00,0.00,0.00,0.00,0.00,0.00,0.00,0.00,0.00,0.00,0.00,0.00,0.00,0.00,0.00,0.00,0.00,0.00,0.00,0.00,0.00,0.00,0.00,0.00,0.00,0.00,0.00,0.00,0.00,0.00,0.00,0.00,0.00,0.00,0.00,0.00,0.00,0.00,0.00,0.00,0.00,0.00,0.00,0.00,0.00,0.00,0.00,0.00,0.00,0.00,0.00,0.00,0.00,0.00,0.00,0.00,0.00,0.00,0.00,0.00,0.00,0.00,0.00,0.00,0.00,0.00,0.00,0.00,0.00,0.00,0.00,0.00,0.00,0.00,0.00,0.00,0.00,0.00,0.00,0.00,0.00,0.00,0.00,0.00,0.00,0.00,0.00,0.00,0.00,0.00,0.00,0.00,0.00,0.00,0.00,0.00,0.00,0.00,0.00,0.00,0.00,0.00,0.00,0.00,0.00,0.00,0.00,0.00,0.00,0.00,0.00,0.00,0.00,0.00,0.00,0.00,0.00,0.00,0.00,0.00,0.00,..,..,..,..,..,..,..,..,..,..
Abaca (dried raw fiber),..REGION II (CAGAYAN VALLEY),0.00,0.00,0.00,0.00,0.00,0.00,0.00,0.00,0.00,0.00,0.00,0.00,0.00,0.00,0.00,0.00,0.00,0.00,0.00,0.00,0.00,0.00,0.00,0.00,0.00,0.00,0.00,0.00,0.00,0.00,0.00,0.00,0.00,0.00,0.00,0.00,0.00,0.00,0.00,0.00,0.00,0.00,0.00,0.00,0.00,0.00,0.00,0.00,0.00,0.00,0.00,0.00,0.00,0.00,0.00,0.00,0.00,0.00,0.00,0.00,0.00,0.00,0.00,0.00,0.00,0.00,0.00,0.00,0.00,0.00,0.00,0.00,0.00,0.00,0.00,0.00,0.00,0.00,0.00,0.00,0.00,0.00,0.00,0.00,0.00,0.00,0.00,0.00,0.00,0.00,0.00,0.00,0.00,0.00,0.00,0.00,0.00,0.00,0.00,0.00,0.00,0.00,0.00,0.00,0.00,0.00,0.00,0.00,0.00,0.00,0.00,0.00,0.00,0.00,0.00,0.00,0.00,0.00,0.00,0.00,0.00,0.00,0.00,0.00,0.00,0.00,0.00,0.00,0.00,0.00,0.00,0.00,0.00,0.00,0.00,0.00,0.00,0.00,0.00,0.00,0.00,0.00,0.00,0.00,0.00,0.00,0.00,0.00,0.00,0.00,0.00,0.00,0.00,0.00,0.00,0.00,0.00,0.00,0.00,0.00,0.00,0.00,0.00,0.00,0.00,0.00,0.00,0.00,0.00,0.00,0.00,0.00,0.00,0.00,0.00,0.00,0.00,0.00,0.00,0.00,0.00,0.00,0.00,0.00,0.00,0.00,0.00,0.00,0.00,0.00,0.00,0.00,0.00,0.00,0.00,0.00,0.00,0.00,0.00,0.00,0.00,0.00,0.00,0.00,0.00,0.00,0.00,0.00,0.00,0.00,0.00,..,..,..,..,..,..,..,..,..,..
Abaca (dried raw fiber),..REGION III (CENTRAL LUZON),0.00,0.00,0.00,0.00,0.00,0.00,0.00,0.00,0.00,0.00,0.00,0.00,0.00,0.00,0.00,0.00,0.00,0.00,0.00,0.00,0.00,0.00,0.00,0.00,0.00,0.00,0.00,0.00,0.00,0.00,0.00,0.00,0.00,0.00,0.00,0.00,0.00,0.00,0.00,0.00,0.00,0.00,0.00,0.00,0.00,0.00,0.00,0.00,0.00,0.00,0.00,0.00,0.00,0.00,0.00,0.00,0.00,0.00,0.00,0.00,0.00,0.00,0.00,0.00,0.00,0.00,0.00,0.00,0.00,0.00,0.00,0.00,0.00,0.00,0.00,0.00,0.00,0.00,0.00,0.00,0.00,0.00,0.00,0.00,0.00,0.00,0.00,0.00,0.00,0.00,0.00,0.00,0.00,0.00,0.00,0.00,0.00,0.00,0.00,0.00,0.00,0.00,0.00,0.00,0.00,0.00,0.00,0.00,0.00,0.00,0.00,0.00,0.00,0.00,0.00,0.00,0.00,0.00,0.00,0.00,0.00,0.00,0.00,0.00,0.00,0.00,0.00,0.00,0.00,0.00,0.00,0.00,0.00,0.00,0.00,0.00,0.00,0.00,0.00,0.00,0.00,0.00,0.00,0.00,0.00,0.00,0.00,0.00,0.00,0.00,0.00,0.00,0.00,0.00,0.00,0.00,0.00,0.00,0.00,0.00,0.00,0.00,0.00,0.00,0.00,0.00,0.00,0.00,0.00,0.00,0.00,0.00,0.00,0.00,0.00,0.00,0.00,0.00,0.00,0.00,0.00,0.00,0.00,0.00,0.00,0.00,0.00,0.00,0.00,0.00,0.00,0.00,0.00,0.00,0.00,75.00,55.00,0.00,55.00,75.00,0.00,55.00,75.00,0.00,65.00,100.00,100.00,72.78,75.00,55.00,55.00,..,..,..,..,..,..,..,..,..,..
Abaca (dried raw fiber),..REGION IV-A (CALABARZON),0.00,0.00,0.00,0.00,0.00,0.00,0.00,0.00,0.00,0.00,0.00,0.00,0.00,0.00,0.00,0.00,0.00,0.00,0.00,0.00,0.00,0.00,0.00,0.00,0.00,0.00,0.00,0.00,0.00,0.00,0.00,0.00,0.00,0.00,0.00,0.00,0.00,0.00,0.00,0.00,0.00,0.00,0.00,0.00,0.00,0.00,0.00,0.00,0.00,0.00,0.00,0.00,0.00,0.00,0.00,0.00,0.00,0.00,0.00,0.00,0.00,0.00,0.00,0.00,0.00,0.00,0.00,0.00,0.00,0.00,0.00,0.00,0.00,0.00,0.00,0.00,0.00,0.00,0.00,0.00,0.00,0.00,0.00,0.00,0.00,0.00,0.00,0.00,0.00,0.00,0.00,0.00,0.00,0.00,0.00,0.00,0.00,0.00,0.00,0.00,0.00,0.00,0.00,0.00,0.00,0.00,0.00,0.00,0.00,0.00,0.00,0.00,0.00,0.00,0.00,0.00,0.00,0.00,0.00,0.00,0.00,0.00,0.00,0.00,0.00,0.00,0.00,0.00,0.00,0.00,0.00,0.00,0.00,0.00,0.00,0.00,0.00,0.00,0.00,0.00,0.00,0.00,0.00,0.00,0.00,0.00,0.00,0.00,0.00,0.00,0.00,0.00,0.00,0.00,0.00,0.00,0.00,0.00,0.00,0.00,0.00,0.00,0.00,0.00,0.00,0.00,0.00,0.00,0.00,0.00,0.00,0.00,0.00,0.00,0.00,0.00,0.00,0.00,0.00,0.00,0.00,0.00,0.00,0.00,0.00,0.00,0.00,0.00,0.00,0.00,0.00,0.00,0.00,0.00,0.00,0.00,0.00,0.00,0.00,0.00,0.00,0.00,0.00,0.00,0.00,0.00,0.00,0.00,0.00,0.00,0.00,..,..,..,..,..,..,..,..,..,..
Abaca (dried raw fiber),..MIMAROPA REGION,0.00,0.00,0.00,0.00,0.00,0.00,0.00,0.00,0.00,0.00,0.00,0.00,0.00,0.00,0.00,0.00,0.00,0.00,0.00,0.00,0.00,0.00,0.00,0.00,0.00,0.00,0.00,0.00,0.00,0.00,0.00,0.00,0.00,0.00,0.00,0.00,0.00,0.00,0.00,0.00,0.00,0.00,0.00,0.00,0.00,0.00,0.00,0.00,0.00,0.00,0.00,0.00,0.00,0.00,0.00,0.00,0.00,0.00,0.00,0.00,0.00,0.00,0.00,0.00,0.00,0.00,0.00,0.00,0.00,0.00,0.00,0.00,0.00,0.00,0.00,0.00,0.00,0.00,0.00,0.00,0.00,0.00,0.00,0.00,0.00,0.00,0.00,0.00,0.00,0.00,0.00,0.00,0.00,0.00,0.00,0.00,0.00,0.00,0.00,0.00,0.00,0.00,0.00,0.00,0.00,0.00,0.00,0.00,0.00,0.00,0.00,0.00,0.00,0.00,0.00,0.00,0.00,0.00,0.00,0.00,0.00,0.00,0.00,0.00,0.00,0.00,0.00,0.00,0.00,0.00,0.00,0.00,0.00,0.00,0.00,0.00,0.00,0.00,0.00,0.00,0.00,0.00,0.00,0.00,0.00,0.00,0.00,0.00,0.00,0.00,0.00,0.00,0.00,0.00,0.00,0.00,90.78,88.27,97.97,92.52,84.08,83.41,75.77,85.16,91.82,93.25,90.67,92.13,88.82,61.22,54.62,59.75,56.68,58.42,60.03,61.55,59.42,60.10,59.18,61.98,62.07,59.59,95.00,94.00,67.00,59.00,70.00,45.00,85.00,86.47,90.00,70.09,80.00,90.00,77.63,72.50,72.50,70.00,85.00,67.50,65.00,100.00,120.00,130.00,85.00,85.00,85.00,86.46,113.41,100.25,90.37,..,..,..,..,..,..,..,..,..,..
Abaca (dried raw fiber),..REGION V (BICOL REGION),36.85,35.76,36.55,37.64,37.48,38.85,38.50,39.04,39.94,40.53,41.06,42.41,38.72,43.97,44.00,44.21,47.02,47.56,47.98,48.45,47.90,47.19,48.12,48.69,47.39,46.87,47.28,46.85,46.20,43.50,43.51,45.58,45.46,46.07,45.28,42.00,46.05,43.98,45.15,44.87,44.65,43.52,39.74,40.67,40.66,40.30,40.40,40.53,42.38,42.47,44.76,42.08,45.61,45.36,45.01,44.41,44.90,44.59,47.20,46.88,47.02,46.46,47.91,47.88,46.10,43.66,43.81,43.99,44.33,45.21,44.39,44.76,46.34,47.12,48.12,49.55,49.39,45.89,53.75,49.63,53.44,54.20,55.05,55.26,57.45,59.39,57.82,57.58,58.44,60.47,56.04,60.31,60.80,59.87,61.11,58.92,59.92,60.72,64.13,63.70,62.06,64.33,64.89,61.73,64.68,65.05,65.52,66.72,69.31,65.33,68.66,69.24,70.10,70.38,68.80,70.46,67.85,73.89,67.30,68.69,69.84,72.33,70.39,71.43,71.42,69.88,66.33,64.18,61.93,68.97,62.25,67.71,62.91,61.51,74.32,68.00,69.30,69.91,70.69,66.73,71.62,68.58,67.79,71.71,72.33,72.16,71.94,74.00,72.68,73.00,75.96,75.35,74.46,76.06,71.74,73.45,71.39,70.90,72.65,75.26,73.74,70.72,70.15,70.56,65.78,68.50,67.65,61.23,69.88,62.56,55.14,53.54,55.57,62.12,57.76,55.62,55.12,54.70,52.32,66.44,61.07,57.66,49.39,61.61,48.96,65.93,67.56,62.74,68.54,78.03,67.87,64.06,61.61,63.14,63.29,62.89,58.68,65.59,64.42,65.36,61.63,66.11,69.04,68.46,78.80,69.34,59.43,65.81,68.23,62.46,64.11,..,..,..,..,..,..,..,..,..,..
Abaca (dried raw fiber),..REGION VI (WESTERN VISAYAS),33.01,33.10,32.67,32.14,32.97,33.27,34.58,34.22,34.22,35.26,35.62,35.99,33.92,38.52,38.36,38.24,40.17,40.22,40.46,40.91,41.74,42.08,41.67,40.36,41.08,40.32,41.06,41.48,41.69,41.60,40.80,41.64,38.79,38.18,38.44,38.18,37.77,36.01,39.64,35.27,35.18,35.24,35.25,36.02,36.54,36.73,38.44,38.56,39.69,40.96,40.36,37.35,40.55,40.30,40.58,42.50,43.01,43.08,43.60,42.80,42.05,42.56,42.56,43.16,42.23,45.87,46.50,46.31,46.28,46.34,46.16,46.19,46.24,46.23,47.50,47.30,47.42,46.53,48.01,49.67,49.39,48.78,51.50,51.73,51.72,57.19,54.79,52.37,54.78,57.35,52.27,57.64,58.39,58.48,57.97,60.18,59.54,59.44,59.12,59.58,57.35,61.20,68.45,59.78,60.32,60.23,60.21,57.82,59.83,60.39,57.26,57.59,54.50,59.51,61.91,62.50,59.34,55.54,64.18,65.08,64.77,67.64,64.72,67.17,65.65,67.40,60.46,63.54,53.82,63.33,57.60,61.05,70.00,58.56,63.88,66.78,63.07,64.16,61.32,62.48,64.78,66.13,63.32,65.27,74.98,70.86,71.08,71.22,74.31,77.47,75.25,74.63,70.40,71.95,67.90,72.11,64.79,71.02,63.93,63.90,69.09,65.41,65.87,67.34,68.25,66.82,66.32,69.39,66.84,64.69,74.56,73.85,61.91,62.65,55.34,48.56,53.34,50.28,51.79,59.52,55.35,59.32,58.86,57.63,53.29,56.26,54.40,57.81,54.36,57.75,55.00,62.59,52.73,52.95,56.14,50.00,53.22,53.49,56.00,57.25,50.00,55.29,54.10,55.86,50.80,55.78,48.05,53.32,53.44,52.84,46.47,..,..,..,..,..,..,..,..,..,..
Abaca (dried raw fiber),..NEGROS ISLAND REGION (NIR) 2/,..,..,..,..,..,..,..,..,..,..,..,..,..,..,..,..,..,..,..,..,..,..,..,..,..,..,..,..,..,..,..,..,..,..,..,..,..,..,..,..,..,..,..,..,..,..,..,..,..,..,..,..,..,..,..,..,..,..,..,..,..,..,..,..,..,..,..,..,..,..,..,..,..,..,..,..,..,..,..,..,..,..,..,..,..,..,..,..,..,..,..,..,..,..,..,..,..,..,..,..,..,..,..,..,..,..,..,..,..,..,..,..,..,..,..,..,..,..,..,..,..,..,..,..,..,..,..,..,..,..,..,..,..,..,..,..,..,..,..,..,..,..,..,..,..,..,..,..,..,..,..,..,..,..,..,..,..,..,..,..,..,..,..,..,..,..,..,..,..,..,..,..,..,..,..,..,..,..,..,..,..,..,125.00,135.00,120.00,0.00,100.00,120.00,135.43,140.00,120.00,139.51,160.00,180.00,137.05,120.00,120.00,120.00,120.00,59.00,53.70,120.00,90.00,90.50,75.00,70.00,70.00,92.35,74.63,78.75,78.75,..,..,..,..,..,..,..,..,..,..
Coconut Mature,PHILIPPINES,4.60,4.72,4.90,5.02,5.10,5.17,5.27,5.62,5.79,6.26,6.56,6.93,5.50,7.99,8.44,8.01,8.75,8.68,8.26,8.00,7.28,7.01,6.93,7.25,7.49,7.84,7.24,7.11,7.08,7.18,7.05,6.85,6.61,6.42,6.27,6.25,6.10,6.23,6.70,6.10,6.15,6.17,6.14,6.20,6.27,6.26,6.45,6.57,6.71,7.12,7.57,6.48,7.86,8.17,8.34,8.19,8.22,7.92,7.54,7.46,7.67,7.89,8.08,8.22,7.96,7.73,7.58,7.67,7.63,7.63,7.62,7.56,7.45,7.29,7.40,7.47,7.88,7.58,7.79,8.04,8.31,8.38,8.41,8.26,8.23,8.16,8.14,8.46,8.44,9.17,8.32,9.50,9.38,9.44,9.52,9.40,9.46,9.16,9.40,8.96,9.12,9.19,9.35,9.32,9.06,8.77,8.78,8.77,8.32,8.24,8.01,8.16,7.85,7.81,7.73,7.65,8.26,7.10,6.94,7.00,7.01,6.86,6.86,6.82,6.72,6.52,6.66,6.70,7.16,6.86,7.11,7.16,7.31,7.28,7.30,7.35,7.32,7.11,6.89,7.52,7.86,8.41,7.39,8.60,8.58,8.56,8.61,8.40,8.34,8.24,8.03,7.98,8.22,8.51,8.68,8.40,8.72,9.12,9.65,9.72,9.36,9.23,8.71,8.43,8.44,8.57,8.54,8.57,8.92,8.10,8.04,8.05,8.32,8.21,8.09,8.17,8.24,8.16,8.13,8.28,8.57,8.20,9.65,9.68,10.47,9.57,9.01,8.93,12.86,13.77,13.02,12.47,12.89,12.38,11.23,11.84,11.52,13.28,14.69,14.83,14.45,12.92,12.61,12.75,11.98,12.35,12.25,12.95,11.49,12.23,12.64,..,..,..,..,..,..,..,..,..,..
Coconut Mature,..CORDILLERA ADMINISTRATIVE REGION (CAR),5.85,5.59,5.49,5.42,5.57,5.66,5.37,5.36,5.27,5.03,5.31,5.55,5.46,5.43,5.38,5.50,8.48,8.52,7.65,7.66,7.31,6.61,7.24,7.42,8.00,7.10,8.16,7.66,7.85,8.11,7.98,8.07,8.25,8.13,8.06,8.25,8.33,9.17,8.17,9.07,9.10,7.66,8.51,8.19,8.04,7.70,7.80,7.78,7.63,7.57,7.30,8.03,7.33,6.96,6.67,5.98,5.73,5.71,5.76,5.70,5.53,5.47,5.78,5.86,6.04,5.58,6.17,5.86,5.92,5.83,6.01,6.10,6.15,5.70,5.98,6.31,5.89,5.96,6.08,6.09,5.71,5.55,5.22,5.16,5.00,4.60,4.81,5.13,6.06,6.32,5.48,6.60,6.58,6.34,6.17,6.23,6.36,6.03,6.18,5.38,5.01,5.00,5.56,5.95,5.03,5.67,8.44,8.81,8.49,8.29,9.10,10.08,8.26,8.25,9.43,8.30,8.18,9.65,11.32,9.67,11.11,8.79,9.70,10.21,9.96,8.74,9.62,9.96,10.54,9.94,8.71,10.23,9.24,8.92,10.24,10.34,10.95,9.93,9.28,10.35,10.81,11.18,10.02,10.61,8.86,7.71,7.78,7.38,8.42,8.12,8.21,9.07,8.24,8.71,9.55,8.56,9.07,9.77,10.30,9.42,9.74,9.41,9.28,7.81,7.53,6.79,7.98,8.10,8.77,7.17,8.01,7.52,8.71,9.99,8.91,9.58,8.62,8.89,8.80,9.82,9.83,8.82,13.17,11.25,20.06,7.53,7.44,7.58,7.03,9.61,12.48,11.88,14.47,22.33,12.07,15.24,15.08,15.36,11.22,17.67,11.25,6.80,7.93,17.93,9.07,18.88,10.47,13.08,22.76,24.32,24.44,..,..,..,..,..,..,..,..,..,..
Coconut Mature,..REGION I (ILOCOS REGION),8.40,8.20,8.06,8.49,8.28,8.58,7.89,8.04,8.00,7.90,8.31,8.44,8.22,8.55,8.56,9.53,9.74,9.35,9.74,9.79,9.87,9.62,9.88,10.51,11.49,9.72,10.73,10.73,10.67,10.55,11.00,11.52,10.81,11.08,11.08,10.99,11.33,11.45,11.00,10.59,10.94,11.10,11.94,11.65,11.31,11.61,12.00,11.92,12.34,12.81,12.66,11.74,13.05,13.15,13.47,13.35,13.29,13.46,13.76,13.71,14.42,14.43,14.70,14.53,13.78,13.75,13.20,12.29,12.72,12.83,13.68,13.22,12.84,12.29,13.51,13.74,13.91,13.17,14.81,14.35,14.03,13.74,13.12,12.84,12.64,15.56,13.53,14.26,13.67,13.99,13.88,14.61,14.36,14.29,14.55,15.51,15.40,15.12,15.00,13.35,16.15,15.19,16.32,14.99,16.93,17.03,16.40,16.95,16.23,15.11,16.18,16.60,16.45,18.30,18.83,18.04,16.92,13.98,13.04,13.33,12.45,12.45,12.97,12.76,13.24,12.75,12.68,13.50,14.13,13.11,14.06,12.22,12.45,13.07,13.28,12.14,12.21,12.11,12.22,12.93,14.25,14.93,12.99,15.58,15.68,15.47,14.85,14.19,13.18,13.61,14.57,14.04,14.03,13.57,14.23,14.42,14.12,14.72,14.99,14.82,15.27,15.36,15.20,16.83,15.36,17.20,18.21,17.31,15.78,18.15,17.29,16.36,17.68,16.59,16.53,16.53,18.15,16.93,17.06,16.61,17.10,17.08,19.17,18.31,18.76,13.24,8.94,8.00,14.25,11.16,11.98,17.94,17.01,20.25,14.92,18.00,20.28,21.88,16.83,16.90,20.00,17.31,21.94,15.19,39.60,32.74,15.00,21.31,16.39,13.54,18.84,..,..,..,..,..,..,..,..,..,..
Coconut Mature,..REGION II (CAGAYAN VALLEY),4.47,4.88,5.08,5.09,4.70,4.87,4.64,4.56,4.63,4.71,4.74,4.95,4.78,5.39,5.68,5.35,6.40,7.08,8.21,8.32,8.20,7.32,7.28,7.32,7.61,7.01,7.02,7.41,6.87,9.96,10.83,10.30,10.07,10.00,8.98,9.55,8.95,9.23,9.10,7.98,7.94,8.85,8.26,8.17,8.52,7.50,8.43,7.40,7.99,8.19,8.82,8.17,8.19,8.17,8.32,8.44,8.24,8.40,8.90,9.00,9.52,8.80,8.60,9.31,8.66,9.10,9.57,10.36,10.57,10.86,10.17,10.02,10.42,10.53,11.29,10.84,12.52,10.52,10.33,10.22,10.52,9.94,10.20,10.58,10.86,9.51,10.65,10.89,10.91,11.60,10.52,12.30,11.47,11.89,13.71,12.32,14.21,12.72,13.64,12.82,13.65,13.20,13.75,12.97,13.61,13.65,14.62,14.23,14.05,13.83,13.83,14.79,13.52,13.83,14.09,14.33,14.03,12.93,12.45,13.21,12.53,12.46,12.22,11.21,11.63,11.88,12.28,11.33,12.51,12.22,11.37,11.22,12.01,11.78,11.04,10.55,11.36,10.15,11.27,11.28,11.16,11.40,11.22,11.70,11.40,11.97,11.97,11.76,11.51,11.50,10.80,10.91,11.98,11.99,12.65,11.68,12.76,12.77,12.70,12.35,12.66,12.77,13.30,12.83,13.51,13.73,13.50,15.04,13.16,13.53,12.80,12.71,12.96,12.66,13.74,13.32,13.45,12.82,12.83,13.55,13.29,13.14,13.62,13.06,13.33,13.84,10.04,10.26,10.07,10.79,11.44,9.09,10.42,11.52,11.46,9.14,10.62,10.40,10.51,11.14,11.28,10.51,10.51,10.27,14.52,14.77,14.90,11.55,9.68,10.36,10.97,..,..,..,..,..,..,..,..,..,..
Coconut Mature,..REGION III (CENTRAL LUZON),5.91,6.57,6.44,6.28,6.40,6.35,6.43,6.45,6.76,7.56,7.94,6.66,6.65,8.12,8.97,8.41,10.03,10.16,10.57,10.59,8.45,8.64,6.96,7.33,7.92,8.85,8.65,9.86,9.76,10.42,11.44,10.95,10.65,9.79,9.04,9.58,10.07,10.43,10.05,10.95,11.66,11.78,12.03,11.68,11.49,11.24,11.04,11.40,10.89,10.83,12.12,11.43,12.98,13.01,13.14,12.16,12.90,12.20,10.67,11.49,11.90,12.31,12.78,13.16,12.39,12.24,12.03,12.51,12.30,12.40,12.18,12.23,12.32,12.23,11.01,10.89,12.11,12.04,13.04,12.04,12.31,12.86,13.17,12.57,11.31,11.04,9.49,11.52,10.35,12.67,11.86,14.55,12.88,15.99,12.05,12.31,12.31,12.12,12.10,12.25,12.27,12.13,12.76,12.81,11.85,11.14,12.66,12.29,12.63,11.76,11.62,11.86,10.98,11.31,12.31,11.15,11.80,10.07,9.82,10.80,11.45,10.65,10.56,10.33,9.40,9.68,9.92,9.87,10.12,10.22,9.53,10.39,9.49,9.77,11.26,11.35,10.11,9.98,9.86,9.73,11.16,11.17,10.32,11.69,11.86,12.32,12.55,12.79,12.48,11.07,11.08,10.92,10.72,10.47,11.58,11.63,11.46,11.33,11.65,12.56,12.81,12.09,10.84,11.87,11.28,10.87,10.94,11.36,11.59,11.08,10.88,11.14,11.65,11.21,12.31,10.53,10.80,10.16,10.90,10.39,11.10,11.01,10.81,11.26,10.19,9.13,10.21,9.94,8.61,9.00,8.00,9.65,8.97,10.00,9.65,15.71,17.44,17.84,21.82,18.94,15.48,13.25,13.51,11.88,14.03,16.15,10.94,15.58,18.19,13.34,17.67,..,..,..,..,..,..,..,..,..,..
Coconut Mature,..REGION IV-A (CALABARZON),3.18,3.47,3.99,4.31,4.75,4.39,4.85,4.98,5.23,6.39,6.75,7.95,5.02,8.49,9.25,9.45,10.14,9.93,9.41,9.03,7.35,6.69,6.69,7.99,7.84,8.52,7.26,6.85,7.21,6.89,5.72,5.11,3.64,3.53,3.76,3.57,3.00,4.17,5.06,4.05,3.55,3.73,3.35,3.61,4.03,3.80,4.18,4.46,4.79,4.87,6.54,4.25,6.45,6.82,9.00,7.04,7.59,7.23,4.83,5.63,6.32,8.21,9.36,10.06,7.38,8.50,7.75,9.00,9.23,7.66,6.90,5.63,5.42,5.33,5.58,5.65,7.27,6.99,6.36,7.66,7.76,7.95,7.73,6.61,6.42,5.42,5.98,6.64,6.47,7.90,6.91,7.54,7.77,8.08,8.61,8.53,7.46,6.81,6.28,6.32,7.14,7.58,8.17,7.52,6.96,6.66,6.34,6.16,5.83,4.94,4.76,4.48,4.75,4.46,3.95,4.49,5.32,4.54,4.51,4.24,4.59,4.08,4.33,4.29,4.29,4.70,4.66,3.95,5.51,4.47,5.16,4.88,5.85,6.34,5.29,5.86,5.23,4.71,4.76,5.41,5.66,6.45,5.47,6.71,6.51,7.56,7.12,6.17,6.20,6.28,5.68,5.53,6.11,6.21,6.94,6.42,6.99,6.90,7.44,7.86,7.19,7.33,6.19,6.14,6.00,6.04,6.47,6.68,6.77,6.11,6.19,6.60,6.70,5.60,5.52,5.85,5.55,5.30,6.01,5.83,6.31,5.96,5.17,7.33,5.61,6.14,5.73,7.69,5.73,6.04,6.47,13.57,13.83,9.16,7.70,18.85,16.23,28.12,16.75,17.63,15.42,13.90,10.25,13.12,13.35,13.53,13.25,15.87,10.92,10.88,11.79,..,..,..,..,..,..,..,..,..,..
Coconut Mature,..MIMAROPA REGION,4.56,4.50,4.58,4.66,4.72,4.92,5.19,5.46,5.40,5.40,5.72,6.14,5.10,8.39,8.89,8.65,8.77,8.43,8.14,8.13,8.22,7.98,8.08,8.09,8.37,8.35,8.10,7.45,7.46,7.30,7.28,7.48,7.31,7.42,7.20,7.04,6.73,6.86,7.30,6.35,6.56,6.63,6.53,7.16,6.55,6.42,6.62,7.26,7.37,8.22,8.18,6.99,8.68,9.14,9.22,9.08,8.79,9.03,8.71,8.40,8.41,8.84,8.84,8.82,8.83,9.02,8.51,8.70,8.05,8.79,9.10,9.29,9.56,8.51,8.77,9.32,9.39,8.92,9.40,9.78,9.48,9.67,9.26,8.68,8.04,7.53,7.38,7.57,7.93,8.29,8.58,9.07,9.22,8.79,10.02,9.14,9.38,8.99,8.92,8.33,8.58,10.80,8.44,9.14,8.21,8.34,8.67,7.48,7.80,8.08,7.30,8.38,6.75,6.47,6.68,7.18,7.61,7.10,7.10,6.05,6.04,6.29,5.83,5.96,5.64,5.42,5.34,5.72,5.88,6.03,6.08,6.27,6.60,7.05,6.58,6.76,6.39,6.77,6.48,7.01,6.47,7.14,6.63,6.59,7.54,7.33,7.28,6.43,7.60,7.52,6.86,6.53,6.66,6.83,7.39,7.05,7.54,8.46,8.92,7.92,8.32,8.14,7.33,6.50,6.54,7.17,7.20,7.06,7.59,6.47,7.10,7.03,7.15,7.05,7.41,6.89,7.05,7.08,6.90,6.91,7.02,7.01,8.88,8.93,8.37,14.87,12.34,9.59,7.85,8.52,9.57,9.28,7.76,9.01,9.58,11.83,9.02,9.64,13.75,11.04,14.10,11.43,10.79,8.94,10.49,10.28,10.65,11.00,10.53,10.79,11.78,..,..,..,..,..,..,..,..,..,..
Coconut Mature,..REGION V (BICOL REGION),4.12,4.34,4.35,4.82,5.02,4.90,5.36,5.64,6.20,7.30,8.16,9.31,5.79,10.05,10.55,9.49,9.94,9.86,8.97,8.50,7.12,7.43,7.62,8.11,7.23,8.74,7.46,6.81,6.16,5.99,5.59,5.29,4.83,4.67,4.90,4.68,4.37,4.71,5.46,4.51,4.56,4.64,4.69,4.56,4.73,4.76,4.85,5.34,5.25,6.13,7.53,5.13,7.77,7.59,8.01,7.26,6.91,6.13,5.82,6.11,7.03,7.58,8.06,8.16,7.20,6.67,6.76,6.09,5.94,5.87,5.75,6.41,5.57,5.51,5.41,6.00,5.80,5.98,6.76,7.85,8.29,8.26,7.68,7.07,6.74,7.05,7.08,7.46,7.26,8.28,7.48,8.71,8.99,8.99,9.14,8.72,8.81,7.85,8.80,8.33,8.39,8.53,8.88,8.68,8.62,8.67,7.05,7.73,7.01,7.34,5.63,6.44,6.42,6.02,5.70,5.71,6.86,5.27,4.56,4.94,4.49,4.88,4.21,4.04,4.25,3.37,3.57,4.34,4.48,4.37,5.35,5.77,5.69,6.09,6.26,6.32,5.54,5.20,5.17,6.24,6.41,8.11,6.01,8.64,8.80,9.68,10.00,8.47,8.09,7.86,7.55,7.46,7.71,8.52,8.44,8.44,8.46,8.85,9.90,9.78,9.24,8.47,7.39,6.85,6.44,6.60,7.30,6.49,7.98,6.89,6.99,6.39,6.05,6.19,5.78,6.18,6.09,5.74,5.72,5.66,5.51,6.10,8.53,7.36,9.61,8.79,12.39,7.22,8.22,11.63,11.49,17.13,14.57,8.22,10.43,12.35,11.21,14.89,15.59,15.04,16.90,11.94,13.21,13.79,10.28,11.60,8.62,12.95,13.49,15.33,15.97,..,..,..,..,..,..,..,..,..,..
Coconut Mature,..REGION VI (WESTERN VISAYAS),4.91,4.85,4.80,4.76,4.99,5.09,5.19,5.39,5.62,5.95,6.18,6.55,5.36,6.76,6.93,6.72,6.81,7.24,7.12,7.53,7.11,6.90,6.70,6.64,6.76,6.94,6.80,6.77,6.68,6.72,6.51,5.97,6.09,5.71,5.56,5.90,5.83,5.56,6.18,5.68,5.66,5.62,5.57,5.55,5.69,5.65,5.75,5.99,6.04,6.16,6.79,5.85,7.17,7.52,7.45,7.57,7.98,7.79,7.99,7.89,8.75,8.56,8.54,8.60,7.98,8.09,8.18,8.06,7.99,7.97,7.93,7.85,7.69,7.63,8.07,7.95,8.25,7.97,7.25,6.90,7.14,6.61,7.14,6.88,6.80,7.46,6.79,6.61,6.65,7.43,6.97,6.98,6.79,6.62,7.77,6.90,7.53,8.33,8.02,8.18,8.06,7.85,8.69,7.64,7.89,7.91,7.92,7.58,6.77,7.32,6.94,7.34,7.70,7.30,6.74,6.72,7.34,6.62,6.03,6.46,5.78,6.12,6.23,5.66,5.36,5.55,5.45,6.11,6.06,5.95,6.78,7.02,7.15,6.88,6.94,6.51,7.40,6.52,7.10,7.37,7.53,8.37,7.13,7.54,7.73,7.53,7.86,7.97,7.29,7.37,6.98,8.27,7.37,7.48,8.08,7.62,7.28,7.66,7.57,9.07,8.29,7.98,8.59,7.71,7.69,7.97,7.40,7.74,7.91,7.76,7.77,8.22,8.01,7.94,7.85,8.43,8.08,8.48,8.45,8.29,8.65,8.16,9.51,9.66,10.62,9.20,11.63,10.53,10.89,12.12,11.70,9.62,10.73,10.50,10.56,10.38,9.86,11.35,11.00,11.53,11.57,10.58,8.25,10.31,8.06,11.83,11.25,10.50,11.17,9.19,11.46,..,..,..,..,..,..,..,..,..,..
Coconut Mature,..NEGROS ISLAND REGION (NIR) 2/,..,..,..,..,..,..,..,..,..,..,..,..,..,..,..,..,..,..,..,..,..,..,..,..,..,..,..,..,..,..,..,..,..,..,..,..,..,..,..,..,..,..,..,..,..,..,..,..,..,..,..,..,..,..,..,..,..,..,..,..,..,..,..,..,..,..,..,..,..,..,..,..,..,..,..,..,..,..,..,..,..,..,..,..,..,..,..,..,..,..,..,..,..,..,..,..,..,..,..,..,..,..,..,..,..,..,..,..,..,..,..,..,..,..,..,..,..,..,..,..,..,..,..,..,..,..,..,..,..,..,..,..,..,..,..,..,..,..,..,..,..,..,..,..,..,..,..,..,..,..,..,..,..,..,..,..,..,..,..,..,..,..,..,..,..,..,..,..,..,..,..,..,..,..,..,..,..,..,..,..,..,..,11.60,13.39,12.81,8.67,9.48,10.24,10.18,9.20,10.17,10.72,11.16,14.05,10.67,13.04,11.50,21.57,18.77,15.04,17.54,27.62,18.93,19.60,12.99,12.65,15.78,17.09,11.28,13.48,14.27,..,..,..,..,..,..,..,..,..,..
Coconut Young,PHILIPPINES,5.03,5.09,5.23,5.35,5.46,5.50,5.63,5.85,5.96,6.21,6.45,6.82,5.72,7.14,7.27,7.23,7.36,7.37,7.19,7.26,7.07,6.92,6.85,7.02,7.22,7.16,6.99,7.05,7.12,7.33,7.34,7.19,7.17,7.00,6.91,7.08,7.00,7.40,7.13,6.96,6.92,6.93,7.16,7.06,6.99,7.18,7.19,7.36,7.40,7.80,8.23,7.27,8.28,8.43,8.42,8.26,8.40,8.53,8.39,8.45,8.37,8.50,8.75,9.06,8.49,8.84,8.64,8.64,8.85,8.86,8.79,8.77,8.76,8.82,8.86,8.87,8.88,8.80,8.35,8.44,8.37,8.49,8.44,8.79,8.45,8.10,8.29,8.75,9.57,8.95,8.58,9.49,8.95,9.12,9.34,9.07,9.27,9.24,9.07,9.12,9.25,9.36,9.80,9.26,9.42,9.36,9.59,9.45,9.29,9.29,9.22,9.50,9.02,9.13,9.05,9.30,9.30,8.69,8.50,8.74,8.89,8.65,8.62,8.55,8.41,8.69,8.70,8.76,8.95,8.68,9.25,9.00,9.41,9.40,9.17,9.03,9.07,9.15,8.89,9.20,9.31,9.60,9.21,9.52,9.21,9.53,9.26,9.17,9.40,9.17,9.00,8.94,9.01,8.85,9.59,9.22,9.62,9.79,10.32,10.45,10.39,10.40,10.10,10.20,10.03,10.40,10.24,10.90,10.24,10.26,10.36,10.43,10.45,10.03,10.39,10.55,10.31,10.45,10.74,10.94,11.39,10.53,11.26,11.22,11.86,12.98,13.15,11.30,11.08,12.12,12.14,12.44,13.79,14.05,12.28,13.47,11.38,12.57,11.23,13.64,15.30,12.72,12.94,12.01,13.11,16.13,13.51,13.17,13.88,13.43,13.10,..,..,..,..,..,..,..,..,..,..
Coconut Young,..CORDILLERA ADMINISTRATIVE REGION (CAR),5.04,5.30,5.09,4.82,4.90,5.11,4.99,5.09,5.28,5.17,5.67,5.60,5.17,5.31,5.20,5.39,6.14,7.06,6.23,8.12,7.62,6.17,6.11,6.13,7.32,6.40,6.74,6.78,7.37,7.39,7.42,8.07,7.39,7.40,7.97,8.28,8.59,8.86,7.69,8.64,8.68,8.51,9.23,8.71,9.14,8.96,8.79,8.70,8.03,7.97,8.04,8.62,8.09,8.08,7.78,6.89,6.47,6.52,6.55,6.50,6.39,6.24,6.18,6.20,6.82,6.71,6.63,6.63,6.56,6.59,6.45,6.83,7.20,6.46,6.74,6.65,6.63,6.67,6.53,6.63,7.15,7.13,6.78,6.69,6.49,5.93,6.18,5.93,6.56,6.44,6.54,7.34,6.07,6.27,6.89,6.55,6.57,6.53,6.13,5.65,5.31,5.38,6.09,6.23,6.16,5.32,8.28,8.49,8.96,9.15,9.67,10.19,9.64,8.56,8.32,8.92,8.47,9.30,8.02,8.71,9.02,8.63,7.80,8.96,8.78,9.31,10.39,10.76,10.01,9.14,11.51,11.16,10.83,11.90,12.14,10.64,11.97,10.26,10.05,9.75,10.46,11.28,11.00,11.42,8.10,8.42,7.60,7.82,8.57,7.71,9.09,7.78,9.50,8.24,8.01,8.52,8.31,8.03,8.74,8.60,8.42,8.72,7.14,7.42,7.89,6.35,6.00,6.70,7.69,7.43,8.46,8.26,8.48,9.22,8.99,9.41,8.73,9.14,10.05,9.84,9.46,8.96,12.67,12.45,13.67,15.00,11.67,11.35,7.88,7.88,7.88,7.58,20.25,10.00,11.52,8.78,19.36,20.00,18.10,18.32,15.01,9.22,9.29,15.24,12.98,17.88,33.75,16.49,19.29,19.90,20.20,..,..,..,..,..,..,..,..,..,..
Coconut Young,..REGION I (ILOCOS REGION),8.34,8.05,8.12,8.62,8.44,8.39,8.27,8.39,8.04,8.48,8.50,9.11,8.40,8.91,8.90,9.49,10.33,9.72,10.05,10.06,10.13,10.20,10.30,10.90,11.83,10.07,12.28,12.01,11.76,11.96,12.04,11.75,11.65,11.69,11.85,11.75,11.86,12.50,11.93,11.43,11.14,11.66,12.09,12.71,12.35,12.28,12.39,12.61,13.12,13.71,13.87,12.45,13.68,13.93,14.11,14.21,14.48,14.48,13.69,13.92,14.14,14.45,14.76,15.06,14.24,13.50,13.52,12.75,13.37,13.48,13.88,13.91,13.81,13.93,14.51,14.36,14.21,13.77,14.18,14.68,13.27,13.97,12.64,13.14,12.36,12.78,12.35,13.41,13.87,12.75,13.28,13.45,12.57,13.24,13.98,14.50,14.16,14.87,15.39,12.34,15.63,15.24,17.14,14.38,15.65,15.11,15.70,16.13,16.11,14.79,15.10,16.35,15.09,16.78,16.19,16.29,15.77,13.08,13.23,13.14,12.93,12.61,12.78,12.24,12.21,13.16,12.77,13.57,14.89,13.05,16.05,12.53,13.11,12.84,13.55,12.52,12.91,12.37,12.79,13.78,14.15,14.50,13.43,14.75,14.98,14.95,14.14,14.34,13.22,13.66,14.06,13.92,13.62,13.75,14.02,14.12,13.97,14.46,14.68,14.44,14.37,14.78,15.39,16.48,16.23,17.30,15.09,15.90,15.26,17.40,17.09,16.39,16.72,16.20,16.26,16.26,18.32,17.29,17.67,16.23,17.24,16.92,18.25,17.64,17.50,16.03,11.95,18.00,19.09,19.00,15.32,15.54,21.11,18.75,17.35,18.54,19.06,16.00,15.21,14.24,17.47,26.22,17.05,19.25,14.07,12.11,17.50,17.23,25.94,29.84,25.14,..,..,..,..,..,..,..,..,..,..
Coconut Young,..REGION II (CAGAYAN VALLEY),2.84,2.76,2.72,2.82,2.76,2.71,2.78,2.75,2.67,2.62,2.70,2.77,2.74,3.44,3.95,3.86,3.93,4.06,4.26,4.42,4.44,4.42,4.24,4.18,4.46,4.14,3.98,4.13,4.07,4.65,4.47,4.55,4.03,4.08,4.29,4.28,4.06,4.39,4.25,4.34,4.12,4.36,4.37,4.29,2.93,4.16,4.33,4.18,4.26,4.28,4.64,4.19,4.72,4.72,4.63,4.36,5.06,5.02,5.87,5.94,5.81,5.30,5.43,5.55,5.20,5.90,6.31,6.82,7.08,7.01,7.06,7.04,7.06,6.99,7.01,7.05,7.15,6.87,6.76,6.70,6.63,5.79,6.48,7.15,7.13,6.79,7.00,6.92,7.01,7.17,6.79,6.29,6.42,9.32,11.33,11.06,13.00,12.86,12.21,12.32,12.59,12.66,11.91,11.00,11.50,11.53,11.39,11.09,11.13,11.21,11.32,11.41,11.14,11.29,11.70,12.19,11.41,11.48,11.12,11.50,12.15,12.25,12.15,11.98,11.78,12.15,12.69,12.38,12.66,12.02,12.61,13.37,13.85,13.41,13.10,12.27,12.93,13.05,12.86,12.83,13.03,13.71,13.09,13.04,12.82,13.17,13.12,12.69,12.33,12.79,12.65,12.49,10.14,10.27,10.79,12.19,10.58,10.14,9.91,13.44,13.40,13.18,15.05,15.79,14.05,14.87,14.46,15.97,13.40,15.56,15.07,14.53,15.03,14.40,14.46,14.89,14.79,14.35,14.39,14.28,14.72,14.71,13.02,13.34,13.12,8.56,6.99,8.59,8.41,8.51,9.68,9.60,9.60,10.00,9.95,8.92,9.80,10.77,10.22,10.42,11.85,9.87,8.88,11.59,15.41,16.22,15.88,11.65,10.30,10.94,11.78,..,..,..,..,..,..,..,..,..,..
Coconut Young,..REGION III (CENTRAL LUZON),5.79,6.26,6.40,7.04,6.96,6.31,6.38,6.80,6.55,6.82,7.57,5.84,6.56,6.76,6.55,7.54,6.92,6.94,6.97,7.97,6.97,7.75,6.91,7.07,6.95,7.11,6.54,9.15,8.47,10.23,12.15,11.23,12.08,10.25,9.46,11.78,11.88,12.63,10.49,11.33,9.95,9.45,11.31,10.46,9.58,10.00,9.80,9.74,10.74,11.11,12.76,10.52,11.35,11.27,10.42,10.33,10.46,11.03,10.18,10.13,10.07,10.73,12.55,13.31,10.99,12.87,11.74,12.18,11.78,12.13,11.62,12.09,12.36,11.53,13.30,13.71,14.06,12.45,11.75,10.24,9.87,7.75,6.94,9.04,7.76,7.91,7.37,11.89,13.73,10.09,9.53,10.51,9.58,8.96,8.00,9.32,8.46,8.57,9.33,10.14,8.83,8.65,10.33,9.22,10.01,9.45,10.14,9.28,9.38,10.24,9.01,10.39,8.86,8.58,9.59,10.11,9.59,9.26,8.56,8.66,8.98,9.10,8.82,8.96,8.50,8.24,8.66,8.77,10.22,8.89,9.39,9.30,8.15,8.23,8.32,9.65,9.02,9.41,9.62,8.85,9.17,10.22,9.11,9.53,9.10,9.50,8.65,8.71,10.05,9.72,8.76,8.77,9.22,9.59,10.15,9.31,9.46,9.01,9.38,9.19,10.06,9.84,9.19,10.23,9.39,9.87,9.48,11.16,9.69,10.60,9.75,10.29,9.51,9.29,9.95,9.30,8.42,8.60,9.34,10.22,10.39,9.64,12.38,12.17,12.04,8.45,8.68,8.04,8.45,8.54,10.91,10.44,10.29,8.35,9.90,10.81,10.43,11.80,12.19,15.00,13.46,10.15,10.59,9.81,9.61,15.18,11.88,11.74,13.49,12.13,13.33,..,..,..,..,..,..,..,..,..,..
Coconut Young,..REGION IV-A (CALABARZON),4.85,5.12,4.97,5.35,5.50,5.22,5.48,5.26,5.29,5.93,6.79,9.53,5.77,8.85,9.27,8.93,7.74,7.33,7.21,7.66,6.83,6.61,6.39,7.93,8.72,7.79,7.59,7.73,7.58,8.52,7.50,7.59,6.63,6.01,6.00,6.16,5.57,8.00,7.07,5.89,6.28,6.65,5.92,5.84,6.36,6.55,6.26,6.62,6.88,6.78,7.23,6.44,7.12,7.06,7.73,7.80,8.09,8.44,6.55,7.38,7.41,8.85,9.40,10.10,7.99,9.72,9.29,8.95,9.10,8.88,8.14,7.63,7.19,7.49,7.93,7.61,9.02,8.41,8.36,7.67,7.76,8.45,8.54,7.91,8.31,6.75,7.69,7.97,7.84,9.65,8.08,7.91,7.01,6.99,7.82,7.18,7.38,7.30,7.28,7.66,8.16,8.29,9.41,7.70,8.39,7.83,7.40,7.41,7.28,7.15,7.03,7.19,6.93,6.91,6.68,7.42,7.30,6.77,6.81,7.03,7.28,6.66,6.49,6.58,6.56,6.55,6.36,6.22,7.96,6.77,7.11,6.33,7.62,7.99,6.25,7.08,6.97,6.27,6.17,6.86,6.68,8.76,7.01,7.70,7.47,7.92,7.56,7.48,7.27,7.55,7.36,7.42,7.45,7.25,8.98,7.62,7.90,7.53,7.67,7.79,7.92,8.21,7.95,7.87,7.98,7.95,7.35,8.62,7.90,8.11,7.89,8.17,8.19,7.40,6.89,7.31,8.13,7.19,7.35,7.43,8.35,7.70,6.98,7.65,7.47,7.00,7.60,9.25,8.36,9.77,10.80,11.66,10.86,14.08,9.29,8.75,8.36,8.96,9.44,10.06,10.05,10.42,10.93,11.01,11.61,12.00,12.45,10.34,12.13,11.45,11.41,..,..,..,..,..,..,..,..,..,..
Coconut Young,..MIMAROPA REGION,4.50,4.91,5.00,5.04,5.10,5.20,5.50,5.51,5.48,5.29,5.62,6.34,5.29,7.99,8.73,8.66,8.87,8.96,8.68,8.21,8.36,8.40,8.59,8.15,9.01,8.55,8.99,8.32,8.54,8.49,8.18,8.99,8.28,8.49,8.64,8.57,7.62,8.26,8.45,7.88,7.92,7.68,8.00,7.81,7.86,7.77,7.73,7.94,7.61,8.23,8.26,7.89,8.70,8.56,8.70,8.70,8.38,8.17,8.00,7.77,7.66,7.83,7.88,7.55,8.16,7.37,7.46,7.42,8.04,7.57,7.62,7.90,7.96,8.11,7.74,8.11,8.07,7.78,8.97,8.46,7.75,8.87,8.61,8.13,8.39,8.59,9.02,8.41,8.94,9.65,8.65,10.45,9.52,8.28,9.79,8.32,8.00,9.30,8.93,10.27,8.57,9.36,9.50,9.19,10.62,9.79,11.02,9.40,9.85,11.03,9.67,10.06,8.69,9.45,9.29,9.54,9.87,8.91,8.53,8.44,8.63,8.56,8.10,6.57,6.71,6.57,7.30,6.30,7.01,7.64,6.39,6.98,7.05,8.46,7.51,8.73,8.18,8.50,7.32,7.64,6.62,7.05,7.54,6.02,6.74,7.76,7.61,8.12,7.56,7.16,6.79,6.27,6.18,6.70,7.12,7.00,7.16,7.43,6.81,6.27,7.06,7.45,6.74,6.47,6.35,7.29,7.42,8.77,7.10,7.74,7.19,6.89,7.37,7.25,7.32,6.92,7.05,7.59,8.00,8.43,8.76,7.54,9.82,9.85,9.60,8.76,8.18,8.23,8.76,7.41,6.66,9.64,6.92,9.00,8.57,15.00,9.58,17.05,10.98,14.21,15.15,10.74,12.47,8.93,18.44,13.18,11.32,13.09,12.88,12.84,17.15,..,..,..,..,..,..,..,..,..,..
Coconut Young,..REGION V (BICOL REGION),5.41,5.53,5.64,5.58,5.75,5.93,6.37,6.60,6.19,6.44,6.99,8.03,6.21,9.80,9.41,9.60,9.53,9.56,9.03,9.79,9.66,9.64,9.46,9.26,9.42,9.51,9.22,9.19,9.67,9.32,9.41,9.49,8.79,8.35,8.49,8.18,8.56,9.08,8.98,8.76,8.52,8.91,8.95,8.98,9.27,9.57,9.68,9.75,9.74,10.05,10.31,9.37,10.18,10.39,10.57,9.88,10.01,10.59,10.09,11.94,11.31,11.21,11.20,11.92,10.77,11.18,9.91,9.51,10.29,10.39,10.09,10.18,9.56,10.31,9.93,10.40,10.72,10.21,10.28,9.50,9.57,8.73,8.89,8.90,8.59,8.06,8.32,8.33,8.95,9.07,8.93,8.75,9.95,10.24,9.52,9.20,8.85,8.10,8.19,9.39,8.87,8.67,8.85,9.05,8.43,8.34,7.66,7.20,7.46,6.89,7.76,8.49,6.98,7.54,7.42,7.50,7.64,7.35,8.44,7.36,6.84,7.46,8.10,8.26,7.50,7.62,8.29,8.44,7.28,7.75,7.97,7.52,8.50,8.14,8.01,7.38,8.00,6.73,7.09,7.03,9.13,10.30,7.98,9.46,8.90,9.35,9.42,7.63,8.02,7.94,7.22,7.57,8.74,7.27,9.64,8.43,7.95,8.01,8.34,9.58,8.80,7.90,7.91,7.86,8.61,8.30,8.83,8.73,8.40,6.55,6.07,7.72,6.19,6.44,7.56,7.58,7.93,7.01,6.32,7.01,7.36,6.98,10.00,9.25,10.50,10.65,9.49,13.59,8.75,10.62,13.47,10.00,9.14,15.00,10.87,8.09,7.81,11.48,14.45,13.98,11.26,14.06,14.26,12.89,12.11,10.92,10.00,11.77,17.13,16.56,14.87,..,..,..,..,..,..,..,..,..,..
Coconut Young,..REGION VI (WESTERN VISAYAS),4.95,4.98,5.04,5.46,5.55,5.38,5.49,5.44,5.60,5.58,5.88,6.52,5.49,6.56,6.57,6.65,7.04,7.06,7.20,7.06,7.03,6.99,7.30,7.08,7.33,6.99,7.27,7.35,7.61,7.54,7.23,7.49,7.48,7.15,7.12,7.21,7.45,7.87,7.40,7.47,7.72,7.76,7.91,7.51,7.58,7.68,7.63,7.69,7.85,8.23,8.89,7.83,9.32,9.20,9.20,9.24,9.56,9.65,9.75,9.85,10.19,10.10,10.13,11.02,9.77,10.13,10.14,9.76,9.83,9.96,9.70,9.58,9.65,9.75,10.52,10.56,10.74,10.03,9.59,9.71,9.07,9.11,9.56,9.78,8.64,8.73,8.49,9.21,9.70,9.91,9.29,10.20,9.69,9.49,9.92,9.03,9.76,9.34,9.72,9.36,10.18,9.33,11.48,9.79,10.39,10.71,10.09,11.17,11.28,10.54,10.02,10.16,10.47,10.11,9.84,10.03,10.40,9.70,7.94,7.95,8.68,8.55,9.21,8.52,7.67,8.55,8.16,8.65,9.79,8.61,9.01,9.50,9.29,9.98,10.32,9.51,9.89,9.35,9.42,10.10,8.12,10.42,9.58,10.37,9.98,11.44,11.48,10.35,10.31,10.43,10.69,11.90,11.37,11.62,11.24,10.93,10.93,10.92,11.14,11.77,12.08,11.54,11.70,11.53,12.20,11.00,11.43,12.00,11.52,11.89,12.13,11.82,12.37,12.36,12.55,11.98,11.43,11.35,11.75,11.88,11.94,13.74,13.39,14.74,15.58,13.60,14.63,15.34,11.85,14.50,13.95,13.74,13.67,13.87,14.07,12.06,13.12,12.06,14.27,13.31,13.98,11.62,12.53,15.94,12.73,23.41,12.82,13.99,13.14,14.27,27.04,..,..,..,..,..,..,..,..,..,..
Coconut Young,..NEGROS ISLAND REGION (NIR) 2/,..,..,..,..,..,..,..,..,..,..,..,..,..,..,..,..,..,..,..,..,..,..,..,..,..,..,..,..,..,..,..,..,..,..,..,..,..,..,..,..,..,..,..,..,..,..,..,..,..,..,..,..,..,..,..,..,..,..,..,..,..,..,..,..,..,..,..,..,..,..,..,..,..,..,..,..,..,..,..,..,..,..,..,..,..,..,..,..,..,..,..,..,..,..,..,..,..,..,..,..,..,..,..,..,..,..,..,..,..,..,..,..,..,..,..,..,..,..,..,..,..,..,..,..,..,..,..,..,..,..,..,..,..,..,..,..,..,..,..,..,..,..,..,..,..,..,..,..,..,..,..,..,..,..,..,..,..,..,..,..,..,..,..,..,..,..,..,..,..,..,..,..,..,..,..,..,..,..,..,..,..,..,11.16,11.51,13.63,9.53,9.69,8.30,12.68,10.72,8.13,11.84,11.33,15.00,11.38,11.69,11.64,10.45,12.21,12.67,8.52,12.60,11.39,11.97,11.62,11.13,15.73,11.80,13.65,12.83,18.72,..,..,..,..,..,..,..,..,..,..
Coffee Arabica (green coffee beans),PHILIPPINES,71.23,72.19,74.83,94.83,57.12,54.78,53.73,54.12,54.53,94.78,60.94,87.11,69.18,72.38,74.11,76.30,100.29,100.53,56.95,58.33,58.55,56.11,55.15,52.94,51.77,67.78,50.20,75.46,83.04,100.20,101.75,101.48,59.83,64.13,58.82,56.40,50.97,96.64,74.91,72.28,81.14,80.29,100.75,104.35,104.74,65.54,63.03,0.00,63.11,99.04,99.56,84.89,75.09,86.09,88.65,107.19,106.85,114.03,108.51,50.09,51.69,51.31,103.78,109.12,87.70,88.18,100.38,102.44,115.46,114.51,68.54,68.54,50.77,51.73,66.87,125.23,181.17,94.49,93.27,112.55,104.36,120.49,69.14,69.52,69.75,70.66,73.53,74.28,129.82,133.22,93.38,95.52,94.18,102.80,118.23,95.53,103.31,95.06,136.59,103.30,94.90,112.38,105.80,104.80,96.07,114.60,109.60,103.53,116.05,142.60,94.38,87.85,91.96,103.17,97.59,114.59,106.00,108.89,112.48,107.36,138.28,118.45,97.62,96.45,92.99,96.72,96.23,92.38,100.69,104.88,116.01,120.13,117.97,133.33,121.53,86.00,86.02,86.03,86.80,86.77,86.74,111.65,103.25,87.34,109.24,114.74,92.54,97.56,105.91,96.21,135.67,92.70,130.44,114.41,88.10,105.41,106.21,106.67,134.95,141.76,178.53,184.96,133.43,117.55,187.77,208.56,200.16,211.90,159.37,225.11,187.54,237.29,241.61,244.65,242.47,227.91,227.54,228.05,217.41,222.67,242.86,228.76,166.37,172.28,193.20,185.75,193.76,134.24,292.64,227.16,130.81,211.89,177.21,450.00,211.28,240.86,351.92,280.12,384.73,292.40,291.79,210.90,120.71,180.78,268.73,279.13,273.79,264.65,266.35,350.93,311.44,..,..,..,..,..,..,..,..,..,..
Coffee Arabica (green coffee beans),..CORDILLERA ADMINISTRATIVE REGION (CAR),90.86,90.17,97.89,136.16,0.00,0.00,0.00,0.00,0.00,141.43,0.00,141.97,116.41,94.12,95.55,99.55,142.09,142.09,0.00,0.00,0.00,0.00,0.00,0.00,0.00,114.68,50.08,95.93,111.02,144.49,144.41,144.52,0.00,0.00,0.00,0.00,0.00,145.43,119.41,98.10,112.60,106.68,145.21,145.22,145.77,0.00,0.00,0.00,0.00,143.07,146.70,130.42,95.00,112.32,113.61,147.57,148.22,161.59,163.08,0.00,0.00,0.00,156.39,161.84,139.96,115.21,135.90,137.63,162.74,162.46,0.00,0.00,0.00,0.00,0.00,183.80,181.17,154.13,124.58,156.78,140.65,172.53,0.00,0.00,0.00,0.00,0.00,0.00,185.55,191.88,162.00,151.64,149.73,155.31,180.98,0.00,0.00,0.00,259.63,0.00,0.00,115.00,146.58,165.55,130.35,177.66,157.08,157.40,171.13,258.90,0.00,0.00,0.00,0.00,0.00,174.82,175.33,146.60,176.06,172.35,264.55,179.21,0.00,0.00,0.00,0.00,0.00,0.00,158.46,182.87,146.38,187.36,170.98,180.56,190.56,0.00,0.00,0.00,0.00,0.00,0.00,176.26,175.35,96.66,170.97,186.79,99.26,115.64,148.79,95.96,263.04,85.71,250.00,200.94,0.00,155.80,149.61,162.56,178.21,187.72,265.42,213.86,156.10,162.42,194.97,252.63,188.79,217.47,194.15,153.58,183.80,270.94,230.88,228.37,228.37,226.98,228.37,230.88,230.42,230.88,219.30,221.90,240.71,206.67,242.50,210.68,217.52,350.00,525.00,525.00,525.00,400.00,400.00,450.00,357.76,356.10,349.40,350.00,348.15,380.61,260.00,500.00,211.67,232.27,425.00,425.00,425.00,355.27,453.41,405.94,472.59,..,..,..,..,..,..,..,..,..,..
Coffee Arabica (green coffee beans),..REGION I (ILOCOS REGION),0.00,0.00,0.00,0.00,0.00,0.00,0.00,0.00,0.00,0.00,0.00,0.00,0.00,0.00,0.00,0.00,0.00,0.00,0.00,0.00,0.00,0.00,0.00,0.00,0.00,0.00,0.00,0.00,0.00,0.00,0.00,0.00,0.00,0.00,0.00,0.00,0.00,0.00,0.00,0.00,0.00,0.00,0.00,0.00,0.00,0.00,0.00,0.00,0.00,0.00,0.00,0.00,0.00,0.00,0.00,0.00,0.00,0.00,0.00,0.00,0.00,0.00,0.00,0.00,0.00,0.00,0.00,0.00,0.00,0.00,0.00,0.00,0.00,0.00,0.00,0.00,0.00,0.00,0.00,0.00,0.00,0.00,0.00,0.00,0.00,0.00,0.00,0.00,0.00,0.00,0.00,0.00,0.00,0.00,0.00,0.00,0.00,0.00,0.00,0.00,0.00,0.00,0.00,0.00,0.00,0.00,0.00,0.00,0.00,0.00,0.00,0.00,0.00,0.00,0.00,0.00,0.00,0.00,0.00,0.00,0.00,0.00,0.00,0.00,0.00,0.00,0.00,0.00,0.00,0.00,0.00,0.00,0.00,0.00,0.00,0.00,0.00,0.00,0.00,0.00,0.00,0.00,0.00,0.00,0.00,0.00,0.00,0.00,0.00,0.00,0.00,0.00,0.00,0.00,0.00,0.00,0.00,0.00,0.00,0.00,0.00,0.00,0.00,0.00,0.00,0.00,0.00,0.00,0.00,0.00,0.00,0.00,0.00,0.00,0.00,0.00,0.00,0.00,0.00,0.00,0.00,0.00,165.00,170.00,180.00,158.33,145.00,145.00,0.00,0.00,0.00,0.00,0.00,0.00,160.56,180.00,210.00,257.50,175.00,182.33,233.33,0.00,0.00,0.00,0.00,0.00,0.00,206.36,208.64,208.64,209.16,..,..,..,..,..,..,..,..,..,..
Coffee Arabica (green coffee beans),..REGION II (CAGAYAN VALLEY),0.00,0.00,0.00,0.00,0.00,0.00,0.00,0.00,0.00,0.00,0.00,0.00,0.00,0.00,0.00,0.00,0.00,0.00,0.00,0.00,0.00,0.00,0.00,0.00,0.00,0.00,0.00,0.00,0.00,0.00,0.00,0.00,0.00,0.00,0.00,0.00,0.00,0.00,0.00,0.00,0.00,0.00,0.00,0.00,0.00,0.00,0.00,0.00,0.00,0.00,0.00,0.00,0.00,0.00,0.00,0.00,0.00,0.00,0.00,0.00,0.00,0.00,0.00,0.00,0.00,0.00,0.00,0.00,0.00,0.00,0.00,0.00,0.00,0.00,0.00,0.00,0.00,0.00,0.00,0.00,0.00,0.00,0.00,0.00,0.00,0.00,0.00,0.00,0.00,0.00,0.00,0.00,0.00,0.00,0.00,0.00,0.00,0.00,0.00,0.00,0.00,0.00,0.00,0.00,0.00,0.00,0.00,0.00,0.00,0.00,0.00,0.00,0.00,0.00,0.00,0.00,0.00,0.00,0.00,0.00,0.00,0.00,0.00,0.00,0.00,0.00,0.00,0.00,0.00,0.00,0.00,0.00,0.00,0.00,0.00,0.00,0.00,0.00,0.00,0.00,0.00,0.00,0.00,0.00,0.00,0.00,0.00,0.00,0.00,0.00,0.00,0.00,0.00,0.00,0.00,0.00,0.00,0.00,0.00,0.00,0.00,0.00,0.00,0.00,0.00,0.00,0.00,0.00,0.00,0.00,0.00,0.00,0.00,0.00,0.00,0.00,0.00,0.00,0.00,0.00,0.00,0.00,95.00,96.00,0.00,0.00,0.00,0.00,0.00,0.00,0.00,0.00,0.00,0.00,95.50,393.93,361.94,337.45,0.00,0.00,0.00,0.00,0.00,0.00,0.00,0.00,0.00,364.44,207.50,190.00,203.00,..,..,..,..,..,..,..,..,..,..
Coffee Arabica (green coffee beans),..REGION III (CENTRAL LUZON),0.00,0.00,0.00,0.00,0.00,0.00,0.00,0.00,0.00,0.00,0.00,0.00,0.00,0.00,0.00,0.00,0.00,0.00,0.00,0.00,0.00,0.00,0.00,0.00,0.00,0.00,0.00,0.00,0.00,0.00,0.00,0.00,0.00,0.00,0.00,0.00,0.00,0.00,0.00,0.00,0.00,0.00,0.00,0.00,0.00,0.00,0.00,0.00,0.00,0.00,0.00,0.00,0.00,0.00,0.00,0.00,0.00,0.00,0.00,0.00,0.00,0.00,0.00,0.00,0.00,0.00,0.00,0.00,0.00,0.00,0.00,0.00,0.00,0.00,0.00,0.00,0.00,0.00,0.00,0.00,0.00,0.00,0.00,0.00,0.00,0.00,0.00,0.00,0.00,0.00,0.00,0.00,0.00,0.00,0.00,0.00,0.00,0.00,0.00,0.00,0.00,0.00,0.00,0.00,0.00,0.00,0.00,0.00,0.00,0.00,0.00,0.00,0.00,0.00,0.00,0.00,0.00,0.00,0.00,0.00,0.00,0.00,0.00,0.00,0.00,0.00,0.00,0.00,0.00,0.00,0.00,0.00,0.00,0.00,0.00,0.00,0.00,0.00,0.00,0.00,0.00,0.00,0.00,0.00,0.00,0.00,0.00,0.00,0.00,0.00,0.00,0.00,0.00,0.00,0.00,0.00,0.00,0.00,0.00,0.00,0.00,0.00,0.00,0.00,0.00,0.00,0.00,0.00,0.00,0.00,0.00,0.00,0.00,0.00,0.00,0.00,0.00,0.00,0.00,0.00,0.00,0.00,0.00,0.00,0.00,0.00,0.00,0.00,0.00,0.00,0.00,0.00,0.00,0.00,0.00,0.00,0.00,0.00,0.00,0.00,0.00,0.00,0.00,0.00,0.00,0.00,0.00,0.00,170.00,170.00,170.00,..,..,..,..,..,..,..,..,..,..
Coffee Arabica (green coffee beans),..REGION IV-A (CALABARZON),0.00,0.00,0.00,0.00,0.00,0.00,0.00,0.00,0.00,0.00,0.00,0.00,0.00,0.00,0.00,0.00,0.00,0.00,0.00,0.00,0.00,0.00,0.00,0.00,0.00,0.00,0.00,0.00,0.00,0.00,0.00,0.00,0.00,0.00,0.00,0.00,0.00,0.00,0.00,0.00,0.00,0.00,0.00,0.00,0.00,0.00,0.00,0.00,0.00,0.00,0.00,0.00,0.00,0.00,0.00,0.00,0.00,0.00,0.00,0.00,0.00,0.00,0.00,0.00,0.00,0.00,0.00,0.00,0.00,0.00,0.00,0.00,0.00,0.00,0.00,0.00,0.00,0.00,0.00,0.00,0.00,0.00,0.00,0.00,0.00,0.00,0.00,0.00,0.00,0.00,0.00,0.00,0.00,0.00,0.00,0.00,0.00,0.00,0.00,0.00,0.00,0.00,0.00,0.00,0.00,0.00,0.00,0.00,0.00,0.00,0.00,0.00,0.00,0.00,0.00,0.00,0.00,0.00,0.00,0.00,0.00,0.00,0.00,0.00,0.00,0.00,0.00,0.00,0.00,0.00,0.00,0.00,0.00,0.00,0.00,0.00,0.00,0.00,0.00,0.00,0.00,0.00,0.00,0.00,0.00,0.00,0.00,0.00,0.00,0.00,0.00,0.00,0.00,0.00,0.00,0.00,0.00,0.00,0.00,0.00,0.00,0.00,0.00,0.00,0.00,0.00,0.00,0.00,0.00,0.00,0.00,0.00,0.00,0.00,0.00,0.00,0.00,0.00,0.00,0.00,0.00,0.00,59.90,0.00,0.00,0.00,0.00,0.00,0.00,0.00,0.00,0.00,0.00,0.00,59.90,0.00,0.00,0.00,0.00,0.00,0.00,0.00,0.00,0.00,0.00,0.00,0.00,0.00,140.00,0.00,0.00,..,..,..,..,..,..,..,..,..,..
Coffee Arabica (green coffee beans),..MIMAROPA REGION,0.00,0.00,0.00,0.00,0.00,0.00,0.00,0.00,0.00,0.00,0.00,0.00,0.00,0.00,0.00,0.00,0.00,0.00,0.00,0.00,0.00,0.00,0.00,0.00,0.00,0.00,0.00,0.00,0.00,0.00,0.00,0.00,0.00,0.00,0.00,0.00,0.00,0.00,0.00,0.00,0.00,0.00,0.00,0.00,0.00,0.00,0.00,0.00,0.00,0.00,0.00,0.00,0.00,0.00,0.00,0.00,0.00,0.00,0.00,0.00,0.00,0.00,0.00,0.00,0.00,0.00,0.00,0.00,0.00,0.00,0.00,0.00,0.00,0.00,0.00,0.00,0.00,0.00,0.00,0.00,0.00,0.00,0.00,0.00,0.00,0.00,0.00,0.00,0.00,0.00,0.00,0.00,0.00,0.00,0.00,0.00,0.00,0.00,0.00,0.00,0.00,0.00,0.00,0.00,0.00,0.00,0.00,0.00,0.00,0.00,0.00,0.00,0.00,0.00,0.00,0.00,0.00,0.00,0.00,0.00,0.00,0.00,0.00,0.00,0.00,0.00,0.00,0.00,0.00,0.00,0.00,0.00,0.00,0.00,0.00,0.00,0.00,0.00,0.00,0.00,0.00,0.00,0.00,0.00,0.00,0.00,0.00,0.00,0.00,0.00,0.00,0.00,0.00,0.00,0.00,0.00,0.00,0.00,0.00,0.00,0.00,0.00,0.00,0.00,0.00,0.00,0.00,0.00,0.00,0.00,0.00,0.00,0.00,0.00,0.00,0.00,0.00,0.00,0.00,0.00,0.00,0.00,0.00,0.00,0.00,0.00,0.00,0.00,0.00,0.00,0.00,0.00,0.00,0.00,0.00,200.00,200.00,180.00,200.00,200.00,200.00,210.00,210.00,210.00,210.00,210.00,210.00,203.33,200.00,180.00,150.00,..,..,..,..,..,..,..,..,..,..
Coffee Arabica (green coffee beans),..REGION V (BICOL REGION),76.99,76.87,0.00,0.00,0.00,0.00,0.00,0.00,0.00,0.00,75.00,75.00,75.97,75.00,75.00,0.00,0.00,0.00,0.00,0.00,0.00,0.00,0.00,0.00,0.00,75.00,0.00,0.00,0.00,0.00,0.00,0.00,0.00,0.00,0.00,0.00,0.00,0.00,0.00,0.00,0.00,0.00,0.00,0.00,0.00,0.00,0.00,0.00,0.00,0.00,0.00,0.00,0.00,0.00,0.00,0.00,0.00,0.00,0.00,0.00,0.00,0.00,0.00,0.00,0.00,0.00,0.00,0.00,0.00,0.00,0.00,0.00,0.00,0.00,0.00,0.00,0.00,0.00,0.00,0.00,0.00,0.00,0.00,0.00,0.00,0.00,0.00,0.00,0.00,0.00,0.00,0.00,0.00,0.00,0.00,0.00,0.00,0.00,0.00,0.00,0.00,0.00,0.00,0.00,0.00,0.00,0.00,0.00,0.00,0.00,0.00,0.00,0.00,0.00,0.00,0.00,0.00,0.00,0.00,0.00,0.00,0.00,0.00,0.00,0.00,0.00,0.00,0.00,0.00,0.00,0.00,0.00,0.00,0.00,0.00,0.00,0.00,0.00,0.00,0.00,0.00,0.00,0.00,0.00,0.00,0.00,0.00,0.00,0.00,0.00,0.00,0.00,0.00,0.00,0.00,0.00,0.00,0.00,0.00,0.00,0.00,0.00,0.00,0.00,0.00,0.00,0.00,0.00,0.00,0.00,0.00,0.00,0.00,0.00,0.00,0.00,0.00,0.00,0.00,0.00,0.00,0.00,0.00,0.00,0.00,0.00,0.00,0.00,0.00,0.00,0.00,0.00,0.00,0.00,0.00,0.00,0.00,0.00,0.00,0.00,0.00,0.00,0.00,0.00,0.00,0.00,0.00,0.00,0.00,0.00,0.00,..,..,..,..,..,..,..,..,..,..
Coffee Arabica (green coffee beans),..REGION VI (WESTERN VISAYAS),0.00,0.00,0.00,0.00,0.00,0.00,0.00,0.00,0.00,0.00,0.00,0.00,0.00,0.00,0.00,0.00,0.00,0.00,0.00,0.00,0.00,0.00,0.00,0.00,0.00,0.00,0.00,0.00,0.00,0.00,0.00,0.00,0.00,0.00,0.00,0.00,0.00,0.00,0.00,0.00,0.00,0.00,0.00,0.00,0.00,0.00,0.00,0.00,0.00,0.00,0.00,0.00,0.00,0.00,0.00,0.00,0.00,0.00,0.00,0.00,0.00,0.00,0.00,0.00,0.00,0.00,0.00,0.00,0.00,0.00,0.00,0.00,0.00,0.00,0.00,0.00,0.00,0.00,0.00,0.00,0.00,0.00,0.00,0.00,0.00,0.00,0.00,0.00,0.00,0.00,0.00,0.00,0.00,0.00,0.00,0.00,0.00,0.00,0.00,0.00,0.00,0.00,0.00,0.00,0.00,0.00,0.00,0.00,0.00,0.00,0.00,0.00,0.00,0.00,0.00,0.00,0.00,0.00,0.00,0.00,0.00,0.00,0.00,0.00,0.00,0.00,0.00,0.00,0.00,0.00,0.00,0.00,0.00,0.00,0.00,0.00,0.00,0.00,0.00,0.00,0.00,0.00,0.00,0.00,0.00,0.00,0.00,0.00,0.00,0.00,0.00,0.00,0.00,0.00,0.00,0.00,0.00,0.00,0.00,0.00,0.00,0.00,0.00,0.00,0.00,0.00,0.00,0.00,0.00,0.00,0.00,0.00,0.00,0.00,0.00,0.00,0.00,0.00,0.00,0.00,0.00,0.00,90.00,95.00,95.00,110.00,110.00,109.25,110.00,120.00,120.00,100.00,100.00,100.00,104.94,90.00,95.00,95.00,120.00,95.00,107.50,107.50,95.00,95.00,100.00,110.00,100.00,100.83,157.46,177.88,85.00,..,..,..,..,..,..,..,..,..,..
Coffee Arabica (green coffee beans),..NEGROS ISLAND REGION (NIR) 2/,..,..,..,..,..,..,..,..,..,..,..,..,..,..,..,..,..,..,..,..,..,..,..,..,..,..,..,..,..,..,..,..,..,..,..,..,..,..,..,..,..,..,..,..,..,..,..,..,..,..,..,..,..,..,..,..,..,..,..,..,..,..,..,..,..,..,..,..,..,..,..,..,..,..,..,..,..,..,..,..,..,..,..,..,..,..,..,..,..,..,..,..,..,..,..,..,..,..,..,..,..,..,..,..,..,..,..,..,..,..,..,..,..,..,..,..,..,..,..,..,..,..,..,..,..,..,..,..,..,..,..,..,..,..,..,..,..,..,..,..,..,..,..,..,..,..,..,..,..,..,..,..,..,..,..,..,..,..,..,..,..,..,..,..,..,..,..,..,..,..,..,..,..,..,..,..,..,..,..,..,..,..,0.00,128.89,0.00,170.00,170.00,170.00,0.00,0.00,0.00,0.00,0.00,0.00,159.72,0.00,0.00,0.00,0.00,0.00,0.00,0.00,0.00,0.00,200.00,0.00,0.00,200.00,200.00,200.00,200.00,..,..,..,..,..,..,..,..,..,..
Coffee Excelsa (green coffee beans),PHILIPPINES,48.26,51.85,53.99,56.54,56.27,53.54,51.62,50.89,50.88,51.81,51.85,53.71,52.60,52.13,55.90,58.53,62.35,61.54,60.73,59.04,56.89,49.79,52.41,50.82,48.93,55.76,53.91,63.56,61.61,62.96,63.07,64.78,66.22,64.41,68.01,67.02,57.69,54.74,62.33,55.47,66.51,70.91,71.68,72.89,71.39,70.55,71.42,65.09,64.62,60.87,63.11,67.04,61.90,71.92,76.54,74.66,75.26,78.30,72.74,71.83,65.98,64.78,71.10,65.63,70.89,75.33,78.82,83.34,81.04,80.95,75.21,78.24,78.68,74.43,72.59,72.68,81.75,77.76,83.97,83.98,83.29,81.44,74.16,80.30,80.28,80.07,84.31,90.10,76.34,83.50,81.81,93.85,92.71,83.15,89.70,91.94,92.15,98.11,96.65,80.65,80.21,79.49,94.51,89.43,97.11,92.52,86.15,92.76,92.74,93.47,97.27,98.60,98.21,79.31,73.52,99.27,91.74,96.96,90.16,86.17,94.84,92.21,89.80,80.39,78.25,89.50,80.42,78.03,86.18,86.91,84.90,93.45,86.95,78.03,78.44,67.97,80.14,86.68,81.22,86.76,80.80,79.18,82.04,81.69,91.91,96.29,94.70,96.74,95.77,97.11,92.71,83.69,83.69,83.70,83.69,90.14,99.10,95.19,97.01,94.29,93.06,84.00,72.63,84.60,81.81,99.36,90.51,91.26,90.24,94.88,83.01,75.41,77.33,79.33,87.88,113.05,94.63,93.70,96.59,81.39,96.66,89.49,113.75,120.83,123.75,158.75,158.75,117.33,192.50,222.50,180.00,111.98,105.61,136.71,145.20,498.23,523.89,510.52,226.07,211.77,450.00,232.20,285.00,247.50,370.98,372.27,367.89,358.03,251.31,248.49,245.68,..,..,..,..,..,..,..,..,..,..
Coffee Excelsa (green coffee beans),..CORDILLERA ADMINISTRATIVE REGION (CAR),0.00,0.00,0.00,0.00,0.00,0.00,0.00,0.00,0.00,0.00,0.00,0.00,0.00,0.00,0.00,0.00,0.00,0.00,0.00,0.00,0.00,0.00,0.00,0.00,0.00,0.00,0.00,0.00,0.00,0.00,0.00,0.00,0.00,0.00,0.00,0.00,0.00,0.00,0.00,0.00,60.65,0.00,0.00,0.00,0.00,0.00,0.00,0.00,0.00,0.00,0.00,60.65,61.99,68.13,0.00,0.00,0.00,0.00,0.00,0.00,0.00,0.00,0.00,0.00,65.06,86.33,95.65,96.13,0.00,0.00,0.00,0.00,0.00,0.00,0.00,0.00,0.00,92.70,91.15,85.10,79.12,0.00,0.00,0.00,0.00,0.00,0.00,0.00,0.00,0.00,85.12,107.14,112.09,0.00,0.00,0.00,0.00,0.00,0.00,0.00,0.00,0.00,0.00,109.62,116.45,114.85,0.00,0.00,0.00,0.00,0.00,0.00,0.00,0.00,0.00,0.00,115.65,0.00,0.00,0.00,0.00,0.00,0.00,0.00,0.00,0.00,0.00,0.00,0.00,0.00,0.00,0.00,0.00,0.00,0.00,0.00,0.00,0.00,0.00,0.00,0.00,0.00,0.00,0.00,0.00,0.00,0.00,0.00,0.00,0.00,0.00,0.00,0.00,0.00,0.00,0.00,0.00,0.00,0.00,0.00,0.00,0.00,0.00,0.00,0.00,0.00,0.00,0.00,0.00,0.00,0.00,0.00,0.00,0.00,0.00,0.00,0.00,0.00,0.00,0.00,0.00,0.00,0.00,0.00,0.00,150.00,150.00,150.00,0.00,0.00,0.00,0.00,0.00,0.00,150.00,0.00,0.00,0.00,150.00,150.00,150.00,125.00,125.00,125.00,318.00,318.00,0.00,182.63,227.72,231.65,200.00,..,..,..,..,..,..,..,..,..,..
Coffee Excelsa (green coffee beans),..REGION I (ILOCOS REGION),0.00,0.00,0.00,0.00,0.00,0.00,0.00,0.00,0.00,0.00,0.00,0.00,0.00,0.00,0.00,0.00,0.00,0.00,0.00,0.00,0.00,0.00,0.00,0.00,0.00,0.00,0.00,0.00,0.00,0.00,0.00,0.00,0.00,0.00,0.00,0.00,0.00,0.00,0.00,0.00,0.00,0.00,0.00,0.00,0.00,0.00,0.00,0.00,0.00,0.00,0.00,0.00,0.00,0.00,0.00,0.00,0.00,0.00,0.00,0.00,0.00,0.00,0.00,0.00,0.00,0.00,0.00,0.00,0.00,0.00,0.00,0.00,0.00,0.00,0.00,0.00,0.00,0.00,0.00,0.00,0.00,0.00,0.00,0.00,0.00,0.00,0.00,0.00,0.00,0.00,0.00,0.00,0.00,0.00,0.00,0.00,0.00,0.00,0.00,0.00,0.00,0.00,0.00,0.00,0.00,0.00,0.00,0.00,0.00,0.00,0.00,0.00,0.00,0.00,0.00,0.00,0.00,0.00,0.00,0.00,0.00,0.00,0.00,0.00,0.00,0.00,0.00,0.00,0.00,0.00,0.00,0.00,0.00,0.00,0.00,0.00,0.00,0.00,0.00,0.00,0.00,0.00,0.00,0.00,0.00,0.00,0.00,0.00,0.00,0.00,0.00,0.00,0.00,0.00,0.00,0.00,0.00,0.00,0.00,0.00,0.00,0.00,0.00,0.00,0.00,0.00,0.00,0.00,0.00,0.00,0.00,0.00,0.00,0.00,0.00,0.00,0.00,0.00,0.00,0.00,0.00,0.00,150.00,150.00,150.00,120.00,120.00,120.00,0.00,0.00,0.00,0.00,0.00,0.00,135.00,200.00,200.00,266.67,150.00,250.00,250.00,0.00,0.00,0.00,0.00,0.00,0.00,219.44,348.18,348.18,348.44,..,..,..,..,..,..,..,..,..,..
Coffee Excelsa (green coffee beans),..REGION II (CAGAYAN VALLEY),0.00,0.00,0.00,0.00,0.00,0.00,0.00,0.00,0.00,0.00,0.00,0.00,0.00,0.00,0.00,0.00,0.00,0.00,0.00,0.00,0.00,0.00,0.00,0.00,0.00,0.00,0.00,0.00,0.00,0.00,0.00,0.00,0.00,0.00,0.00,0.00,0.00,0.00,0.00,0.00,0.00,0.00,0.00,0.00,0.00,0.00,0.00,0.00,0.00,0.00,0.00,0.00,0.00,0.00,0.00,0.00,0.00,0.00,0.00,0.00,0.00,0.00,0.00,0.00,0.00,0.00,0.00,0.00,0.00,0.00,0.00,0.00,0.00,0.00,0.00,0.00,0.00,0.00,0.00,0.00,0.00,0.00,0.00,0.00,0.00,0.00,0.00,0.00,0.00,0.00,0.00,0.00,0.00,0.00,0.00,0.00,0.00,0.00,0.00,0.00,0.00,0.00,0.00,0.00,0.00,0.00,0.00,0.00,0.00,0.00,0.00,0.00,0.00,0.00,0.00,0.00,0.00,0.00,0.00,0.00,0.00,0.00,0.00,0.00,0.00,0.00,0.00,0.00,0.00,0.00,0.00,0.00,0.00,0.00,0.00,0.00,0.00,0.00,0.00,0.00,0.00,0.00,0.00,0.00,0.00,0.00,0.00,0.00,0.00,0.00,0.00,0.00,0.00,0.00,0.00,0.00,0.00,0.00,0.00,0.00,0.00,0.00,0.00,0.00,0.00,0.00,0.00,0.00,0.00,0.00,0.00,0.00,0.00,0.00,0.00,0.00,0.00,0.00,0.00,0.00,0.00,0.00,0.00,0.00,0.00,0.00,0.00,0.00,0.00,0.00,0.00,0.00,0.00,0.00,0.00,0.00,0.00,0.00,0.00,0.00,0.00,0.00,0.00,0.00,0.00,0.00,0.00,0.00,0.00,0.00,160.00,..,..,..,..,..,..,..,..,..,..
Coffee Excelsa (green coffee beans),..REGION III (CENTRAL LUZON),0.00,0.00,0.00,0.00,0.00,0.00,0.00,0.00,0.00,0.00,0.00,0.00,0.00,0.00,0.00,0.00,0.00,0.00,0.00,0.00,0.00,0.00,0.00,0.00,0.00,0.00,0.00,0.00,0.00,0.00,0.00,0.00,0.00,0.00,0.00,0.00,0.00,0.00,0.00,0.00,0.00,0.00,0.00,0.00,0.00,0.00,0.00,0.00,0.00,0.00,0.00,0.00,0.00,0.00,0.00,0.00,0.00,0.00,0.00,0.00,0.00,0.00,0.00,0.00,0.00,0.00,0.00,0.00,0.00,0.00,0.00,0.00,0.00,0.00,0.00,0.00,0.00,0.00,0.00,0.00,0.00,0.00,0.00,0.00,0.00,0.00,0.00,0.00,0.00,0.00,0.00,0.00,0.00,0.00,0.00,0.00,0.00,0.00,0.00,0.00,0.00,0.00,0.00,0.00,0.00,0.00,0.00,0.00,0.00,0.00,0.00,0.00,0.00,0.00,0.00,0.00,0.00,0.00,0.00,0.00,0.00,0.00,0.00,0.00,0.00,0.00,0.00,0.00,0.00,0.00,0.00,0.00,0.00,0.00,0.00,0.00,0.00,0.00,0.00,0.00,0.00,0.00,0.00,0.00,0.00,0.00,0.00,0.00,0.00,0.00,0.00,0.00,0.00,0.00,0.00,0.00,0.00,0.00,0.00,0.00,0.00,0.00,0.00,0.00,0.00,0.00,0.00,0.00,0.00,0.00,0.00,0.00,0.00,0.00,0.00,0.00,0.00,0.00,0.00,0.00,0.00,0.00,0.00,0.00,0.00,0.00,0.00,0.00,0.00,0.00,0.00,0.00,0.00,0.00,0.00,0.00,0.00,0.00,0.00,0.00,0.00,0.00,0.00,0.00,0.00,0.00,0.00,0.00,170.00,170.00,170.00,..,..,..,..,..,..,..,..,..,..
Coffee Excelsa (green coffee beans),..REGION IV-A (CALABARZON),0.00,0.00,0.00,0.00,0.00,0.00,0.00,0.00,0.00,0.00,0.00,0.00,0.00,0.00,0.00,0.00,0.00,0.00,0.00,0.00,0.00,0.00,0.00,0.00,0.00,0.00,0.00,0.00,0.00,0.00,0.00,0.00,0.00,0.00,0.00,0.00,0.00,0.00,0.00,0.00,0.00,0.00,0.00,0.00,0.00,0.00,0.00,0.00,0.00,0.00,0.00,0.00,0.00,0.00,0.00,0.00,0.00,0.00,0.00,0.00,0.00,0.00,0.00,0.00,0.00,0.00,0.00,0.00,0.00,0.00,0.00,0.00,0.00,0.00,0.00,0.00,0.00,0.00,0.00,0.00,0.00,0.00,0.00,0.00,0.00,0.00,0.00,0.00,0.00,0.00,0.00,0.00,0.00,0.00,0.00,0.00,0.00,0.00,0.00,0.00,0.00,0.00,0.00,0.00,0.00,0.00,0.00,0.00,0.00,0.00,0.00,0.00,0.00,0.00,0.00,0.00,0.00,0.00,0.00,0.00,0.00,0.00,0.00,0.00,0.00,0.00,0.00,0.00,0.00,0.00,0.00,0.00,0.00,0.00,0.00,0.00,0.00,0.00,0.00,0.00,0.00,0.00,0.00,0.00,0.00,0.00,0.00,0.00,0.00,0.00,0.00,0.00,0.00,0.00,0.00,0.00,0.00,0.00,0.00,0.00,0.00,0.00,0.00,0.00,0.00,0.00,0.00,0.00,0.00,0.00,58.42,20.00,21.17,20.00,20.00,0.00,0.00,0.00,0.00,0.00,0.00,27.92,0.00,0.00,0.00,0.00,0.00,0.00,0.00,0.00,0.00,0.00,0.00,0.00,0.00,0.00,0.00,33.33,0.00,70.00,0.00,0.00,0.00,0.00,0.00,0.00,0.00,51.67,0.00,150.00,126.65,..,..,..,..,..,..,..,..,..,..
Coffee Excelsa (green coffee beans),..MIMAROPA REGION,0.00,0.00,0.00,0.00,0.00,0.00,0.00,0.00,0.00,0.00,0.00,0.00,0.00,0.00,0.00,0.00,0.00,0.00,0.00,0.00,0.00,0.00,0.00,0.00,0.00,0.00,0.00,0.00,0.00,0.00,0.00,0.00,0.00,0.00,0.00,0.00,0.00,0.00,0.00,0.00,0.00,0.00,0.00,0.00,0.00,0.00,0.00,0.00,0.00,0.00,0.00,0.00,0.00,0.00,0.00,0.00,0.00,0.00,0.00,0.00,0.00,0.00,0.00,0.00,0.00,0.00,0.00,0.00,0.00,0.00,0.00,0.00,0.00,0.00,0.00,0.00,0.00,0.00,0.00,0.00,0.00,0.00,0.00,0.00,0.00,0.00,0.00,0.00,0.00,0.00,0.00,0.00,0.00,0.00,0.00,0.00,0.00,0.00,0.00,0.00,0.00,0.00,0.00,0.00,0.00,0.00,0.00,0.00,0.00,0.00,0.00,0.00,0.00,0.00,0.00,0.00,0.00,0.00,0.00,0.00,0.00,0.00,0.00,0.00,0.00,0.00,0.00,0.00,0.00,0.00,0.00,0.00,0.00,0.00,0.00,0.00,0.00,0.00,0.00,0.00,0.00,0.00,0.00,0.00,0.00,0.00,0.00,0.00,0.00,0.00,0.00,0.00,0.00,0.00,0.00,0.00,0.00,0.00,0.00,0.00,0.00,0.00,0.00,0.00,0.00,0.00,0.00,0.00,0.00,0.00,0.00,0.00,0.00,0.00,0.00,0.00,0.00,0.00,0.00,0.00,0.00,0.00,0.00,0.00,0.00,0.00,0.00,0.00,0.00,0.00,0.00,0.00,0.00,0.00,0.00,200.00,200.00,180.00,200.00,200.00,200.00,220.00,220.00,230.00,220.00,220.00,230.00,210.00,210.00,200.00,150.00,..,..,..,..,..,..,..,..,..,..
Coffee Excelsa (green coffee beans),..REGION V (BICOL REGION),0.00,0.00,0.00,0.00,0.00,0.00,0.00,0.00,0.00,0.00,0.00,0.00,0.00,0.00,0.00,0.00,0.00,0.00,0.00,0.00,0.00,0.00,0.00,0.00,0.00,0.00,0.00,0.00,0.00,0.00,0.00,0.00,0.00,0.00,0.00,0.00,0.00,0.00,0.00,0.00,0.00,0.00,0.00,0.00,0.00,0.00,0.00,0.00,0.00,0.00,0.00,0.00,0.00,0.00,0.00,0.00,0.00,0.00,0.00,0.00,0.00,0.00,0.00,0.00,0.00,0.00,0.00,0.00,0.00,0.00,0.00,0.00,0.00,0.00,0.00,0.00,0.00,0.00,0.00,0.00,0.00,0.00,0.00,0.00,0.00,0.00,0.00,0.00,0.00,0.00,0.00,0.00,0.00,0.00,0.00,0.00,0.00,0.00,0.00,0.00,0.00,0.00,0.00,0.00,0.00,0.00,0.00,0.00,0.00,0.00,0.00,0.00,0.00,0.00,0.00,0.00,0.00,0.00,0.00,0.00,0.00,0.00,0.00,0.00,0.00,0.00,0.00,0.00,0.00,0.00,0.00,0.00,0.00,0.00,0.00,0.00,0.00,0.00,0.00,0.00,0.00,0.00,0.00,0.00,0.00,0.00,0.00,0.00,0.00,0.00,0.00,0.00,0.00,0.00,0.00,0.00,0.00,0.00,0.00,0.00,0.00,0.00,0.00,0.00,0.00,0.00,0.00,0.00,0.00,0.00,0.00,0.00,0.00,0.00,0.00,0.00,0.00,0.00,0.00,0.00,0.00,0.00,0.00,0.00,0.00,0.00,0.00,0.00,0.00,0.00,0.00,0.00,0.00,0.00,0.00,0.00,0.00,0.00,0.00,0.00,0.00,0.00,0.00,0.00,0.00,0.00,0.00,0.00,0.00,0.00,0.00,..,..,..,..,..,..,..,..,..,..
Coffee Excelsa (green coffee beans),..REGION VI (WESTERN VISAYAS),0.00,0.00,0.00,0.00,0.00,0.00,0.00,0.00,0.00,0.00,0.00,0.00,0.00,0.00,0.00,0.00,0.00,0.00,0.00,0.00,0.00,0.00,0.00,0.00,0.00,0.00,0.00,0.00,0.00,0.00,0.00,0.00,0.00,0.00,0.00,0.00,0.00,0.00,0.00,0.00,0.00,0.00,0.00,0.00,0.00,0.00,0.00,0.00,0.00,0.00,0.00,0.00,0.00,0.00,0.00,0.00,0.00,0.00,0.00,0.00,0.00,0.00,0.00,0.00,0.00,0.00,0.00,0.00,0.00,0.00,0.00,0.00,0.00,0.00,0.00,0.00,0.00,0.00,0.00,0.00,0.00,0.00,0.00,0.00,0.00,0.00,0.00,0.00,0.00,0.00,0.00,0.00,0.00,0.00,0.00,0.00,0.00,0.00,0.00,0.00,0.00,0.00,0.00,0.00,0.00,0.00,0.00,0.00,0.00,0.00,0.00,0.00,0.00,0.00,0.00,0.00,0.00,0.00,0.00,0.00,0.00,0.00,0.00,0.00,0.00,0.00,0.00,0.00,0.00,0.00,0.00,0.00,0.00,0.00,0.00,0.00,0.00,0.00,0.00,0.00,0.00,0.00,0.00,0.00,0.00,0.00,0.00,0.00,0.00,0.00,0.00,0.00,0.00,0.00,0.00,0.00,0.00,0.00,0.00,0.00,0.00,0.00,0.00,0.00,0.00,0.00,0.00,0.00,0.00,0.00,0.00,0.00,0.00,0.00,0.00,0.00,0.00,0.00,0.00,0.00,0.00,0.00,0.00,0.00,0.00,0.00,0.00,117.30,0.00,0.00,0.00,70.00,70.00,70.00,81.83,0.00,0.00,0.00,0.00,0.00,0.00,0.00,0.00,0.00,70.00,70.00,70.00,70.00,0.00,0.00,0.00,..,..,..,..,..,..,..,..,..,..
Coffee Excelsa (green coffee beans),..NEGROS ISLAND REGION (NIR) 2/,..,..,..,..,..,..,..,..,..,..,..,..,..,..,..,..,..,..,..,..,..,..,..,..,..,..,..,..,..,..,..,..,..,..,..,..,..,..,..,..,..,..,..,..,..,..,..,..,..,..,..,..,..,..,..,..,..,..,..,..,..,..,..,..,..,..,..,..,..,..,..,..,..,..,..,..,..,..,..,..,..,..,..,..,..,..,..,..,..,..,..,..,..,..,..,..,..,..,..,..,..,..,..,..,..,..,..,..,..,..,..,..,..,..,..,..,..,..,..,..,..,..,..,..,..,..,..,..,..,..,..,..,..,..,..,..,..,..,..,..,..,..,..,..,..,..,..,..,..,..,..,..,..,..,..,..,..,..,..,..,..,..,..,..,..,..,..,..,..,..,..,..,..,..,..,..,..,..,..,..,..,..,0.00,0.00,0.00,0.00,0.00,0.00,0.00,0.00,0.00,0.00,0.00,0.00,0.00,0.00,0.00,0.00,0.00,0.00,0.00,0.00,0.00,0.00,0.00,0.00,0.00,0.00,0.00,0.00,0.00,..,..,..,..,..,..,..,..,..,..
Coffee Liberica (green coffee beans),PHILIPPINES,0.00,0.00,0.00,0.00,0.00,0.00,0.00,0.00,0.00,0.00,0.00,0.00,0.00,0.00,0.00,0.00,0.00,0.00,0.00,0.00,0.00,0.00,0.00,0.00,0.00,0.00,0.00,0.00,0.00,0.00,0.00,0.00,0.00,0.00,0.00,0.00,0.00,0.00,0.00,0.00,0.00,0.00,0.00,0.00,0.00,0.00,0.00,0.00,0.00,0.00,0.00,0.00,0.00,0.00,0.00,0.00,0.00,0.00,0.00,0.00,0.00,0.00,0.00,0.00,0.00,0.00,0.00,0.00,0.00,0.00,0.00,0.00,0.00,0.00,0.00,0.00,0.00,0.00,0.00,0.00,0.00,0.00,0.00,0.00,0.00,0.00,0.00,0.00,0.00,0.00,0.00,0.00,0.00,0.00,0.00,0.00,0.00,0.00,0.00,0.00,0.00,0.00,0.00,0.00,0.00,0.00,0.00,0.00,0.00,0.00,0.00,0.00,0.00,0.00,0.00,0.00,0.00,0.00,0.00,0.00,0.00,0.00,0.00,0.00,0.00,0.00,0.00,0.00,0.00,0.00,0.00,0.00,0.00,0.00,0.00,0.00,0.00,0.00,0.00,0.00,0.00,0.00,0.00,0.00,0.00,0.00,0.00,0.00,0.00,0.00,0.00,0.00,0.00,0.00,0.00,0.00,0.00,0.00,0.00,0.00,0.00,0.00,0.00,0.00,0.00,0.00,0.00,0.00,0.00,0.00,54.60,20.00,23.83,20.00,20.00,0.00,0.00,0.00,0.00,0.00,0.00,27.69,115.00,115.00,120.00,200.00,200.00,200.00,119.00,131.67,131.67,145.56,139.17,144.17,146.77,183.33,186.67,180.00,158.00,156.67,155.83,181.32,181.32,181.32,172.88,177.74,185.00,175.01,195.82,189.67,179.85,..,..,..,..,..,..,..,..,..,..
Coffee Liberica (green coffee beans),..CORDILLERA ADMINISTRATIVE REGION (CAR),0.00,0.00,0.00,0.00,0.00,0.00,0.00,0.00,0.00,0.00,0.00,0.00,0.00,0.00,0.00,0.00,0.00,0.00,0.00,0.00,0.00,0.00,0.00,0.00,0.00,0.00,0.00,0.00,0.00,0.00,0.00,0.00,0.00,0.00,0.00,0.00,0.00,0.00,0.00,0.00,0.00,0.00,0.00,0.00,0.00,0.00,0.00,0.00,0.00,0.00,0.00,0.00,0.00,0.00,0.00,0.00,0.00,0.00,0.00,0.00,0.00,0.00,0.00,0.00,0.00,0.00,0.00,0.00,0.00,0.00,0.00,0.00,0.00,0.00,0.00,0.00,0.00,0.00,0.00,0.00,0.00,0.00,0.00,0.00,0.00,0.00,0.00,0.00,0.00,0.00,0.00,0.00,0.00,0.00,0.00,0.00,0.00,0.00,0.00,0.00,0.00,0.00,0.00,0.00,0.00,0.00,0.00,0.00,0.00,0.00,0.00,0.00,0.00,0.00,0.00,0.00,0.00,0.00,0.00,0.00,0.00,0.00,0.00,0.00,0.00,0.00,0.00,0.00,0.00,0.00,0.00,0.00,0.00,0.00,0.00,0.00,0.00,0.00,0.00,0.00,0.00,0.00,0.00,0.00,0.00,0.00,0.00,0.00,0.00,0.00,0.00,0.00,0.00,0.00,0.00,0.00,0.00,0.00,0.00,0.00,0.00,0.00,0.00,0.00,0.00,0.00,0.00,0.00,0.00,0.00,0.00,0.00,0.00,0.00,0.00,0.00,0.00,0.00,0.00,0.00,0.00,0.00,0.00,0.00,0.00,0.00,0.00,0.00,0.00,0.00,0.00,0.00,0.00,0.00,0.00,0.00,0.00,0.00,0.00,0.00,0.00,0.00,0.00,0.00,0.00,0.00,0.00,0.00,0.00,0.00,0.00,..,..,..,..,..,..,..,..,..,..
Coffee Liberica (green coffee beans),..REGION I (ILOCOS REGION),0.00,0.00,0.00,0.00,0.00,0.00,0.00,0.00,0.00,0.00,0.00,0.00,0.00,0.00,0.00,0.00,0.00,0.00,0.00,0.00,0.00,0.00,0.00,0.00,0.00,0.00,0.00,0.00,0.00,0.00,0.00,0.00,0.00,0.00,0.00,0.00,0.00,0.00,0.00,0.00,0.00,0.00,0.00,0.00,0.00,0.00,0.00,0.00,0.00,0.00,0.00,0.00,0.00,0.00,0.00,0.00,0.00,0.00,0.00,0.00,0.00,0.00,0.00,0.00,0.00,0.00,0.00,0.00,0.00,0.00,0.00,0.00,0.00,0.00,0.00,0.00,0.00,0.00,0.00,0.00,0.00,0.00,0.00,0.00,0.00,0.00,0.00,0.00,0.00,0.00,0.00,0.00,0.00,0.00,0.00,0.00,0.00,0.00,0.00,0.00,0.00,0.00,0.00,0.00,0.00,0.00,0.00,0.00,0.00,0.00,0.00,0.00,0.00,0.00,0.00,0.00,0.00,0.00,0.00,0.00,0.00,0.00,0.00,0.00,0.00,0.00,0.00,0.00,0.00,0.00,0.00,0.00,0.00,0.00,0.00,0.00,0.00,0.00,0.00,0.00,0.00,0.00,0.00,0.00,0.00,0.00,0.00,0.00,0.00,0.00,0.00,0.00,0.00,0.00,0.00,0.00,0.00,0.00,0.00,0.00,0.00,0.00,0.00,0.00,0.00,0.00,0.00,0.00,0.00,0.00,0.00,0.00,0.00,0.00,0.00,0.00,0.00,0.00,0.00,0.00,0.00,0.00,150.00,150.00,150.00,0.00,0.00,0.00,0.00,0.00,0.00,150.00,150.00,150.00,150.00,150.00,150.00,150.00,150.00,150.00,150.00,0.00,0.00,0.00,150.00,150.00,150.00,150.00,150.00,150.00,145.00,..,..,..,..,..,..,..,..,..,..
Coffee Liberica (green coffee beans),..REGION II (CAGAYAN VALLEY),0.00,0.00,0.00,0.00,0.00,0.00,0.00,0.00,0.00,0.00,0.00,0.00,0.00,0.00,0.00,0.00,0.00,0.00,0.00,0.00,0.00,0.00,0.00,0.00,0.00,0.00,0.00,0.00,0.00,0.00,0.00,0.00,0.00,0.00,0.00,0.00,0.00,0.00,0.00,0.00,0.00,0.00,0.00,0.00,0.00,0.00,0.00,0.00,0.00,0.00,0.00,0.00,0.00,0.00,0.00,0.00,0.00,0.00,0.00,0.00,0.00,0.00,0.00,0.00,0.00,0.00,0.00,0.00,0.00,0.00,0.00,0.00,0.00,0.00,0.00,0.00,0.00,0.00,0.00,0.00,0.00,0.00,0.00,0.00,0.00,0.00,0.00,0.00,0.00,0.00,0.00,0.00,0.00,0.00,0.00,0.00,0.00,0.00,0.00,0.00,0.00,0.00,0.00,0.00,0.00,0.00,0.00,0.00,0.00,0.00,0.00,0.00,0.00,0.00,0.00,0.00,0.00,0.00,0.00,0.00,0.00,0.00,0.00,0.00,0.00,0.00,0.00,0.00,0.00,0.00,0.00,0.00,0.00,0.00,0.00,0.00,0.00,0.00,0.00,0.00,0.00,0.00,0.00,0.00,0.00,0.00,0.00,0.00,0.00,0.00,0.00,0.00,0.00,0.00,0.00,0.00,0.00,0.00,0.00,0.00,0.00,0.00,0.00,0.00,0.00,0.00,0.00,0.00,0.00,0.00,0.00,0.00,0.00,0.00,0.00,0.00,0.00,0.00,0.00,0.00,0.00,0.00,0.00,0.00,0.00,0.00,0.00,0.00,0.00,0.00,0.00,0.00,0.00,0.00,0.00,0.00,0.00,0.00,0.00,0.00,0.00,0.00,0.00,0.00,0.00,0.00,0.00,0.00,0.00,0.00,200.00,..,..,..,..,..,..,..,..,..,..
Coffee Liberica (green coffee beans),..REGION III (CENTRAL LUZON),0.00,0.00,0.00,0.00,0.00,0.00,0.00,0.00,0.00,0.00,0.00,0.00,0.00,0.00,0.00,0.00,0.00,0.00,0.00,0.00,0.00,0.00,0.00,0.00,0.00,0.00,0.00,0.00,0.00,0.00,0.00,0.00,0.00,0.00,0.00,0.00,0.00,0.00,0.00,0.00,0.00,0.00,0.00,0.00,0.00,0.00,0.00,0.00,0.00,0.00,0.00,0.00,0.00,0.00,0.00,0.00,0.00,0.00,0.00,0.00,0.00,0.00,0.00,0.00,0.00,0.00,0.00,0.00,0.00,0.00,0.00,0.00,0.00,0.00,0.00,0.00,0.00,0.00,0.00,0.00,0.00,0.00,0.00,0.00,0.00,0.00,0.00,0.00,0.00,0.00,0.00,0.00,0.00,0.00,0.00,0.00,0.00,0.00,0.00,0.00,0.00,0.00,0.00,0.00,0.00,0.00,0.00,0.00,0.00,0.00,0.00,0.00,0.00,0.00,0.00,0.00,0.00,0.00,0.00,0.00,0.00,0.00,0.00,0.00,0.00,0.00,0.00,0.00,0.00,0.00,0.00,0.00,0.00,0.00,0.00,0.00,0.00,0.00,0.00,0.00,0.00,0.00,0.00,0.00,0.00,0.00,0.00,0.00,0.00,0.00,0.00,0.00,0.00,0.00,0.00,0.00,0.00,0.00,0.00,0.00,0.00,0.00,0.00,0.00,0.00,0.00,0.00,0.00,0.00,0.00,0.00,0.00,0.00,0.00,0.00,0.00,0.00,0.00,0.00,0.00,0.00,0.00,0.00,0.00,0.00,200.00,200.00,200.00,0.00,0.00,0.00,0.00,0.00,0.00,200.00,0.00,0.00,0.00,200.00,200.00,200.00,0.00,0.00,0.00,0.00,0.00,0.00,200.00,160.00,160.00,160.00,..,..,..,..,..,..,..,..,..,..
Coffee Liberica (green coffee beans),..REGION IV-A (CALABARZON),0.00,0.00,0.00,0.00,0.00,0.00,0.00,0.00,0.00,0.00,0.00,0.00,0.00,0.00,0.00,0.00,0.00,0.00,0.00,0.00,0.00,0.00,0.00,0.00,0.00,0.00,0.00,0.00,0.00,0.00,0.00,0.00,0.00,0.00,0.00,0.00,0.00,0.00,0.00,0.00,0.00,0.00,0.00,0.00,0.00,0.00,0.00,0.00,0.00,0.00,0.00,0.00,0.00,0.00,0.00,0.00,0.00,0.00,0.00,0.00,0.00,0.00,0.00,0.00,0.00,0.00,0.00,0.00,0.00,0.00,0.00,0.00,0.00,0.00,0.00,0.00,0.00,0.00,0.00,0.00,0.00,0.00,0.00,0.00,0.00,0.00,0.00,0.00,0.00,0.00,0.00,0.00,0.00,0.00,0.00,0.00,0.00,0.00,0.00,0.00,0.00,0.00,0.00,0.00,0.00,0.00,0.00,0.00,0.00,0.00,0.00,0.00,0.00,0.00,0.00,0.00,0.00,0.00,0.00,0.00,0.00,0.00,0.00,0.00,0.00,0.00,0.00,0.00,0.00,0.00,0.00,0.00,0.00,0.00,0.00,0.00,0.00,0.00,0.00,0.00,0.00,0.00,0.00,0.00,0.00,0.00,0.00,0.00,0.00,0.00,0.00,0.00,0.00,0.00,0.00,0.00,0.00,0.00,0.00,0.00,0.00,0.00,0.00,0.00,0.00,0.00,0.00,0.00,0.00,0.00,54.60,20.00,23.83,20.00,20.00,0.00,0.00,0.00,0.00,0.00,0.00,27.69,0.00,0.00,0.00,0.00,0.00,0.00,0.00,0.00,0.00,0.00,0.00,0.00,0.00,0.00,0.00,0.00,0.00,0.00,0.00,0.00,0.00,0.00,0.00,0.00,0.00,0.00,0.00,0.00,0.00,..,..,..,..,..,..,..,..,..,..
Coffee Liberica (green coffee beans),..MIMAROPA REGION,0.00,0.00,0.00,0.00,0.00,0.00,0.00,0.00,0.00,0.00,0.00,0.00,0.00,0.00,0.00,0.00,0.00,0.00,0.00,0.00,0.00,0.00,0.00,0.00,0.00,0.00,0.00,0.00,0.00,0.00,0.00,0.00,0.00,0.00,0.00,0.00,0.00,0.00,0.00,0.00,0.00,0.00,0.00,0.00,0.00,0.00,0.00,0.00,0.00,0.00,0.00,0.00,0.00,0.00,0.00,0.00,0.00,0.00,0.00,0.00,0.00,0.00,0.00,0.00,0.00,0.00,0.00,0.00,0.00,0.00,0.00,0.00,0.00,0.00,0.00,0.00,0.00,0.00,0.00,0.00,0.00,0.00,0.00,0.00,0.00,0.00,0.00,0.00,0.00,0.00,0.00,0.00,0.00,0.00,0.00,0.00,0.00,0.00,0.00,0.00,0.00,0.00,0.00,0.00,0.00,0.00,0.00,0.00,0.00,0.00,0.00,0.00,0.00,0.00,0.00,0.00,0.00,0.00,0.00,0.00,0.00,0.00,0.00,0.00,0.00,0.00,0.00,0.00,0.00,0.00,0.00,0.00,0.00,0.00,0.00,0.00,0.00,0.00,0.00,0.00,0.00,0.00,0.00,0.00,0.00,0.00,0.00,0.00,0.00,0.00,0.00,0.00,0.00,0.00,0.00,0.00,0.00,0.00,0.00,0.00,0.00,0.00,0.00,0.00,0.00,0.00,0.00,0.00,0.00,0.00,0.00,0.00,0.00,0.00,0.00,0.00,0.00,0.00,0.00,0.00,0.00,0.00,0.00,0.00,0.00,0.00,0.00,0.00,0.00,0.00,0.00,0.00,0.00,0.00,0.00,200.00,200.00,180.00,200.00,200.00,200.00,210.00,210.00,210.00,220.00,220.00,220.00,205.83,200.00,180.00,120.00,..,..,..,..,..,..,..,..,..,..
Coffee Liberica (green coffee beans),..REGION V (BICOL REGION),0.00,0.00,0.00,0.00,0.00,0.00,0.00,0.00,0.00,0.00,0.00,0.00,0.00,0.00,0.00,0.00,0.00,0.00,0.00,0.00,0.00,0.00,0.00,0.00,0.00,0.00,0.00,0.00,0.00,0.00,0.00,0.00,0.00,0.00,0.00,0.00,0.00,0.00,0.00,0.00,0.00,0.00,0.00,0.00,0.00,0.00,0.00,0.00,0.00,0.00,0.00,0.00,0.00,0.00,0.00,0.00,0.00,0.00,0.00,0.00,0.00,0.00,0.00,0.00,0.00,0.00,0.00,0.00,0.00,0.00,0.00,0.00,0.00,0.00,0.00,0.00,0.00,0.00,0.00,0.00,0.00,0.00,0.00,0.00,0.00,0.00,0.00,0.00,0.00,0.00,0.00,0.00,0.00,0.00,0.00,0.00,0.00,0.00,0.00,0.00,0.00,0.00,0.00,0.00,0.00,0.00,0.00,0.00,0.00,0.00,0.00,0.00,0.00,0.00,0.00,0.00,0.00,0.00,0.00,0.00,0.00,0.00,0.00,0.00,0.00,0.00,0.00,0.00,0.00,0.00,0.00,0.00,0.00,0.00,0.00,0.00,0.00,0.00,0.00,0.00,0.00,0.00,0.00,0.00,0.00,0.00,0.00,0.00,0.00,0.00,0.00,0.00,0.00,0.00,0.00,0.00,0.00,0.00,0.00,0.00,0.00,0.00,0.00,0.00,0.00,0.00,0.00,0.00,0.00,0.00,0.00,0.00,0.00,0.00,0.00,0.00,0.00,0.00,0.00,0.00,0.00,0.00,0.00,0.00,0.00,0.00,0.00,0.00,0.00,0.00,0.00,0.00,0.00,0.00,0.00,0.00,0.00,0.00,0.00,0.00,0.00,0.00,0.00,0.00,0.00,0.00,0.00,0.00,0.00,0.00,0.00,..,..,..,..,..,..,..,..,..,..
Coffee Liberica (green coffee beans),..REGION VI (WESTERN VISAYAS),0.00,0.00,0.00,0.00,0.00,0.00,0.00,0.00,0.00,0.00,0.00,0.00,0.00,0.00,0.00,0.00,0.00,0.00,0.00,0.00,0.00,0.00,0.00,0.00,0.00,0.00,0.00,0.00,0.00,0.00,0.00,0.00,0.00,0.00,0.00,0.00,0.00,0.00,0.00,0.00,0.00,0.00,0.00,0.00,0.00,0.00,0.00,0.00,0.00,0.00,0.00,0.00,0.00,0.00,0.00,0.00,0.00,0.00,0.00,0.00,0.00,0.00,0.00,0.00,0.00,0.00,0.00,0.00,0.00,0.00,0.00,0.00,0.00,0.00,0.00,0.00,0.00,0.00,0.00,0.00,0.00,0.00,0.00,0.00,0.00,0.00,0.00,0.00,0.00,0.00,0.00,0.00,0.00,0.00,0.00,0.00,0.00,0.00,0.00,0.00,0.00,0.00,0.00,0.00,0.00,0.00,0.00,0.00,0.00,0.00,0.00,0.00,0.00,0.00,0.00,0.00,0.00,0.00,0.00,0.00,0.00,0.00,0.00,0.00,0.00,0.00,0.00,0.00,0.00,0.00,0.00,0.00,0.00,0.00,0.00,0.00,0.00,0.00,0.00,0.00,0.00,0.00,0.00,0.00,0.00,0.00,0.00,0.00,0.00,0.00,0.00,0.00,0.00,0.00,0.00,0.00,0.00,0.00,0.00,0.00,0.00,0.00,0.00,0.00,0.00,0.00,0.00,0.00,0.00,0.00,0.00,0.00,0.00,0.00,0.00,0.00,0.00,0.00,0.00,0.00,0.00,0.00,0.00,0.00,0.00,0.00,0.00,0.00,120.00,130.00,130.00,0.00,0.00,0.00,126.67,0.00,0.00,0.00,0.00,0.00,0.00,0.00,0.00,0.00,0.00,0.00,0.00,0.00,0.00,0.00,0.00,..,..,..,..,..,..,..,..,..,..
Coffee Liberica (green coffee beans),..NEGROS ISLAND REGION (NIR) 2/,..,..,..,..,..,..,..,..,..,..,..,..,..,..,..,..,..,..,..,..,..,..,..,..,..,..,..,..,..,..,..,..,..,..,..,..,..,..,..,..,..,..,..,..,..,..,..,..,..,..,..,..,..,..,..,..,..,..,..,..,..,..,..,..,..,..,..,..,..,..,..,..,..,..,..,..,..,..,..,..,..,..,..,..,..,..,..,..,..,..,..,..,..,..,..,..,..,..,..,..,..,..,..,..,..,..,..,..,..,..,..,..,..,..,..,..,..,..,..,..,..,..,..,..,..,..,..,..,..,..,..,..,..,..,..,..,..,..,..,..,..,..,..,..,..,..,..,..,..,..,..,..,..,..,..,..,..,..,..,..,..,..,..,..,..,..,..,..,..,..,..,..,..,..,..,..,..,..,..,..,..,..,0.00,0.00,0.00,0.00,0.00,0.00,0.00,0.00,0.00,0.00,0.00,0.00,0.00,0.00,0.00,0.00,0.00,0.00,0.00,0.00,0.00,0.00,0.00,0.00,0.00,0.00,0.00,0.00,0.00,..,..,..,..,..,..,..,..,..,..
Coffee Robusta (green coffee beans),PHILIPPINES,54.18,55.96,55.91,58.44,57.30,50.99,54.64,52.33,51.08,55.00,56.28,57.28,54.95,58.87,70.63,73.72,76.93,68.36,68.89,64.96,62.77,67.16,66.97,65.07,59.66,67.00,67.43,67.52,64.73,62.82,67.86,64.94,67.00,60.83,65.63,67.14,67.53,66.39,65.82,67.36,67.94,68.88,71.62,64.22,59.94,63.53,65.29,67.40,64.49,63.65,67.24,65.96,68.16,70.61,70.36,78.37,71.52,73.78,70.12,69.68,69.77,70.68,71.03,72.87,71.41,68.91,67.81,73.15,72.17,70.95,74.39,70.83,71.25,71.10,70.22,70.11,70.54,70.95,73.02,70.65,69.22,72.43,71.36,72.13,75.11,75.90,80.08,78.75,76.97,75.81,74.29,80.20,83.08,86.15,84.49,81.70,84.58,85.90,78.58,80.86,79.17,77.48,78.25,81.70,81.88,82.34,84.47,83.69,80.16,83.70,79.74,79.98,80.22,75.45,80.21,77.92,80.81,80.69,80.09,81.43,82.21,82.78,81.42,85.30,83.99,69.62,74.85,76.45,75.49,79.53,72.16,76.56,82.73,72.16,75.21,70.83,75.91,77.69,64.96,66.53,70.81,69.49,72.92,66.06,76.69,73.82,80.72,72.11,68.54,74.35,68.83,75.67,72.89,71.58,69.98,72.60,77.08,85.61,86.46,91.00,75.04,82.14,77.59,79.93,85.90,86.43,95.52,92.27,84.58,91.40,88.47,85.84,86.29,78.46,79.27,103.29,90.65,93.54,96.22,89.49,100.77,90.31,119.16,113.82,108.15,134.63,144.78,131.23,106.90,87.13,140.46,152.21,203.17,156.17,133.15,259.76,268.25,269.23,213.73,179.59,248.30,181.09,215.19,182.60,233.09,225.83,267.41,228.67,238.60,188.99,232.67,..,..,..,..,..,..,..,..,..,..
Coffee Robusta (green coffee beans),..CORDILLERA ADMINISTRATIVE REGION (CAR),61.46,63.40,59.25,61.00,0.00,0.00,0.00,0.00,0.00,0.00,0.00,69.48,62.92,41.43,72.58,80.76,96.55,0.00,0.00,0.00,0.00,0.00,0.00,0.00,62.34,70.73,80.81,76.57,75.36,79.85,0.00,0.00,0.00,0.00,0.00,0.00,0.00,0.00,78.15,81.97,76.19,79.07,73.87,0.00,0.00,0.00,0.00,0.00,0.00,0.00,0.00,77.78,69.83,75.23,87.01,83.66,0.00,0.00,0.00,0.00,0.00,0.00,0.00,0.00,78.93,55.69,62.85,84.96,87.63,0.00,0.00,0.00,0.00,0.00,0.00,0.00,0.00,72.78,94.19,83.01,69.12,72.83,70.27,0.00,0.00,0.00,0.00,0.00,0.00,0.00,77.88,89.01,88.37,97.45,109.85,0.00,0.00,0.00,0.00,0.00,0.00,0.00,0.00,96.17,103.27,105.85,106.63,106.95,0.00,0.00,0.00,0.00,0.00,0.00,0.00,0.00,105.68,117.52,104.89,113.45,111.22,105.53,0.00,0.00,0.00,0.00,0.00,0.00,0.00,110.52,85.00,114.18,116.35,124.21,127.50,0.00,0.00,0.00,0.00,0.00,0.00,0.00,113.45,0.00,92.44,102.10,133.39,0.00,0.00,0.00,0.00,0.00,0.00,0.00,0.00,109.31,0.00,130.51,122.76,120.76,0.00,0.00,0.00,0.00,0.00,0.00,0.00,0.00,124.68,120.00,99.48,101.01,117.63,0.00,0.00,0.00,0.00,0.00,0.00,0.00,0.00,109.53,106.67,157.50,110.00,180.00,180.00,180.00,0.00,0.00,0.00,350.00,350.00,350.00,218.24,120.00,350.00,178.75,175.00,188.92,175.00,200.00,200.00,200.00,164.01,200.00,235.00,198.89,116.18,116.18,119.96,..,..,..,..,..,..,..,..,..,..
Coffee Robusta (green coffee beans),..REGION I (ILOCOS REGION),0.00,0.00,0.00,0.00,0.00,0.00,0.00,0.00,0.00,0.00,0.00,0.00,0.00,0.00,0.00,0.00,0.00,0.00,0.00,0.00,0.00,0.00,0.00,0.00,0.00,0.00,0.00,0.00,0.00,0.00,0.00,0.00,0.00,0.00,0.00,0.00,0.00,0.00,0.00,0.00,0.00,0.00,0.00,0.00,0.00,0.00,0.00,0.00,0.00,0.00,0.00,0.00,0.00,0.00,0.00,0.00,0.00,0.00,0.00,0.00,0.00,0.00,0.00,0.00,0.00,0.00,0.00,0.00,0.00,0.00,0.00,0.00,0.00,0.00,0.00,0.00,0.00,0.00,0.00,0.00,0.00,0.00,0.00,0.00,0.00,0.00,0.00,0.00,0.00,0.00,0.00,0.00,0.00,0.00,0.00,0.00,0.00,0.00,0.00,0.00,0.00,0.00,0.00,0.00,0.00,0.00,0.00,0.00,0.00,0.00,0.00,0.00,0.00,0.00,0.00,0.00,0.00,0.00,0.00,0.00,0.00,0.00,0.00,0.00,0.00,0.00,0.00,0.00,0.00,0.00,0.00,0.00,0.00,0.00,0.00,0.00,0.00,0.00,0.00,0.00,0.00,0.00,0.00,0.00,0.00,0.00,0.00,0.00,0.00,0.00,0.00,0.00,0.00,0.00,0.00,0.00,0.00,0.00,0.00,0.00,0.00,0.00,0.00,0.00,0.00,0.00,0.00,0.00,0.00,0.00,0.00,0.00,0.00,0.00,0.00,0.00,0.00,0.00,0.00,0.00,0.00,0.00,155.00,160.00,170.00,153.33,137.50,137.50,0.00,0.00,0.00,160.00,160.00,160.00,154.81,205.00,205.00,286.67,170.00,346.67,346.67,0.00,0.00,0.00,160.00,160.00,160.00,226.67,206.89,238.92,371.44,..,..,..,..,..,..,..,..,..,..
Coffee Robusta (green coffee beans),..REGION II (CAGAYAN VALLEY),0.00,0.00,0.00,0.00,0.00,0.00,0.00,0.00,0.00,0.00,0.00,0.00,0.00,0.00,0.00,0.00,0.00,0.00,0.00,0.00,0.00,0.00,0.00,0.00,0.00,0.00,0.00,0.00,0.00,0.00,0.00,0.00,0.00,0.00,0.00,0.00,0.00,0.00,0.00,0.00,0.00,0.00,0.00,0.00,0.00,0.00,0.00,0.00,0.00,0.00,0.00,0.00,0.00,0.00,0.00,0.00,0.00,0.00,0.00,0.00,0.00,0.00,0.00,0.00,0.00,0.00,0.00,0.00,0.00,0.00,0.00,0.00,0.00,0.00,0.00,0.00,0.00,0.00,0.00,0.00,0.00,0.00,0.00,0.00,0.00,0.00,0.00,0.00,0.00,0.00,0.00,0.00,0.00,0.00,0.00,0.00,0.00,0.00,0.00,0.00,0.00,0.00,0.00,0.00,0.00,0.00,0.00,80.08,79.57,84.41,0.00,0.00,0.00,0.00,0.00,0.00,81.35,0.00,0.00,0.00,0.00,0.00,0.00,0.00,0.00,0.00,0.00,0.00,67.29,67.29,76.93,0.00,0.00,0.00,0.00,0.00,0.00,0.00,0.00,0.00,62.23,55.62,64.93,61.92,0.00,0.00,0.00,0.00,0.00,0.00,0.00,0.00,0.00,71.79,73.11,68.94,82.67,0.00,0.00,0.00,0.00,0.00,0.00,0.00,0.00,100.00,85.00,79.37,86.76,87.40,0.00,0.00,0.00,0.00,0.00,0.00,0.00,0.00,0.00,67.12,84.82,79.78,0.00,0.00,90.00,0.00,0.00,0.00,0.00,0.00,0.00,0.00,0.00,85.00,87.50,0.00,0.00,205.20,0.00,0.00,0.00,0.00,0.00,0.00,0.00,0.00,0.00,205.20,0.00,218.57,207.00,..,..,..,..,..,..,..,..,..,..
Coffee Robusta (green coffee beans),..REGION III (CENTRAL LUZON),68.00,68.51,68.44,68.00,0.00,0.00,0.00,0.00,0.00,0.00,0.00,0.00,68.24,67.89,68.00,68.06,0.00,0.00,0.00,0.00,0.00,0.00,0.00,0.00,26.22,57.54,61.96,79.29,46.25,26.85,0.00,0.00,0.00,0.00,0.00,0.00,0.00,0.00,53.59,63.04,63.21,62.42,61.96,42.37,23.70,0.00,0.00,0.00,0.00,0.00,0.00,52.78,64.75,65.00,54.64,0.00,0.00,0.00,0.00,0.00,0.00,0.00,0.00,0.00,61.46,61.00,65.82,65.84,0.00,0.00,0.00,0.00,0.00,0.00,0.00,0.00,0.00,64.22,70.82,71.01,71.73,0.00,0.00,0.00,0.00,0.00,0.00,0.00,0.00,0.00,71.19,0.00,49.37,65.00,0.00,0.00,0.00,0.00,0.00,0.00,0.00,0.00,0.00,57.19,0.00,0.00,0.00,0.00,0.00,0.00,0.00,0.00,0.00,0.00,0.00,0.00,0.00,0.00,0.00,0.00,0.00,0.00,0.00,0.00,0.00,0.00,0.00,0.00,0.00,0.00,40.00,40.00,81.71,35.00,35.00,0.00,0.00,0.00,0.00,0.00,0.00,0.00,46.34,30.00,90.00,43.10,0.00,0.00,0.00,0.00,0.00,0.00,0.00,0.00,0.00,54.37,0.00,0.00,0.00,0.00,0.00,0.00,0.00,0.00,0.00,0.00,0.00,0.00,0.00,0.00,0.00,0.00,0.00,0.00,0.00,0.00,0.00,0.00,0.00,0.00,0.00,0.00,0.00,0.00,0.00,150.00,150.00,150.00,0.00,0.00,0.00,0.00,0.00,150.00,150.00,120.00,130.00,140.00,150.00,150.00,150.00,0.00,0.00,0.00,160.00,160.00,165.00,147.22,149.99,149.99,149.99,..,..,..,..,..,..,..,..,..,..
Coffee Robusta (green coffee beans),..REGION IV-A (CALABARZON),0.00,60.00,60.00,65.00,66.88,30.63,0.00,0.00,0.00,0.00,0.00,0.00,56.50,70.83,100.00,104.17,93.96,95.42,97.49,0.00,0.00,0.00,0.00,0.00,0.00,93.65,0.00,0.00,0.00,0.00,0.00,0.00,0.00,0.00,0.00,0.00,0.00,0.00,0.00,0.00,83.00,87.00,91.00,89.78,87.00,0.00,0.00,0.00,0.00,0.00,0.00,87.56,0.00,80.00,78.00,99.88,94.75,96.00,0.00,0.00,0.00,0.00,0.00,0.00,89.73,0.00,48.00,85.50,83.33,84.38,87.30,0.00,0.00,0.00,0.00,0.00,0.00,77.70,0.00,0.00,0.00,0.00,0.00,0.00,0.00,0.00,0.00,0.00,0.00,0.00,0.00,0.00,0.00,0.00,0.00,0.00,0.00,0.00,0.00,0.00,0.00,0.00,0.00,0.00,0.00,0.00,0.00,0.00,0.00,0.00,0.00,0.00,0.00,0.00,0.00,0.00,0.00,0.00,0.00,0.00,0.00,0.00,0.00,0.00,0.00,0.00,0.00,0.00,0.00,0.00,0.00,0.00,0.00,0.00,0.00,0.00,0.00,0.00,0.00,0.00,0.00,0.00,0.00,0.00,0.00,0.00,0.00,0.00,0.00,0.00,0.00,0.00,0.00,0.00,0.00,0.00,0.00,0.00,0.00,0.00,0.00,0.00,0.00,0.00,0.00,0.00,0.00,0.00,0.00,0.00,55.21,20.00,20.09,20.00,20.00,0.00,0.00,0.00,0.00,0.00,0.00,27.06,0.00,72.72,0.00,0.00,0.00,0.00,150.00,100.00,100.00,0.00,0.00,0.00,105.68,0.00,0.00,35.00,90.00,80.00,80.00,0.00,0.00,0.00,100.00,100.00,0.00,80.83,128.88,147.50,130.79,..,..,..,..,..,..,..,..,..,..
Coffee Robusta (green coffee beans),..MIMAROPA REGION,0.00,0.00,0.00,0.00,0.00,0.00,0.00,0.00,0.00,0.00,0.00,0.00,0.00,0.00,0.00,0.00,0.00,0.00,0.00,0.00,0.00,0.00,0.00,0.00,0.00,0.00,0.00,0.00,0.00,0.00,0.00,0.00,0.00,0.00,0.00,0.00,0.00,0.00,0.00,0.00,0.00,0.00,0.00,0.00,0.00,0.00,0.00,0.00,0.00,0.00,0.00,0.00,0.00,0.00,0.00,0.00,0.00,0.00,0.00,0.00,0.00,0.00,0.00,0.00,0.00,0.00,0.00,0.00,0.00,0.00,0.00,0.00,0.00,0.00,0.00,0.00,0.00,0.00,0.00,0.00,0.00,0.00,0.00,0.00,0.00,0.00,0.00,0.00,0.00,0.00,0.00,0.00,0.00,0.00,0.00,0.00,0.00,0.00,0.00,0.00,0.00,0.00,0.00,0.00,0.00,0.00,0.00,0.00,0.00,0.00,0.00,0.00,0.00,0.00,0.00,0.00,0.00,0.00,0.00,0.00,0.00,0.00,0.00,0.00,0.00,0.00,0.00,0.00,0.00,0.00,0.00,0.00,0.00,0.00,0.00,0.00,0.00,0.00,0.00,0.00,0.00,0.00,0.00,0.00,0.00,0.00,0.00,0.00,0.00,0.00,0.00,0.00,0.00,0.00,0.00,0.00,0.00,0.00,0.00,0.00,0.00,0.00,0.00,0.00,0.00,0.00,0.00,0.00,0.00,0.00,0.00,0.00,0.00,0.00,0.00,0.00,0.00,0.00,0.00,0.00,0.00,0.00,0.00,0.00,0.00,0.00,0.00,0.00,0.00,0.00,0.00,0.00,0.00,0.00,0.00,200.00,200.00,180.00,200.00,200.00,200.00,210.00,210.00,210.00,220.00,220.00,220.00,205.83,150.00,105.00,100.00,..,..,..,..,..,..,..,..,..,..
Coffee Robusta (green coffee beans),..REGION V (BICOL REGION),0.00,0.00,0.00,0.00,0.00,0.00,0.00,0.00,0.00,0.00,0.00,0.00,0.00,0.00,0.00,0.00,0.00,0.00,0.00,0.00,0.00,0.00,0.00,0.00,0.00,0.00,0.00,0.00,0.00,0.00,0.00,0.00,0.00,0.00,0.00,0.00,0.00,0.00,0.00,0.00,0.00,0.00,0.00,0.00,0.00,0.00,0.00,0.00,0.00,0.00,0.00,0.00,0.00,0.00,0.00,0.00,0.00,0.00,0.00,0.00,0.00,0.00,0.00,0.00,0.00,0.00,0.00,0.00,0.00,0.00,0.00,0.00,0.00,0.00,0.00,0.00,0.00,0.00,0.00,0.00,0.00,0.00,0.00,0.00,0.00,0.00,0.00,0.00,0.00,0.00,0.00,0.00,0.00,0.00,0.00,0.00,0.00,0.00,0.00,0.00,0.00,0.00,0.00,0.00,0.00,0.00,0.00,0.00,0.00,0.00,0.00,0.00,0.00,0.00,0.00,0.00,0.00,0.00,0.00,0.00,0.00,0.00,0.00,0.00,0.00,0.00,0.00,0.00,0.00,0.00,0.00,0.00,0.00,0.00,0.00,0.00,0.00,0.00,0.00,0.00,0.00,0.00,0.00,0.00,0.00,0.00,0.00,0.00,0.00,0.00,0.00,0.00,0.00,0.00,0.00,0.00,0.00,0.00,0.00,0.00,0.00,0.00,0.00,0.00,0.00,0.00,0.00,0.00,0.00,0.00,0.00,0.00,0.00,0.00,0.00,0.00,0.00,0.00,0.00,0.00,0.00,0.00,0.00,0.00,0.00,0.00,0.00,0.00,0.00,0.00,0.00,0.00,0.00,0.00,0.00,0.00,0.00,0.00,0.00,0.00,0.00,0.00,0.00,0.00,0.00,0.00,0.00,0.00,0.00,0.00,0.00,..,..,..,..,..,..,..,..,..,..
Coffee Robusta (green coffee beans),..REGION VI (WESTERN VISAYAS),51.14,50.68,51.13,0.00,0.00,0.00,0.00,0.00,36.40,49.56,58.27,59.64,50.97,64.67,75.39,87.55,85.03,0.00,0.00,0.00,0.00,68.26,68.20,67.96,68.36,73.18,73.08,73.84,66.52,0.00,0.00,0.00,0.00,49.38,67.14,69.13,70.80,70.64,67.57,73.83,73.71,0.00,0.00,0.00,0.00,0.00,0.00,60.00,63.65,66.52,68.06,67.63,75.85,77.74,80.02,0.00,0.00,0.00,0.00,66.20,66.12,68.59,71.95,76.78,72.91,80.38,86.49,80.84,0.00,0.00,0.00,0.00,0.00,70.54,73.88,74.35,74.09,77.22,73.72,72.39,73.67,72.79,0.00,70.00,70.71,71.89,68.78,67.68,70.66,71.96,71.30,67.61,74.92,80.00,70.00,0.00,0.00,0.00,0.00,0.00,66.79,77.50,0.00,72.80,70.00,73.17,0.00,0.00,0.00,0.00,0.00,0.00,0.00,70.00,110.00,99.88,84.61,77.09,76.17,80.00,66.46,75.00,0.00,0.00,0.00,0.00,0.00,70.00,69.90,73.52,68.56,69.29,78.06,67.76,72.69,0.00,0.00,0.00,0.00,0.00,76.34,69.31,71.72,71.70,70.41,85.89,72.32,98.51,0.00,110.00,0.00,100.91,70.45,72.33,65.58,81.81,75.09,76.44,71.22,91.26,0.00,0.00,0.00,0.00,77.47,80.69,103.70,95.77,83.96,127.15,95.25,93.99,99.13,100.00,92.02,0.00,94.58,0.00,100.00,90.60,86.12,97.88,132.97,105.00,105.00,160.00,120.00,112.50,160.00,130.00,115.00,140.00,140.00,131.93,129.37,110.00,180.00,220.00,150.00,155.00,143.33,163.33,163.33,100.00,175.00,231.10,242.23,169.44,225.60,227.53,226.42,..,..,..,..,..,..,..,..,..,..
Coffee Robusta (green coffee beans),..NEGROS ISLAND REGION (NIR) 2/,..,..,..,..,..,..,..,..,..,..,..,..,..,..,..,..,..,..,..,..,..,..,..,..,..,..,..,..,..,..,..,..,..,..,..,..,..,..,..,..,..,..,..,..,..,..,..,..,..,..,..,..,..,..,..,..,..,..,..,..,..,..,..,..,..,..,..,..,..,..,..,..,..,..,..,..,..,..,..,..,..,..,..,..,..,..,..,..,..,..,..,..,..,..,..,..,..,..,..,..,..,..,..,..,..,..,..,..,..,..,..,..,..,..,..,..,..,..,..,..,..,..,..,..,..,..,..,..,..,..,..,..,..,..,..,..,..,..,..,..,..,..,..,..,..,..,..,..,..,..,..,..,..,..,..,..,..,..,..,..,..,..,..,..,..,..,..,..,..,..,..,..,..,..,..,..,..,..,..,..,..,..,142.26,0.00,0.00,170.00,170.00,170.00,0.00,0.00,55.00,200.00,200.00,450.00,134.80,0.00,130.00,0.00,0.00,0.00,0.00,0.00,0.00,60.00,0.00,0.00,200.00,130.00,156.77,93.63,222.00,..,..,..,..,..,..,..,..,..,..
Rubber (coagulated cup lump),PHILIPPINES,48.47,52.28,55.26,59.06,52.51,51.29,52.67,54.24,55.48,60.41,63.48,70.70,56.32,85.81,88.24,68.63,79.94,79.71,79.24,77.59,78.11,78.22,71.30,49.83,52.65,74.11,56.74,60.42,63.35,60.88,52.21,47.09,45.29,40.68,41.23,44.45,45.22,44.25,50.15,46.66,47.19,45.81,39.16,38.87,37.03,37.58,37.85,35.37,36.15,37.03,37.73,39.70,38.18,32.60,31.95,28.41,25.71,24.23,24.17,24.29,21.56,20.59,22.08,21.80,26.30,20.81,19.60,20.55,20.85,21.69,23.07,22.35,20.86,20.18,20.62,19.34,18.16,20.67,17.45,17.02,18.51,21.47,22.29,20.99,20.67,20.48,20.74,21.89,24.99,29.23,21.31,36.21,40.19,37.01,31.12,24.43,23.05,24.31,25.03,27.31,27.41,27.24,25.52,29.07,24.77,24.83,26.06,24.14,25.03,24.36,24.63,24.25,24.05,24.59,22.97,22.03,24.31,22.27,22.64,24.50,24.44,25.82,27.56,26.11,24.34,24.68,24.06,23.83,23.53,24.48,23.87,22.82,21.88,17.64,18.42,19.23,20.06,20.86,22.15,22.61,25.83,25.01,21.70,25.11,25.38,26.47,27.03,26.93,27.48,26.59,27.11,26.53,27.24,27.94,28.14,26.83,29.60,29.63,28.77,28.98,28.77,27.62,27.92,26.79,25.32,25.13,24.24,25.01,27.32,25.63,25.92,24.46,24.56,25.47,25.46,25.24,25.99,25.49,25.50,25.87,26.77,25.53,26.79,27.19,27.54,35.53,36.15,35.57,34.48,34.86,34.38,41.16,42.30,42.26,34.85,42.28,42.65,43.69,40.83,39.31,37.94,37.12,37.32,38.33,39.14,39.05,39.30,39.75,40.79,42.38,44.45,..,..,..,..,..,..,..,..,..,..
Rubber (coagulated cup lump),..CORDILLERA ADMINISTRATIVE REGION (CAR),0.00,0.00,0.00,0.00,0.00,0.00,0.00,0.00,0.00,0.00,0.00,0.00,0.00,0.00,0.00,0.00,0.00,0.00,0.00,0.00,0.00,0.00,0.00,0.00,0.00,0.00,0.00,0.00,0.00,0.00,0.00,0.00,0.00,0.00,0.00,0.00,0.00,0.00,0.00,0.00,0.00,0.00,0.00,0.00,0.00,0.00,0.00,0.00,0.00,0.00,0.00,0.00,0.00,0.00,0.00,0.00,0.00,0.00,0.00,0.00,0.00,0.00,0.00,0.00,0.00,0.00,0.00,0.00,0.00,0.00,0.00,0.00,0.00,0.00,0.00,0.00,0.00,0.00,0.00,0.00,0.00,0.00,0.00,0.00,0.00,0.00,0.00,0.00,0.00,0.00,0.00,0.00,0.00,0.00,0.00,0.00,0.00,0.00,0.00,0.00,0.00,0.00,0.00,0.00,0.00,0.00,0.00,0.00,0.00,0.00,0.00,0.00,0.00,0.00,0.00,0.00,0.00,0.00,0.00,0.00,0.00,0.00,0.00,0.00,0.00,0.00,0.00,0.00,0.00,0.00,0.00,0.00,0.00,0.00,0.00,0.00,0.00,0.00,0.00,0.00,0.00,0.00,0.00,0.00,0.00,0.00,0.00,0.00,0.00,0.00,0.00,0.00,0.00,0.00,0.00,0.00,0.00,0.00,0.00,0.00,0.00,0.00,0.00,0.00,0.00,0.00,0.00,0.00,0.00,0.00,0.00,0.00,0.00,0.00,0.00,0.00,0.00,0.00,0.00,0.00,0.00,0.00,0.00,0.00,0.00,0.00,0.00,0.00,0.00,0.00,0.00,0.00,0.00,0.00,0.00,0.00,0.00,0.00,0.00,0.00,0.00,0.00,0.00,0.00,0.00,0.00,0.00,0.00,0.00,0.00,0.00,..,..,..,..,..,..,..,..,..,..
Rubber (coagulated cup lump),..REGION I (ILOCOS REGION),0.00,0.00,0.00,0.00,0.00,0.00,0.00,0.00,0.00,0.00,0.00,0.00,0.00,0.00,0.00,0.00,0.00,0.00,0.00,0.00,0.00,0.00,0.00,0.00,0.00,0.00,0.00,0.00,0.00,0.00,0.00,0.00,0.00,0.00,0.00,0.00,0.00,0.00,0.00,0.00,0.00,0.00,0.00,0.00,0.00,0.00,0.00,0.00,0.00,0.00,0.00,0.00,0.00,0.00,0.00,0.00,0.00,0.00,0.00,0.00,0.00,0.00,0.00,0.00,0.00,0.00,0.00,0.00,0.00,0.00,0.00,0.00,0.00,0.00,0.00,0.00,0.00,0.00,0.00,0.00,0.00,0.00,0.00,0.00,0.00,0.00,0.00,0.00,0.00,0.00,0.00,0.00,0.00,0.00,0.00,0.00,0.00,0.00,0.00,0.00,0.00,0.00,0.00,0.00,0.00,0.00,0.00,0.00,0.00,0.00,0.00,0.00,0.00,0.00,0.00,0.00,0.00,0.00,0.00,0.00,0.00,0.00,0.00,0.00,0.00,0.00,0.00,0.00,0.00,0.00,0.00,0.00,0.00,0.00,0.00,0.00,0.00,0.00,0.00,0.00,0.00,0.00,0.00,0.00,0.00,0.00,0.00,0.00,0.00,0.00,0.00,0.00,0.00,0.00,0.00,0.00,0.00,0.00,0.00,0.00,0.00,0.00,0.00,0.00,0.00,0.00,0.00,0.00,0.00,0.00,0.00,0.00,0.00,0.00,0.00,0.00,0.00,0.00,0.00,0.00,0.00,0.00,0.00,0.00,0.00,0.00,0.00,0.00,0.00,0.00,0.00,0.00,0.00,0.00,0.00,0.00,0.00,0.00,0.00,0.00,0.00,0.00,0.00,0.00,0.00,0.00,0.00,0.00,0.00,0.00,0.00,..,..,..,..,..,..,..,..,..,..
Rubber (coagulated cup lump),..REGION II (CAGAYAN VALLEY),0.00,0.00,0.00,0.00,0.00,0.00,0.00,0.00,0.00,0.00,0.00,0.00,0.00,0.00,0.00,0.00,0.00,0.00,0.00,0.00,0.00,0.00,0.00,0.00,0.00,0.00,0.00,0.00,0.00,0.00,0.00,0.00,0.00,0.00,0.00,0.00,0.00,0.00,0.00,0.00,0.00,0.00,0.00,0.00,0.00,0.00,0.00,0.00,0.00,0.00,0.00,0.00,0.00,0.00,0.00,0.00,0.00,0.00,0.00,0.00,0.00,0.00,0.00,0.00,0.00,0.00,0.00,0.00,0.00,0.00,0.00,0.00,0.00,0.00,0.00,0.00,0.00,0.00,0.00,0.00,0.00,0.00,0.00,0.00,0.00,0.00,0.00,0.00,0.00,0.00,0.00,0.00,0.00,0.00,0.00,0.00,0.00,0.00,0.00,0.00,0.00,0.00,0.00,0.00,0.00,0.00,0.00,0.00,0.00,0.00,0.00,0.00,0.00,0.00,0.00,0.00,0.00,0.00,0.00,0.00,0.00,0.00,0.00,0.00,0.00,0.00,0.00,0.00,0.00,0.00,0.00,0.00,0.00,0.00,0.00,0.00,0.00,0.00,0.00,0.00,0.00,0.00,0.00,0.00,0.00,0.00,0.00,0.00,0.00,0.00,0.00,0.00,0.00,0.00,0.00,0.00,0.00,0.00,0.00,0.00,0.00,0.00,0.00,0.00,0.00,0.00,0.00,0.00,0.00,0.00,0.00,0.00,0.00,0.00,0.00,0.00,0.00,0.00,0.00,0.00,0.00,0.00,0.00,0.00,0.00,0.00,0.00,0.00,0.00,0.00,0.00,0.00,0.00,0.00,0.00,0.00,0.00,0.00,0.00,0.00,0.00,0.00,0.00,0.00,0.00,0.00,0.00,0.00,0.00,0.00,0.00,..,..,..,..,..,..,..,..,..,..
Rubber (coagulated cup lump),..REGION III (CENTRAL LUZON),0.00,0.00,0.00,0.00,0.00,0.00,0.00,0.00,0.00,0.00,0.00,0.00,0.00,0.00,0.00,0.00,0.00,0.00,0.00,0.00,0.00,0.00,0.00,0.00,0.00,0.00,0.00,0.00,0.00,0.00,0.00,0.00,0.00,0.00,0.00,0.00,0.00,0.00,0.00,0.00,0.00,0.00,0.00,0.00,0.00,0.00,0.00,0.00,0.00,0.00,0.00,0.00,0.00,0.00,0.00,0.00,0.00,0.00,0.00,0.00,0.00,0.00,0.00,0.00,0.00,0.00,0.00,0.00,0.00,0.00,0.00,0.00,0.00,0.00,0.00,0.00,0.00,0.00,0.00,0.00,0.00,0.00,0.00,0.00,0.00,0.00,0.00,0.00,0.00,0.00,0.00,0.00,0.00,0.00,0.00,0.00,0.00,0.00,0.00,0.00,0.00,0.00,0.00,0.00,0.00,0.00,0.00,0.00,0.00,0.00,0.00,0.00,0.00,0.00,0.00,0.00,0.00,0.00,0.00,0.00,0.00,0.00,0.00,0.00,0.00,0.00,0.00,0.00,0.00,0.00,0.00,0.00,0.00,0.00,0.00,0.00,0.00,0.00,0.00,0.00,0.00,0.00,0.00,0.00,0.00,0.00,0.00,0.00,0.00,0.00,0.00,0.00,0.00,0.00,0.00,0.00,0.00,0.00,0.00,0.00,0.00,0.00,0.00,0.00,0.00,0.00,0.00,0.00,0.00,0.00,0.00,0.00,0.00,0.00,0.00,0.00,0.00,0.00,0.00,0.00,0.00,0.00,0.00,0.00,0.00,0.00,0.00,0.00,0.00,0.00,0.00,0.00,0.00,0.00,0.00,0.00,0.00,0.00,0.00,0.00,0.00,0.00,0.00,0.00,0.00,0.00,0.00,0.00,0.00,0.00,0.00,..,..,..,..,..,..,..,..,..,..
Rubber (coagulated cup lump),..REGION IV-A (CALABARZON),0.00,0.00,0.00,0.00,0.00,0.00,0.00,0.00,0.00,0.00,0.00,0.00,0.00,0.00,0.00,0.00,0.00,0.00,0.00,0.00,0.00,0.00,0.00,0.00,0.00,0.00,0.00,0.00,0.00,0.00,0.00,0.00,0.00,0.00,0.00,0.00,0.00,0.00,0.00,0.00,0.00,0.00,0.00,0.00,0.00,0.00,0.00,0.00,0.00,0.00,0.00,0.00,0.00,0.00,0.00,0.00,0.00,0.00,0.00,0.00,0.00,0.00,0.00,0.00,0.00,0.00,0.00,0.00,0.00,0.00,0.00,0.00,0.00,0.00,0.00,0.00,0.00,0.00,0.00,0.00,0.00,0.00,0.00,0.00,0.00,0.00,0.00,0.00,0.00,0.00,0.00,0.00,0.00,0.00,0.00,0.00,0.00,0.00,0.00,0.00,0.00,0.00,0.00,0.00,0.00,0.00,0.00,0.00,0.00,0.00,0.00,0.00,0.00,0.00,0.00,0.00,0.00,0.00,0.00,0.00,0.00,0.00,0.00,0.00,0.00,0.00,0.00,0.00,0.00,0.00,0.00,0.00,0.00,0.00,0.00,0.00,0.00,0.00,0.00,0.00,0.00,0.00,0.00,0.00,0.00,0.00,0.00,0.00,0.00,0.00,0.00,0.00,0.00,0.00,0.00,0.00,0.00,0.00,0.00,0.00,0.00,0.00,0.00,0.00,0.00,0.00,0.00,0.00,0.00,0.00,0.00,0.00,0.00,0.00,0.00,0.00,0.00,0.00,0.00,0.00,0.00,0.00,0.00,0.00,0.00,0.00,0.00,0.00,0.00,0.00,0.00,0.00,0.00,0.00,0.00,0.00,0.00,0.00,0.00,0.00,0.00,0.00,0.00,0.00,0.00,0.00,0.00,0.00,0.00,0.00,0.00,..,..,..,..,..,..,..,..,..,..
Rubber (coagulated cup lump),..MIMAROPA REGION,0.00,0.00,0.00,0.00,0.00,0.00,0.00,0.00,0.00,0.00,0.00,0.00,0.00,0.00,0.00,0.00,0.00,0.00,0.00,0.00,0.00,0.00,0.00,0.00,0.00,0.00,0.00,0.00,0.00,0.00,0.00,0.00,0.00,0.00,0.00,0.00,0.00,0.00,0.00,0.00,0.00,0.00,0.00,0.00,0.00,0.00,0.00,0.00,0.00,0.00,0.00,0.00,0.00,0.00,0.00,0.00,0.00,0.00,0.00,0.00,0.00,0.00,0.00,0.00,0.00,0.00,0.00,0.00,0.00,0.00,0.00,0.00,0.00,0.00,0.00,0.00,0.00,0.00,0.00,0.00,0.00,0.00,0.00,0.00,0.00,0.00,0.00,0.00,0.00,0.00,0.00,0.00,0.00,0.00,0.00,0.00,0.00,0.00,0.00,0.00,0.00,0.00,0.00,0.00,0.00,0.00,0.00,0.00,0.00,0.00,0.00,0.00,0.00,0.00,0.00,0.00,0.00,0.00,0.00,0.00,0.00,0.00,0.00,0.00,0.00,0.00,0.00,0.00,0.00,0.00,0.00,0.00,0.00,0.00,0.00,0.00,0.00,0.00,0.00,0.00,0.00,0.00,0.00,0.00,0.00,0.00,0.00,0.00,0.00,0.00,0.00,0.00,0.00,0.00,0.00,0.00,0.00,0.00,24.54,24.06,24.97,24.87,25.00,0.00,0.00,20.71,20.87,18.01,22.88,0.00,0.00,18.03,19.05,19.21,18.38,19.95,0.00,0.00,20.01,20.65,20.30,19.45,20.00,21.00,21.00,0.00,0.00,0.00,50.00,50.00,50.00,40.00,40.00,40.00,36.89,30.00,30.00,30.00,35.00,35.00,40.00,50.00,50.00,50.00,40.00,40.00,40.00,39.17,20.14,20.14,20.14,..,..,..,..,..,..,..,..,..,..
Rubber (coagulated cup lump),..REGION V (BICOL REGION),0.00,0.00,0.00,0.00,0.00,0.00,0.00,0.00,0.00,0.00,0.00,0.00,0.00,0.00,0.00,0.00,0.00,0.00,0.00,0.00,0.00,0.00,0.00,0.00,0.00,0.00,0.00,0.00,0.00,0.00,0.00,0.00,0.00,0.00,0.00,0.00,0.00,0.00,0.00,0.00,0.00,0.00,0.00,0.00,0.00,0.00,0.00,0.00,0.00,0.00,0.00,0.00,0.00,0.00,0.00,0.00,0.00,0.00,0.00,0.00,0.00,0.00,0.00,0.00,0.00,0.00,0.00,0.00,0.00,0.00,0.00,0.00,0.00,0.00,0.00,0.00,0.00,0.00,0.00,0.00,0.00,0.00,0.00,0.00,0.00,0.00,0.00,0.00,0.00,0.00,0.00,0.00,0.00,0.00,0.00,0.00,0.00,0.00,0.00,0.00,0.00,0.00,0.00,0.00,0.00,0.00,0.00,0.00,0.00,0.00,0.00,0.00,0.00,0.00,0.00,0.00,0.00,0.00,0.00,0.00,0.00,0.00,0.00,0.00,0.00,0.00,0.00,0.00,0.00,0.00,0.00,0.00,0.00,0.00,0.00,0.00,0.00,0.00,0.00,0.00,0.00,0.00,0.00,0.00,0.00,0.00,0.00,0.00,0.00,0.00,0.00,0.00,0.00,0.00,0.00,0.00,0.00,0.00,0.00,0.00,0.00,0.00,0.00,0.00,0.00,0.00,0.00,0.00,0.00,0.00,0.00,0.00,0.00,0.00,0.00,0.00,0.00,0.00,0.00,0.00,0.00,0.00,0.00,0.00,0.00,0.00,0.00,0.00,0.00,0.00,0.00,0.00,0.00,0.00,0.00,0.00,0.00,0.00,0.00,0.00,0.00,0.00,0.00,0.00,0.00,0.00,0.00,0.00,0.00,0.00,0.00,..,..,..,..,..,..,..,..,..,..
Rubber (coagulated cup lump),..REGION VI (WESTERN VISAYAS),0.00,0.00,0.00,0.00,0.00,0.00,0.00,0.00,0.00,0.00,0.00,0.00,0.00,0.00,0.00,0.00,0.00,0.00,0.00,0.00,0.00,0.00,0.00,0.00,0.00,0.00,0.00,0.00,0.00,0.00,0.00,0.00,0.00,0.00,0.00,0.00,0.00,0.00,0.00,0.00,0.00,0.00,0.00,0.00,0.00,0.00,0.00,0.00,0.00,0.00,0.00,0.00,0.00,0.00,0.00,0.00,0.00,0.00,0.00,0.00,0.00,0.00,0.00,0.00,0.00,0.00,0.00,0.00,0.00,0.00,0.00,0.00,0.00,0.00,0.00,0.00,0.00,0.00,0.00,0.00,0.00,0.00,0.00,0.00,0.00,0.00,0.00,0.00,0.00,0.00,0.00,0.00,0.00,0.00,0.00,0.00,0.00,0.00,0.00,0.00,0.00,0.00,0.00,0.00,0.00,0.00,0.00,0.00,0.00,0.00,0.00,0.00,0.00,0.00,0.00,0.00,0.00,0.00,0.00,0.00,0.00,0.00,0.00,0.00,0.00,0.00,0.00,0.00,0.00,0.00,0.00,0.00,0.00,0.00,0.00,0.00,0.00,0.00,0.00,0.00,0.00,0.00,0.00,0.00,0.00,0.00,0.00,0.00,0.00,0.00,0.00,0.00,0.00,0.00,0.00,0.00,0.00,0.00,0.00,0.00,0.00,0.00,0.00,0.00,0.00,0.00,0.00,0.00,0.00,0.00,0.00,0.00,0.00,0.00,0.00,0.00,0.00,0.00,0.00,0.00,0.00,0.00,0.00,0.00,0.00,0.00,0.00,0.00,0.00,0.00,0.00,0.00,0.00,0.00,0.00,0.00,0.00,0.00,0.00,0.00,0.00,0.00,0.00,0.00,0.00,0.00,0.00,0.00,0.00,0.00,0.00,..,..,..,..,..,..,..,..,..,..
Rubber (coagulated cup lump),..NEGROS ISLAND REGION (NIR) 2/,..,..,..,..,..,..,..,..,..,..,..,..,..,..,..,..,..,..,..,..,..,..,..,..,..,..,..,..,..,..,..,..,..,..,..,..,..,..,..,..,..,..,..,..,..,..,..,..,..,..,..,..,..,..,..,..,..,..,..,..,..,..,..,..,..,..,..,..,..,..,..,..,..,..,..,..,..,..,..,..,..,..,..,..,..,..,..,..,..,..,..,..,..,..,..,..,..,..,..,..,..,..,..,..,..,..,..,..,..,..,..,..,..,..,..,..,..,..,..,..,..,..,..,..,..,..,..,..,..,..,..,..,..,..,..,..,..,..,..,..,..,..,..,..,..,..,..,..,..,..,..,..,..,..,..,..,..,..,..,..,..,..,..,..,..,..,..,..,..,..,..,..,..,..,..,..,..,..,..,..,..,..,0.00,0.00,0.00,0.00,0.00,0.00,0.00,0.00,0.00,0.00,0.00,0.00,0.00,0.00,0.00,48.00,0.00,0.00,41.00,0.00,42.00,0.00,0.00,0.00,42.00,43.25,48.00,48.00,50.00,..,..,..,..,..,..,..,..,..,..
Sugarcane for Centrifugal Sugar,PHILIPPINES,30.40,29.52,28.72,28.67,28.97,26.54,27.29,28.54,33.09,48.73,41.82,37.77,32.51,44.14,39.58,37.39,36.12,29.78,27.10,26.72,28.78,26.26,25.88,24.42,23.94,30.84,24.81,25.05,26.48,27.23,28.14,31.57,31.11,36.28,30.91,25.33,24.22,25.24,28.03,26.22,25.68,26.15,26.59,26.69,28.50,31.77,29.05,30.04,28.86,28.90,27.14,27.97,27.09,28.79,29.69,30.86,32.53,33.68,34.64,32.91,30.16,30.17,28.65,28.64,30.65,29.50,30.15,30.93,31.16,33.31,35.81,35.71,34.86,34.04,34.42,34.91,35.97,33.40,34.47,34.02,35.37,35.63,36.51,37.36,38.99,39.15,35.51,33.71,36.12,30.83,35.64,30.50,29.98,28.51,26.60,25.81,26.39,26.91,40.09,30.91,32.45,24.79,25.95,29.07,26.29,27.27,28.71,31.01,34.01,36.97,41.87,37.38,40.52,34.17,31.16,31.55,33.41,29.46,29.36,29.82,29.24,30.19,36.10,35.13,37.46,33.01,32.95,29.89,29.65,31.86,29.67,29.24,26.72,25.89,27.38,32.42,35.14,40.28,35.60,31.71,32.94,30.18,31.43,30.11,30.22,30.61,30.90,30.13,32.06,39.71,40.28,34.62,35.87,36.74,33.10,33.70,34.62,35.10,37.46,40.53,42.69,56.10,64.58,53.66,70.81,71.19,63.37,61.01,52.59,67.28,57.73,56.89,59.58,63.25,65.01,58.89,65.03,56.01,56.60,54.29,47.74,59.03,49.66,52.88,51.11,47.51,41.08,54.99,59.94,0.00,52.67,63.99,50.86,96.57,56.48,50.04,50.58,50.62,49.37,49.94,48.20,50.18,51.13,51.19,43.58,43.65,49.04,48.96,41.72,41.97,40.66,..,..,..,..,..,..,..,..,..,..
Sugarcane for Centrifugal Sugar,..CORDILLERA ADMINISTRATIVE REGION (CAR),0.00,0.00,0.00,0.00,0.00,0.00,0.00,0.00,0.00,0.00,0.00,0.00,0.00,0.00,0.00,0.00,0.00,0.00,0.00,0.00,0.00,0.00,0.00,0.00,0.00,0.00,0.00,0.00,0.00,0.00,0.00,0.00,0.00,0.00,0.00,0.00,0.00,0.00,0.00,0.00,0.00,0.00,0.00,0.00,0.00,0.00,0.00,0.00,0.00,0.00,0.00,0.00,0.00,0.00,0.00,0.00,0.00,0.00,0.00,0.00,0.00,0.00,0.00,0.00,0.00,0.00,0.00,0.00,0.00,0.00,0.00,0.00,0.00,0.00,0.00,0.00,0.00,0.00,0.00,0.00,0.00,0.00,0.00,0.00,0.00,0.00,0.00,0.00,0.00,0.00,0.00,0.00,0.00,0.00,0.00,0.00,0.00,0.00,0.00,0.00,0.00,0.00,0.00,0.00,0.00,0.00,0.00,0.00,0.00,0.00,0.00,0.00,0.00,0.00,0.00,0.00,0.00,0.00,0.00,0.00,0.00,0.00,0.00,0.00,0.00,0.00,0.00,0.00,0.00,0.00,0.00,0.00,0.00,0.00,0.00,0.00,0.00,0.00,0.00,0.00,0.00,0.00,0.00,0.00,0.00,0.00,0.00,0.00,0.00,0.00,0.00,0.00,0.00,0.00,0.00,0.00,0.00,0.00,0.00,0.00,0.00,0.00,0.00,0.00,0.00,0.00,0.00,0.00,0.00,0.00,0.00,0.00,0.00,0.00,0.00,44.38,56.46,0.00,0.00,0.00,0.00,50.42,0.00,0.00,0.00,0.00,0.00,0.00,0.00,0.00,0.00,0.00,0.00,0.00,0.00,0.00,0.00,48.08,50.00,0.00,0.00,0.00,0.00,0.00,0.00,0.00,0.00,49.04,0.00,0.00,50.00,..,..,..,..,..,..,..,..,..,..
Sugarcane for Centrifugal Sugar,..REGION I (ILOCOS REGION),0.00,0.00,0.00,0.00,0.00,0.00,0.00,0.00,0.00,0.00,0.00,0.00,0.00,0.00,0.00,0.00,0.00,0.00,0.00,0.00,0.00,0.00,0.00,0.00,0.00,0.00,0.00,0.00,0.00,0.00,0.00,0.00,0.00,0.00,0.00,0.00,0.00,0.00,0.00,0.00,0.00,0.00,0.00,0.00,0.00,0.00,0.00,0.00,0.00,0.00,0.00,0.00,0.00,0.00,0.00,0.00,0.00,0.00,0.00,0.00,0.00,0.00,0.00,0.00,0.00,0.00,0.00,0.00,0.00,0.00,0.00,0.00,0.00,0.00,0.00,0.00,0.00,0.00,0.00,0.00,0.00,0.00,0.00,0.00,0.00,0.00,0.00,0.00,0.00,0.00,0.00,0.00,0.00,0.00,0.00,0.00,0.00,0.00,0.00,0.00,0.00,0.00,0.00,0.00,0.00,0.00,0.00,0.00,0.00,0.00,0.00,0.00,0.00,0.00,0.00,0.00,0.00,0.00,0.00,0.00,0.00,0.00,0.00,0.00,0.00,0.00,0.00,0.00,0.00,0.00,0.00,0.00,0.00,0.00,0.00,0.00,0.00,0.00,0.00,0.00,0.00,0.00,0.00,0.00,0.00,0.00,0.00,0.00,0.00,0.00,0.00,0.00,0.00,0.00,0.00,0.00,0.00,0.00,0.00,0.00,0.00,0.00,0.00,0.00,0.00,0.00,0.00,0.00,0.00,0.00,0.00,0.00,0.00,0.00,0.00,0.00,0.00,0.00,0.00,0.00,0.00,0.00,0.00,0.00,0.00,0.00,0.00,0.00,0.00,0.00,0.00,0.00,0.00,0.00,0.00,0.00,0.00,0.00,0.00,0.00,0.00,0.00,0.00,0.00,0.00,0.00,0.00,0.00,0.00,0.00,0.00,..,..,..,..,..,..,..,..,..,..
Sugarcane for Centrifugal Sugar,..REGION II (CAGAYAN VALLEY),0.00,0.00,0.00,0.00,0.00,0.00,0.00,0.00,0.00,0.00,0.00,0.00,0.00,0.00,0.00,0.00,0.00,0.00,0.00,0.00,0.00,0.00,0.00,0.00,0.00,0.00,0.00,0.00,0.00,0.00,0.00,0.00,0.00,0.00,0.00,0.00,0.00,0.00,0.00,0.00,0.00,0.00,0.00,0.00,0.00,0.00,0.00,0.00,0.00,0.00,0.00,0.00,0.00,0.00,0.00,0.00,0.00,0.00,0.00,0.00,0.00,0.00,0.00,0.00,0.00,0.00,0.00,0.00,0.00,0.00,0.00,0.00,0.00,0.00,0.00,0.00,0.00,0.00,0.00,0.00,0.00,0.00,0.00,0.00,0.00,0.00,0.00,0.00,0.00,0.00,0.00,0.00,0.00,0.00,0.00,0.00,0.00,0.00,0.00,0.00,0.00,0.00,0.00,0.00,0.00,0.00,0.00,0.00,0.00,0.00,0.00,0.00,0.00,0.00,0.00,0.00,0.00,0.00,0.00,0.00,0.00,0.00,0.00,0.00,0.00,0.00,0.00,0.00,0.00,0.00,0.00,0.00,0.00,0.00,0.00,0.00,0.00,0.00,0.00,0.00,0.00,0.00,0.00,0.00,0.00,0.00,0.00,0.00,0.00,0.00,0.00,0.00,0.00,0.00,0.00,0.00,0.00,0.00,0.00,0.00,0.00,0.00,0.00,0.00,0.00,0.00,0.00,0.00,0.00,0.00,0.00,0.00,0.00,0.00,0.00,0.00,0.00,0.00,0.00,0.00,0.00,0.00,0.00,0.00,0.00,0.00,0.07,0.03,0.00,0.00,0.00,0.00,0.00,0.00,0.05,0.00,0.00,0.00,0.00,0.00,0.00,0.00,0.00,0.00,0.00,0.00,0.00,0.00,45.60,45.60,45.21,..,..,..,..,..,..,..,..,..,..
Sugarcane for Centrifugal Sugar,..REGION III (CENTRAL LUZON),36.93,34.70,32.35,0.00,0.00,0.00,0.00,0.00,0.00,0.00,0.00,44.00,37.00,46.13,41.41,37.02,35.19,0.00,0.00,0.00,0.00,0.00,0.00,0.00,23.74,36.70,25.42,23.81,0.00,0.00,0.00,0.00,0.00,0.00,0.00,0.00,21.40,25.46,24.02,30.04,28.12,28.00,28.03,0.00,0.00,0.00,0.00,0.00,0.00,0.00,27.28,28.29,0.00,0.00,0.00,31.09,0.00,0.00,0.00,0.00,0.00,0.00,0.00,0.00,31.09,32.00,32.00,33.40,0.00,0.00,0.00,0.00,0.00,0.00,0.00,0.00,0.00,32.47,0.00,0.00,34.27,0.00,0.00,0.00,0.00,0.00,0.00,0.00,0.00,0.00,34.27,34.75,34.33,34.71,0.00,0.00,0.00,0.00,0.00,0.00,0.00,0.00,0.00,34.60,25.32,27.71,29.50,0.00,0.00,0.00,0.00,0.00,0.00,0.00,0.00,0.00,27.51,25.77,25.96,0.00,0.00,0.00,0.00,0.00,0.00,0.00,0.00,0.00,29.00,26.91,29.60,29.00,0.00,0.00,0.00,0.00,0.00,0.00,0.00,0.00,0.00,0.00,29.30,0.00,0.00,0.00,0.00,0.00,0.00,0.00,0.00,0.00,0.00,0.00,0.00,0.00,34.07,37.33,0.00,0.00,0.00,0.00,0.00,0.00,0.00,0.00,0.00,0.00,35.70,0.00,0.00,0.00,0.00,0.00,0.00,0.00,0.00,0.00,0.00,0.00,0.00,0.00,26.29,50.00,50.00,0.00,0.00,0.00,0.00,0.00,0.00,0.00,0.00,35.30,40.40,50.00,50.00,50.00,0.00,0.00,0.00,0.00,0.00,0.00,38.00,38.00,38.00,44.00,37.12,49.61,37.17,..,..,..,..,..,..,..,..,..,..
Sugarcane for Centrifugal Sugar,..REGION IV-A (CALABARZON),18.28,29.59,31.00,30.34,29.94,0.00,0.00,0.00,0.00,0.00,0.00,35.12,29.05,44.23,36.38,36.74,36.40,22.29,0.00,0.00,0.00,0.00,0.00,0.00,24.42,33.41,24.89,24.00,28.98,28.56,30.05,0.00,0.00,0.00,0.00,0.00,0.00,29.65,27.69,27.58,25.70,26.88,0.00,0.00,0.00,0.00,0.00,0.00,0.00,0.00,27.81,26.99,28.31,28.49,30.17,0.00,0.00,0.00,0.00,0.00,0.00,0.00,0.00,0.00,28.99,30.15,32.92,29.62,26.01,32.09,0.00,0.00,0.00,0.00,0.00,0.00,0.00,30.16,29.07,28.64,34.81,36.07,35.36,0.00,0.00,0.00,0.00,0.00,0.00,0.00,32.79,28.26,27.04,25.61,25.55,24.66,0.00,0.00,0.00,0.00,0.00,0.00,0.00,26.22,27.42,25.27,26.49,0.00,0.00,0.00,0.00,0.00,0.00,0.00,0.00,0.00,26.39,28.25,26.99,0.00,0.00,0.00,0.00,0.00,0.00,0.00,0.00,0.00,0.00,27.62,27.74,23.81,0.00,25.48,0.00,0.00,0.00,0.00,0.00,0.00,0.00,30.88,26.98,30.15,30.16,32.68,31.85,0.00,0.00,0.00,0.00,0.00,0.00,0.00,28.44,30.66,39.93,35.06,39.93,43.92,0.00,0.00,0.00,0.00,0.00,0.00,0.00,69.79,45.73,68.46,57.48,56.13,58.93,0.00,0.00,0.00,0.00,0.00,0.00,0.00,44.64,57.13,70.00,68.45,53.21,60.33,46.81,0.00,0.00,0.00,0.00,50.00,0.00,43.95,56.11,48.76,47.69,50.07,58.12,58.79,52.17,0.00,0.00,0.00,55.00,54.40,54.56,53.28,39.47,39.72,39.03,..,..,..,..,..,..,..,..,..,..
Sugarcane for Centrifugal Sugar,..MIMAROPA REGION,0.00,0.00,0.00,0.00,0.00,0.00,0.00,0.00,0.00,0.00,0.00,0.00,0.00,0.00,0.00,0.00,0.00,0.00,0.00,0.00,0.00,0.00,0.00,0.00,0.00,0.00,0.00,0.00,0.00,0.00,0.00,0.00,0.00,0.00,0.00,0.00,0.00,0.00,0.00,0.00,0.00,0.00,0.00,0.00,0.00,0.00,0.00,0.00,0.00,0.00,0.00,0.00,0.00,0.00,0.00,0.00,0.00,0.00,0.00,0.00,0.00,0.00,0.00,0.00,0.00,0.00,0.00,0.00,0.00,0.00,0.00,0.00,0.00,0.00,0.00,0.00,0.00,0.00,0.00,0.00,0.00,0.00,0.00,0.00,0.00,0.00,0.00,0.00,0.00,0.00,0.00,0.00,0.00,0.00,0.00,0.00,0.00,0.00,0.00,0.00,0.00,0.00,0.00,0.00,0.00,0.00,0.00,0.00,0.00,0.00,0.00,0.00,0.00,0.00,0.00,0.00,0.00,0.00,0.00,0.00,0.00,0.00,0.00,0.00,0.00,0.00,0.00,0.00,0.00,0.00,0.00,0.00,0.00,0.00,0.00,0.00,0.00,0.00,0.00,0.00,0.00,0.00,0.00,0.00,0.00,0.00,0.00,0.00,0.00,0.00,0.00,0.00,0.00,0.00,0.00,0.00,0.00,0.00,0.00,0.00,0.00,0.00,0.00,0.00,0.00,0.00,0.00,0.00,0.00,0.00,0.00,0.00,0.00,0.00,0.00,0.00,0.00,0.00,0.00,0.00,0.00,0.00,0.00,0.00,0.00,0.00,0.00,0.00,0.00,0.00,0.00,0.00,0.00,0.00,0.00,0.00,0.00,0.00,0.00,0.00,0.00,0.00,0.00,0.00,0.00,0.00,0.00,0.00,0.00,0.00,0.00,..,..,..,..,..,..,..,..,..,..
Sugarcane for Centrifugal Sugar,..REGION V (BICOL REGION),0.00,0.00,0.00,0.00,0.00,0.00,0.00,0.00,0.00,0.00,0.00,0.00,0.00,0.00,0.00,0.00,0.00,0.00,0.00,0.00,0.00,0.00,0.00,0.00,0.00,0.00,0.00,0.00,0.00,0.00,0.00,0.00,0.00,0.00,0.00,0.00,0.00,0.00,0.00,0.00,0.00,0.00,0.00,0.00,0.00,0.00,0.00,0.00,0.00,0.00,0.00,0.00,0.00,0.00,0.00,0.00,0.00,0.00,0.00,0.00,0.00,0.00,0.00,0.00,0.00,0.00,0.00,0.00,0.00,0.00,0.00,0.00,0.00,0.00,0.00,0.00,0.00,0.00,0.00,0.00,0.00,0.00,0.00,0.00,0.00,0.00,0.00,0.00,0.00,0.00,0.00,0.00,0.00,0.00,0.00,0.00,0.00,0.00,0.00,0.00,0.00,0.00,0.00,0.00,0.00,0.00,0.00,0.00,0.00,0.00,0.00,0.00,0.00,0.00,0.00,0.00,0.00,0.00,0.00,0.00,0.00,0.00,0.00,0.00,0.00,0.00,0.00,0.00,0.00,0.00,0.00,0.00,0.00,0.00,0.00,0.00,0.00,0.00,0.00,0.00,0.00,0.00,0.00,0.00,0.00,0.00,0.00,0.00,0.00,0.00,0.00,0.00,0.00,0.00,0.00,0.00,0.00,0.00,0.00,0.00,0.00,0.00,0.00,0.00,0.00,0.00,0.00,0.00,0.00,0.00,0.00,0.00,0.00,0.00,0.00,0.00,0.00,0.00,0.00,0.00,0.00,0.00,0.00,0.00,0.00,27.78,0.00,39.80,0.00,0.00,0.00,0.00,0.00,0.00,33.79,0.00,0.00,0.00,53.69,0.00,57.20,0.00,0.00,0.00,0.00,0.00,0.00,55.45,0.00,0.00,0.00,..,..,..,..,..,..,..,..,..,..
Sugarcane for Centrifugal Sugar,..REGION VI (WESTERN VISAYAS),39.81,32.90,32.81,34.19,36.38,40.22,47.58,49.57,48.28,49.80,51.24,48.78,42.63,46.46,42.43,38.55,37.27,28.98,28.28,27.44,28.78,28.51,26.67,23.34,26.21,31.91,26.50,28.50,28.54,31.37,33.66,35.25,35.21,36.28,33.42,28.95,26.98,26.81,30.96,27.97,27.81,29.31,29.70,30.64,32.00,31.77,29.47,30.47,29.31,31.14,29.03,29.89,28.68,30.92,30.99,34.05,35.16,34.59,34.64,33.31,31.33,30.53,30.38,30.64,32.10,30.82,30.40,33.20,36.83,36.48,35.81,35.71,34.86,34.68,35.85,36.02,37.74,34.87,38.08,37.68,37.45,37.81,37.53,37.36,38.99,39.15,36.59,35.60,35.29,36.06,37.30,34.45,34.37,33.23,33.02,33.63,33.79,34.25,40.09,34.91,37.75,33.65,31.19,34.53,31.27,32.06,30.80,33.99,37.74,39.62,40.64,37.38,38.86,35.95,35.18,36.25,35.81,35.60,35.51,35.09,36.68,36.60,41.19,35.13,37.46,35.46,35.76,35.66,35.53,36.31,36.00,37.06,34.97,33.28,34.00,40.28,35.14,40.28,40.28,34.81,35.93,35.94,36.50,35.26,34.76,35.36,37.81,38.15,45.66,46.31,47.45,37.71,38.29,39.76,40.69,39.77,38.68,38.40,39.07,44.50,48.30,56.10,64.58,64.77,71.46,73.77,69.20,65.03,56.16,71.03,65.54,64.87,67.21,66.99,72.15,73.39,73.60,59.81,60.71,58.97,55.31,65.80,51.38,51.02,53.00,26.99,53.50,53.00,0.00,0.00,0.00,0.00,87.37,55.38,53.95,46.66,62.52,44.99,53.67,52.94,52.00,0.00,0.00,0.00,46.05,46.41,45.26,50.06,42.85,43.62,40.36,..,..,..,..,..,..,..,..,..,..
Sugarcane for Centrifugal Sugar,..NEGROS ISLAND REGION (NIR) 2/,..,..,..,..,..,..,..,..,..,..,..,..,..,..,..,..,..,..,..,..,..,..,..,..,..,..,..,..,..,..,..,..,..,..,..,..,..,..,..,..,..,..,..,..,..,..,..,..,..,..,..,..,..,..,..,..,..,..,..,..,..,..,..,..,..,..,..,..,..,..,..,..,..,..,..,..,..,..,..,..,..,..,..,..,..,..,..,..,..,..,..,..,..,..,..,..,..,..,..,..,..,..,..,..,..,..,..,..,..,..,..,..,..,..,..,..,..,..,..,..,..,..,..,..,..,..,..,..,..,..,..,..,..,..,..,..,..,..,..,..,..,..,..,..,..,..,..,..,..,..,..,..,..,..,..,..,..,..,..,..,..,..,..,..,..,..,..,..,..,..,..,..,..,..,..,..,..,..,..,..,..,..,50.35,50.41,49.56,38.17,36.18,0.00,0.00,0.00,52.67,51.73,52.38,53.11,48.05,49.88,48.86,51.54,48.83,50.17,48.51,46.75,0.00,49.29,43.27,43.73,50.54,48.31,41.30,41.00,40.57,..,..,..,..,..,..,..,..,..,..
Tobacco Native,PHILIPPINES,113.79,104.08,110.78,117.22,100.65,94.75,92.17,92.13,92.13,89.01,84.11,112.21,100.25,93.50,101.32,101.73,102.60,108.25,99.40,115.53,146.60,146.04,139.76,119.85,176.17,120.90,132.56,117.61,150.84,91.57,80.34,79.94,82.90,481.61,517.76,367.55,462.79,561.40,260.57,256.81,184.20,144.60,125.29,171.68,108.79,103.24,193.28,197.08,135.16,179.82,208.97,167.41,193.20,157.72,138.50,137.16,123.26,127.81,108.61,234.25,231.66,217.63,154.11,216.85,170.06,198.75,158.15,161.93,178.38,158.77,158.61,138.45,386.96,236.18,240.54,252.56,314.00,215.27,250.56,146.97,174.03,107.25,88.86,77.29,91.48,189.76,175.67,172.52,409.99,399.53,190.33,190.71,174.64,265.37,240.84,240.90,193.88,409.16,293.46,426.17,392.21,400.00,544.06,314.28,0.00,225.21,213.91,272.99,236.14,243.15,310.62,438.58,504.93,401.49,316.32,394.16,323.41,336.75,285.31,372.48,298.42,292.65,248.59,482.08,686.04,531.98,554.81,506.88,549.87,428.82,325.32,278.36,266.11,117.30,287.85,325.45,417.14,253.32,595.03,647.00,685.72,651.53,404.18,892.19,475.69,327.33,364.51,338.85,262.08,297.48,457.82,413.55,362.26,410.25,351.49,412.79,433.84,181.61,236.45,233.12,213.82,196.42,247.63,474.32,437.85,383.47,376.47,313.90,310.74,364.34,323.74,262.81,369.27,327.59,426.96,426.64,571.39,676.94,640.93,513.59,687.40,465.97,312.35,182.25,475.42,293.31,284.11,247.50,262.05,308.06,283.37,660.54,327.08,296.67,327.73,390.96,414.79,457.20,86.80,106.46,114.87,252.38,155.13,222.17,140.35,299.58,307.00,245.64,89.71,171.03,106.96,..,..,..,..,..,..,..,..,..,..
Tobacco Native,..CORDILLERA ADMINISTRATIVE REGION (CAR),0.00,0.00,0.00,0.00,0.00,0.00,0.00,0.00,0.00,0.00,0.00,0.00,0.00,0.00,0.00,0.00,0.00,0.00,0.00,0.00,0.00,0.00,0.00,0.00,0.00,0.00,0.00,0.00,0.00,0.00,0.00,0.00,0.00,0.00,0.00,0.00,0.00,0.00,0.00,0.00,0.00,0.00,0.00,0.00,0.00,0.00,0.00,0.00,0.00,0.00,0.00,0.00,0.00,0.00,0.00,0.00,0.00,0.00,0.00,0.00,0.00,0.00,0.00,0.00,0.00,0.00,0.00,0.00,0.00,0.00,0.00,0.00,0.00,0.00,0.00,0.00,0.00,0.00,0.00,0.00,0.00,0.00,0.00,0.00,0.00,0.00,0.00,0.00,0.00,0.00,0.00,0.00,0.00,0.00,0.00,0.00,0.00,0.00,0.00,0.00,0.00,0.00,0.00,0.00,0.00,0.00,0.00,0.00,0.00,0.00,0.00,0.00,0.00,0.00,0.00,0.00,0.00,0.00,0.00,0.00,0.00,0.00,0.00,0.00,0.00,0.00,0.00,0.00,0.00,0.00,0.00,0.00,0.00,0.00,0.00,0.00,0.00,0.00,0.00,0.00,0.00,0.00,0.00,0.00,0.00,0.00,0.00,0.00,0.00,0.00,0.00,0.00,0.00,0.00,0.00,0.00,0.00,0.00,0.00,0.00,0.00,0.00,0.00,0.00,0.00,0.00,0.00,0.00,0.00,0.00,0.00,0.00,0.00,0.00,0.00,0.00,0.00,0.00,0.00,0.00,0.00,0.00,0.00,0.00,0.00,0.00,0.00,0.00,0.00,0.00,0.00,0.00,0.00,0.00,0.00,0.00,0.00,0.00,0.00,0.00,0.00,0.00,0.00,0.00,0.00,0.00,0.00,0.00,0.00,0.00,0.00,..,..,..,..,..,..,..,..,..,..
Tobacco Native,..REGION I (ILOCOS REGION),0.00,102.27,87.13,87.45,84.98,92.69,0.00,0.00,0.00,0.00,0.00,0.00,90.90,0.00,101.03,85.18,88.38,88.96,85.62,0.00,0.00,0.00,0.00,0.00,0.00,89.83,0.00,80.34,73.71,78.75,79.55,77.68,0.00,0.00,0.00,0.00,0.00,0.00,78.01,0.00,47.24,57.21,65.37,69.93,64.41,0.00,0.00,0.00,0.00,0.00,0.00,60.83,0.00,84.62,87.26,71.91,77.29,62.03,0.00,0.00,0.00,0.00,0.00,0.00,76.62,0.00,75.95,72.82,66.14,66.55,67.40,0.00,0.00,0.00,0.00,0.00,0.00,69.77,0.00,49.10,61.75,68.49,68.19,69.21,0.00,0.00,0.00,0.00,0.00,0.00,63.35,0.00,71.26,59.49,61.04,80.20,77.78,0.00,0.00,0.00,0.00,0.00,0.00,69.95,0.00,55.23,56.55,57.75,57.03,38.00,0.00,0.00,0.00,0.00,0.00,0.00,52.91,0.00,54.09,67.22,73.00,72.09,99.29,0.00,0.00,0.00,0.00,0.00,0.00,73.14,0.00,55.26,70.39,76.83,77.08,88.01,0.00,0.00,0.00,0.00,0.00,0.00,73.51,0.00,72.56,54.65,80.12,91.28,117.57,0.00,0.00,0.00,0.00,0.00,0.00,83.24,0.00,69.06,55.61,59.41,59.90,60.14,0.00,0.00,0.00,0.00,0.00,0.00,60.82,0.00,73.52,101.15,73.18,107.51,109.71,109.71,0.00,0.00,0.00,0.00,0.00,95.80,97.50,97.50,90.25,101.62,125.02,115.97,0.00,0.00,0.00,0.00,0.00,0.00,104.64,103.33,128.00,125.46,86.76,105.20,116.47,0.00,0.00,0.00,0.00,0.00,0.00,110.87,75.00,88.28,93.11,..,..,..,..,..,..,..,..,..,..
Tobacco Native,..REGION II (CAGAYAN VALLEY),0.00,0.00,0.00,0.00,43.36,42.91,40.93,0.00,0.00,0.00,0.00,0.00,42.40,0.00,0.00,0.00,0.00,59.64,58.49,58.17,0.00,0.00,0.00,0.00,0.00,58.77,0.00,0.00,0.00,0.00,45.32,47.10,52.82,0.00,0.00,0.00,0.00,0.00,48.41,0.00,0.00,0.00,0.00,64.16,54.37,57.53,0.00,0.00,0.00,0.00,0.00,58.69,0.00,0.00,0.00,0.00,62.81,60.85,58.17,0.00,0.00,0.00,0.00,0.00,60.61,0.00,0.00,0.00,0.00,57.03,58.33,68.14,0.00,0.00,0.00,0.00,0.00,61.17,0.00,0.00,0.00,0.00,62.39,70.77,52.58,0.00,0.00,0.00,0.00,0.00,61.91,0.00,0.00,0.00,0.00,55.22,54.10,54.87,0.00,0.00,0.00,0.00,0.00,54.73,0.00,0.00,0.00,0.00,66.71,56.79,48.18,0.00,0.00,0.00,0.00,0.00,57.23,0.00,0.00,0.00,60.50,62.06,66.58,64.38,0.00,0.00,0.00,0.00,0.00,63.38,0.00,0.00,0.00,56.00,71.32,66.30,68.57,74.23,0.00,0.00,0.00,0.00,67.28,0.00,0.00,0.00,0.00,61.72,56.47,64.28,0.00,0.00,0.00,0.00,0.00,60.82,0.00,0.00,0.00,0.00,93.00,46.23,54.04,0.00,0.00,0.00,0.00,0.00,64.42,0.00,0.00,0.00,0.00,53.62,53.23,55.45,0.00,0.00,0.00,0.00,0.00,54.10,0.00,0.00,0.00,0.00,49.64,126.53,0.00,0.00,323.51,0.00,0.00,0.00,166.56,0.00,0.00,80.00,0.00,0.00,65.00,78.00,78.00,78.00,0.00,0.00,0.00,75.80,0.00,0.00,0.00,..,..,..,..,..,..,..,..,..,..
Tobacco Native,..REGION III (CENTRAL LUZON),0.00,0.00,0.00,0.00,0.00,0.00,0.00,0.00,0.00,0.00,0.00,0.00,0.00,0.00,0.00,0.00,0.00,0.00,0.00,0.00,0.00,0.00,0.00,0.00,0.00,0.00,0.00,0.00,0.00,0.00,0.00,0.00,0.00,0.00,0.00,0.00,0.00,0.00,0.00,0.00,0.00,0.00,0.00,0.00,0.00,0.00,0.00,0.00,0.00,0.00,0.00,0.00,0.00,0.00,0.00,0.00,0.00,0.00,0.00,0.00,0.00,0.00,0.00,0.00,0.00,0.00,0.00,0.00,0.00,0.00,0.00,0.00,0.00,0.00,0.00,0.00,0.00,0.00,0.00,0.00,0.00,0.00,0.00,0.00,0.00,0.00,0.00,0.00,0.00,0.00,0.00,0.00,0.00,0.00,0.00,0.00,0.00,0.00,0.00,0.00,0.00,0.00,0.00,0.00,0.00,0.00,0.00,0.00,0.00,0.00,0.00,0.00,0.00,0.00,0.00,0.00,0.00,0.00,0.00,0.00,0.00,0.00,0.00,0.00,0.00,0.00,0.00,0.00,0.00,0.00,0.00,0.00,0.00,0.00,0.00,0.00,0.00,0.00,0.00,0.00,0.00,0.00,0.00,0.00,0.00,0.00,0.00,0.00,0.00,0.00,0.00,0.00,0.00,0.00,0.00,0.00,0.00,0.00,0.00,0.00,0.00,0.00,0.00,0.00,0.00,0.00,0.00,0.00,0.00,0.00,0.00,0.00,0.00,0.00,0.00,0.00,0.00,0.00,0.00,0.00,0.00,0.00,0.00,0.00,0.00,0.00,0.00,0.00,0.00,0.00,0.00,0.00,0.00,0.00,0.00,0.00,0.00,0.00,0.00,0.00,0.00,0.00,0.00,0.00,0.00,0.00,0.00,0.00,0.00,0.00,0.00,..,..,..,..,..,..,..,..,..,..
Tobacco Native,..REGION IV-A (CALABARZON),0.00,0.00,0.00,0.00,0.00,0.00,0.00,0.00,0.00,0.00,0.00,0.00,0.00,0.00,0.00,0.00,0.00,0.00,0.00,0.00,0.00,0.00,0.00,0.00,0.00,0.00,0.00,0.00,0.00,0.00,0.00,0.00,0.00,0.00,0.00,0.00,0.00,0.00,0.00,0.00,0.00,0.00,0.00,0.00,0.00,0.00,0.00,0.00,0.00,0.00,0.00,0.00,0.00,0.00,0.00,0.00,0.00,0.00,0.00,0.00,0.00,0.00,0.00,0.00,0.00,0.00,0.00,0.00,0.00,0.00,0.00,0.00,0.00,0.00,0.00,0.00,0.00,0.00,0.00,0.00,0.00,0.00,0.00,0.00,0.00,0.00,0.00,0.00,0.00,0.00,0.00,0.00,0.00,0.00,0.00,0.00,0.00,0.00,0.00,0.00,0.00,0.00,0.00,0.00,0.00,0.00,0.00,0.00,0.00,0.00,0.00,0.00,0.00,0.00,0.00,0.00,0.00,0.00,0.00,0.00,0.00,0.00,0.00,0.00,0.00,0.00,0.00,0.00,0.00,0.00,0.00,0.00,0.00,0.00,0.00,0.00,0.00,0.00,0.00,0.00,0.00,0.00,0.00,0.00,0.00,0.00,0.00,0.00,0.00,0.00,0.00,0.00,0.00,0.00,0.00,0.00,0.00,0.00,0.00,0.00,0.00,0.00,0.00,0.00,0.00,0.00,0.00,0.00,0.00,0.00,0.00,0.00,0.00,0.00,0.00,0.00,0.00,0.00,0.00,0.00,0.00,0.00,0.00,0.00,0.00,0.00,0.00,0.00,0.00,0.00,0.00,0.00,0.00,0.00,0.00,0.00,0.00,0.00,0.00,0.00,0.00,0.00,0.00,0.00,0.00,0.00,0.00,0.00,0.00,0.00,0.00,..,..,..,..,..,..,..,..,..,..
Tobacco Native,..MIMAROPA REGION,0.00,0.00,0.00,0.00,0.00,0.00,0.00,0.00,0.00,0.00,0.00,0.00,0.00,0.00,0.00,0.00,0.00,0.00,0.00,0.00,0.00,0.00,0.00,0.00,0.00,0.00,0.00,0.00,0.00,0.00,0.00,0.00,0.00,0.00,0.00,0.00,0.00,0.00,0.00,0.00,0.00,0.00,0.00,0.00,0.00,0.00,0.00,0.00,0.00,0.00,0.00,0.00,0.00,0.00,0.00,0.00,0.00,0.00,0.00,0.00,0.00,0.00,0.00,0.00,0.00,0.00,0.00,0.00,0.00,0.00,0.00,0.00,0.00,0.00,0.00,0.00,0.00,0.00,0.00,0.00,0.00,0.00,0.00,0.00,0.00,0.00,0.00,0.00,0.00,0.00,0.00,0.00,0.00,0.00,0.00,0.00,0.00,0.00,0.00,0.00,0.00,0.00,0.00,0.00,0.00,0.00,0.00,0.00,0.00,0.00,0.00,0.00,0.00,0.00,0.00,0.00,0.00,0.00,0.00,0.00,0.00,0.00,0.00,0.00,0.00,0.00,0.00,0.00,0.00,0.00,0.00,0.00,0.00,0.00,0.00,0.00,0.00,0.00,0.00,0.00,0.00,0.00,0.00,0.00,0.00,0.00,0.00,0.00,0.00,0.00,0.00,0.00,0.00,0.00,0.00,0.00,0.00,0.00,0.00,0.00,0.00,0.00,0.00,0.00,0.00,0.00,0.00,0.00,0.00,0.00,0.00,0.00,0.00,0.00,0.00,0.00,0.00,0.00,0.00,0.00,0.00,0.00,0.00,0.00,0.00,0.00,0.00,0.00,0.00,0.00,0.00,0.00,0.00,0.00,0.00,0.00,0.00,0.00,0.00,0.00,0.00,0.00,0.00,0.00,0.00,0.00,0.00,0.00,0.00,0.00,0.00,..,..,..,..,..,..,..,..,..,..
Tobacco Native,..REGION V (BICOL REGION),0.00,0.00,0.00,0.00,0.00,0.00,0.00,0.00,0.00,0.00,0.00,0.00,0.00,0.00,0.00,0.00,0.00,0.00,0.00,0.00,0.00,0.00,0.00,0.00,0.00,0.00,0.00,0.00,0.00,0.00,0.00,0.00,0.00,0.00,0.00,0.00,0.00,0.00,0.00,0.00,0.00,0.00,0.00,0.00,0.00,0.00,0.00,0.00,0.00,0.00,0.00,0.00,0.00,0.00,0.00,0.00,0.00,0.00,0.00,0.00,0.00,0.00,0.00,0.00,0.00,0.00,0.00,0.00,0.00,0.00,0.00,0.00,0.00,0.00,0.00,0.00,0.00,0.00,0.00,0.00,0.00,0.00,0.00,0.00,0.00,0.00,0.00,0.00,0.00,0.00,0.00,0.00,0.00,0.00,0.00,0.00,0.00,0.00,0.00,0.00,0.00,0.00,0.00,0.00,0.00,0.00,0.00,0.00,0.00,0.00,0.00,0.00,0.00,0.00,0.00,0.00,0.00,0.00,0.00,0.00,0.00,0.00,0.00,0.00,0.00,0.00,0.00,0.00,0.00,0.00,0.00,0.00,0.00,0.00,0.00,0.00,0.00,0.00,0.00,0.00,0.00,0.00,0.00,0.00,0.00,0.00,0.00,0.00,0.00,0.00,0.00,0.00,0.00,0.00,0.00,0.00,0.00,0.00,0.00,0.00,0.00,0.00,0.00,0.00,0.00,0.00,0.00,0.00,0.00,0.00,0.00,0.00,0.00,0.00,0.00,0.00,0.00,0.00,0.00,0.00,0.00,0.00,0.00,0.00,0.00,0.00,0.00,0.00,0.00,0.00,0.00,0.00,0.00,0.00,0.00,0.00,0.00,0.00,0.00,0.00,0.00,0.00,0.00,0.00,0.00,0.00,0.00,0.00,0.00,0.00,0.00,..,..,..,..,..,..,..,..,..,..
Tobacco Native,..REGION VI (WESTERN VISAYAS),80.70,75.70,107.46,117.67,121.21,111.69,99.52,83.32,78.43,83.91,89.65,0.00,95.39,0.00,0.00,0.00,0.00,160.03,146.94,152.66,146.60,127.89,110.83,108.21,103.16,132.04,98.43,102.83,97.29,95.61,93.93,94.36,95.11,95.84,0.00,0.00,0.00,0.00,96.68,0.00,0.00,134.27,206.42,212.61,214.20,149.06,169.17,159.48,165.94,165.00,164.59,174.07,186.19,185.71,185.81,200.00,194.11,198.31,160.33,174.59,175.92,194.11,179.69,181.64,184.70,181.10,209.61,232.72,235.13,206.57,208.27,208.76,173.91,174.05,177.13,179.02,0.00,198.75,180.22,160.00,0.00,158.94,165.24,0.00,143.75,189.76,139.82,0.00,0.00,0.00,162.53,0.00,0.00,0.00,0.00,0.00,0.00,312.93,323.71,0.00,0.00,0.00,0.00,318.32,0.00,290.91,0.00,0.00,0.00,250.32,238.48,192.36,278.98,216.35,227.19,320.00,251.82,240.60,120.00,250.00,222.27,204.30,200.00,0.00,0.00,0.00,0.00,0.00,0.00,206.20,250.00,0.00,400.00,0.00,432.69,0.00,0.00,0.00,0.00,0.00,0.00,0.00,360.90,0.00,0.00,0.00,0.00,600.00,350.00,357.44,0.00,0.00,0.00,0.00,200.00,376.86,300.00,0.00,250.00,0.00,0.00,0.00,0.00,0.00,200.00,287.21,355.56,166.67,259.91,264.65,419.80,216.99,276.43,130.71,334.44,286.03,276.84,235.84,281.85,303.90,388.09,284.63,261.00,267.00,436.00,336.67,335.00,500.00,0.00,500.00,0.00,625.00,0.00,0.00,407.58,404.28,404.28,246.80,410.00,410.00,410.00,410.00,410.00,410.00,625.00,625.00,625.00,449.20,310.97,310.97,310.97,..,..,..,..,..,..,..,..,..,..
Tobacco Native,..NEGROS ISLAND REGION (NIR) 2/,..,..,..,..,..,..,..,..,..,..,..,..,..,..,..,..,..,..,..,..,..,..,..,..,..,..,..,..,..,..,..,..,..,..,..,..,..,..,..,..,..,..,..,..,..,..,..,..,..,..,..,..,..,..,..,..,..,..,..,..,..,..,..,..,..,..,..,..,..,..,..,..,..,..,..,..,..,..,..,..,..,..,..,..,..,..,..,..,..,..,..,..,..,..,..,..,..,..,..,..,..,..,..,..,..,..,..,..,..,..,..,..,..,..,..,..,..,..,..,..,..,..,..,..,..,..,..,..,..,..,..,..,..,..,..,..,..,..,..,..,..,..,..,..,..,..,..,..,..,..,..,..,..,..,..,..,..,..,..,..,..,..,..,..,..,..,..,..,..,..,..,..,..,..,..,..,..,..,..,..,..,..,0.00,0.00,0.00,0.00,0.00,0.00,0.00,0.00,0.00,0.00,0.00,0.00,0.00,0.00,627.38,0.00,0.00,588.24,0.00,0.00,797.01,0.00,0.00,600.00,0.00,653.16,550.00,550.00,500.00,..,..,..,..,..,..,..,..,..,..
Tobacco Virginia,PHILIPPINES,0.00,64.29,70.89,64.19,52.49,46.44,0.00,0.00,0.00,0.00,0.00,0.00,59.66,0.00,68.53,67.73,62.08,51.34,59.81,0.00,0.00,0.00,0.00,0.00,0.00,61.90,0.00,64.00,65.31,63.40,58.65,0.00,0.00,0.00,0.00,0.00,0.00,0.00,62.84,0.00,60.67,70.29,67.37,54.38,66.25,0.00,0.00,0.00,0.00,0.00,0.00,63.79,0.00,66.83,71.89,68.99,53.56,69.13,0.00,0.00,0.00,0.00,0.00,0.00,66.08,0.00,60.36,57.59,48.82,50.33,43.42,0.00,0.00,0.00,0.00,0.00,0.00,52.10,0.00,59.84,59.93,65.16,58.40,45.37,0.00,0.00,0.00,0.00,0.00,0.00,57.74,0.00,73.83,55.86,60.61,56.88,56.50,0.00,0.00,0.00,0.00,0.00,0.00,60.74,73.82,71.97,73.75,68.92,64.36,75.74,0.00,0.00,0.00,0.00,0.00,0.00,71.43,0.00,66.62,75.74,75.68,71.31,55.91,0.00,0.00,0.00,0.00,0.00,0.00,69.05,0.00,80.38,75.85,72.72,74.49,33.65,0.00,0.00,0.00,0.00,0.00,0.00,67.42,0.00,70.98,74.50,57.04,54.42,57.02,0.00,0.00,0.00,0.00,0.00,0.00,62.79,0.00,78.70,71.33,70.17,71.17,51.81,0.00,0.00,0.00,0.00,0.00,0.00,68.64,0.00,79.00,69.07,68.64,73.43,82.40,82.40,0.00,0.00,0.00,0.00,0.00,75.82,86.67,73.64,77.66,134.78,107.65,108.28,0.00,0.00,0.00,0.00,0.00,0.00,98.11,95.00,116.26,114.84,114.81,118.52,92.92,0.00,0.00,0.00,0.00,0.00,0.00,108.72,97.40,90.69,88.41,..,..,..,..,..,..,..,..,..,..
Tobacco Virginia,..CORDILLERA ADMINISTRATIVE REGION (CAR),0.00,0.00,72.07,71.18,60.77,0.00,0.00,0.00,0.00,0.00,0.00,0.00,68.01,0.00,0.00,71.84,63.26,52.95,0.00,0.00,0.00,0.00,0.00,0.00,0.00,62.68,0.00,0.00,71.99,65.16,60.32,0.00,0.00,0.00,0.00,0.00,0.00,0.00,65.82,0.00,0.00,73.09,66.10,44.57,0.00,0.00,0.00,0.00,0.00,0.00,0.00,61.25,0.00,0.00,72.22,70.05,40.38,0.00,0.00,0.00,0.00,0.00,0.00,0.00,60.88,0.00,0.00,50.94,46.63,47.84,0.00,0.00,0.00,0.00,0.00,0.00,0.00,48.47,0.00,0.00,50.66,63.10,54.38,0.00,0.00,0.00,0.00,0.00,0.00,0.00,56.05,0.00,0.00,39.26,54.22,47.11,0.00,0.00,0.00,0.00,0.00,0.00,0.00,46.86,0.00,0.00,65.75,60.65,52.34,0.00,0.00,0.00,0.00,0.00,0.00,0.00,59.58,0.00,0.00,75.49,81.87,69.12,0.00,0.00,0.00,0.00,0.00,0.00,0.00,75.49,0.00,0.00,75.73,75.28,74.64,0.00,0.00,0.00,0.00,0.00,0.00,0.00,75.22,0.00,0.00,76.12,51.44,48.60,0.00,0.00,0.00,0.00,0.00,0.00,0.00,58.72,0.00,0.00,59.21,65.55,73.79,0.00,0.00,0.00,0.00,0.00,0.00,0.00,66.18,0.00,0.00,57.56,53.63,62.82,0.00,0.00,0.00,0.00,0.00,0.00,0.00,58.00,0.00,60.00,60.00,0.00,0.00,0.00,0.00,0.00,0.00,0.00,0.00,0.00,60.00,0.00,130.00,130.00,100.00,83.00,0.00,0.00,0.00,0.00,0.00,0.00,0.00,110.75,0.00,97.00,70.00,..,..,..,..,..,..,..,..,..,..
Tobacco Virginia,..REGION I (ILOCOS REGION),0.00,64.29,69.70,57.20,44.21,46.44,0.00,0.00,0.00,0.00,0.00,0.00,56.37,0.00,68.53,63.62,60.90,49.73,59.81,0.00,0.00,0.00,0.00,0.00,0.00,60.52,0.00,64.00,58.62,61.63,56.97,0.00,0.00,0.00,0.00,0.00,0.00,0.00,60.31,0.00,60.67,67.48,68.63,64.19,66.25,0.00,0.00,0.00,0.00,0.00,0.00,65.44,0.00,66.83,71.56,67.92,66.73,69.13,0.00,0.00,0.00,0.00,0.00,0.00,68.43,0.00,60.36,64.24,51.01,52.82,43.42,0.00,0.00,0.00,0.00,0.00,0.00,54.37,0.00,59.84,69.20,67.21,62.42,45.37,0.00,0.00,0.00,0.00,0.00,0.00,60.81,0.00,73.83,72.46,66.99,66.64,56.50,0.00,0.00,0.00,0.00,0.00,0.00,67.28,73.82,71.97,81.75,77.18,76.38,75.74,0.00,0.00,0.00,0.00,0.00,0.00,76.14,0.00,66.62,75.98,69.48,73.50,55.91,0.00,0.00,0.00,0.00,0.00,0.00,68.30,0.00,80.38,75.97,70.15,74.33,33.65,0.00,0.00,0.00,0.00,0.00,0.00,66.90,0.00,70.98,72.87,62.63,60.24,57.02,0.00,0.00,0.00,0.00,0.00,0.00,64.75,0.00,78.70,83.44,74.78,68.55,51.81,0.00,0.00,0.00,0.00,0.00,0.00,71.46,0.00,79.00,80.57,83.64,84.03,82.40,82.40,0.00,0.00,0.00,0.00,0.00,82.01,86.67,87.28,95.32,134.78,107.65,108.28,0.00,0.00,0.00,0.00,0.00,0.00,103.33,95.00,116.26,114.84,114.81,118.52,92.92,0.00,0.00,0.00,0.00,0.00,0.00,108.72,97.40,90.37,89.35,..,..,..,..,..,..,..,..,..,..
Tobacco Virginia,..REGION II (CAGAYAN VALLEY),0.00,0.00,0.00,0.00,0.00,0.00,0.00,0.00,0.00,0.00,0.00,0.00,0.00,0.00,0.00,0.00,0.00,0.00,0.00,0.00,0.00,0.00,0.00,0.00,0.00,0.00,0.00,0.00,0.00,0.00,0.00,0.00,0.00,0.00,0.00,0.00,0.00,0.00,0.00,0.00,0.00,0.00,0.00,0.00,0.00,0.00,0.00,0.00,0.00,0.00,0.00,0.00,0.00,0.00,0.00,0.00,0.00,0.00,0.00,0.00,0.00,0.00,0.00,0.00,0.00,0.00,0.00,0.00,0.00,0.00,0.00,0.00,0.00,0.00,0.00,0.00,0.00,0.00,0.00,0.00,0.00,0.00,0.00,0.00,0.00,0.00,0.00,0.00,0.00,0.00,0.00,0.00,0.00,0.00,0.00,0.00,0.00,0.00,0.00,0.00,0.00,0.00,0.00,0.00,0.00,0.00,0.00,0.00,0.00,0.00,0.00,0.00,0.00,0.00,0.00,0.00,0.00,0.00,0.00,0.00,0.00,0.00,0.00,0.00,0.00,0.00,0.00,0.00,0.00,0.00,0.00,0.00,0.00,0.00,0.00,0.00,0.00,0.00,0.00,0.00,0.00,0.00,0.00,0.00,0.00,0.00,0.00,0.00,0.00,0.00,0.00,0.00,0.00,0.00,0.00,0.00,0.00,0.00,0.00,0.00,0.00,0.00,0.00,0.00,0.00,0.00,0.00,0.00,0.00,0.00,0.00,0.00,0.00,0.00,0.00,0.00,0.00,0.00,0.00,0.00,0.00,0.00,0.00,0.00,0.00,0.00,0.00,0.00,0.00,0.00,0.00,0.00,0.00,0.00,0.00,0.00,0.00,0.00,0.00,0.00,0.00,0.00,0.00,0.00,0.00,0.00,0.00,0.00,0.00,0.00,0.00,..,..,..,..,..,..,..,..,..,..
Tobacco Virginia,..REGION III (CENTRAL LUZON),0.00,0.00,0.00,0.00,0.00,0.00,0.00,0.00,0.00,0.00,0.00,0.00,0.00,0.00,0.00,0.00,0.00,0.00,0.00,0.00,0.00,0.00,0.00,0.00,0.00,0.00,0.00,0.00,0.00,0.00,0.00,0.00,0.00,0.00,0.00,0.00,0.00,0.00,0.00,0.00,0.00,0.00,0.00,0.00,0.00,0.00,0.00,0.00,0.00,0.00,0.00,0.00,0.00,0.00,0.00,0.00,0.00,0.00,0.00,0.00,0.00,0.00,0.00,0.00,0.00,0.00,0.00,0.00,0.00,0.00,0.00,0.00,0.00,0.00,0.00,0.00,0.00,0.00,0.00,0.00,0.00,0.00,0.00,0.00,0.00,0.00,0.00,0.00,0.00,0.00,0.00,0.00,0.00,0.00,0.00,0.00,0.00,0.00,0.00,0.00,0.00,0.00,0.00,0.00,0.00,0.00,0.00,0.00,0.00,0.00,0.00,0.00,0.00,0.00,0.00,0.00,0.00,0.00,0.00,0.00,0.00,0.00,0.00,0.00,0.00,0.00,0.00,0.00,0.00,0.00,0.00,0.00,0.00,0.00,0.00,0.00,0.00,0.00,0.00,0.00,0.00,0.00,0.00,0.00,0.00,0.00,0.00,0.00,0.00,0.00,0.00,0.00,0.00,0.00,0.00,0.00,0.00,0.00,0.00,0.00,0.00,0.00,0.00,0.00,0.00,0.00,0.00,0.00,0.00,0.00,0.00,0.00,0.00,0.00,0.00,0.00,0.00,0.00,0.00,0.00,0.00,0.00,0.00,0.00,0.00,0.00,0.00,0.00,0.00,0.00,0.00,0.00,0.00,0.00,0.00,0.00,0.00,0.00,0.00,0.00,0.00,0.00,0.00,0.00,0.00,0.00,0.00,0.00,0.00,0.00,0.00,..,..,..,..,..,..,..,..,..,..
Tobacco Virginia,..REGION IV-A (CALABARZON),0.00,0.00,0.00,0.00,0.00,0.00,0.00,0.00,0.00,0.00,0.00,0.00,0.00,0.00,0.00,0.00,0.00,0.00,0.00,0.00,0.00,0.00,0.00,0.00,0.00,0.00,0.00,0.00,0.00,0.00,0.00,0.00,0.00,0.00,0.00,0.00,0.00,0.00,0.00,0.00,0.00,0.00,0.00,0.00,0.00,0.00,0.00,0.00,0.00,0.00,0.00,0.00,0.00,0.00,0.00,0.00,0.00,0.00,0.00,0.00,0.00,0.00,0.00,0.00,0.00,0.00,0.00,0.00,0.00,0.00,0.00,0.00,0.00,0.00,0.00,0.00,0.00,0.00,0.00,0.00,0.00,0.00,0.00,0.00,0.00,0.00,0.00,0.00,0.00,0.00,0.00,0.00,0.00,0.00,0.00,0.00,0.00,0.00,0.00,0.00,0.00,0.00,0.00,0.00,0.00,0.00,0.00,0.00,0.00,0.00,0.00,0.00,0.00,0.00,0.00,0.00,0.00,0.00,0.00,0.00,0.00,0.00,0.00,0.00,0.00,0.00,0.00,0.00,0.00,0.00,0.00,0.00,0.00,0.00,0.00,0.00,0.00,0.00,0.00,0.00,0.00,0.00,0.00,0.00,0.00,0.00,0.00,0.00,0.00,0.00,0.00,0.00,0.00,0.00,0.00,0.00,0.00,0.00,0.00,0.00,0.00,0.00,0.00,0.00,0.00,0.00,0.00,0.00,0.00,0.00,0.00,0.00,0.00,0.00,0.00,0.00,0.00,0.00,0.00,0.00,0.00,0.00,0.00,0.00,0.00,0.00,0.00,0.00,0.00,0.00,0.00,0.00,0.00,0.00,0.00,0.00,0.00,0.00,0.00,0.00,0.00,0.00,0.00,0.00,0.00,0.00,0.00,0.00,0.00,0.00,0.00,..,..,..,..,..,..,..,..,..,..
Tobacco Virginia,..MIMAROPA REGION,0.00,0.00,0.00,0.00,0.00,0.00,0.00,0.00,0.00,0.00,0.00,0.00,0.00,0.00,0.00,0.00,0.00,0.00,0.00,0.00,0.00,0.00,0.00,0.00,0.00,0.00,0.00,0.00,0.00,0.00,0.00,0.00,0.00,0.00,0.00,0.00,0.00,0.00,0.00,0.00,0.00,0.00,0.00,0.00,0.00,0.00,0.00,0.00,0.00,0.00,0.00,0.00,0.00,0.00,0.00,0.00,0.00,0.00,0.00,0.00,0.00,0.00,0.00,0.00,0.00,0.00,0.00,0.00,0.00,0.00,0.00,0.00,0.00,0.00,0.00,0.00,0.00,0.00,0.00,0.00,0.00,0.00,0.00,0.00,0.00,0.00,0.00,0.00,0.00,0.00,0.00,0.00,0.00,0.00,0.00,0.00,0.00,0.00,0.00,0.00,0.00,0.00,0.00,0.00,0.00,0.00,0.00,0.00,0.00,0.00,0.00,0.00,0.00,0.00,0.00,0.00,0.00,0.00,0.00,0.00,0.00,0.00,0.00,0.00,0.00,0.00,0.00,0.00,0.00,0.00,0.00,0.00,0.00,0.00,0.00,0.00,0.00,0.00,0.00,0.00,0.00,0.00,0.00,0.00,0.00,0.00,0.00,0.00,0.00,0.00,0.00,0.00,0.00,0.00,0.00,0.00,0.00,0.00,0.00,0.00,0.00,0.00,0.00,0.00,0.00,0.00,0.00,0.00,0.00,0.00,0.00,0.00,0.00,0.00,0.00,0.00,0.00,0.00,0.00,0.00,0.00,0.00,0.00,0.00,0.00,0.00,0.00,0.00,0.00,0.00,0.00,0.00,0.00,0.00,0.00,0.00,0.00,0.00,0.00,0.00,0.00,0.00,0.00,0.00,0.00,0.00,0.00,0.00,0.00,0.00,0.00,..,..,..,..,..,..,..,..,..,..
Tobacco Virginia,..REGION V (BICOL REGION),0.00,0.00,0.00,0.00,0.00,0.00,0.00,0.00,0.00,0.00,0.00,0.00,0.00,0.00,0.00,0.00,0.00,0.00,0.00,0.00,0.00,0.00,0.00,0.00,0.00,0.00,0.00,0.00,0.00,0.00,0.00,0.00,0.00,0.00,0.00,0.00,0.00,0.00,0.00,0.00,0.00,0.00,0.00,0.00,0.00,0.00,0.00,0.00,0.00,0.00,0.00,0.00,0.00,0.00,0.00,0.00,0.00,0.00,0.00,0.00,0.00,0.00,0.00,0.00,0.00,0.00,0.00,0.00,0.00,0.00,0.00,0.00,0.00,0.00,0.00,0.00,0.00,0.00,0.00,0.00,0.00,0.00,0.00,0.00,0.00,0.00,0.00,0.00,0.00,0.00,0.00,0.00,0.00,0.00,0.00,0.00,0.00,0.00,0.00,0.00,0.00,0.00,0.00,0.00,0.00,0.00,0.00,0.00,0.00,0.00,0.00,0.00,0.00,0.00,0.00,0.00,0.00,0.00,0.00,0.00,0.00,0.00,0.00,0.00,0.00,0.00,0.00,0.00,0.00,0.00,0.00,0.00,0.00,0.00,0.00,0.00,0.00,0.00,0.00,0.00,0.00,0.00,0.00,0.00,0.00,0.00,0.00,0.00,0.00,0.00,0.00,0.00,0.00,0.00,0.00,0.00,0.00,0.00,0.00,0.00,0.00,0.00,0.00,0.00,0.00,0.00,0.00,0.00,0.00,0.00,0.00,0.00,0.00,0.00,0.00,0.00,0.00,0.00,0.00,0.00,0.00,0.00,0.00,0.00,0.00,0.00,0.00,0.00,0.00,0.00,0.00,0.00,0.00,0.00,0.00,0.00,0.00,0.00,0.00,0.00,0.00,0.00,0.00,0.00,0.00,0.00,0.00,0.00,0.00,0.00,0.00,..,..,..,..,..,..,..,..,..,..
Tobacco Virginia,..REGION VI (WESTERN VISAYAS),0.00,0.00,0.00,0.00,0.00,0.00,0.00,0.00,0.00,0.00,0.00,0.00,0.00,0.00,0.00,0.00,0.00,0.00,0.00,0.00,0.00,0.00,0.00,0.00,0.00,0.00,0.00,0.00,0.00,0.00,0.00,0.00,0.00,0.00,0.00,0.00,0.00,0.00,0.00,0.00,0.00,0.00,0.00,0.00,0.00,0.00,0.00,0.00,0.00,0.00,0.00,0.00,0.00,0.00,0.00,0.00,0.00,0.00,0.00,0.00,0.00,0.00,0.00,0.00,0.00,0.00,0.00,0.00,0.00,0.00,0.00,0.00,0.00,0.00,0.00,0.00,0.00,0.00,0.00,0.00,0.00,0.00,0.00,0.00,0.00,0.00,0.00,0.00,0.00,0.00,0.00,0.00,0.00,0.00,0.00,0.00,0.00,0.00,0.00,0.00,0.00,0.00,0.00,0.00,0.00,0.00,0.00,0.00,0.00,0.00,0.00,0.00,0.00,0.00,0.00,0.00,0.00,0.00,0.00,0.00,0.00,0.00,0.00,0.00,0.00,0.00,0.00,0.00,0.00,0.00,0.00,0.00,0.00,0.00,0.00,0.00,0.00,0.00,0.00,0.00,0.00,0.00,0.00,0.00,0.00,0.00,0.00,0.00,0.00,0.00,0.00,0.00,0.00,0.00,0.00,0.00,0.00,0.00,0.00,0.00,0.00,0.00,0.00,0.00,0.00,0.00,0.00,0.00,0.00,0.00,0.00,0.00,0.00,0.00,0.00,0.00,0.00,0.00,0.00,0.00,0.00,0.00,0.00,0.00,0.00,0.00,0.00,0.00,0.00,0.00,0.00,0.00,0.00,0.00,0.00,0.00,0.00,0.00,0.00,0.00,0.00,0.00,0.00,0.00,0.00,0.00,0.00,0.00,0.00,0.00,0.00,..,..,..,..,..,..,..,..,..,..
Tobacco Virginia,..NEGROS ISLAND REGION (NIR) 2/,..,..,..,..,..,..,..,..,..,..,..,..,..,..,..,..,..,..,..,..,..,..,..,..,..,..,..,..,..,..,..,..,..,..,..,..,..,..,..,..,..,..,..,..,..,..,..,..,..,..,..,..,..,..,..,..,..,..,..,..,..,..,..,..,..,..,..,..,..,..,..,..,..,..,..,..,..,..,..,..,..,..,..,..,..,..,..,..,..,..,..,..,..,..,..,..,..,..,..,..,..,..,..,..,..,..,..,..,..,..,..,..,..,..,..,..,..,..,..,..,..,..,..,..,..,..,..,..,..,..,..,..,..,..,..,..,..,..,..,..,..,..,..,..,..,..,..,..,..,..,..,..,..,..,..,..,..,..,..,..,..,..,..,..,..,..,..,..,..,..,..,..,..,..,..,..,..,..,..,..,..,..,0.00,0.00,0.00,0.00,0.00,0.00,0.00,0.00,0.00,0.00,0.00,0.00,0.00,0.00,0.00,0.00,0.00,0.00,0.00,0.00,0.00,0.00,0.00,0.00,0.00,0.00,0.00,0.00,0.00,..,..,..,..,..,..,..,..,..,..
Tobacco Others,PHILIPPINES,0.00,81.36,85.34,65.42,61.83,63.05,59.03,0.00,0.00,0.00,0.00,0.00,69.34,0.00,0.00,65.62,63.97,64.63,68.84,77.41,0.00,0.00,0.00,0.00,0.00,68.09,0.00,0.00,74.62,75.85,68.46,73.01,70.74,0.00,0.00,0.00,0.00,0.00,72.54,0.00,0.00,58.67,68.51,66.43,73.64,80.33,0.00,0.00,0.00,0.00,0.00,69.52,0.00,0.00,0.00,69.30,64.03,74.60,81.83,0.00,0.00,0.00,0.00,0.00,72.44,0.00,0.00,0.00,64.00,58.91,73.20,77.72,0.00,0.00,0.00,0.00,0.00,68.46,0.00,0.00,0.00,65.43,70.16,76.50,73.35,0.00,0.00,0.00,0.00,0.00,71.36,0.00,0.00,66.60,69.07,73.60,86.38,83.17,0.00,0.00,0.00,0.00,0.00,75.76,0.00,0.00,70.00,71.67,78.42,82.08,79.67,0.00,0.00,0.00,0.00,0.00,76.37,0.00,0.00,0.00,71.29,80.68,84.93,87.92,0.00,0.00,0.00,0.00,0.00,81.21,0.00,0.00,0.00,69.67,99.97,92.25,90.01,89.07,0.00,0.00,0.00,0.00,88.19,0.00,0.00,0.00,64.51,72.80,77.10,87.48,0.00,0.00,0.00,0.00,0.00,75.47,0.00,0.00,0.00,72.14,76.64,64.94,74.60,0.00,0.00,0.00,0.00,0.00,72.08,0.00,0.00,65.73,71.19,76.40,74.80,78.19,0.00,0.00,0.00,0.00,0.00,73.26,95.00,95.00,73.75,80.00,83.83,92.55,0.00,0.00,0.00,0.00,0.00,0.00,86.69,100.00,100.00,100.00,85.50,87.41,84.76,0.00,0.00,0.00,0.00,0.00,0.00,92.94,120.00,88.50,86.76,..,..,..,..,..,..,..,..,..,..
Tobacco Others,..CORDILLERA ADMINISTRATIVE REGION (CAR),0.00,0.00,0.00,0.00,62.69,0.00,0.00,0.00,0.00,0.00,0.00,0.00,62.69,0.00,0.00,0.00,0.00,48.34,0.00,0.00,0.00,0.00,0.00,0.00,0.00,48.34,0.00,0.00,0.00,0.00,49.06,0.00,0.00,0.00,0.00,0.00,0.00,0.00,49.06,0.00,0.00,0.00,0.00,58.82,0.00,0.00,0.00,0.00,0.00,0.00,0.00,58.82,0.00,0.00,0.00,0.00,50.86,0.00,0.00,0.00,0.00,0.00,0.00,0.00,50.86,0.00,0.00,0.00,0.00,49.11,0.00,0.00,0.00,0.00,0.00,0.00,0.00,49.11,0.00,0.00,0.00,0.00,39.94,0.00,0.00,0.00,0.00,0.00,0.00,0.00,39.94,0.00,0.00,0.00,0.00,43.85,0.00,0.00,0.00,0.00,0.00,0.00,0.00,43.85,0.00,0.00,0.00,0.00,0.00,0.00,0.00,0.00,0.00,0.00,0.00,0.00,0.00,0.00,0.00,0.00,0.00,0.00,0.00,0.00,0.00,0.00,0.00,0.00,0.00,0.00,0.00,0.00,0.00,0.00,0.00,0.00,0.00,0.00,0.00,0.00,0.00,0.00,0.00,0.00,0.00,0.00,0.00,0.00,0.00,0.00,0.00,0.00,0.00,0.00,0.00,0.00,0.00,0.00,0.00,0.00,0.00,0.00,0.00,0.00,0.00,0.00,0.00,0.00,0.00,0.00,0.00,0.00,0.00,0.00,0.00,0.00,0.00,0.00,0.00,0.00,0.00,0.00,0.00,0.00,0.00,0.00,0.00,0.00,0.00,0.00,0.00,0.00,0.00,0.00,0.00,0.00,0.00,0.00,0.00,0.00,0.00,0.00,0.00,0.00,0.00,0.00,0.00,0.00,0.00,0.00,0.00,..,..,..,..,..,..,..,..,..,..
Tobacco Others,..REGION I (ILOCOS REGION),0.00,81.36,85.34,69.55,68.71,69.62,0.00,0.00,0.00,0.00,0.00,0.00,74.92,0.00,0.00,65.62,66.90,64.24,64.62,0.00,0.00,0.00,0.00,0.00,0.00,65.35,0.00,0.00,74.62,75.16,74.59,70.21,0.00,0.00,0.00,0.00,0.00,0.00,73.65,0.00,0.00,58.67,68.51,63.49,62.70,0.00,0.00,0.00,0.00,0.00,0.00,63.34,0.00,0.00,0.00,69.30,68.70,67.86,0.00,0.00,0.00,0.00,0.00,0.00,68.62,0.00,0.00,0.00,64.00,64.75,66.75,0.00,0.00,0.00,0.00,0.00,0.00,65.17,0.00,0.00,0.00,67.05,74.47,65.23,0.00,0.00,0.00,0.00,0.00,0.00,68.92,0.00,0.00,66.60,69.07,75.73,82.47,0.00,0.00,0.00,0.00,0.00,0.00,73.47,0.00,0.00,70.00,71.67,69.78,71.16,0.00,0.00,0.00,0.00,0.00,0.00,70.65,0.00,0.00,0.00,71.29,72.23,0.00,0.00,0.00,0.00,0.00,0.00,0.00,71.76,0.00,0.00,0.00,69.67,0.00,0.00,0.00,0.00,0.00,0.00,0.00,0.00,69.67,0.00,0.00,0.00,65.10,68.06,0.00,0.00,0.00,0.00,0.00,0.00,0.00,66.58,0.00,0.00,0.00,65.32,69.10,0.00,0.00,0.00,0.00,0.00,0.00,0.00,67.21,0.00,0.00,68.46,73.56,73.72,75.00,75.00,0.00,0.00,0.00,0.00,0.00,73.15,95.00,95.00,87.50,95.00,98.50,95.00,0.00,0.00,0.00,0.00,0.00,0.00,94.33,100.00,100.00,100.00,90.00,83.75,86.67,0.00,0.00,0.00,0.00,0.00,0.00,93.40,120.00,88.50,86.76,..,..,..,..,..,..,..,..,..,..
Tobacco Others,..REGION II (CAGAYAN VALLEY),0.00,0.00,0.00,0.00,53.22,59.07,59.03,0.00,0.00,0.00,0.00,0.00,57.11,0.00,0.00,0.00,0.00,82.55,80.87,77.41,0.00,0.00,0.00,0.00,0.00,80.28,0.00,0.00,0.00,0.00,72.21,68.42,70.74,0.00,0.00,0.00,0.00,0.00,70.46,0.00,0.00,0.00,0.00,86.21,80.46,80.33,0.00,0.00,0.00,0.00,0.00,82.33,0.00,0.00,0.00,0.00,82.91,81.25,81.83,0.00,0.00,0.00,0.00,0.00,82.00,0.00,0.00,0.00,0.00,60.40,75.77,77.72,0.00,0.00,0.00,0.00,0.00,71.30,0.00,0.00,0.00,0.00,87.32,85.00,73.35,0.00,0.00,0.00,0.00,0.00,81.89,0.00,0.00,0.00,0.00,103.37,90.29,83.17,0.00,0.00,0.00,0.00,0.00,92.28,0.00,0.00,0.00,0.00,87.05,93.00,79.67,0.00,0.00,0.00,0.00,0.00,86.57,0.00,0.00,0.00,0.00,89.13,84.93,87.92,0.00,0.00,0.00,0.00,0.00,87.33,0.00,0.00,0.00,0.00,99.97,92.25,90.01,89.07,0.00,0.00,0.00,0.00,92.83,0.00,0.00,0.00,63.91,78.33,77.10,87.48,0.00,0.00,0.00,0.00,0.00,76.71,0.00,0.00,0.00,76.11,86.08,64.94,74.60,0.00,0.00,0.00,0.00,0.00,75.43,0.00,0.00,0.00,65.00,80.48,79.39,81.37,0.00,0.00,0.00,0.00,0.00,76.56,0.00,0.00,0.00,0.00,89.50,90.10,0.00,0.00,0.00,0.00,0.00,0.00,89.80,0.00,0.00,0.00,0.00,98.49,86.60,0.00,0.00,0.00,0.00,0.00,0.00,92.54,120.00,0.00,0.00,..,..,..,..,..,..,..,..,..,..
Tobacco Others,..REGION III (CENTRAL LUZON),0.00,0.00,0.00,0.00,0.00,0.00,0.00,0.00,0.00,0.00,0.00,0.00,0.00,0.00,0.00,0.00,0.00,0.00,0.00,0.00,0.00,0.00,0.00,0.00,0.00,0.00,0.00,0.00,0.00,0.00,0.00,0.00,0.00,0.00,0.00,0.00,0.00,0.00,0.00,0.00,0.00,0.00,0.00,0.00,0.00,0.00,0.00,0.00,0.00,0.00,0.00,0.00,0.00,0.00,0.00,0.00,0.00,0.00,0.00,0.00,0.00,0.00,0.00,0.00,0.00,0.00,0.00,0.00,0.00,0.00,0.00,0.00,0.00,0.00,0.00,0.00,0.00,0.00,0.00,0.00,0.00,0.00,0.00,0.00,0.00,0.00,0.00,0.00,0.00,0.00,0.00,0.00,0.00,0.00,0.00,0.00,0.00,0.00,0.00,0.00,0.00,0.00,0.00,0.00,0.00,0.00,0.00,0.00,0.00,0.00,0.00,0.00,0.00,0.00,0.00,0.00,0.00,0.00,0.00,0.00,0.00,0.00,0.00,0.00,0.00,0.00,0.00,0.00,0.00,0.00,0.00,0.00,0.00,0.00,0.00,0.00,0.00,0.00,0.00,0.00,0.00,0.00,0.00,0.00,0.00,0.00,0.00,72.00,0.00,0.00,0.00,0.00,0.00,0.00,0.00,72.00,0.00,0.00,0.00,75.00,74.75,0.00,0.00,0.00,0.00,0.00,0.00,0.00,74.88,0.00,0.00,63.00,75.00,75.00,70.00,0.00,0.00,0.00,0.00,0.00,0.00,70.75,0.00,0.00,60.00,65.00,60.00,0.00,0.00,0.00,0.00,0.00,0.00,0.00,61.67,0.00,0.00,0.00,81.00,80.00,81.00,0.00,0.00,0.00,0.00,0.00,0.00,80.67,0.00,0.00,0.00,..,..,..,..,..,..,..,..,..,..
Tobacco Others,..REGION IV-A (CALABARZON),0.00,0.00,0.00,0.00,0.00,0.00,0.00,0.00,0.00,0.00,0.00,0.00,0.00,0.00,0.00,0.00,0.00,0.00,0.00,0.00,0.00,0.00,0.00,0.00,0.00,0.00,0.00,0.00,0.00,0.00,0.00,0.00,0.00,0.00,0.00,0.00,0.00,0.00,0.00,0.00,0.00,0.00,0.00,0.00,0.00,0.00,0.00,0.00,0.00,0.00,0.00,0.00,0.00,0.00,0.00,0.00,0.00,0.00,0.00,0.00,0.00,0.00,0.00,0.00,0.00,0.00,0.00,0.00,0.00,0.00,0.00,0.00,0.00,0.00,0.00,0.00,0.00,0.00,0.00,0.00,0.00,0.00,0.00,0.00,0.00,0.00,0.00,0.00,0.00,0.00,0.00,0.00,0.00,0.00,0.00,0.00,0.00,0.00,0.00,0.00,0.00,0.00,0.00,0.00,0.00,0.00,0.00,0.00,0.00,0.00,0.00,0.00,0.00,0.00,0.00,0.00,0.00,0.00,0.00,0.00,0.00,0.00,0.00,0.00,0.00,0.00,0.00,0.00,0.00,0.00,0.00,0.00,0.00,0.00,0.00,0.00,0.00,0.00,0.00,0.00,0.00,0.00,0.00,0.00,0.00,0.00,0.00,0.00,0.00,0.00,0.00,0.00,0.00,0.00,0.00,0.00,0.00,0.00,0.00,0.00,0.00,0.00,0.00,0.00,0.00,0.00,0.00,0.00,0.00,0.00,0.00,0.00,0.00,0.00,0.00,0.00,0.00,0.00,0.00,0.00,0.00,0.00,0.00,0.00,0.00,0.00,0.00,0.00,0.00,0.00,0.00,0.00,0.00,0.00,0.00,0.00,0.00,0.00,0.00,0.00,0.00,0.00,0.00,0.00,0.00,0.00,0.00,0.00,0.00,0.00,0.00,..,..,..,..,..,..,..,..,..,..
Tobacco Others,..MIMAROPA REGION,0.00,0.00,0.00,61.29,62.69,60.45,0.00,0.00,0.00,0.00,0.00,0.00,61.48,0.00,0.00,0.00,61.03,63.40,61.04,0.00,0.00,0.00,0.00,0.00,0.00,61.82,0.00,0.00,0.00,76.54,77.98,80.41,0.00,0.00,0.00,0.00,0.00,0.00,78.31,0.00,0.00,0.00,0.00,57.21,77.75,0.00,0.00,0.00,0.00,0.00,0.00,67.48,0.00,0.00,0.00,0.00,53.65,74.68,0.00,0.00,0.00,0.00,0.00,0.00,64.17,0.00,0.00,0.00,0.00,61.36,77.09,0.00,0.00,0.00,0.00,0.00,0.00,69.23,0.00,0.00,0.00,63.81,78.91,79.27,0.00,0.00,0.00,0.00,0.00,0.00,74.00,0.00,0.00,0.00,0.00,71.44,0.00,0.00,0.00,0.00,0.00,0.00,0.00,71.44,0.00,0.00,0.00,0.00,0.00,0.00,0.00,0.00,0.00,0.00,0.00,0.00,0.00,0.00,0.00,0.00,0.00,0.00,0.00,0.00,0.00,0.00,0.00,0.00,0.00,0.00,0.00,0.00,0.00,0.00,0.00,0.00,0.00,0.00,0.00,0.00,0.00,0.00,0.00,0.00,0.00,0.00,0.00,0.00,0.00,0.00,0.00,0.00,0.00,0.00,0.00,0.00,0.00,0.00,0.00,0.00,0.00,0.00,0.00,0.00,0.00,0.00,0.00,0.00,0.00,0.00,0.00,0.00,0.00,0.00,0.00,0.00,0.00,0.00,0.00,0.00,0.00,0.00,0.00,0.00,0.00,0.00,0.00,0.00,0.00,0.00,0.00,0.00,0.00,0.00,0.00,0.00,0.00,0.00,0.00,0.00,0.00,0.00,0.00,0.00,0.00,0.00,0.00,0.00,0.00,0.00,0.00,..,..,..,..,..,..,..,..,..,..
Tobacco Others,..REGION V (BICOL REGION),0.00,0.00,0.00,0.00,0.00,0.00,0.00,0.00,0.00,0.00,0.00,0.00,0.00,0.00,0.00,0.00,0.00,0.00,0.00,0.00,0.00,0.00,0.00,0.00,0.00,0.00,0.00,0.00,0.00,0.00,0.00,0.00,0.00,0.00,0.00,0.00,0.00,0.00,0.00,0.00,0.00,0.00,0.00,0.00,0.00,0.00,0.00,0.00,0.00,0.00,0.00,0.00,0.00,0.00,0.00,0.00,0.00,0.00,0.00,0.00,0.00,0.00,0.00,0.00,0.00,0.00,0.00,0.00,0.00,0.00,0.00,0.00,0.00,0.00,0.00,0.00,0.00,0.00,0.00,0.00,0.00,0.00,0.00,0.00,0.00,0.00,0.00,0.00,0.00,0.00,0.00,0.00,0.00,0.00,0.00,0.00,0.00,0.00,0.00,0.00,0.00,0.00,0.00,0.00,0.00,0.00,0.00,0.00,0.00,0.00,0.00,0.00,0.00,0.00,0.00,0.00,0.00,0.00,0.00,0.00,0.00,0.00,0.00,0.00,0.00,0.00,0.00,0.00,0.00,0.00,0.00,0.00,0.00,0.00,0.00,0.00,0.00,0.00,0.00,0.00,0.00,0.00,0.00,0.00,0.00,0.00,0.00,0.00,0.00,0.00,0.00,0.00,0.00,0.00,0.00,0.00,0.00,0.00,0.00,0.00,0.00,0.00,0.00,0.00,0.00,0.00,0.00,0.00,0.00,0.00,0.00,0.00,0.00,0.00,0.00,0.00,0.00,0.00,0.00,0.00,0.00,0.00,0.00,0.00,0.00,0.00,0.00,0.00,0.00,0.00,0.00,0.00,0.00,0.00,0.00,0.00,0.00,0.00,0.00,0.00,0.00,0.00,0.00,0.00,0.00,0.00,0.00,0.00,0.00,0.00,0.00,..,..,..,..,..,..,..,..,..,..
Tobacco Others,..REGION VI (WESTERN VISAYAS),0.00,0.00,0.00,0.00,0.00,0.00,0.00,0.00,0.00,0.00,0.00,0.00,0.00,0.00,0.00,0.00,0.00,0.00,0.00,0.00,0.00,0.00,0.00,0.00,0.00,0.00,0.00,0.00,0.00,0.00,0.00,0.00,0.00,0.00,0.00,0.00,0.00,0.00,0.00,0.00,0.00,0.00,0.00,0.00,0.00,0.00,0.00,0.00,0.00,0.00,0.00,0.00,0.00,0.00,0.00,0.00,0.00,0.00,0.00,0.00,0.00,0.00,0.00,0.00,0.00,0.00,0.00,0.00,0.00,0.00,0.00,0.00,0.00,0.00,0.00,0.00,0.00,0.00,0.00,0.00,0.00,0.00,0.00,0.00,0.00,0.00,0.00,0.00,0.00,0.00,0.00,0.00,0.00,0.00,0.00,0.00,0.00,0.00,0.00,0.00,0.00,0.00,0.00,0.00,0.00,0.00,0.00,0.00,0.00,0.00,0.00,0.00,0.00,0.00,0.00,0.00,0.00,0.00,0.00,0.00,0.00,0.00,0.00,0.00,0.00,0.00,0.00,0.00,0.00,0.00,0.00,0.00,0.00,0.00,0.00,0.00,0.00,0.00,0.00,0.00,0.00,0.00,0.00,0.00,0.00,0.00,0.00,0.00,0.00,0.00,0.00,0.00,0.00,0.00,0.00,0.00,0.00,0.00,0.00,0.00,0.00,0.00,0.00,0.00,0.00,0.00,0.00,0.00,0.00,0.00,0.00,0.00,0.00,0.00,0.00,0.00,0.00,0.00,0.00,0.00,0.00,0.00,0.00,0.00,0.00,0.00,0.00,0.00,0.00,0.00,0.00,0.00,0.00,0.00,0.00,0.00,0.00,0.00,0.00,0.00,0.00,0.00,0.00,0.00,0.00,0.00,0.00,0.00,0.00,0.00,0.00,..,..,..,..,..,..,..,..,..,..
Tobacco Others,..NEGROS ISLAND REGION (NIR) 2/,..,..,..,..,..,..,..,..,..,..,..,..,..,..,..,..,..,..,..,..,..,..,..,..,..,..,..,..,..,..,..,..,..,..,..,..,..,..,..,..,..,..,..,..,..,..,..,..,..,..,..,..,..,..,..,..,..,..,..,..,..,..,..,..,..,..,..,..,..,..,..,..,..,..,..,..,..,..,..,..,..,..,..,..,..,..,..,..,..,..,..,..,..,..,..,..,..,..,..,..,..,..,..,..,..,..,..,..,..,..,..,..,..,..,..,..,..,..,..,..,..,..,..,..,..,..,..,..,..,..,..,..,..,..,..,..,..,..,..,..,..,..,..,..,..,..,..,..,..,..,..,..,..,..,..,..,..,..,..,..,..,..,..,..,..,..,..,..,..,..,..,..,..,..,..,..,..,..,..,..,..,..,0.00,0.00,0.00,0.00,0.00,0.00,0.00,0.00,0.00,0.00,0.00,0.00,0.00,0.00,0.00,0.00,0.00,0.00,0.00,0.00,0.00,0.00,0.00,0.00,0.00,0.00,0.00,0.00,0.00,..,..,..,..,..,..,..,..,..,..
Cacao,PHILIPPINES,51.48,58.25,58.80,57.70,60.50,62.01,64.34,63.66,66.29,69.62,72.24,74.13,63.25,75.94,76.77,80.76,81.68,89.68,90.63,89.06,84.27,75.11,73.62,73.54,71.61,80.22,73.76,77.40,77.66,79.20,74.68,70.03,66.38,66.40,66.15,69.58,70.22,71.09,71.88,70.49,71.03,72.46,72.45,72.77,69.67,70.64,73.09,73.87,73.90,75.09,76.07,72.63,79.88,81.74,81.45,82.10,86.17,87.57,89.66,84.65,86.33,84.89,87.45,87.45,84.95,89.05,92.40,95.76,95.85,92.56,94.61,91.70,94.24,93.53,94.21,98.37,97.12,94.12,102.89,97.74,95.47,99.83,99.30,99.90,107.43,92.24,82.61,126.15,106.79,98.64,100.75,91.52,82.79,88.30,89.75,90.04,88.82,83.83,84.15,87.36,96.46,92.34,94.86,89.19,94.67,97.31,92.47,94.29,92.58,104.84,93.71,92.02,94.04,98.74,90.46,95.20,95.03,97.84,95.44,93.18,93.26,100.68,97.09,90.88,94.06,97.09,98.69,100.63,106.11,97.08,102.09,103.75,96.93,97.42,107.15,99.97,85.49,95.50,100.01,91.55,94.75,115.32,99.16,96.75,91.56,93.05,91.85,92.63,91.02,96.01,89.35,94.39,90.70,91.38,90.79,92.46,93.26,96.10,97.69,90.02,89.89,86.56,90.25,94.33,91.16,102.04,105.38,108.02,95.39,107.83,109.36,104.56,108.17,109.84,108.71,111.50,109.30,105.50,113.33,119.37,119.66,110.59,99.71,105.17,100.52,122.50,144.36,140.87,145.87,177.81,149.03,223.23,233.65,266.95,159.14,245.80,255.58,254.65,251.25,254.84,243.66,200.98,220.34,216.56,256.06,252.93,257.61,242.52,155.18,163.23,134.07,..,..,..,..,..,..,..,..,..,..
Cacao,..CORDILLERA ADMINISTRATIVE REGION (CAR),0.00,0.00,0.00,0.00,0.00,0.00,0.00,0.00,0.00,0.00,0.00,0.00,0.00,0.00,0.00,0.00,0.00,0.00,0.00,0.00,0.00,0.00,0.00,0.00,0.00,0.00,0.00,0.00,0.00,0.00,0.00,0.00,0.00,0.00,0.00,0.00,0.00,0.00,0.00,0.00,0.00,0.00,0.00,0.00,0.00,0.00,0.00,0.00,0.00,0.00,0.00,0.00,0.00,0.00,0.00,0.00,0.00,0.00,0.00,0.00,0.00,0.00,0.00,0.00,0.00,0.00,0.00,0.00,0.00,0.00,0.00,0.00,0.00,0.00,0.00,0.00,0.00,0.00,0.00,0.00,0.00,0.00,0.00,0.00,0.00,0.00,0.00,0.00,0.00,0.00,0.00,0.00,0.00,0.00,0.00,0.00,0.00,0.00,0.00,0.00,0.00,0.00,0.00,0.00,0.00,0.00,0.00,0.00,0.00,0.00,0.00,0.00,0.00,0.00,0.00,0.00,0.00,0.00,0.00,0.00,0.00,0.00,0.00,0.00,0.00,0.00,0.00,0.00,0.00,0.00,0.00,0.00,0.00,0.00,0.00,0.00,0.00,0.00,0.00,0.00,0.00,0.00,0.00,0.00,0.00,0.00,0.00,0.00,0.00,0.00,0.00,0.00,0.00,0.00,0.00,0.00,0.00,0.00,0.00,0.00,0.00,0.00,0.00,0.00,0.00,0.00,0.00,0.00,0.00,150.13,160.91,154.38,0.00,98.89,99.41,0.00,0.00,0.00,0.00,152.19,158.06,139.14,150.00,120.00,160.00,180.00,174.96,134.45,0.00,140.00,0.00,147.50,150.00,150.00,150.69,80.00,80.00,296.63,350.00,296.97,350.00,227.50,227.50,227.50,111.92,153.75,153.75,212.96,99.00,89.95,157.89,..,..,..,..,..,..,..,..,..,..
Cacao,..REGION I (ILOCOS REGION),0.00,0.00,0.00,0.00,0.00,0.00,0.00,0.00,0.00,0.00,0.00,0.00,0.00,0.00,0.00,0.00,0.00,0.00,0.00,0.00,0.00,0.00,0.00,0.00,0.00,0.00,0.00,0.00,0.00,0.00,0.00,0.00,0.00,0.00,0.00,0.00,0.00,0.00,0.00,0.00,0.00,0.00,0.00,0.00,0.00,0.00,0.00,0.00,0.00,0.00,0.00,0.00,0.00,0.00,0.00,0.00,0.00,0.00,0.00,0.00,0.00,0.00,0.00,0.00,0.00,0.00,0.00,0.00,0.00,0.00,0.00,0.00,0.00,0.00,0.00,0.00,0.00,0.00,0.00,0.00,0.00,0.00,0.00,0.00,0.00,0.00,0.00,0.00,0.00,0.00,0.00,0.00,0.00,0.00,0.00,0.00,0.00,0.00,0.00,0.00,0.00,0.00,0.00,0.00,0.00,0.00,0.00,0.00,0.00,0.00,0.00,0.00,0.00,0.00,0.00,0.00,0.00,0.00,0.00,0.00,0.00,0.00,0.00,0.00,0.00,0.00,0.00,0.00,0.00,0.00,0.00,0.00,0.00,0.00,0.00,0.00,0.00,0.00,0.00,0.00,0.00,0.00,0.00,0.00,0.00,0.00,0.00,0.00,0.00,0.00,0.00,0.00,0.00,0.00,0.00,0.00,0.00,0.00,0.00,0.00,0.00,0.00,0.00,0.00,0.00,0.00,0.00,0.00,0.00,0.00,0.00,0.00,0.00,0.00,0.00,0.00,0.00,0.00,0.00,0.00,0.00,0.00,90.00,100.00,120.00,120.00,120.00,120.00,120.00,120.00,120.00,100.00,123.33,125.00,114.86,120.00,122.50,125.00,115.00,115.00,100.00,117.50,117.50,117.50,121.25,121.25,121.25,117.81,107.96,109.20,109.20,..,..,..,..,..,..,..,..,..,..
Cacao,..REGION II (CAGAYAN VALLEY),0.00,0.00,0.00,0.00,0.00,0.00,0.00,0.00,0.00,0.00,0.00,0.00,0.00,0.00,0.00,0.00,0.00,0.00,0.00,0.00,0.00,0.00,0.00,0.00,0.00,0.00,0.00,0.00,0.00,0.00,0.00,0.00,0.00,0.00,0.00,0.00,0.00,0.00,0.00,0.00,0.00,0.00,0.00,0.00,0.00,0.00,0.00,0.00,0.00,0.00,0.00,0.00,0.00,0.00,0.00,0.00,0.00,0.00,0.00,0.00,0.00,0.00,0.00,0.00,0.00,0.00,0.00,0.00,0.00,0.00,0.00,0.00,0.00,0.00,0.00,0.00,0.00,0.00,0.00,0.00,0.00,0.00,0.00,0.00,0.00,0.00,0.00,0.00,0.00,0.00,0.00,0.00,0.00,0.00,0.00,0.00,0.00,0.00,0.00,0.00,0.00,0.00,0.00,0.00,0.00,0.00,0.00,0.00,0.00,0.00,0.00,0.00,0.00,0.00,0.00,0.00,0.00,0.00,0.00,0.00,0.00,0.00,0.00,0.00,0.00,0.00,0.00,0.00,0.00,0.00,0.00,0.00,0.00,0.00,0.00,0.00,0.00,0.00,0.00,0.00,0.00,0.00,0.00,0.00,0.00,0.00,0.00,0.00,0.00,0.00,0.00,0.00,0.00,0.00,0.00,0.00,0.00,0.00,0.00,37.08,48.31,45.16,58.52,0.00,0.00,177.50,162.03,181.32,101.42,0.00,0.00,0.00,189.86,160.39,160.39,159.72,0.00,0.00,0.00,0.00,0.00,167.59,10.00,0.00,17.50,0.00,107.13,150.00,49.58,35.00,35.00,136.38,50.00,50.00,64.06,50.00,50.84,50.94,50.00,50.00,101.70,48.84,41.78,42.38,165.67,142.58,57.50,71.02,111.18,108.31,93.93,..,..,..,..,..,..,..,..,..,..
Cacao,..REGION III (CENTRAL LUZON),0.00,0.00,0.00,0.00,0.00,0.00,0.00,0.00,0.00,0.00,0.00,0.00,0.00,0.00,0.00,0.00,0.00,0.00,0.00,0.00,0.00,0.00,0.00,0.00,0.00,0.00,0.00,0.00,0.00,0.00,0.00,0.00,0.00,0.00,0.00,0.00,0.00,0.00,0.00,0.00,0.00,0.00,0.00,0.00,0.00,0.00,0.00,0.00,0.00,0.00,0.00,0.00,0.00,0.00,0.00,0.00,0.00,0.00,0.00,0.00,0.00,0.00,0.00,0.00,0.00,0.00,0.00,0.00,0.00,0.00,0.00,0.00,0.00,0.00,0.00,0.00,0.00,0.00,0.00,0.00,0.00,0.00,0.00,0.00,0.00,0.00,0.00,0.00,0.00,0.00,0.00,0.00,0.00,0.00,0.00,0.00,0.00,0.00,0.00,0.00,0.00,0.00,0.00,0.00,0.00,0.00,0.00,0.00,0.00,0.00,0.00,0.00,0.00,0.00,0.00,0.00,0.00,0.00,0.00,0.00,0.00,0.00,0.00,0.00,0.00,0.00,0.00,0.00,0.00,0.00,0.00,0.00,0.00,0.00,0.00,0.00,0.00,0.00,0.00,0.00,0.00,0.00,0.00,0.00,0.00,0.00,0.00,0.00,0.00,0.00,0.00,0.00,0.00,0.00,0.00,0.00,0.00,0.00,0.00,0.00,0.00,0.00,0.00,0.00,0.00,0.00,0.00,0.00,0.00,0.00,0.00,0.00,0.00,0.00,0.00,0.00,0.00,0.00,0.00,0.00,0.00,0.00,0.00,0.00,0.00,80.00,80.00,45.00,0.00,0.00,0.00,0.00,0.00,0.00,68.33,0.00,0.00,0.00,100.00,87.50,108.33,70.00,0.00,107.50,75.00,0.00,0.00,91.39,91.25,91.25,91.25,..,..,..,..,..,..,..,..,..,..
Cacao,..REGION IV-A (CALABARZON),0.00,0.00,0.00,0.00,0.00,0.00,0.00,0.00,0.00,0.00,0.00,0.00,0.00,0.00,0.00,0.00,0.00,0.00,0.00,0.00,0.00,0.00,0.00,0.00,0.00,0.00,0.00,0.00,0.00,0.00,0.00,0.00,0.00,0.00,0.00,0.00,0.00,0.00,0.00,0.00,0.00,0.00,0.00,0.00,0.00,0.00,0.00,0.00,0.00,0.00,0.00,0.00,0.00,0.00,0.00,0.00,0.00,0.00,0.00,0.00,0.00,0.00,0.00,0.00,0.00,0.00,0.00,0.00,0.00,0.00,0.00,0.00,0.00,0.00,0.00,0.00,0.00,0.00,0.00,0.00,0.00,0.00,0.00,0.00,0.00,0.00,0.00,0.00,0.00,0.00,0.00,0.00,0.00,0.00,0.00,0.00,0.00,0.00,0.00,0.00,0.00,0.00,0.00,0.00,0.00,0.00,0.00,0.00,0.00,0.00,0.00,0.00,0.00,0.00,0.00,0.00,0.00,0.00,0.00,0.00,0.00,0.00,0.00,0.00,0.00,0.00,0.00,0.00,0.00,0.00,100.00,0.00,0.00,0.00,0.00,0.00,0.00,0.00,0.00,0.00,0.00,0.00,100.00,0.00,0.00,0.00,0.00,0.00,0.00,0.00,0.00,0.00,0.00,0.00,0.00,0.00,0.00,0.00,0.00,0.00,0.00,0.00,0.00,0.00,0.00,0.00,0.00,0.00,0.00,125.41,143.30,99.28,92.28,114.46,98.89,150.36,161.22,150.65,148.93,158.13,174.83,134.81,125.00,113.75,100.28,28.00,30.65,26.00,0.00,118.80,100.00,122.50,200.00,200.00,105.91,80.06,40.87,85.00,152.80,107.00,153.54,110.00,191.17,154.35,63.35,61.63,250.00,120.81,98.14,230.53,106.91,..,..,..,..,..,..,..,..,..,..
Cacao,..MIMAROPA REGION,0.00,0.00,0.00,0.00,0.00,0.00,0.00,0.00,0.00,0.00,0.00,0.00,0.00,0.00,0.00,0.00,0.00,0.00,0.00,0.00,0.00,0.00,0.00,0.00,0.00,0.00,0.00,0.00,0.00,0.00,0.00,0.00,0.00,0.00,0.00,0.00,0.00,0.00,0.00,0.00,0.00,0.00,0.00,0.00,0.00,0.00,0.00,0.00,0.00,0.00,0.00,0.00,0.00,0.00,0.00,0.00,0.00,0.00,0.00,0.00,0.00,0.00,0.00,0.00,0.00,0.00,0.00,0.00,0.00,0.00,0.00,0.00,0.00,0.00,0.00,0.00,0.00,0.00,0.00,0.00,0.00,0.00,0.00,0.00,0.00,0.00,0.00,0.00,0.00,0.00,0.00,0.00,0.00,0.00,0.00,0.00,0.00,0.00,0.00,0.00,0.00,0.00,0.00,0.00,0.00,0.00,0.00,0.00,0.00,0.00,0.00,0.00,0.00,0.00,0.00,0.00,0.00,0.00,0.00,0.00,0.00,0.00,0.00,0.00,0.00,0.00,0.00,0.00,0.00,0.00,0.00,0.00,0.00,0.00,0.00,0.00,0.00,0.00,0.00,0.00,0.00,0.00,0.00,0.00,0.00,0.00,0.00,0.00,0.00,0.00,0.00,0.00,0.00,0.00,0.00,0.00,91.03,77.18,71.62,53.27,52.36,53.67,61.01,57.16,53.19,50.80,57.92,63.87,61.92,80.71,78.60,76.01,73.06,72.17,68.75,68.75,77.27,73.42,70.97,67.35,76.32,73.62,75.00,61.67,63.67,0.00,85.00,0.00,30.00,35.71,60.00,60.00,70.00,70.00,61.10,85.00,85.00,70.00,87.50,62.10,90.00,70.00,75.00,80.00,78.40,53.33,80.00,76.36,67.06,68.23,72.13,..,..,..,..,..,..,..,..,..,..
Cacao,..REGION V (BICOL REGION),0.00,0.00,0.00,0.00,0.00,0.00,0.00,0.00,0.00,0.00,0.00,0.00,0.00,0.00,0.00,0.00,0.00,0.00,0.00,0.00,0.00,0.00,0.00,0.00,0.00,0.00,0.00,0.00,0.00,0.00,0.00,0.00,0.00,0.00,0.00,0.00,0.00,0.00,0.00,0.00,0.00,0.00,0.00,0.00,0.00,0.00,0.00,0.00,0.00,0.00,0.00,0.00,0.00,0.00,0.00,0.00,0.00,0.00,0.00,0.00,0.00,0.00,0.00,0.00,0.00,0.00,0.00,0.00,0.00,0.00,0.00,0.00,0.00,0.00,0.00,0.00,0.00,0.00,0.00,0.00,0.00,0.00,0.00,0.00,0.00,0.00,0.00,0.00,0.00,0.00,0.00,0.00,0.00,0.00,0.00,0.00,0.00,0.00,0.00,0.00,0.00,0.00,0.00,0.00,0.00,0.00,0.00,0.00,0.00,0.00,0.00,0.00,0.00,0.00,0.00,0.00,0.00,0.00,0.00,0.00,0.00,0.00,0.00,0.00,0.00,0.00,0.00,0.00,0.00,0.00,0.00,0.00,0.00,0.00,0.00,0.00,0.00,0.00,0.00,0.00,0.00,0.00,0.00,0.00,0.00,0.00,0.00,0.00,0.00,0.00,0.00,0.00,0.00,0.00,0.00,0.00,0.00,0.00,0.00,0.00,0.00,0.00,0.00,0.00,0.00,0.00,0.00,0.00,0.00,0.00,0.00,0.00,0.00,0.00,0.00,0.00,0.00,0.00,0.00,0.00,0.00,0.00,116.49,139.98,129.39,71.58,92.88,105.77,66.99,63.33,87.71,105.50,71.41,120.00,97.59,86.81,124.00,101.18,101.09,95.49,107.42,140.84,160.77,119.52,150.09,194.67,150.00,127.66,112.43,118.80,115.59,..,..,..,..,..,..,..,..,..,..
Cacao,..REGION VI (WESTERN VISAYAS),0.00,0.00,0.00,0.00,0.00,0.00,0.00,0.00,0.00,0.00,0.00,0.00,0.00,0.00,0.00,0.00,0.00,0.00,0.00,0.00,0.00,0.00,0.00,0.00,0.00,0.00,0.00,0.00,0.00,0.00,0.00,0.00,0.00,0.00,0.00,0.00,0.00,0.00,0.00,0.00,0.00,0.00,0.00,0.00,0.00,0.00,0.00,0.00,0.00,0.00,0.00,0.00,0.00,0.00,0.00,0.00,0.00,0.00,0.00,0.00,0.00,0.00,0.00,0.00,0.00,0.00,0.00,0.00,0.00,0.00,0.00,0.00,0.00,0.00,0.00,0.00,0.00,0.00,0.00,0.00,0.00,0.00,0.00,0.00,0.00,0.00,0.00,0.00,0.00,0.00,0.00,79.08,80.57,80.66,80.00,93.14,91.02,92.50,0.00,87.13,88.81,83.91,89.85,86.06,82.76,85.23,85.79,80.80,0.00,102.56,95.69,98.01,107.34,107.12,90.14,87.61,93.00,102.40,93.28,92.85,91.62,112.94,90.25,88.19,89.62,90.12,89.63,90.38,95.74,93.92,89.27,95.98,92.45,93.36,94.80,93.14,93.15,89.02,104.30,92.15,98.98,114.26,95.91,112.01,110.51,117.53,119.96,124.75,113.09,121.45,93.73,116.72,116.78,116.32,120.82,115.31,109.12,119.00,129.84,129.51,124.39,118.48,119.22,118.92,119.38,124.00,128.55,128.72,122.43,128.01,121.16,130.74,131.17,125.68,130.18,110.91,110.87,128.45,140.80,142.87,138.55,128.28,125.00,129.90,125.00,122.50,110.56,107.28,138.75,143.75,145.00,103.33,150.00,150.00,129.26,301.00,251.71,271.95,252.64,176.79,300.00,193.86,168.20,205.00,224.18,224.33,296.41,238.84,129.33,116.84,118.91,..,..,..,..,..,..,..,..,..,..
Cacao,..NEGROS ISLAND REGION (NIR) 2/,..,..,..,..,..,..,..,..,..,..,..,..,..,..,..,..,..,..,..,..,..,..,..,..,..,..,..,..,..,..,..,..,..,..,..,..,..,..,..,..,..,..,..,..,..,..,..,..,..,..,..,..,..,..,..,..,..,..,..,..,..,..,..,..,..,..,..,..,..,..,..,..,..,..,..,..,..,..,..,..,..,..,..,..,..,..,..,..,..,..,..,..,..,..,..,..,..,..,..,..,..,..,..,..,..,..,..,..,..,..,..,..,..,..,..,..,..,..,..,..,..,..,..,..,..,..,..,..,..,..,..,..,..,..,..,..,..,..,..,..,..,..,..,..,..,..,..,..,..,..,..,..,..,..,..,..,..,..,..,..,..,..,..,..,..,..,..,..,..,..,..,..,..,..,..,..,..,..,..,..,..,..,180.00,135.00,0.00,0.00,180.00,0.00,78.41,30.00,30.00,200.00,220.00,215.00,160.10,208.50,203.50,80.00,200.00,220.00,182.24,300.00,300.00,294.44,212.50,125.00,212.50,211.56,279.23,285.05,293.60,..,..,..,..,..,..,..,..,..,..
Banana Bungulan,PHILIPPINES,8.02,8.29,8.01,7.99,8.25,8.16,8.77,8.72,8.28,8.55,8.46,8.54,8.34,7.53,7.62,7.40,7.52,7.79,7.80,7.87,7.73,7.91,9.18,7.92,8.32,7.88,8.10,8.34,8.20,8.53,8.57,8.52,8.72,8.67,8.97,8.62,8.60,8.90,8.56,8.64,8.63,8.88,8.80,8.84,9.34,9.58,9.45,9.35,9.36,9.89,9.78,9.21,10.18,9.94,10.82,10.43,10.98,10.82,10.70,10.32,10.54,10.26,10.60,11.18,10.56,11.42,11.18,11.05,11.45,11.53,11.97,11.89,11.68,11.57,11.68,11.70,11.45,11.55,12.21,12.15,12.15,12.90,13.05,12.39,13.14,13.17,12.79,12.26,14.39,13.39,12.83,13.44,13.47,13.54,12.94,14.19,13.64,13.43,12.70,12.86,13.24,12.74,12.71,13.24,12.57,12.48,12.57,12.86,14.09,12.62,14.67,13.95,14.44,12.26,13.41,13.36,13.27,15.56,15.75,16.14,16.53,16.06,16.11,15.98,14.97,16.11,15.58,15.82,14.99,15.80,14.30,15.37,16.26,17.82,19.35,17.31,17.77,16.76,17.48,17.85,17.53,17.40,17.10,17.36,15.61,15.75,16.74,15.57,16.45,14.42,15.86,16.07,16.35,16.63,16.61,16.12,17.89,18.11,17.63,18.49,18.32,17.43,17.78,18.63,17.93,17.81,18.70,19.60,18.19,18.20,17.18,17.57,18.04,18.76,18.21,17.23,17.73,18.15,18.43,18.28,19.93,18.14,22.84,23.85,23.66,19.21,21.54,18.21,23.41,24.93,23.81,20.42,20.81,24.76,22.29,20.84,23.82,22.42,15.20,16.02,17.59,23.21,22.19,16.53,18.02,18.16,19.62,19.47,17.81,19.29,19.60,..,..,..,..,..,..,..,..,..,..
Banana Bungulan,..CORDILLERA ADMINISTRATIVE REGION (CAR),8.83,9.39,8.93,8.84,9.04,8.75,8.76,8.86,9.73,9.75,10.08,10.49,9.29,9.61,9.71,9.65,9.65,9.85,9.71,9.93,10.03,10.11,10.90,10.25,10.31,9.98,11.20,12.87,11.62,12.51,13.12,12.94,12.75,12.70,15.13,13.07,13.96,14.30,13.01,14.34,13.00,12.67,13.06,13.06,13.45,14.97,14.95,14.86,14.28,15.94,16.33,14.24,16.86,15.29,15.26,15.43,15.39,16.56,17.04,16.32,16.00,14.94,14.80,14.99,15.74,14.47,13.95,13.65,12.38,12.13,15.48,14.45,14.58,14.63,15.43,15.62,16.47,14.44,14.32,14.02,14.07,14.06,13.37,13.25,14.27,14.57,13.84,15.22,16.16,15.59,14.40,18.52,19.76,20.18,19.30,20.38,18.97,16.77,16.29,18.03,19.21,15.33,15.90,18.22,15.97,17.27,17.15,19.50,15.84,16.05,17.75,20.57,25.51,20.19,24.11,20.62,19.21,26.05,27.14,27.65,27.62,25.35,28.55,22.63,24.51,26.80,20.60,22.32,19.96,24.93,21.90,23.48,24.91,23.28,22.69,23.65,24.02,19.50,21.74,21.52,20.34,20.74,22.31,22.69,21.77,22.25,20.73,16.18,19.61,16.53,16.88,21.54,20.84,21.19,18.62,19.90,21.01,20.25,23.84,27.88,23.99,20.10,20.98,25.76,21.58,22.17,24.27,29.57,23.45,28.64,21.24,23.12,25.77,25.93,24.93,23.94,24.52,25.09,24.85,23.96,25.25,24.77,22.65,18.48,19.51,21.52,20.47,18.80,22.18,23.77,17.49,33.52,39.05,35.00,24.37,45.14,43.57,45.00,31.30,32.39,29.27,43.59,39.39,19.42,35.00,29.26,35.00,35.69,28.22,29.72,32.34,..,..,..,..,..,..,..,..,..,..
Banana Bungulan,..REGION I (ILOCOS REGION),10.59,10.76,10.09,9.93,10.25,10.31,10.70,10.92,11.17,11.24,11.33,11.43,10.73,11.22,11.98,12.41,12.89,12.48,12.66,12.70,11.57,12.09,11.91,11.98,11.62,12.13,11.99,12.53,13.24,13.57,13.64,13.83,14.23,13.61,13.95,14.00,12.75,13.33,13.39,12.63,13.67,13.99,13.51,13.65,13.98,14.33,13.90,13.97,14.23,14.21,14.31,13.87,14.92,14.72,17.78,17.49,18.08,17.88,14.30,14.21,14.45,15.00,15.79,16.13,15.90,16.98,15.90,15.07,16.67,16.41,18.21,19.24,18.91,15.05,16.44,16.46,15.65,16.75,16.59,16.15,16.76,18.88,18.25,17.72,18.37,17.33,17.82,17.47,18.28,16.86,17.54,17.44,15.22,17.04,16.33,23.13,20.98,19.46,18.13,17.10,19.30,17.66,17.90,18.31,15.35,15.33,16.48,17.39,15.72,19.90,19.38,18.83,18.67,17.07,20.94,16.76,17.65,21.47,20.47,17.79,19.62,22.06,22.35,22.79,20.92,24.40,21.48,21.70,19.71,21.23,19.06,27.71,21.16,22.86,24.06,23.81,22.65,22.54,20.17,20.53,24.84,24.92,22.86,22.50,21.49,21.35,20.21,20.29,22.47,20.57,21.73,22.49,22.87,23.55,22.57,21.84,22.31,23.38,22.49,23.44,24.23,22.46,20.66,20.61,23.18,23.04,25.95,22.82,22.88,21.13,21.38,25.00,23.19,24.25,23.53,23.53,24.61,26.72,24.57,25.83,27.92,24.31,28.75,29.18,30.30,26.05,25.00,40.00,45.00,41.99,42.79,35.65,30.00,40.00,34.56,40.00,20.00,40.00,26.67,30.00,26.67,25.00,36.74,35.10,40.47,40.00,35.00,32.97,35.75,35.75,37.66,..,..,..,..,..,..,..,..,..,..
Banana Bungulan,..REGION II (CAGAYAN VALLEY),6.84,7.15,7.07,6.90,6.88,6.98,6.89,6.63,6.65,6.72,7.21,6.86,6.90,7.36,7.34,7.28,7.11,7.63,7.28,7.18,7.27,7.37,7.34,7.33,7.32,7.32,7.51,7.15,6.89,7.10,7.08,7.21,7.32,7.43,7.38,7.25,7.20,7.38,7.24,7.44,7.61,7.62,7.35,7.25,7.37,7.95,7.37,7.49,7.46,7.48,7.43,7.49,7.43,7.31,7.53,7.26,7.34,7.31,7.21,7.15,7.23,7.22,7.21,7.02,7.27,7.41,8.55,8.01,7.76,12.83,11.54,10.61,9.76,10.93,10.36,12.71,10.90,10.11,11.35,12.41,10.96,11.00,10.61,9.85,8.91,9.76,9.73,9.19,9.99,10.60,10.36,9.99,10.72,11.41,10.09,10.90,11.32,11.21,9.94,10.27,9.91,9.04,8.32,10.26,9.39,9.84,9.71,10.32,10.64,11.26,9.59,9.28,9.84,8.95,10.38,10.42,9.97,15.55,15.41,18.68,17.84,15.80,15.59,14.42,11.35,12.37,13.24,13.12,10.78,14.51,11.28,11.99,13.38,13.75,13.83,12.49,13.45,13.22,16.36,15.80,14.42,11.02,13.42,12.83,11.61,10.60,10.41,12.42,10.00,10.16,9.76,10.01,12.21,10.96,8.73,10.81,11.43,12.32,10.45,7.84,7.60,8.88,10.57,13.51,8.77,9.09,8.91,11.29,10.06,10.55,11.43,9.38,9.37,13.23,12.74,8.87,12.01,12.55,12.71,13.22,17.11,11.93,15.46,13.12,17.65,14.00,13.15,13.30,19.00,18.75,18.65,15.85,16.50,17.00,16.03,26.00,28.00,26.00,20.42,23.55,20.00,24.09,10.00,10.00,15.61,15.84,0.00,19.95,14.85,17.58,14.80,..,..,..,..,..,..,..,..,..,..
Banana Bungulan,..REGION III (CENTRAL LUZON),0.00,0.00,0.00,0.00,0.00,0.00,0.00,0.00,0.00,0.00,0.00,0.00,0.00,0.00,0.00,0.00,0.00,0.00,0.00,0.00,0.00,0.00,22.21,0.00,0.00,22.21,0.00,0.00,0.00,0.00,0.00,0.00,0.00,0.00,0.00,0.00,0.00,0.00,0.00,0.00,0.00,0.00,0.00,0.00,0.00,0.00,0.00,0.00,0.00,0.00,0.00,0.00,0.00,0.00,0.00,0.00,0.00,0.00,0.00,0.00,0.00,0.00,0.00,0.00,0.00,0.00,0.00,0.00,0.00,0.00,0.00,0.00,0.00,0.00,0.00,0.00,0.00,0.00,0.00,0.00,0.00,0.00,0.00,0.00,0.00,0.00,0.00,0.00,0.00,0.00,0.00,0.00,0.00,0.00,0.00,0.00,0.00,0.00,0.00,0.00,0.00,0.00,0.00,0.00,0.00,0.00,0.00,0.00,0.00,0.00,0.00,0.00,0.00,0.00,0.00,0.00,0.00,0.00,0.00,0.00,0.00,0.00,0.00,0.00,0.00,0.00,0.00,0.00,0.00,0.00,0.00,0.00,0.00,0.00,0.00,0.00,0.00,0.00,0.00,0.00,0.00,0.00,0.00,0.00,0.00,0.00,0.00,0.00,0.00,0.00,0.00,0.00,0.00,0.00,0.00,0.00,0.00,0.00,0.00,0.00,0.00,0.00,0.00,0.00,0.00,0.00,0.00,0.00,0.00,0.00,0.00,0.00,0.00,0.00,0.00,0.00,0.00,0.00,0.00,0.00,0.00,0.00,26.33,26.83,26.00,31.00,34.00,35.00,40.00,30.67,30.67,24.00,25.00,26.25,29.65,25.67,15.00,25.00,30.00,26.39,30.00,25.00,24.76,25.00,42.56,29.60,42.16,28.43,28.50,31.00,31.06,..,..,..,..,..,..,..,..,..,..
Banana Bungulan,..REGION IV-A (CALABARZON),0.00,0.00,0.00,0.00,0.00,0.00,0.00,0.00,0.00,0.00,0.00,0.00,0.00,0.00,0.00,0.00,0.00,0.00,0.00,0.00,0.00,0.00,0.00,0.00,0.00,0.00,0.00,0.00,0.00,0.00,0.00,0.00,0.00,0.00,0.00,0.00,0.00,0.00,0.00,0.00,0.00,0.00,0.00,0.00,0.00,0.00,0.00,0.00,0.00,0.00,0.00,0.00,0.00,0.00,0.00,0.00,0.00,0.00,0.00,0.00,0.00,0.00,0.00,0.00,0.00,0.00,0.00,0.00,0.00,0.00,0.00,0.00,0.00,0.00,0.00,0.00,0.00,0.00,0.00,0.00,0.00,0.00,0.00,0.00,0.00,0.00,0.00,0.00,15.00,5.87,10.44,0.00,0.00,0.00,0.00,0.00,0.00,0.00,0.00,0.00,0.00,0.00,0.00,0.00,0.00,0.00,0.00,0.00,0.00,0.00,0.00,0.00,0.00,0.00,0.00,0.00,0.00,0.00,0.00,0.00,0.00,0.00,0.00,0.00,0.00,0.00,0.00,0.00,0.00,0.00,0.00,0.00,0.00,0.00,0.00,0.00,0.00,0.00,0.00,0.00,0.00,0.00,0.00,0.00,0.00,0.00,0.00,0.00,0.00,0.00,0.00,0.00,0.00,0.00,0.00,0.00,0.00,0.00,0.00,0.00,0.00,0.00,0.00,0.00,0.00,0.00,0.00,0.00,0.00,0.00,0.00,0.00,0.00,0.00,0.00,0.00,0.00,0.00,0.00,0.00,0.00,0.00,24.17,23.33,25.00,10.00,21.53,12.00,15.05,30.00,9.42,20.79,20.00,15.00,18.86,13.57,26.61,13.57,39.72,15.27,20.00,0.00,30.42,0.00,22.75,40.00,15.00,23.69,0.00,41.53,33.67,..,..,..,..,..,..,..,..,..,..
Banana Bungulan,..MIMAROPA REGION,0.00,0.00,0.00,0.00,0.00,0.00,0.00,0.00,0.00,0.00,0.00,0.00,0.00,0.00,0.00,0.00,0.00,0.00,0.00,0.00,0.00,0.00,0.00,0.00,0.00,0.00,0.00,0.00,0.00,0.00,0.00,0.00,0.00,0.00,0.00,0.00,0.00,0.00,0.00,0.00,0.00,0.00,0.00,0.00,0.00,0.00,0.00,0.00,0.00,0.00,0.00,0.00,0.00,0.00,0.00,0.00,0.00,0.00,0.00,0.00,0.00,0.00,0.00,0.00,0.00,0.00,0.00,0.00,0.00,0.00,0.00,0.00,0.00,0.00,0.00,0.00,0.00,0.00,0.00,0.00,0.00,0.00,0.00,0.00,0.00,0.00,0.00,0.00,0.00,0.00,0.00,0.00,0.00,0.00,0.00,0.00,0.00,0.00,0.00,0.00,0.00,0.00,0.00,0.00,0.00,0.00,0.00,0.00,0.00,0.00,0.00,0.00,0.00,0.00,0.00,0.00,0.00,0.00,0.00,0.00,0.00,0.00,0.00,0.00,0.00,0.00,0.00,0.00,0.00,0.00,0.00,0.00,0.00,0.00,0.00,0.00,0.00,0.00,0.00,0.00,0.00,0.00,0.00,0.00,0.00,0.00,0.00,0.00,0.00,0.00,0.00,0.00,0.00,0.00,0.00,0.00,0.00,0.00,0.00,0.00,0.00,0.00,0.00,0.00,0.00,0.00,0.00,0.00,0.00,0.00,0.00,0.00,0.00,0.00,0.00,0.00,0.00,0.00,0.00,0.00,0.00,0.00,35.60,35.18,40.00,0.00,0.00,0.00,0.00,30.00,0.00,22.78,22.99,24.89,30.21,20.00,25.00,20.00,25.00,35.00,25.00,28.54,17.50,40.00,21.13,29.06,30.00,26.35,22.44,22.73,22.72,..,..,..,..,..,..,..,..,..,..
Banana Bungulan,..REGION V (BICOL REGION),8.43,8.73,8.09,8.05,8.71,8.97,9.58,9.13,8.49,8.45,9.20,8.23,8.67,8.36,8.22,8.18,8.89,8.97,8.55,9.00,9.44,8.71,9.19,8.83,9.99,8.86,10.54,10.28,9.32,9.27,9.17,9.34,8.89,9.25,8.94,9.03,8.98,9.04,9.34,9.14,8.86,8.65,9.14,8.97,9.04,8.67,8.63,9.03,8.72,9.60,9.26,8.98,9.45,9.64,10.22,10.05,10.90,9.69,11.12,11.36,12.47,12.57,12.49,12.85,11.07,12.22,11.79,12.29,12.35,11.62,12.47,12.80,11.99,13.05,12.45,11.92,12.97,12.33,14.90,14.08,14.37,14.78,13.38,11.85,13.29,16.07,13.97,14.35,13.88,16.92,14.32,14.45,15.79,14.98,13.84,12.73,12.75,14.73,12.03,13.12,12.61,12.95,13.08,13.59,12.34,13.03,11.02,11.87,10.13,14.00,30.09,10.45,16.35,9.39,14.01,11.04,13.64,10.51,13.14,10.69,10.78,11.10,11.36,11.07,12.44,11.27,11.05,12.23,12.17,11.48,12.88,14.06,14.26,17.82,33.65,19.30,20.52,20.89,21.36,21.92,22.49,21.36,20.04,23.45,17.80,18.49,27.53,21.14,23.08,18.28,27.92,22.12,22.50,22.25,32.14,23.06,22.76,26.00,23.71,22.75,23.11,21.89,22.31,21.53,22.03,22.48,24.94,23.39,23.08,23.66,21.79,22.98,25.00,23.27,24.11,22.57,21.06,21.32,23.28,21.47,23.45,22.83,20.28,27.14,25.08,10.12,17.89,22.22,23.10,28.60,20.93,20.89,18.06,0.00,21.30,25.00,25.93,20.02,32.35,20.70,21.10,21.88,22.00,21.45,24.32,23.29,30.00,24.00,33.06,28.59,31.93,..,..,..,..,..,..,..,..,..,..
Banana Bungulan,..REGION VI (WESTERN VISAYAS),8.75,9.40,9.54,8.80,9.62,9.48,13.42,12.16,7.93,9.60,8.62,8.94,9.69,8.47,9.66,7.98,8.76,8.81,8.98,8.89,9.02,9.03,8.90,9.03,8.77,8.86,8.80,9.39,8.63,8.76,8.51,8.55,8.59,8.36,8.81,8.89,8.73,9.33,8.78,9.09,8.48,9.08,9.22,9.00,9.16,9.27,9.10,9.12,8.69,9.88,10.47,9.21,12.41,11.36,12.77,11.06,14.77,14.14,14.09,11.80,13.14,11.19,13.70,14.94,12.95,14.50,14.22,13.98,13.69,13.68,13.62,14.50,14.60,14.61,14.21,12.86,12.62,13.92,12.79,11.87,10.29,14.09,12.55,14.50,16.20,11.69,9.40,8.65,14.21,14.12,12.53,14.39,12.48,11.52,9.53,12.21,9.43,7.43,8.41,8.30,11.61,10.98,9.23,10.46,9.49,8.82,9.42,9.14,26.61,8.53,9.44,0.00,9.50,9.50,8.93,18.00,11.58,0.00,0.00,0.00,0.00,0.00,0.00,0.00,0.00,0.00,0.00,0.00,0.00,0.00,0.00,0.00,0.00,0.00,0.00,0.00,0.00,0.00,0.00,0.00,0.00,0.00,0.00,0.00,0.00,0.00,0.00,0.00,0.00,0.00,0.00,0.00,0.00,0.00,0.00,0.00,0.00,0.00,0.00,0.00,0.00,0.00,0.00,0.00,0.00,0.00,0.00,0.00,0.00,0.00,0.00,0.00,0.00,0.00,0.00,0.00,0.00,0.00,0.00,0.00,0.00,0.00,23.07,21.98,24.17,26.30,24.33,24.25,19.17,20.00,20.80,19.17,20.00,20.80,22.00,19.00,25.00,10.00,20.67,12.92,17.61,18.33,10.86,22.64,20.00,20.00,27.50,18.71,19.03,19.05,21.25,..,..,..,..,..,..,..,..,..,..
Banana Bungulan,..NEGROS ISLAND REGION (NIR) 2/,..,..,..,..,..,..,..,..,..,..,..,..,..,..,..,..,..,..,..,..,..,..,..,..,..,..,..,..,..,..,..,..,..,..,..,..,..,..,..,..,..,..,..,..,..,..,..,..,..,..,..,..,..,..,..,..,..,..,..,..,..,..,..,..,..,..,..,..,..,..,..,..,..,..,..,..,..,..,..,..,..,..,..,..,..,..,..,..,..,..,..,..,..,..,..,..,..,..,..,..,..,..,..,..,..,..,..,..,..,..,..,..,..,..,..,..,..,..,..,..,..,..,..,..,..,..,..,..,..,..,..,..,..,..,..,..,..,..,..,..,..,..,..,..,..,..,..,..,..,..,..,..,..,..,..,..,..,..,..,..,..,..,..,..,..,..,..,..,..,..,..,..,..,..,..,..,..,..,..,..,..,..,14.79,30.35,17.50,26.80,29.96,12.00,19.43,19.25,24.04,18.72,18.30,22.81,21.16,15.61,30.04,30.04,10.04,18.84,12.50,30.00,30.08,12.00,10.00,23.19,13.85,19.68,24.18,24.09,21.84,..,..,..,..,..,..,..,..,..,..
Banana Cavendish,PHILIPPINES,0.00,0.00,0.00,0.00,0.00,0.00,0.00,0.00,0.00,0.00,0.00,0.00,0.00,0.00,0.00,0.00,0.00,0.00,0.00,0.00,0.00,0.00,0.00,0.00,0.00,0.00,0.00,0.00,0.00,0.00,0.00,0.00,0.00,0.00,0.00,0.00,0.00,0.00,0.00,0.00,0.00,0.00,0.00,0.00,0.00,0.00,0.00,0.00,0.00,0.00,0.00,0.00,0.00,0.00,0.00,0.00,0.00,0.00,0.00,0.00,0.00,0.00,0.00,0.00,0.00,0.00,0.00,0.00,0.00,0.00,0.00,0.00,0.00,0.00,0.00,0.00,0.00,0.00,0.00,0.00,0.00,0.00,0.00,0.00,0.00,0.00,0.00,0.00,0.00,0.00,0.00,0.00,0.00,0.00,0.00,0.00,0.00,10.44,9.14,8.36,7.38,9.70,10.37,9.23,9.96,8.80,9.93,7.84,8.72,7.84,7.49,8.95,8.25,8.47,7.99,8.01,8.52,25.23,25.40,28.10,9.70,9.38,10.79,12.30,12.54,12.27,12.14,12.55,11.93,15.19,12.26,12.50,13.06,14.33,12.27,14.73,14.48,12.71,13.15,11.90,12.75,12.56,13.06,11.06,16.45,13.96,9.22,6.13,12.96,12.92,11.88,3.88,12.19,12.45,13.74,11.40,18.14,14.68,15.75,15.69,15.54,13.71,14.65,14.76,15.18,13.84,13.02,13.33,14.86,20.04,19.47,21.51,18.86,23.47,21.07,23.08,22.42,23.79,18.57,18.49,15.63,20.53,25.64,25.37,25.84,21.19,33.05,34.60,19.51,19.37,20.59,16.98,18.09,24.67,23.74,20.01,22.13,23.32,22.33,22.22,21.74,16.38,14.21,19.07,19.06,21.80,17.66,19.99,20.36,20.62,20.81,..,..,..,..,..,..,..,..,..,..
Banana Cavendish,..CORDILLERA ADMINISTRATIVE REGION (CAR),0.00,0.00,0.00,0.00,0.00,0.00,0.00,0.00,0.00,0.00,0.00,0.00,0.00,0.00,0.00,0.00,0.00,0.00,0.00,0.00,0.00,0.00,0.00,0.00,0.00,0.00,0.00,0.00,0.00,0.00,0.00,0.00,0.00,0.00,0.00,0.00,0.00,0.00,0.00,0.00,0.00,0.00,0.00,0.00,0.00,0.00,0.00,0.00,0.00,0.00,0.00,0.00,0.00,0.00,0.00,0.00,0.00,0.00,0.00,0.00,0.00,0.00,0.00,0.00,0.00,0.00,0.00,0.00,0.00,0.00,0.00,0.00,0.00,0.00,0.00,0.00,0.00,0.00,0.00,0.00,0.00,0.00,0.00,0.00,0.00,0.00,0.00,0.00,0.00,0.00,0.00,0.00,0.00,0.00,0.00,0.00,0.00,0.00,0.00,0.00,0.00,0.00,0.00,0.00,0.00,0.00,0.00,0.00,0.00,0.00,0.00,0.00,0.00,0.00,0.00,0.00,0.00,0.00,0.00,0.00,0.00,0.00,0.00,0.00,0.00,0.00,0.00,0.00,0.00,0.00,0.00,0.00,0.00,0.00,0.00,0.00,0.00,0.00,0.00,0.00,0.00,0.00,0.00,0.00,0.00,0.00,0.00,0.00,0.00,0.00,0.00,0.00,0.00,0.00,0.00,0.00,0.00,0.00,0.00,0.00,0.00,0.00,0.00,0.00,0.00,0.00,0.00,0.00,0.00,0.00,0.00,0.00,0.00,0.00,0.00,0.00,0.00,0.00,0.00,0.00,0.00,0.00,51.00,51.00,51.00,51.00,51.00,30.00,0.00,0.00,0.00,0.00,0.00,0.00,47.50,55.00,55.00,55.00,55.00,55.00,40.00,0.00,60.00,0.00,60.00,60.00,60.00,55.50,60.00,60.00,60.00,..,..,..,..,..,..,..,..,..,..
Banana Cavendish,..REGION I (ILOCOS REGION),0.00,0.00,0.00,0.00,0.00,0.00,0.00,0.00,0.00,0.00,0.00,0.00,0.00,0.00,0.00,0.00,0.00,0.00,0.00,0.00,0.00,0.00,0.00,0.00,0.00,0.00,0.00,0.00,0.00,0.00,0.00,0.00,0.00,0.00,0.00,0.00,0.00,0.00,0.00,0.00,0.00,0.00,0.00,0.00,0.00,0.00,0.00,0.00,0.00,0.00,0.00,0.00,0.00,0.00,0.00,0.00,0.00,0.00,0.00,0.00,0.00,0.00,0.00,0.00,0.00,0.00,0.00,0.00,0.00,0.00,0.00,0.00,0.00,0.00,0.00,0.00,0.00,0.00,0.00,0.00,0.00,0.00,0.00,0.00,0.00,0.00,0.00,0.00,0.00,0.00,0.00,0.00,0.00,0.00,0.00,0.00,0.00,0.00,0.00,0.00,0.00,0.00,0.00,0.00,0.00,0.00,0.00,0.00,0.00,0.00,0.00,0.00,0.00,0.00,0.00,0.00,0.00,0.00,0.00,0.00,0.00,0.00,0.00,0.00,0.00,0.00,0.00,0.00,0.00,0.00,0.00,0.00,0.00,0.00,0.00,0.00,0.00,0.00,0.00,0.00,0.00,0.00,0.00,0.00,0.00,0.00,0.00,0.00,0.00,0.00,0.00,0.00,0.00,0.00,0.00,0.00,0.00,0.00,0.00,0.00,0.00,0.00,0.00,0.00,0.00,0.00,0.00,0.00,0.00,0.00,0.00,0.00,0.00,0.00,0.00,0.00,0.00,0.00,0.00,0.00,0.00,0.00,0.00,0.00,0.00,0.00,0.00,0.00,0.00,0.00,25.00,0.00,0.00,0.00,25.00,0.00,0.00,15.00,35.00,35.00,35.00,35.00,35.00,35.00,20.00,20.00,35.00,30.00,35.05,28.09,36.85,..,..,..,..,..,..,..,..,..,..
Banana Cavendish,..REGION II (CAGAYAN VALLEY),0.00,0.00,0.00,0.00,0.00,0.00,0.00,0.00,0.00,0.00,0.00,0.00,0.00,0.00,0.00,0.00,0.00,0.00,0.00,0.00,0.00,0.00,0.00,0.00,0.00,0.00,0.00,0.00,0.00,0.00,0.00,0.00,0.00,0.00,0.00,0.00,0.00,0.00,0.00,0.00,0.00,0.00,0.00,0.00,0.00,0.00,0.00,0.00,0.00,0.00,0.00,0.00,0.00,0.00,0.00,0.00,0.00,0.00,0.00,0.00,0.00,0.00,0.00,0.00,0.00,0.00,0.00,0.00,0.00,0.00,0.00,0.00,0.00,0.00,0.00,0.00,0.00,0.00,0.00,0.00,0.00,0.00,0.00,0.00,0.00,0.00,0.00,0.00,0.00,0.00,0.00,0.00,0.00,0.00,0.00,0.00,0.00,0.00,0.00,0.00,0.00,0.00,0.00,0.00,0.00,0.00,0.00,0.00,0.00,0.00,0.00,0.00,0.00,0.00,0.00,0.00,0.00,0.00,0.00,0.00,0.00,0.00,0.00,0.00,0.00,0.00,0.00,0.00,0.00,0.00,0.00,0.00,0.00,0.00,0.00,0.00,0.00,0.00,0.00,0.00,0.00,0.00,0.00,0.00,0.00,0.00,0.00,0.00,0.00,0.00,0.00,0.00,0.00,0.00,0.00,0.00,0.00,0.00,0.00,0.00,0.00,0.00,0.00,0.00,0.00,0.00,0.00,0.00,0.00,0.00,0.00,0.00,0.00,0.00,0.00,0.00,0.00,0.00,0.00,0.00,0.00,0.00,0.00,30.00,26.59,20.00,29.67,20.00,0.00,35.00,0.00,21.06,23.94,37.00,27.03,27.00,29.67,29.00,28.96,20.00,30.67,23.65,27.84,25.00,26.75,30.25,33.75,27.71,24.33,24.34,29.17,..,..,..,..,..,..,..,..,..,..
Banana Cavendish,..REGION III (CENTRAL LUZON),0.00,0.00,0.00,0.00,0.00,0.00,0.00,0.00,0.00,0.00,0.00,0.00,0.00,0.00,0.00,0.00,0.00,0.00,0.00,0.00,0.00,0.00,0.00,0.00,0.00,0.00,0.00,0.00,0.00,0.00,0.00,0.00,0.00,0.00,0.00,0.00,0.00,0.00,0.00,0.00,0.00,0.00,0.00,0.00,0.00,0.00,0.00,0.00,0.00,0.00,0.00,0.00,0.00,0.00,0.00,0.00,0.00,0.00,0.00,0.00,0.00,0.00,0.00,0.00,0.00,0.00,0.00,0.00,0.00,0.00,0.00,0.00,0.00,0.00,0.00,0.00,0.00,0.00,0.00,0.00,0.00,0.00,0.00,0.00,0.00,0.00,0.00,0.00,0.00,0.00,0.00,0.00,0.00,0.00,0.00,0.00,0.00,0.00,0.00,0.00,0.00,0.00,0.00,0.00,0.00,0.00,0.00,0.00,0.00,0.00,0.00,0.00,0.00,0.00,0.00,0.00,0.00,0.00,0.00,0.00,0.00,0.00,0.00,0.00,0.00,0.00,0.00,0.00,0.00,0.00,0.00,0.00,0.00,0.00,0.00,0.00,0.00,0.00,0.00,0.00,0.00,0.00,0.00,0.00,0.00,0.00,0.00,0.00,0.00,0.00,0.00,0.00,0.00,0.00,0.00,0.00,0.00,0.00,0.00,0.00,0.00,0.00,0.00,0.00,0.00,0.00,0.00,0.00,0.00,0.00,0.00,0.00,0.00,0.00,0.00,0.00,0.00,0.00,0.00,0.00,0.00,0.00,0.00,0.00,0.00,0.00,0.00,0.00,0.00,0.00,0.00,0.00,0.00,0.00,0.00,0.00,0.00,0.00,35.00,30.00,30.00,0.00,0.00,0.00,0.00,0.00,0.00,31.67,0.00,0.00,0.00,..,..,..,..,..,..,..,..,..,..
Banana Cavendish,..REGION IV-A (CALABARZON),0.00,0.00,0.00,0.00,0.00,0.00,0.00,0.00,0.00,0.00,0.00,0.00,0.00,0.00,0.00,0.00,0.00,0.00,0.00,0.00,0.00,0.00,0.00,0.00,0.00,0.00,0.00,0.00,0.00,0.00,0.00,0.00,0.00,0.00,0.00,0.00,0.00,0.00,0.00,0.00,0.00,0.00,0.00,0.00,0.00,0.00,0.00,0.00,0.00,0.00,0.00,0.00,0.00,0.00,0.00,0.00,0.00,0.00,0.00,0.00,0.00,0.00,0.00,0.00,0.00,0.00,0.00,0.00,0.00,0.00,0.00,0.00,0.00,0.00,0.00,0.00,0.00,0.00,0.00,0.00,0.00,0.00,0.00,0.00,0.00,0.00,0.00,0.00,0.00,0.00,0.00,0.00,0.00,0.00,0.00,0.00,0.00,0.00,0.00,0.00,0.00,0.00,0.00,0.00,0.00,0.00,0.00,0.00,0.00,0.00,0.00,0.00,0.00,0.00,0.00,0.00,0.00,0.00,0.00,0.00,0.00,0.00,0.00,0.00,0.00,0.00,0.00,0.00,0.00,0.00,0.00,0.00,0.00,0.00,0.00,0.00,0.00,0.00,0.00,0.00,0.00,0.00,0.00,0.00,0.00,0.00,0.00,0.00,0.00,0.00,0.00,0.00,0.00,0.00,0.00,0.00,0.00,0.00,0.00,0.00,0.00,0.00,0.00,0.00,0.00,0.00,0.00,0.00,0.00,0.00,0.00,0.00,0.00,0.00,0.00,0.00,0.00,0.00,0.00,0.00,0.00,0.00,0.00,0.00,0.00,0.00,0.00,0.00,27.50,28.75,27.50,23.83,30.00,30.00,27.93,40.17,46.58,48.95,0.00,0.00,50.00,0.00,20.00,25.00,0.00,0.00,0.00,38.45,0.00,0.00,0.00,..,..,..,..,..,..,..,..,..,..
Banana Cavendish,..MIMAROPA REGION,0.00,0.00,0.00,0.00,0.00,0.00,0.00,0.00,0.00,0.00,0.00,0.00,0.00,0.00,0.00,0.00,0.00,0.00,0.00,0.00,0.00,0.00,0.00,0.00,0.00,0.00,0.00,0.00,0.00,0.00,0.00,0.00,0.00,0.00,0.00,0.00,0.00,0.00,0.00,0.00,0.00,0.00,0.00,0.00,0.00,0.00,0.00,0.00,0.00,0.00,0.00,0.00,0.00,0.00,0.00,0.00,0.00,0.00,0.00,0.00,0.00,0.00,0.00,0.00,0.00,0.00,0.00,0.00,0.00,0.00,0.00,0.00,0.00,0.00,0.00,0.00,0.00,0.00,0.00,0.00,0.00,0.00,0.00,0.00,0.00,0.00,0.00,0.00,0.00,0.00,0.00,0.00,0.00,0.00,0.00,0.00,0.00,0.00,0.00,0.00,0.00,0.00,0.00,0.00,0.00,0.00,0.00,0.00,0.00,0.00,0.00,0.00,0.00,0.00,0.00,0.00,0.00,0.00,0.00,0.00,0.00,0.00,0.00,0.00,0.00,0.00,0.00,0.00,0.00,0.00,0.00,0.00,0.00,0.00,0.00,0.00,0.00,0.00,0.00,0.00,0.00,0.00,0.00,0.00,0.00,0.00,0.00,0.00,0.00,0.00,0.00,0.00,0.00,0.00,0.00,0.00,0.00,0.00,0.00,0.00,0.00,0.00,0.00,0.00,0.00,0.00,0.00,0.00,0.00,0.00,0.00,0.00,0.00,0.00,0.00,0.00,0.00,0.00,0.00,0.00,0.00,0.00,0.00,0.00,0.00,0.00,0.00,25.00,0.00,0.00,0.00,0.00,0.00,0.00,25.00,0.00,0.00,50.00,0.00,0.00,0.00,0.00,0.00,0.00,0.00,0.00,0.00,50.00,0.00,18.00,20.00,..,..,..,..,..,..,..,..,..,..
Banana Cavendish,..REGION V (BICOL REGION),0.00,0.00,0.00,0.00,0.00,0.00,0.00,0.00,0.00,0.00,0.00,0.00,0.00,0.00,0.00,0.00,0.00,0.00,0.00,0.00,0.00,0.00,0.00,0.00,0.00,0.00,0.00,0.00,0.00,0.00,0.00,0.00,0.00,0.00,0.00,0.00,0.00,0.00,0.00,0.00,0.00,0.00,0.00,0.00,0.00,0.00,0.00,0.00,0.00,0.00,0.00,0.00,0.00,0.00,0.00,0.00,0.00,0.00,0.00,0.00,0.00,0.00,0.00,0.00,0.00,0.00,0.00,0.00,0.00,0.00,0.00,0.00,0.00,0.00,0.00,0.00,0.00,0.00,0.00,0.00,0.00,0.00,0.00,0.00,0.00,0.00,0.00,0.00,0.00,0.00,0.00,0.00,0.00,0.00,0.00,0.00,0.00,0.00,0.00,0.00,0.00,0.00,0.00,0.00,0.00,0.00,0.00,0.00,0.00,0.00,0.00,0.00,0.00,0.00,0.00,0.00,0.00,0.00,0.00,0.00,0.00,0.00,0.00,0.00,0.00,0.00,0.00,0.00,0.00,0.00,0.00,0.00,0.00,0.00,0.00,0.00,0.00,0.00,0.00,0.00,0.00,0.00,0.00,0.00,0.00,0.00,0.00,0.00,0.00,0.00,0.00,0.00,0.00,0.00,0.00,0.00,0.00,0.00,0.00,0.00,0.00,0.00,0.00,0.00,0.00,0.00,0.00,0.00,0.00,0.00,0.00,0.00,0.00,0.00,0.00,0.00,0.00,0.00,0.00,0.00,0.00,0.00,40.00,35.00,40.00,20.00,0.00,19.58,0.00,13.33,16.22,11.69,10.00,0.00,22.87,0.00,0.00,50.00,0.00,0.00,50.00,0.00,0.00,60.00,47.66,0.00,0.00,51.92,0.00,0.00,0.00,..,..,..,..,..,..,..,..,..,..
Banana Cavendish,..REGION VI (WESTERN VISAYAS),0.00,0.00,0.00,0.00,0.00,0.00,0.00,0.00,0.00,0.00,0.00,0.00,0.00,0.00,0.00,0.00,0.00,0.00,0.00,0.00,0.00,0.00,0.00,0.00,0.00,0.00,0.00,0.00,0.00,0.00,0.00,0.00,0.00,0.00,0.00,0.00,0.00,0.00,0.00,0.00,0.00,0.00,0.00,0.00,0.00,0.00,0.00,0.00,0.00,0.00,0.00,0.00,0.00,0.00,0.00,0.00,0.00,0.00,0.00,0.00,0.00,0.00,0.00,0.00,0.00,0.00,0.00,0.00,0.00,0.00,0.00,0.00,0.00,0.00,0.00,0.00,0.00,0.00,0.00,0.00,0.00,0.00,0.00,0.00,0.00,0.00,0.00,0.00,0.00,0.00,0.00,0.00,0.00,0.00,0.00,0.00,0.00,0.00,0.00,0.00,0.00,0.00,0.00,0.00,0.00,0.00,0.00,0.00,0.00,0.00,0.00,0.00,0.00,0.00,0.00,0.00,0.00,0.00,0.00,0.00,0.00,0.00,0.00,0.00,0.00,0.00,0.00,0.00,0.00,0.00,0.00,0.00,0.00,0.00,0.00,0.00,0.00,0.00,0.00,0.00,0.00,0.00,0.00,0.00,0.00,0.00,0.00,0.00,0.00,0.00,0.00,0.00,0.00,0.00,0.00,0.00,0.00,0.00,0.00,0.00,0.00,0.00,0.00,0.00,0.00,0.00,0.00,0.00,0.00,0.00,0.00,0.00,0.00,0.00,0.00,0.00,0.00,0.00,0.00,0.00,0.00,0.00,21.50,21.97,21.58,22.45,16.46,21.82,18.90,19.20,36.17,18.90,19.20,0.00,21.65,22.83,17.95,19.75,23.65,25.18,25.00,35.00,25.00,23.50,32.78,32.51,32.50,26.30,20.57,18.77,18.75,..,..,..,..,..,..,..,..,..,..
Banana Cavendish,..NEGROS ISLAND REGION (NIR) 2/,..,..,..,..,..,..,..,..,..,..,..,..,..,..,..,..,..,..,..,..,..,..,..,..,..,..,..,..,..,..,..,..,..,..,..,..,..,..,..,..,..,..,..,..,..,..,..,..,..,..,..,..,..,..,..,..,..,..,..,..,..,..,..,..,..,..,..,..,..,..,..,..,..,..,..,..,..,..,..,..,..,..,..,..,..,..,..,..,..,..,..,..,..,..,..,..,..,..,..,..,..,..,..,..,..,..,..,..,..,..,..,..,..,..,..,..,..,..,..,..,..,..,..,..,..,..,..,..,..,..,..,..,..,..,..,..,..,..,..,..,..,..,..,..,..,..,..,..,..,..,..,..,..,..,..,..,..,..,..,..,..,..,..,..,..,..,..,..,..,..,..,..,..,..,..,..,..,..,..,..,..,..,15.99,25.71,14.53,27.19,22.43,12.10,28.29,28.63,28.48,29.20,29.54,29.49,24.30,21.50,21.49,8.50,30.00,30.00,15.00,38.41,36.37,18.92,13.05,12.66,30.00,22.99,27.67,37.05,27.27,..,..,..,..,..,..,..,..,..,..
Banana Lakatan,PHILIPPINES,12.99,13.24,13.48,13.24,13.00,12.74,13.32,14.01,13.87,14.29,14.51,14.78,13.62,14.56,14.45,14.67,14.53,14.73,14.89,14.28,14.29,14.78,14.24,14.70,14.65,14.56,14.54,14.87,14.96,15.36,15.44,15.30,15.95,16.32,16.12,16.33,16.51,16.71,15.70,17.07,17.48,17.85,17.74,17.76,17.81,18.06,18.32,18.32,18.27,18.85,19.82,18.11,20.34,20.69,20.75,20.47,21.02,20.63,20.89,21.06,21.25,21.80,22.18,21.88,21.08,21.32,21.26,22.17,22.82,21.79,21.36,21.09,20.86,21.54,21.13,22.03,22.62,21.67,23.19,23.12,23.71,24.15,23.56,23.87,25.42,24.68,25.15,23.92,24.48,24.30,24.13,23.43,23.23,23.98,23.11,22.26,23.44,24.51,24.28,22.97,24.19,22.98,24.20,23.55,23.49,22.99,23.78,24.79,24.08,23.79,23.79,25.13,25.04,25.57,25.18,26.11,24.48,25.54,26.14,27.17,27.22,27.22,27.21,27.75,27.54,27.09,27.99,27.24,26.62,27.06,26.72,27.82,29.18,31.46,31.39,32.10,31.68,31.26,32.27,33.12,31.70,30.97,30.81,31.26,31.26,30.07,30.00,29.03,29.26,28.41,27.69,27.99,27.38,27.29,26.55,28.85,27.99,27.62,27.55,27.76,27.97,27.41,26.35,25.74,25.96,26.00,26.73,28.28,27.11,29.35,29.34,29.43,30.34,30.03,29.84,29.80,29.16,30.32,30.48,30.78,32.21,30.09,32.00,32.32,33.38,32.74,28.08,27.17,37.47,39.45,43.41,33.41,34.63,36.12,34.18,32.06,33.70,33.65,31.39,31.43,30.00,27.77,27.97,27.34,26.89,27.43,28.55,29.85,25.63,26.30,26.44,..,..,..,..,..,..,..,..,..,..
Banana Lakatan,..CORDILLERA ADMINISTRATIVE REGION (CAR),12.38,13.13,13.81,13.24,13.16,9.27,14.73,16.94,18.09,17.89,20.55,20.33,15.29,21.21,21.28,19.22,18.60,18.81,17.80,17.66,18.13,19.69,20.74,21.82,21.57,19.71,21.49,21.70,21.47,20.34,20.51,19.77,19.61,20.31,20.40,21.45,22.30,23.18,21.04,21.56,21.44,21.52,21.97,22.64,24.00,23.04,22.99,22.77,21.56,22.17,22.20,22.32,24.23,27.74,27.54,26.25,26.09,25.04,25.04,26.40,26.41,25.77,25.79,23.60,25.83,25.49,26.27,25.93,25.89,25.09,24.77,25.90,25.73,26.11,26.83,26.65,26.37,25.92,27.45,25.37,25.69,25.42,23.93,25.82,25.95,23.80,23.28,25.98,27.96,28.65,25.78,25.17,31.40,31.71,26.73,26.61,27.56,26.68,31.10,30.34,32.77,28.16,25.95,28.68,29.26,26.39,27.67,27.77,25.47,27.02,28.07,25.54,29.24,30.45,31.59,34.08,28.55,40.96,33.20,38.67,37.61,33.85,30.03,34.82,35.83,36.84,33.73,30.61,30.86,34.75,28.93,28.07,30.41,35.29,33.04,32.72,30.96,31.07,33.10,31.91,29.66,32.00,31.43,31.05,31.65,31.33,31.49,31.06,28.63,31.86,30.20,33.75,29.57,30.31,29.52,30.87,29.70,30.28,31.82,28.77,27.31,27.46,21.48,17.43,19.42,21.54,21.30,22.76,24.94,25.74,23.98,24.73,28.99,26.62,27.34,26.37,25.59,29.00,28.42,28.72,30.03,27.13,30.49,30.91,29.28,27.83,27.60,31.51,43.72,31.84,34.54,22.73,39.72,40.00,32.52,36.09,40.75,27.05,35.66,45.96,55.44,42.89,42.88,43.21,49.13,53.83,66.48,44.95,64.90,74.27,63.62,..,..,..,..,..,..,..,..,..,..
Banana Lakatan,..REGION I (ILOCOS REGION),0.00,0.00,0.00,0.00,0.00,0.00,0.00,0.00,0.00,0.00,0.00,0.00,0.00,0.00,0.00,0.00,0.00,0.00,0.00,0.00,0.00,0.00,0.00,0.00,0.00,0.00,0.00,0.00,0.00,0.00,0.00,0.00,0.00,0.00,0.00,0.00,0.00,0.00,0.00,0.00,0.00,0.00,0.00,0.00,0.00,0.00,0.00,0.00,0.00,0.00,0.00,0.00,0.00,0.00,0.00,0.00,0.00,0.00,0.00,0.00,0.00,0.00,0.00,0.00,0.00,0.00,0.00,0.00,0.00,0.00,0.00,0.00,0.00,0.00,0.00,0.00,0.00,0.00,0.00,0.00,0.00,0.00,0.00,0.00,0.00,0.00,0.00,0.00,0.00,0.00,0.00,0.00,0.00,0.00,0.00,0.00,0.00,0.00,0.00,0.00,0.00,0.00,0.00,0.00,0.00,0.00,0.00,0.00,0.00,0.00,0.00,0.00,0.00,0.00,0.00,0.00,0.00,0.00,0.00,0.00,0.00,0.00,0.00,0.00,0.00,0.00,0.00,0.00,0.00,0.00,0.00,0.00,0.00,0.00,0.00,0.00,0.00,0.00,0.00,0.00,0.00,0.00,0.00,0.00,0.00,0.00,0.00,0.00,0.00,0.00,0.00,0.00,0.00,0.00,0.00,0.00,0.00,0.00,0.00,0.00,0.00,0.00,0.00,0.00,0.00,0.00,0.00,0.00,0.00,0.00,0.00,0.00,0.00,0.00,0.00,0.00,0.00,0.00,0.00,0.00,0.00,0.00,39.25,42.62,44.88,24.88,30.00,55.00,33.43,33.59,32.33,30.86,31.18,46.67,37.06,42.77,40.05,38.77,33.33,54.52,100.00,56.22,30.00,27.18,47.73,38.74,40.00,45.78,53.13,54.09,52.10,..,..,..,..,..,..,..,..,..,..
Banana Lakatan,..REGION II (CAGAYAN VALLEY),12.13,11.56,11.56,11.92,11.55,11.49,12.21,12.14,12.15,12.50,13.19,13.34,12.15,14.49,15.79,15.98,15.48,15.49,14.27,14.06,13.62,15.05,16.51,16.60,16.75,15.34,17.42,15.41,18.26,17.66,17.43,16.43,16.77,16.81,12.61,15.84,15.68,16.10,16.37,16.57,16.56,15.58,16.95,15.94,15.90,16.77,17.50,17.58,19.22,20.04,22.85,17.62,20.64,21.36,21.25,19.36,18.49,21.73,21.78,22.08,22.77,22.65,22.32,22.76,21.43,21.16,20.89,20.86,20.54,19.84,19.78,21.04,20.43,20.48,21.96,22.85,23.32,21.10,28.72,27.24,32.84,25.10,24.93,26.61,30.44,28.36,28.52,23.49,28.36,33.84,28.20,29.60,26.18,28.13,26.71,21.54,27.29,28.15,21.59,22.39,21.80,24.85,23.20,25.12,22.25,19.48,21.40,22.09,19.50,17.73,21.79,21.97,21.30,24.79,26.07,28.27,22.22,28.46,25.77,26.34,31.90,32.05,30.08,27.78,29.04,30.76,29.32,27.36,26.84,28.81,22.43,25.33,23.05,26.82,26.72,28.86,33.95,30.02,30.81,28.50,27.03,28.14,27.64,25.73,26.55,25.97,25.55,24.93,26.81,26.12,23.83,24.99,24.24,24.95,24.31,25.33,23.47,24.08,21.70,22.88,21.18,19.19,17.08,18.02,17.71,19.33,19.21,20.43,20.36,19.46,20.48,22.04,21.36,21.95,20.98,20.99,22.75,24.46,26.80,26.41,28.63,23.03,20.30,24.13,23.02,26.98,25.99,29.98,35.60,33.36,32.27,26.26,27.95,26.79,27.72,25.00,25.00,30.00,24.46,23.59,25.16,29.20,28.67,27.59,36.18,36.50,35.00,28.86,23.95,33.57,29.20,..,..,..,..,..,..,..,..,..,..
Banana Lakatan,..REGION III (CENTRAL LUZON),20.06,22.03,23.15,20.31,20.35,23.01,20.96,21.67,20.45,22.77,23.02,22.91,21.72,23.45,18.99,22.87,23.47,23.48,23.52,22.72,21.53,21.37,20.74,23.25,16.37,21.81,18.53,22.60,21.77,22.36,23.41,25.12,25.75,27.52,27.31,27.95,27.95,26.75,24.75,28.13,28.17,28.99,27.34,27.21,26.85,26.00,26.93,28.00,22.36,24.66,27.68,26.86,28.30,29.49,28.70,29.39,29.86,26.47,29.55,29.52,26.33,31.55,29.43,29.75,29.03,25.67,22.33,25.96,27.13,27.38,27.79,27.51,27.69,27.44,30.50,33.01,35.23,28.14,34.43,32.05,31.45,32.91,35.46,33.21,34.88,32.71,34.23,38.33,42.80,37.22,34.97,35.98,36.84,34.70,31.55,29.09,31.47,44.33,38.12,30.56,31.61,22.16,25.30,32.64,26.96,27.56,29.30,35.90,31.02,28.05,30.94,29.44,31.60,29.98,33.56,30.28,30.38,32.36,34.56,35.31,34.26,41.88,37.69,35.81,30.30,35.64,39.21,34.24,36.75,35.67,36.18,33.88,37.12,38.45,37.96,32.87,30.52,29.06,31.51,31.49,35.65,34.02,34.06,53.41,43.72,39.86,39.70,39.67,39.46,40.46,41.25,42.87,42.90,44.67,41.70,42.47,45.65,39.54,42.34,39.57,40.75,40.78,40.66,37.36,38.04,37.48,38.11,36.10,39.70,38.90,43.21,39.60,39.84,43.68,36.06,37.94,38.52,38.99,37.46,37.17,40.66,39.34,38.51,31.44,35.15,44.77,39.33,28.78,31.91,44.99,20.01,37.36,41.47,40.87,36.22,55.14,54.88,53.59,77.30,74.25,74.32,57.14,56.53,56.67,41.55,33.42,30.00,55.40,51.27,52.57,57.96,..,..,..,..,..,..,..,..,..,..
Banana Lakatan,..REGION IV-A (CALABARZON),16.78,17.58,17.98,15.95,15.24,15.39,16.61,16.62,15.98,17.27,16.03,17.37,16.57,15.45,15.33,15.50,15.66,15.48,20.40,16.09,17.43,21.16,13.03,14.86,15.37,16.31,13.08,13.62,14.53,17.19,14.46,14.51,17.74,17.15,17.75,16.95,12.87,15.10,15.41,16.23,16.12,20.66,17.03,16.19,15.06,16.29,19.31,19.75,21.85,23.35,23.54,18.78,22.16,21.18,21.42,14.50,21.89,22.63,27.27,28.25,28.30,29.24,31.69,31.81,25.03,30.67,29.46,33.78,34.55,30.54,30.94,25.57,25.00,28.09,18.61,29.03,31.94,29.02,31.19,30.30,29.99,32.69,27.26,28.09,34.39,26.41,30.31,29.34,29.27,28.98,29.85,29.04,29.34,27.39,29.13,28.83,30.83,31.59,31.08,29.33,30.26,28.27,32.93,29.84,30.57,29.05,30.92,32.95,26.18,32.08,32.77,33.25,34.77,31.41,29.40,33.04,31.37,32.08,30.28,30.74,31.99,28.52,30.05,29.30,32.39,32.93,34.57,31.12,30.50,31.21,33.10,34.82,29.71,33.82,43.19,38.62,43.88,43.91,42.90,46.62,45.78,43.91,40.02,34.52,48.85,44.82,47.28,41.38,43.24,41.81,41.41,39.99,38.02,35.10,33.19,40.80,35.98,33.37,35.86,36.81,36.23,36.76,35.31,31.92,32.48,31.48,34.38,37.34,34.83,35.67,36.30,35.14,40.04,36.97,40.31,38.48,38.12,40.20,39.31,36.15,32.80,37.46,31.61,31.25,29.56,75.21,75.45,71.74,37.06,42.10,42.42,51.26,42.53,49.68,48.32,38.44,41.68,41.07,40.25,45.47,39.84,36.42,55.97,36.08,44.85,41.92,43.07,42.09,39.52,40.92,41.72,..,..,..,..,..,..,..,..,..,..
Banana Lakatan,..MIMAROPA REGION,11.07,11.19,11.28,11.51,10.02,10.15,10.13,11.54,13.02,13.14,13.33,13.25,11.64,13.96,13.57,14.66,14.03,13.68,15.04,13.99,14.42,14.48,14.43,13.98,15.13,14.28,15.00,14.69,13.49,14.58,14.55,14.87,15.33,15.39,15.46,15.86,17.88,17.21,15.36,17.26,18.08,16.91,16.39,17.80,17.34,17.56,17.92,17.90,19.17,17.80,18.62,17.73,18.76,19.51,19.94,22.37,21.67,23.43,23.17,23.09,23.55,23.78,24.81,23.16,22.27,26.25,26.50,28.41,30.59,23.99,21.71,22.83,23.25,22.80,21.81,24.73,27.46,25.03,27.61,28.14,29.24,30.87,31.60,32.01,36.99,35.42,34.14,31.31,29.90,32.68,31.66,33.26,18.18,29.06,23.40,23.30,30.60,29.79,35.81,25.21,30.76,28.85,28.87,28.09,30.54,26.98,28.01,25.37,34.63,23.71,24.42,33.58,31.65,33.67,28.95,33.75,29.61,30.94,34.90,39.28,34.95,30.40,32.25,32.57,31.23,27.48,29.12,30.02,30.24,31.95,29.26,30.96,29.89,33.10,36.41,42.19,40.33,37.47,42.98,40.43,38.93,41.55,36.96,36.83,36.66,33.53,37.52,35.23,37.24,38.67,39.83,36.89,34.39,37.36,34.56,36.56,32.55,35.42,34.21,34.69,36.02,30.65,31.88,29.74,31.37,27.25,31.52,31.55,32.24,33.71,33.70,27.20,29.95,28.28,31.33,28.66,29.34,33.68,32.44,32.95,35.58,31.40,33.43,30.79,38.72,25.32,107.17,25.27,29.07,25.19,38.89,25.96,28.99,29.22,36.50,42.41,41.27,28.33,37.00,33.87,37.09,34.39,35.97,40.04,35.66,31.06,33.48,35.88,38.45,34.22,24.99,..,..,..,..,..,..,..,..,..,..
Banana Lakatan,..REGION V (BICOL REGION),0.00,0.00,0.00,0.00,0.00,0.00,0.00,0.00,0.00,0.00,0.00,0.00,0.00,0.00,0.00,0.00,0.00,0.00,0.00,0.00,0.00,0.00,0.00,0.00,0.00,0.00,0.00,0.00,0.00,0.00,0.00,0.00,0.00,0.00,0.00,0.00,0.00,0.00,0.00,0.00,0.00,0.00,0.00,0.00,0.00,0.00,0.00,0.00,0.00,0.00,0.00,0.00,0.00,0.00,0.00,0.00,0.00,0.00,0.00,0.00,0.00,0.00,0.00,0.00,0.00,0.00,0.00,0.00,0.00,0.00,0.00,0.00,0.00,0.00,0.00,0.00,0.00,0.00,0.00,0.00,0.00,0.00,0.00,0.00,0.00,0.00,0.00,0.00,0.00,0.00,0.00,0.00,0.00,0.00,0.00,0.00,0.00,0.00,0.00,0.00,0.00,0.00,0.00,0.00,0.00,0.00,0.00,0.00,0.00,0.00,0.00,0.00,0.00,0.00,0.00,0.00,0.00,0.00,0.00,0.00,0.00,0.00,0.00,0.00,0.00,0.00,0.00,0.00,0.00,0.00,0.00,0.00,0.00,0.00,0.00,0.00,0.00,0.00,0.00,0.00,0.00,0.00,0.00,0.00,0.00,0.00,0.00,0.00,0.00,0.00,0.00,0.00,0.00,0.00,0.00,0.00,0.00,0.00,0.00,0.00,0.00,0.00,0.00,0.00,0.00,0.00,0.00,0.00,0.00,0.00,0.00,0.00,0.00,0.00,0.00,0.00,0.00,0.00,0.00,0.00,0.00,0.00,23.92,36.32,30.68,26.82,27.04,23.48,36.39,28.05,31.59,31.63,30.00,0.00,29.63,36.42,34.75,24.79,27.24,20.67,27.83,32.30,25.95,27.47,25.83,32.19,40.00,29.62,37.53,52.23,45.51,..,..,..,..,..,..,..,..,..,..
Banana Lakatan,..REGION VI (WESTERN VISAYAS),19.18,19.45,19.84,19.98,19.82,20.44,21.45,23.20,20.06,20.39,20.68,21.60,20.51,20.61,20.89,20.14,19.63,19.88,19.78,19.04,18.33,20.93,19.41,18.95,19.66,19.77,20.19,20.90,19.73,21.16,22.57,21.78,23.57,24.08,24.22,22.65,22.85,24.73,22.37,23.93,24.03,24.65,24.76,25.03,24.55,24.81,24.77,24.77,24.95,26.09,30.57,25.24,32.08,32.94,33.37,27.04,31.70,31.67,31.64,29.20,31.31,30.93,30.56,31.16,31.13,30.82,31.01,30.80,30.78,32.10,30.11,29.23,29.87,30.84,30.53,30.97,31.01,30.67,30.38,30.09,28.58,31.50,31.64,32.43,32.05,26.77,28.52,24.08,27.30,28.62,29.33,27.14,26.54,29.12,24.77,23.97,26.03,27.19,25.04,29.30,30.11,24.39,29.88,26.96,31.67,29.25,32.55,35.12,31.99,32.40,32.82,33.44,30.81,33.52,29.01,31.81,32.03,30.34,34.27,30.35,29.53,26.98,34.24,37.19,37.25,36.83,36.36,34.86,32.59,33.40,32.01,35.22,37.68,37.53,37.53,40.91,39.12,39.42,38.44,39.08,36.05,39.91,37.74,38.63,41.04,39.22,40.17,40.19,41.49,38.78,38.34,38.42,37.40,35.67,36.75,38.84,39.02,40.66,42.30,43.54,44.27,43.20,45.09,44.08,42.84,40.23,40.74,43.48,42.45,44.41,43.38,37.99,38.51,38.41,44.31,44.03,36.36,41.36,38.34,38.82,40.82,40.56,52.50,52.13,53.11,25.99,29.92,34.44,54.10,75.67,53.94,54.47,76.60,54.23,51.42,26.42,23.23,27.70,26.30,26.98,24.41,23.56,29.84,23.79,42.52,27.31,29.41,27.62,38.94,36.03,37.01,..,..,..,..,..,..,..,..,..,..
Banana Lakatan,..NEGROS ISLAND REGION (NIR) 2/,..,..,..,..,..,..,..,..,..,..,..,..,..,..,..,..,..,..,..,..,..,..,..,..,..,..,..,..,..,..,..,..,..,..,..,..,..,..,..,..,..,..,..,..,..,..,..,..,..,..,..,..,..,..,..,..,..,..,..,..,..,..,..,..,..,..,..,..,..,..,..,..,..,..,..,..,..,..,..,..,..,..,..,..,..,..,..,..,..,..,..,..,..,..,..,..,..,..,..,..,..,..,..,..,..,..,..,..,..,..,..,..,..,..,..,..,..,..,..,..,..,..,..,..,..,..,..,..,..,..,..,..,..,..,..,..,..,..,..,..,..,..,..,..,..,..,..,..,..,..,..,..,..,..,..,..,..,..,..,..,..,..,..,..,..,..,..,..,..,..,..,..,..,..,..,..,..,..,..,..,..,..,34.33,36.51,32.51,27.14,40.68,39.82,30.70,40.50,41.01,29.22,33.82,33.82,35.00,65.85,63.74,57.16,50.57,44.26,34.17,46.12,53.12,37.58,45.41,42.49,41.67,48.51,45.52,33.49,31.60,..,..,..,..,..,..,..,..,..,..
Banana Latundan,PHILIPPINES,9.67,9.83,9.82,9.84,9.81,9.89,9.93,9.95,10.16,10.13,10.20,10.19,9.95,10.17,10.42,10.57,10.50,10.52,10.65,10.43,10.40,10.35,10.38,10.32,10.53,10.44,10.61,10.66,10.77,10.82,10.89,10.85,10.73,11.01,10.87,10.82,10.86,11.11,10.83,11.33,11.30,11.33,11.25,11.39,11.31,11.33,11.69,11.73,11.93,12.23,12.62,11.62,12.62,13.02,13.04,13.25,13.26,13.12,13.65,13.73,13.95,14.79,13.49,14.02,13.50,13.69,13.58,13.88,13.80,13.71,13.49,13.76,13.83,13.47,13.91,13.79,14.53,13.79,14.51,14.81,14.70,15.08,15.28,14.83,15.09,15.23,15.32,15.12,15.26,15.33,15.05,16.10,16.21,15.63,15.49,15.68,15.71,15.74,15.74,15.81,15.85,15.75,16.02,15.81,16.04,15.52,15.57,15.91,15.69,15.45,15.76,15.93,16.02,15.62,16.06,15.90,15.79,16.56,17.01,17.10,17.11,17.35,16.99,17.26,17.36,17.42,17.41,17.74,17.68,17.25,17.60,18.13,20.15,21.10,21.04,20.78,20.67,21.08,20.76,20.67,20.21,20.28,20.21,20.67,20.26,20.54,20.61,20.33,19.72,19.32,19.37,19.68,18.65,18.25,18.57,19.66,18.75,18.68,18.34,18.60,18.56,19.55,18.85,18.59,18.08,18.36,18.12,19.18,18.64,19.23,19.35,19.77,19.98,19.75,19.63,19.50,19.91,19.83,20.04,20.41,20.46,19.82,22.26,22.86,23.24,20.87,21.78,20.98,23.89,22.20,23.35,20.02,21.80,22.37,22.13,21.40,21.88,19.52,22.76,19.34,22.49,23.23,21.92,20.98,18.92,17.80,16.96,20.60,17.90,19.39,18.34,..,..,..,..,..,..,..,..,..,..
Banana Latundan,..CORDILLERA ADMINISTRATIVE REGION (CAR),8.74,9.50,9.30,9.37,9.62,9.16,9.89,9.66,10.16,10.10,10.47,10.41,9.70,10.76,11.36,11.57,11.14,10.93,11.31,10.69,11.32,10.78,10.89,10.31,11.00,11.01,11.73,11.65,11.30,11.95,12.82,12.09,12.05,12.14,12.05,11.90,11.90,12.13,11.98,12.11,12.04,12.12,12.19,12.25,12.15,12.22,12.26,12.22,12.45,12.81,12.69,12.29,13.58,13.73,13.87,13.86,14.15,14.00,13.46,12.26,12.75,12.55,12.98,13.13,13.36,13.13,13.08,14.28,13.59,14.46,13.78,14.87,14.67,14.23,12.96,13.93,14.13,13.93,14.14,13.94,13.99,13.70,12.51,12.52,13.40,14.08,12.06,13.30,13.73,14.12,13.46,15.60,15.21,15.25,15.38,15.31,15.60,15.51,17.02,16.15,16.94,16.03,15.14,15.76,15.87,14.31,13.90,15.20,15.42,14.81,14.88,15.09,18.20,16.00,19.53,17.38,15.88,22.95,25.05,23.75,23.10,24.26,23.13,22.22,22.10,22.33,20.59,20.33,19.81,22.47,20.29,20.48,19.68,19.76,20.92,20.21,20.00,20.07,20.13,20.19,19.58,19.52,20.07,18.60,19.50,19.15,18.54,17.77,19.11,17.53,19.53,20.67,16.50,18.11,17.39,18.53,18.45,16.94,17.41,17.26,18.18,16.95,14.75,16.22,14.82,16.46,15.22,18.73,16.78,17.97,15.49,18.20,17.70,18.10,16.21,17.15,18.13,18.68,18.25,22.06,18.72,18.06,18.20,22.66,21.17,18.34,20.43,14.89,18.46,30.89,17.61,20.17,27.69,38.96,22.46,26.73,23.33,20.06,25.14,22.46,31.45,26.24,26.48,24.64,19.82,27.29,30.11,25.31,22.18,27.15,22.45,..,..,..,..,..,..,..,..,..,..
Banana Latundan,..REGION I (ILOCOS REGION),15.87,16.29,15.93,16.01,15.79,16.41,16.28,15.63,15.76,16.54,16.37,16.45,16.11,17.24,17.68,17.96,18.04,18.10,18.68,18.19,17.32,17.48,17.98,17.52,17.95,17.85,17.95,18.26,19.44,18.32,18.93,18.57,17.78,17.83,17.54,17.95,17.67,17.89,18.18,17.90,17.86,18.05,18.89,18.32,18.57,16.94,17.81,17.99,18.21,18.92,21.55,18.42,19.52,20.41,19.66,19.97,19.95,19.54,20.21,19.22,20.46,20.07,19.32,20.57,19.91,19.60,19.74,19.95,20.07,19.09,18.96,20.33,20.61,19.49,22.48,21.58,21.76,20.31,20.92,20.09,20.67,20.28,22.35,21.83,21.07,20.72,23.19,23.68,23.22,23.27,21.77,25.10,25.48,22.30,21.86,21.91,23.35,23.59,20.56,19.96,21.90,22.42,22.81,22.60,20.53,21.66,21.12,21.65,20.94,20.82,22.24,22.45,21.63,22.49,23.05,21.90,21.71,21.73,21.93,23.97,23.57,25.33,24.57,24.52,24.90,27.58,25.52,24.87,25.17,24.47,24.39,26.25,30.99,34.49,28.01,27.38,26.21,25.98,28.34,30.03,30.11,29.65,28.49,29.23,29.23,27.13,29.95,26.79,27.72,26.75,27.38,29.06,28.92,28.84,28.74,28.31,29.31,29.50,28.89,29.34,27.98,28.81,29.14,27.02,26.28,26.58,27.08,27.83,28.15,26.45,26.57,27.10,27.67,27.58,26.69,26.69,29.19,27.32,27.33,28.25,28.95,27.48,34.26,30.16,33.25,28.99,26.99,31.50,26.88,31.94,37.80,37.57,31.83,32.51,31.97,41.57,41.86,35.21,30.72,34.86,58.44,52.64,48.90,46.99,19.37,39.28,30.69,40.04,33.21,29.84,33.04,..,..,..,..,..,..,..,..,..,..
Banana Latundan,..REGION II (CAGAYAN VALLEY),10.90,10.65,10.82,10.66,10.70,10.71,10.75,10.75,10.74,11.21,11.88,11.63,10.95,12.25,12.65,12.90,12.07,11.95,11.47,11.38,11.28,11.37,12.82,12.37,13.18,12.14,13.95,12.93,13.88,13.24,12.33,12.02,12.03,11.60,11.97,10.95,11.15,11.04,12.26,10.19,10.56,10.56,10.60,10.51,10.35,11.00,12.06,12.20,12.84,12.58,12.64,11.34,13.31,14.01,13.64,13.44,12.78,12.47,14.05,13.25,14.29,13.63,13.31,14.07,13.52,13.65,13.49,13.66,12.68,13.40,13.08,13.01,13.51,13.49,13.44,13.08,14.36,13.40,15.08,16.03,15.61,14.52,13.90,14.55,15.25,13.68,13.64,13.10,15.16,16.78,14.78,17.28,19.02,18.48,17.96,17.33,15.83,16.38,19.27,19.34,18.05,18.94,19.86,18.15,19.77,16.51,15.88,18.55,17.06,17.72,18.81,18.54,18.10,19.40,22.61,21.34,18.69,25.74,24.82,24.36,24.51,24.07,23.32,22.50,23.24,22.84,22.87,22.31,21.38,23.50,19.61,19.19,20.35,20.66,21.82,22.37,24.18,24.87,23.95,22.76,20.43,20.75,21.75,20.79,20.51,21.31,21.42,20.56,21.07,21.56,22.72,22.52,16.34,14.95,14.33,19.84,14.11,13.12,12.63,12.97,12.26,20.97,19.84,20.51,18.12,18.22,12.10,20.05,16.24,18.63,19.02,19.79,19.88,20.54,19.35,20.29,21.14,21.37,21.47,21.54,22.30,20.44,21.85,21.76,22.43,24.50,35.00,35.00,17.61,17.26,20.35,14.54,15.60,14.96,21.74,23.00,23.00,22.00,18.35,19.18,20.26,18.82,19.13,18.63,32.90,19.79,22.00,21.42,20.37,22.38,20.12,..,..,..,..,..,..,..,..,..,..
Banana Latundan,..REGION III (CENTRAL LUZON),14.81,15.95,15.22,14.86,14.22,15.32,14.90,14.27,15.08,15.55,15.15,15.18,15.04,15.47,15.54,16.22,16.10,16.18,16.36,16.81,16.24,15.21,15.97,15.60,15.48,15.93,16.63,18.12,17.66,17.95,18.49,18.90,18.17,20.46,20.00,19.96,19.87,20.26,18.87,24.46,22.98,22.15,18.86,20.60,19.90,20.27,22.77,23.06,22.48,23.55,23.72,22.07,23.16,23.99,23.00,23.30,23.91,24.01,24.39,24.50,24.01,23.11,22.64,23.85,23.66,21.19,19.41,19.44,20.68,21.07,21.01,21.72,21.53,20.79,24.40,26.12,28.02,22.12,26.51,23.26,24.59,25.03,25.01,23.52,22.06,24.03,21.64,24.61,22.36,23.11,23.81,24.15,28.20,24.13,24.23,24.40,24.07,23.47,23.52,21.86,21.58,21.78,23.67,23.76,22.10,24.34,21.43,21.11,21.66,22.83,21.31,23.34,21.88,24.02,24.25,24.12,22.70,24.54,25.79,24.04,23.48,21.40,23.30,24.42,23.51,25.35,24.96,25.85,26.50,24.43,27.22,26.41,29.28,30.34,29.33,27.49,27.11,26.73,27.86,27.49,29.62,26.89,27.98,31.37,30.28,30.32,29.83,31.07,28.85,28.22,29.88,28.26,29.34,30.38,31.97,29.98,29.42,26.78,27.27,27.73,27.96,27.36,25.44,26.21,23.95,24.49,24.20,25.91,26.39,25.79,28.26,29.68,31.75,31.15,31.82,31.86,29.92,30.28,30.74,29.21,29.33,29.98,31.80,38.78,37.48,25.13,29.22,25.50,26.01,24.52,21.84,24.43,29.33,29.81,28.65,41.77,41.95,43.18,49.09,46.28,44.65,37.02,30.09,32.94,37.84,33.11,34.81,39.39,39.16,39.32,39.87,..,..,..,..,..,..,..,..,..,..
Banana Latundan,..REGION IV-A (CALABARZON),13.18,12.98,13.19,12.99,12.88,13.03,13.90,13.67,13.91,13.71,13.79,13.96,13.43,13.84,13.82,14.13,14.29,14.25,15.72,13.06,13.49,14.31,12.07,12.34,12.53,13.65,12.31,12.30,12.54,12.26,12.79,12.55,12.46,12.96,13.54,13.24,13.41,13.53,12.82,13.24,12.83,13.10,13.07,13.55,12.87,13.10,14.26,14.69,15.71,16.00,15.77,14.02,15.35,17.69,16.83,16.54,17.55,17.33,19.44,21.69,21.94,21.52,18.70,20.96,18.80,21.68,21.48,22.91,20.36,19.72,19.24,17.94,18.29,18.36,18.25,17.63,20.21,19.67,18.88,20.60,18.82,20.14,21.36,19.56,20.74,19.70,19.83,20.40,19.19,20.10,19.94,21.20,21.58,22.23,19.98,21.48,21.93,21.07,19.65,20.85,20.89,20.48,20.68,21.00,20.76,21.06,20.72,19.71,19.80,20.78,20.36,19.81,20.33,19.74,19.42,19.51,20.17,21.40,21.02,20.26,21.82,20.73,21.71,21.85,20.81,20.93,21.85,22.88,21.58,21.40,23.20,24.33,24.85,25.98,31.54,30.28,26.37,27.97,30.11,26.88,27.09,27.84,27.20,29.04,29.80,28.72,30.83,28.73,28.92,28.01,27.57,27.76,26.55,26.21,25.38,28.13,25.89,25.27,25.01,24.00,24.25,25.65,23.44,23.12,23.72,22.35,23.37,23.83,24.16,25.79,24.50,25.40,24.06,25.62,25.92,26.38,26.59,26.07,23.12,25.06,23.71,25.19,25.67,24.66,25.50,35.00,40.00,28.75,29.55,30.41,27.83,30.67,20.41,26.89,28.78,26.76,31.87,30.96,27.62,26.61,31.04,29.39,29.20,32.73,32.04,21.49,21.10,28.40,28.12,42.59,28.18,..,..,..,..,..,..,..,..,..,..
Banana Latundan,..MIMAROPA REGION,8.77,8.61,8.56,8.48,8.89,8.88,8.78,9.91,9.78,8.97,9.12,8.61,8.95,9.21,9.64,9.07,9.10,8.93,8.89,8.94,9.00,9.09,9.53,9.45,9.47,9.19,9.51,9.44,9.15,9.55,9.27,9.34,9.05,9.41,9.37,9.42,8.35,9.00,9.24,9.14,9.62,9.26,9.55,9.66,9.69,9.57,9.68,9.94,10.07,9.80,10.12,9.68,10.50,10.58,11.31,12.30,12.60,12.40,13.03,14.08,15.68,16.59,15.61,15.22,13.33,15.22,16.17,18.74,18.79,17.20,16.67,16.68,16.63,17.29,18.67,18.30,19.48,17.49,17.84,18.98,20.66,21.50,22.05,21.30,22.24,22.59,21.87,20.56,21.84,23.24,21.22,27.26,21.98,18.63,17.73,23.56,18.41,20.12,19.89,20.80,22.78,19.50,18.22,20.74,22.55,18.89,20.81,21.90,20.60,18.26,22.61,23.38,22.52,21.44,21.41,19.96,21.19,17.81,20.06,18.86,18.49,19.63,17.91,18.68,19.60,19.29,18.62,20.22,19.87,19.09,20.21,22.63,27.68,29.35,29.75,30.78,33.38,33.87,32.05,27.50,30.81,31.73,29.15,29.17,29.89,29.98,30.43,33.54,29.94,30.27,27.88,26.50,26.72,22.79,22.95,28.34,23.31,23.26,23.73,26.26,25.62,25.42,27.39,24.23,23.03,23.01,24.55,22.94,24.40,24.28,23.49,23.59,23.84,23.88,23.66,22.24,23.71,24.74,24.69,23.53,23.31,23.75,27.70,26.06,25.83,22.97,19.28,21.73,29.47,27.85,27.34,23.24,25.39,20.72,24.80,31.29,32.97,27.95,23.55,21.24,22.54,28.25,25.50,28.48,22.07,22.74,22.75,25.78,25.06,23.33,25.58,..,..,..,..,..,..,..,..,..,..
Banana Latundan,..REGION V (BICOL REGION),9.79,9.91,9.77,10.24,10.07,10.01,10.05,10.43,10.37,10.57,10.35,10.73,10.19,10.89,10.74,11.00,10.71,11.01,11.22,11.20,11.45,11.88,12.11,12.35,12.35,11.41,12.54,12.59,12.58,12.70,12.69,12.70,12.57,12.79,12.62,12.81,13.42,13.37,12.78,12.66,12.75,11.82,11.99,12.11,11.96,12.49,12.13,12.22,12.83,12.99,13.80,12.48,14.08,13.46,14.57,15.15,15.66,14.41,15.62,17.75,18.58,18.67,17.67,18.52,16.18,18.88,16.86,16.59,15.91,16.25,16.89,18.08,16.89,15.60,15.80,15.89,17.01,16.72,19.06,19.64,17.71,18.17,17.85,16.10,17.63,18.25,17.26,19.07,18.33,18.67,18.15,20.16,19.77,17.61,19.39,17.26,19.09,20.08,19.51,19.33,19.62,18.77,19.95,19.21,20.60,18.58,18.33,20.11,20.20,19.92,18.31,18.31,20.48,18.84,19.37,18.56,19.30,19.30,18.70,20.17,19.08,19.98,18.21,19.25,20.32,19.66,21.75,21.53,21.32,19.94,22.45,23.65,29.28,30.63,29.04,27.99,27.28,27.10,25.96,26.96,25.29,29.26,27.07,30.87,27.24,30.24,30.57,30.14,27.26,26.20,25.69,26.99,26.26,23.90,26.10,27.62,23.74,25.30,23.82,21.43,22.76,22.11,20.19,20.23,19.91,22.47,22.73,21.43,22.18,22.80,22.49,26.22,24.09,22.40,24.60,24.28,22.83,22.00,25.21,23.31,23.23,23.62,25.18,23.61,27.48,40.00,40.00,40.00,26.24,20.37,27.31,24.10,23.36,27.67,28.78,31.36,30.16,29.33,32.59,29.11,33.13,22.40,23.65,24.18,26.67,25.21,16.04,26.99,37.82,30.55,29.20,..,..,..,..,..,..,..,..,..,..
Banana Latundan,..REGION VI (WESTERN VISAYAS),11.60,11.70,11.86,11.91,12.29,12.49,12.31,11.67,13.05,11.68,11.87,12.15,12.05,11.95,12.74,12.40,12.16,12.40,11.82,11.87,11.68,12.97,12.20,12.29,12.05,12.21,12.17,12.18,11.54,11.81,11.78,11.77,11.89,12.09,12.08,11.92,11.86,12.65,11.98,12.97,12.94,12.98,12.99,13.07,13.09,13.18,12.79,12.73,12.98,15.11,17.11,13.50,16.01,18.13,18.02,18.89,18.68,17.89,19.89,19.29,18.18,17.11,17.03,16.85,18.00,16.96,17.25,17.41,16.97,17.22,16.66,16.49,16.51,16.58,17.18,16.46,16.65,16.86,17.46,17.90,16.71,18.58,19.56,19.23,20.19,18.53,18.12,18.15,18.23,18.74,18.45,17.95,17.65,18.72,17.85,18.48,18.90,17.29,17.37,17.86,17.37,18.63,18.42,18.04,19.12,17.83,19.66,18.32,19.59,18.49,18.38,19.06,18.93,17.72,18.42,16.82,18.53,19.84,20.11,20.55,19.89,20.57,20.77,20.44,21.04,19.61,20.09,20.14,20.22,20.27,19.69,21.85,22.48,25.04,25.67,24.85,25.29,25.13,22.37,22.85,21.53,22.78,23.29,23.50,21.04,21.01,20.69,19.07,18.89,19.92,19.38,20.39,19.20,18.78,20.49,20.20,21.68,22.65,23.09,23.04,22.32,23.26,23.09,23.25,22.54,23.02,22.95,22.20,22.76,22.86,24.98,22.37,23.60,21.92,21.20,21.22,21.52,23.57,22.69,24.23,23.67,22.82,23.98,31.44,26.99,24.43,22.18,25.06,20.61,30.26,23.11,20.55,33.07,24.48,25.51,22.70,23.48,24.41,20.45,21.24,20.93,22.27,22.63,23.65,22.43,21.13,20.60,22.16,19.87,19.84,19.37,..,..,..,..,..,..,..,..,..,..
Banana Latundan,..NEGROS ISLAND REGION (NIR) 2/,..,..,..,..,..,..,..,..,..,..,..,..,..,..,..,..,..,..,..,..,..,..,..,..,..,..,..,..,..,..,..,..,..,..,..,..,..,..,..,..,..,..,..,..,..,..,..,..,..,..,..,..,..,..,..,..,..,..,..,..,..,..,..,..,..,..,..,..,..,..,..,..,..,..,..,..,..,..,..,..,..,..,..,..,..,..,..,..,..,..,..,..,..,..,..,..,..,..,..,..,..,..,..,..,..,..,..,..,..,..,..,..,..,..,..,..,..,..,..,..,..,..,..,..,..,..,..,..,..,..,..,..,..,..,..,..,..,..,..,..,..,..,..,..,..,..,..,..,..,..,..,..,..,..,..,..,..,..,..,..,..,..,..,..,..,..,..,..,..,..,..,..,..,..,..,..,..,..,..,..,..,..,21.51,27.68,25.12,23.84,15.97,18.72,19.02,18.71,21.64,18.79,17.79,19.81,20.72,39.74,49.00,24.77,36.19,21.10,18.97,37.76,37.79,20.95,21.86,18.19,16.81,28.59,24.23,23.59,23.76,..,..,..,..,..,..,..,..,..,..
Banana Saba,PHILIPPINES,7.35,7.29,7.27,7.47,7.30,7.35,7.32,7.33,7.47,7.57,7.59,7.71,7.42,7.51,7.57,7.68,7.61,7.61,7.68,7.64,7.69,7.69,7.84,7.79,7.88,7.68,7.97,8.01,8.15,8.22,8.29,8.21,8.26,8.36,8.53,8.53,8.53,8.58,8.30,8.70,8.73,8.86,9.00,9.02,9.00,8.94,9.24,9.46,9.48,9.59,9.86,9.16,9.84,10.05,10.42,10.64,10.75,10.61,10.64,11.02,11.27,11.50,11.44,11.46,10.80,11.21,10.86,11.35,11.38,11.54,11.51,11.04,11.24,10.94,11.30,11.23,11.80,11.28,11.82,11.29,11.93,12.32,12.35,11.81,11.61,12.55,12.67,12.20,12.45,12.80,12.15,12.71,12.73,12.36,12.71,12.85,12.81,12.66,12.63,12.37,12.64,12.18,12.64,12.61,12.44,11.80,11.93,12.53,12.23,12.16,12.08,12.33,12.42,12.00,12.24,12.40,12.21,12.93,12.98,13.35,13.42,13.93,13.76,13.69,13.81,13.76,13.65,14.06,13.75,13.59,13.80,13.87,15.44,16.04,15.91,15.94,16.07,16.38,16.37,15.96,15.64,16.09,15.63,15.97,15.66,15.82,15.75,15.42,15.50,14.70,14.66,14.71,14.67,14.66,14.75,15.19,14.56,14.14,14.62,14.30,14.20,14.52,13.93,14.02,13.87,14.26,14.35,14.64,14.28,14.28,14.71,15.19,15.30,15.34,14.99,14.68,15.15,15.16,15.35,15.31,15.43,15.07,16.51,16.99,17.68,12.45,11.89,13.25,20.17,22.32,23.33,16.51,15.20,15.43,16.81,14.78,15.49,15.86,13.57,15.20,15.54,12.17,13.00,12.77,14.00,12.80,11.39,13.88,14.88,15.24,15.28,..,..,..,..,..,..,..,..,..,..
Banana Saba,..CORDILLERA ADMINISTRATIVE REGION (CAR),6.84,6.85,6.85,6.97,7.18,6.81,7.04,6.83,6.89,6.89,8.00,8.11,7.11,7.99,7.91,8.03,7.89,7.90,8.33,7.95,8.01,8.55,8.49,8.27,8.14,8.12,8.47,8.37,8.23,8.41,8.98,8.25,8.46,8.57,8.96,8.56,8.68,8.64,8.55,8.57,8.45,8.19,8.31,8.39,8.30,8.41,8.57,8.66,9.36,10.02,9.96,8.77,10.47,10.27,10.20,10.45,10.43,10.57,10.38,10.09,10.27,10.04,10.01,10.07,10.27,10.12,10.35,11.18,9.99,9.91,9.62,10.00,10.48,10.74,10.55,10.39,10.23,10.30,10.71,10.48,10.91,11.16,10.14,10.24,10.53,11.66,10.87,12.20,12.24,13.30,11.20,14.12,15.45,13.68,14.63,14.87,13.85,13.81,15.36,15.79,17.65,13.36,14.45,14.75,13.34,11.48,12.06,13.93,11.91,11.50,12.57,12.64,14.23,12.63,14.10,14.74,12.93,18.30,18.72,17.24,18.46,19.89,20.05,19.36,18.02,20.98,16.74,18.31,17.04,18.59,17.28,17.51,18.29,16.62,16.29,15.75,16.29,15.81,15.77,16.45,15.75,17.30,16.59,15.59,16.15,15.47,16.55,16.14,17.47,15.88,16.47,18.26,16.94,15.93,16.31,16.43,15.12,14.75,16.02,16.29,17.04,13.28,14.04,14.98,14.27,15.34,13.65,14.87,14.97,15.96,15.29,16.43,16.45,17.98,16.33,15.96,16.90,17.23,16.25,17.24,18.46,16.71,19.18,21.17,18.26,15.44,17.57,23.82,18.27,44.40,20.76,23.99,18.03,35.71,23.05,27.45,36.33,28.67,18.72,19.69,25.32,27.05,26.46,15.28,20.44,16.10,15.71,23.10,20.94,22.63,44.44,..,..,..,..,..,..,..,..,..,..
Banana Saba,..REGION I (ILOCOS REGION),12.08,12.11,11.97,12.06,12.22,12.01,12.15,12.32,12.29,12.83,12.18,12.39,12.22,12.77,12.75,12.71,13.19,12.88,12.11,11.91,12.23,12.05,12.95,13.03,13.14,12.64,13.13,13.58,14.03,14.15,14.77,13.71,13.75,14.13,14.23,14.17,14.94,14.99,14.13,14.45,14.41,15.06,15.15,14.95,15.36,13.59,13.95,14.22,15.15,14.41,14.18,14.57,14.09,14.29,15.91,14.93,16.73,16.24,16.05,15.05,15.42,16.10,15.99,16.06,15.57,15.40,15.05,15.09,15.77,15.23,15.02,15.37,15.99,15.10,16.01,16.24,15.61,15.49,17.15,16.14,16.02,15.40,15.40,15.96,16.46,17.22,18.12,17.55,17.75,17.53,16.73,17.21,17.04,17.70,16.56,17.71,18.23,18.93,17.36,16.36,16.91,16.42,16.45,17.24,16.60,16.07,16.24,16.82,16.27,15.05,16.01,16.19,17.70,18.90,17.92,17.97,16.81,18.47,21.28,21.32,21.03,21.45,22.74,20.13,24.16,23.99,23.07,25.39,22.67,22.14,22.59,22.94,26.48,24.60,24.65,24.25,24.92,23.52,24.36,23.30,25.29,24.84,24.31,21.03,24.63,23.50,22.17,21.48,22.09,20.76,22.01,22.01,22.13,22.32,22.17,22.19,21.46,21.04,21.93,21.53,21.74,24.33,22.46,21.44,20.10,21.30,23.99,23.23,22.05,20.72,22.60,24.50,20.18,21.01,21.00,21.00,21.07,20.41,20.25,22.36,20.50,21.30,23.67,23.13,23.78,25.44,29.45,23.14,26.27,24.83,25.49,22.98,23.41,22.54,24.51,25.75,26.10,23.80,28.92,35.66,41.15,40.00,28.43,32.72,30.28,30.71,39.66,31.93,27.24,33.21,28.34,..,..,..,..,..,..,..,..,..,..
Banana Saba,..REGION II (CAGAYAN VALLEY),6.99,7.01,7.13,7.21,6.97,7.08,7.10,7.33,7.42,7.33,7.79,8.07,7.29,7.75,8.03,8.18,8.38,7.90,7.31,7.33,7.41,7.49,8.67,8.43,8.62,7.96,8.87,8.82,10.39,9.41,9.05,8.72,9.01,8.61,8.70,8.29,8.04,8.41,8.86,8.54,8.07,7.77,7.42,7.62,7.61,8.07,8.45,9.00,8.61,8.63,9.04,8.24,8.16,8.15,10.71,10.58,10.61,11.13,11.51,11.83,12.60,12.53,11.58,8.52,10.66,11.50,12.77,15.30,15.70,18.52,19.18,9.58,9.89,10.02,9.76,10.49,11.78,12.87,11.14,11.84,12.78,12.99,12.40,11.69,12.35,11.84,11.36,11.20,11.89,14.35,12.15,14.93,14.73,13.61,14.43,13.51,12.22,12.82,11.76,12.13,11.23,11.98,10.45,12.82,8.51,7.05,6.93,8.20,9.12,8.40,9.01,9.64,8.99,10.43,13.19,14.47,9.50,19.47,15.99,17.14,16.02,15.26,16.32,15.07,14.66,15.13,13.93,13.31,12.47,15.40,10.29,9.85,11.31,11.88,14.74,12.84,15.27,14.06,14.72,14.12,11.21,10.97,12.61,10.11,9.64,9.59,11.13,10.95,11.75,10.76,12.64,11.90,12.54,9.88,9.45,10.86,9.59,8.79,8.91,9.04,8.50,8.40,7.64,8.33,8.30,8.15,8.17,8.04,8.49,7.23,7.63,8.80,9.06,10.40,9.27,8.92,9.98,10.60,11.11,10.62,11.51,9.59,10.59,11.93,11.48,6.00,6.86,10.38,8.19,8.94,11.52,10.69,10.55,11.60,9.89,15.00,12.00,17.56,13.53,13.98,19.33,13.28,13.00,13.39,22.90,13.72,14.16,15.15,16.74,18.01,18.71,..,..,..,..,..,..,..,..,..,..
Banana Saba,..REGION III (CENTRAL LUZON),11.57,10.32,9.73,10.99,9.28,10.32,9.72,9.40,10.22,10.99,10.36,10.20,10.26,11.18,12.02,12.45,11.52,11.32,12.26,12.43,12.63,12.41,12.83,13.24,13.12,12.28,13.98,13.69,13.10,13.11,14.03,14.42,14.04,14.51,16.24,15.85,14.95,15.59,14.46,15.81,15.15,15.40,15.90,15.74,15.29,15.36,17.10,18.73,18.45,18.76,19.79,16.79,21.82,21.97,20.91,22.74,25.08,25.18,23.14,23.22,22.90,21.97,22.75,24.21,22.99,23.07,18.04,16.93,18.50,18.46,19.92,20.41,19.74,18.75,23.25,24.35,26.09,20.63,25.77,16.79,22.31,23.03,24.92,20.35,15.88,18.34,17.93,16.25,16.75,18.94,19.77,17.78,17.42,15.95,18.00,18.40,18.51,16.73,15.23,16.78,16.25,14.38,14.85,16.69,13.71,13.69,14.34,15.59,14.01,15.27,14.53,14.89,14.46,15.00,14.26,14.89,14.55,15.14,15.03,16.07,17.05,17.59,17.25,16.75,17.42,17.67,18.67,20.78,17.58,17.25,20.65,20.11,19.86,21.23,19.95,19.62,20.29,20.81,20.69,19.74,20.13,20.33,20.28,24.17,22.12,23.79,22.92,23.52,21.37,20.74,19.35,19.77,20.09,21.24,23.24,21.86,20.56,19.36,20.36,19.84,20.16,19.97,19.15,18.44,18.81,18.67,16.86,17.00,19.10,17.09,20.04,21.76,21.50,21.79,21.82,21.71,22.00,20.62,20.40,19.99,19.82,20.71,23.40,24.14,27.31,19.84,17.93,17.55,19.63,19.21,21.01,16.75,17.46,18.39,20.22,27.19,18.92,25.68,22.13,22.12,20.34,22.13,20.68,20.19,19.14,19.14,21.93,21.63,17.39,18.51,17.64,..,..,..,..,..,..,..,..,..,..
Banana Saba,..REGION IV-A (CALABARZON),6.65,6.30,6.44,6.61,6.51,6.36,6.81,6.83,7.13,7.33,7.42,7.97,6.86,7.35,7.26,7.41,7.51,7.32,7.49,6.42,6.52,6.36,6.25,6.63,6.70,6.94,6.50,6.71,6.73,6.83,6.94,6.94,7.87,7.23,7.12,6.85,6.94,7.20,6.99,7.34,6.98,7.01,7.11,7.48,7.15,7.53,8.02,7.62,7.60,8.55,7.98,7.53,8.04,9.14,8.60,10.90,9.94,10.03,11.64,13.52,12.75,15.56,14.39,13.49,11.50,16.56,14.58,16.07,15.26,15.43,14.61,12.58,13.68,11.84,11.25,10.55,11.61,13.67,10.20,11.98,10.42,11.61,11.53,10.37,10.31,10.50,11.15,12.74,11.55,11.56,11.16,11.94,12.46,12.40,13.41,13.19,12.56,12.49,11.18,12.64,11.58,11.31,12.02,12.27,11.70,11.68,12.49,11.53,11.63,12.52,10.47,11.23,12.12,11.43,11.85,11.36,11.67,11.58,11.25,11.43,12.09,11.56,12.63,13.40,12.64,12.39,12.58,13.46,12.48,12.29,13.04,12.01,15.08,16.06,14.65,16.86,15.26,16.87,15.82,15.91,15.20,17.02,15.32,16.88,18.35,17.36,17.88,16.77,16.54,15.47,16.26,17.21,15.48,15.69,15.64,16.63,15.11,16.86,15.85,14.65,14.61,16.80,13.30,15.91,13.72,13.22,12.76,14.16,14.75,12.36,14.67,13.40,15.99,12.93,13.48,12.74,13.46,14.66,14.72,12.56,13.74,13.73,15.99,13.90,15.93,34.68,30.88,33.34,19.46,43.65,30.62,24.64,16.70,17.27,24.75,21.56,37.60,15.16,14.19,18.87,19.76,16.67,24.58,20.11,19.90,22.58,21.49,21.04,15.60,16.62,16.90,..,..,..,..,..,..,..,..,..,..
Banana Saba,..MIMAROPA REGION,6.54,6.59,6.51,6.91,7.44,7.33,7.53,7.69,7.89,7.93,7.66,7.50,7.29,7.34,7.44,7.32,7.41,7.16,7.60,7.55,7.78,7.77,8.01,7.85,8.15,7.62,7.77,7.75,7.74,7.62,7.67,7.69,7.69,7.84,7.67,7.67,7.84,7.58,7.71,7.91,7.94,7.89,7.95,8.09,8.11,8.38,8.58,8.49,8.28,8.18,8.04,8.15,8.22,8.36,8.72,9.25,9.12,9.19,9.45,11.65,13.17,13.10,12.73,12.26,10.44,12.62,13.65,14.53,14.54,14.53,13.07,13.42,13.79,13.04,13.07,13.11,15.26,13.72,15.06,15.23,15.12,16.41,17.40,15.78,15.41,19.13,17.66,17.01,16.54,16.06,16.40,19.62,15.78,11.86,12.11,15.92,12.90,12.69,14.99,11.59,13.55,13.19,16.91,14.26,17.46,14.85,14.12,15.00,15.13,15.94,13.39,15.74,16.01,15.33,14.28,14.26,15.13,15.76,13.94,15.57,14.07,14.46,13.62,14.02,13.86,13.56,12.78,13.55,13.75,14.08,15.69,16.44,17.99,21.46,18.78,20.18,22.31,25.57,24.43,21.02,23.85,18.83,20.55,22.63,20.77,24.17,24.07,25.05,25.95,23.08,23.47,22.00,23.40,24.69,21.81,23.42,22.34,20.61,21.29,22.08,20.97,20.52,20.33,19.50,19.71,18.50,18.37,19.12,20.28,19.77,20.30,18.68,20.19,19.47,18.75,17.76,19.56,20.77,19.22,19.76,17.17,19.28,19.59,20.07,20.56,11.74,11.59,14.35,29.25,14.03,15.30,19.01,19.66,18.60,17.81,21.63,23.27,14.97,12.84,16.14,15.77,13.64,13.52,13.47,15.80,16.52,14.77,16.03,16.54,23.62,24.22,..,..,..,..,..,..,..,..,..,..
Banana Saba,..REGION V (BICOL REGION),7.51,7.43,7.55,7.61,7.53,7.40,7.67,7.65,7.83,7.86,7.60,8.03,7.64,8.31,8.24,8.37,8.21,8.43,8.80,8.66,8.76,8.82,9.02,8.89,8.85,8.61,9.09,9.40,9.21,9.52,9.54,9.12,9.04,9.30,9.20,9.69,9.52,9.25,9.32,9.27,8.92,8.83,8.87,8.48,9.02,8.70,9.18,9.35,9.31,9.56,9.11,9.05,8.88,8.54,9.63,9.64,10.26,9.15,10.64,13.34,13.96,13.87,15.06,15.92,11.57,13.62,12.14,12.02,12.17,11.93,12.81,13.69,12.81,12.76,13.33,12.75,13.16,12.77,13.55,12.27,13.80,12.87,12.71,12.19,12.12,12.60,12.77,13.56,12.67,14.59,12.98,14.49,16.67,15.51,15.26,14.53,18.18,16.06,14.97,14.39,14.64,16.24,16.28,15.60,18.40,14.15,14.73,15.15,15.32,15.91,17.50,13.50,13.86,13.16,14.23,14.79,15.06,14.90,14.11,13.52,14.02,15.15,14.13,13.54,15.53,13.53,14.76,13.74,15.91,14.40,16.33,16.82,21.81,21.91,22.54,22.03,22.83,22.29,22.44,22.03,21.08,24.60,21.39,27.56,25.24,24.44,27.36,26.11,24.71,23.11,21.61,21.24,21.87,21.59,20.26,23.76,19.29,18.63,18.81,17.20,16.95,15.44,14.28,14.46,13.32,14.75,15.33,15.26,16.14,15.82,15.09,18.74,17.61,16.78,17.46,18.43,16.72,15.60,17.63,16.47,15.71,16.84,19.15,18.43,20.94,16.48,17.70,80.00,14.17,15.40,23.26,21.78,20.66,10.40,23.20,12.08,19.37,21.78,12.09,16.95,16.49,18.36,18.43,16.57,19.60,14.79,15.75,16.85,21.88,21.08,15.08,..,..,..,..,..,..,..,..,..,..
Banana Saba,..REGION VI (WESTERN VISAYAS),8.77,8.95,8.90,8.98,9.07,9.65,9.72,9.69,9.38,9.21,9.25,9.33,9.24,9.25,9.75,9.35,9.39,9.71,8.84,8.78,8.59,9.41,8.32,8.95,8.50,9.07,8.43,8.61,7.99,8.13,8.09,8.15,8.09,8.04,8.47,7.95,8.08,8.48,8.21,8.23,8.16,8.34,8.62,8.82,8.75,8.73,8.87,9.08,8.86,10.86,13.89,9.27,11.77,13.97,14.04,13.57,12.89,11.76,11.22,11.72,13.66,12.96,13.12,13.10,12.82,12.87,12.30,12.64,11.74,12.33,12.01,12.59,12.97,12.94,13.42,13.21,13.44,12.71,13.65,13.48,13.64,13.65,13.58,14.58,14.59,14.21,14.39,14.04,15.34,14.46,14.13,14.25,13.64,14.31,13.73,15.33,15.23,14.32,14.22,15.04,14.38,14.80,14.17,14.45,13.78,13.71,13.96,13.98,13.25,12.78,12.66,13.33,13.24,11.93,12.81,11.66,13.09,13.60,13.13,13.10,12.81,13.15,12.86,13.84,14.94,14.84,13.68,12.87,13.45,13.52,12.67,15.40,15.49,19.52,18.86,17.65,17.48,18.33,16.44,15.15,14.08,14.93,16.33,15.20,15.06,14.41,13.05,12.71,13.20,11.86,12.05,12.19,11.91,11.87,12.48,13.00,12.76,13.91,12.68,14.50,14.90,15.63,15.50,14.38,14.19,15.63,15.70,16.17,14.66,15.29,15.90,15.47,16.57,15.82,14.45,15.03,14.79,15.33,15.19,15.79,15.30,15.41,14.68,15.13,13.97,13.20,14.63,13.92,16.19,15.88,16.46,15.95,16.23,16.62,15.24,16.04,20.26,17.10,14.51,19.10,13.76,13.09,13.84,13.79,18.44,16.66,16.38,16.08,22.74,18.92,22.83,..,..,..,..,..,..,..,..,..,..
Banana Saba,..NEGROS ISLAND REGION (NIR) 2/,..,..,..,..,..,..,..,..,..,..,..,..,..,..,..,..,..,..,..,..,..,..,..,..,..,..,..,..,..,..,..,..,..,..,..,..,..,..,..,..,..,..,..,..,..,..,..,..,..,..,..,..,..,..,..,..,..,..,..,..,..,..,..,..,..,..,..,..,..,..,..,..,..,..,..,..,..,..,..,..,..,..,..,..,..,..,..,..,..,..,..,..,..,..,..,..,..,..,..,..,..,..,..,..,..,..,..,..,..,..,..,..,..,..,..,..,..,..,..,..,..,..,..,..,..,..,..,..,..,..,..,..,..,..,..,..,..,..,..,..,..,..,..,..,..,..,..,..,..,..,..,..,..,..,..,..,..,..,..,..,..,..,..,..,..,..,..,..,..,..,..,..,..,..,..,..,..,..,..,..,..,..,19.02,24.47,30.22,29.27,28.92,20.66,19.82,18.32,22.78,18.57,17.87,21.36,22.61,35.61,35.40,38.93,20.08,23.64,20.11,25.40,26.29,22.15,24.85,33.85,19.78,27.17,22.96,26.30,22.50,..,..,..,..,..,..,..,..,..,..
Banana Others,PHILIPPINES,0.00,0.00,0.00,0.00,0.00,0.00,0.00,0.00,0.00,0.00,0.00,0.00,0.00,0.00,0.00,0.00,0.00,0.00,0.00,0.00,0.00,0.00,0.00,0.00,0.00,0.00,0.00,0.00,0.00,0.00,0.00,0.00,0.00,0.00,0.00,0.00,0.00,0.00,0.00,0.00,0.00,0.00,0.00,0.00,0.00,0.00,0.00,0.00,0.00,0.00,0.00,0.00,0.00,0.00,0.00,0.00,0.00,0.00,0.00,0.00,0.00,0.00,0.00,0.00,0.00,0.00,0.00,0.00,0.00,0.00,0.00,0.00,0.00,0.00,0.00,0.00,0.00,0.00,0.00,0.00,0.00,0.00,0.00,0.00,0.00,0.00,0.00,0.00,0.00,0.00,0.00,0.00,0.00,0.00,0.00,0.00,0.00,0.00,0.00,0.00,0.00,0.00,0.00,0.00,0.00,0.00,0.00,0.00,0.00,0.00,0.00,0.00,0.00,0.00,0.00,0.00,0.00,0.00,0.00,0.00,0.00,0.00,0.00,0.00,0.00,0.00,0.00,0.00,0.00,0.00,0.00,0.00,0.00,0.00,0.00,0.00,0.00,0.00,0.00,0.00,0.00,0.00,0.00,0.00,0.00,0.00,0.00,0.00,0.00,0.00,0.00,0.00,0.00,0.00,0.00,0.00,0.00,0.00,0.00,0.00,0.00,0.00,0.00,0.00,0.00,0.00,0.00,0.00,0.00,0.00,0.00,0.00,0.00,0.00,0.00,0.00,0.00,0.00,0.00,0.00,0.00,0.00,16.78,16.97,16.73,35.27,34.54,30.77,25.99,27.31,21.70,21.05,21.58,21.05,24.14,18.72,30.00,30.00,47.73,48.56,24.03,22.16,18.09,20.06,17.13,12.52,13.62,25.22,17.60,17.89,21.39,..,..,..,..,..,..,..,..,..,..
Banana Others,..CORDILLERA ADMINISTRATIVE REGION (CAR),0.00,0.00,0.00,0.00,0.00,0.00,0.00,0.00,0.00,0.00,0.00,0.00,0.00,0.00,0.00,0.00,0.00,0.00,0.00,0.00,0.00,0.00,0.00,0.00,0.00,0.00,0.00,0.00,0.00,0.00,0.00,0.00,0.00,0.00,0.00,0.00,0.00,0.00,0.00,0.00,0.00,0.00,0.00,0.00,0.00,0.00,0.00,0.00,0.00,0.00,0.00,0.00,0.00,0.00,0.00,0.00,0.00,0.00,0.00,0.00,0.00,0.00,0.00,0.00,0.00,0.00,0.00,0.00,0.00,0.00,0.00,0.00,0.00,0.00,0.00,0.00,0.00,0.00,0.00,0.00,0.00,0.00,0.00,0.00,0.00,0.00,0.00,0.00,0.00,0.00,0.00,0.00,0.00,0.00,0.00,0.00,0.00,0.00,0.00,0.00,0.00,0.00,0.00,0.00,0.00,0.00,0.00,0.00,0.00,0.00,0.00,0.00,0.00,0.00,0.00,0.00,0.00,0.00,0.00,0.00,0.00,0.00,0.00,0.00,0.00,0.00,0.00,0.00,0.00,0.00,0.00,0.00,0.00,0.00,0.00,0.00,0.00,0.00,0.00,0.00,0.00,0.00,0.00,0.00,0.00,0.00,0.00,0.00,0.00,0.00,0.00,0.00,0.00,0.00,0.00,0.00,0.00,0.00,0.00,0.00,0.00,0.00,0.00,0.00,0.00,0.00,0.00,0.00,0.00,0.00,0.00,0.00,0.00,0.00,0.00,0.00,0.00,0.00,0.00,0.00,0.00,0.00,10.00,10.00,10.00,10.00,10.00,10.00,20.00,20.00,20.00,25.00,25.00,25.00,16.25,21.00,30.00,30.00,26.47,33.15,33.84,35.53,35.09,17.88,24.14,31.09,20.00,28.18,19.40,27.55,19.97,..,..,..,..,..,..,..,..,..,..
Banana Others,..REGION I (ILOCOS REGION),0.00,0.00,0.00,0.00,0.00,0.00,0.00,0.00,0.00,0.00,0.00,0.00,0.00,0.00,0.00,0.00,0.00,0.00,0.00,0.00,0.00,0.00,0.00,0.00,0.00,0.00,0.00,0.00,0.00,0.00,0.00,0.00,0.00,0.00,0.00,0.00,0.00,0.00,0.00,0.00,0.00,0.00,0.00,0.00,0.00,0.00,0.00,0.00,0.00,0.00,0.00,0.00,0.00,0.00,0.00,0.00,0.00,0.00,0.00,0.00,0.00,0.00,0.00,0.00,0.00,0.00,0.00,0.00,0.00,0.00,0.00,0.00,0.00,0.00,0.00,0.00,0.00,0.00,0.00,0.00,0.00,0.00,0.00,0.00,0.00,0.00,0.00,0.00,0.00,0.00,0.00,0.00,0.00,0.00,0.00,0.00,0.00,0.00,0.00,0.00,0.00,0.00,0.00,0.00,0.00,0.00,0.00,0.00,0.00,0.00,0.00,0.00,0.00,0.00,0.00,0.00,0.00,0.00,0.00,0.00,0.00,0.00,0.00,0.00,0.00,0.00,0.00,0.00,0.00,0.00,0.00,0.00,0.00,0.00,0.00,0.00,0.00,0.00,0.00,0.00,0.00,0.00,0.00,0.00,0.00,0.00,0.00,0.00,0.00,0.00,0.00,0.00,0.00,0.00,0.00,0.00,0.00,0.00,0.00,0.00,0.00,0.00,0.00,0.00,0.00,0.00,0.00,0.00,0.00,0.00,0.00,0.00,0.00,0.00,0.00,0.00,0.00,0.00,0.00,0.00,0.00,0.00,25.00,20.00,25.00,20.67,15.00,15.00,0.00,0.00,35.00,21.25,21.25,21.25,21.94,23.75,23.75,23.75,25.00,19.61,33.23,44.23,45.76,50.00,16.25,16.00,21.88,28.60,27.24,27.45,28.05,..,..,..,..,..,..,..,..,..,..
Banana Others,..REGION II (CAGAYAN VALLEY),0.00,0.00,0.00,0.00,0.00,0.00,0.00,0.00,0.00,0.00,0.00,0.00,0.00,0.00,0.00,0.00,0.00,0.00,0.00,0.00,0.00,0.00,0.00,0.00,0.00,0.00,0.00,0.00,0.00,0.00,0.00,0.00,0.00,0.00,0.00,0.00,0.00,0.00,0.00,0.00,0.00,0.00,0.00,0.00,0.00,0.00,0.00,0.00,0.00,0.00,0.00,0.00,0.00,0.00,0.00,0.00,0.00,0.00,0.00,0.00,0.00,0.00,0.00,0.00,0.00,0.00,0.00,0.00,0.00,0.00,0.00,0.00,0.00,0.00,0.00,0.00,0.00,0.00,0.00,0.00,0.00,0.00,0.00,0.00,0.00,0.00,0.00,0.00,0.00,0.00,0.00,0.00,0.00,0.00,0.00,0.00,0.00,0.00,0.00,0.00,0.00,0.00,0.00,0.00,0.00,0.00,0.00,0.00,0.00,0.00,0.00,0.00,0.00,0.00,0.00,0.00,0.00,0.00,0.00,0.00,0.00,0.00,0.00,0.00,0.00,0.00,0.00,0.00,0.00,0.00,0.00,0.00,0.00,0.00,0.00,0.00,0.00,0.00,0.00,0.00,0.00,0.00,0.00,0.00,0.00,0.00,0.00,0.00,0.00,0.00,0.00,0.00,0.00,0.00,0.00,0.00,0.00,0.00,0.00,0.00,0.00,0.00,0.00,0.00,0.00,0.00,0.00,0.00,0.00,0.00,0.00,0.00,0.00,0.00,0.00,0.00,0.00,0.00,0.00,0.00,0.00,0.00,0.00,0.00,0.00,35.00,35.00,30.77,0.00,0.00,15.00,29.58,10.00,15.33,24.38,0.00,0.00,0.00,20.00,20.00,20.48,20.00,17.81,19.22,39.09,0.00,0.00,22.37,0.00,20.61,33.27,..,..,..,..,..,..,..,..,..,..
Banana Others,..REGION III (CENTRAL LUZON),0.00,0.00,0.00,0.00,0.00,0.00,0.00,0.00,0.00,0.00,0.00,0.00,0.00,0.00,0.00,0.00,0.00,0.00,0.00,0.00,0.00,0.00,0.00,0.00,0.00,0.00,0.00,0.00,0.00,0.00,0.00,0.00,0.00,0.00,0.00,0.00,0.00,0.00,0.00,0.00,0.00,0.00,0.00,0.00,0.00,0.00,0.00,0.00,0.00,0.00,0.00,0.00,0.00,0.00,0.00,0.00,0.00,0.00,0.00,0.00,0.00,0.00,0.00,0.00,0.00,0.00,0.00,0.00,0.00,0.00,0.00,0.00,0.00,0.00,0.00,0.00,0.00,0.00,0.00,0.00,0.00,0.00,0.00,0.00,0.00,0.00,0.00,0.00,0.00,0.00,0.00,0.00,0.00,0.00,0.00,0.00,0.00,0.00,0.00,0.00,0.00,0.00,0.00,0.00,0.00,0.00,0.00,0.00,0.00,0.00,0.00,0.00,0.00,0.00,0.00,0.00,0.00,0.00,0.00,0.00,0.00,0.00,0.00,0.00,0.00,0.00,0.00,0.00,0.00,0.00,0.00,0.00,0.00,0.00,0.00,0.00,0.00,0.00,0.00,0.00,0.00,0.00,0.00,0.00,0.00,0.00,0.00,0.00,0.00,0.00,0.00,0.00,0.00,0.00,0.00,0.00,0.00,0.00,0.00,0.00,0.00,0.00,0.00,0.00,0.00,0.00,0.00,0.00,0.00,0.00,0.00,0.00,0.00,0.00,0.00,0.00,0.00,0.00,0.00,0.00,0.00,0.00,25.10,26.00,26.67,26.50,27.50,26.00,15.00,15.00,15.00,30.00,30.00,30.00,24.40,25.33,26.00,25.75,35.00,35.00,35.00,15.00,17.65,16.77,16.73,30.00,20.00,24.85,21.04,22.60,20.45,..,..,..,..,..,..,..,..,..,..
Banana Others,..REGION IV-A (CALABARZON),0.00,0.00,0.00,0.00,0.00,0.00,0.00,0.00,0.00,0.00,0.00,0.00,0.00,0.00,0.00,0.00,0.00,0.00,0.00,0.00,0.00,0.00,0.00,0.00,0.00,0.00,0.00,0.00,0.00,0.00,0.00,0.00,0.00,0.00,0.00,0.00,0.00,0.00,0.00,0.00,0.00,0.00,0.00,0.00,0.00,0.00,0.00,0.00,0.00,0.00,0.00,0.00,0.00,0.00,0.00,0.00,0.00,0.00,0.00,0.00,0.00,0.00,0.00,0.00,0.00,0.00,0.00,0.00,0.00,0.00,0.00,0.00,0.00,0.00,0.00,0.00,0.00,0.00,0.00,0.00,0.00,0.00,0.00,0.00,0.00,0.00,0.00,0.00,0.00,0.00,0.00,0.00,0.00,0.00,0.00,0.00,0.00,0.00,0.00,0.00,0.00,0.00,0.00,0.00,0.00,0.00,0.00,0.00,0.00,0.00,0.00,0.00,0.00,0.00,0.00,0.00,0.00,0.00,0.00,0.00,0.00,0.00,0.00,0.00,0.00,0.00,0.00,0.00,0.00,0.00,0.00,0.00,0.00,0.00,0.00,0.00,0.00,0.00,0.00,0.00,0.00,0.00,0.00,0.00,0.00,0.00,0.00,0.00,0.00,0.00,0.00,0.00,0.00,0.00,0.00,0.00,0.00,0.00,0.00,0.00,0.00,0.00,0.00,0.00,0.00,0.00,0.00,0.00,0.00,0.00,0.00,0.00,0.00,0.00,0.00,0.00,0.00,0.00,0.00,0.00,0.00,0.00,12.00,12.00,12.00,12.65,13.20,10.50,50.00,23.40,17.39,23.60,18.98,19.46,18.77,0.00,0.00,0.00,49.21,46.10,21.74,13.71,13.34,12.47,37.61,35.42,43.06,30.30,42.69,40.79,33.02,..,..,..,..,..,..,..,..,..,..
Banana Others,..MIMAROPA REGION,0.00,0.00,0.00,0.00,0.00,0.00,0.00,0.00,0.00,0.00,0.00,0.00,0.00,0.00,0.00,0.00,0.00,0.00,0.00,0.00,0.00,0.00,0.00,0.00,0.00,0.00,0.00,0.00,0.00,0.00,0.00,0.00,0.00,0.00,0.00,0.00,0.00,0.00,0.00,0.00,0.00,0.00,0.00,0.00,0.00,0.00,0.00,0.00,0.00,0.00,0.00,0.00,0.00,0.00,0.00,0.00,0.00,0.00,0.00,0.00,0.00,0.00,0.00,0.00,0.00,0.00,0.00,0.00,0.00,0.00,0.00,0.00,0.00,0.00,0.00,0.00,0.00,0.00,0.00,0.00,0.00,0.00,0.00,0.00,0.00,0.00,0.00,0.00,0.00,0.00,0.00,0.00,0.00,0.00,0.00,0.00,0.00,0.00,0.00,0.00,0.00,0.00,0.00,0.00,0.00,0.00,0.00,0.00,0.00,0.00,0.00,0.00,0.00,0.00,0.00,0.00,0.00,0.00,0.00,0.00,0.00,0.00,0.00,0.00,0.00,0.00,0.00,0.00,0.00,0.00,0.00,0.00,0.00,0.00,0.00,0.00,0.00,0.00,0.00,0.00,0.00,0.00,0.00,0.00,0.00,0.00,0.00,0.00,0.00,0.00,0.00,0.00,0.00,0.00,0.00,0.00,0.00,0.00,0.00,0.00,0.00,0.00,0.00,0.00,0.00,0.00,0.00,0.00,0.00,0.00,0.00,0.00,0.00,0.00,0.00,0.00,0.00,0.00,0.00,0.00,0.00,0.00,9.00,9.00,9.00,0.00,0.00,0.00,0.00,0.00,0.00,49.48,49.31,48.61,29.07,15.00,15.00,14.50,12.26,11.65,8.28,25.00,9.33,16.68,18.66,22.50,22.50,15.95,23.86,25.96,24.44,..,..,..,..,..,..,..,..,..,..
Banana Others,..REGION V (BICOL REGION),0.00,0.00,0.00,0.00,0.00,0.00,0.00,0.00,0.00,0.00,0.00,0.00,0.00,0.00,0.00,0.00,0.00,0.00,0.00,0.00,0.00,0.00,0.00,0.00,0.00,0.00,0.00,0.00,0.00,0.00,0.00,0.00,0.00,0.00,0.00,0.00,0.00,0.00,0.00,0.00,0.00,0.00,0.00,0.00,0.00,0.00,0.00,0.00,0.00,0.00,0.00,0.00,0.00,0.00,0.00,0.00,0.00,0.00,0.00,0.00,0.00,0.00,0.00,0.00,0.00,0.00,0.00,0.00,0.00,0.00,0.00,0.00,0.00,0.00,0.00,0.00,0.00,0.00,0.00,0.00,0.00,0.00,0.00,0.00,0.00,0.00,0.00,0.00,0.00,0.00,0.00,0.00,0.00,0.00,0.00,0.00,0.00,0.00,0.00,0.00,0.00,0.00,0.00,0.00,0.00,0.00,0.00,0.00,0.00,0.00,0.00,0.00,0.00,0.00,0.00,0.00,0.00,0.00,0.00,0.00,0.00,0.00,0.00,0.00,0.00,0.00,0.00,0.00,0.00,0.00,0.00,0.00,0.00,0.00,0.00,0.00,0.00,0.00,0.00,0.00,0.00,0.00,0.00,0.00,0.00,0.00,0.00,0.00,0.00,0.00,0.00,0.00,0.00,0.00,0.00,0.00,0.00,0.00,0.00,0.00,0.00,0.00,0.00,0.00,0.00,0.00,0.00,0.00,0.00,0.00,0.00,0.00,0.00,0.00,0.00,0.00,0.00,0.00,0.00,0.00,0.00,0.00,18.38,17.67,14.94,15.00,15.00,19.00,20.00,20.00,20.00,14.20,25.72,0.00,18.17,25.00,17.50,15.00,16.24,20.87,19.48,16.23,20.42,13.82,13.21,12.78,15.00,17.13,18.86,20.82,19.25,..,..,..,..,..,..,..,..,..,..
Banana Others,..REGION VI (WESTERN VISAYAS),0.00,0.00,0.00,0.00,0.00,0.00,0.00,0.00,0.00,0.00,0.00,0.00,0.00,0.00,0.00,0.00,0.00,0.00,0.00,0.00,0.00,0.00,0.00,0.00,0.00,0.00,0.00,0.00,0.00,0.00,0.00,0.00,0.00,0.00,0.00,0.00,0.00,0.00,0.00,0.00,0.00,0.00,0.00,0.00,0.00,0.00,0.00,0.00,0.00,0.00,0.00,0.00,0.00,0.00,0.00,0.00,0.00,0.00,0.00,0.00,0.00,0.00,0.00,0.00,0.00,0.00,0.00,0.00,0.00,0.00,0.00,0.00,0.00,0.00,0.00,0.00,0.00,0.00,0.00,0.00,0.00,0.00,0.00,0.00,0.00,0.00,0.00,0.00,0.00,0.00,0.00,0.00,0.00,0.00,0.00,0.00,0.00,0.00,0.00,0.00,0.00,0.00,0.00,0.00,0.00,0.00,0.00,0.00,0.00,0.00,0.00,0.00,0.00,0.00,0.00,0.00,0.00,0.00,0.00,0.00,0.00,0.00,0.00,0.00,0.00,0.00,0.00,0.00,0.00,0.00,0.00,0.00,0.00,0.00,0.00,0.00,0.00,0.00,0.00,0.00,0.00,0.00,0.00,0.00,0.00,0.00,0.00,0.00,0.00,0.00,0.00,0.00,0.00,0.00,0.00,0.00,0.00,0.00,0.00,0.00,0.00,0.00,0.00,0.00,0.00,0.00,0.00,0.00,0.00,0.00,0.00,0.00,0.00,0.00,0.00,0.00,0.00,0.00,0.00,0.00,0.00,0.00,0.00,0.00,0.00,20.00,20.00,20.00,13.89,14.92,13.76,13.89,14.92,13.76,16.13,15.00,15.00,15.00,14.62,22.39,24.04,20.89,23.16,18.06,25.63,10.26,10.94,17.92,15.96,17.22,19.30,..,..,..,..,..,..,..,..,..,..
Banana Others,..NEGROS ISLAND REGION (NIR) 2/,..,..,..,..,..,..,..,..,..,..,..,..,..,..,..,..,..,..,..,..,..,..,..,..,..,..,..,..,..,..,..,..,..,..,..,..,..,..,..,..,..,..,..,..,..,..,..,..,..,..,..,..,..,..,..,..,..,..,..,..,..,..,..,..,..,..,..,..,..,..,..,..,..,..,..,..,..,..,..,..,..,..,..,..,..,..,..,..,..,..,..,..,..,..,..,..,..,..,..,..,..,..,..,..,..,..,..,..,..,..,..,..,..,..,..,..,..,..,..,..,..,..,..,..,..,..,..,..,..,..,..,..,..,..,..,..,..,..,..,..,..,..,..,..,..,..,..,..,..,..,..,..,..,..,..,..,..,..,..,..,..,..,..,..,..,..,..,..,..,..,..,..,..,..,..,..,..,..,..,..,..,..,14.00,14.00,14.00,0.00,0.00,0.00,14.00,0.00,0.00,14.00,0.00,0.00,14.00,0.00,0.00,0.00,21.85,21.54,20.59,12.62,15.00,13.22,25.00,14.52,0.00,18.04,19.52,0.00,15.91,..,..,..,..,..,..,..,..,..,..
Calamansi,PHILIPPINES,19.70,20.97,21.43,22.49,24.61,22.92,20.72,18.07,15.80,15.25,15.04,19.95,19.75,20.12,21.93,25.19,26.03,26.25,26.76,28.82,21.50,19.01,20.95,22.44,23.60,23.55,26.50,24.90,26.08,32.17,26.98,24.17,21.54,18.08,17.51,19.26,21.76,25.45,23.70,28.47,27.92,25.84,26.18,26.60,24.74,22.36,18.27,16.47,17.44,21.47,26.92,23.56,29.01,26.40,28.19,29.62,28.67,24.71,22.89,19.53,19.53,19.51,22.20,23.70,24.50,22.08,23.55,26.31,26.61,30.72,29.93,25.99,21.88,19.34,18.57,18.87,25.17,24.09,25.11,26.68,27.16,29.84,29.42,28.85,23.70,20.60,17.07,18.38,20.18,26.18,24.43,27.69,24.98,25.15,27.48,27.27,25.65,21.85,21.49,19.82,22.35,23.04,24.52,24.27,27.49,33.13,34.22,33.24,31.75,26.54,24.78,25.24,22.35,25.05,26.33,30.68,28.40,24.95,24.31,30.20,36.83,38.63,30.77,27.18,22.72,20.69,21.93,25.69,34.43,28.19,27.40,24.67,36.07,33.66,31.62,28.44,26.07,24.03,21.01,20.96,24.87,30.09,27.41,30.14,39.97,33.57,33.73,36.76,31.25,29.72,29.88,27.22,26.67,28.00,30.81,31.48,35.47,40.55,41.31,40.45,37.68,37.58,34.09,34.47,32.86,32.65,36.43,41.55,37.09,37.48,36.76,41.78,46.47,43.80,38.34,33.42,31.19,29.00,31.53,34.32,34.60,36.56,37.08,38.74,39.19,52.70,48.09,49.25,57.63,50.96,47.63,41.84,38.19,43.12,45.37,35.45,42.28,41.27,44.25,49.33,51.41,37.87,36.85,36.26,34.77,42.19,44.68,41.38,50.89,44.75,46.62,..,..,..,..,..,..,..,..,..,..
Calamansi,..CORDILLERA ADMINISTRATIVE REGION (CAR),0.00,0.00,19.60,21.60,26.35,26.60,0.00,22.71,19.38,16.92,13.36,0.00,20.82,0.00,0.00,20.25,21.90,22.93,28.95,27.83,24.46,17.31,17.03,16.17,28.71,22.55,33.20,31.25,17.76,24.93,34.07,37.49,23.50,18.90,15.04,15.60,19.87,31.39,25.25,35.56,34.72,22.95,24.66,26.99,31.17,28.66,16.96,14.71,14.99,13.87,20.11,23.78,25.59,23.95,22.09,23.11,23.79,24.22,23.93,20.22,21.48,20.70,22.55,26.68,23.19,27.17,29.28,21.91,22.83,22.05,25.98,24.94,20.14,19.88,18.68,15.22,15.44,21.96,14.35,19.21,27.36,32.32,28.95,27.31,26.13,22.40,18.49,16.58,20.63,22.61,23.03,23.58,24.41,22.09,15.25,31.38,26.11,20.10,18.81,17.58,23.78,21.52,24.03,22.39,22.25,16.48,22.46,35.76,44.57,24.45,27.18,24.11,42.57,32.24,23.86,29.70,28.80,28.61,23.63,27.21,27.42,28.85,24.05,25.48,17.31,17.71,14.79,13.55,19.81,22.37,22.23,17.23,27.11,27.46,29.05,25.40,23.60,21.09,20.11,15.89,19.26,24.58,22.75,25.50,30.48,46.57,37.67,33.84,33.21,36.33,33.90,33.12,29.63,26.04,24.88,32.60,26.89,34.89,35.82,35.18,34.39,37.72,32.15,29.77,30.22,21.08,24.30,28.06,30.87,27.95,34.28,38.24,44.22,48.80,33.03,27.09,28.96,25.49,26.63,32.64,32.15,33.29,35.30,37.50,40.89,37.95,31.66,36.70,90.00,76.74,54.10,60.58,31.91,60.00,49.44,50.00,31.00,40.00,59.29,40.00,33.08,55.23,53.03,69.87,64.80,67.25,65.43,52.42,89.25,101.75,78.24,..,..,..,..,..,..,..,..,..,..
Calamansi,..REGION I (ILOCOS REGION),22.29,23.90,24.09,22.09,23.05,24.92,21.75,18.85,16.95,14.75,14.44,23.86,20.91,25.02,25.09,31.60,30.65,27.43,28.81,26.58,21.34,17.36,23.45,25.37,28.22,25.91,29.61,26.97,27.71,29.61,29.33,25.22,19.02,16.24,11.97,15.26,21.26,25.65,23.15,26.48,27.36,26.13,27.50,27.41,26.45,21.21,15.99,15.02,14.34,16.92,31.33,23.01,37.03,31.23,26.61,28.18,26.63,21.15,20.27,15.94,18.24,18.05,19.58,22.39,23.78,19.40,22.75,24.29,22.92,23.45,23.84,21.96,22.71,17.15,15.22,13.69,22.02,20.78,21.53,29.76,27.96,25.94,26.73,25.31,21.67,19.67,17.17,12.42,15.53,23.58,22.27,29.09,25.79,19.63,26.65,26.83,27.75,24.79,17.64,16.54,16.26,18.71,20.39,22.51,22.21,38.11,34.83,32.59,34.12,26.46,25.01,21.99,22.78,23.08,26.30,34.31,28.48,23.89,22.52,33.14,41.46,33.00,33.70,24.02,21.32,21.35,17.71,26.65,33.00,27.65,27.51,25.71,32.33,31.54,31.28,25.61,24.59,23.46,23.06,18.39,22.72,31.17,26.45,33.11,31.96,29.98,38.21,32.80,33.84,28.71,28.84,24.86,23.03,27.36,30.58,30.27,31.78,37.57,38.52,38.40,35.50,34.37,31.30,24.80,26.76,29.61,39.73,44.22,34.38,30.97,37.85,42.75,45.70,40.33,36.65,36.65,31.53,32.62,31.90,35.20,35.55,36.48,33.28,37.68,35.60,16.28,23.14,17.68,31.92,28.78,32.87,46.37,38.99,51.11,32.81,47.08,47.88,52.46,33.10,32.96,33.89,33.18,35.70,39.20,39.35,44.55,52.65,41.00,49.34,42.61,47.01,..,..,..,..,..,..,..,..,..,..
Calamansi,..REGION II (CAGAYAN VALLEY),21.30,22.92,24.29,26.83,31.62,22.35,25.83,14.86,8.11,10.59,6.20,18.25,19.43,19.22,20.81,41.06,35.72,38.10,32.35,31.30,11.58,9.36,14.01,19.71,20.24,24.46,25.14,24.05,42.34,57.76,29.16,21.47,17.19,14.29,14.27,15.40,15.67,17.39,24.51,46.74,37.85,34.10,31.28,31.06,23.55,10.07,7.56,8.51,10.03,16.56,29.23,23.88,32.08,27.79,42.06,35.55,31.64,22.85,17.47,17.83,13.98,14.07,14.55,14.85,23.73,20.08,19.53,37.08,29.57,40.83,36.75,20.74,25.81,21.20,21.58,22.55,36.02,27.65,32.50,34.47,29.07,41.70,31.73,30.18,19.95,27.16,24.71,30.74,9.29,41.09,29.38,46.91,22.68,22.27,33.57,33.17,19.57,16.59,31.78,27.47,29.94,17.25,35.07,28.02,40.03,49.41,37.95,38.81,30.54,22.63,19.32,38.91,33.11,43.69,22.29,40.50,34.77,47.47,19.00,27.75,42.14,36.88,18.89,24.09,40.61,30.85,34.09,16.20,56.44,32.87,24.11,19.59,70.73,35.00,25.49,21.95,20.30,16.63,11.47,11.11,13.65,15.76,23.82,24.00,71.65,52.48,29.59,38.87,36.01,26.10,28.20,19.54,16.39,21.16,27.63,32.64,29.94,40.71,52.40,37.86,30.50,30.60,29.17,22.37,16.02,20.20,24.50,32.46,30.56,31.89,25.48,60.81,51.45,38.86,25.69,29.73,23.66,14.77,22.20,18.70,23.43,30.56,35.60,29.23,29.21,41.65,59.62,46.64,68.78,62.25,42.57,21.40,26.85,13.94,39.81,34.05,28.31,28.67,33.45,36.92,35.00,27.78,30.70,36.86,29.99,28.94,29.27,31.66,42.56,51.60,30.81,..,..,..,..,..,..,..,..,..,..
Calamansi,..REGION III (CENTRAL LUZON),19.80,20.52,18.23,19.47,24.53,19.01,18.58,13.71,10.05,11.50,12.90,18.66,17.25,15.32,22.74,29.75,28.28,28.92,27.33,32.65,15.31,12.45,21.60,26.55,33.56,24.54,26.42,24.73,34.66,38.72,27.95,25.93,20.70,13.07,12.15,20.62,28.51,34.26,25.64,33.72,33.56,29.96,34.76,26.49,25.71,20.50,17.27,18.10,19.88,33.49,39.55,27.75,27.97,26.94,34.72,30.17,26.70,20.52,22.76,20.95,15.83,18.56,24.90,25.21,24.60,18.30,20.47,25.25,26.30,35.93,31.38,22.96,19.86,16.76,20.73,21.91,27.30,23.93,26.54,37.79,27.18,31.82,30.77,29.34,22.78,17.49,9.20,15.53,21.47,30.33,25.02,33.35,25.79,25.00,29.85,30.26,26.42,21.28,15.43,14.22,16.69,19.64,21.04,23.25,28.78,52.17,42.25,39.17,28.82,23.42,25.46,22.46,21.21,27.33,33.98,31.73,31.40,20.91,20.67,29.36,52.18,42.43,24.64,23.82,15.19,12.90,17.85,38.24,53.50,29.31,24.93,28.15,43.73,37.69,30.11,33.20,24.30,24.70,20.67,20.24,24.41,34.38,28.88,28.46,53.90,37.01,50.67,41.30,29.57,28.80,24.69,22.92,25.43,30.96,34.55,34.02,31.52,56.01,58.21,53.24,47.95,43.94,35.26,34.86,28.33,38.28,47.47,51.94,43.92,39.41,44.60,65.02,61.41,43.14,33.89,29.45,30.95,26.88,42.53,40.53,38.90,41.39,44.10,43.12,44.90,30.75,38.51,40.47,40.63,29.56,22.06,24.28,29.53,35.90,35.32,39.77,59.30,58.63,52.44,61.24,63.53,34.20,28.63,25.62,32.98,55.62,59.47,47.62,75.64,71.74,58.77,..,..,..,..,..,..,..,..,..,..
Calamansi,..REGION IV-A (CALABARZON),21.58,25.23,25.12,29.51,26.79,23.45,21.08,13.95,9.50,9.12,10.66,24.83,20.07,20.59,27.45,26.34,37.65,30.99,30.90,28.43,13.02,11.73,19.23,27.30,25.50,24.93,31.51,33.19,38.43,44.93,31.36,20.75,18.91,13.24,11.13,12.83,26.45,30.07,26.07,30.37,32.22,25.66,28.20,28.84,22.69,22.76,13.44,9.20,15.27,24.37,26.20,23.27,30.82,29.03,34.60,27.85,33.90,27.87,28.70,16.46,13.40,10.43,18.40,20.29,24.31,20.35,29.25,34.88,32.78,52.94,37.56,27.32,18.65,11.70,10.63,14.42,24.39,26.24,33.96,30.35,41.16,38.02,37.21,39.19,16.52,18.74,11.13,15.68,16.29,27.87,27.18,40.52,32.76,28.20,35.39,37.46,31.16,23.45,15.36,9.42,12.33,16.94,18.55,25.13,39.85,48.24,44.68,40.06,39.91,27.63,25.81,23.70,15.43,17.71,33.23,34.53,32.57,24.95,25.03,31.09,49.61,47.49,29.98,28.01,19.88,17.85,17.67,31.48,45.20,30.69,33.71,26.13,62.37,38.64,38.68,30.83,21.14,21.58,17.49,22.12,25.34,36.63,31.22,33.84,52.83,39.49,42.04,50.70,34.75,28.31,28.26,23.63,25.19,36.90,33.91,35.82,42.76,44.83,52.95,57.63,43.60,37.87,33.18,33.13,27.20,36.19,48.01,51.59,42.41,40.43,37.10,60.29,61.61,51.27,44.14,32.83,27.21,27.56,34.73,38.97,39.76,41.33,41.33,45.43,43.89,86.17,49.95,44.98,66.89,49.82,43.23,52.30,37.47,31.75,49.44,32.89,45.60,46.41,49.27,56.44,63.64,51.66,47.42,50.93,60.23,71.57,66.38,53.54,57.46,42.19,60.67,..,..,..,..,..,..,..,..,..,..
Calamansi,..MIMAROPA REGION,26.76,28.11,29.16,28.05,32.25,29.35,25.21,19.97,16.29,17.51,16.76,26.77,24.68,25.45,25.55,29.32,35.34,34.26,34.78,37.65,30.57,22.68,23.98,28.72,30.91,29.93,33.35,31.01,35.40,33.77,34.31,30.74,26.34,23.67,24.94,24.03,24.31,28.86,29.23,35.30,33.05,34.09,34.73,36.73,35.00,32.43,28.55,22.62,20.32,23.63,30.77,30.60,36.81,38.97,41.33,44.75,42.81,34.94,25.76,21.59,18.46,17.19,19.59,24.61,30.57,22.99,26.58,33.28,32.80,33.29,35.25,31.02,24.50,22.54,18.53,19.21,30.98,27.58,30.53,36.18,34.91,31.89,38.73,35.59,26.09,24.08,22.87,22.65,29.84,36.05,30.78,41.36,36.01,36.40,37.92,32.72,29.47,34.02,27.22,23.80,25.02,31.61,40.40,33.00,43.09,36.76,49.10,43.94,38.56,41.65,39.63,28.16,23.34,25.83,29.29,41.27,36.72,43.64,38.97,38.69,49.88,47.67,42.91,38.14,30.65,22.96,29.39,37.99,44.91,38.82,42.32,40.87,47.62,46.31,48.03,45.44,35.73,32.90,29.17,28.36,37.42,45.79,40.00,48.05,62.69,46.31,41.25,44.17,45.53,42.33,39.80,30.65,30.01,35.18,35.44,41.78,41.30,43.72,50.96,43.53,45.37,41.15,37.71,35.41,35.71,37.23,41.80,47.66,41.80,53.97,50.86,42.60,54.38,53.37,47.63,44.60,38.30,35.69,35.37,36.63,38.86,44.36,51.39,59.72,52.96,32.94,40.56,40.00,51.77,59.57,32.65,51.11,54.30,56.37,48.61,36.86,41.33,34.20,44.92,46.32,44.70,28.74,25.64,20.96,37.19,49.84,44.98,37.97,59.71,50.36,58.71,..,..,..,..,..,..,..,..,..,..
Calamansi,..REGION V (BICOL REGION),31.94,30.33,39.58,35.97,42.45,46.78,37.67,29.00,19.06,16.49,16.56,24.59,30.87,36.92,37.98,40.93,41.20,40.71,41.12,49.42,32.66,30.24,29.98,32.69,32.23,37.17,41.10,42.66,44.65,55.06,43.53,39.30,37.54,32.14,30.39,30.27,36.89,47.77,40.11,46.62,47.15,49.50,43.98,49.05,47.11,42.78,34.42,17.38,18.13,29.42,43.86,39.12,51.51,46.38,41.77,59.57,55.59,41.77,36.97,30.01,33.02,24.08,38.53,44.01,41.93,43.86,42.05,45.55,48.33,46.59,46.50,54.94,37.93,33.72,25.52,30.42,41.62,41.42,40.86,41.41,42.70,37.65,47.71,49.09,45.97,32.42,15.18,18.72,20.28,36.60,35.72,42.35,46.80,42.89,43.72,43.97,43.62,39.59,41.88,25.31,30.91,37.71,35.76,39.54,29.89,57.07,65.34,55.17,46.93,0.00,0.00,24.33,14.54,20.24,30.90,45.21,38.96,30.17,29.42,42.77,55.49,48.77,0.00,0.00,11.49,7.86,13.68,27.38,53.36,32.04,46.79,40.22,54.93,60.03,54.60,0.00,0.00,25.39,8.28,8.02,23.29,51.68,37.32,57.19,58.52,49.31,47.67,75.22,51.62,44.63,41.87,29.34,24.07,24.84,41.01,45.44,74.13,65.01,58.50,63.39,69.07,68.39,60.33,59.21,56.90,45.34,61.75,79.88,63.49,61.96,58.09,55.53,74.08,73.40,63.35,43.48,43.75,42.92,42.78,48.50,46.22,54.51,59.22,57.93,53.97,48.75,50.00,80.00,55.53,47.84,47.49,30.65,35.73,39.01,50.51,50.33,42.59,43.48,66.73,66.80,67.53,36.82,26.13,30.97,45.02,40.87,52.06,47.44,66.72,67.12,56.03,..,..,..,..,..,..,..,..,..,..
Calamansi,..REGION VI (WESTERN VISAYAS),21.13,22.01,21.57,23.73,25.32,23.27,22.86,21.13,19.11,17.61,17.80,21.76,21.44,24.67,25.62,22.74,23.45,24.55,21.64,22.91,24.12,22.41,21.87,22.89,23.78,23.39,23.29,23.16,22.51,23.63,23.30,22.84,19.72,18.87,18.73,21.79,21.49,22.62,21.83,24.36,22.71,20.32,19.79,21.24,21.36,18.53,16.74,15.84,15.31,27.04,35.64,21.57,36.01,30.35,24.75,28.32,28.19,27.43,19.49,20.22,20.05,21.70,22.90,23.82,25.27,24.18,21.89,22.76,23.30,31.06,31.12,32.45,25.15,20.80,16.71,20.21,28.30,24.83,31.28,23.89,24.61,28.38,30.34,28.65,24.46,22.41,21.86,15.63,15.92,32.24,24.97,30.54,26.83,25.38,26.53,24.10,25.13,20.21,20.34,16.89,15.16,19.77,23.00,22.82,21.91,30.22,28.88,33.31,28.99,28.40,27.31,20.85,16.46,14.89,19.12,26.29,24.72,22.92,27.57,31.94,34.76,36.45,37.54,30.91,24.88,16.84,17.54,25.76,32.34,28.29,27.24,19.81,25.45,28.71,26.35,25.81,23.54,19.46,15.83,17.69,21.74,30.59,23.52,28.01,30.81,26.32,24.18,26.11,24.59,24.35,25.08,23.95,24.23,28.84,28.68,26.26,33.16,45.14,39.06,33.66,28.37,31.38,23.15,25.76,28.86,29.34,34.13,41.46,32.79,40.17,37.02,36.13,53.62,52.23,42.00,38.90,30.53,23.65,28.32,34.85,37.72,37.93,35.80,30.70,43.84,36.18,39.45,46.95,45.61,64.50,104.60,50.26,69.15,111.69,56.56,30.36,35.60,37.43,27.29,33.38,36.80,36.63,29.81,30.86,27.24,42.07,31.94,33.28,33.97,34.28,34.97,..,..,..,..,..,..,..,..,..,..
Calamansi,..NEGROS ISLAND REGION (NIR) 2/,..,..,..,..,..,..,..,..,..,..,..,..,..,..,..,..,..,..,..,..,..,..,..,..,..,..,..,..,..,..,..,..,..,..,..,..,..,..,..,..,..,..,..,..,..,..,..,..,..,..,..,..,..,..,..,..,..,..,..,..,..,..,..,..,..,..,..,..,..,..,..,..,..,..,..,..,..,..,..,..,..,..,..,..,..,..,..,..,..,..,..,..,..,..,..,..,..,..,..,..,..,..,..,..,..,..,..,..,..,..,..,..,..,..,..,..,..,..,..,..,..,..,..,..,..,..,..,..,..,..,..,..,..,..,..,..,..,..,..,..,..,..,..,..,..,..,..,..,..,..,..,..,..,..,..,..,..,..,..,..,..,..,..,..,..,..,..,..,..,..,..,..,..,..,..,..,..,..,..,..,..,..,48.45,55.48,44.69,34.77,56.29,46.04,44.08,55.10,40.00,45.93,60.12,40.00,47.58,40.58,28.48,20.81,46.63,51.17,56.77,39.33,48.13,41.59,48.07,63.38,62.95,45.66,47.80,39.67,48.87,..,..,..,..,..,..,..,..,..,..
Mango Carabao,PHILIPPINES,29.92,26.76,25.40,24.67,24.07,23.05,29.80,31.32,33.02,34.00,36.69,40.29,29.92,35.49,31.27,29.15,28.55,27.15,25.56,25.80,30.34,32.76,29.47,29.34,34.28,29.93,30.40,29.37,28.90,27.62,26.83,26.60,27.40,27.82,28.59,29.41,31.29,30.33,28.71,27.55,26.91,27.41,27.27,25.62,25.32,26.89,28.14,30.49,31.06,33.29,32.33,28.52,30.26,30.61,28.86,28.01,19.41,22.04,28.83,31.30,34.44,34.40,36.52,38.75,30.29,34.33,32.94,32.81,28.66,19.05,19.37,22.16,30.29,33.22,36.07,35.70,40.63,30.44,40.60,36.69,37.14,33.92,28.88,28.65,29.68,36.15,44.56,47.36,48.68,49.30,38.47,54.23,46.13,47.40,43.83,37.92,35.45,38.59,44.51,54.30,56.65,51.93,66.82,48.15,59.10,54.23,55.38,47.83,38.36,37.42,41.54,42.61,42.93,45.20,47.50,53.95,47.17,44.75,44.93,47.37,43.64,29.79,28.20,42.32,47.65,71.93,64.21,61.85,54.05,48.39,49.91,52.49,47.74,41.12,37.93,40.99,43.62,45.95,51.35,53.20,56.83,61.84,48.58,67.29,59.79,54.98,50.03,40.91,45.52,44.60,47.30,49.41,46.97,53.62,61.88,51.86,53.02,49.00,45.44,41.29,40.37,55.67,53.83,55.64,58.00,62.66,66.42,71.10,54.37,61.31,57.56,59.94,58.92,44.90,43.87,48.10,61.02,74.87,68.17,68.38,77.68,60.39,57.90,56.64,55.96,35.36,33.02,35.61,57.38,46.63,55.16,68.11,64.74,76.38,53.58,70.51,70.41,61.06,55.03,58.83,62.12,49.58,55.25,54.80,55.57,55.70,66.61,59.62,62.94,54.00,72.71,..,..,..,..,..,..,..,..,..,..
Mango Carabao,..CORDILLERA ADMINISTRATIVE REGION (CAR),18.85,19.02,19.45,24.86,22.21,24.44,35.39,0.00,0.00,0.00,0.00,0.00,23.46,19.21,18.66,20.19,21.49,25.48,27.38,30.00,0.00,0.00,0.00,0.00,0.00,23.20,20.80,19.00,20.36,23.27,24.74,28.48,0.00,0.00,0.00,0.00,0.00,0.00,22.78,24.27,20.69,19.89,23.34,23.57,23.75,0.00,0.00,0.00,0.00,0.00,0.00,22.59,22.61,21.44,19.11,21.78,20.67,17.63,0.00,0.00,0.00,0.00,0.00,0.00,20.54,27.38,29.73,21.35,16.10,15.12,19.53,0.00,0.00,0.00,0.00,0.00,0.00,21.54,32.07,19.68,30.72,29.45,24.48,27.97,26.28,0.00,0.00,0.00,0.00,0.00,27.24,25.80,27.83,28.12,28.05,28.64,31.41,28.28,0.00,0.00,0.00,0.00,0.00,28.30,30.29,26.62,34.64,32.64,32.06,46.80,55.41,69.20,0.00,0.00,0.00,0.00,40.96,32.62,39.53,39.21,39.32,37.62,33.59,30.00,0.00,0.00,0.00,0.00,0.00,35.98,19.88,33.68,23.12,20.78,32.44,36.04,0.00,0.00,0.00,0.00,0.00,0.00,27.66,51.79,60.53,32.77,45.19,33.84,48.41,65.86,0.00,0.00,0.00,0.00,0.00,48.34,35.55,32.58,36.08,39.76,35.96,44.26,36.44,0.00,0.00,0.00,0.00,0.00,37.23,55.02,49.11,63.44,50.47,36.72,56.73,43.42,0.00,0.00,0.00,0.00,0.00,50.70,60.00,50.00,50.00,31.25,20.85,40.00,0.00,0.00,0.00,0.00,0.00,0.00,42.02,70.00,60.00,60.00,100.00,60.00,51.67,0.00,100.00,0.00,0.00,0.00,0.00,71.67,0.00,0.00,65.00,..,..,..,..,..,..,..,..,..,..
Mango Carabao,..REGION I (ILOCOS REGION),38.56,29.87,30.39,24.51,23.22,35.11,55.79,0.00,0.00,0.00,44.92,46.45,36.54,41.22,33.42,29.00,26.00,21.84,26.73,25.57,0.00,0.00,0.00,0.00,50.41,31.77,35.60,31.21,32.09,30.63,33.06,32.39,36.97,0.00,0.00,0.00,50.35,33.88,35.13,28.17,24.47,25.43,25.10,24.10,25.67,25.69,0.00,0.00,0.00,54.23,41.04,30.43,28.85,24.03,25.62,21.85,14.71,22.75,33.33,0.00,0.00,0.00,52.43,55.55,31.01,34.32,31.70,34.30,32.34,19.74,25.07,0.00,0.00,0.00,0.00,0.00,46.07,31.93,48.02,39.91,41.05,35.72,25.69,27.99,41.53,0.00,0.00,0.00,69.05,55.29,42.69,55.17,34.06,39.76,43.97,37.29,34.63,45.19,44.37,0.00,0.00,71.50,75.09,48.10,63.51,64.23,49.48,41.30,35.74,54.98,69.15,0.00,0.00,80.96,86.39,68.11,61.39,48.31,60.27,53.80,54.37,25.56,30.16,42.30,0.00,0.00,0.00,89.95,47.14,50.21,64.15,55.01,55.91,42.63,28.03,30.10,0.00,32.59,0.00,0.00,94.07,81.58,53.79,70.85,67.29,69.27,51.48,36.79,72.18,0.00,56.56,0.00,0.00,70.00,62.05,61.83,64.08,48.94,42.91,39.14,31.58,51.52,0.00,60.00,0.00,0.00,0.00,64.90,50.38,75.92,60.43,49.95,47.70,30.56,23.35,23.35,0.00,0.00,0.00,0.00,80.00,48.91,58.33,55.72,61.39,34.52,20.60,25.88,62.01,0.00,40.00,135.00,113.33,110.00,65.16,76.06,61.78,57.04,61.70,85.10,52.50,75.00,80.00,20.00,95.00,110.00,77.13,70.94,52.17,50.26,49.95,..,..,..,..,..,..,..,..,..,..
Mango Carabao,..REGION II (CAGAYAN VALLEY),0.00,0.00,21.66,16.09,13.68,15.89,24.89,0.00,0.00,0.00,0.00,0.00,18.44,0.00,0.00,18.72,19.43,17.72,18.24,19.31,0.00,0.00,0.00,0.00,0.00,18.68,0.00,0.00,20.78,18.68,26.36,19.39,0.00,0.00,0.00,0.00,0.00,0.00,21.30,0.00,0.00,19.28,17.89,16.92,18.49,0.00,0.00,0.00,0.00,0.00,0.00,18.15,0.00,0.00,22.67,16.34,11.77,15.24,0.00,0.00,0.00,0.00,0.00,0.00,16.51,0.00,0.00,0.00,19.06,11.38,11.01,0.00,0.00,0.00,0.00,0.00,0.00,13.82,0.00,0.00,0.00,23.52,17.13,25.54,0.00,0.00,0.00,0.00,0.00,0.00,22.06,0.00,0.00,0.00,19.02,31.87,25.75,0.00,0.00,0.00,0.00,0.00,0.00,25.55,0.00,0.00,0.00,34.09,29.26,31.06,0.00,0.00,0.00,0.00,0.00,0.00,31.47,0.00,0.00,0.00,55.05,30.39,26.03,0.00,0.00,0.00,0.00,0.00,0.00,37.16,0.00,0.00,0.00,31.54,28.95,25.42,0.00,0.00,0.00,0.00,0.00,0.00,28.64,0.00,0.00,0.00,53.50,38.08,37.93,38.86,0.00,0.00,0.00,0.00,0.00,42.09,0.00,0.00,0.00,29.78,35.94,59.62,53.88,0.00,0.00,0.00,0.00,0.00,44.81,0.00,0.00,0.00,26.07,23.50,31.81,0.00,0.00,0.00,0.00,0.00,0.00,27.13,0.00,100.00,0.00,21.94,22.58,30.75,0.00,0.00,0.00,120.00,0.00,0.00,59.05,0.00,95.00,0.00,37.22,42.52,24.56,25.11,20.00,0.00,130.00,0.00,0.00,53.49,0.00,86.67,15.00,..,..,..,..,..,..,..,..,..,..
Mango Carabao,..REGION III (CENTRAL LUZON),28.46,21.06,25.58,25.67,25.22,24.30,40.55,0.00,0.00,0.00,0.00,56.52,30.92,49.56,30.92,22.76,20.99,23.29,22.45,0.00,0.00,0.00,0.00,0.00,49.38,31.34,39.10,27.88,25.20,23.49,24.91,29.50,0.00,0.00,0.00,0.00,0.00,35.21,29.33,22.86,23.50,23.70,23.98,23.56,26.77,0.00,0.00,0.00,0.00,0.00,40.37,26.39,28.28,27.28,26.62,27.37,15.82,25.42,0.00,0.00,0.00,0.00,0.00,55.91,29.53,40.16,38.58,30.39,25.01,16.25,24.92,0.00,0.00,0.00,0.00,0.00,64.25,34.22,57.16,38.52,36.59,35.12,28.34,28.70,0.00,0.00,0.00,0.00,0.00,0.00,37.41,63.05,50.72,50.02,44.85,35.76,35.92,18.42,19.83,0.00,0.00,0.00,122.14,48.97,102.35,77.97,75.45,67.02,48.10,47.42,32.00,36.00,0.00,0.00,0.00,129.45,68.42,88.42,55.74,54.93,50.51,33.09,20.34,0.00,0.00,0.00,0.00,0.00,80.42,54.78,66.20,70.28,59.85,46.15,32.34,56.90,0.00,0.00,0.00,0.00,0.00,84.53,59.46,77.19,69.86,56.05,58.78,49.73,51.50,33.44,0.00,0.00,0.00,0.00,75.13,58.96,55.68,56.69,52.27,43.32,38.55,89.18,0.00,0.00,0.00,0.00,60.00,64.03,57.47,61.02,60.90,62.38,59.53,43.15,47.16,0.00,0.00,0.00,0.00,0.00,93.82,61.14,65.03,63.17,66.14,40.01,59.40,49.35,40.00,50.00,55.00,76.64,84.98,99.86,62.46,64.82,81.61,61.82,47.04,44.54,49.33,31.70,40.00,0.00,45.00,80.00,79.96,56.89,81.35,55.00,57.46,..,..,..,..,..,..,..,..,..,..
Mango Carabao,..REGION IV-A (CALABARZON),0.00,21.39,24.37,21.47,20.53,20.33,20.26,0.00,0.00,0.00,0.00,0.00,21.39,0.00,17.00,22.00,20.51,16.77,19.40,0.00,0.00,0.00,0.00,0.00,0.00,19.14,0.00,35.67,31.55,22.91,24.24,28.34,0.00,0.00,0.00,0.00,0.00,0.00,28.54,23.16,19.73,21.92,18.93,20.17,21.01,0.00,0.00,0.00,0.00,0.00,0.00,20.82,0.00,32.23,27.67,24.96,16.57,17.75,0.00,0.00,0.00,0.00,0.00,0.00,23.84,0.00,34.30,37.38,26.43,19.42,19.89,0.00,0.00,0.00,0.00,0.00,0.00,27.48,30.00,32.42,33.50,34.62,34.13,26.19,0.00,0.00,0.00,0.00,0.00,0.00,31.81,0.00,44.08,48.34,38.09,31.18,27.50,0.00,0.00,0.00,0.00,0.00,0.00,37.84,0.00,0.00,55.09,46.31,30.87,24.33,0.00,0.00,0.00,0.00,0.00,0.00,39.15,0.00,63.10,55.58,48.28,32.76,29.64,0.00,0.00,0.00,0.00,0.00,0.00,45.87,60.00,0.00,58.72,64.09,36.92,38.90,0.00,0.00,0.00,0.00,0.00,26.00,47.44,94.18,0.00,64.47,51.57,41.10,47.52,45.93,0.00,0.00,0.00,0.00,0.00,57.46,0.00,0.00,35.23,39.23,38.01,48.22,38.48,30.00,0.00,0.00,0.00,0.00,38.20,0.00,0.00,59.29,63.80,32.89,25.86,47.91,0.00,0.00,0.00,0.00,0.00,45.95,32.50,54.33,55.95,25.00,35.00,22.29,50.00,44.00,50.00,104.10,30.00,130.00,52.76,75.00,57.04,40.00,38.81,52.92,50.07,29.78,0.00,19.97,147.50,0.00,127.50,63.86,64.50,66.52,64.97,..,..,..,..,..,..,..,..,..,..
Mango Carabao,..MIMAROPA REGION,0.00,18.87,22.70,24.46,23.68,13.89,16.44,14.43,0.00,23.42,22.65,30.91,21.15,0.00,26.35,27.51,29.02,29.35,17.68,16.96,0.00,0.00,23.81,20.41,24.12,23.91,36.57,34.95,33.38,31.06,29.66,26.76,30.70,0.00,0.00,29.27,28.02,29.00,30.94,32.29,27.78,34.87,32.35,28.99,19.44,18.41,0.00,0.00,20.68,22.77,29.89,26.75,39.22,37.52,28.36,27.77,21.10,13.17,16.95,0.00,0.00,30.44,38.37,34.62,28.75,40.94,39.44,42.57,37.89,21.77,16.40,19.58,25.96,0.00,30.01,28.91,31.53,30.45,39.82,32.33,35.83,36.25,37.35,23.38,21.84,0.00,0.00,30.50,40.02,39.57,33.69,39.98,39.54,41.10,40.41,35.15,25.17,25.09,0.00,0.00,58.42,57.30,56.58,41.87,52.71,49.01,42.70,37.52,30.41,33.86,40.47,0.00,0.00,46.38,55.23,53.11,44.14,47.42,37.58,52.24,45.07,32.54,26.76,27.82,0.00,0.00,66.03,74.01,70.67,48.01,0.00,70.00,70.65,50.25,42.83,43.40,34.95,0.00,0.00,38.18,48.11,64.07,51.38,0.00,60.68,49.42,43.09,41.97,43.36,33.90,0.00,0.00,46.63,39.73,52.62,45.71,77.27,52.36,44.83,34.58,36.41,42.59,0.00,0.00,0.00,77.96,85.25,80.62,59.10,0.00,51.84,58.81,58.41,48.29,42.42,0.00,0.00,0.00,55.76,50.10,52.36,52.25,58.33,60.00,63.39,32.38,74.88,31.68,59.96,11.85,5.41,0.00,0.00,0.00,44.21,77.00,70.00,53.03,90.00,55.21,51.19,56.55,50.00,50.00,149.68,110.82,60.00,72.79,37.00,52.09,45.49,..,..,..,..,..,..,..,..,..,..
Mango Carabao,..REGION V (BICOL REGION),0.00,0.00,0.00,22.98,23.61,18.21,27.86,0.00,0.00,0.00,50.00,70.00,35.44,0.00,0.00,0.00,35.00,36.59,27.40,22.73,0.00,0.00,0.00,0.00,0.00,30.43,0.00,0.00,0.00,40.11,24.83,20.96,21.20,0.00,0.00,0.00,0.00,0.00,26.78,0.00,0.00,0.00,24.18,22.65,24.85,24.07,0.00,0.00,0.00,0.00,0.00,23.94,0.00,0.00,0.00,28.10,18.67,24.28,0.00,0.00,0.00,0.00,0.00,0.00,23.68,0.00,0.00,0.00,28.88,19.51,18.65,21.76,0.00,0.00,0.00,0.00,0.00,22.20,0.00,0.00,31.13,24.10,25.30,22.75,0.00,0.00,0.00,0.00,0.00,0.00,25.82,0.00,0.00,0.00,44.50,33.24,24.23,23.95,31.00,0.00,0.00,0.00,0.00,31.38,0.00,0.00,0.00,55.82,40.61,23.34,0.00,0.00,0.00,0.00,0.00,0.00,39.92,0.00,0.00,0.00,30.95,25.14,21.02,0.00,0.00,0.00,0.00,0.00,0.00,25.70,0.00,0.00,0.00,0.00,0.00,42.51,0.00,0.00,0.00,0.00,0.00,0.00,42.51,0.00,0.00,0.00,30.52,25.17,26.08,0.00,0.00,0.00,0.00,0.00,0.00,27.26,0.00,0.00,0.00,29.80,36.92,28.79,0.00,0.00,0.00,0.00,0.00,0.00,31.84,0.00,0.00,0.00,82.96,46.04,42.10,0.00,0.00,0.00,0.00,0.00,0.00,57.03,23.00,20.00,14.73,40.03,25.00,59.67,65.44,30.00,51.50,74.00,0.00,0.00,40.34,0.00,0.00,60.00,0.00,43.40,38.08,66.18,65.96,50.00,35.00,0.00,0.00,51.23,0.00,0.00,100.00,..,..,..,..,..,..,..,..,..,..
Mango Carabao,..REGION VI (WESTERN VISAYAS),44.13,38.58,33.47,33.81,32.36,33.49,38.12,45.10,41.10,49.77,52.10,44.10,40.51,50.48,47.87,39.47,37.76,33.09,34.12,40.15,43.34,55.07,50.12,47.55,48.25,43.94,39.82,37.32,38.24,34.91,33.67,36.94,38.16,37.51,43.42,41.25,44.65,43.16,39.09,36.66,34.87,36.24,38.36,36.78,37.88,42.62,40.47,44.87,49.61,49.22,43.73,40.94,40.81,37.70,40.09,41.86,32.53,35.22,41.30,40.31,41.32,52.14,49.54,51.33,42.01,43.41,40.55,38.77,37.32,26.17,29.14,37.41,43.28,45.21,54.03,54.50,54.58,42.03,44.86,47.05,45.49,43.00,45.59,39.63,39.50,49.40,50.07,62.80,56.39,57.29,48.42,68.50,64.84,62.88,62.50,49.85,50.90,55.92,61.77,69.51,75.76,72.15,79.62,64.52,75.11,76.03,82.21,76.48,62.73,58.43,67.20,55.64,68.69,68.06,68.47,66.92,68.83,66.83,61.99,69.02,65.43,32.00,37.88,80.60,80.16,129.81,116.69,126.31,85.65,79.36,79.84,96.66,65.90,56.56,63.36,65.79,70.20,87.13,85.50,108.46,95.55,90.78,80.48,105.12,106.12,101.03,82.30,63.05,70.62,76.12,72.75,88.10,97.20,110.61,107.70,90.06,104.09,94.65,72.01,63.69,51.55,86.34,120.40,123.82,123.35,123.52,106.52,125.55,99.62,119.54,109.68,100.46,119.12,81.12,73.04,86.47,117.22,156.07,145.78,140.29,164.07,117.74,110.00,103.02,75.49,70.88,68.59,83.97,54.98,57.50,60.00,54.98,0.00,0.00,73.94,45.00,76.66,85.00,76.33,94.34,88.51,114.79,101.99,127.50,75.00,89.47,117.50,91.01,66.18,68.72,157.37,..,..,..,..,..,..,..,..,..,..
Mango Carabao,..NEGROS ISLAND REGION (NIR) 2/,..,..,..,..,..,..,..,..,..,..,..,..,..,..,..,..,..,..,..,..,..,..,..,..,..,..,..,..,..,..,..,..,..,..,..,..,..,..,..,..,..,..,..,..,..,..,..,..,..,..,..,..,..,..,..,..,..,..,..,..,..,..,..,..,..,..,..,..,..,..,..,..,..,..,..,..,..,..,..,..,..,..,..,..,..,..,..,..,..,..,..,..,..,..,..,..,..,..,..,..,..,..,..,..,..,..,..,..,..,..,..,..,..,..,..,..,..,..,..,..,..,..,..,..,..,..,..,..,..,..,..,..,..,..,..,..,..,..,..,..,..,..,..,..,..,..,..,..,..,..,..,..,..,..,..,..,..,..,..,..,..,..,..,..,..,..,..,..,..,..,..,..,..,..,..,..,..,..,..,..,..,..,0.00,0.00,82.40,33.65,38.05,43.01,80.00,100.00,80.00,80.00,100.00,0.00,70.79,50.00,50.00,75.00,50.00,60.00,60.00,43.33,59.22,75.00,60.00,0.00,100.00,62.05,50.00,0.00,79.89,..,..,..,..,..,..,..,..,..,..
Mango Piko,PHILIPPINES,19.72,18.42,18.60,19.59,18.96,18.09,20.70,19.54,19.35,17.30,17.05,19.01,18.86,31.45,22.55,20.34,19.62,19.35,19.80,21.09,15.81,21.79,13.59,13.43,13.73,19.38,27.70,23.63,24.77,18.60,20.93,22.17,19.35,20.94,18.15,17.29,17.39,24.44,21.28,22.12,20.43,20.34,20.73,18.91,16.89,14.43,16.07,0.00,23.53,0.00,30.52,20.40,22.99,24.17,23.80,26.68,14.39,18.08,14.48,18.16,15.10,0.00,0.00,28.97,20.68,29.58,30.28,30.97,25.01,14.02,12.36,9.19,0.00,0.00,0.00,0.00,23.71,21.89,30.77,25.94,29.62,28.31,25.05,17.16,15.27,0.00,0.00,0.00,0.00,38.33,26.31,29.63,31.66,32.97,33.34,25.14,21.17,20.37,17.24,0.00,0.00,0.00,35.70,27.47,38.15,38.01,40.16,31.20,23.46,24.78,22.63,32.00,0.00,0.00,0.00,0.00,31.30,45.15,31.41,36.27,32.67,20.79,18.25,26.20,0.00,0.00,0.00,0.00,0.00,30.11,0.00,52.17,50.91,45.55,28.36,30.28,27.90,0.00,0.00,0.00,0.00,0.00,39.20,0.00,53.57,46.94,44.13,35.74,42.02,28.65,0.00,33.75,0.00,0.00,0.00,40.69,48.92,52.51,40.24,33.97,29.52,50.35,31.28,25.00,0.00,0.00,48.50,41.50,40.18,40.50,40.12,45.23,43.11,36.99,35.12,29.96,39.55,0.00,0.00,0.00,0.00,38.82,37.72,42.48,46.46,32.61,22.72,57.05,22.05,30.08,40.45,46.70,32.66,45.45,38.04,52.48,49.48,42.91,58.20,44.95,47.98,56.10,33.85,29.62,36.20,36.39,47.18,44.61,54.97,55.53,44.72,..,..,..,..,..,..,..,..,..,..
Mango Piko,..CORDILLERA ADMINISTRATIVE REGION (CAR),0.00,0.00,0.00,0.00,0.00,0.00,0.00,0.00,0.00,0.00,0.00,0.00,0.00,0.00,0.00,0.00,0.00,0.00,0.00,0.00,0.00,0.00,0.00,0.00,0.00,0.00,0.00,0.00,0.00,0.00,0.00,0.00,0.00,0.00,0.00,0.00,0.00,0.00,0.00,0.00,0.00,0.00,0.00,0.00,0.00,0.00,0.00,0.00,0.00,0.00,0.00,0.00,0.00,0.00,0.00,0.00,0.00,0.00,0.00,0.00,0.00,0.00,0.00,0.00,0.00,0.00,0.00,0.00,0.00,0.00,0.00,0.00,0.00,0.00,0.00,0.00,0.00,0.00,0.00,0.00,0.00,0.00,0.00,0.00,0.00,0.00,0.00,0.00,0.00,0.00,0.00,0.00,0.00,0.00,0.00,0.00,0.00,0.00,0.00,0.00,0.00,0.00,0.00,0.00,0.00,0.00,0.00,0.00,0.00,0.00,0.00,0.00,0.00,0.00,0.00,0.00,0.00,0.00,0.00,0.00,0.00,0.00,0.00,0.00,0.00,0.00,0.00,0.00,0.00,0.00,0.00,0.00,0.00,0.00,0.00,0.00,0.00,0.00,0.00,0.00,0.00,0.00,0.00,0.00,0.00,0.00,0.00,0.00,0.00,0.00,0.00,0.00,0.00,0.00,0.00,0.00,0.00,0.00,0.00,0.00,0.00,0.00,0.00,0.00,0.00,0.00,0.00,0.00,0.00,0.00,0.00,0.00,0.00,0.00,0.00,0.00,0.00,0.00,0.00,0.00,0.00,0.00,0.00,0.00,0.00,0.00,0.00,0.00,0.00,0.00,0.00,0.00,0.00,0.00,0.00,0.00,0.00,0.00,0.00,0.00,0.00,0.00,0.00,0.00,0.00,0.00,0.00,0.00,0.00,0.00,0.00,..,..,..,..,..,..,..,..,..,..
Mango Piko,..REGION I (ILOCOS REGION),0.00,0.00,0.00,0.00,0.00,0.00,0.00,0.00,0.00,0.00,0.00,0.00,0.00,0.00,0.00,0.00,0.00,0.00,0.00,0.00,0.00,0.00,0.00,0.00,0.00,0.00,0.00,0.00,0.00,0.00,0.00,0.00,0.00,0.00,0.00,0.00,0.00,0.00,0.00,0.00,0.00,0.00,0.00,0.00,0.00,0.00,0.00,0.00,0.00,0.00,0.00,0.00,0.00,0.00,0.00,0.00,0.00,0.00,0.00,0.00,0.00,0.00,0.00,0.00,0.00,0.00,0.00,0.00,0.00,0.00,0.00,0.00,0.00,0.00,0.00,0.00,0.00,0.00,0.00,0.00,0.00,0.00,0.00,0.00,0.00,0.00,0.00,0.00,0.00,0.00,0.00,0.00,0.00,0.00,0.00,0.00,0.00,0.00,0.00,0.00,0.00,0.00,0.00,0.00,0.00,0.00,0.00,0.00,0.00,0.00,0.00,0.00,0.00,0.00,0.00,0.00,0.00,0.00,0.00,0.00,0.00,0.00,0.00,0.00,0.00,0.00,0.00,0.00,0.00,0.00,0.00,0.00,0.00,0.00,0.00,0.00,0.00,0.00,0.00,0.00,0.00,0.00,0.00,0.00,0.00,0.00,0.00,0.00,0.00,0.00,0.00,0.00,0.00,0.00,0.00,0.00,0.00,0.00,0.00,0.00,0.00,0.00,0.00,0.00,0.00,0.00,0.00,0.00,0.00,0.00,0.00,0.00,0.00,0.00,0.00,0.00,0.00,0.00,0.00,0.00,0.00,0.00,45.00,50.00,60.00,24.54,8.00,0.00,0.00,0.00,25.00,0.00,0.00,0.00,35.42,60.00,60.00,65.00,20.00,20.00,20.00,0.00,0.00,25.00,25.00,25.00,25.00,34.50,50.00,50.00,42.70,..,..,..,..,..,..,..,..,..,..
Mango Piko,..REGION II (CAGAYAN VALLEY),0.00,0.00,0.00,0.00,0.00,0.00,0.00,0.00,0.00,0.00,0.00,0.00,0.00,0.00,0.00,0.00,0.00,0.00,0.00,0.00,0.00,0.00,0.00,0.00,0.00,0.00,0.00,0.00,0.00,0.00,0.00,0.00,0.00,0.00,0.00,0.00,0.00,0.00,0.00,0.00,0.00,0.00,0.00,0.00,0.00,0.00,0.00,0.00,0.00,0.00,0.00,0.00,0.00,0.00,0.00,0.00,0.00,0.00,0.00,0.00,0.00,0.00,0.00,0.00,0.00,0.00,0.00,0.00,0.00,0.00,0.00,0.00,0.00,0.00,0.00,0.00,0.00,0.00,0.00,0.00,0.00,0.00,0.00,0.00,0.00,0.00,0.00,0.00,0.00,0.00,0.00,0.00,0.00,0.00,0.00,0.00,0.00,0.00,0.00,0.00,0.00,0.00,0.00,0.00,0.00,0.00,0.00,0.00,0.00,0.00,0.00,0.00,0.00,0.00,0.00,0.00,0.00,0.00,0.00,0.00,0.00,0.00,0.00,0.00,0.00,0.00,0.00,0.00,0.00,0.00,0.00,0.00,0.00,0.00,0.00,0.00,0.00,0.00,0.00,0.00,0.00,0.00,0.00,0.00,0.00,0.00,0.00,0.00,0.00,0.00,0.00,0.00,0.00,0.00,0.00,0.00,0.00,0.00,0.00,0.00,0.00,0.00,0.00,0.00,0.00,0.00,0.00,0.00,0.00,0.00,0.00,0.00,0.00,0.00,0.00,0.00,0.00,0.00,0.00,0.00,0.00,0.00,0.00,0.00,0.00,0.00,0.00,30.00,0.00,0.00,0.00,0.00,0.00,0.00,30.00,0.00,0.00,0.00,0.00,50.00,0.00,0.00,0.00,0.00,0.00,0.00,0.00,50.00,0.00,0.00,0.00,..,..,..,..,..,..,..,..,..,..
Mango Piko,..REGION III (CENTRAL LUZON),27.71,20.91,21.84,22.92,23.56,24.98,35.27,0.00,0.00,0.00,0.00,0.00,25.31,58.20,25.80,21.82,19.79,21.52,28.82,0.00,0.00,0.00,0.00,0.00,0.00,29.33,41.29,22.95,23.12,20.63,24.39,29.69,0.00,0.00,0.00,0.00,0.00,0.00,27.01,20.39,19.33,19.75,21.16,22.54,20.14,0.00,0.00,0.00,0.00,0.00,40.00,23.33,17.78,21.95,21.23,26.74,16.08,18.98,0.00,0.00,0.00,0.00,0.00,0.00,20.46,36.81,29.20,28.38,22.18,15.32,19.63,0.00,0.00,0.00,0.00,0.00,0.00,25.25,0.00,24.52,29.80,30.17,27.41,23.25,0.00,0.00,0.00,0.00,0.00,0.00,27.03,0.00,32.91,34.07,30.36,27.24,23.13,14.22,17.24,0.00,0.00,0.00,0.00,25.60,0.00,35.40,48.43,35.59,28.64,31.67,28.00,32.00,0.00,0.00,0.00,0.00,34.25,0.00,31.70,36.35,32.64,18.45,15.41,0.00,0.00,0.00,0.00,0.00,0.00,26.91,0.00,40.59,39.77,39.19,26.94,31.26,0.00,0.00,0.00,0.00,0.00,0.00,35.55,0.00,69.00,51.26,47.51,44.98,51.25,25.00,0.00,33.75,0.00,0.00,0.00,46.11,0.00,67.01,51.37,38.30,30.56,74.51,0.00,0.00,0.00,0.00,60.00,50.00,53.11,46.00,39.94,49.06,40.93,34.45,39.58,0.00,0.00,0.00,0.00,0.00,0.00,41.66,50.00,39.51,49.58,45.59,37.28,39.88,35.00,40.00,45.00,35.70,35.70,35.70,40.75,50.00,50.00,42.68,28.76,35.48,0.00,40.00,40.00,40.00,38.50,38.50,38.50,40.22,49.08,50.87,49.66,..,..,..,..,..,..,..,..,..,..
Mango Piko,..REGION IV-A (CALABARZON),22.79,17.01,20.28,18.04,16.18,15.91,18.12,0.00,0.00,0.00,0.00,0.00,18.33,20.27,11.81,14.56,15.54,12.32,14.32,0.00,0.00,0.00,0.00,0.00,0.00,14.80,22.54,28.03,26.60,17.17,18.52,21.72,0.00,0.00,0.00,0.00,0.00,0.00,22.43,17.15,14.65,15.16,13.52,14.70,15.47,14.06,16.07,0.00,0.00,0.00,0.00,15.10,25.15,17.43,19.49,23.04,14.32,21.17,0.00,0.00,0.00,0.00,0.00,0.00,20.10,0.00,27.81,32.37,22.59,14.41,14.27,0.00,0.00,0.00,0.00,0.00,0.00,22.29,25.00,25.00,0.00,29.62,20.70,17.03,0.00,0.00,0.00,0.00,0.00,0.00,23.47,0.00,0.00,38.00,34.06,26.37,21.81,0.00,0.00,0.00,0.00,0.00,0.00,30.06,0.00,0.00,37.40,42.16,23.88,19.72,0.00,0.00,0.00,0.00,0.00,0.00,30.79,0.00,0.00,36.00,32.80,21.90,23.03,0.00,0.00,0.00,0.00,0.00,0.00,28.43,0.00,0.00,49.97,46.49,30.90,28.19,0.00,0.00,0.00,0.00,0.00,0.00,38.89,0.00,0.00,50.00,45.49,31.47,41.88,35.48,0.00,0.00,0.00,0.00,0.00,40.86,20.56,50.00,38.03,34.61,30.15,39.98,31.28,25.00,0.00,0.00,37.00,33.00,33.96,35.00,0.00,45.75,49.14,33.19,26.67,25.56,39.55,0.00,0.00,0.00,0.00,36.41,35.42,53.40,50.83,50.00,27.50,23.50,29.84,50.00,40.00,130.00,30.00,82.00,50.21,0.00,0.00,60.00,40.00,50.27,47.48,43.01,25.00,23.06,127.50,0.00,107.50,58.20,47.00,80.75,46.83,..,..,..,..,..,..,..,..,..,..
Mango Piko,..MIMAROPA REGION,0.00,24.36,21.68,22.90,24.54,0.00,0.00,0.00,0.00,0.00,0.00,0.00,23.37,0.00,35.02,28.02,28.48,28.91,0.00,0.00,0.00,0.00,0.00,0.00,0.00,30.11,31.47,29.50,28.67,22.16,24.17,0.00,0.00,0.00,0.00,0.00,0.00,30.98,27.83,28.83,27.32,26.29,25.43,23.75,0.00,0.00,0.00,0.00,0.00,0.00,36.78,28.07,34.53,33.13,30.69,30.27,22.19,0.00,0.00,0.00,0.00,0.00,0.00,35.47,31.05,35.02,33.82,32.16,30.25,24.78,0.00,0.00,0.00,0.00,0.00,0.00,0.00,31.21,36.53,28.29,34.90,38.73,43.96,0.00,0.00,0.00,0.00,0.00,0.00,36.65,36.51,32.87,30.41,26.84,35.60,27.91,0.00,0.00,0.00,0.00,0.00,0.00,0.00,30.73,38.15,40.61,35.76,29.34,22.79,29.98,0.00,0.00,0.00,0.00,0.00,0.00,32.77,45.15,31.12,36.46,32.57,26.86,21.70,26.20,0.00,0.00,0.00,0.00,0.00,31.44,0.00,63.75,62.99,50.98,36.47,40.33,33.92,0.00,0.00,0.00,0.00,0.00,48.07,0.00,38.13,39.57,39.40,30.76,32.93,25.48,0.00,0.00,0.00,0.00,0.00,34.38,77.27,40.52,31.32,29.00,27.85,36.56,0.00,0.00,0.00,0.00,0.00,0.00,40.42,0.00,40.43,40.87,39.27,33.35,44.25,0.00,0.00,0.00,0.00,0.00,0.00,39.63,70.00,70.00,59.78,25.00,22.12,52.45,50.00,0.00,0.00,0.00,0.00,0.00,49.91,80.00,44.56,47.50,61.16,50.00,35.00,57.50,50.00,0.00,50.00,0.00,0.00,52.86,80.00,50.02,71.19,..,..,..,..,..,..,..,..,..,..
Mango Piko,..REGION V (BICOL REGION),0.00,0.00,0.00,0.00,0.00,0.00,0.00,0.00,0.00,0.00,0.00,0.00,0.00,0.00,0.00,0.00,0.00,0.00,0.00,0.00,0.00,0.00,0.00,0.00,0.00,0.00,0.00,0.00,0.00,0.00,0.00,0.00,0.00,0.00,0.00,0.00,0.00,0.00,0.00,0.00,0.00,0.00,0.00,0.00,0.00,0.00,0.00,0.00,0.00,0.00,0.00,0.00,0.00,0.00,0.00,0.00,0.00,0.00,0.00,0.00,0.00,0.00,0.00,0.00,0.00,0.00,0.00,0.00,0.00,0.00,0.00,0.00,0.00,0.00,0.00,0.00,0.00,0.00,0.00,0.00,0.00,0.00,0.00,0.00,0.00,0.00,0.00,0.00,0.00,0.00,0.00,0.00,0.00,0.00,0.00,0.00,0.00,0.00,0.00,0.00,0.00,0.00,0.00,0.00,0.00,0.00,0.00,0.00,0.00,0.00,0.00,0.00,0.00,0.00,0.00,0.00,0.00,0.00,0.00,0.00,0.00,0.00,0.00,0.00,0.00,0.00,0.00,0.00,0.00,0.00,0.00,0.00,0.00,0.00,0.00,0.00,0.00,0.00,0.00,0.00,0.00,0.00,0.00,0.00,0.00,0.00,0.00,0.00,0.00,0.00,0.00,0.00,0.00,0.00,0.00,0.00,0.00,0.00,0.00,0.00,0.00,0.00,0.00,0.00,0.00,0.00,0.00,0.00,0.00,0.00,0.00,0.00,0.00,0.00,0.00,0.00,0.00,0.00,0.00,0.00,0.00,0.00,0.00,0.00,0.00,38.00,15.91,23.57,30.28,40.00,30.00,37.50,0.00,0.00,30.75,0.00,0.00,40.00,0.00,0.00,53.65,30.00,53.89,70.00,0.00,0.00,0.00,49.51,50.00,50.00,50.00,..,..,..,..,..,..,..,..,..,..
Mango Piko,..REGION VI (WESTERN VISAYAS),0.00,0.00,0.00,0.00,0.00,0.00,0.00,0.00,0.00,0.00,0.00,0.00,0.00,0.00,0.00,0.00,0.00,0.00,0.00,0.00,0.00,0.00,0.00,0.00,0.00,0.00,0.00,0.00,0.00,0.00,0.00,0.00,0.00,0.00,0.00,0.00,0.00,0.00,0.00,0.00,0.00,0.00,0.00,0.00,0.00,0.00,0.00,0.00,0.00,0.00,0.00,0.00,0.00,0.00,0.00,0.00,0.00,0.00,0.00,0.00,0.00,0.00,0.00,0.00,0.00,0.00,0.00,0.00,0.00,0.00,0.00,0.00,0.00,0.00,0.00,0.00,0.00,0.00,0.00,0.00,0.00,0.00,0.00,0.00,0.00,0.00,0.00,0.00,0.00,0.00,0.00,0.00,0.00,0.00,0.00,0.00,0.00,0.00,0.00,0.00,0.00,0.00,0.00,0.00,0.00,0.00,0.00,0.00,0.00,0.00,0.00,0.00,0.00,0.00,0.00,0.00,0.00,0.00,0.00,0.00,0.00,0.00,0.00,0.00,0.00,0.00,0.00,0.00,0.00,0.00,0.00,0.00,0.00,0.00,0.00,0.00,0.00,0.00,0.00,0.00,0.00,0.00,0.00,0.00,0.00,0.00,0.00,0.00,0.00,0.00,0.00,0.00,0.00,0.00,0.00,0.00,0.00,0.00,0.00,0.00,0.00,0.00,0.00,0.00,0.00,0.00,0.00,0.00,0.00,0.00,40.00,0.00,0.00,49.22,31.20,30.00,0.00,0.00,0.00,0.00,0.00,37.61,0.00,0.00,50.00,43.33,52.50,53.00,51.86,0.00,0.00,0.00,0.00,0.00,50.14,45.00,30.00,40.00,52.50,68.45,120.00,56.24,60.00,25.00,40.00,0.00,0.00,53.72,45.00,60.93,54.32,..,..,..,..,..,..,..,..,..,..
Mango Piko,..NEGROS ISLAND REGION (NIR) 2/,..,..,..,..,..,..,..,..,..,..,..,..,..,..,..,..,..,..,..,..,..,..,..,..,..,..,..,..,..,..,..,..,..,..,..,..,..,..,..,..,..,..,..,..,..,..,..,..,..,..,..,..,..,..,..,..,..,..,..,..,..,..,..,..,..,..,..,..,..,..,..,..,..,..,..,..,..,..,..,..,..,..,..,..,..,..,..,..,..,..,..,..,..,..,..,..,..,..,..,..,..,..,..,..,..,..,..,..,..,..,..,..,..,..,..,..,..,..,..,..,..,..,..,..,..,..,..,..,..,..,..,..,..,..,..,..,..,..,..,..,..,..,..,..,..,..,..,..,..,..,..,..,..,..,..,..,..,..,..,..,..,..,..,..,..,..,..,..,..,..,..,..,..,..,..,..,..,..,..,..,..,..,0.00,50.00,50.00,30.00,0.00,50.00,50.00,0.00,0.00,0.00,0.00,0.00,46.00,0.00,0.00,0.00,40.00,0.00,47.30,30.00,30.00,0.00,35.00,0.00,0.00,36.46,0.00,0.00,22.00,..,..,..,..,..,..,..,..,..,..
Mango Indian,PHILIPPINES,8.75,6.58,7.18,7.19,6.46,5.45,7.08,7.57,7.65,6.92,18.21,11.44,8.37,8.04,7.80,9.59,8.33,7.72,6.55,8.53,8.73,8.78,8.39,8.03,10.61,8.43,10.57,9.19,10.39,8.43,8.90,7.98,9.09,8.71,8.58,7.90,10.09,8.91,9.06,6.80,7.03,9.23,8.22,7.45,7.70,8.59,8.15,8.37,8.96,12.46,10.75,8.64,11.92,9.97,10.63,8.89,6.53,7.33,11.91,9.60,10.17,9.88,12.09,9.53,9.87,10.34,10.82,9.95,8.88,7.03,6.87,8.71,8.97,8.18,6.73,6.48,1.71,7.89,12.11,12.78,11.30,11.78,11.07,11.08,9.77,12.69,13.70,7.41,7.45,11.04,11.02,9.12,8.66,12.89,13.76,11.35,10.89,11.71,12.27,15.68,8.55,11.20,8.50,11.22,10.31,11.36,15.83,11.92,11.11,9.81,10.79,10.62,11.39,12.70,11.32,12.43,11.63,11.74,9.38,11.02,9.94,8.13,8.89,11.36,9.93,15.47,15.39,15.32,15.27,11.82,19.25,20.68,12.79,12.42,11.14,9.63,14.39,15.36,14.88,14.92,15.08,15.07,14.63,22.53,15.02,11.64,12.59,11.18,12.44,14.08,13.14,25.03,15.22,15.32,15.34,15.29,17.49,13.27,11.65,13.47,11.39,11.93,12.94,24.61,15.89,16.01,31.34,16.03,16.34,27.89,21.46,17.06,17.51,14.57,12.35,13.54,17.64,19.43,21.04,30.83,20.93,19.52,27.56,25.45,24.39,25.12,25.56,18.13,17.98,24.08,19.34,24.48,21.53,24.10,23.14,26.73,18.76,13.82,14.38,13.85,13.35,29.81,21.76,49.76,19.64,28.46,20.00,22.53,19.24,17.08,17.02,..,..,..,..,..,..,..,..,..,..
Mango Indian,..CORDILLERA ADMINISTRATIVE REGION (CAR),0.00,0.00,0.00,12.95,7.20,7.94,0.00,0.00,0.00,0.00,0.00,0.00,9.36,0.00,0.00,0.00,9.46,9.55,8.67,0.00,0.00,0.00,0.00,0.00,0.00,9.23,0.00,0.00,0.00,9.26,14.46,10.94,0.00,0.00,0.00,0.00,0.00,0.00,11.55,0.00,0.00,10.86,9.41,8.33,8.91,0.00,0.00,0.00,0.00,0.00,0.00,9.38,0.00,0.00,13.65,11.04,6.23,7.45,0.00,0.00,0.00,0.00,0.00,0.00,9.59,0.00,0.00,0.00,8.68,8.19,0.00,0.00,0.00,0.00,0.00,0.00,0.00,8.44,0.00,0.00,14.31,12.43,14.10,13.19,0.00,0.00,0.00,0.00,0.00,0.00,13.51,0.00,0.00,0.00,12.65,15.62,13.06,0.00,0.00,0.00,0.00,0.00,0.00,13.78,0.00,0.00,0.00,16.83,16.88,17.23,0.00,0.00,0.00,0.00,0.00,0.00,16.98,0.00,0.00,0.00,16.92,13.80,11.94,0.00,0.00,0.00,0.00,0.00,0.00,14.22,0.00,0.00,0.00,0.00,17.16,9.96,0.00,0.00,0.00,0.00,0.00,0.00,13.56,0.00,0.00,0.00,20.71,19.27,0.00,0.00,0.00,0.00,0.00,0.00,0.00,19.99,0.00,0.00,0.00,28.43,12.05,0.00,0.00,0.00,0.00,0.00,0.00,0.00,20.24,0.00,0.00,0.00,0.00,0.00,0.00,0.00,0.00,0.00,0.00,0.00,0.00,0.00,50.00,50.00,50.00,26.02,21.27,25.00,25.00,24.33,20.00,0.00,0.00,0.00,32.40,15.00,20.00,52.50,30.00,23.89,44.59,40.72,0.00,0.00,0.00,0.00,0.00,32.39,65.00,69.51,77.52,..,..,..,..,..,..,..,..,..,..
Mango Indian,..REGION I (ILOCOS REGION),15.34,8.27,10.28,8.93,10.46,0.00,0.00,0.00,0.00,0.00,26.12,21.42,14.40,8.47,6.84,14.67,10.69,9.66,0.00,0.00,0.00,0.00,0.00,0.00,13.03,10.56,14.98,15.55,19.76,15.28,15.16,7.28,0.00,0.00,0.00,0.00,15.54,12.65,14.53,7.94,5.80,5.68,6.93,5.51,10.29,0.00,0.00,0.00,0.00,18.46,11.81,9.05,12.62,15.19,10.85,6.36,3.06,0.00,0.00,0.00,0.00,0.00,16.71,0.00,10.80,11.67,10.50,8.22,8.21,5.00,0.00,0.00,0.00,0.00,0.00,0.00,0.00,8.72,10.41,9.36,9.29,11.20,8.95,8.08,0.00,0.00,0.00,0.00,10.76,16.06,10.51,7.31,6.76,32.50,33.32,12.51,0.00,0.00,11.12,0.00,0.00,10.38,7.28,15.15,9.88,12.15,14.14,9.99,10.89,0.00,0.00,0.00,0.00,0.00,11.34,14.16,11.79,11.64,7.97,9.40,9.17,6.84,0.00,0.00,0.00,0.00,0.00,0.00,0.00,9.00,27.09,26.27,7.82,6.97,0.00,0.00,0.00,0.00,0.00,0.00,0.00,0.00,17.04,30.00,0.00,12.35,12.97,0.00,0.00,0.00,0.00,0.00,0.00,0.00,0.00,18.44,21.04,0.00,8.84,8.52,0.00,0.00,0.00,0.00,0.00,0.00,0.00,0.00,12.80,35.53,17.96,7.27,8.13,9.31,9.26,9.26,0.00,0.00,0.00,47.17,25.66,18.84,21.11,22.71,21.52,22.19,21.72,15.00,30.00,0.00,21.00,0.00,0.00,0.00,21.91,20.29,17.69,15.60,39.48,32.91,15.00,30.00,20.00,22.50,25.00,27.50,27.50,24.46,34.28,23.77,21.87,..,..,..,..,..,..,..,..,..,..
Mango Indian,..REGION II (CAGAYAN VALLEY),0.00,0.00,0.00,5.33,3.71,3.00,0.00,0.00,0.00,0.00,0.00,0.00,4.01,0.00,0.00,0.00,8.74,9.01,7.12,5.99,0.00,0.00,0.00,0.00,0.00,7.72,0.00,0.00,0.00,6.44,9.03,0.00,0.00,0.00,0.00,0.00,0.00,0.00,7.74,0.00,0.00,0.00,7.39,6.37,6.90,0.00,0.00,0.00,0.00,0.00,0.00,6.89,0.00,0.00,0.00,6.12,5.21,4.79,0.00,0.00,0.00,0.00,0.00,0.00,5.37,0.00,0.00,0.00,6.20,5.90,3.64,0.00,0.00,0.00,0.00,0.00,0.00,5.25,0.00,0.00,0.00,13.90,9.76,10.76,7.43,0.00,0.00,0.00,0.00,0.00,10.46,0.00,0.00,0.00,0.00,9.57,9.85,0.00,0.00,0.00,0.00,0.00,0.00,9.71,0.00,0.00,0.00,10.69,10.64,10.42,0.00,0.00,0.00,0.00,0.00,0.00,10.58,0.00,0.00,0.00,10.11,8.55,7.99,0.00,0.00,0.00,0.00,0.00,0.00,8.88,0.00,0.00,0.00,9.84,9.59,7.63,0.00,0.00,0.00,0.00,0.00,0.00,9.02,0.00,0.00,0.00,12.19,9.64,10.20,9.56,0.00,0.00,0.00,0.00,0.00,10.40,0.00,0.00,0.00,11.42,10.42,11.69,9.69,0.00,0.00,0.00,0.00,0.00,10.81,0.00,0.00,0.00,9.27,12.74,8.44,0.00,0.00,0.00,0.00,0.00,0.00,10.15,18.00,18.50,22.89,50.00,50.00,15.00,30.32,30.47,15.00,0.00,0.00,0.00,27.80,20.00,20.00,20.33,11.66,11.27,11.79,11.89,13.29,11.00,0.00,0.00,0.00,14.58,20.00,20.00,20.11,..,..,..,..,..,..,..,..,..,..
Mango Indian,..REGION III (CENTRAL LUZON),0.00,7.25,7.31,7.44,7.13,0.00,0.00,0.00,0.00,0.00,0.00,0.00,7.28,0.00,6.60,6.63,6.69,6.42,0.00,0.00,0.00,0.00,0.00,0.00,0.00,6.59,0.00,6.17,6.88,7.03,7.16,0.00,0.00,0.00,0.00,0.00,0.00,0.00,6.81,0.00,8.46,8.19,8.58,8.77,0.00,0.00,0.00,0.00,0.00,0.00,0.00,8.50,0.00,11.08,8.53,10.08,8.68,0.00,0.00,0.00,0.00,0.00,0.00,0.00,9.59,0.00,11.25,10.58,10.30,6.87,0.00,0.00,0.00,0.00,0.00,0.00,0.00,9.75,0.00,9.96,10.97,11.25,11.54,10.26,0.00,0.00,0.00,0.00,0.00,0.00,10.80,0.00,11.42,10.00,8.48,10.40,0.00,0.00,0.00,0.00,0.00,0.00,0.00,10.08,0.00,0.00,29.20,7.87,15.00,0.00,0.00,0.00,0.00,0.00,0.00,0.00,17.36,0.00,0.00,7.28,6.52,6.09,0.00,0.00,0.00,0.00,0.00,0.00,0.00,6.63,0.00,0.00,0.00,0.00,8.35,0.00,0.00,0.00,0.00,0.00,0.00,0.00,8.35,0.00,10.00,10.81,7.41,8.73,0.00,0.00,0.00,0.00,0.00,0.00,0.00,9.24,0.00,0.00,0.00,0.00,0.00,0.00,0.00,0.00,0.00,0.00,0.00,0.00,0.00,0.00,0.00,0.00,0.00,0.00,0.00,0.00,0.00,0.00,0.00,0.00,0.00,0.00,25.00,21.53,26.73,28.69,17.22,11.04,13.00,10.00,15.00,35.00,0.00,0.00,20.32,25.27,18.18,12.78,12.52,10.21,18.96,15.00,25.00,30.00,18.00,20.00,20.00,18.83,15.60,13.49,12.12,..,..,..,..,..,..,..,..,..,..
Mango Indian,..REGION IV-A (CALABARZON),5.60,4.08,4.80,4.78,4.12,4.45,0.00,0.00,0.00,0.00,0.00,0.00,4.64,0.00,0.00,5.38,4.25,2.50,1.79,0.00,0.00,0.00,0.00,0.00,0.00,3.48,0.00,0.00,6.11,5.47,4.27,3.13,0.00,0.00,0.00,0.00,0.00,0.00,4.75,4.18,4.34,5.64,4.81,3.34,3.52,0.00,0.00,0.00,0.00,0.00,0.00,4.31,0.00,1.53,8.62,8.59,4.89,5.16,0.00,0.00,0.00,0.00,0.00,0.00,5.76,0.00,12.43,8.21,8.15,4.33,4.50,0.00,0.00,0.00,0.00,0.00,0.00,7.52,0.00,0.00,6.84,5.11,3.85,3.26,0.00,0.00,0.00,0.00,0.00,0.00,4.77,0.00,5.83,4.36,6.25,3.48,4.79,0.00,0.00,0.00,0.00,0.00,0.00,4.94,10.38,7.50,11.35,6.11,4.44,2.11,0.00,0.00,0.00,0.00,0.00,0.00,6.98,0.00,6.04,11.20,6.38,4.55,6.43,0.00,0.00,0.00,0.00,0.00,0.00,6.92,0.00,0.00,8.34,10.10,7.73,15.00,0.00,0.00,0.00,0.00,0.00,0.00,10.29,0.00,0.00,11.88,12.22,7.29,8.98,0.00,0.00,0.00,0.00,0.00,0.00,10.09,16.04,13.08,7.89,7.04,6.95,4.58,0.00,0.00,0.00,0.00,0.00,0.00,9.26,0.00,5.69,12.45,7.46,6.36,5.07,0.00,0.00,0.00,0.00,0.00,0.00,7.41,12.02,9.48,22.46,10.73,14.46,5.80,20.84,15.00,0.00,20.00,20.00,0.00,15.08,15.00,17.24,12.79,8.96,11.52,3.57,9.93,4.99,15.00,20.00,0.00,0.00,11.90,0.00,18.61,22.17,..,..,..,..,..,..,..,..,..,..
Mango Indian,..MIMAROPA REGION,0.00,0.00,6.33,6.28,7.07,5.23,5.81,6.63,0.00,0.00,0.00,0.00,6.23,0.00,0.00,10.35,10.79,9.29,8.55,8.49,9.75,0.00,0.00,0.00,0.00,9.54,0.00,6.21,9.54,7.12,7.13,9.46,9.28,9.69,0.00,0.00,9.69,0.00,8.52,0.00,0.00,11.60,10.73,9.18,9.33,9.31,9.04,9.04,0.00,0.00,0.00,9.75,0.00,0.00,8.70,7.95,7.61,8.78,11.02,11.60,11.60,0.00,0.00,0.00,9.61,0.00,0.00,10.99,8.97,9.09,9.49,9.42,10.92,0.00,0.00,0.00,0.00,9.81,0.00,0.00,13.37,17.33,15.06,17.75,5.01,12.47,0.00,0.00,0.00,0.00,13.50,0.00,0.00,12.34,8.11,13.98,9.26,8.59,8.74,0.00,0.00,0.00,0.00,10.17,0.00,0.00,16.92,12.22,10.18,9.59,9.79,9.66,0.00,0.00,0.00,0.00,11.39,0.00,0.00,11.50,8.10,6.88,9.42,12.28,11.02,0.00,0.00,0.00,0.00,9.87,0.00,0.00,9.87,9.32,8.54,7.27,13.86,15.77,0.00,0.00,0.00,0.00,10.77,0.00,0.00,8.09,15.48,12.52,13.00,12.34,11.10,0.00,0.00,0.00,0.00,12.09,0.00,11.40,14.50,11.64,10.79,16.49,13.15,12.37,0.00,0.00,0.00,0.00,12.91,27.84,25.55,18.43,17.77,16.61,14.15,13.79,16.29,0.00,0.00,0.00,0.00,18.80,30.18,33.39,23.63,25.44,17.91,19.61,24.83,15.96,10.00,20.00,10.00,69.50,25.04,23.33,28.50,21.67,10.00,21.97,23.30,31.64,42.76,35.00,20.56,25.52,20.00,25.35,20.11,23.61,22.33,..,..,..,..,..,..,..,..,..,..
Mango Indian,..REGION V (BICOL REGION),0.00,0.00,9.20,6.22,7.26,8.14,11.65,12.06,0.00,0.00,35.00,0.00,12.79,0.00,0.00,0.00,7.94,10.15,7.67,13.56,0.00,0.00,0.00,0.00,0.00,9.83,0.00,0.00,0.00,10.32,7.31,8.39,10.74,0.00,0.00,0.00,0.00,0.00,9.19,0.00,0.00,12.57,7.69,8.61,7.56,11.13,0.00,0.00,0.00,0.00,0.00,9.51,0.00,0.00,0.00,8.77,7.14,9.86,19.14,0.00,0.00,0.00,0.00,0.00,11.23,0.00,0.00,0.00,10.72,10.57,10.52,12.80,0.00,0.00,0.00,0.00,0.00,11.15,0.00,0.00,7.69,8.47,10.51,11.33,0.00,0.00,0.00,0.00,0.00,0.00,9.50,0.00,0.00,0.00,13.35,6.17,9.03,7.05,9.81,0.00,0.00,0.00,0.00,9.08,0.00,0.00,0.00,16.00,7.77,9.44,0.00,0.00,0.00,0.00,0.00,0.00,11.07,0.00,0.00,0.00,7.20,4.48,6.14,0.00,0.00,0.00,0.00,0.00,0.00,5.94,0.00,0.00,0.00,0.00,6.62,3.00,0.00,0.00,0.00,0.00,0.00,0.00,4.81,0.00,0.00,0.00,7.33,2.88,10.88,0.00,0.00,0.00,0.00,0.00,0.00,7.03,0.00,0.00,0.00,11.90,12.76,10.99,0.00,45.46,0.00,0.00,46.67,0.00,25.56,0.00,0.00,0.00,26.93,18.33,14.07,0.00,0.00,0.00,25.00,27.65,0.00,22.40,29.24,22.44,20.56,23.54,4.50,17.14,28.23,19.78,15.00,27.79,26.33,1.00,19.63,30.00,22.83,27.82,17.92,21.31,25.61,17.71,28.04,52.13,27.98,27.41,0.00,27.16,20.00,20.00,28.05,..,..,..,..,..,..,..,..,..,..
Mango Indian,..REGION VI (WESTERN VISAYAS),9.72,8.40,7.15,7.39,7.45,5.88,7.31,7.20,7.65,6.92,7.05,8.53,7.55,8.59,9.20,9.98,8.95,6.99,6.99,8.63,9.47,10.47,10.24,10.14,10.23,9.16,10.38,10.34,11.98,8.28,8.18,8.14,8.37,8.48,9.49,8.88,9.20,9.20,9.24,9.47,9.58,9.67,9.39,8.68,8.19,7.24,8.49,8.78,8.99,9.26,10.49,9.02,10.80,10.33,10.11,9.46,5.92,5.55,7.21,8.23,9.38,9.96,9.92,9.72,8.88,9.59,10.63,11.64,10.03,4.94,4.89,5.58,6.39,6.46,6.25,5.83,1.71,7.00,5.37,11.03,7.02,5.49,4.76,3.88,5.36,4.16,5.15,1.74,7.58,2.24,5.32,6.44,6.72,5.56,4.91,7.42,7.32,7.83,8.27,7.79,2.45,8.08,3.27,6.34,6.15,11.03,8.74,13.32,9.58,5.05,7.64,7.03,7.43,9.89,7.39,7.95,8.43,8.33,8.12,0.00,9.58,6.71,5.10,6.49,3.35,0.00,0.00,0.00,0.00,6.81,15.38,0.00,22.93,23.37,16.15,9.59,0.00,0.00,0.00,0.00,0.00,0.00,17.48,0.00,20.00,0.00,10.00,14.03,16.54,19.51,0.00,34.86,0.00,0.00,0.00,19.16,0.00,0.00,0.00,0.00,0.00,0.00,0.00,0.00,0.00,0.00,0.00,0.00,0.00,40.00,33.89,31.00,36.80,17.04,12.29,8.58,19.91,22.18,21.88,32.29,0.00,25.08,45.33,36.37,32.80,12.03,13.49,13.66,18.11,21.50,21.50,16.95,0.00,0.00,23.17,25.33,28.88,22.19,20.10,14.06,21.68,34.65,23.39,21.18,9.00,12.50,12.50,20.45,19.23,19.90,23.65,..,..,..,..,..,..,..,..,..,..
Mango Indian,..NEGROS ISLAND REGION (NIR) 2/,..,..,..,..,..,..,..,..,..,..,..,..,..,..,..,..,..,..,..,..,..,..,..,..,..,..,..,..,..,..,..,..,..,..,..,..,..,..,..,..,..,..,..,..,..,..,..,..,..,..,..,..,..,..,..,..,..,..,..,..,..,..,..,..,..,..,..,..,..,..,..,..,..,..,..,..,..,..,..,..,..,..,..,..,..,..,..,..,..,..,..,..,..,..,..,..,..,..,..,..,..,..,..,..,..,..,..,..,..,..,..,..,..,..,..,..,..,..,..,..,..,..,..,..,..,..,..,..,..,..,..,..,..,..,..,..,..,..,..,..,..,..,..,..,..,..,..,..,..,..,..,..,..,..,..,..,..,..,..,..,..,..,..,..,..,..,..,..,..,..,..,..,..,..,..,..,..,..,..,..,..,..,25.00,29.33,7.65,18.69,12.73,10.81,16.10,0.00,0.00,0.00,0.00,0.00,17.19,47.43,12.94,14.58,19.07,17.32,19.14,21.23,20.00,0.00,10.00,34.97,10.00,20.61,20.00,19.41,19.72,..,..,..,..,..,..,..,..,..,..
Mango Others,PHILIPPINES,0.00,0.00,0.00,0.00,0.00,0.00,0.00,0.00,0.00,0.00,0.00,0.00,0.00,0.00,0.00,0.00,0.00,0.00,0.00,0.00,0.00,0.00,0.00,0.00,0.00,0.00,0.00,0.00,0.00,0.00,0.00,0.00,0.00,0.00,0.00,0.00,0.00,0.00,0.00,0.00,0.00,0.00,0.00,0.00,0.00,0.00,0.00,0.00,0.00,0.00,0.00,0.00,0.00,0.00,0.00,0.00,0.00,0.00,0.00,0.00,0.00,0.00,0.00,0.00,0.00,0.00,0.00,0.00,0.00,0.00,0.00,0.00,0.00,0.00,0.00,0.00,0.00,0.00,0.00,0.00,0.00,0.00,0.00,0.00,0.00,0.00,0.00,0.00,0.00,0.00,0.00,11.56,12.72,12.14,16.16,22.03,16.28,18.57,17.65,18.83,20.90,19.56,17.73,17.01,16.49,16.21,18.09,17.48,19.27,19.37,19.66,22.62,22.83,20.38,20.32,18.99,19.31,16.70,17.50,20.92,18.83,18.53,17.10,21.33,17.00,17.32,20.26,17.63,11.17,17.86,13.97,14.42,13.16,16.36,14.86,18.67,15.06,17.83,20.85,21.12,20.30,21.01,17.30,21.59,18.93,17.47,15.74,16.46,15.57,17.53,19.76,19.14,18.85,19.43,22.38,18.57,20.43,18.50,17.69,16.28,30.16,30.50,19.85,23.94,29.42,29.32,29.75,20.95,23.90,24.68,21.26,18.20,11.06,15.51,17.16,14.96,0.00,0.00,0.00,0.00,32.17,19.38,25.28,34.35,32.52,33.85,26.86,21.56,17.94,23.94,24.63,29.08,32.38,28.87,27.60,30.35,21.47,69.93,26.41,30.16,25.45,22.17,25.36,26.73,28.67,53.88,24.67,32.10,34.99,40.27,22.76,..,..,..,..,..,..,..,..,..,..
Mango Others,..CORDILLERA ADMINISTRATIVE REGION (CAR),0.00,0.00,0.00,0.00,0.00,0.00,0.00,0.00,0.00,0.00,0.00,0.00,0.00,0.00,0.00,0.00,0.00,0.00,0.00,0.00,0.00,0.00,0.00,0.00,0.00,0.00,0.00,0.00,0.00,0.00,0.00,0.00,0.00,0.00,0.00,0.00,0.00,0.00,0.00,0.00,0.00,0.00,0.00,0.00,0.00,0.00,0.00,0.00,0.00,0.00,0.00,0.00,0.00,0.00,0.00,0.00,0.00,0.00,0.00,0.00,0.00,0.00,0.00,0.00,0.00,0.00,0.00,0.00,0.00,0.00,0.00,0.00,0.00,0.00,0.00,0.00,0.00,0.00,0.00,0.00,0.00,0.00,0.00,0.00,0.00,0.00,0.00,0.00,0.00,0.00,0.00,0.00,0.00,0.00,0.00,0.00,0.00,0.00,0.00,0.00,0.00,0.00,0.00,0.00,0.00,0.00,0.00,0.00,0.00,0.00,0.00,0.00,0.00,0.00,0.00,0.00,0.00,0.00,0.00,0.00,0.00,0.00,0.00,0.00,0.00,0.00,0.00,0.00,0.00,0.00,0.00,0.00,0.00,0.00,0.00,0.00,0.00,0.00,0.00,0.00,0.00,0.00,0.00,0.00,0.00,0.00,0.00,0.00,0.00,0.00,0.00,0.00,0.00,0.00,0.00,0.00,0.00,0.00,0.00,0.00,0.00,0.00,0.00,0.00,0.00,0.00,0.00,0.00,0.00,0.00,0.00,0.00,0.00,0.00,0.00,0.00,0.00,0.00,0.00,0.00,0.00,0.00,0.00,0.00,70.00,50.00,23.23,50.00,0.00,0.00,0.00,0.00,0.00,0.00,48.31,0.00,0.00,50.00,0.00,0.00,25.00,0.00,69.67,0.00,0.00,0.00,0.00,48.22,0.00,0.00,0.00,..,..,..,..,..,..,..,..,..,..
Mango Others,..REGION I (ILOCOS REGION),0.00,0.00,0.00,0.00,0.00,0.00,0.00,0.00,0.00,0.00,0.00,0.00,0.00,0.00,0.00,0.00,0.00,0.00,0.00,0.00,0.00,0.00,0.00,0.00,0.00,0.00,0.00,0.00,0.00,0.00,0.00,0.00,0.00,0.00,0.00,0.00,0.00,0.00,0.00,0.00,0.00,0.00,0.00,0.00,0.00,0.00,0.00,0.00,0.00,0.00,0.00,0.00,0.00,0.00,0.00,0.00,0.00,0.00,0.00,0.00,0.00,0.00,0.00,0.00,0.00,0.00,0.00,0.00,0.00,0.00,0.00,0.00,0.00,0.00,0.00,0.00,0.00,0.00,0.00,0.00,0.00,0.00,0.00,0.00,0.00,0.00,0.00,0.00,0.00,0.00,0.00,6.42,4.80,3.06,2.38,0.00,0.00,0.00,0.00,0.00,0.00,0.00,15.49,6.43,4.54,3.85,3.68,3.95,0.00,0.00,0.00,0.00,0.00,0.00,0.00,14.97,6.20,5.25,4.30,0.00,0.00,0.00,0.00,0.00,0.00,0.00,0.00,0.00,11.97,7.17,10.66,7.81,4.20,0.00,0.00,0.00,0.00,0.00,0.00,0.00,0.00,33.85,14.13,24.49,11.97,7.50,7.18,0.00,0.00,0.00,0.00,0.00,0.00,0.00,32.84,16.80,23.48,15.66,12.69,8.92,0.00,0.00,0.00,0.00,0.00,0.00,0.00,33.21,18.79,24.68,17.79,13.19,11.06,11.42,0.00,0.00,0.00,0.00,0.00,0.00,32.17,18.39,41.42,38.33,24.96,28.25,25.62,17.50,10.00,60.00,0.00,80.00,80.00,45.00,41.01,52.50,50.00,79.22,19.59,33.75,28.33,19.00,40.00,15.00,40.00,40.00,41.67,38.25,33.83,39.72,20.32,..,..,..,..,..,..,..,..,..,..
Mango Others,..REGION II (CAGAYAN VALLEY),0.00,0.00,0.00,0.00,0.00,0.00,0.00,0.00,0.00,0.00,0.00,0.00,0.00,0.00,0.00,0.00,0.00,0.00,0.00,0.00,0.00,0.00,0.00,0.00,0.00,0.00,0.00,0.00,0.00,0.00,0.00,0.00,0.00,0.00,0.00,0.00,0.00,0.00,0.00,0.00,0.00,0.00,0.00,0.00,0.00,0.00,0.00,0.00,0.00,0.00,0.00,0.00,0.00,0.00,0.00,0.00,0.00,0.00,0.00,0.00,0.00,0.00,0.00,0.00,0.00,0.00,0.00,0.00,0.00,0.00,0.00,0.00,0.00,0.00,0.00,0.00,0.00,0.00,0.00,0.00,0.00,0.00,0.00,0.00,0.00,0.00,0.00,0.00,0.00,0.00,0.00,0.00,0.00,0.00,0.00,0.00,0.00,0.00,0.00,0.00,0.00,0.00,0.00,0.00,0.00,0.00,0.00,0.00,0.00,0.00,0.00,0.00,0.00,0.00,0.00,0.00,0.00,0.00,0.00,0.00,0.00,0.00,0.00,0.00,0.00,0.00,0.00,0.00,0.00,0.00,0.00,0.00,0.00,0.00,0.00,0.00,0.00,0.00,0.00,0.00,0.00,0.00,0.00,0.00,0.00,0.00,0.00,0.00,0.00,0.00,0.00,0.00,0.00,0.00,0.00,0.00,0.00,0.00,0.00,0.00,0.00,0.00,0.00,0.00,0.00,0.00,0.00,0.00,0.00,0.00,0.00,0.00,0.00,0.00,0.00,0.00,0.00,0.00,0.00,0.00,0.00,0.00,0.00,0.00,0.00,10.00,40.38,19.33,20.00,0.00,0.00,0.00,0.00,0.00,22.43,0.00,0.00,0.00,10.00,0.00,10.00,35.92,19.20,0.00,0.00,0.00,0.00,18.78,0.00,0.00,0.00,..,..,..,..,..,..,..,..,..,..
Mango Others,..REGION III (CENTRAL LUZON),0.00,0.00,0.00,0.00,0.00,0.00,0.00,0.00,0.00,0.00,0.00,0.00,0.00,0.00,0.00,0.00,0.00,0.00,0.00,0.00,0.00,0.00,0.00,0.00,0.00,0.00,0.00,0.00,0.00,0.00,0.00,0.00,0.00,0.00,0.00,0.00,0.00,0.00,0.00,0.00,0.00,0.00,0.00,0.00,0.00,0.00,0.00,0.00,0.00,0.00,0.00,0.00,0.00,0.00,0.00,0.00,0.00,0.00,0.00,0.00,0.00,0.00,0.00,0.00,0.00,0.00,0.00,0.00,0.00,0.00,0.00,0.00,0.00,0.00,0.00,0.00,0.00,0.00,0.00,0.00,0.00,0.00,0.00,0.00,0.00,0.00,0.00,0.00,0.00,0.00,0.00,0.00,0.00,0.00,0.00,0.00,0.00,0.00,0.00,0.00,0.00,0.00,0.00,0.00,0.00,0.00,0.00,0.00,0.00,0.00,0.00,0.00,0.00,0.00,0.00,0.00,0.00,0.00,0.00,0.00,0.00,0.00,0.00,0.00,0.00,0.00,0.00,0.00,0.00,0.00,0.00,0.00,0.00,0.00,0.00,0.00,0.00,0.00,0.00,0.00,0.00,0.00,0.00,0.00,0.00,0.00,0.00,0.00,0.00,0.00,0.00,0.00,0.00,0.00,0.00,0.00,0.00,0.00,0.00,0.00,0.00,0.00,0.00,0.00,0.00,0.00,0.00,0.00,0.00,0.00,0.00,0.00,0.00,0.00,0.00,0.00,0.00,0.00,0.00,0.00,0.00,0.00,0.00,25.00,26.67,20.00,20.00,20.00,15.00,15.00,15.00,0.00,0.00,0.00,19.58,0.00,55.00,31.67,30.00,40.00,0.00,0.00,0.00,0.00,0.00,0.00,0.00,39.17,24.89,52.95,41.64,..,..,..,..,..,..,..,..,..,..
Mango Others,..REGION IV-A (CALABARZON),0.00,0.00,0.00,0.00,0.00,0.00,0.00,0.00,0.00,0.00,0.00,0.00,0.00,0.00,0.00,0.00,0.00,0.00,0.00,0.00,0.00,0.00,0.00,0.00,0.00,0.00,0.00,0.00,0.00,0.00,0.00,0.00,0.00,0.00,0.00,0.00,0.00,0.00,0.00,0.00,0.00,0.00,0.00,0.00,0.00,0.00,0.00,0.00,0.00,0.00,0.00,0.00,0.00,0.00,0.00,0.00,0.00,0.00,0.00,0.00,0.00,0.00,0.00,0.00,0.00,0.00,0.00,0.00,0.00,0.00,0.00,0.00,0.00,0.00,0.00,0.00,0.00,0.00,0.00,0.00,0.00,0.00,0.00,0.00,0.00,0.00,0.00,0.00,0.00,0.00,0.00,0.00,0.00,0.00,0.00,0.00,0.00,0.00,0.00,0.00,0.00,0.00,0.00,0.00,0.00,0.00,0.00,0.00,0.00,0.00,0.00,0.00,0.00,0.00,0.00,0.00,0.00,0.00,0.00,0.00,0.00,0.00,0.00,0.00,0.00,0.00,0.00,0.00,0.00,0.00,0.00,0.00,0.00,0.00,0.00,0.00,0.00,0.00,0.00,0.00,0.00,0.00,0.00,0.00,0.00,0.00,0.00,0.00,0.00,0.00,0.00,0.00,0.00,0.00,0.00,0.00,0.00,0.00,0.00,0.00,0.00,0.00,0.00,0.00,0.00,0.00,0.00,0.00,0.00,0.00,0.00,0.00,0.00,0.00,0.00,0.00,0.00,0.00,0.00,0.00,0.00,0.00,0.00,80.00,0.00,50.00,0.00,100.00,10.00,0.00,0.00,0.00,0.00,0.00,60.00,0.00,0.00,0.00,0.00,8.00,0.00,0.00,0.00,0.00,117.50,0.00,97.50,74.33,0.00,60.00,0.00,..,..,..,..,..,..,..,..,..,..
Mango Others,..MIMAROPA REGION,0.00,0.00,0.00,0.00,0.00,0.00,0.00,0.00,0.00,0.00,0.00,0.00,0.00,0.00,0.00,0.00,0.00,0.00,0.00,0.00,0.00,0.00,0.00,0.00,0.00,0.00,0.00,0.00,0.00,0.00,0.00,0.00,0.00,0.00,0.00,0.00,0.00,0.00,0.00,0.00,0.00,0.00,0.00,0.00,0.00,0.00,0.00,0.00,0.00,0.00,0.00,0.00,0.00,0.00,0.00,0.00,0.00,0.00,0.00,0.00,0.00,0.00,0.00,0.00,0.00,0.00,0.00,0.00,0.00,0.00,0.00,0.00,0.00,0.00,0.00,0.00,0.00,0.00,0.00,0.00,0.00,0.00,0.00,0.00,0.00,0.00,0.00,0.00,0.00,0.00,0.00,0.00,0.00,0.00,0.00,0.00,0.00,0.00,0.00,0.00,0.00,0.00,0.00,0.00,0.00,0.00,0.00,0.00,0.00,0.00,0.00,0.00,0.00,0.00,0.00,0.00,0.00,0.00,0.00,0.00,0.00,0.00,0.00,0.00,0.00,0.00,0.00,0.00,0.00,0.00,0.00,0.00,0.00,0.00,0.00,0.00,0.00,0.00,0.00,0.00,0.00,0.00,0.00,0.00,0.00,0.00,0.00,0.00,0.00,0.00,0.00,0.00,0.00,0.00,0.00,0.00,0.00,0.00,0.00,0.00,0.00,0.00,0.00,0.00,0.00,0.00,0.00,0.00,0.00,0.00,0.00,0.00,0.00,0.00,0.00,0.00,0.00,0.00,0.00,0.00,0.00,0.00,20.00,30.00,25.00,25.00,0.00,0.00,59.58,0.00,0.00,0.00,0.00,0.00,31.92,0.00,0.00,0.00,25.00,25.00,25.00,30.00,40.00,0.00,30.00,0.00,0.00,29.17,0.00,0.00,25.00,..,..,..,..,..,..,..,..,..,..
Mango Others,..REGION V (BICOL REGION),0.00,0.00,0.00,0.00,0.00,0.00,0.00,0.00,0.00,0.00,0.00,0.00,0.00,0.00,0.00,0.00,0.00,0.00,0.00,0.00,0.00,0.00,0.00,0.00,0.00,0.00,0.00,0.00,0.00,0.00,0.00,0.00,0.00,0.00,0.00,0.00,0.00,0.00,0.00,0.00,0.00,0.00,0.00,0.00,0.00,0.00,0.00,0.00,0.00,0.00,0.00,0.00,0.00,0.00,0.00,0.00,0.00,0.00,0.00,0.00,0.00,0.00,0.00,0.00,0.00,0.00,0.00,0.00,0.00,0.00,0.00,0.00,0.00,0.00,0.00,0.00,0.00,0.00,0.00,0.00,0.00,0.00,0.00,0.00,0.00,0.00,0.00,0.00,0.00,0.00,0.00,0.00,0.00,0.00,0.00,0.00,0.00,0.00,0.00,0.00,0.00,0.00,0.00,0.00,0.00,0.00,0.00,0.00,0.00,0.00,0.00,0.00,0.00,0.00,0.00,0.00,0.00,0.00,0.00,0.00,0.00,0.00,0.00,0.00,0.00,0.00,0.00,0.00,0.00,0.00,0.00,0.00,0.00,0.00,0.00,0.00,0.00,0.00,0.00,0.00,0.00,0.00,0.00,0.00,0.00,0.00,0.00,0.00,0.00,0.00,0.00,0.00,0.00,0.00,0.00,0.00,0.00,0.00,0.00,0.00,0.00,0.00,0.00,0.00,0.00,0.00,0.00,0.00,0.00,0.00,0.00,0.00,0.00,0.00,0.00,0.00,0.00,0.00,0.00,0.00,0.00,0.00,2.05,3.88,3.97,0.00,25.00,4.45,0.00,20.00,24.00,6.00,0.00,0.00,11.17,0.00,0.00,0.00,0.00,16.82,15.00,19.74,19.57,0.00,0.00,79.34,0.00,30.09,0.00,0.00,30.00,..,..,..,..,..,..,..,..,..,..
Mango Others,..REGION VI (WESTERN VISAYAS),0.00,0.00,0.00,0.00,0.00,0.00,0.00,0.00,0.00,0.00,0.00,0.00,0.00,0.00,0.00,0.00,0.00,0.00,0.00,0.00,0.00,0.00,0.00,0.00,0.00,0.00,0.00,0.00,0.00,0.00,0.00,0.00,0.00,0.00,0.00,0.00,0.00,0.00,0.00,0.00,0.00,0.00,0.00,0.00,0.00,0.00,0.00,0.00,0.00,0.00,0.00,0.00,0.00,0.00,0.00,0.00,0.00,0.00,0.00,0.00,0.00,0.00,0.00,0.00,0.00,0.00,0.00,0.00,0.00,0.00,0.00,0.00,0.00,0.00,0.00,0.00,0.00,0.00,0.00,0.00,0.00,0.00,0.00,0.00,0.00,0.00,0.00,0.00,0.00,0.00,0.00,0.00,0.00,0.00,0.00,0.00,0.00,0.00,0.00,0.00,0.00,0.00,0.00,0.00,0.00,0.00,0.00,0.00,0.00,0.00,0.00,0.00,0.00,0.00,0.00,0.00,0.00,0.00,0.00,0.00,0.00,0.00,0.00,0.00,0.00,0.00,0.00,0.00,0.00,0.00,0.00,0.00,0.00,0.00,0.00,0.00,0.00,0.00,0.00,0.00,0.00,0.00,0.00,0.00,0.00,0.00,0.00,0.00,0.00,0.00,0.00,0.00,0.00,0.00,0.00,0.00,0.00,0.00,0.00,0.00,0.00,0.00,0.00,0.00,0.00,0.00,0.00,0.00,0.00,0.00,0.00,0.00,0.00,0.00,0.00,0.00,0.00,0.00,0.00,0.00,0.00,0.00,0.00,0.00,0.00,60.05,47.47,45.73,27.58,20.00,42.50,27.58,0.00,0.00,38.70,0.00,0.00,61.89,30.00,31.41,75.00,24.74,47.50,47.50,61.87,0.00,0.00,47.49,28.74,68.96,55.84,..,..,..,..,..,..,..,..,..,..
Mango Others,..NEGROS ISLAND REGION (NIR) 2/,..,..,..,..,..,..,..,..,..,..,..,..,..,..,..,..,..,..,..,..,..,..,..,..,..,..,..,..,..,..,..,..,..,..,..,..,..,..,..,..,..,..,..,..,..,..,..,..,..,..,..,..,..,..,..,..,..,..,..,..,..,..,..,..,..,..,..,..,..,..,..,..,..,..,..,..,..,..,..,..,..,..,..,..,..,..,..,..,..,..,..,..,..,..,..,..,..,..,..,..,..,..,..,..,..,..,..,..,..,..,..,..,..,..,..,..,..,..,..,..,..,..,..,..,..,..,..,..,..,..,..,..,..,..,..,..,..,..,..,..,..,..,..,..,..,..,..,..,..,..,..,..,..,..,..,..,..,..,..,..,..,..,..,..,..,..,..,..,..,..,..,..,..,..,..,..,..,..,..,..,..,..,17.38,30.00,40.00,32.48,42.81,20.00,0.00,0.00,45.00,0.00,0.00,0.00,32.52,40.00,15.00,0.00,45.00,31.67,20.00,30.00,0.00,33.41,0.00,70.00,0.00,35.64,49.33,0.00,49.36,..,..,..,..,..,..,..,..,..,..
"Pineapple, Formosa",PHILIPPINES,8.13,8.45,8.60,8.53,8.92,8.77,9.33,9.64,9.77,9.96,9.77,10.11,9.17,10.22,9.68,9.68,8.65,8.92,9.24,9.34,9.78,10.00,9.26,9.24,8.67,9.39,8.90,8.94,9.17,9.15,8.83,8.82,8.88,9.03,9.32,9.81,9.86,9.98,9.22,9.61,9.01,9.38,9.36,8.64,8.70,8.44,8.42,8.36,8.43,8.51,9.22,8.84,9.83,9.59,9.74,9.67,9.80,9.66,9.51,10.24,9.64,9.55,9.13,9.32,9.64,12.97,10.12,10.81,11.19,11.64,11.03,11.42,11.54,11.79,12.15,12.68,12.90,11.69,10.47,8.44,6.45,6.27,6.36,6.67,6.03,6.14,7.55,8.57,8.46,11.82,7.77,6.06,7.91,6.53,12.40,7.95,9.10,8.13,8.90,9.71,13.07,9.22,8.18,8.93,8.28,7.42,8.16,9.99,10.65,8.31,7.64,8.64,7.12,8.05,6.82,7.94,8.25,7.83,7.23,7.37,8.45,7.96,8.11,6.35,7.47,8.56,8.47,7.68,9.98,7.96,9.02,10.43,10.91,7.58,7.47,10.69,7.66,7.86,7.00,8.35,7.66,9.19,8.65,11.02,8.31,8.44,10.20,8.04,8.32,7.94,7.87,7.82,6.99,8.55,9.47,8.58,8.46,9.39,9.23,7.69,8.18,9.38,7.25,12.29,11.89,14.61,11.19,9.21,9.90,8.21,9.62,11.08,11.27,13.38,14.41,14.75,12.79,13.40,15.45,13.29,17.78,12.95,24.60,22.65,18.26,36.35,36.92,25.10,24.71,24.39,24.58,21.29,17.26,23.78,24.99,19.50,32.00,30.05,0.00,7.17,17.81,13.25,16.94,18.47,20.73,25.00,25.00,20.54,22.32,22.33,22.33,..,..,..,..,..,..,..,..,..,..
"Pineapple, Formosa",..CORDILLERA ADMINISTRATIVE REGION (CAR),0.00,0.00,0.00,0.00,0.00,0.00,0.00,0.00,0.00,0.00,0.00,0.00,0.00,0.00,0.00,0.00,0.00,0.00,0.00,0.00,0.00,0.00,0.00,0.00,0.00,0.00,0.00,0.00,0.00,0.00,0.00,0.00,0.00,0.00,0.00,0.00,0.00,0.00,0.00,0.00,0.00,0.00,0.00,0.00,0.00,0.00,0.00,0.00,0.00,0.00,0.00,0.00,0.00,0.00,0.00,0.00,0.00,0.00,0.00,0.00,0.00,0.00,0.00,0.00,0.00,0.00,0.00,0.00,0.00,0.00,0.00,0.00,0.00,0.00,0.00,0.00,0.00,0.00,0.00,0.00,0.00,0.00,0.00,0.00,0.00,0.00,0.00,0.00,0.00,0.00,0.00,0.00,0.00,0.00,0.00,0.00,0.00,0.00,0.00,0.00,0.00,0.00,0.00,0.00,0.00,0.00,0.00,0.00,0.00,0.00,0.00,0.00,0.00,0.00,0.00,0.00,0.00,0.00,0.00,0.00,0.00,0.00,0.00,0.00,0.00,0.00,0.00,0.00,0.00,0.00,0.00,0.00,0.00,0.00,0.00,0.00,0.00,0.00,0.00,0.00,0.00,0.00,0.00,0.00,0.00,0.00,0.00,0.00,0.00,0.00,0.00,0.00,0.00,0.00,0.00,0.00,0.00,0.00,0.00,0.00,0.00,0.00,0.00,0.00,0.00,0.00,0.00,0.00,0.00,0.00,0.00,0.00,0.00,0.00,0.00,0.00,0.00,0.00,0.00,0.00,0.00,0.00,0.00,0.00,0.00,0.00,0.00,0.00,0.00,0.00,0.00,0.00,0.00,0.00,0.00,0.00,0.00,0.00,0.00,0.00,0.00,0.00,0.00,0.00,0.00,0.00,0.00,0.00,0.00,0.00,0.00,..,..,..,..,..,..,..,..,..,..
"Pineapple, Formosa",..REGION I (ILOCOS REGION),0.00,0.00,0.00,0.00,0.00,0.00,0.00,0.00,0.00,0.00,0.00,0.00,0.00,0.00,0.00,0.00,0.00,0.00,0.00,0.00,0.00,0.00,0.00,0.00,0.00,0.00,0.00,0.00,0.00,0.00,0.00,0.00,0.00,0.00,0.00,0.00,0.00,0.00,0.00,0.00,0.00,0.00,0.00,0.00,0.00,0.00,0.00,0.00,0.00,0.00,0.00,0.00,0.00,0.00,0.00,0.00,0.00,0.00,0.00,0.00,0.00,0.00,0.00,0.00,0.00,0.00,0.00,0.00,0.00,0.00,0.00,0.00,0.00,0.00,0.00,0.00,0.00,0.00,0.00,0.00,0.00,0.00,0.00,0.00,0.00,0.00,0.00,0.00,0.00,0.00,0.00,0.00,0.00,0.00,0.00,0.00,0.00,0.00,0.00,0.00,0.00,0.00,0.00,0.00,0.00,0.00,0.00,0.00,0.00,0.00,0.00,0.00,0.00,0.00,0.00,0.00,0.00,0.00,0.00,0.00,0.00,0.00,0.00,0.00,0.00,0.00,0.00,0.00,0.00,0.00,0.00,0.00,0.00,0.00,0.00,0.00,0.00,0.00,0.00,0.00,0.00,0.00,0.00,0.00,0.00,0.00,0.00,0.00,0.00,0.00,0.00,0.00,0.00,0.00,0.00,0.00,0.00,0.00,0.00,0.00,0.00,0.00,0.00,0.00,0.00,0.00,0.00,0.00,0.00,0.00,0.00,0.00,0.00,0.00,0.00,0.00,0.00,0.00,0.00,0.00,0.00,0.00,0.00,0.00,0.00,0.00,0.00,25.00,0.00,0.00,0.00,0.00,0.00,25.00,25.00,0.00,0.00,0.00,0.00,0.00,0.00,0.00,0.00,0.00,0.00,0.00,0.00,0.00,0.00,0.00,0.00,..,..,..,..,..,..,..,..,..,..
"Pineapple, Formosa",..REGION II (CAGAYAN VALLEY),0.00,0.00,0.00,0.00,0.00,0.00,0.00,0.00,0.00,0.00,0.00,0.00,0.00,0.00,0.00,0.00,0.00,0.00,0.00,0.00,0.00,0.00,0.00,0.00,0.00,0.00,0.00,0.00,0.00,0.00,0.00,0.00,0.00,0.00,0.00,0.00,0.00,0.00,0.00,0.00,0.00,0.00,0.00,0.00,0.00,0.00,0.00,0.00,0.00,0.00,0.00,0.00,0.00,0.00,0.00,0.00,0.00,0.00,0.00,0.00,0.00,0.00,0.00,0.00,0.00,0.00,0.00,0.00,0.00,0.00,0.00,0.00,0.00,0.00,0.00,0.00,0.00,0.00,0.00,0.00,0.00,0.00,0.00,0.00,0.00,0.00,0.00,0.00,0.00,0.00,0.00,0.00,0.00,0.00,0.00,0.00,0.00,0.00,0.00,0.00,0.00,0.00,0.00,0.00,0.00,0.00,0.00,0.00,0.00,0.00,0.00,0.00,0.00,0.00,0.00,0.00,0.00,0.00,0.00,0.00,0.00,0.00,0.00,0.00,0.00,0.00,0.00,0.00,0.00,0.00,0.00,0.00,0.00,0.00,0.00,0.00,0.00,0.00,0.00,0.00,0.00,0.00,0.00,0.00,0.00,0.00,0.00,0.00,0.00,0.00,0.00,0.00,0.00,0.00,0.00,0.00,0.00,0.00,0.00,0.00,0.00,0.00,0.00,0.00,0.00,0.00,0.00,0.00,0.00,0.00,0.00,0.00,0.00,0.00,0.00,0.00,0.00,0.00,0.00,0.00,0.00,0.00,0.00,0.00,0.00,0.00,0.00,35.00,0.00,0.00,0.00,0.00,0.00,0.00,35.00,0.00,0.00,0.00,0.00,0.00,38.46,0.00,0.00,0.00,0.00,0.00,0.00,38.46,0.00,0.00,0.00,..,..,..,..,..,..,..,..,..,..
"Pineapple, Formosa",..REGION III (CENTRAL LUZON),0.00,0.00,0.00,0.00,0.00,0.00,0.00,0.00,0.00,0.00,0.00,0.00,0.00,0.00,0.00,0.00,0.00,0.00,0.00,0.00,0.00,0.00,0.00,0.00,0.00,0.00,0.00,0.00,0.00,0.00,0.00,0.00,0.00,0.00,0.00,0.00,0.00,0.00,0.00,0.00,0.00,0.00,0.00,0.00,0.00,0.00,0.00,0.00,0.00,0.00,0.00,0.00,0.00,0.00,0.00,0.00,0.00,0.00,0.00,0.00,0.00,0.00,0.00,0.00,0.00,0.00,0.00,0.00,0.00,0.00,0.00,0.00,0.00,0.00,0.00,0.00,0.00,0.00,0.00,0.00,0.00,0.00,0.00,0.00,0.00,0.00,0.00,0.00,0.00,0.00,0.00,0.00,0.00,0.00,0.00,0.00,0.00,0.00,0.00,0.00,0.00,0.00,0.00,0.00,0.00,0.00,0.00,0.00,0.00,0.00,0.00,0.00,0.00,0.00,0.00,0.00,0.00,0.00,0.00,0.00,0.00,0.00,0.00,0.00,0.00,0.00,0.00,0.00,0.00,0.00,0.00,0.00,0.00,0.00,0.00,0.00,0.00,0.00,0.00,0.00,0.00,0.00,0.00,0.00,0.00,0.00,0.00,0.00,0.00,0.00,0.00,0.00,0.00,0.00,0.00,0.00,0.00,0.00,0.00,0.00,0.00,0.00,0.00,0.00,0.00,0.00,0.00,0.00,0.00,0.00,0.00,0.00,0.00,0.00,0.00,0.00,0.00,0.00,0.00,0.00,0.00,0.00,0.00,0.00,0.00,0.00,0.00,0.00,0.00,0.00,0.00,0.00,0.00,0.00,0.00,0.00,0.00,0.00,0.00,0.00,0.00,0.00,0.00,0.00,0.00,0.00,0.00,0.00,0.00,0.00,0.00,..,..,..,..,..,..,..,..,..,..
"Pineapple, Formosa",..REGION IV-A (CALABARZON),0.00,0.00,0.00,0.00,0.00,0.00,0.00,0.00,0.00,0.00,0.00,0.00,0.00,0.00,0.00,0.00,0.00,0.00,0.00,0.00,0.00,0.00,0.00,0.00,0.00,0.00,0.00,0.00,0.00,0.00,0.00,0.00,0.00,0.00,0.00,0.00,0.00,0.00,0.00,0.00,0.00,0.00,0.00,0.00,0.00,0.00,0.00,0.00,0.00,0.00,0.00,0.00,0.00,0.00,0.00,0.00,0.00,0.00,0.00,0.00,0.00,0.00,0.00,0.00,0.00,0.00,0.00,0.00,0.00,0.00,0.00,0.00,0.00,0.00,0.00,0.00,0.00,0.00,0.00,0.00,0.00,0.00,0.00,0.00,0.00,0.00,0.00,0.00,0.00,0.00,0.00,0.00,0.00,0.00,0.00,0.00,0.00,0.00,0.00,0.00,0.00,0.00,0.00,0.00,0.00,0.00,0.00,0.00,0.00,0.00,0.00,0.00,0.00,0.00,0.00,0.00,0.00,0.00,0.00,0.00,0.00,0.00,0.00,0.00,0.00,0.00,0.00,0.00,0.00,0.00,0.00,0.00,0.00,0.00,0.00,0.00,0.00,0.00,0.00,0.00,0.00,0.00,0.00,0.00,0.00,0.00,0.00,0.00,0.00,0.00,0.00,0.00,0.00,0.00,0.00,0.00,0.00,0.00,0.00,0.00,0.00,0.00,0.00,0.00,0.00,0.00,0.00,0.00,0.00,0.00,0.00,0.00,0.00,0.00,0.00,0.00,0.00,0.00,0.00,0.00,0.00,0.00,0.00,0.00,0.00,0.00,0.00,0.00,0.00,0.00,0.00,0.00,0.00,0.00,0.00,0.00,0.00,0.00,0.00,7.17,7.17,13.33,20.00,20.00,0.00,0.00,0.00,13.53,0.00,0.00,0.00,..,..,..,..,..,..,..,..,..,..
"Pineapple, Formosa",..MIMAROPA REGION,0.00,0.00,0.00,0.00,0.00,0.00,0.00,0.00,0.00,0.00,0.00,0.00,0.00,0.00,0.00,0.00,0.00,0.00,0.00,0.00,0.00,0.00,0.00,0.00,0.00,0.00,0.00,0.00,0.00,0.00,0.00,0.00,0.00,0.00,0.00,0.00,0.00,0.00,0.00,0.00,0.00,0.00,0.00,0.00,0.00,0.00,0.00,0.00,0.00,0.00,0.00,0.00,0.00,0.00,0.00,0.00,0.00,0.00,0.00,0.00,0.00,0.00,0.00,0.00,0.00,0.00,0.00,0.00,0.00,0.00,0.00,0.00,0.00,0.00,0.00,0.00,0.00,0.00,0.00,0.00,0.00,0.00,0.00,0.00,0.00,0.00,0.00,0.00,0.00,0.00,0.00,0.00,0.00,0.00,0.00,0.00,0.00,0.00,0.00,0.00,0.00,0.00,0.00,0.00,0.00,0.00,0.00,0.00,0.00,0.00,0.00,0.00,0.00,0.00,0.00,0.00,0.00,0.00,0.00,0.00,0.00,0.00,0.00,0.00,0.00,0.00,0.00,0.00,0.00,0.00,0.00,0.00,0.00,0.00,0.00,0.00,0.00,0.00,0.00,0.00,0.00,0.00,0.00,0.00,0.00,0.00,0.00,0.00,0.00,0.00,0.00,0.00,0.00,0.00,0.00,0.00,0.00,0.00,0.00,0.00,0.00,0.00,0.00,0.00,0.00,0.00,0.00,0.00,0.00,0.00,0.00,0.00,0.00,0.00,0.00,0.00,0.00,0.00,0.00,0.00,0.00,0.00,0.00,0.00,0.00,0.00,0.00,0.00,0.00,0.00,0.00,0.00,0.00,0.00,0.00,0.00,0.00,0.00,0.00,0.00,0.00,0.00,0.00,0.00,0.00,0.00,0.00,0.00,0.00,0.00,0.00,..,..,..,..,..,..,..,..,..,..
"Pineapple, Formosa",..REGION V (BICOL REGION),8.13,8.45,8.60,8.53,8.92,8.77,9.33,9.64,9.77,9.96,9.77,10.11,9.17,10.22,9.68,9.68,8.65,8.92,9.24,9.34,9.78,10.00,9.26,9.24,8.67,9.39,8.90,8.94,9.17,9.15,8.83,8.82,8.88,9.03,9.32,9.81,9.86,9.98,9.22,9.61,9.01,9.38,9.36,8.64,8.70,8.44,8.42,8.36,8.43,8.51,9.22,8.84,9.83,9.59,9.74,9.67,9.80,9.66,9.51,10.24,9.64,9.55,9.13,9.32,9.64,12.97,10.12,10.81,11.19,11.64,11.03,11.42,11.54,11.79,12.15,12.68,12.90,11.69,10.47,8.44,6.45,6.27,6.36,6.67,6.03,6.14,7.55,8.57,8.46,11.82,7.77,6.06,7.91,6.53,12.40,7.95,9.10,8.13,8.90,9.71,13.07,9.22,8.18,8.93,8.28,7.42,8.16,9.99,10.65,8.31,7.64,8.64,7.12,8.05,6.82,7.94,8.25,7.83,7.23,7.37,8.45,7.96,8.11,6.35,7.47,8.56,8.47,7.68,9.98,7.96,9.02,10.43,10.91,7.58,7.47,10.69,7.66,7.86,7.00,8.35,7.66,9.19,8.65,11.02,8.31,8.44,10.20,8.04,8.32,7.94,7.87,7.82,6.99,8.55,9.47,8.58,8.46,9.39,9.23,7.69,8.18,9.38,7.25,12.29,11.89,14.61,11.19,9.21,9.90,8.21,9.62,11.08,11.27,13.38,14.41,14.75,12.79,13.40,15.45,13.29,17.78,12.95,0.00,20.00,9.73,0.00,0.00,3.50,16.42,15.78,18.00,20.00,12.00,0.00,14.43,14.00,0.00,16.09,0.00,0.00,15.00,15.00,16.00,0.00,16.46,0.00,0.00,15.43,18.00,18.00,18.01,..,..,..,..,..,..,..,..,..,..
"Pineapple, Formosa",..REGION VI (WESTERN VISAYAS),0.00,0.00,0.00,0.00,0.00,0.00,0.00,0.00,0.00,0.00,0.00,0.00,0.00,0.00,0.00,0.00,0.00,0.00,0.00,0.00,0.00,0.00,0.00,0.00,0.00,0.00,0.00,0.00,0.00,0.00,0.00,0.00,0.00,0.00,0.00,0.00,0.00,0.00,0.00,0.00,0.00,0.00,0.00,0.00,0.00,0.00,0.00,0.00,0.00,0.00,0.00,0.00,0.00,0.00,0.00,0.00,0.00,0.00,0.00,0.00,0.00,0.00,0.00,0.00,0.00,0.00,0.00,0.00,0.00,0.00,0.00,0.00,0.00,0.00,0.00,0.00,0.00,0.00,0.00,0.00,0.00,0.00,0.00,0.00,0.00,0.00,0.00,0.00,0.00,0.00,0.00,0.00,0.00,0.00,0.00,0.00,0.00,0.00,0.00,0.00,0.00,0.00,0.00,0.00,0.00,0.00,0.00,0.00,0.00,0.00,0.00,0.00,0.00,0.00,0.00,0.00,0.00,0.00,0.00,0.00,0.00,0.00,0.00,0.00,0.00,0.00,0.00,0.00,0.00,0.00,0.00,0.00,0.00,0.00,0.00,0.00,0.00,0.00,0.00,0.00,0.00,0.00,0.00,0.00,0.00,0.00,0.00,0.00,0.00,0.00,0.00,0.00,0.00,0.00,0.00,0.00,0.00,0.00,0.00,0.00,0.00,0.00,0.00,0.00,0.00,0.00,0.00,0.00,0.00,0.00,0.00,0.00,0.00,0.00,0.00,0.00,0.00,0.00,0.00,0.00,0.00,0.00,0.00,0.00,0.00,0.00,0.00,0.00,0.00,0.00,0.00,0.00,0.00,0.00,0.00,0.00,0.00,0.00,0.00,0.00,0.00,13.16,13.16,13.16,0.00,0.00,0.00,13.16,0.00,0.00,0.00,..,..,..,..,..,..,..,..,..,..
"Pineapple, Formosa",..NEGROS ISLAND REGION (NIR) 2/,..,..,..,..,..,..,..,..,..,..,..,..,..,..,..,..,..,..,..,..,..,..,..,..,..,..,..,..,..,..,..,..,..,..,..,..,..,..,..,..,..,..,..,..,..,..,..,..,..,..,..,..,..,..,..,..,..,..,..,..,..,..,..,..,..,..,..,..,..,..,..,..,..,..,..,..,..,..,..,..,..,..,..,..,..,..,..,..,..,..,..,..,..,..,..,..,..,..,..,..,..,..,..,..,..,..,..,..,..,..,..,..,..,..,..,..,..,..,..,..,..,..,..,..,..,..,..,..,..,..,..,..,..,..,..,..,..,..,..,..,..,..,..,..,..,..,..,..,..,..,..,..,..,..,..,..,..,..,..,..,..,..,..,..,..,..,..,..,..,..,..,..,..,..,..,..,..,..,..,..,..,..,0.00,0.00,0.00,0.00,0.00,0.00,0.00,0.00,0.00,0.00,0.00,0.00,0.00,0.00,0.00,0.00,0.00,0.00,0.00,0.00,0.00,0.00,0.00,0.00,0.00,0.00,0.00,0.00,0.00,..,..,..,..,..,..,..,..,..,..
"Pineapple, Hawaiian",PHILIPPINES,11.54,11.73,12.83,12.63,12.19,12.75,12.56,11.80,12.40,11.97,11.75,13.89,12.34,12.55,13.48,13.79,13.44,14.25,13.34,13.44,12.36,11.75,11.68,13.08,14.22,13.12,12.75,13.41,14.02,13.22,14.34,14.74,14.61,14.30,15.91,14.29,14.70,14.97,14.27,13.76,14.11,14.02,13.82,14.43,13.82,13.44,14.38,14.65,14.83,14.39,15.28,14.24,14.02,14.11,15.06,16.75,16.11,16.25,14.75,15.49,16.47,20.30,20.28,17.10,16.39,15.66,15.44,15.48,16.11,15.35,14.92,14.66,15.51,16.24,16.50,15.65,15.96,15.62,15.18,16.35,16.39,16.87,15.57,14.76,14.83,16.32,17.11,18.30,18.61,18.61,16.58,18.82,19.17,16.61,16.34,15.71,15.69,14.26,15.40,15.52,18.89,18.82,17.21,16.87,16.37,18.55,20.03,20.28,18.71,17.24,17.47,16.77,17.13,17.51,18.81,19.15,18.17,18.08,19.02,20.54,20.90,19.17,17.91,15.68,17.18,19.35,19.54,21.84,20.11,19.11,19.64,18.29,20.63,20.05,20.28,18.62,17.65,18.43,18.57,18.39,20.49,21.39,19.37,22.39,20.63,21.26,20.57,19.57,18.47,17.64,17.39,19.69,17.75,19.15,19.75,19.52,21.37,23.51,20.09,21.78,21.03,19.55,18.88,20.30,20.88,21.08,21.29,21.31,20.92,20.08,21.03,21.56,20.69,21.08,20.37,19.12,21.03,22.82,23.29,24.20,22.19,21.46,20.40,24.17,23.96,28.24,32.57,29.87,20.45,18.85,24.08,30.08,35.80,26.11,26.22,30.90,19.40,32.80,25.66,17.60,19.06,18.21,20.73,19.42,11.88,18.49,17.90,21.00,16.19,14.13,17.39,..,..,..,..,..,..,..,..,..,..
"Pineapple, Hawaiian",..CORDILLERA ADMINISTRATIVE REGION (CAR),0.00,0.00,0.00,0.00,0.00,14.07,15.18,0.00,0.00,0.00,0.00,0.00,14.63,0.00,0.00,0.00,0.00,0.00,13.32,13.31,9.49,0.00,0.00,0.00,0.00,12.04,0.00,0.00,0.00,0.00,0.00,18.54,16.42,9.59,0.00,0.00,0.00,0.00,14.85,0.00,0.00,0.00,0.00,12.02,14.59,12.63,0.00,0.00,0.00,0.00,0.00,13.08,0.00,0.00,0.00,0.00,12.41,9.73,9.91,0.00,0.00,0.00,0.00,0.00,10.68,0.00,0.00,0.00,0.00,0.00,17.45,14.32,0.00,0.00,0.00,0.00,0.00,15.89,0.00,0.00,0.00,0.00,0.00,13.04,12.04,14.00,0.00,0.00,0.00,0.00,13.03,0.00,0.00,0.00,0.00,0.00,16.39,13.28,11.32,0.00,0.00,0.00,0.00,13.66,0.00,0.00,0.00,0.00,0.00,0.00,0.00,0.00,0.00,0.00,0.00,0.00,0.00,0.00,0.00,0.00,0.00,0.00,0.00,0.00,0.00,0.00,0.00,0.00,0.00,0.00,0.00,0.00,0.00,0.00,0.00,0.00,0.00,0.00,0.00,0.00,0.00,0.00,0.00,0.00,0.00,0.00,0.00,23.75,19.01,15.42,17.68,0.00,0.00,0.00,0.00,18.97,0.00,0.00,0.00,0.00,18.53,13.83,15.33,0.00,0.00,0.00,0.00,0.00,15.90,0.00,0.00,0.00,0.00,17.80,17.23,21.73,0.00,0.00,0.00,0.00,0.00,18.92,0.00,0.00,0.00,45.00,45.00,17.12,25.00,0.00,26.00,16.92,0.00,0.00,29.17,0.00,0.00,0.00,40.00,40.00,31.67,33.33,48.33,46.08,30.00,30.00,30.00,36.60,0.00,0.00,0.00,..,..,..,..,..,..,..,..,..,..
"Pineapple, Hawaiian",..REGION I (ILOCOS REGION),0.00,0.00,0.00,0.00,0.00,0.00,0.00,0.00,0.00,0.00,0.00,0.00,0.00,0.00,0.00,0.00,0.00,0.00,0.00,0.00,0.00,0.00,0.00,0.00,0.00,0.00,0.00,0.00,0.00,0.00,0.00,0.00,0.00,0.00,0.00,0.00,0.00,0.00,0.00,0.00,0.00,0.00,0.00,0.00,0.00,0.00,0.00,0.00,0.00,0.00,0.00,0.00,0.00,0.00,0.00,0.00,0.00,0.00,0.00,0.00,0.00,0.00,0.00,0.00,0.00,0.00,0.00,0.00,0.00,0.00,0.00,0.00,0.00,0.00,0.00,0.00,0.00,0.00,0.00,0.00,0.00,0.00,0.00,0.00,0.00,0.00,0.00,0.00,0.00,0.00,0.00,0.00,0.00,0.00,0.00,0.00,0.00,0.00,0.00,0.00,0.00,0.00,0.00,0.00,0.00,0.00,0.00,0.00,0.00,0.00,0.00,0.00,0.00,0.00,0.00,0.00,0.00,0.00,0.00,0.00,0.00,0.00,0.00,0.00,0.00,0.00,0.00,0.00,0.00,0.00,0.00,0.00,0.00,0.00,0.00,0.00,0.00,0.00,0.00,0.00,0.00,0.00,0.00,0.00,0.00,0.00,0.00,0.00,0.00,0.00,0.00,0.00,0.00,0.00,0.00,0.00,0.00,0.00,0.00,0.00,0.00,0.00,0.00,0.00,0.00,0.00,0.00,0.00,0.00,0.00,0.00,0.00,0.00,0.00,0.00,0.00,0.00,0.00,0.00,0.00,0.00,0.00,20.00,20.00,20.00,31.00,70.00,30.00,0.00,0.00,0.00,0.00,0.00,0.00,31.83,30.00,30.00,30.00,20.00,20.00,20.00,20.00,20.00,20.00,25.00,30.00,30.00,24.58,30.00,30.00,25.00,..,..,..,..,..,..,..,..,..,..
"Pineapple, Hawaiian",..REGION II (CAGAYAN VALLEY),9.58,9.49,0.00,14.32,12.60,11.27,15.89,0.00,0.00,0.00,0.00,0.00,12.19,10.72,11.25,0.00,10.07,12.01,9.43,8.84,0.00,0.00,0.00,0.00,0.00,10.39,11.35,11.43,15.03,10.32,10.86,10.59,18.65,0.00,0.00,0.00,0.00,0.00,12.60,10.51,10.54,0.00,9.57,12.59,10.21,13.51,0.00,0.00,0.00,0.00,0.00,11.16,9.32,9.25,15.79,11.34,11.47,13.18,14.68,0.00,0.00,0.00,0.00,0.00,12.15,13.00,10.58,0.00,14.84,17.51,14.71,18.00,10.26,0.00,0.00,0.00,0.00,14.13,0.00,0.00,0.00,0.00,12.64,12.09,8.40,14.53,0.00,0.00,0.00,15.80,12.69,0.00,0.00,0.00,0.00,17.98,14.25,10.70,9.41,0.00,0.00,0.00,0.00,13.09,14.70,17.75,19.73,18.51,17.70,12.57,17.84,20.59,24.52,17.84,18.09,23.79,18.64,23.61,20.21,21.04,20.31,22.78,16.55,15.12,18.00,22.02,19.98,22.89,22.10,20.38,26.38,25.05,22.72,22.47,20.28,17.66,16.97,21.44,26.57,28.11,26.04,31.17,23.74,28.26,28.93,24.66,22.74,23.13,18.72,17.57,16.54,19.75,21.71,22.98,26.87,22.66,26.02,28.65,26.97,23.41,23.80,18.74,17.19,0.00,0.00,29.25,25.00,23.39,24.24,25.03,23.95,25.53,15.59,24.45,15.61,14.14,24.24,16.25,24.79,27.38,26.98,22.00,0.00,0.00,30.00,0.00,0.00,30.00,24.07,35.00,30.00,13.00,13.00,11.50,23.32,0.00,0.00,23.91,0.00,0.00,24.05,18.19,20.05,0.00,0.00,27.00,0.00,22.64,0.00,0.00,28.00,..,..,..,..,..,..,..,..,..,..
"Pineapple, Hawaiian",..REGION III (CENTRAL LUZON),0.00,0.00,0.00,15.70,22.35,22.34,17.87,0.00,0.00,0.00,0.00,0.00,19.57,0.00,0.00,0.00,0.00,27.70,28.30,30.10,0.00,0.00,0.00,0.00,0.00,28.70,0.00,0.00,0.00,0.00,31.23,33.69,29.40,30.00,34.60,0.00,0.00,0.00,31.78,0.00,0.00,0.00,0.00,27.30,20.85,0.00,0.00,0.00,0.00,0.00,0.00,24.08,0.00,0.00,0.00,37.41,34.91,37.40,0.00,0.00,0.00,0.00,0.00,0.00,36.57,0.00,0.00,0.00,19.68,13.73,13.73,9.53,0.00,15.96,0.00,9.18,13.56,13.62,0.00,19.63,16.26,14.67,14.29,11.94,10.57,21.30,23.05,22.20,20.70,18.82,17.58,18.09,35.18,16.44,17.50,20.00,19.70,25.77,22.78,20.68,25.46,17.88,13.15,21.05,11.97,27.19,29.02,33.02,27.27,21.19,24.77,23.58,0.00,0.00,35.00,29.73,26.27,17.89,23.74,25.98,35.00,28.01,28.75,23.31,21.52,33.00,42.38,50.00,50.57,31.68,40.00,0.00,34.33,31.31,31.15,25.67,25.60,29.49,27.60,0.00,39.83,32.34,31.73,35.00,0.00,50.00,30.07,28.40,30.52,30.73,26.83,30.59,24.36,38.19,32.13,32.44,35.00,39.29,0.00,40.21,31.74,24.95,24.51,32.43,29.80,27.22,32.08,27.40,31.33,0.00,30.00,35.00,30.00,29.71,25.74,22.34,30.00,37.31,32.14,30.00,14.20,28.77,0.00,35.00,40.00,0.00,0.00,0.00,35.00,35.00,35.00,40.00,0.00,0.00,36.67,0.00,0.00,0.00,50.00,0.00,0.00,25.00,25.00,0.00,30.50,0.00,0.00,32.63,0.00,0.00,0.00,..,..,..,..,..,..,..,..,..,..
"Pineapple, Hawaiian",..REGION IV-A (CALABARZON),12.99,11.90,12.36,14.14,11.93,11.85,11.39,13.48,14.24,16.03,13.93,22.15,13.87,15.44,17.17,17.15,16.92,14.39,11.96,13.16,12.76,9.53,13.69,19.78,22.70,15.39,17.07,18.47,15.59,15.51,16.02,15.95,15.45,14.64,16.22,15.49,15.82,18.82,16.25,17.77,17.51,14.57,17.21,17.07,14.45,15.12,16.48,14.12,18.73,15.51,21.82,16.70,17.46,18.40,18.80,18.48,20.08,20.47,21.26,24.91,27.43,25.13,26.47,26.12,22.08,26.09,24.39,20.96,20.08,21.43,17.69,18.88,23.47,21.74,22.20,23.10,24.07,22.01,18.98,21.81,22.82,24.42,23.18,18.12,22.89,22.67,22.50,32.22,29.64,29.76,24.08,30.62,29.68,27.84,21.72,22.60,21.70,17.78,21.32,23.15,29.90,37.45,33.70,26.46,31.74,30.92,29.67,24.24,22.12,18.56,21.61,26.22,26.95,30.47,30.45,31.66,27.05,28.02,34.60,27.22,22.42,20.40,19.82,16.45,24.09,28.53,31.80,35.62,28.43,26.45,29.08,30.65,30.61,20.65,21.63,22.28,24.42,23.26,23.30,31.36,25.87,29.06,26.01,39.12,38.55,30.09,25.98,25.29,22.13,20.53,22.73,26.14,25.69,28.54,25.28,27.51,26.47,29.16,23.40,26.70,24.87,25.36,22.41,24.09,23.42,26.65,30.71,33.15,26.37,33.17,31.45,29.39,26.18,27.61,27.26,22.90,25.84,43.56,41.14,57.73,41.87,34.01,41.50,34.17,34.17,25.00,35.00,16.66,35.93,29.25,20.00,40.00,70.00,85.00,38.89,61.63,0.00,64.46,40.00,41.34,42.75,23.98,23.00,23.00,76.53,75.00,20.04,44.70,64.87,48.23,30.17,..,..,..,..,..,..,..,..,..,..
"Pineapple, Hawaiian",..MIMAROPA REGION,0.00,0.00,13.65,13.03,12.13,14.13,13.81,13.87,0.00,0.00,0.00,0.00,13.44,0.00,0.00,19.36,18.74,16.64,13.98,14.28,13.91,0.00,0.00,0.00,0.00,16.15,0.00,0.00,14.56,13.91,13.22,12.72,14.12,14.44,0.00,0.00,0.00,0.00,13.83,0.00,0.00,15.00,14.84,14.78,14.27,14.36,14.72,0.00,0.00,0.00,0.00,14.66,0.00,0.00,15.07,15.30,15.24,16.77,16.30,14.26,0.00,0.00,0.00,0.00,15.49,0.00,0.00,19.13,17.74,15.01,15.18,15.09,16.28,0.00,0.00,0.00,0.00,16.41,0.00,0.00,14.70,14.60,14.61,16.06,18.23,18.64,0.00,0.00,0.00,0.00,16.14,0.00,0.00,7.95,6.42,8.59,9.96,8.01,21.28,0.00,0.00,0.00,0.00,10.37,0.00,0.00,21.85,22.41,15.32,15.75,29.50,18.25,0.00,0.00,0.00,0.00,20.51,0.00,0.00,24.66,34.65,26.17,23.50,19.19,23.16,0.00,0.00,0.00,0.00,25.22,0.00,0.00,0.00,22.91,19.81,18.75,19.46,20.30,0.00,0.00,0.00,0.00,20.25,0.00,0.00,0.00,16.11,13.74,18.23,23.34,21.84,0.00,0.00,0.00,0.00,18.65,0.00,0.00,25.60,21.85,21.88,21.29,21.14,21.05,20.00,0.00,0.00,0.00,21.83,0.00,18.81,18.89,20.11,19.56,21.36,18.01,21.99,0.00,0.00,0.00,0.00,19.82,10.00,30.00,10.00,0.00,20.00,83.33,52.53,50.00,0.00,0.00,0.00,0.00,36.55,30.00,27.50,30.00,32.50,32.50,47.63,60.00,60.00,60.00,25.00,25.00,25.00,37.93,30.00,30.00,34.92,..,..,..,..,..,..,..,..,..,..
"Pineapple, Hawaiian",..REGION V (BICOL REGION),15.92,15.59,15.45,12.12,11.80,13.60,11.65,13.79,15.57,16.32,15.25,17.64,14.56,16.28,19.44,20.27,18.37,12.97,11.97,13.04,14.25,14.71,15.31,17.13,18.85,16.05,15.39,17.45,16.17,19.47,16.71,14.55,13.49,14.66,15.07,16.57,17.94,19.01,16.37,19.45,17.35,17.32,18.08,16.37,15.29,16.72,18.07,20.82,20.35,19.53,21.81,18.43,20.03,18.73,18.47,21.10,17.10,16.57,14.78,19.72,17.77,20.83,19.95,19.84,18.74,19.01,20.34,15.76,20.69,18.38,18.08,15.46,17.19,19.10,17.61,18.15,18.33,18.18,18.41,17.94,18.98,24.53,17.74,21.26,13.65,16.83,19.41,23.17,22.01,23.36,19.77,19.26,14.20,0.00,19.05,15.36,16.22,7.78,18.44,15.03,15.20,13.77,18.50,15.71,9.29,10.08,14.20,20.73,23.60,24.62,7.20,10.71,7.30,13.09,10.20,9.53,13.38,16.97,11.24,29.94,17.37,17.86,17.92,13.06,12.36,17.57,9.00,22.84,10.32,16.37,15.67,14.27,19.27,21.32,32.98,24.18,12.07,10.93,19.64,10.75,14.91,29.09,18.76,24.78,25.12,21.11,32.09,23.72,19.55,12.22,8.79,12.55,10.02,19.50,22.36,19.32,33.64,34.24,27.96,24.58,24.14,25.19,22.66,24.79,27.23,28.43,30.61,26.04,27.46,12.04,12.87,22.73,24.54,28.20,30.98,26.05,23.19,26.78,27.80,29.62,20.00,23.73,22.50,22.50,22.50,20.00,20.00,20.00,40.17,32.43,20.00,25.00,0.00,0.00,24.51,30.00,30.00,31.67,30.00,30.00,28.71,30.30,33.33,25.07,27.50,20.00,20.00,28.05,0.00,0.00,30.05,..,..,..,..,..,..,..,..,..,..
"Pineapple, Hawaiian",..REGION VI (WESTERN VISAYAS),8.88,9.79,9.96,10.05,10.69,9.08,8.93,9.16,9.53,9.50,10.07,10.95,9.72,11.18,11.97,11.77,11.30,10.56,9.33,9.23,9.18,10.23,11.17,11.92,12.64,10.87,12.58,13.88,14.32,11.94,12.20,11.58,11.46,12.79,11.38,10.60,12.83,14.58,12.51,15.29,14.02,11.83,11.35,11.55,11.77,10.40,11.07,12.10,13.09,14.81,13.34,12.55,13.25,13.93,13.57,13.93,14.02,13.94,13.73,12.89,12.96,14.82,14.54,15.32,13.91,12.80,13.24,13.37,12.12,12.34,12.31,11.27,13.34,15.15,14.29,13.12,14.19,13.13,12.82,11.77,12.86,12.39,12.39,13.10,13.80,12.31,13.76,13.78,17.11,15.61,13.48,15.89,14.71,12.46,14.49,11.55,11.73,9.91,10.98,12.30,15.00,17.24,15.98,13.52,17.36,19.94,16.11,15.82,14.89,12.96,13.50,15.97,17.18,17.16,13.90,19.92,16.23,15.17,13.14,17.12,18.68,14.74,11.93,15.56,14.16,13.95,12.60,13.08,13.28,14.45,17.85,15.60,16.12,16.73,16.64,14.20,12.60,12.63,12.35,12.68,11.85,14.14,14.45,14.58,13.55,12.78,12.77,14.76,13.69,11.82,11.73,12.71,12.35,12.50,14.04,13.11,15.26,13.99,14.05,12.98,15.02,13.66,14.08,15.27,15.74,16.44,16.51,16.99,15.00,19.90,27.86,22.59,23.53,20.58,18.79,16.52,17.35,18.66,31.13,19.50,28.67,22.09,25.00,32.50,37.50,20.00,20.00,25.00,21.23,50.00,20.00,21.23,50.00,0.00,29.31,25.00,35.00,40.00,25.00,30.00,26.67,30.00,27.50,30.00,30.00,30.00,30.00,29.93,36.19,32.77,32.32,..,..,..,..,..,..,..,..,..,..
"Pineapple, Hawaiian",..NEGROS ISLAND REGION (NIR) 2/,..,..,..,..,..,..,..,..,..,..,..,..,..,..,..,..,..,..,..,..,..,..,..,..,..,..,..,..,..,..,..,..,..,..,..,..,..,..,..,..,..,..,..,..,..,..,..,..,..,..,..,..,..,..,..,..,..,..,..,..,..,..,..,..,..,..,..,..,..,..,..,..,..,..,..,..,..,..,..,..,..,..,..,..,..,..,..,..,..,..,..,..,..,..,..,..,..,..,..,..,..,..,..,..,..,..,..,..,..,..,..,..,..,..,..,..,..,..,..,..,..,..,..,..,..,..,..,..,..,..,..,..,..,..,..,..,..,..,..,..,..,..,..,..,..,..,..,..,..,..,..,..,..,..,..,..,..,..,..,..,..,..,..,..,..,..,..,..,..,..,..,..,..,..,..,..,..,..,..,..,..,..,13.23,6.81,6.48,23.45,23.45,24.82,21.94,21.16,21.16,22.49,21.25,21.25,18.96,20.00,20.00,20.00,20.00,25.00,25.00,20.00,25.00,25.00,20.00,25.00,25.00,22.50,25.00,25.00,25.00,..,..,..,..,..,..,..,..,..,..
"Pineapple, Native",PHILIPPINES,5.69,5.65,5.61,8.70,8.70,9.51,10.34,9.51,5.91,6.68,6.69,7.15,7.51,7.44,7.42,7.50,7.51,16.17,16.83,18.11,19.07,7.25,7.27,7.31,7.31,10.77,7.33,8.25,8.36,8.27,12.04,12.19,12.72,13.26,7.23,7.13,7.16,7.03,9.25,7.06,7.04,7.06,7.84,11.90,12.39,12.53,14.62,7.73,7.79,7.74,7.90,9.30,8.02,7.97,7.97,7.98,7.99,7.65,12.42,16.45,8.11,7.95,8.13,7.99,9.05,7.93,8.97,8.98,9.08,14.50,23.72,23.43,20.29,9.11,9.17,9.12,9.14,12.79,9.27,12.35,13.21,14.17,13.77,19.60,12.28,12.06,11.89,12.90,9.71,8.81,12.50,14.13,9.26,9.36,11.72,12.20,13.46,13.04,12.45,12.62,17.27,13.91,11.92,12.61,13.26,14.56,15.17,14.37,14.49,16.13,16.92,0.00,0.00,0.00,0.00,0.00,14.99,0.00,0.00,0.00,0.00,0.00,0.00,0.00,0.00,0.00,0.00,0.00,16.48,16.48,0.00,0.00,0.00,0.00,0.00,0.00,0.00,0.00,0.00,0.00,0.00,0.00,0.00,0.00,0.00,0.00,40.00,42.14,42.00,43.20,0.00,0.00,0.00,25.00,0.00,38.47,0.00,30.00,0.00,0.00,0.00,0.00,0.00,0.00,0.00,0.00,0.00,30.00,30.00,0.00,0.00,0.00,0.00,0.00,0.00,0.00,0.00,0.00,0.00,0.00,0.00,0.00,20.28,19.73,22.88,30.61,29.14,25.13,27.48,27.82,26.48,26.69,28.36,25.63,25.85,28.18,35.00,34.27,20.89,22.98,24.76,17.77,34.06,40.17,28.63,23.13,34.87,28.73,14.10,14.05,14.13,..,..,..,..,..,..,..,..,..,..
"Pineapple, Native",..CORDILLERA ADMINISTRATIVE REGION (CAR),0.00,0.00,0.00,0.00,0.00,0.00,0.00,0.00,0.00,0.00,0.00,0.00,0.00,0.00,0.00,0.00,0.00,0.00,0.00,0.00,0.00,0.00,0.00,0.00,0.00,0.00,0.00,0.00,0.00,0.00,0.00,0.00,0.00,0.00,0.00,0.00,0.00,0.00,0.00,0.00,0.00,0.00,0.00,0.00,12.16,11.17,0.00,0.00,0.00,0.00,0.00,11.67,0.00,0.00,0.00,0.00,0.00,7.38,7.47,0.00,0.00,0.00,0.00,0.00,7.43,0.00,0.00,0.00,0.00,0.00,18.64,13.25,0.00,0.00,0.00,0.00,0.00,15.95,0.00,0.00,0.00,0.00,0.00,12.00,12.13,0.00,0.00,0.00,0.00,0.00,12.07,0.00,0.00,0.00,0.00,0.00,13.70,11.05,0.00,0.00,0.00,0.00,0.00,12.38,0.00,0.00,0.00,0.00,0.00,17.81,16.92,0.00,0.00,0.00,0.00,0.00,17.37,0.00,0.00,0.00,0.00,0.00,0.00,0.00,0.00,0.00,0.00,0.00,0.00,0.00,0.00,0.00,0.00,0.00,0.00,0.00,0.00,0.00,0.00,0.00,0.00,0.00,0.00,0.00,0.00,0.00,0.00,0.00,0.00,0.00,0.00,0.00,0.00,0.00,0.00,0.00,0.00,0.00,0.00,0.00,0.00,0.00,0.00,0.00,0.00,0.00,0.00,0.00,0.00,0.00,0.00,0.00,0.00,0.00,0.00,0.00,0.00,0.00,0.00,0.00,0.00,0.00,0.00,0.00,50.00,30.00,30.00,30.00,29.06,30.00,30.00,0.00,0.00,0.00,32.72,0.00,0.00,50.00,27.50,27.50,50.00,27.00,30.00,30.00,13.67,49.62,0.00,33.92,0.00,0.00,0.00,..,..,..,..,..,..,..,..,..,..
"Pineapple, Native",..REGION I (ILOCOS REGION),0.00,0.00,0.00,0.00,0.00,0.00,0.00,0.00,0.00,0.00,0.00,0.00,0.00,0.00,0.00,0.00,0.00,0.00,0.00,0.00,0.00,0.00,0.00,0.00,0.00,0.00,0.00,0.00,0.00,0.00,0.00,0.00,0.00,0.00,0.00,0.00,0.00,0.00,0.00,0.00,0.00,0.00,0.00,0.00,0.00,0.00,0.00,0.00,0.00,0.00,0.00,0.00,0.00,0.00,0.00,0.00,0.00,0.00,0.00,0.00,0.00,0.00,0.00,0.00,0.00,0.00,0.00,0.00,0.00,0.00,0.00,0.00,0.00,0.00,0.00,0.00,0.00,0.00,0.00,0.00,0.00,0.00,0.00,0.00,0.00,0.00,0.00,0.00,0.00,0.00,0.00,0.00,0.00,0.00,0.00,0.00,0.00,0.00,0.00,0.00,0.00,0.00,0.00,0.00,0.00,0.00,0.00,0.00,0.00,0.00,0.00,0.00,0.00,0.00,0.00,0.00,0.00,0.00,0.00,0.00,0.00,0.00,0.00,0.00,0.00,0.00,0.00,0.00,0.00,0.00,0.00,0.00,0.00,0.00,0.00,0.00,0.00,0.00,0.00,0.00,0.00,0.00,0.00,0.00,0.00,0.00,0.00,0.00,0.00,0.00,0.00,0.00,0.00,0.00,0.00,0.00,0.00,0.00,0.00,0.00,0.00,0.00,0.00,0.00,0.00,0.00,0.00,0.00,0.00,0.00,0.00,0.00,0.00,0.00,0.00,0.00,0.00,0.00,0.00,0.00,0.00,0.00,0.00,0.00,0.00,18.00,25.00,18.00,50.00,38.33,50.00,0.00,20.00,20.00,29.92,0.00,0.00,0.00,30.00,30.00,30.00,50.00,50.00,50.00,50.00,50.00,50.00,43.33,40.00,40.00,35.75,..,..,..,..,..,..,..,..,..,..
"Pineapple, Native",..REGION II (CAGAYAN VALLEY),0.00,0.00,0.00,0.00,0.00,0.00,0.00,0.00,0.00,0.00,0.00,0.00,0.00,0.00,0.00,0.00,0.00,0.00,0.00,0.00,0.00,0.00,0.00,0.00,0.00,0.00,0.00,0.00,0.00,0.00,0.00,0.00,0.00,0.00,0.00,0.00,0.00,0.00,0.00,0.00,0.00,0.00,0.00,0.00,0.00,0.00,0.00,0.00,0.00,0.00,0.00,0.00,0.00,0.00,0.00,0.00,0.00,0.00,0.00,0.00,0.00,0.00,0.00,0.00,0.00,0.00,0.00,0.00,0.00,0.00,39.61,42.87,0.00,0.00,0.00,0.00,0.00,41.24,0.00,0.00,0.00,0.00,0.00,33.01,0.00,0.00,0.00,0.00,0.00,0.00,33.01,0.00,0.00,0.00,0.00,0.00,0.00,0.00,0.00,0.00,0.00,0.00,0.00,0.00,0.00,0.00,0.00,0.00,0.00,0.00,0.00,0.00,0.00,0.00,0.00,0.00,0.00,0.00,0.00,0.00,0.00,0.00,0.00,0.00,0.00,0.00,0.00,0.00,0.00,0.00,0.00,0.00,0.00,0.00,0.00,0.00,0.00,0.00,0.00,0.00,0.00,0.00,0.00,0.00,0.00,0.00,0.00,0.00,0.00,0.00,0.00,0.00,0.00,0.00,0.00,0.00,0.00,0.00,0.00,0.00,0.00,0.00,0.00,0.00,0.00,0.00,0.00,0.00,0.00,0.00,0.00,0.00,0.00,0.00,0.00,0.00,0.00,0.00,0.00,0.00,0.00,0.00,0.00,0.00,0.00,0.00,30.00,25.62,22.11,0.00,0.00,32.72,23.00,0.00,26.69,0.00,0.00,0.00,31.86,28.00,34.97,19.14,20.00,25.00,35.00,0.00,0.00,27.71,0.00,0.00,0.00,..,..,..,..,..,..,..,..,..,..
"Pineapple, Native",..REGION III (CENTRAL LUZON),0.00,0.00,0.00,0.00,0.00,0.00,0.00,0.00,0.00,0.00,0.00,0.00,0.00,0.00,0.00,0.00,0.00,0.00,0.00,0.00,0.00,0.00,0.00,0.00,0.00,0.00,0.00,0.00,0.00,0.00,0.00,0.00,0.00,0.00,0.00,0.00,0.00,0.00,0.00,0.00,0.00,0.00,0.00,0.00,0.00,0.00,0.00,0.00,0.00,0.00,0.00,0.00,0.00,0.00,0.00,0.00,0.00,0.00,0.00,0.00,0.00,0.00,0.00,0.00,0.00,0.00,0.00,0.00,0.00,0.00,0.00,0.00,0.00,0.00,0.00,0.00,0.00,0.00,0.00,0.00,0.00,0.00,0.00,0.00,0.00,0.00,0.00,0.00,0.00,0.00,0.00,0.00,0.00,0.00,0.00,0.00,0.00,0.00,0.00,0.00,0.00,0.00,0.00,0.00,0.00,0.00,0.00,0.00,0.00,0.00,0.00,0.00,0.00,0.00,0.00,0.00,0.00,0.00,0.00,0.00,0.00,0.00,0.00,0.00,0.00,0.00,0.00,0.00,0.00,0.00,0.00,0.00,0.00,0.00,0.00,0.00,0.00,0.00,0.00,0.00,0.00,0.00,0.00,0.00,0.00,0.00,0.00,0.00,0.00,0.00,0.00,0.00,0.00,0.00,0.00,0.00,0.00,0.00,0.00,0.00,0.00,0.00,0.00,0.00,0.00,0.00,0.00,0.00,0.00,0.00,0.00,0.00,0.00,0.00,0.00,0.00,0.00,0.00,0.00,0.00,0.00,0.00,0.00,0.00,0.00,0.00,0.00,0.00,0.00,0.00,0.00,0.00,0.00,0.00,0.00,35.00,0.00,0.00,0.00,100.00,60.09,0.00,0.00,0.00,0.00,0.00,0.00,65.03,30.00,35.00,40.00,..,..,..,..,..,..,..,..,..,..
"Pineapple, Native",..REGION IV-A (CALABARZON),0.00,0.00,0.00,0.00,0.00,0.00,0.00,0.00,0.00,0.00,0.00,0.00,0.00,0.00,0.00,0.00,0.00,0.00,0.00,0.00,0.00,0.00,0.00,0.00,0.00,0.00,0.00,0.00,0.00,0.00,0.00,0.00,0.00,0.00,0.00,0.00,0.00,0.00,0.00,0.00,0.00,0.00,0.00,0.00,0.00,0.00,0.00,0.00,0.00,0.00,0.00,0.00,0.00,0.00,0.00,0.00,0.00,0.00,0.00,0.00,0.00,0.00,0.00,0.00,0.00,0.00,0.00,0.00,0.00,0.00,0.00,0.00,0.00,0.00,0.00,0.00,0.00,0.00,0.00,0.00,0.00,0.00,0.00,0.00,0.00,0.00,0.00,0.00,0.00,0.00,0.00,0.00,0.00,0.00,0.00,0.00,0.00,0.00,0.00,0.00,0.00,0.00,0.00,0.00,0.00,0.00,0.00,0.00,0.00,0.00,0.00,0.00,0.00,0.00,0.00,0.00,0.00,0.00,0.00,0.00,0.00,0.00,0.00,0.00,0.00,0.00,0.00,0.00,0.00,0.00,0.00,0.00,0.00,0.00,0.00,0.00,0.00,0.00,0.00,0.00,0.00,0.00,0.00,0.00,0.00,0.00,0.00,0.00,0.00,0.00,0.00,0.00,0.00,0.00,0.00,0.00,0.00,0.00,0.00,0.00,0.00,0.00,0.00,0.00,0.00,0.00,0.00,0.00,0.00,0.00,0.00,0.00,0.00,0.00,0.00,0.00,0.00,0.00,0.00,0.00,0.00,0.00,18.22,17.66,17.67,28.00,36.38,35.28,39.38,33.17,30.54,0.00,0.00,0.00,28.48,30.00,0.00,35.00,38.00,35.00,39.66,32.09,40.00,40.00,30.00,0.00,30.00,34.97,0.00,0.00,0.00,..,..,..,..,..,..,..,..,..,..
"Pineapple, Native",..MIMAROPA REGION,0.00,0.00,0.00,0.00,0.00,0.00,0.00,0.00,0.00,0.00,0.00,0.00,0.00,0.00,0.00,0.00,0.00,0.00,0.00,0.00,0.00,0.00,0.00,0.00,0.00,0.00,0.00,0.00,0.00,0.00,0.00,0.00,0.00,0.00,0.00,0.00,0.00,0.00,0.00,0.00,0.00,0.00,0.00,0.00,0.00,0.00,0.00,0.00,0.00,0.00,0.00,0.00,0.00,0.00,0.00,0.00,0.00,0.00,0.00,0.00,0.00,0.00,0.00,0.00,0.00,0.00,0.00,0.00,0.00,0.00,0.00,0.00,0.00,0.00,0.00,0.00,0.00,0.00,0.00,0.00,0.00,0.00,0.00,0.00,0.00,0.00,0.00,0.00,0.00,0.00,0.00,0.00,0.00,0.00,0.00,0.00,0.00,0.00,0.00,0.00,0.00,0.00,0.00,0.00,0.00,0.00,0.00,0.00,0.00,0.00,0.00,0.00,0.00,0.00,0.00,0.00,0.00,0.00,0.00,0.00,0.00,0.00,0.00,0.00,0.00,0.00,0.00,0.00,0.00,0.00,0.00,0.00,0.00,0.00,0.00,0.00,0.00,0.00,0.00,0.00,0.00,0.00,0.00,0.00,0.00,0.00,0.00,0.00,0.00,0.00,0.00,0.00,0.00,0.00,0.00,0.00,0.00,0.00,0.00,0.00,0.00,0.00,0.00,0.00,0.00,0.00,0.00,0.00,0.00,0.00,0.00,0.00,0.00,0.00,0.00,0.00,0.00,0.00,0.00,0.00,0.00,0.00,7.00,7.00,7.00,0.00,49.25,15.00,15.71,0.00,50.00,15.00,15.00,0.00,20.11,10.00,9.00,8.00,14.00,14.00,100.00,40.91,30.00,30.00,0.00,0.00,0.00,28.43,42.95,25.00,25.00,..,..,..,..,..,..,..,..,..,..
"Pineapple, Native",..REGION V (BICOL REGION),0.00,0.00,0.00,0.00,0.00,0.00,0.00,0.00,0.00,0.00,0.00,0.00,0.00,0.00,0.00,0.00,0.00,0.00,0.00,0.00,0.00,0.00,0.00,0.00,0.00,0.00,0.00,0.00,0.00,0.00,0.00,0.00,0.00,0.00,0.00,0.00,0.00,0.00,0.00,0.00,0.00,0.00,0.00,0.00,0.00,0.00,0.00,0.00,0.00,0.00,0.00,0.00,0.00,0.00,0.00,0.00,0.00,0.00,0.00,0.00,0.00,0.00,0.00,0.00,0.00,0.00,0.00,0.00,0.00,0.00,0.00,0.00,0.00,0.00,0.00,0.00,0.00,0.00,0.00,0.00,0.00,0.00,0.00,0.00,0.00,0.00,0.00,0.00,0.00,0.00,0.00,0.00,0.00,0.00,0.00,0.00,0.00,0.00,0.00,0.00,0.00,0.00,0.00,0.00,0.00,0.00,0.00,0.00,0.00,0.00,0.00,0.00,0.00,0.00,0.00,0.00,0.00,0.00,0.00,0.00,0.00,0.00,0.00,0.00,0.00,0.00,0.00,0.00,0.00,0.00,0.00,0.00,0.00,0.00,0.00,0.00,0.00,0.00,0.00,0.00,0.00,0.00,0.00,0.00,0.00,0.00,0.00,0.00,0.00,0.00,0.00,0.00,0.00,0.00,0.00,0.00,0.00,0.00,0.00,0.00,0.00,0.00,0.00,0.00,0.00,0.00,0.00,0.00,0.00,0.00,0.00,0.00,0.00,0.00,0.00,0.00,0.00,0.00,0.00,0.00,0.00,0.00,35.00,35.00,25.00,0.00,20.00,46.58,19.87,0.00,40.00,20.00,0.00,0.00,30.18,28.00,40.00,30.00,0.00,0.00,30.00,23.41,28.38,54.77,27.45,0.00,0.00,32.75,18.00,18.00,18.00,..,..,..,..,..,..,..,..,..,..
"Pineapple, Native",..REGION VI (WESTERN VISAYAS),0.00,0.00,0.00,0.00,0.00,0.00,0.00,0.00,0.00,0.00,0.00,0.00,0.00,0.00,0.00,0.00,0.00,0.00,0.00,0.00,0.00,0.00,0.00,0.00,0.00,0.00,0.00,0.00,0.00,0.00,0.00,0.00,0.00,0.00,0.00,0.00,0.00,0.00,0.00,0.00,0.00,0.00,0.00,0.00,0.00,0.00,0.00,0.00,0.00,0.00,0.00,0.00,0.00,0.00,0.00,0.00,0.00,0.00,0.00,0.00,0.00,0.00,0.00,0.00,0.00,0.00,0.00,0.00,0.00,0.00,0.00,0.00,0.00,0.00,0.00,0.00,0.00,0.00,0.00,0.00,0.00,0.00,0.00,0.00,0.00,0.00,0.00,0.00,0.00,0.00,0.00,0.00,0.00,0.00,0.00,0.00,0.00,0.00,0.00,0.00,0.00,0.00,0.00,0.00,0.00,0.00,0.00,0.00,0.00,0.00,0.00,0.00,0.00,0.00,0.00,0.00,0.00,0.00,0.00,0.00,0.00,0.00,0.00,0.00,0.00,0.00,0.00,0.00,0.00,0.00,0.00,0.00,0.00,0.00,0.00,0.00,0.00,0.00,0.00,0.00,0.00,0.00,0.00,0.00,0.00,0.00,0.00,0.00,0.00,0.00,0.00,0.00,0.00,0.00,0.00,0.00,0.00,0.00,0.00,0.00,0.00,0.00,0.00,0.00,0.00,0.00,0.00,0.00,0.00,0.00,0.00,0.00,0.00,0.00,0.00,0.00,0.00,0.00,0.00,0.00,0.00,0.00,0.00,0.00,0.00,0.00,0.00,6.25,30.00,20.00,0.00,30.00,0.00,0.00,21.56,0.00,0.00,0.00,25.00,60.00,60.00,30.82,35.74,33.33,25.00,25.00,25.00,35.54,0.00,0.00,30.00,..,..,..,..,..,..,..,..,..,..
"Pineapple, Native",..NEGROS ISLAND REGION (NIR) 2/,..,..,..,..,..,..,..,..,..,..,..,..,..,..,..,..,..,..,..,..,..,..,..,..,..,..,..,..,..,..,..,..,..,..,..,..,..,..,..,..,..,..,..,..,..,..,..,..,..,..,..,..,..,..,..,..,..,..,..,..,..,..,..,..,..,..,..,..,..,..,..,..,..,..,..,..,..,..,..,..,..,..,..,..,..,..,..,..,..,..,..,..,..,..,..,..,..,..,..,..,..,..,..,..,..,..,..,..,..,..,..,..,..,..,..,..,..,..,..,..,..,..,..,..,..,..,..,..,..,..,..,..,..,..,..,..,..,..,..,..,..,..,..,..,..,..,..,..,..,..,..,..,..,..,..,..,..,..,..,..,..,..,..,..,..,..,..,..,..,..,..,..,..,..,..,..,..,..,..,..,..,..,0.00,10.00,8.00,0.00,0.00,0.00,20.00,0.00,0.00,20.00,0.00,0.00,14.50,0.00,0.00,0.00,0.00,0.00,0.00,0.00,0.00,0.00,0.00,0.00,0.00,0.00,0.00,0.00,0.00,..,..,..,..,..,..,..,..,..,..
Ampalaya fruit [Bitter gourd],PHILIPPINES,26.56,24.34,24.30,23.68,23.17,23.66,24.35,20.06,17.98,24.34,28.57,27.00,24.00,32.07,30.44,29.16,27.89,28.07,30.52,27.67,28.39,29.67,36.02,31.98,30.44,30.19,28.89,28.97,26.47,26.41,26.41,26.75,27.78,31.28,30.31,30.16,30.03,28.90,28.53,31.99,29.62,28.28,25.82,26.82,27.89,26.40,27.36,28.22,31.81,35.06,31.95,29.27,35.86,30.89,28.80,26.63,25.01,26.53,31.82,28.29,29.39,28.04,28.26,32.25,29.31,35.55,32.38,31.73,31.01,29.34,30.67,35.42,31.06,29.01,37.01,35.53,37.79,33.04,34.48,32.38,30.96,32.45,32.76,34.08,32.92,30.99,31.66,38.85,37.05,38.49,33.92,40.90,37.54,34.67,30.35,28.96,32.23,32.93,33.14,34.73,38.11,39.12,41.93,35.38,47.29,45.24,41.76,36.45,35.36,40.99,42.39,42.84,44.15,39.89,41.03,38.42,41.32,44.73,40.06,41.32,41.99,39.51,41.05,40.53,37.45,40.55,39.70,44.22,43.71,41.24,42.53,41.61,42.76,41.49,40.89,38.71,33.98,34.25,34.61,40.21,54.94,56.63,41.88,59.20,46.96,41.09,38.34,36.53,40.84,41.09,43.89,45.64,46.37,41.86,46.43,44.02,52.60,49.88,46.51,46.95,46.31,47.24,44.77,42.23,44.16,49.59,56.68,53.69,48.38,60.31,55.77,52.10,45.51,41.24,39.80,43.36,48.28,50.22,44.98,45.29,46.50,47.78,50.26,50.55,51.56,47.20,47.59,52.44,48.34,47.49,50.62,48.09,50.64,54.55,49.94,54.73,48.52,43.91,64.66,51.99,60.93,58.00,78.08,72.33,54.40,61.09,80.91,60.80,49.81,54.24,55.10,..,..,..,..,..,..,..,..,..,..
Ampalaya fruit [Bitter gourd],..CORDILLERA ADMINISTRATIVE REGION (CAR),25.47,21.30,20.45,22.06,21.08,18.62,0.00,19.04,15.43,25.47,36.03,29.44,23.13,28.26,24.08,26.22,26.00,26.92,27.07,21.08,17.04,28.65,56.04,42.67,29.87,29.49,24.28,21.48,17.06,22.61,25.15,23.86,22.88,35.92,31.14,36.27,33.83,22.05,26.38,19.98,17.76,25.67,19.41,26.27,30.69,24.22,23.14,22.96,27.37,28.27,23.82,24.13,25.13,19.90,25.29,24.27,24.03,29.01,28.92,27.60,31.48,29.94,25.65,26.87,26.51,25.40,23.34,30.70,31.55,31.23,32.68,41.54,35.20,38.58,50.61,41.92,35.77,34.88,32.00,27.99,24.19,22.48,28.06,26.74,28.39,27.90,29.62,30.77,36.11,37.95,29.35,32.03,24.57,24.48,21.38,22.50,23.98,24.71,22.09,25.56,25.96,22.83,27.70,24.82,34.33,31.74,40.61,29.08,29.26,31.09,29.54,40.18,38.00,38.07,36.01,35.24,34.43,30.96,20.42,21.51,29.80,29.22,35.57,25.04,34.03,52.56,39.77,44.63,49.79,34.44,44.96,37.34,47.28,38.76,46.28,43.93,37.04,32.88,23.38,35.50,54.36,84.95,43.89,74.79,35.17,25.63,34.08,36.70,31.05,31.40,56.78,34.14,55.61,35.71,40.59,40.97,42.24,34.78,34.26,45.30,39.58,48.54,48.10,29.16,33.05,47.80,56.19,49.81,42.40,69.37,50.89,50.00,41.01,37.20,28.26,37.11,55.40,54.60,47.34,43.27,44.13,46.55,50.34,44.50,52.35,41.30,39.83,39.71,48.84,54.67,55.91,45.13,47.18,50.00,47.48,55.06,55.29,55.45,37.38,55.90,44.33,44.16,45.26,55.08,56.95,76.67,39.97,51.79,38.16,41.37,41.92,..,..,..,..,..,..,..,..,..,..
Ampalaya fruit [Bitter gourd],..REGION I (ILOCOS REGION),21.85,18.69,19.27,20.17,21.62,26.21,28.82,21.63,21.23,39.96,36.31,25.54,25.11,27.64,27.62,27.15,23.27,29.13,32.06,31.61,29.55,40.08,49.51,37.01,34.99,32.47,27.85,26.68,24.41,27.15,27.15,28.29,31.42,42.96,35.31,33.82,29.13,30.12,30.36,31.45,26.68,27.36,24.87,26.42,28.16,26.23,30.36,32.05,36.60,35.46,33.10,29.90,31.12,23.93,22.82,25.18,25.51,26.27,33.53,25.06,32.20,24.38,23.10,27.50,26.72,26.62,23.97,26.74,24.40,24.91,28.16,46.80,38.75,26.62,56.34,49.30,40.15,34.40,30.40,24.65,25.68,27.65,22.83,29.95,27.93,32.96,32.36,56.73,37.06,42.12,32.53,37.46,28.01,24.36,24.40,26.58,30.16,30.84,33.21,31.88,35.64,34.28,40.42,31.44,37.54,39.29,36.14,31.38,30.72,52.80,48.95,47.91,60.43,40.31,39.51,33.36,41.53,36.38,28.47,29.71,33.63,30.12,38.45,36.01,34.35,37.88,41.07,47.15,40.06,36.11,29.69,30.73,32.30,33.03,33.65,36.61,31.72,30.09,36.47,40.98,60.75,49.55,37.13,46.55,37.04,30.57,24.88,30.65,38.59,45.73,51.52,39.83,47.08,35.76,33.85,38.50,30.19,30.54,33.09,32.54,42.44,43.85,38.24,35.57,42.61,55.47,50.17,60.45,41.26,53.88,49.35,42.65,39.90,37.24,39.53,39.54,58.44,54.89,36.68,41.46,42.41,44.66,47.97,51.57,44.21,42.53,51.31,50.52,47.67,48.40,57.19,54.34,62.29,88.00,53.83,49.55,40.66,39.59,42.21,41.72,41.87,50.20,62.11,55.18,54.12,56.52,77.58,50.94,45.75,46.52,53.42,..,..,..,..,..,..,..,..,..,..
Ampalaya fruit [Bitter gourd],..REGION II (CAGAYAN VALLEY),21.66,14.13,16.48,18.01,18.63,19.98,18.72,11.31,9.49,22.25,37.90,32.53,20.09,29.98,18.72,17.76,18.64,22.66,32.00,27.24,24.32,29.68,54.63,36.79,32.66,28.76,25.73,25.78,20.08,19.78,25.42,26.36,22.63,30.52,26.77,24.56,24.09,23.04,24.56,28.45,23.62,21.01,22.10,20.90,25.24,20.64,22.03,22.15,31.59,33.87,28.09,24.97,34.92,22.98,22.42,16.73,18.26,22.77,24.93,22.03,21.49,21.11,23.03,33.12,23.65,32.83,34.91,24.29,20.69,19.30,26.63,37.96,28.47,22.93,42.13,39.23,59.14,32.38,37.93,30.18,25.06,24.62,26.75,24.30,29.55,26.38,27.98,43.85,38.44,43.22,31.52,36.36,32.53,27.27,17.13,18.68,25.27,24.44,26.34,30.08,32.58,32.81,37.02,28.38,41.68,38.81,32.38,24.86,28.01,41.02,43.56,45.37,48.26,30.77,38.91,35.77,37.45,39.59,29.47,27.78,28.30,25.56,32.19,34.63,31.07,39.70,36.85,44.54,45.38,34.59,37.72,31.15,29.03,30.33,33.33,25.95,21.75,21.54,24.31,26.98,57.38,75.81,34.61,67.27,34.60,25.94,24.95,23.28,29.15,30.20,36.05,36.26,43.64,27.18,36.71,34.60,71.80,65.13,57.42,66.14,55.09,65.70,61.86,56.96,61.01,70.85,60.75,86.08,64.90,60.49,50.91,40.12,26.20,30.81,31.12,36.35,52.63,41.61,42.12,33.88,37.87,40.34,39.81,31.07,37.11,72.84,78.57,83.76,50.12,50.61,56.54,34.96,46.61,69.83,54.32,61.37,43.69,40.27,37.08,35.90,49.11,35.26,34.14,37.27,34.57,45.18,51.84,42.14,54.08,49.88,42.89,..,..,..,..,..,..,..,..,..,..
Ampalaya fruit [Bitter gourd],..REGION III (CENTRAL LUZON),21.35,18.58,17.92,17.65,19.67,22.48,29.45,15.96,12.57,26.66,32.15,25.34,21.65,26.14,26.43,22.44,22.89,26.57,29.89,24.68,26.82,29.05,41.74,32.31,34.48,28.62,25.09,26.67,23.72,23.74,22.87,25.68,28.01,41.21,35.62,27.69,26.28,21.68,27.36,31.03,28.57,28.59,22.47,25.53,28.25,20.64,27.25,31.61,37.29,32.78,29.94,28.66,33.31,25.02,23.22,19.07,22.03,24.83,31.33,23.45,29.15,25.47,22.73,30.47,25.84,30.34,29.23,29.55,27.56,26.53,26.82,47.11,30.39,23.31,63.70,37.45,44.48,34.71,34.71,26.45,22.03,30.64,27.56,28.40,31.26,32.67,31.85,54.85,38.90,39.06,33.20,37.76,31.89,27.31,22.05,22.37,30.17,28.99,24.83,27.04,37.32,39.58,31.17,30.04,39.93,45.90,40.06,32.74,32.41,45.63,50.73,50.77,47.68,35.38,38.69,27.75,40.64,51.06,33.16,39.45,40.94,36.74,39.40,31.75,30.45,44.68,34.54,51.96,50.07,40.35,35.14,39.63,42.79,39.46,38.37,36.38,27.87,30.38,34.97,52.05,72.04,76.34,43.79,60.27,38.20,36.52,25.56,24.91,37.02,40.52,42.36,60.19,39.58,31.15,39.89,39.68,43.21,49.42,45.23,42.50,49.09,42.33,39.02,35.87,41.81,49.86,66.53,48.46,46.11,67.48,68.67,62.71,47.99,41.77,42.13,58.73,52.91,62.41,36.91,40.18,49.28,52.60,60.18,61.43,68.51,42.65,48.12,53.84,51.37,44.38,76.88,63.93,67.38,67.72,58.87,63.12,58.74,47.34,120.12,62.25,68.69,42.16,60.23,73.55,67.68,89.66,71.57,68.76,56.61,58.30,55.00,..,..,..,..,..,..,..,..,..,..
Ampalaya fruit [Bitter gourd],..REGION IV-A (CALABARZON),23.67,21.74,22.18,18.98,23.23,23.89,25.17,17.13,14.60,25.23,29.26,25.46,22.55,32.66,30.59,32.02,24.97,21.84,29.03,20.36,28.78,30.07,44.74,35.10,26.98,29.76,26.86,26.68,27.14,25.71,23.81,22.46,26.90,28.23,29.76,30.69,27.85,25.74,26.82,31.34,25.72,28.97,24.13,27.93,25.15,20.29,23.60,28.29,34.72,35.06,29.51,27.89,33.14,29.83,27.22,18.56,21.45,25.67,46.50,31.49,26.11,19.65,22.99,29.45,27.67,35.69,37.48,38.10,29.47,28.68,29.25,38.94,28.62,28.33,35.56,37.97,41.70,34.15,31.64,28.55,27.70,33.97,30.86,34.48,28.10,32.21,31.35,58.14,41.42,40.79,34.93,42.09,35.76,34.55,26.42,23.07,32.24,30.23,28.71,30.95,41.29,42.68,40.17,34.01,51.33,52.08,44.78,35.85,31.73,47.46,54.12,40.98,47.79,38.71,45.92,29.50,43.35,51.70,34.76,38.07,35.05,32.55,38.74,32.96,27.18,43.47,37.02,47.45,47.82,38.90,35.82,38.66,44.96,37.34,41.00,30.03,23.31,32.76,36.91,45.26,100.74,57.98,43.73,58.12,48.44,34.32,28.05,26.76,37.22,41.78,42.87,56.68,40.45,29.89,42.59,40.60,46.77,47.83,37.58,47.05,44.19,41.68,31.38,32.47,38.78,51.64,77.33,53.33,45.84,72.73,63.18,64.16,43.28,35.82,35.83,46.76,46.54,70.04,45.17,51.41,49.95,52.07,61.98,61.99,56.57,56.16,58.77,66.27,48.32,51.16,55.60,41.81,73.12,62.50,57.85,63.28,54.62,29.40,38.44,41.47,58.20,68.81,87.77,90.73,57.85,68.06,99.27,63.16,43.03,59.86,63.54,..,..,..,..,..,..,..,..,..,..
Ampalaya fruit [Bitter gourd],..MIMAROPA REGION,34.07,32.58,31.78,31.05,31.68,32.38,32.50,24.43,18.75,24.63,29.11,33.20,29.68,39.42,37.72,34.75,34.18,32.68,36.06,34.65,37.11,36.10,39.76,40.21,38.76,36.78,39.29,37.60,33.62,30.94,28.84,30.79,32.04,36.09,36.64,38.81,37.25,38.59,35.04,35.36,36.87,34.73,33.15,34.59,35.10,31.21,32.34,34.00,40.22,44.73,44.76,36.42,42.83,40.77,38.39,33.92,34.41,32.00,35.39,34.53,36.65,34.58,35.60,37.68,36.40,40.91,41.98,36.77,39.28,33.87,36.67,36.52,34.52,33.36,35.04,39.24,43.54,37.64,48.36,45.65,36.63,37.04,37.11,41.13,40.44,34.68,35.68,41.74,43.12,42.66,40.35,58.36,45.94,43.11,39.31,34.62,37.93,38.06,40.27,41.29,45.74,52.04,56.03,44.39,52.34,50.90,56.15,47.49,42.76,47.85,50.99,52.62,51.77,45.30,44.37,45.32,48.99,57.26,53.94,55.49,52.90,49.90,49.54,47.44,44.80,44.41,44.24,47.43,50.84,49.85,56.71,51.91,48.51,47.86,45.44,45.35,40.05,41.71,41.00,43.75,61.76,66.41,49.21,67.45,56.10,45.05,37.19,40.31,49.55,44.04,44.51,47.56,51.59,53.09,54.73,49.26,61.27,59.22,58.29,51.25,51.74,49.86,54.95,48.75,49.44,52.84,60.20,57.22,54.59,76.11,66.32,56.93,53.71,45.82,44.98,46.49,50.20,56.63,53.44,53.03,53.86,54.79,59.14,57.68,52.98,39.00,36.36,58.40,56.37,60.75,62.77,57.62,50.19,60.00,54.27,54.29,40.78,84.09,56.43,55.99,48.44,69.69,56.49,55.28,58.23,48.65,55.00,56.95,79.04,72.82,72.24,..,..,..,..,..,..,..,..,..,..
Ampalaya fruit [Bitter gourd],..REGION V (BICOL REGION),31.32,29.07,27.14,25.68,28.03,28.59,30.55,25.07,19.70,26.47,27.10,29.44,27.35,42.32,32.44,34.04,33.60,35.14,33.69,32.18,34.42,32.07,39.83,38.54,40.68,35.75,36.95,39.19,37.40,33.76,35.03,32.02,33.62,35.01,36.93,38.36,38.42,39.80,36.37,43.98,38.99,33.84,30.15,32.09,28.75,27.93,33.17,31.57,36.84,37.48,42.47,34.77,43.48,39.10,33.60,31.09,27.03,29.96,53.80,40.46,37.85,34.61,34.83,47.26,37.76,50.79,41.95,34.77,31.73,28.28,29.42,32.38,32.75,31.72,36.41,35.37,47.24,36.07,44.81,34.43,36.07,32.37,33.50,32.83,34.71,32.66,34.38,41.01,47.62,46.94,37.61,49.56,43.64,38.58,30.07,25.69,30.47,33.58,34.16,37.25,38.14,42.14,54.93,38.18,79.76,69.33,53.57,44.00,43.13,43.34,45.39,44.86,44.71,47.02,48.52,46.61,50.85,58.44,49.40,47.86,48.88,43.16,42.01,44.13,41.77,41.08,44.94,51.98,56.11,47.48,58.76,50.61,46.16,43.79,46.02,35.28,34.14,39.90,34.85,50.94,63.55,69.91,47.83,92.58,50.37,43.23,37.90,35.25,38.33,38.79,44.69,50.29,55.57,45.94,61.26,49.52,60.55,59.95,54.73,52.23,49.39,54.75,45.39,45.95,51.67,58.20,75.97,63.49,56.02,74.33,64.93,64.92,53.36,39.36,39.77,43.02,53.76,59.08,54.76,57.49,61.93,55.56,69.99,68.44,68.59,48.74,35.94,61.11,53.94,59.50,50.97,56.90,62.10,68.44,58.72,58.61,62.44,67.61,58.22,50.64,46.33,58.00,47.58,58.19,57.25,76.55,120.00,63.45,87.88,58.24,45.19,..,..,..,..,..,..,..,..,..,..
Ampalaya fruit [Bitter gourd],..REGION VI (WESTERN VISAYAS),27.51,25.15,26.20,24.18,23.59,25.78,27.87,22.07,17.47,23.10,25.97,27.19,24.67,31.20,29.38,27.43,28.37,28.22,28.54,29.92,32.89,32.91,33.67,30.97,29.53,30.25,30.13,26.20,26.39,28.82,28.24,30.98,31.27,30.90,31.06,31.86,31.15,30.54,29.80,31.24,29.43,24.62,23.16,26.47,28.35,28.77,27.76,29.17,32.61,51.47,38.70,30.98,39.06,31.95,26.54,23.47,23.60,25.15,30.83,29.17,34.32,37.22,30.89,35.95,30.68,36.95,33.36,32.42,29.92,29.19,31.58,37.25,36.52,32.48,33.76,35.13,37.21,33.81,33.75,31.17,29.96,32.92,37.04,35.71,39.69,35.56,28.40,34.45,35.71,39.66,34.50,44.16,41.39,36.69,35.16,34.02,38.36,37.15,34.44,36.66,42.64,42.78,53.52,39.75,55.31,45.39,41.61,38.31,38.60,39.80,43.68,45.14,49.20,43.81,45.84,45.11,44.32,47.68,44.44,47.22,44.49,49.59,47.58,50.88,46.93,46.58,44.04,50.75,45.30,47.12,52.23,52.53,49.73,48.34,42.41,44.00,38.55,37.92,39.21,43.60,57.42,61.39,47.28,57.58,53.32,48.52,44.95,41.72,51.81,49.18,45.89,49.94,53.11,54.27,57.79,50.67,62.40,50.19,40.19,45.87,44.73,48.93,49.95,48.80,51.28,52.24,77.62,62.79,52.92,67.88,61.63,52.99,50.11,45.44,50.36,52.35,53.77,52.52,49.29,52.75,52.30,53.45,52.98,53.78,53.89,53.01,54.13,58.03,49.91,47.18,47.77,45.34,62.14,57.41,52.97,55.24,54.15,48.70,48.51,59.98,59.27,47.47,55.09,48.31,57.61,57.74,55.00,53.92,50.83,53.09,56.63,..,..,..,..,..,..,..,..,..,..
Ampalaya fruit [Bitter gourd],..NEGROS ISLAND REGION (NIR) 2/,0.00,0.00,0.00,0.00,0.00,0.00,0.00,0.00,0.00,0.00,0.00,0.00,0.00,0.00,0.00,0.00,0.00,0.00,0.00,0.00,0.00,0.00,0.00,0.00,0.00,0.00,0.00,0.00,0.00,0.00,0.00,0.00,0.00,0.00,0.00,0.00,0.00,0.00,0.00,0.00,0.00,0.00,0.00,0.00,0.00,0.00,0.00,0.00,0.00,0.00,0.00,0.00,0.00,0.00,0.00,0.00,0.00,0.00,0.00,0.00,0.00,0.00,0.00,0.00,0.00,0.00,0.00,0.00,0.00,0.00,0.00,0.00,0.00,0.00,0.00,0.00,0.00,0.00,0.00,0.00,0.00,0.00,0.00,0.00,0.00,0.00,0.00,0.00,0.00,0.00,0.00,0.00,0.00,0.00,0.00,0.00,0.00,0.00,0.00,0.00,0.00,0.00,0.00,0.00,0.00,0.00,0.00,0.00,0.00,0.00,0.00,0.00,0.00,0.00,0.00,0.00,0.00,0.00,0.00,0.00,0.00,0.00,0.00,0.00,0.00,0.00,0.00,0.00,0.00,0.00,0.00,0.00,0.00,0.00,0.00,0.00,0.00,0.00,0.00,0.00,0.00,0.00,0.00,0.00,0.00,0.00,0.00,0.00,0.00,0.00,0.00,0.00,0.00,0.00,0.00,0.00,0.00,0.00,0.00,0.00,0.00,0.00,0.00,0.00,0.00,0.00,0.00,0.00,0.00,0.00,0.00,0.00,0.00,0.00,0.00,0.00,0.00,0.00,0.00,0.00,0.00,0.00,52.73,67.50,63.40,43.45,47.54,47.26,38.11,44.03,41.01,49.06,51.12,50.67,49.65,55.00,54.16,46.95,40.20,44.41,48.09,49.98,50.44,49.85,60.36,60.74,60.00,51.68,63.42,61.78,48.69,..,..,..,..,..,..,..,..,..,..
Cabbage,PHILIPPINES,12.64,10.90,12.94,15.50,16.46,18.09,13.75,12.43,14.40,14.24,15.06,17.55,14.50,17.32,19.12,16.38,16.34,13.76,15.33,21.55,23.78,16.96,26.12,23.20,21.04,19.24,18.09,14.64,14.22,14.58,15.59,18.47,18.18,25.05,21.66,22.11,16.45,16.38,17.95,16.29,17.90,18.38,22.96,24.78,22.32,16.89,17.80,19.64,20.84,18.18,18.04,19.50,21.42,17.54,16.80,15.19,19.69,18.60,22.40,24.36,23.88,22.41,21.21,22.17,20.47,21.47,17.82,18.72,20.46,23.62,22.08,26.71,27.76,26.81,34.04,26.72,27.40,24.47,22.01,21.43,24.53,27.98,28.88,32.31,21.63,18.11,20.71,26.55,26.52,34.69,25.45,33.55,23.94,19.03,16.05,16.45,27.35,33.00,29.41,30.39,27.37,26.84,28.46,25.99,25.95,20.92,22.67,21.13,25.77,29.18,27.37,33.70,39.33,34.21,29.20,24.13,27.80,21.36,23.49,21.07,25.82,35.82,28.03,24.70,24.84,23.98,25.25,20.72,17.91,24.42,18.99,17.56,20.65,27.31,32.61,24.46,17.89,13.21,18.41,18.02,36.37,44.03,24.13,47.54,37.63,19.87,16.39,14.02,23.96,30.92,48.46,34.31,31.33,31.05,30.94,30.54,29.74,20.92,17.85,20.55,21.55,29.04,22.93,23.73,26.68,28.42,38.78,38.29,26.54,30.17,28.59,24.25,21.65,20.51,29.94,40.52,38.76,36.90,38.68,24.85,26.72,30.13,33.79,26.36,23.40,24.70,35.83,32.14,21.11,41.22,34.76,42.11,44.46,29.22,32.43,25.30,22.16,26.77,27.85,21.66,54.92,28.26,29.00,32.87,26.48,27.17,32.80,29.60,18.35,16.27,12.25,..,..,..,..,..,..,..,..,..,..
Cabbage,..CORDILLERA ADMINISTRATIVE REGION (CAR),6.55,6.91,7.48,6.06,5.88,12.13,4.91,5.67,12.56,6.33,5.53,12.39,7.70,6.46,9.35,12.92,10.84,7.10,8.79,17.72,22.16,15.46,34.83,28.18,19.05,16.07,9.48,9.21,8.82,8.59,9.73,13.46,8.04,33.62,25.10,22.79,15.93,14.63,14.95,12.30,14.39,17.43,18.01,25.62,13.71,9.39,13.32,17.93,27.54,16.57,12.97,16.60,16.45,16.11,14.10,13.34,19.62,19.73,20.02,22.76,21.53,16.30,17.48,17.78,17.94,12.63,11.81,15.12,13.54,13.09,14.71,25.29,29.78,34.34,34.86,29.35,28.34,21.91,26.85,22.36,17.22,13.83,13.56,14.97,12.92,9.27,15.53,25.33,29.20,31.02,19.34,26.15,15.44,14.31,8.80,8.62,11.63,18.49,20.28,33.74,16.38,18.59,20.23,17.72,19.64,22.63,24.18,23.20,22.79,23.46,24.57,41.66,58.24,34.37,28.78,20.21,28.64,11.79,12.63,12.85,13.04,24.92,16.00,13.20,9.60,19.46,35.39,15.05,16.16,16.67,14.83,10.12,10.81,15.21,30.56,21.45,10.53,6.85,10.64,7.97,54.41,69.66,21.92,58.03,42.92,12.55,10.93,5.21,13.29,29.60,74.64,46.05,24.43,20.78,19.76,29.85,15.22,9.01,14.05,20.53,14.50,9.14,9.21,10.42,23.53,24.30,32.32,38.59,18.40,22.13,17.11,16.53,14.94,10.88,39.68,44.16,53.73,63.00,56.22,19.30,11.86,30.80,20.02,17.35,15.30,23.31,21.59,22.54,12.06,13.59,14.00,43.31,55.70,0.00,23.52,25.17,19.45,24.80,27.97,21.26,36.11,29.73,23.35,39.59,25.80,25.76,32.49,27.62,13.77,15.62,10.59,..,..,..,..,..,..,..,..,..,..
Cabbage,..REGION I (ILOCOS REGION),6.71,11.25,14.26,0.00,0.00,0.00,0.00,0.00,0.00,0.00,0.00,12.07,11.07,11.41,12.50,12.82,13.12,0.00,0.00,0.00,0.00,0.00,0.00,0.00,10.20,12.01,9.76,10.56,13.45,14.51,0.00,0.00,0.00,0.00,0.00,0.00,0.00,9.10,11.48,11.92,12.37,13.09,17.44,0.00,0.00,0.00,0.00,0.00,0.00,0.00,7.92,12.55,5.46,7.57,9.64,5.01,0.00,0.00,0.00,0.00,0.00,0.00,0.00,10.58,7.65,5.76,8.14,10.49,13.19,0.00,0.00,0.00,0.00,0.00,51.43,27.50,26.38,20.41,17.21,12.26,15.26,24.40,0.00,0.00,0.00,0.00,0.00,0.00,30.00,31.59,21.79,21.78,12.10,6.07,6.54,0.00,0.00,0.00,0.00,0.00,0.00,16.32,8.47,11.88,8.36,13.36,16.99,0.00,0.00,0.00,0.00,0.00,0.00,0.00,30.89,9.65,15.85,10.11,17.59,9.27,13.67,0.00,0.00,0.00,0.00,0.00,0.00,20.05,14.85,14.26,6.39,6.50,10.16,8.74,0.00,0.00,0.00,0.00,0.00,0.00,31.40,35.63,16.47,47.04,43.01,18.82,17.51,0.00,0.00,0.00,0.00,0.00,67.32,36.09,17.49,35.33,9.99,7.66,14.66,18.97,0.00,0.00,0.00,0.00,0.00,54.18,40.65,40.13,26.61,20.91,20.51,21.63,21.53,0.00,0.00,0.00,0.00,0.00,57.17,23.47,22.62,26.83,22.28,20.00,20.00,20.00,20.00,20.00,0.00,0.00,0.00,0.00,0.00,40.00,23.18,8.03,0.00,0.00,25.00,20.00,20.00,0.00,0.00,0.00,0.00,45.00,40.00,26.34,40.00,37.50,50.00,..,..,..,..,..,..,..,..,..,..
Cabbage,..REGION II (CAGAYAN VALLEY),3.72,4.05,3.53,4.56,5.72,7.75,2.69,4.58,6.89,4.48,5.30,10.95,5.35,7.68,9.43,11.46,6.99,4.02,9.69,13.94,19.58,14.90,31.62,20.22,9.70,13.27,3.62,4.34,5.35,4.72,6.99,9.15,6.33,38.80,21.01,24.90,9.78,6.12,11.76,11.53,7.88,8.73,14.36,22.68,8.10,3.47,4.71,10.98,19.16,8.46,7.25,10.61,15.30,6.73,4.48,5.54,17.82,17.56,17.25,29.11,15.10,15.34,14.11,7.79,13.84,22.15,14.90,21.27,7.26,5.12,0.00,9.36,9.66,15.10,24.29,25.31,24.22,16.24,26.48,24.95,20.08,10.73,10.31,18.25,8.36,9.66,12.73,19.50,24.10,33.85,18.25,46.92,21.32,20.63,9.47,9.62,0.00,13.44,22.03,30.03,21.91,13.74,18.00,20.65,30.69,22.96,24.93,16.86,16.05,21.29,28.90,32.96,48.82,41.89,43.44,37.39,30.52,48.50,24.06,18.18,9.86,16.65,0.00,8.25,13.59,20.62,28.83,19.85,11.20,19.96,13.73,5.76,17.01,10.48,0.00,0.00,12.76,7.09,7.28,9.33,18.78,26.92,12.91,32.04,42.90,17.85,10.24,0.00,0.00,27.00,56.82,46.36,30.04,34.38,23.74,32.14,59.26,25.58,16.38,12.60,9.87,0.00,9.63,6.82,17.51,14.21,41.45,28.23,21.96,55.27,36.12,33.04,12.96,0.00,0.00,32.10,36.70,28.93,36.15,32.17,26.22,32.97,41.33,29.16,22.65,28.90,37.32,23.17,29.25,34.55,33.53,36.58,35.35,34.64,32.20,12.95,10.15,20.57,20.06,22.10,18.33,31.68,26.39,26.39,41.30,33.43,34.00,24.78,15.08,12.46,12.95,..,..,..,..,..,..,..,..,..,..
Cabbage,..REGION III (CENTRAL LUZON),0.00,0.00,0.00,0.00,0.00,0.00,0.00,0.00,0.00,0.00,0.00,0.00,0.00,0.00,0.00,0.00,0.00,0.00,0.00,0.00,0.00,0.00,0.00,0.00,0.00,0.00,0.00,0.00,0.00,0.00,0.00,0.00,0.00,0.00,0.00,0.00,0.00,0.00,0.00,0.00,0.00,0.00,0.00,0.00,0.00,0.00,0.00,0.00,0.00,0.00,0.00,0.00,0.00,0.00,0.00,0.00,0.00,0.00,0.00,0.00,0.00,0.00,0.00,0.00,0.00,0.00,0.00,0.00,0.00,0.00,0.00,0.00,0.00,0.00,0.00,0.00,0.00,0.00,0.00,0.00,0.00,0.00,0.00,0.00,0.00,0.00,0.00,0.00,0.00,0.00,0.00,0.00,0.00,0.00,0.00,0.00,0.00,0.00,0.00,0.00,0.00,0.00,0.00,0.00,0.00,0.00,0.00,0.00,0.00,0.00,0.00,0.00,0.00,0.00,0.00,0.00,0.00,0.00,0.00,0.00,0.00,0.00,0.00,0.00,0.00,0.00,0.00,0.00,0.00,0.00,0.00,0.00,0.00,0.00,0.00,0.00,0.00,0.00,0.00,0.00,0.00,0.00,0.00,0.00,0.00,0.00,0.00,0.00,0.00,0.00,0.00,0.00,0.00,0.00,0.00,0.00,0.00,0.00,0.00,0.00,0.00,0.00,0.00,0.00,0.00,0.00,0.00,0.00,0.00,0.00,0.00,0.00,0.00,0.00,0.00,0.00,0.00,0.00,0.00,0.00,0.00,0.00,0.00,0.00,0.00,0.00,0.00,0.00,0.00,0.00,0.00,0.00,0.00,0.00,0.00,0.00,0.00,0.00,0.00,0.00,0.00,0.00,0.00,0.00,0.00,0.00,0.00,0.00,0.00,0.00,0.00,..,..,..,..,..,..,..,..,..,..
Cabbage,..REGION IV-A (CALABARZON),27.86,19.31,14.62,16.81,15.14,26.92,19.08,12.90,18.06,19.51,18.74,21.10,19.17,22.38,22.45,16.22,17.95,13.20,19.14,34.35,28.64,17.54,29.43,34.67,28.62,23.72,17.04,12.12,12.55,13.90,11.76,12.74,23.38,28.36,20.63,26.95,22.86,25.65,19.00,19.27,16.83,18.36,31.55,38.08,37.27,21.49,22.10,24.62,25.61,27.23,24.15,25.55,23.69,8.90,11.43,13.01,26.85,0.00,0.00,21.57,33.16,33.60,32.34,21.25,22.58,22.01,12.67,18.58,14.53,28.19,0.00,0.00,55.00,35.39,52.35,30.00,44.36,31.31,25.00,20.82,16.51,16.42,20.00,50.00,0.00,15.63,20.97,34.35,25.69,40.18,25.96,35.00,18.81,10.20,9.48,17.26,34.85,36.77,40.00,39.40,23.83,25.71,17.76,25.76,22.23,18.00,22.37,19.62,34.39,50.00,0.00,48.52,46.48,48.00,37.08,25.00,33.79,16.00,28.31,19.62,21.40,44.59,25.00,0.00,20.26,34.23,31.25,17.78,28.50,26.09,20.10,16.34,15.21,27.96,39.48,0.00,37.05,12.06,7.00,13.69,60.00,72.64,29.23,80.00,53.36,17.32,11.12,10.50,22.17,40.00,104.62,45.32,33.58,29.48,28.73,39.68,10.76,11.95,15.02,22.32,22.85,0.00,14.84,13.80,20.85,31.05,50.84,51.74,24.18,20.00,26.74,25.59,17.57,17.22,33.16,58.24,55.39,58.78,59.30,21.38,23.05,34.70,90.00,0.00,12.16,0.00,0.00,0.00,70.00,75.00,44.50,0.00,0.00,25.00,52.78,28.76,24.38,32.50,0.00,0.00,0.00,0.00,0.00,35.00,27.00,20.00,40.00,29.66,16.48,13.70,13.37,..,..,..,..,..,..,..,..,..,..
Cabbage,..MIMAROPA REGION,23.29,13.05,16.11,18.72,22.41,0.00,0.00,0.00,0.00,0.00,0.00,32.85,21.07,22.12,22.58,18.61,20.93,27.15,0.00,0.00,0.00,0.00,0.00,0.00,27.82,23.20,22.78,23.30,23.04,22.96,26.93,0.00,0.00,0.00,0.00,0.00,0.00,16.86,22.65,16.34,18.28,22.00,23.98,26.60,0.00,0.00,0.00,0.00,0.00,0.00,28.02,22.54,31.36,28.48,32.57,34.97,35.99,0.00,0.00,0.00,0.00,0.00,0.00,31.00,32.40,29.74,29.12,29.69,33.61,36.15,0.00,0.00,0.00,0.00,0.00,0.00,22.31,30.10,25.49,25.57,31.71,31.32,35.82,0.00,0.00,0.00,0.00,0.00,0.00,32.98,30.48,29.70,26.61,32.17,29.32,27.37,0.00,0.00,0.00,0.00,0.00,0.00,0.00,29.03,36.49,24.78,32.64,35.72,35.52,36.19,0.00,0.00,0.00,0.00,0.00,0.00,33.56,25.56,29.08,29.39,0.00,0.00,29.82,0.00,0.00,0.00,0.00,0.00,0.00,28.46,60.00,50.38,46.40,40.00,0.00,0.00,0.00,0.00,0.00,0.00,0.00,0.00,49.20,0.00,40.00,0.00,0.00,0.00,45.00,0.00,0.00,0.00,0.00,0.00,0.00,42.50,40.00,37.70,0.00,0.00,0.00,0.00,0.00,0.00,0.00,0.00,0.00,0.00,38.85,0.00,40.00,34.21,0.00,0.00,0.00,0.00,0.00,0.00,0.00,0.00,0.00,37.11,0.00,0.00,0.00,0.00,0.00,0.00,0.00,0.00,0.00,0.00,0.00,0.00,0.00,0.00,40.00,40.00,0.00,0.00,0.00,0.00,0.00,0.00,0.00,0.00,0.00,40.00,55.00,40.00,35.00,..,..,..,..,..,..,..,..,..,..
Cabbage,..REGION V (BICOL REGION),0.00,0.00,0.00,0.00,0.00,0.00,0.00,0.00,0.00,0.00,0.00,0.00,0.00,0.00,0.00,0.00,0.00,0.00,0.00,0.00,0.00,0.00,0.00,0.00,0.00,0.00,0.00,0.00,0.00,0.00,0.00,0.00,0.00,0.00,0.00,0.00,0.00,0.00,0.00,0.00,0.00,0.00,0.00,0.00,0.00,0.00,0.00,0.00,0.00,0.00,0.00,0.00,0.00,0.00,0.00,0.00,0.00,0.00,0.00,0.00,0.00,0.00,0.00,0.00,0.00,0.00,0.00,0.00,0.00,0.00,0.00,0.00,0.00,0.00,0.00,0.00,0.00,0.00,0.00,0.00,0.00,0.00,0.00,0.00,0.00,0.00,0.00,0.00,0.00,0.00,0.00,0.00,0.00,0.00,0.00,0.00,0.00,0.00,0.00,0.00,0.00,0.00,0.00,0.00,0.00,0.00,0.00,0.00,0.00,0.00,0.00,0.00,0.00,0.00,0.00,0.00,0.00,0.00,0.00,0.00,0.00,0.00,0.00,0.00,0.00,0.00,0.00,0.00,0.00,0.00,0.00,0.00,0.00,0.00,0.00,0.00,0.00,0.00,0.00,0.00,0.00,0.00,0.00,0.00,0.00,0.00,0.00,0.00,0.00,0.00,0.00,0.00,0.00,0.00,0.00,0.00,0.00,0.00,0.00,0.00,0.00,0.00,0.00,0.00,0.00,0.00,0.00,0.00,0.00,0.00,0.00,0.00,0.00,0.00,0.00,0.00,0.00,0.00,0.00,0.00,0.00,0.00,30.00,30.00,25.00,0.00,25.00,0.00,0.00,44.71,41.00,0.00,0.00,0.00,32.62,0.00,0.00,100.00,0.00,0.00,0.00,0.00,0.00,0.00,0.00,0.00,0.00,100.00,0.00,0.00,0.00,..,..,..,..,..,..,..,..,..,..
Cabbage,..REGION VI (WESTERN VISAYAS),16.77,12.55,12.00,15.29,16.86,20.17,19.21,15.04,17.46,14.93,18.89,19.99,16.60,20.11,22.15,21.64,20.60,11.65,12.69,18.47,26.68,23.90,34.65,32.54,24.93,22.50,24.55,17.90,19.78,20.47,22.92,25.24,28.50,25.99,38.27,36.92,26.35,25.37,26.02,22.15,23.00,26.94,22.95,33.02,34.50,28.05,23.02,24.17,27.17,30.95,27.68,26.97,31.31,32.17,22.74,16.00,14.24,16.21,26.56,45.19,43.00,37.33,37.79,38.97,30.13,32.42,24.72,23.20,17.90,17.19,20.53,31.02,28.72,31.14,45.54,47.50,49.40,30.77,42.24,38.33,20.87,35.34,36.09,42.32,41.96,41.69,35.64,33.83,43.06,33.56,37.08,54.45,32.10,33.49,21.37,18.45,32.97,37.62,36.24,47.52,35.22,33.09,44.88,35.62,40.00,33.83,44.30,31.89,30.87,33.56,39.82,42.45,61.23,45.53,36.62,26.45,38.88,28.22,15.28,21.44,31.54,43.01,42.68,44.73,46.81,33.70,36.33,32.75,17.99,32.87,17.96,19.35,33.24,50.79,52.42,37.17,33.77,25.50,27.80,22.81,59.93,63.78,37.04,77.50,58.51,36.12,21.61,18.01,28.26,43.65,48.04,44.61,54.18,62.38,64.98,46.49,47.90,39.80,34.09,29.25,29.16,34.90,28.34,33.58,34.38,39.27,46.30,58.14,37.93,37.96,35.06,28.09,26.05,20.78,35.75,56.04,74.36,44.68,47.09,33.36,31.64,39.24,25.00,25.00,25.00,35.00,35.00,35.00,25.00,25.00,20.00,0.00,0.00,0.00,27.78,46.54,31.79,26.28,38.21,38.33,38.33,43.54,45.83,38.75,55.00,77.00,82.00,46.80,32.58,39.00,38.33,..,..,..,..,..,..,..,..,..,..
Cabbage,..NEGROS ISLAND REGION (NIR) 2/,0.00,0.00,0.00,0.00,0.00,0.00,0.00,0.00,0.00,0.00,0.00,0.00,0.00,0.00,0.00,0.00,0.00,0.00,0.00,0.00,0.00,0.00,0.00,0.00,0.00,0.00,0.00,0.00,0.00,0.00,0.00,0.00,0.00,0.00,0.00,0.00,0.00,0.00,0.00,0.00,0.00,0.00,0.00,0.00,0.00,0.00,0.00,0.00,0.00,0.00,0.00,0.00,0.00,0.00,0.00,0.00,0.00,0.00,0.00,0.00,0.00,0.00,0.00,0.00,0.00,0.00,0.00,0.00,0.00,0.00,0.00,0.00,0.00,0.00,0.00,0.00,0.00,0.00,0.00,0.00,0.00,0.00,0.00,0.00,0.00,0.00,0.00,0.00,0.00,0.00,0.00,0.00,0.00,0.00,0.00,0.00,0.00,0.00,0.00,0.00,0.00,0.00,0.00,0.00,0.00,0.00,0.00,0.00,0.00,0.00,0.00,0.00,0.00,0.00,0.00,0.00,0.00,0.00,0.00,0.00,0.00,0.00,0.00,0.00,0.00,0.00,0.00,0.00,0.00,0.00,0.00,0.00,0.00,0.00,0.00,0.00,0.00,0.00,0.00,0.00,0.00,0.00,0.00,0.00,0.00,0.00,0.00,0.00,0.00,0.00,0.00,0.00,0.00,0.00,0.00,0.00,0.00,0.00,0.00,0.00,0.00,0.00,0.00,0.00,0.00,0.00,0.00,0.00,0.00,0.00,0.00,0.00,0.00,0.00,0.00,0.00,0.00,0.00,0.00,0.00,0.00,0.00,22.90,40.00,18.71,18.94,39.00,60.00,65.00,39.72,32.50,68.90,90.00,0.00,45.06,0.00,60.00,0.00,40.00,40.00,39.00,60.00,95.00,70.00,60.00,70.00,70.00,60.40,60.00,60.00,23.90,..,..,..,..,..,..,..,..,..,..
Camote [Sweet potato],PHILIPPINES,9.79,9.41,9.43,9.80,10.05,10.21,10.63,10.81,10.99,11.15,10.90,10.93,10.34,10.41,10.39,10.49,10.34,10.67,11.42,11.82,11.73,11.71,12.48,12.57,12.28,11.36,11.95,11.46,11.76,11.63,11.86,11.69,12.52,12.62,12.53,12.64,12.54,12.83,12.17,12.41,12.08,12.25,12.47,12.87,12.80,13.68,13.87,13.60,13.74,13.74,13.50,13.08,13.45,13.08,12.73,12.93,13.42,13.78,14.53,14.01,14.90,14.65,14.28,15.21,13.91,13.83,13.78,13.60,14.08,14.14,15.23,16.03,16.39,15.88,15.91,15.78,16.00,15.05,15.09,14.73,15.14,15.26,16.09,16.15,16.59,17.95,18.38,18.21,17.84,17.92,16.61,17.91,16.76,17.27,16.49,16.63,17.47,18.22,18.82,18.73,18.57,18.46,18.96,17.86,18.29,17.68,17.54,17.70,18.83,19.68,20.11,22.10,22.14,20.11,20.09,20.01,19.52,19.97,19.09,19.45,19.94,20.83,22.03,23.68,23.30,22.14,21.21,20.58,21.58,21.15,20.19,19.41,20.54,20.92,22.99,22.89,22.94,22.42,21.84,20.73,21.16,21.79,21.49,21.62,20.79,19.60,18.63,18.29,20.18,19.99,22.98,22.31,22.85,22.61,23.37,21.10,23.92,22.71,22.33,22.52,22.81,23.12,22.76,23.56,23.83,23.55,24.04,24.99,23.35,24.89,26.03,25.48,26.61,27.56,28.24,28.46,29.35,30.18,30.19,29.51,29.96,28.04,27.35,27.66,28.84,25.54,26.85,28.02,27.11,32.61,33.01,26.90,31.32,31.32,28.88,28.32,33.89,24.94,33.47,39.67,32.29,34.89,37.03,30.26,27.21,27.43,18.79,30.68,29.89,31.35,34.72,..,..,..,..,..,..,..,..,..,..
Camote [Sweet potato],..CORDILLERA ADMINISTRATIVE REGION (CAR),12.17,11.42,12.10,12.72,13.06,12.72,13.16,13.67,13.34,14.41,15.97,14.33,13.26,11.79,11.77,12.50,12.34,13.00,14.62,18.36,17.31,17.51,18.06,16.27,16.44,15.00,14.51,14.56,14.87,12.80,13.03,13.95,20.21,19.61,16.53,15.48,16.75,18.10,15.87,15.02,15.06,14.38,13.66,13.47,14.64,15.09,17.78,17.75,16.91,16.64,18.47,15.74,17.35,16.07,14.10,14.50,14.25,14.66,16.72,17.12,18.02,19.92,19.97,20.37,16.92,18.85,18.75,18.00,15.70,15.13,16.27,18.75,18.05,18.51,19.63,20.41,20.72,18.23,17.95,17.11,22.48,17.09,17.63,14.63,19.68,20.84,24.45,24.71,28.07,24.87,20.79,25.77,22.06,23.63,22.05,22.66,20.76,21.99,22.26,29.29,24.17,25.26,25.97,23.82,20.11,19.87,20.92,22.36,22.16,25.36,23.85,25.61,31.17,24.53,26.25,28.85,24.25,24.27,23.22,24.69,24.00,27.31,27.62,27.55,26.86,29.39,28.74,25.19,29.39,26.52,22.05,24.15,26.57,28.14,35.45,33.83,30.49,28.56,26.22,22.78,26.74,25.50,27.54,31.93,24.20,27.82,18.06,21.93,24.13,28.56,28.64,32.26,33.26,29.09,29.45,27.44,27.92,27.99,24.62,26.65,26.80,27.73,26.75,25.28,27.95,29.16,27.13,30.02,27.33,33.80,37.48,37.00,38.69,40.34,41.37,39.39,45.48,41.67,42.84,44.20,42.82,40.42,39.85,30.13,39.46,33.69,35.61,31.02,54.96,54.70,59.73,42.24,50.69,56.14,44.02,48.12,41.62,43.75,40.01,40.35,41.63,55.68,50.24,42.92,51.73,53.55,54.01,46.97,51.12,36.89,42.54,..,..,..,..,..,..,..,..,..,..
Camote [Sweet potato],..REGION I (ILOCOS REGION),12.45,11.94,10.06,11.10,10.35,12.05,14.06,13.82,14.03,14.28,15.29,14.54,12.83,12.52,11.31,11.33,11.65,11.77,13.16,14.74,15.08,16.88,16.75,17.06,16.48,14.06,13.04,12.25,12.48,12.17,11.86,12.66,15.30,15.04,16.52,14.37,14.67,16.01,13.86,15.23,14.16,12.64,14.50,15.76,16.35,19.14,19.06,19.44,20.98,18.76,16.21,16.85,13.60,12.20,12.56,12.50,14.06,15.61,19.54,15.46,20.05,19.70,16.12,16.27,15.64,15.55,13.61,13.96,14.65,12.15,14.33,19.41,16.59,19.54,23.16,17.91,15.45,16.36,16.51,15.72,14.39,15.16,12.66,12.17,17.30,20.35,19.99,17.05,18.15,16.05,16.29,15.55,14.14,14.36,16.79,15.31,19.66,26.25,24.62,19.98,21.28,21.59,19.93,19.12,20.33,18.21,17.25,16.79,17.54,20.71,26.34,26.01,29.90,30.19,23.59,23.26,22.51,20.07,19.61,23.11,18.60,20.70,26.31,26.49,26.81,26.99,27.37,26.13,20.01,23.52,23.16,19.26,24.65,23.00,25.16,30.20,31.36,30.33,29.46,31.05,34.74,30.20,27.71,30.27,26.76,21.07,22.74,17.30,26.93,26.48,32.48,28.82,31.80,29.65,29.34,26.97,26.44,27.23,22.57,23.86,21.50,26.90,29.58,26.30,28.19,29.05,29.36,28.21,26.60,23.52,29.42,22.66,24.46,27.09,34.02,34.02,31.61,35.52,35.23,38.95,35.05,30.96,27.56,38.54,34.71,26.99,31.78,27.01,34.74,34.91,26.67,23.30,36.67,45.00,32.32,28.16,18.69,26.14,36.88,30.34,25.00,56.21,31.03,37.48,34.57,39.13,40.00,33.64,40.00,33.58,39.29,..,..,..,..,..,..,..,..,..,..
Camote [Sweet potato],..REGION II (CAGAYAN VALLEY),8.97,7.72,8.40,7.49,6.60,6.40,6.55,6.43,12.19,10.29,9.34,10.62,8.42,9.77,7.75,7.59,7.31,9.03,8.84,10.09,11.32,11.29,13.62,12.07,12.99,10.14,10.90,8.08,8.60,9.29,9.33,8.48,8.54,9.89,11.01,11.10,10.69,11.71,9.80,11.11,8.99,10.77,11.29,12.84,10.85,15.52,16.37,12.01,13.07,12.84,13.28,12.41,14.34,11.66,11.54,9.19,12.65,16.77,15.87,13.13,17.45,14.10,12.76,16.89,13.86,13.02,14.21,15.22,14.63,14.89,14.77,18.36,19.83,18.26,16.78,18.83,20.91,16.64,18.11,17.95,17.30,16.56,16.64,15.56,11.45,17.45,18.18,22.21,21.59,19.63,17.72,20.78,20.21,22.34,21.99,19.77,20.58,21.53,23.71,22.81,28.61,25.41,22.90,22.55,21.11,24.72,22.64,22.07,27.59,29.20,27.61,29.89,33.57,27.22,27.89,27.35,26.74,28.09,25.29,23.69,24.14,22.97,25.35,30.64,29.35,32.49,29.85,24.68,27.44,27.00,22.98,21.12,23.31,22.45,27.48,29.55,28.19,28.25,26.76,22.15,27.55,28.06,25.65,22.91,23.16,23.12,19.87,20.70,22.97,20.85,27.16,24.52,28.12,26.18,27.55,23.93,27.43,25.85,21.62,21.03,20.96,21.40,21.01,20.90,19.90,22.24,24.74,30.68,23.15,25.60,25.71,27.69,26.72,28.16,29.67,31.06,33.77,35.18,32.45,29.70,34.32,30.00,19.03,24.83,33.79,29.27,32.51,32.63,25.55,26.00,29.83,30.38,31.32,33.84,29.08,25.90,30.66,28.01,25.39,24.79,23.09,34.22,22.53,39.45,32.42,44.58,35.94,30.58,33.98,27.87,27.29,..,..,..,..,..,..,..,..,..,..
Camote [Sweet potato],..REGION III (CENTRAL LUZON),8.22,6.28,6.97,7.55,7.58,5.69,6.00,7.30,7.31,10.04,10.67,9.76,7.78,8.20,9.38,8.51,8.13,9.38,8.97,8.94,7.48,7.91,13.28,15.60,10.63,9.70,11.60,8.46,9.51,9.39,9.95,9.20,9.83,9.47,9.20,12.42,12.03,12.16,10.27,9.86,8.58,9.12,9.56,10.19,8.20,10.00,10.07,10.82,14.06,12.99,12.51,10.50,11.67,11.39,11.01,11.09,11.54,10.88,10.72,10.94,11.94,15.73,15.07,18.76,12.56,14.46,11.57,10.45,11.65,10.93,15.62,14.62,14.58,13.53,16.61,17.28,21.66,14.41,14.91,12.11,12.41,10.31,10.04,7.94,7.46,16.52,19.98,24.53,21.99,19.33,14.79,17.79,14.06,13.38,13.73,15.80,22.35,23.00,21.87,19.97,19.36,17.34,16.11,17.90,15.85,17.29,13.13,14.08,15.60,21.98,19.05,31.82,24.42,20.01,21.21,20.87,19.61,22.22,15.42,15.27,14.98,12.93,18.73,23.69,23.54,22.49,22.78,22.68,22.79,19.79,19.34,16.93,17.61,19.31,28.43,20.33,23.61,19.60,19.82,19.10,20.49,19.88,20.37,21.26,19.38,16.74,14.42,12.46,25.05,18.11,34.94,26.34,30.16,29.61,28.70,23.10,29.46,21.18,18.62,19.50,18.17,19.98,19.53,24.41,23.46,25.02,21.83,25.32,22.21,24.93,26.73,25.84,23.84,27.49,30.05,29.77,30.08,43.48,39.28,32.67,32.03,30.52,27.69,28.70,28.17,23.93,24.72,23.09,16.00,24.21,41.08,32.67,30.71,20.80,26.81,24.82,24.74,19.59,23.81,45.63,19.04,33.50,37.18,34.31,34.84,46.55,29.79,31.15,31.17,27.46,28.47,..,..,..,..,..,..,..,..,..,..
Camote [Sweet potato],..REGION IV-A (CALABARZON),11.62,8.59,8.47,9.82,9.40,10.57,11.06,11.60,10.07,12.65,10.50,10.98,10.44,10.46,10.62,11.94,8.88,10.01,11.06,10.29,11.21,11.75,16.51,14.60,14.34,11.81,14.67,14.25,12.23,10.86,13.20,13.45,10.32,13.91,16.47,17.70,15.98,16.47,14.13,17.04,12.72,11.80,14.75,15.81,13.73,13.65,13.96,14.57,14.63,14.32,17.71,14.56,15.55,14.80,13.52,15.62,16.51,17.70,16.79,17.97,18.98,16.52,17.91,19.89,16.81,16.17,17.73,13.80,14.86,14.87,14.17,18.32,20.85,17.40,19.19,17.04,18.32,16.89,20.29,15.89,18.09,16.99,16.53,17.44,15.10,17.67,20.56,24.02,22.28,22.27,18.93,22.01,17.81,18.11,17.36,17.98,22.14,20.79,26.86,26.23,22.27,25.44,23.60,21.72,22.61,22.03,19.45,19.91,19.75,20.47,23.45,31.05,30.98,20.92,23.22,23.51,23.11,26.36,21.87,18.54,22.42,22.77,25.80,34.81,36.52,29.99,22.14,22.02,23.37,25.55,24.20,21.32,22.16,26.85,26.59,29.77,30.18,30.55,28.90,29.38,21.63,27.31,26.57,27.89,31.57,24.96,25.39,19.69,20.03,19.45,29.79,30.05,31.23,30.99,32.09,26.93,29.09,26.25,21.88,23.81,22.00,23.92,24.47,30.88,28.63,25.32,28.04,28.44,26.06,29.60,29.89,29.55,34.38,32.11,34.04,36.72,37.52,39.97,40.26,37.18,37.24,34.87,32.98,35.13,33.61,20.89,27.53,22.09,32.37,47.16,41.17,37.14,33.66,31.03,32.90,42.90,35.41,27.74,40.95,38.26,45.05,35.14,36.69,37.11,37.42,34.53,30.33,36.79,38.56,37.29,38.14,..,..,..,..,..,..,..,..,..,..
Camote [Sweet potato],..MIMAROPA REGION,10.22,10.44,10.26,10.21,10.40,12.14,12.22,11.66,11.17,11.18,10.63,10.38,10.91,9.86,9.17,10.19,9.93,9.77,10.81,10.87,10.46,9.41,9.65,9.83,10.36,10.03,9.92,9.77,10.51,10.93,11.47,10.88,12.82,13.69,12.41,11.77,11.05,12.25,11.46,12.44,12.68,13.09,13.76,13.14,12.82,13.17,13.59,13.67,14.13,14.45,13.90,13.40,13.64,13.86,14.46,14.36,14.31,14.04,14.40,15.00,15.74,17.06,16.37,16.37,14.97,14.32,14.45,13.80,13.61,14.61,15.32,16.39,17.80,17.78,15.19,17.87,18.67,15.82,16.26,17.91,16.21,15.39,15.75,16.79,16.58,18.17,17.99,16.07,17.80,17.93,16.90,17.05,16.52,18.93,14.98,15.33,15.24,16.19,17.41,16.71,17.65,19.43,22.01,17.29,20.06,16.99,17.46,17.56,18.79,19.20,18.45,23.99,21.03,17.90,20.06,20.03,19.29,20.49,20.69,19.96,22.09,23.21,24.35,24.49,22.79,21.63,20.38,21.10,21.81,21.92,20.18,21.77,19.60,21.44,23.17,25.27,25.25,27.83,23.38,22.61,26.25,25.76,23.54,25.35,23.23,22.67,22.77,23.58,21.49,22.55,24.29,24.11,24.59,24.46,25.77,23.74,25.91,25.01,26.48,24.99,25.91,28.74,27.81,25.65,27.41,25.92,25.74,26.30,26.32,26.93,25.72,26.58,26.92,28.85,26.82,27.30,28.29,33.14,31.86,32.60,34.65,29.14,30.47,41.10,32.00,27.21,29.15,42.50,24.00,31.83,25.00,36.51,36.95,41.19,33.16,25.00,29.90,43.56,31.77,23.75,24.26,45.01,32.21,21.06,36.96,49.59,37.50,33.38,44.37,39.87,47.17,..,..,..,..,..,..,..,..,..,..
Camote [Sweet potato],..REGION V (BICOL REGION),6.90,6.98,7.39,8.47,9.07,8.67,8.62,7.98,8.79,9.15,9.23,9.96,8.43,10.01,11.21,10.25,10.15,11.11,13.80,10.58,10.74,9.01,10.43,10.35,10.61,10.69,10.56,10.69,11.41,11.00,13.18,13.39,12.75,13.20,11.51,11.31,11.23,11.51,11.81,10.91,11.08,11.18,10.61,11.58,12.03,12.44,12.93,11.64,11.42,11.87,11.95,11.64,11.36,11.30,11.63,11.84,13.99,14.38,16.04,16.07,14.36,15.02,14.58,14.83,13.78,13.57,13.91,13.44,11.86,13.15,14.34,13.25,11.95,12.28,12.26,13.60,13.02,13.05,11.91,11.88,11.64,12.50,13.47,14.27,15.51,15.32,12.64,14.25,12.71,15.27,13.45,15.22,16.77,16.52,14.78,19.15,20.26,18.72,21.64,16.25,17.11,15.25,17.93,17.47,20.09,18.10,16.69,16.09,20.15,17.39,17.13,18.33,15.78,17.85,18.73,17.55,17.82,19.34,19.32,16.10,19.00,24.08,20.84,24.15,23.64,19.54,21.40,21.90,25.63,21.25,20.56,21.37,21.84,21.45,24.08,21.49,22.32,19.46,24.06,18.96,20.31,18.63,21.21,18.40,21.14,19.15,19.69,20.97,19.99,20.80,21.55,19.78,18.79,19.49,20.39,20.01,22.89,22.43,19.50,18.54,21.87,21.12,20.55,21.30,20.65,19.32,19.90,21.41,20.79,23.60,24.55,23.64,26.89,30.32,31.97,30.96,32.79,24.84,26.25,26.84,28.78,27.62,27.28,26.58,25.61,26.40,23.94,31.72,26.94,32.32,22.04,24.35,28.28,25.46,26.74,29.60,30.14,22.56,27.94,28.82,29.92,40.09,32.73,34.38,30.38,31.53,29.73,30.65,38.56,32.97,28.40,..,..,..,..,..,..,..,..,..,..
Camote [Sweet potato],..REGION VI (WESTERN VISAYAS),8.64,8.84,9.36,9.85,11.20,11.57,11.67,13.07,12.20,11.78,10.92,10.38,10.79,10.60,10.16,10.25,10.21,9.71,9.89,10.34,10.19,11.29,11.41,11.63,10.84,10.54,10.43,10.33,10.94,10.52,10.57,10.51,10.43,11.07,11.52,10.80,10.51,10.59,10.69,11.16,11.15,11.68,12.01,12.03,12.38,13.06,13.25,12.17,11.19,12.54,12.41,12.09,11.55,11.28,11.53,12.95,13.05,12.71,15.08,13.35,13.79,13.34,12.84,12.70,12.85,12.30,11.84,12.02,12.45,14.65,14.80,17.61,18.47,16.58,15.87,14.53,14.38,14.63,14.04,13.98,15.44,16.78,16.20,17.58,18.37,18.48,18.34,16.27,14.49,15.58,16.30,15.20,15.07,15.26,14.44,16.01,15.42,16.65,16.22,17.70,18.07,16.72,17.95,16.23,18.55,17.15,16.70,16.09,16.49,18.87,17.62,20.01,18.19,17.15,17.37,17.22,17.62,20.17,17.44,18.72,20.11,22.80,22.10,22.65,24.96,22.47,19.58,19.11,20.53,20.89,18.52,19.33,19.66,22.11,21.23,23.92,23.79,23.33,20.27,21.09,19.54,19.71,21.04,19.53,20.49,18.06,17.61,18.04,19.64,19.18,20.35,19.28,20.28,21.66,20.68,19.57,21.02,20.44,20.84,22.08,22.50,22.88,24.41,23.08,24.07,22.73,25.14,25.74,22.91,25.20,26.26,24.44,25.83,26.26,27.48,29.13,28.70,26.90,29.02,30.55,29.42,27.43,30.91,29.34,30.63,32.25,32.86,33.13,45.77,40.81,48.24,28.39,35.49,35.83,35.30,28.83,34.62,28.62,26.18,39.22,29.10,36.79,34.89,34.38,35.50,36.05,27.31,32.62,36.19,30.38,35.03,..,..,..,..,..,..,..,..,..,..
Camote [Sweet potato],..NEGROS ISLAND REGION (NIR) 2/,0.00,0.00,0.00,0.00,0.00,0.00,0.00,0.00,0.00,0.00,0.00,0.00,0.00,0.00,0.00,0.00,0.00,0.00,0.00,0.00,0.00,0.00,0.00,0.00,0.00,0.00,0.00,0.00,0.00,0.00,0.00,0.00,0.00,0.00,0.00,0.00,0.00,0.00,0.00,0.00,0.00,0.00,0.00,0.00,0.00,0.00,0.00,0.00,0.00,0.00,0.00,0.00,0.00,0.00,0.00,0.00,0.00,0.00,0.00,0.00,0.00,0.00,0.00,0.00,0.00,0.00,0.00,0.00,0.00,0.00,0.00,0.00,0.00,0.00,0.00,0.00,0.00,0.00,0.00,0.00,0.00,0.00,0.00,0.00,0.00,0.00,0.00,0.00,0.00,0.00,0.00,0.00,0.00,0.00,0.00,0.00,0.00,0.00,0.00,0.00,0.00,0.00,0.00,0.00,0.00,0.00,0.00,0.00,0.00,0.00,0.00,0.00,0.00,0.00,0.00,0.00,0.00,0.00,0.00,0.00,0.00,0.00,0.00,0.00,0.00,0.00,0.00,0.00,0.00,0.00,0.00,0.00,0.00,0.00,0.00,0.00,0.00,0.00,0.00,0.00,0.00,0.00,0.00,0.00,0.00,0.00,0.00,0.00,0.00,0.00,0.00,0.00,0.00,0.00,0.00,0.00,0.00,0.00,0.00,0.00,0.00,0.00,0.00,0.00,0.00,0.00,0.00,0.00,0.00,0.00,0.00,0.00,0.00,0.00,0.00,0.00,0.00,0.00,0.00,0.00,0.00,0.00,29.98,29.34,31.04,21.66,27.53,20.00,20.67,21.01,22.42,22.37,22.70,19.36,24.00,25.82,18.66,22.34,25.71,34.94,23.21,24.80,24.65,23.13,25.40,30.29,28.97,25.66,29.09,28.57,31.88,..,..,..,..,..,..,..,..,..,..
"Cassava for food, fresh tubers",PHILIPPINES,0.00,0.00,0.00,0.00,0.00,0.00,0.00,0.00,0.00,0.00,0.00,0.00,0.00,0.00,0.00,0.00,0.00,0.00,0.00,0.00,0.00,0.00,0.00,0.00,0.00,0.00,0.00,0.00,0.00,0.00,0.00,0.00,0.00,0.00,0.00,0.00,0.00,0.00,0.00,0.00,0.00,0.00,0.00,0.00,0.00,0.00,0.00,0.00,0.00,0.00,0.00,0.00,0.00,0.00,0.00,0.00,0.00,0.00,0.00,0.00,0.00,0.00,0.00,0.00,0.00,0.00,0.00,0.00,0.00,0.00,0.00,0.00,0.00,0.00,0.00,0.00,0.00,0.00,0.00,0.00,0.00,0.00,0.00,0.00,0.00,0.00,0.00,0.00,0.00,0.00,0.00,8.71,8.27,8.55,9.00,8.76,8.87,8.45,8.85,8.86,9.54,9.71,9.02,8.88,9.62,9.28,9.16,9.35,9.93,9.66,9.88,9.45,10.20,10.31,9.91,10.11,9.74,10.54,10.48,10.48,10.58,11.47,10.67,11.36,11.61,11.51,11.61,11.90,11.53,11.15,12.70,12.31,12.97,13.22,13.18,12.90,11.90,12.03,12.58,12.91,12.68,13.66,12.75,13.64,13.06,13.44,13.10,12.15,12.63,12.24,11.88,12.13,11.94,11.48,12.18,12.49,12.78,12.29,12.94,13.43,12.79,13.25,13.22,12.98,13.31,12.94,13.47,13.24,13.05,14.62,14.08,13.93,14.96,15.73,14.76,14.92,14.99,15.98,16.32,15.57,16.43,15.19,16.76,17.33,18.28,15.81,19.88,19.39,22.53,20.13,21.65,19.68,21.37,21.16,19.50,16.78,17.31,17.40,16.21,15.88,20.57,14.07,20.24,16.33,16.80,16.41,18.50,17.21,16.86,17.41,16.35,..,..,..,..,..,..,..,..,..,..
"Cassava for food, fresh tubers",..CORDILLERA ADMINISTRATIVE REGION (CAR),0.00,0.00,0.00,0.00,0.00,0.00,0.00,0.00,0.00,0.00,0.00,0.00,0.00,0.00,0.00,0.00,0.00,0.00,0.00,0.00,0.00,0.00,0.00,0.00,0.00,0.00,0.00,0.00,0.00,0.00,0.00,0.00,0.00,0.00,0.00,0.00,0.00,0.00,0.00,0.00,0.00,0.00,0.00,0.00,0.00,0.00,0.00,0.00,0.00,0.00,0.00,0.00,0.00,0.00,0.00,0.00,0.00,0.00,0.00,0.00,0.00,0.00,0.00,0.00,0.00,0.00,0.00,0.00,0.00,0.00,0.00,0.00,0.00,0.00,0.00,0.00,0.00,0.00,0.00,0.00,0.00,0.00,0.00,0.00,0.00,0.00,0.00,0.00,0.00,0.00,0.00,16.65,12.89,15.71,18.50,19.26,16.43,14.63,15.71,14.83,22.57,17.11,12.52,16.40,15.10,16.27,13.55,12.74,15.45,14.84,13.88,16.35,18.10,18.24,18.34,13.87,15.56,15.25,11.88,15.68,15.41,17.79,14.38,15.35,17.49,18.32,14.37,17.31,16.78,15.83,19.89,19.79,15.85,19.71,20.94,18.89,10.82,13.80,14.58,15.66,16.23,22.75,17.41,18.14,17.43,19.62,20.69,15.40,18.28,15.67,15.56,18.38,15.45,16.36,20.94,17.66,21.14,18.28,21.49,24.44,19.65,21.24,16.58,22.29,21.50,20.94,23.08,18.60,20.77,28.62,13.57,20.21,24.30,23.35,16.00,23.35,18.58,31.56,20.96,22.02,21.13,21.97,12.50,12.00,17.00,17.47,20.23,39.25,46.63,33.08,38.86,23.09,35.99,47.65,28.65,37.66,35.76,9.50,46.75,49.55,37.74,31.80,22.08,26.02,43.17,34.42,15.00,32.45,18.53,34.25,23.72,..,..,..,..,..,..,..,..,..,..
"Cassava for food, fresh tubers",..REGION I (ILOCOS REGION),0.00,0.00,0.00,0.00,0.00,0.00,0.00,0.00,0.00,0.00,0.00,0.00,0.00,0.00,0.00,0.00,0.00,0.00,0.00,0.00,0.00,0.00,0.00,0.00,0.00,0.00,0.00,0.00,0.00,0.00,0.00,0.00,0.00,0.00,0.00,0.00,0.00,0.00,0.00,0.00,0.00,0.00,0.00,0.00,0.00,0.00,0.00,0.00,0.00,0.00,0.00,0.00,0.00,0.00,0.00,0.00,0.00,0.00,0.00,0.00,0.00,0.00,0.00,0.00,0.00,0.00,0.00,0.00,0.00,0.00,0.00,0.00,0.00,0.00,0.00,0.00,0.00,0.00,0.00,0.00,0.00,0.00,0.00,0.00,0.00,0.00,0.00,0.00,0.00,0.00,0.00,9.95,10.46,9.23,9.87,11.81,11.59,9.23,10.58,10.23,10.64,9.62,10.39,10.30,10.82,11.32,10.76,11.31,15.61,12.81,14.21,9.65,11.36,14.14,12.29,13.06,12.28,10.94,15.22,12.14,12.60,14.08,12.43,13.23,11.09,12.02,16.97,17.93,12.41,13.42,18.50,18.10,18.03,17.93,16.73,19.35,16.22,15.57,15.54,19.80,21.52,23.18,18.37,18.36,17.79,17.69,17.52,12.74,21.99,16.75,13.91,16.32,16.80,14.06,17.21,16.76,15.19,13.37,16.79,16.47,18.34,18.89,17.54,12.63,19.34,17.05,17.67,20.01,16.94,19.91,17.87,18.77,21.07,23.11,16.86,17.90,23.35,28.12,23.60,21.43,23.22,21.27,23.33,21.67,26.00,30.00,40.00,29.50,22.50,25.40,28.48,32.45,27.85,11.25,26.54,13.67,16.76,0.00,13.45,22.04,9.61,13.33,26.44,19.46,23.11,30.77,30.27,19.90,16.43,12.34,24.03,..,..,..,..,..,..,..,..,..,..
"Cassava for food, fresh tubers",..REGION II (CAGAYAN VALLEY),0.00,0.00,0.00,0.00,0.00,0.00,0.00,0.00,0.00,0.00,0.00,0.00,0.00,0.00,0.00,0.00,0.00,0.00,0.00,0.00,0.00,0.00,0.00,0.00,0.00,0.00,0.00,0.00,0.00,0.00,0.00,0.00,0.00,0.00,0.00,0.00,0.00,0.00,0.00,0.00,0.00,0.00,0.00,0.00,0.00,0.00,0.00,0.00,0.00,0.00,0.00,0.00,0.00,0.00,0.00,0.00,0.00,0.00,0.00,0.00,0.00,0.00,0.00,0.00,0.00,0.00,0.00,0.00,0.00,0.00,0.00,0.00,0.00,0.00,0.00,0.00,0.00,0.00,0.00,0.00,0.00,0.00,0.00,0.00,0.00,0.00,0.00,0.00,0.00,0.00,0.00,6.72,5.24,6.03,5.75,5.67,5.27,6.55,5.29,6.08,5.92,10.58,9.68,6.57,6.82,6.41,5.31,5.82,5.01,5.57,5.71,5.98,6.30,6.41,5.58,6.65,5.96,8.25,8.12,5.81,8.53,8.15,6.38,7.84,7.80,6.71,8.55,7.91,7.70,7.65,9.02,8.94,8.71,9.07,11.27,8.09,7.83,9.06,10.50,9.03,8.58,12.14,9.35,11.21,9.14,10.49,9.72,9.54,9.48,9.43,9.16,7.69,8.55,7.20,8.92,9.21,8.17,8.57,9.65,9.21,8.29,7.91,7.64,8.48,9.54,8.52,7.11,8.14,8.44,8.40,7.71,8.29,7.96,7.89,7.11,8.01,7.66,6.21,7.38,8.65,8.28,7.80,13.17,11.21,14.37,13.45,21.92,19.19,18.50,13.00,8.82,21.83,22.28,19.87,16.47,13.62,11.10,13.03,5.95,7.63,8.13,9.61,8.80,8.51,12.02,11.95,9.06,9.95,9.69,9.31,10.99,..,..,..,..,..,..,..,..,..,..
"Cassava for food, fresh tubers",..REGION III (CENTRAL LUZON),0.00,0.00,0.00,0.00,0.00,0.00,0.00,0.00,0.00,0.00,0.00,0.00,0.00,0.00,0.00,0.00,0.00,0.00,0.00,0.00,0.00,0.00,0.00,0.00,0.00,0.00,0.00,0.00,0.00,0.00,0.00,0.00,0.00,0.00,0.00,0.00,0.00,0.00,0.00,0.00,0.00,0.00,0.00,0.00,0.00,0.00,0.00,0.00,0.00,0.00,0.00,0.00,0.00,0.00,0.00,0.00,0.00,0.00,0.00,0.00,0.00,0.00,0.00,0.00,0.00,0.00,0.00,0.00,0.00,0.00,0.00,0.00,0.00,0.00,0.00,0.00,0.00,0.00,0.00,0.00,0.00,0.00,0.00,0.00,0.00,0.00,0.00,0.00,0.00,0.00,0.00,7.44,6.82,7.28,9.35,8.41,7.52,6.83,6.82,7.63,8.41,8.49,9.11,7.84,8.22,8.32,10.72,9.76,10.67,9.03,8.56,10.09,8.89,10.28,8.47,9.64,9.39,10.98,11.37,11.63,9.39,12.32,7.99,8.72,9.49,9.19,11.28,10.24,11.21,10.32,12.19,13.42,12.63,12.79,12.43,11.85,11.08,11.18,12.94,13.07,11.15,14.50,12.44,13.14,14.66,14.20,12.75,12.28,13.40,12.34,11.37,11.51,12.25,11.71,11.63,12.60,12.69,13.07,13.04,14.33,13.09,11.74,12.99,11.15,11.21,11.33,12.54,11.52,12.39,12.61,14.07,14.79,16.56,19.82,17.28,17.70,15.81,12.96,16.50,15.20,17.47,15.90,13.75,16.75,22.50,14.44,16.00,20.00,13.30,16.23,17.09,15.61,15.79,15.70,16.43,10.68,15.87,15.27,21.58,17.02,18.00,14.36,19.18,23.38,17.47,20.75,20.21,17.81,19.74,26.63,10.51,..,..,..,..,..,..,..,..,..,..
"Cassava for food, fresh tubers",..REGION IV-A (CALABARZON),0.00,0.00,0.00,0.00,0.00,0.00,0.00,0.00,0.00,0.00,0.00,0.00,0.00,0.00,0.00,0.00,0.00,0.00,0.00,0.00,0.00,0.00,0.00,0.00,0.00,0.00,0.00,0.00,0.00,0.00,0.00,0.00,0.00,0.00,0.00,0.00,0.00,0.00,0.00,0.00,0.00,0.00,0.00,0.00,0.00,0.00,0.00,0.00,0.00,0.00,0.00,0.00,0.00,0.00,0.00,0.00,0.00,0.00,0.00,0.00,0.00,0.00,0.00,0.00,0.00,0.00,0.00,0.00,0.00,0.00,0.00,0.00,0.00,0.00,0.00,0.00,0.00,0.00,0.00,0.00,0.00,0.00,0.00,0.00,0.00,0.00,0.00,0.00,0.00,0.00,0.00,6.03,6.17,6.82,7.61,5.42,5.38,5.84,6.37,6.31,6.52,6.15,6.61,6.27,6.53,7.87,8.15,9.09,7.90,8.13,9.22,9.32,9.85,10.31,10.19,11.73,9.02,8.92,9.14,11.32,9.87,10.25,10.57,12.00,10.82,10.33,10.55,10.81,10.31,10.41,10.11,10.29,14.12,14.09,12.70,12.43,11.49,12.54,11.59,11.83,11.07,10.79,11.92,11.71,10.85,12.08,11.28,11.24,10.64,11.13,11.11,10.21,10.34,9.21,10.12,10.83,10.64,9.09,8.98,9.24,9.44,8.84,9.81,10.08,9.68,10.26,11.89,10.93,9.91,11.68,13.12,13.07,13.56,13.52,13.92,16.28,16.01,15.27,16.00,15.47,15.88,14.48,18.38,14.69,15.98,15.72,17.82,26.48,27.64,21.65,18.96,20.10,16.78,20.23,19.53,17.56,21.34,21.15,24.24,26.30,28.57,13.91,27.07,20.54,25.02,25.06,20.68,22.62,16.20,25.19,24.06,..,..,..,..,..,..,..,..,..,..
"Cassava for food, fresh tubers",..MIMAROPA REGION,0.00,0.00,0.00,0.00,0.00,0.00,0.00,0.00,0.00,0.00,0.00,0.00,0.00,0.00,0.00,0.00,0.00,0.00,0.00,0.00,0.00,0.00,0.00,0.00,0.00,0.00,0.00,0.00,0.00,0.00,0.00,0.00,0.00,0.00,0.00,0.00,0.00,0.00,0.00,0.00,0.00,0.00,0.00,0.00,0.00,0.00,0.00,0.00,0.00,0.00,0.00,0.00,0.00,0.00,0.00,0.00,0.00,0.00,0.00,0.00,0.00,0.00,0.00,0.00,0.00,0.00,0.00,0.00,0.00,0.00,0.00,0.00,0.00,0.00,0.00,0.00,0.00,0.00,0.00,0.00,0.00,0.00,0.00,0.00,0.00,0.00,0.00,0.00,0.00,0.00,0.00,9.25,8.98,7.43,9.45,9.27,9.51,7.51,10.60,8.40,9.65,11.17,7.86,9.09,12.31,9.89,9.01,10.25,10.24,10.49,10.31,9.21,11.09,9.67,10.17,10.76,10.28,12.19,10.65,12.23,10.96,12.20,12.27,11.53,10.96,11.25,12.25,13.46,12.38,11.86,11.60,13.25,14.17,13.54,13.01,13.88,13.23,15.15,13.25,14.64,14.37,14.73,13.74,15.78,13.92,13.25,14.15,13.66,13.80,15.25,14.82,15.77,14.93,15.99,14.99,14.69,15.08,14.47,16.89,15.76,14.18,15.91,16.82,16.86,15.23,12.95,13.84,13.57,15.13,14.18,13.92,13.99,14.21,13.59,13.43,13.38,14.38,16.06,15.07,15.83,15.59,14.47,18.94,18.33,19.00,24.69,17.03,15.32,16.68,16.22,16.23,19.37,26.48,30.00,19.86,21.62,17.91,22.01,18.68,17.31,20.92,12.32,11.93,11.09,26.00,23.59,24.58,19.00,17.35,21.37,19.96,..,..,..,..,..,..,..,..,..,..
"Cassava for food, fresh tubers",..REGION V (BICOL REGION),0.00,0.00,0.00,0.00,0.00,0.00,0.00,0.00,0.00,0.00,0.00,0.00,0.00,0.00,0.00,0.00,0.00,0.00,0.00,0.00,0.00,0.00,0.00,0.00,0.00,0.00,0.00,0.00,0.00,0.00,0.00,0.00,0.00,0.00,0.00,0.00,0.00,0.00,0.00,0.00,0.00,0.00,0.00,0.00,0.00,0.00,0.00,0.00,0.00,0.00,0.00,0.00,0.00,0.00,0.00,0.00,0.00,0.00,0.00,0.00,0.00,0.00,0.00,0.00,0.00,0.00,0.00,0.00,0.00,0.00,0.00,0.00,0.00,0.00,0.00,0.00,0.00,0.00,0.00,0.00,0.00,0.00,0.00,0.00,0.00,0.00,0.00,0.00,0.00,0.00,0.00,8.54,8.49,8.93,7.88,9.71,9.73,10.45,11.88,10.12,10.36,9.66,8.80,9.55,10.63,9.12,9.08,9.68,10.61,11.11,10.95,9.95,10.47,9.66,10.73,12.06,10.34,11.53,11.37,9.99,10.33,12.25,10.71,11.49,11.50,12.78,11.31,12.68,12.42,11.53,12.77,10.91,11.84,12.61,13.59,12.95,13.20,11.17,14.77,13.34,12.80,12.32,12.69,14.51,13.24,13.93,13.37,13.66,12.29,12.78,13.66,13.73,13.26,12.86,13.60,13.41,11.73,13.26,12.28,12.22,14.09,11.77,12.04,13.35,12.77,13.15,13.45,12.79,12.74,12.55,11.65,11.91,12.40,14.01,16.30,16.22,15.77,16.43,15.75,16.44,18.20,14.80,18.35,21.78,17.71,15.70,15.60,17.76,15.46,17.29,20.93,28.65,22.41,16.64,19.03,15.96,20.94,20.78,19.06,16.26,16.00,21.58,12.87,29.37,17.79,17.35,20.81,19.06,12.14,16.41,13.09,..,..,..,..,..,..,..,..,..,..
"Cassava for food, fresh tubers",..REGION VI (WESTERN VISAYAS),0.00,0.00,0.00,0.00,0.00,0.00,0.00,0.00,0.00,0.00,0.00,0.00,0.00,0.00,0.00,0.00,0.00,0.00,0.00,0.00,0.00,0.00,0.00,0.00,0.00,0.00,0.00,0.00,0.00,0.00,0.00,0.00,0.00,0.00,0.00,0.00,0.00,0.00,0.00,0.00,0.00,0.00,0.00,0.00,0.00,0.00,0.00,0.00,0.00,0.00,0.00,0.00,0.00,0.00,0.00,0.00,0.00,0.00,0.00,0.00,0.00,0.00,0.00,0.00,0.00,0.00,0.00,0.00,0.00,0.00,0.00,0.00,0.00,0.00,0.00,0.00,0.00,0.00,0.00,0.00,0.00,0.00,0.00,0.00,0.00,0.00,0.00,0.00,0.00,0.00,0.00,9.76,9.45,8.45,9.31,8.80,9.17,9.30,9.71,9.67,9.81,9.39,10.18,9.42,10.10,9.72,9.16,10.03,9.81,11.08,12.43,10.26,12.92,12.43,11.79,10.12,10.82,13.52,12.32,11.73,11.79,14.05,11.67,13.27,12.07,12.52,14.87,12.86,13.26,12.83,12.55,12.08,13.00,12.74,13.11,13.48,13.11,13.15,12.70,12.69,12.25,13.57,12.87,12.79,13.51,13.45,12.61,12.65,12.15,11.51,13.06,12.36,11.33,11.57,12.69,12.47,13.40,11.44,11.09,11.20,11.63,12.08,12.79,11.69,11.10,12.23,12.64,12.90,12.02,14.19,15.22,14.47,14.60,14.76,14.29,14.73,15.70,15.43,15.72,17.35,15.66,15.18,16.31,16.08,17.48,19.81,25.45,23.47,17.09,19.19,20.05,20.54,20.56,36.82,21.07,19.17,22.35,19.27,19.94,21.14,25.12,20.28,20.55,18.87,20.64,23.98,23.03,21.19,15.19,17.01,17.10,..,..,..,..,..,..,..,..,..,..
"Cassava for food, fresh tubers",..NEGROS ISLAND REGION (NIR) 2/,0.00,0.00,0.00,0.00,0.00,0.00,0.00,0.00,0.00,0.00,0.00,0.00,0.00,0.00,0.00,0.00,0.00,0.00,0.00,0.00,0.00,0.00,0.00,0.00,0.00,0.00,0.00,0.00,0.00,0.00,0.00,0.00,0.00,0.00,0.00,0.00,0.00,0.00,0.00,0.00,0.00,0.00,0.00,0.00,0.00,0.00,0.00,0.00,0.00,0.00,0.00,0.00,0.00,0.00,0.00,0.00,0.00,0.00,0.00,0.00,0.00,0.00,0.00,0.00,0.00,0.00,0.00,0.00,0.00,0.00,0.00,0.00,0.00,0.00,0.00,0.00,0.00,0.00,0.00,0.00,0.00,0.00,0.00,0.00,0.00,0.00,0.00,0.00,0.00,0.00,0.00,0.00,0.00,0.00,0.00,0.00,0.00,0.00,0.00,0.00,0.00,0.00,0.00,0.00,0.00,0.00,0.00,0.00,0.00,0.00,0.00,0.00,0.00,0.00,0.00,0.00,0.00,0.00,0.00,0.00,0.00,0.00,0.00,0.00,0.00,0.00,0.00,0.00,0.00,0.00,0.00,0.00,0.00,0.00,0.00,0.00,0.00,0.00,0.00,0.00,0.00,0.00,0.00,0.00,0.00,0.00,0.00,0.00,0.00,0.00,0.00,0.00,0.00,0.00,0.00,0.00,0.00,0.00,0.00,0.00,0.00,0.00,0.00,0.00,0.00,0.00,0.00,0.00,0.00,0.00,0.00,0.00,0.00,0.00,0.00,0.00,0.00,0.00,0.00,0.00,0.00,0.00,18.43,16.20,14.99,16.56,17.67,17.12,18.32,15.00,12.97,17.74,18.31,15.00,16.53,15.34,11.90,14.07,16.26,15.03,13.02,18.32,12.01,19.82,21.30,19.73,20.00,16.40,17.16,18.18,15.38,..,..,..,..,..,..,..,..,..,..
"Cassava for industrial use, fresh tubers",PHILIPPINES,0.00,0.00,0.00,0.00,0.00,0.00,0.00,0.00,0.00,0.00,0.00,0.00,0.00,0.00,0.00,0.00,0.00,0.00,0.00,0.00,0.00,0.00,0.00,0.00,0.00,0.00,0.00,0.00,0.00,0.00,0.00,0.00,0.00,0.00,0.00,0.00,0.00,0.00,0.00,0.00,0.00,0.00,0.00,0.00,0.00,0.00,0.00,0.00,0.00,0.00,0.00,0.00,0.00,0.00,0.00,0.00,0.00,0.00,0.00,0.00,0.00,0.00,0.00,0.00,0.00,0.00,0.00,0.00,0.00,0.00,0.00,0.00,0.00,0.00,0.00,0.00,0.00,0.00,0.00,0.00,0.00,0.00,0.00,0.00,0.00,0.00,0.00,0.00,0.00,0.00,0.00,4.24,4.41,3.38,4.82,4.63,4.17,4.05,4.30,4.43,3.86,4.13,4.28,4.23,4.84,5.22,4.42,4.59,4.95,4.77,4.76,4.73,5.15,5.27,5.65,5.37,4.98,3.97,4.27,5.75,6.07,5.87,5.95,5.63,5.55,5.81,6.30,6.27,6.07,5.63,5.62,5.60,6.13,6.53,6.69,6.51,5.85,5.22,6.59,6.09,6.06,6.60,6.12,5.13,5.27,6.27,5.82,5.29,5.39,5.24,5.48,4.71,6.04,5.59,5.70,5.49,4.34,4.77,4.51,4.93,5.20,5.01,5.85,5.33,5.09,5.70,6.41,6.12,5.27,5.99,5.51,6.01,6.24,6.06,5.81,6.49,7.00,5.44,5.64,6.67,6.21,6.09,8.14,7.56,9.30,5.75,9.48,10.17,4.43,10.00,9.24,11.52,12.37,9.32,8.94,6.87,4.83,4.32,4.70,6.37,12.82,14.85,7.37,13.62,4.12,7.16,14.66,8.47,4.71,4.57,8.87,..,..,..,..,..,..,..,..,..,..
"Cassava for industrial use, fresh tubers",..CORDILLERA ADMINISTRATIVE REGION (CAR),0.00,0.00,0.00,0.00,0.00,0.00,0.00,0.00,0.00,0.00,0.00,0.00,0.00,0.00,0.00,0.00,0.00,0.00,0.00,0.00,0.00,0.00,0.00,0.00,0.00,0.00,0.00,0.00,0.00,0.00,0.00,0.00,0.00,0.00,0.00,0.00,0.00,0.00,0.00,0.00,0.00,0.00,0.00,0.00,0.00,0.00,0.00,0.00,0.00,0.00,0.00,0.00,0.00,0.00,0.00,0.00,0.00,0.00,0.00,0.00,0.00,0.00,0.00,0.00,0.00,0.00,0.00,0.00,0.00,0.00,0.00,0.00,0.00,0.00,0.00,0.00,0.00,0.00,0.00,0.00,0.00,0.00,0.00,0.00,0.00,0.00,0.00,0.00,0.00,0.00,0.00,0.00,6.36,0.00,0.00,7.86,5.96,7.94,7.14,7.98,4.64,5.86,5.40,6.57,6.21,7.32,5.00,6.66,8.66,8.00,8.00,8.00,8.00,8.30,9.33,8.00,7.62,8.00,0.00,9.71,9.14,9.75,10.38,10.41,11.74,10.88,8.65,9.49,9.86,9.82,11.26,9.29,8.97,8.62,9.03,8.89,9.85,9.51,10.35,10.50,11.24,10.55,9.84,0.00,5.32,5.03,5.24,4.82,5.23,5.16,5.17,5.17,5.08,5.01,5.17,5.13,0.00,5.00,4.68,4.88,5.03,4.84,4.99,4.99,5.05,5.00,5.39,5.17,5.00,5.00,5.47,5.64,5.52,5.55,6.00,6.00,5.81,5.81,5.47,5.00,5.91,5.60,5.00,5.00,6.00,5.50,0.00,0.00,0.00,0.00,6.00,0.00,0.00,0.00,5.50,0.00,12.00,15.00,30.00,50.00,30.00,50.00,0.00,0.00,0.00,27.50,0.00,30.64,20.00,0.00,0.00,..,..,..,..,..,..,..,..,..,..
"Cassava for industrial use, fresh tubers",..REGION I (ILOCOS REGION),0.00,0.00,0.00,0.00,0.00,0.00,0.00,0.00,0.00,0.00,0.00,0.00,0.00,0.00,0.00,0.00,0.00,0.00,0.00,0.00,0.00,0.00,0.00,0.00,0.00,0.00,0.00,0.00,0.00,0.00,0.00,0.00,0.00,0.00,0.00,0.00,0.00,0.00,0.00,0.00,0.00,0.00,0.00,0.00,0.00,0.00,0.00,0.00,0.00,0.00,0.00,0.00,0.00,0.00,0.00,0.00,0.00,0.00,0.00,0.00,0.00,0.00,0.00,0.00,0.00,0.00,0.00,0.00,0.00,0.00,0.00,0.00,0.00,0.00,0.00,0.00,0.00,0.00,0.00,0.00,0.00,0.00,0.00,0.00,0.00,0.00,0.00,0.00,0.00,0.00,0.00,0.00,0.00,0.00,0.00,0.00,0.00,0.00,0.00,0.00,0.00,0.00,0.00,0.00,0.00,0.00,0.00,0.00,0.00,0.00,0.00,0.00,0.00,0.00,0.00,0.00,0.00,0.00,0.00,0.00,0.00,0.00,0.00,0.00,0.00,0.00,0.00,0.00,0.00,0.00,0.00,0.00,0.00,0.00,0.00,0.00,0.00,0.00,0.00,0.00,0.00,0.00,0.00,0.00,0.00,0.00,0.00,0.00,0.00,0.00,0.00,0.00,0.00,0.00,0.00,0.00,0.00,0.00,0.00,0.00,0.00,0.00,0.00,0.00,0.00,0.00,0.00,0.00,0.00,0.00,0.00,0.00,0.00,0.00,0.00,0.00,0.00,0.00,0.00,0.00,0.00,0.00,0.00,0.00,0.00,0.00,0.00,0.00,0.00,0.00,0.00,0.00,0.00,0.00,0.00,0.00,0.00,0.00,0.00,0.00,0.00,0.00,0.00,0.00,0.00,0.00,0.00,0.00,0.00,0.00,0.00,..,..,..,..,..,..,..,..,..,..
"Cassava for industrial use, fresh tubers",..REGION II (CAGAYAN VALLEY),0.00,0.00,0.00,0.00,0.00,0.00,0.00,0.00,0.00,0.00,0.00,0.00,0.00,0.00,0.00,0.00,0.00,0.00,0.00,0.00,0.00,0.00,0.00,0.00,0.00,0.00,0.00,0.00,0.00,0.00,0.00,0.00,0.00,0.00,0.00,0.00,0.00,0.00,0.00,0.00,0.00,0.00,0.00,0.00,0.00,0.00,0.00,0.00,0.00,0.00,0.00,0.00,0.00,0.00,0.00,0.00,0.00,0.00,0.00,0.00,0.00,0.00,0.00,0.00,0.00,0.00,0.00,0.00,0.00,0.00,0.00,0.00,0.00,0.00,0.00,0.00,0.00,0.00,0.00,0.00,0.00,0.00,0.00,0.00,0.00,0.00,0.00,0.00,0.00,0.00,0.00,4.52,5.52,2.97,3.17,3.04,3.14,3.11,3.10,2.95,2.86,3.10,3.08,3.38,3.19,3.41,3.32,3.59,3.58,4.36,3.43,3.31,3.20,3.63,3.40,3.49,3.49,3.01,3.07,3.06,3.17,3.02,3.12,2.99,3.26,3.48,3.59,3.21,4.27,3.27,4.31,4.43,4.88,4.95,3.93,4.60,4.56,4.60,4.51,4.70,4.43,4.61,4.54,4.89,5.15,4.91,3.84,4.47,4.97,3.91,3.99,3.76,4.01,4.04,4.11,4.34,4.25,4.38,3.87,4.37,4.14,4.28,4.10,4.15,4.13,4.18,4.43,5.01,4.27,4.59,5.02,5.35,5.22,5.12,5.08,4.91,4.76,4.65,4.74,4.19,5.40,4.92,4.00,4.81,4.92,12.69,13.41,14.00,2.76,5.59,3.71,7.38,4.00,0.00,7.02,3.49,6.17,4.94,3.81,3.39,4.34,0.00,5.34,3.00,2.25,3.83,0.00,4.06,4.49,8.36,7.65,..,..,..,..,..,..,..,..,..,..
"Cassava for industrial use, fresh tubers",..REGION III (CENTRAL LUZON),0.00,0.00,0.00,0.00,0.00,0.00,0.00,0.00,0.00,0.00,0.00,0.00,0.00,0.00,0.00,0.00,0.00,0.00,0.00,0.00,0.00,0.00,0.00,0.00,0.00,0.00,0.00,0.00,0.00,0.00,0.00,0.00,0.00,0.00,0.00,0.00,0.00,0.00,0.00,0.00,0.00,0.00,0.00,0.00,0.00,0.00,0.00,0.00,0.00,0.00,0.00,0.00,0.00,0.00,0.00,0.00,0.00,0.00,0.00,0.00,0.00,0.00,0.00,0.00,0.00,0.00,0.00,0.00,0.00,0.00,0.00,0.00,0.00,0.00,0.00,0.00,0.00,0.00,0.00,0.00,0.00,0.00,0.00,0.00,0.00,0.00,0.00,0.00,0.00,0.00,0.00,0.00,0.00,0.00,0.00,0.00,0.00,0.00,4.96,5.56,0.00,0.00,0.00,5.26,0.00,0.00,0.00,0.00,0.00,0.00,0.00,0.00,0.00,0.00,0.00,0.00,0.00,0.00,0.00,0.00,0.00,0.00,0.00,0.00,0.00,0.00,0.00,0.00,0.00,0.00,0.00,0.00,0.00,0.00,0.00,0.00,0.00,0.00,0.00,0.00,0.00,9.13,9.13,0.00,0.00,0.00,0.00,0.00,0.00,0.00,0.00,0.00,11.05,10.51,10.26,10.61,0.00,0.00,0.00,0.00,0.00,0.00,0.00,0.00,0.00,0.00,12.38,10.47,11.43,0.00,0.00,0.00,0.00,0.00,0.00,0.00,0.00,0.00,0.00,10.35,9.97,10.16,0.00,0.00,0.00,0.00,0.00,0.00,0.00,0.00,11.86,0.00,12.10,12.05,12.00,0.00,0.00,0.00,0.00,0.00,0.00,0.00,0.00,0.00,12.00,12.00,12.00,12.00,7.86,5.41,0.00,..,..,..,..,..,..,..,..,..,..
"Cassava for industrial use, fresh tubers",..REGION IV-A (CALABARZON),0.00,0.00,0.00,0.00,0.00,0.00,0.00,0.00,0.00,0.00,0.00,0.00,0.00,0.00,0.00,0.00,0.00,0.00,0.00,0.00,0.00,0.00,0.00,0.00,0.00,0.00,0.00,0.00,0.00,0.00,0.00,0.00,0.00,0.00,0.00,0.00,0.00,0.00,0.00,0.00,0.00,0.00,0.00,0.00,0.00,0.00,0.00,0.00,0.00,0.00,0.00,0.00,0.00,0.00,0.00,0.00,0.00,0.00,0.00,0.00,0.00,0.00,0.00,0.00,0.00,0.00,0.00,0.00,0.00,0.00,0.00,0.00,0.00,0.00,0.00,0.00,0.00,0.00,0.00,0.00,0.00,0.00,0.00,0.00,0.00,0.00,0.00,0.00,0.00,0.00,0.00,0.00,0.00,0.00,0.00,0.00,0.00,0.00,5.00,0.00,0.00,0.00,0.00,5.00,0.00,0.00,0.00,0.00,0.00,0.00,0.00,0.00,0.00,0.00,0.00,0.00,0.00,0.00,0.00,0.00,0.00,0.00,0.00,0.00,0.00,0.00,0.00,0.00,0.00,0.00,0.00,0.00,0.00,0.00,0.00,0.00,0.00,0.00,0.00,0.00,0.00,0.00,0.00,0.00,0.00,0.00,0.00,0.00,0.00,0.00,0.00,0.00,0.00,0.00,0.00,0.00,0.00,0.00,0.00,0.00,0.00,0.00,0.00,0.00,0.00,0.00,0.00,0.00,0.00,0.00,0.00,0.00,0.00,0.00,0.00,0.00,0.00,0.00,0.00,0.00,0.00,0.00,0.00,0.00,0.00,0.00,0.00,0.00,0.00,0.00,0.00,0.00,0.00,0.00,0.00,0.00,0.00,0.00,0.00,10.00,0.00,0.00,0.00,0.00,0.00,0.00,0.00,10.00,0.00,0.00,30.00,..,..,..,..,..,..,..,..,..,..
"Cassava for industrial use, fresh tubers",..MIMAROPA REGION,0.00,0.00,0.00,0.00,0.00,0.00,0.00,0.00,0.00,0.00,0.00,0.00,0.00,0.00,0.00,0.00,0.00,0.00,0.00,0.00,0.00,0.00,0.00,0.00,0.00,0.00,0.00,0.00,0.00,0.00,0.00,0.00,0.00,0.00,0.00,0.00,0.00,0.00,0.00,0.00,0.00,0.00,0.00,0.00,0.00,0.00,0.00,0.00,0.00,0.00,0.00,0.00,0.00,0.00,0.00,0.00,0.00,0.00,0.00,0.00,0.00,0.00,0.00,0.00,0.00,0.00,0.00,0.00,0.00,0.00,0.00,0.00,0.00,0.00,0.00,0.00,0.00,0.00,0.00,0.00,0.00,0.00,0.00,0.00,0.00,0.00,0.00,0.00,0.00,0.00,0.00,6.74,8.35,0.00,13.65,8.40,8.17,0.00,0.00,0.00,0.00,0.00,0.00,9.06,8.33,12.61,8.38,10.42,9.21,7.74,11.30,13.91,13.93,11.65,13.39,12.02,11.07,0.00,0.00,9.92,13.62,10.88,9.22,9.78,9.08,10.82,12.64,11.90,12.17,11.00,8.20,8.43,0.00,8.05,10.71,8.81,0.00,0.00,0.00,0.00,0.00,0.00,8.84,0.00,7.91,14.45,9.21,7.23,8.00,7.47,9.52,0.00,0.00,0.00,0.00,9.11,0.00,8.36,8.02,8.02,8.15,7.95,12.20,8.00,8.00,8.00,8.06,8.03,8.44,8.79,9.34,8.76,8.96,8.97,8.00,11.96,14.61,0.00,0.00,10.00,0.00,9.93,0.00,0.00,0.00,0.00,0.00,0.00,0.00,0.00,0.00,0.00,0.00,0.00,0.00,0.00,0.00,0.00,22.00,25.00,25.00,0.00,30.00,0.00,13.00,0.00,0.00,23.00,10.00,10.00,10.00,..,..,..,..,..,..,..,..,..,..
"Cassava for industrial use, fresh tubers",..REGION V (BICOL REGION),0.00,0.00,0.00,0.00,0.00,0.00,0.00,0.00,0.00,0.00,0.00,0.00,0.00,0.00,0.00,0.00,0.00,0.00,0.00,0.00,0.00,0.00,0.00,0.00,0.00,0.00,0.00,0.00,0.00,0.00,0.00,0.00,0.00,0.00,0.00,0.00,0.00,0.00,0.00,0.00,0.00,0.00,0.00,0.00,0.00,0.00,0.00,0.00,0.00,0.00,0.00,0.00,0.00,0.00,0.00,0.00,0.00,0.00,0.00,0.00,0.00,0.00,0.00,0.00,0.00,0.00,0.00,0.00,0.00,0.00,0.00,0.00,0.00,0.00,0.00,0.00,0.00,0.00,0.00,0.00,0.00,0.00,0.00,0.00,0.00,0.00,0.00,0.00,0.00,0.00,0.00,5.37,4.39,3.78,4.66,4.54,4.85,5.10,5.78,5.80,6.11,7.00,6.20,5.30,8.60,6.70,6.13,5.33,8.14,7.34,5.76,6.47,7.01,7.41,6.27,7.09,6.85,0.00,7.26,6.79,6.48,7.14,5.50,4.97,4.40,4.42,5.14,5.31,5.56,5.72,0.00,7.09,9.05,9.48,9.84,0.00,0.00,3.51,7.82,6.02,4.23,7.57,7.18,0.00,3.27,5.20,3.02,6.80,6.06,7.83,6.78,5.66,9.26,8.65,7.80,6.39,3.02,4.67,3.90,5.66,5.54,3.54,4.81,4.37,3.27,4.54,3.45,4.96,4.31,4.02,4.05,4.27,4.35,4.31,5.28,4.28,5.19,4.00,4.26,4.39,3.59,4.33,9.08,9.00,8.89,3.12,3.29,2.88,5.67,0.00,0.00,0.00,0.00,0.00,5.99,0.00,0.00,0.00,0.00,0.00,0.00,0.00,0.00,0.00,0.00,0.00,0.00,0.00,27.50,28.54,28.54,..,..,..,..,..,..,..,..,..,..
"Cassava for industrial use, fresh tubers",..REGION VI (WESTERN VISAYAS),0.00,0.00,0.00,0.00,0.00,0.00,0.00,0.00,0.00,0.00,0.00,0.00,0.00,0.00,0.00,0.00,0.00,0.00,0.00,0.00,0.00,0.00,0.00,0.00,0.00,0.00,0.00,0.00,0.00,0.00,0.00,0.00,0.00,0.00,0.00,0.00,0.00,0.00,0.00,0.00,0.00,0.00,0.00,0.00,0.00,0.00,0.00,0.00,0.00,0.00,0.00,0.00,0.00,0.00,0.00,0.00,0.00,0.00,0.00,0.00,0.00,0.00,0.00,0.00,0.00,0.00,0.00,0.00,0.00,0.00,0.00,0.00,0.00,0.00,0.00,0.00,0.00,0.00,0.00,0.00,0.00,0.00,0.00,0.00,0.00,0.00,0.00,0.00,0.00,0.00,0.00,0.00,0.00,0.00,0.00,0.00,0.00,0.00,0.00,0.00,0.00,0.00,0.00,0.00,0.00,0.00,0.00,0.00,0.00,0.00,0.00,0.00,0.00,0.00,0.00,0.00,0.00,0.00,0.00,0.00,0.00,0.00,0.00,0.00,0.00,0.00,0.00,0.00,0.00,0.00,0.00,0.00,0.00,0.00,0.00,0.00,0.00,0.00,0.00,0.00,0.00,0.00,0.00,0.00,0.00,0.00,0.00,0.00,0.00,0.00,0.00,0.00,0.00,0.00,0.00,0.00,0.00,0.00,0.00,0.00,0.00,0.00,0.00,0.00,0.00,0.00,0.00,0.00,0.00,0.00,0.00,0.00,0.00,0.00,0.00,0.00,0.00,0.00,0.00,0.00,0.00,0.00,0.00,0.00,0.00,0.00,0.00,0.00,0.00,0.00,0.00,0.00,0.00,0.00,0.00,0.00,0.00,0.00,15.00,0.00,0.00,0.00,0.00,0.00,0.00,0.00,0.00,15.00,0.00,0.00,0.00,..,..,..,..,..,..,..,..,..,..
"Cassava for industrial use, fresh tubers",..NEGROS ISLAND REGION (NIR) 2/,0.00,0.00,0.00,0.00,0.00,0.00,0.00,0.00,0.00,0.00,0.00,0.00,0.00,0.00,0.00,0.00,0.00,0.00,0.00,0.00,0.00,0.00,0.00,0.00,0.00,0.00,0.00,0.00,0.00,0.00,0.00,0.00,0.00,0.00,0.00,0.00,0.00,0.00,0.00,0.00,0.00,0.00,0.00,0.00,0.00,0.00,0.00,0.00,0.00,0.00,0.00,0.00,0.00,0.00,0.00,0.00,0.00,0.00,0.00,0.00,0.00,0.00,0.00,0.00,0.00,0.00,0.00,0.00,0.00,0.00,0.00,0.00,0.00,0.00,0.00,0.00,0.00,0.00,0.00,0.00,0.00,0.00,0.00,0.00,0.00,0.00,0.00,0.00,0.00,0.00,0.00,0.00,0.00,0.00,0.00,0.00,0.00,0.00,0.00,0.00,0.00,0.00,0.00,0.00,0.00,0.00,0.00,0.00,0.00,0.00,0.00,0.00,0.00,0.00,0.00,0.00,0.00,0.00,0.00,0.00,0.00,0.00,0.00,0.00,0.00,0.00,0.00,0.00,0.00,0.00,0.00,0.00,0.00,0.00,0.00,0.00,0.00,0.00,0.00,0.00,0.00,0.00,0.00,0.00,0.00,0.00,0.00,0.00,0.00,0.00,0.00,0.00,0.00,0.00,0.00,0.00,0.00,0.00,0.00,0.00,0.00,0.00,0.00,0.00,0.00,0.00,0.00,0.00,0.00,0.00,0.00,0.00,0.00,0.00,0.00,0.00,0.00,0.00,0.00,0.00,0.00,0.00,0.00,0.00,15.00,0.00,11.00,0.00,12.00,0.00,0.00,0.00,0.00,2.83,10.21,12.13,0.00,0.00,11.00,11.00,11.00,0.00,6.00,0.00,0.00,6.00,0.00,9.52,0.00,0.00,5.00,..,..,..,..,..,..,..,..,..,..
"Eggplant, long, purple",PHILIPPINES,19.60,15.25,14.64,14.60,14.24,13.69,13.16,12.16,11.54,15.27,16.25,17.63,14.84,23.48,22.11,21.17,19.93,21.14,22.29,20.18,20.24,19.04,24.00,21.80,23.64,21.59,20.69,20.29,18.54,17.55,17.62,17.51,18.65,20.47,18.62,19.32,20.48,19.81,19.13,21.48,18.74,18.60,18.16,17.63,16.65,15.89,17.60,17.16,20.36,23.92,22.74,19.08,26.90,22.86,21.15,20.68,18.99,18.49,22.57,19.83,20.67,18.86,19.29,23.24,21.13,23.12,20.76,21.13,22.71,19.62,19.28,22.08,19.67,19.09,23.98,23.30,26.83,21.80,24.36,24.24,22.17,22.52,20.95,19.50,20.79,21.96,20.31,26.95,23.96,27.92,22.97,30.85,29.30,27.10,24.96,23.64,22.37,23.07,23.14,23.68,25.65,28.15,29.15,25.92,34.73,31.44,29.25,27.19,26.82,28.79,29.50,30.57,34.14,27.56,31.37,29.37,30.06,34.09,28.95,29.76,30.10,28.93,26.27,27.46,30.54,32.49,28.63,35.40,33.64,30.52,34.62,30.94,33.50,32.06,29.90,23.57,23.36,23.30,22.98,29.56,39.07,40.42,30.27,49.43,41.99,37.95,36.00,32.19,30.54,30.32,32.15,31.20,32.36,32.12,37.63,35.32,40.08,36.94,35.89,35.60,34.49,35.47,38.24,34.00,34.82,39.43,46.35,43.44,37.90,53.90,42.60,39.65,38.94,34.77,33.48,33.64,35.55,38.05,34.60,39.02,38.74,38.58,41.88,42.32,42.93,34.53,39.33,37.65,42.60,41.01,42.36,43.21,54.61,61.20,43.64,50.19,45.78,43.08,43.68,41.67,40.56,43.92,47.73,39.33,48.69,50.71,64.78,46.68,38.58,33.51,36.18,..,..,..,..,..,..,..,..,..,..
"Eggplant, long, purple",..CORDILLERA ADMINISTRATIVE REGION (CAR),24.35,19.41,18.22,17.68,19.34,16.85,18.29,17.00,13.90,18.80,30.67,26.15,20.06,25.62,21.41,21.21,21.09,21.21,20.35,20.86,17.05,19.41,24.13,23.30,26.54,21.85,22.39,22.44,22.40,21.30,19.60,18.01,18.93,20.56,18.79,22.05,22.66,22.33,20.96,20.29,19.85,20.47,19.95,21.22,20.03,19.35,20.29,20.01,18.71,23.92,23.70,20.65,22.61,18.56,18.76,20.09,19.68,20.94,22.20,19.38,22.16,21.56,21.37,21.71,20.75,18.94,16.12,17.07,20.21,19.76,19.12,20.31,23.64,23.12,28.85,29.15,31.30,22.30,29.44,22.16,22.73,23.70,20.38,16.81,20.19,21.39,21.14,36.97,34.87,35.73,25.46,35.44,24.59,21.57,24.04,21.08,19.48,20.56,20.99,21.68,22.50,27.53,25.15,23.72,35.13,28.94,24.91,24.24,27.40,26.71,25.84,31.08,35.03,34.44,37.01,34.66,30.45,30.58,18.07,18.19,26.49,24.03,24.65,24.54,24.95,32.09,26.28,31.00,36.26,26.43,36.00,31.18,32.78,35.62,30.94,28.02,22.09,22.61,22.66,32.34,46.19,49.58,32.50,52.20,39.44,36.60,34.01,28.12,29.72,27.19,36.32,30.02,33.69,27.75,31.47,33.88,30.35,31.90,29.63,29.64,31.30,32.07,34.54,28.45,34.08,44.21,59.04,53.89,36.59,60.19,43.22,39.11,37.58,39.37,29.74,34.77,43.28,39.57,37.39,41.09,39.37,40.39,42.22,43.00,45.00,41.69,43.42,43.74,40.00,49.96,50.00,24.02,84.22,118.00,52.11,51.77,45.39,49.87,23.92,35.34,56.67,40.32,36.27,30.76,40.76,49.10,44.15,42.03,27.26,14.31,11.60,..,..,..,..,..,..,..,..,..,..
"Eggplant, long, purple",..REGION I (ILOCOS REGION),22.64,11.71,7.81,9.98,9.57,11.50,12.07,8.32,10.55,26.62,18.34,16.39,13.79,22.76,17.91,15.49,16.51,17.96,21.10,16.87,16.82,21.38,35.30,34.62,32.71,22.45,19.84,16.77,15.75,14.38,14.14,16.34,17.36,29.61,17.67,23.62,19.88,18.15,18.63,15.29,11.58,13.86,10.86,12.00,12.70,11.92,16.18,14.46,23.26,31.18,25.79,16.59,24.98,12.25,12.07,12.68,13.05,17.21,21.04,17.17,23.84,17.99,18.63,23.27,17.85,15.08,12.07,11.82,11.73,11.58,13.21,30.31,21.63,21.95,46.36,30.94,29.48,21.35,17.88,18.67,16.74,12.60,12.52,14.54,18.81,19.82,17.80,53.31,26.44,35.04,22.01,26.66,19.89,18.17,16.97,19.24,17.46,18.06,22.05,22.85,27.36,29.37,27.21,22.11,26.27,25.69,19.49,17.14,20.53,30.27,33.64,32.82,50.02,34.76,37.20,26.51,29.53,24.42,14.83,15.15,17.14,18.38,14.22,18.51,23.84,25.45,23.54,44.89,34.22,22.88,27.20,20.00,23.31,17.73,19.29,20.17,19.63,16.34,18.29,27.91,40.61,42.80,24.44,41.42,28.83,24.23,22.57,23.40,18.79,26.59,24.24,25.09,35.41,22.37,26.96,26.66,16.77,21.12,20.06,19.52,22.39,27.71,30.05,24.66,28.86,41.90,46.17,47.21,28.87,46.79,28.94,24.78,27.62,27.15,31.54,31.54,44.85,47.38,38.00,43.14,39.25,35.92,38.70,32.34,35.90,33.88,38.31,41.43,32.06,31.91,40.68,48.62,69.33,76.80,43.33,45.44,35.64,22.01,45.32,38.68,33.61,39.03,45.79,49.85,51.61,49.68,50.58,42.27,42.03,34.11,39.27,..,..,..,..,..,..,..,..,..,..
"Eggplant, long, purple",..REGION II (CAGAYAN VALLEY),18.73,10.81,10.51,9.45,9.93,7.68,7.52,5.88,5.61,15.17,18.30,15.48,11.26,24.77,18.55,16.93,14.80,20.07,17.63,13.45,13.93,18.76,40.21,28.55,31.77,21.62,27.29,20.05,17.30,15.27,18.00,16.19,16.08,16.30,13.66,19.22,20.61,20.58,18.38,21.56,11.78,17.01,16.75,12.70,12.10,9.86,14.33,12.96,18.86,26.97,23.09,16.50,25.35,17.29,20.17,18.03,15.60,16.24,18.89,12.32,15.99,17.34,13.39,25.50,18.01,14.67,23.39,23.57,26.33,25.62,25.35,29.31,14.74,21.74,35.79,33.29,47.40,26.77,32.79,23.18,22.97,21.32,32.30,26.69,23.52,26.41,23.73,32.04,28.41,35.53,27.41,45.74,42.22,34.11,32.80,31.62,22.98,21.79,23.53,21.12,31.13,37.42,22.36,30.57,43.13,40.81,36.73,33.04,36.16,38.73,29.42,31.54,46.54,40.10,48.95,43.56,39.06,44.32,32.48,37.55,36.14,30.59,27.36,26.96,33.36,41.82,36.69,51.65,53.43,37.70,48.50,23.06,43.59,42.72,33.72,23.52,20.77,19.83,18.71,25.40,51.22,46.32,33.11,72.61,53.21,50.86,49.49,40.52,36.06,21.36,38.10,32.88,28.17,37.80,50.24,42.61,40.52,36.57,38.99,47.58,38.94,37.22,46.83,42.29,40.87,53.71,42.92,58.02,43.71,64.22,52.53,45.39,45.09,42.17,44.71,44.43,51.05,46.62,46.74,50.29,53.47,48.89,31.22,31.09,37.06,31.35,26.62,34.59,38.51,43.70,43.16,30.96,49.20,49.54,37.25,59.89,35.05,37.16,32.82,33.24,36.43,36.04,30.60,36.99,32.20,36.31,44.19,37.58,53.97,46.16,40.22,..,..,..,..,..,..,..,..,..,..
"Eggplant, long, purple",..REGION III (CENTRAL LUZON),23.29,9.37,6.39,7.54,10.07,11.64,8.75,5.93,5.90,19.48,17.17,26.89,12.70,27.99,19.02,16.31,15.82,18.96,27.24,15.89,24.62,21.04,38.92,36.86,47.92,25.88,22.44,19.11,14.98,13.42,15.31,18.44,18.23,34.34,23.24,26.96,29.62,22.58,21.56,20.43,14.82,16.05,14.86,15.71,16.66,12.15,18.02,14.13,26.89,31.70,31.05,19.37,28.36,16.63,18.00,17.21,18.92,19.14,27.69,20.41,25.07,15.78,23.35,30.60,21.76,24.60,18.23,17.28,14.66,13.39,15.95,31.21,21.99,17.89,36.41,33.99,57.75,25.28,31.78,32.93,22.33,19.02,14.69,13.31,21.03,24.45,16.68,43.72,27.39,36.37,25.31,34.03,26.90,21.65,15.33,15.07,17.21,22.23,22.63,20.55,28.16,32.79,30.17,23.89,33.12,26.54,23.52,20.27,20.65,37.35,39.24,39.66,41.81,28.84,41.71,35.68,32.37,41.65,16.70,22.10,21.00,17.97,16.10,23.16,35.16,40.28,25.13,58.07,38.90,29.69,37.54,27.28,31.56,26.35,23.38,13.32,19.60,17.39,16.98,37.49,60.95,57.62,30.79,57.44,39.16,35.68,23.45,22.78,17.59,33.05,34.21,37.41,38.23,31.40,46.10,34.71,27.59,30.78,23.77,26.41,26.89,30.45,39.21,30.08,37.89,49.16,62.31,49.96,36.21,51.77,26.06,28.87,34.32,29.91,37.84,32.04,29.27,42.82,33.16,48.38,49.82,37.02,42.24,42.85,43.62,38.69,54.06,42.34,48.02,39.79,52.36,60.12,88.37,84.88,53.11,39.85,40.45,39.90,53.11,45.41,34.78,39.35,46.71,47.43,50.43,60.86,68.48,47.23,27.18,21.00,23.62,..,..,..,..,..,..,..,..,..,..
"Eggplant, long, purple",..REGION IV-A (CALABARZON),23.05,14.61,10.53,9.41,12.46,13.91,14.88,9.32,6.62,13.99,13.84,18.71,13.44,26.31,27.93,25.99,20.08,20.25,24.20,19.33,17.72,17.98,27.99,25.25,26.70,23.31,22.74,24.18,23.93,18.87,18.23,17.00,23.38,22.65,19.24,16.65,21.72,18.80,20.62,23.18,16.89,18.47,19.82,19.73,16.51,13.88,16.61,16.53,20.10,21.56,19.56,18.57,26.31,24.69,17.31,19.92,19.39,20.16,38.77,27.06,24.51,15.42,17.41,24.72,22.97,21.37,21.45,20.76,19.69,17.21,18.71,23.57,16.73,17.13,30.04,23.45,31.22,21.78,29.47,29.81,21.69,18.13,17.05,18.75,20.86,23.78,14.22,36.15,26.12,37.23,24.44,35.70,34.93,27.00,23.70,21.21,25.33,26.32,20.29,24.38,29.77,29.72,29.33,27.31,34.80,37.05,26.04,23.74,20.86,29.88,36.17,37.07,43.42,22.82,39.75,26.50,31.51,46.44,22.90,27.06,24.08,26.33,18.51,21.42,32.17,31.81,22.03,55.41,39.71,30.66,37.80,33.79,38.78,31.41,30.14,15.19,18.54,19.45,16.02,32.42,61.24,48.03,31.90,57.76,45.61,35.69,27.16,24.48,23.14,33.93,36.73,36.48,39.09,27.17,35.60,35.24,36.25,35.13,26.31,29.62,30.75,39.10,47.65,31.01,34.77,43.90,77.69,44.86,39.75,81.93,42.20,47.69,37.02,26.53,33.13,36.10,33.45,42.41,32.66,48.60,41.26,41.92,55.04,52.36,52.58,28.06,47.16,37.25,54.03,56.34,56.54,59.74,54.64,63.91,51.47,55.03,55.57,49.80,40.11,41.72,36.65,43.64,52.50,39.49,62.25,71.21,89.57,53.13,44.04,38.27,35.71,..,..,..,..,..,..,..,..,..,..
"Eggplant, long, purple",..MIMAROPA REGION,29.81,23.66,22.40,19.65,20.77,18.29,17.32,17.17,15.33,19.36,20.17,25.59,20.79,33.16,30.36,28.95,27.01,25.65,27.16,27.31,29.19,25.48,30.29,25.64,27.42,28.14,29.13,27.96,25.34,22.95,23.76,24.04,25.35,26.03,27.00,27.93,30.82,30.69,26.75,26.83,26.31,26.11,24.92,23.61,21.43,21.08,23.33,24.38,27.72,29.45,34.09,25.77,33.02,29.00,28.19,26.67,28.28,24.77,28.58,27.14,29.29,26.27,25.73,31.13,28.17,32.13,31.33,28.89,29.55,25.58,26.67,27.51,24.89,24.20,22.65,27.00,32.26,27.72,36.23,34.70,29.09,30.18,27.84,25.43,29.18,29.71,26.58,29.90,30.55,36.06,30.45,41.78,39.64,37.73,34.52,30.15,26.94,25.08,29.89,29.71,31.61,35.69,48.53,34.27,40.63,38.48,38.43,35.65,32.77,33.34,36.61,45.67,45.13,35.54,35.46,32.94,37.55,43.72,40.33,37.78,38.25,33.48,31.88,36.37,37.17,38.36,35.96,37.39,42.25,37.75,43.34,43.67,39.48,38.14,35.45,30.43,28.81,31.60,31.49,34.32,49.81,46.11,37.72,62.67,53.45,43.69,40.29,34.52,38.24,33.83,34.54,38.09,40.59,45.83,49.54,42.94,51.02,47.97,45.64,42.93,42.46,42.29,44.23,41.71,39.89,45.82,50.99,50.24,45.43,71.18,50.94,47.58,45.07,40.64,39.64,39.13,41.20,44.27,43.25,42.72,43.51,45.76,56.22,56.24,54.42,35.33,38.78,31.28,48.11,55.57,55.85,43.26,44.26,53.70,47.75,44.71,32.21,29.96,43.91,56.63,55.74,62.02,43.64,65.17,44.93,40.76,65.03,48.72,41.31,39.75,52.23,..,..,..,..,..,..,..,..,..,..
"Eggplant, long, purple",..REGION V (BICOL REGION),24.12,20.13,19.87,15.50,15.30,15.61,14.29,13.62,11.88,14.04,14.10,19.04,16.46,32.07,25.59,30.52,25.39,28.03,27.72,25.03,25.23,22.80,28.10,27.32,31.15,27.41,30.81,33.18,26.89,23.43,24.93,23.59,23.32,23.12,22.49,22.01,23.08,24.25,25.09,28.25,23.86,23.31,21.92,21.44,18.79,18.15,21.04,20.41,25.32,24.86,27.75,22.93,31.27,30.65,26.08,23.37,21.55,22.55,34.76,28.84,27.47,25.22,24.87,36.15,27.73,34.26,30.76,27.86,24.85,20.62,20.28,22.51,22.88,20.24,23.54,25.30,33.76,25.57,28.35,29.33,22.99,22.33,19.97,19.76,21.95,20.94,21.62,24.55,22.95,28.10,23.57,41.28,36.66,35.14,32.64,24.63,22.89,24.00,21.75,25.55,24.88,27.55,35.19,29.35,45.83,43.24,41.20,35.87,37.87,35.89,33.74,34.00,35.51,24.99,29.52,31.04,35.73,38.79,29.72,33.05,33.13,33.53,27.74,31.12,31.60,34.44,27.85,34.91,42.11,33.17,46.13,43.92,42.87,35.82,33.06,23.78,26.14,23.25,23.37,31.30,44.78,60.06,36.21,65.81,63.16,48.65,42.70,33.46,31.78,29.14,30.58,28.61,35.21,35.08,46.05,40.85,46.14,45.59,40.52,38.36,32.30,40.03,42.89,38.17,39.07,46.86,57.45,53.60,43.42,77.76,61.60,53.64,52.40,35.02,36.59,34.28,33.98,41.29,34.69,44.85,48.01,46.18,38.73,54.36,49.70,40.10,32.08,42.29,48.42,39.68,41.34,81.37,81.28,56.28,50.47,51.76,59.68,61.27,26.71,35.58,41.36,43.41,39.79,48.97,41.23,42.26,60.00,46.00,49.79,59.44,61.77,..,..,..,..,..,..,..,..,..,..
"Eggplant, long, purple",..REGION VI (WESTERN VISAYAS),21.14,19.21,15.65,15.00,14.90,14.20,13.83,14.74,12.23,12.99,14.99,17.51,15.53,23.07,22.67,20.74,22.27,21.98,22.96,23.93,25.14,23.96,25.97,21.11,21.22,22.92,19.38,17.91,17.56,18.15,18.10,18.89,20.34,20.49,21.50,19.31,20.98,20.60,19.43,22.64,20.77,17.41,17.73,18.61,17.91,16.91,17.92,17.45,18.58,36.78,28.90,20.97,32.07,23.94,20.66,19.24,17.74,18.07,22.19,21.06,23.85,22.63,21.11,28.16,22.56,27.45,24.01,21.89,22.16,20.56,20.83,23.45,26.27,23.10,22.85,24.16,23.90,23.39,23.32,24.71,22.61,25.28,26.18,24.16,27.62,27.63,25.59,27.76,27.54,35.23,26.47,37.95,34.25,31.84,29.89,28.51,28.94,26.88,26.76,28.00,30.58,32.33,42.12,31.50,52.00,42.89,37.69,33.56,34.42,37.53,39.49,40.66,45.43,36.57,41.77,41.57,40.30,49.48,42.89,42.87,41.00,42.09,40.12,43.47,53.16,57.85,48.22,50.20,51.39,46.90,64.41,57.08,51.68,50.29,48.10,33.12,31.96,36.99,35.70,42.78,52.62,57.72,46.87,58.04,53.93,47.35,43.61,39.15,39.20,39.96,37.74,39.23,39.22,42.94,50.85,44.27,58.29,50.62,40.79,46.06,39.42,38.28,43.05,36.92,39.08,44.05,64.40,50.87,45.99,65.70,55.31,45.97,46.88,42.83,45.27,43.82,47.02,45.86,39.21,41.89,42.05,46.82,55.90,57.67,54.09,37.62,35.67,43.22,38.96,38.18,33.21,47.26,47.99,54.43,45.35,45.41,57.22,42.90,39.81,43.20,45.61,44.18,39.97,41.43,46.99,53.49,44.41,45.38,52.52,70.87,68.61,..,..,..,..,..,..,..,..,..,..
"Eggplant, long, purple",..NEGROS ISLAND REGION (NIR) 2/,0.00,0.00,0.00,0.00,0.00,0.00,0.00,0.00,0.00,0.00,0.00,0.00,0.00,0.00,0.00,0.00,0.00,0.00,0.00,0.00,0.00,0.00,0.00,0.00,0.00,0.00,0.00,0.00,0.00,0.00,0.00,0.00,0.00,0.00,0.00,0.00,0.00,0.00,0.00,0.00,0.00,0.00,0.00,0.00,0.00,0.00,0.00,0.00,0.00,0.00,0.00,0.00,0.00,0.00,0.00,0.00,0.00,0.00,0.00,0.00,0.00,0.00,0.00,0.00,0.00,0.00,0.00,0.00,0.00,0.00,0.00,0.00,0.00,0.00,0.00,0.00,0.00,0.00,0.00,0.00,0.00,0.00,0.00,0.00,0.00,0.00,0.00,0.00,0.00,0.00,0.00,0.00,0.00,0.00,0.00,0.00,0.00,0.00,0.00,0.00,0.00,0.00,0.00,0.00,0.00,0.00,0.00,0.00,0.00,0.00,0.00,0.00,0.00,0.00,0.00,0.00,0.00,0.00,0.00,0.00,0.00,0.00,0.00,0.00,0.00,0.00,0.00,0.00,0.00,0.00,0.00,0.00,0.00,0.00,0.00,0.00,0.00,0.00,0.00,0.00,0.00,0.00,0.00,0.00,0.00,0.00,0.00,0.00,0.00,0.00,0.00,0.00,0.00,0.00,0.00,0.00,0.00,0.00,0.00,0.00,0.00,0.00,0.00,0.00,0.00,0.00,0.00,0.00,0.00,0.00,0.00,0.00,0.00,0.00,0.00,0.00,0.00,0.00,0.00,0.00,0.00,0.00,50.69,53.13,59.44,45.07,44.50,47.27,41.99,35.59,41.73,49.99,40.83,41.55,45.98,38.94,39.75,27.35,36.76,38.89,35.83,47.96,46.52,33.87,34.80,57.32,33.61,39.30,46.68,45.95,46.01,..,..,..,..,..,..,..,..,..,..
"Eggplant, native, long",PHILIPPINES,0.00,0.00,0.00,0.00,0.00,0.00,0.00,0.00,0.00,0.00,0.00,0.00,0.00,0.00,0.00,0.00,0.00,0.00,0.00,0.00,0.00,0.00,0.00,0.00,0.00,0.00,0.00,0.00,0.00,0.00,0.00,0.00,0.00,0.00,0.00,0.00,0.00,0.00,0.00,0.00,0.00,0.00,0.00,0.00,0.00,0.00,0.00,0.00,0.00,0.00,0.00,0.00,0.00,0.00,0.00,0.00,0.00,0.00,0.00,0.00,0.00,0.00,0.00,0.00,0.00,0.00,0.00,0.00,0.00,0.00,0.00,0.00,0.00,0.00,0.00,0.00,0.00,0.00,0.00,0.00,0.00,0.00,0.00,0.00,0.00,0.00,0.00,0.00,0.00,0.00,0.00,0.00,0.00,0.00,0.00,0.00,0.00,0.00,0.00,0.00,0.00,0.00,0.00,0.00,0.00,0.00,0.00,0.00,0.00,0.00,0.00,0.00,0.00,0.00,0.00,0.00,0.00,0.00,0.00,0.00,0.00,0.00,0.00,0.00,0.00,0.00,0.00,0.00,0.00,0.00,0.00,0.00,0.00,0.00,0.00,0.00,0.00,0.00,0.00,0.00,0.00,0.00,0.00,0.00,0.00,0.00,0.00,0.00,0.00,0.00,0.00,0.00,0.00,0.00,0.00,0.00,0.00,0.00,0.00,0.00,0.00,0.00,0.00,0.00,0.00,0.00,0.00,0.00,0.00,0.00,0.00,0.00,0.00,0.00,0.00,0.00,0.00,0.00,0.00,0.00,0.00,0.00,40.34,40.34,40.34,42.08,41.70,41.01,36.97,37.50,36.17,41.52,46.16,48.03,41.01,44.34,33.47,54.70,41.51,38.36,45.06,47.48,47.31,44.37,51.42,53.08,51.29,46.03,70.35,49.37,41.64,..,..,..,..,..,..,..,..,..,..
"Eggplant, native, long",..CORDILLERA ADMINISTRATIVE REGION (CAR),0.00,0.00,0.00,0.00,0.00,0.00,0.00,0.00,0.00,0.00,0.00,0.00,0.00,0.00,0.00,0.00,0.00,0.00,0.00,0.00,0.00,0.00,0.00,0.00,0.00,0.00,0.00,0.00,0.00,0.00,0.00,0.00,0.00,0.00,0.00,0.00,0.00,0.00,0.00,0.00,0.00,0.00,0.00,0.00,0.00,0.00,0.00,0.00,0.00,0.00,0.00,0.00,0.00,0.00,0.00,0.00,0.00,0.00,0.00,0.00,0.00,0.00,0.00,0.00,0.00,0.00,0.00,0.00,0.00,0.00,0.00,0.00,0.00,0.00,0.00,0.00,0.00,0.00,0.00,0.00,0.00,0.00,0.00,0.00,0.00,0.00,0.00,0.00,0.00,0.00,0.00,0.00,0.00,0.00,0.00,0.00,0.00,0.00,0.00,0.00,0.00,0.00,0.00,0.00,0.00,0.00,0.00,0.00,0.00,0.00,0.00,0.00,0.00,0.00,0.00,0.00,0.00,0.00,0.00,0.00,0.00,0.00,0.00,0.00,0.00,0.00,0.00,0.00,0.00,0.00,0.00,0.00,0.00,0.00,0.00,0.00,0.00,0.00,0.00,0.00,0.00,0.00,0.00,0.00,0.00,0.00,0.00,0.00,0.00,0.00,0.00,0.00,0.00,0.00,0.00,0.00,0.00,0.00,0.00,0.00,0.00,0.00,0.00,0.00,0.00,0.00,0.00,0.00,0.00,0.00,0.00,0.00,0.00,0.00,0.00,0.00,0.00,0.00,0.00,0.00,0.00,0.00,0.00,24.00,45.00,0.00,24.00,45.00,38.00,49.00,54.00,20.00,35.77,0.00,37.20,50.00,50.00,50.00,25.58,48.55,38.53,32.37,38.91,42.41,25.00,25.00,40.00,38.86,0.00,27.92,82.89,..,..,..,..,..,..,..,..,..,..
"Eggplant, native, long",..REGION I (ILOCOS REGION),0.00,0.00,0.00,0.00,0.00,0.00,0.00,0.00,0.00,0.00,0.00,0.00,0.00,0.00,0.00,0.00,0.00,0.00,0.00,0.00,0.00,0.00,0.00,0.00,0.00,0.00,0.00,0.00,0.00,0.00,0.00,0.00,0.00,0.00,0.00,0.00,0.00,0.00,0.00,0.00,0.00,0.00,0.00,0.00,0.00,0.00,0.00,0.00,0.00,0.00,0.00,0.00,0.00,0.00,0.00,0.00,0.00,0.00,0.00,0.00,0.00,0.00,0.00,0.00,0.00,0.00,0.00,0.00,0.00,0.00,0.00,0.00,0.00,0.00,0.00,0.00,0.00,0.00,0.00,0.00,0.00,0.00,0.00,0.00,0.00,0.00,0.00,0.00,0.00,0.00,0.00,0.00,0.00,0.00,0.00,0.00,0.00,0.00,0.00,0.00,0.00,0.00,0.00,0.00,0.00,0.00,0.00,0.00,0.00,0.00,0.00,0.00,0.00,0.00,0.00,0.00,0.00,0.00,0.00,0.00,0.00,0.00,0.00,0.00,0.00,0.00,0.00,0.00,0.00,0.00,0.00,0.00,0.00,0.00,0.00,0.00,0.00,0.00,0.00,0.00,0.00,0.00,0.00,0.00,0.00,0.00,0.00,0.00,0.00,0.00,0.00,0.00,0.00,0.00,0.00,0.00,0.00,0.00,0.00,0.00,0.00,0.00,0.00,0.00,0.00,0.00,0.00,0.00,0.00,0.00,0.00,0.00,0.00,0.00,0.00,0.00,0.00,0.00,0.00,0.00,0.00,0.00,42.72,37.34,32.33,42.72,37.34,32.33,47.62,43.21,43.25,70.00,70.00,20.00,43.24,41.54,26.32,43.93,33.21,32.40,51.67,51.72,51.34,58.49,57.62,64.01,70.62,48.57,73.00,44.08,32.75,..,..,..,..,..,..,..,..,..,..
"Eggplant, native, long",..REGION II (CAGAYAN VALLEY),0.00,0.00,0.00,0.00,0.00,0.00,0.00,0.00,0.00,0.00,0.00,0.00,0.00,0.00,0.00,0.00,0.00,0.00,0.00,0.00,0.00,0.00,0.00,0.00,0.00,0.00,0.00,0.00,0.00,0.00,0.00,0.00,0.00,0.00,0.00,0.00,0.00,0.00,0.00,0.00,0.00,0.00,0.00,0.00,0.00,0.00,0.00,0.00,0.00,0.00,0.00,0.00,0.00,0.00,0.00,0.00,0.00,0.00,0.00,0.00,0.00,0.00,0.00,0.00,0.00,0.00,0.00,0.00,0.00,0.00,0.00,0.00,0.00,0.00,0.00,0.00,0.00,0.00,0.00,0.00,0.00,0.00,0.00,0.00,0.00,0.00,0.00,0.00,0.00,0.00,0.00,0.00,0.00,0.00,0.00,0.00,0.00,0.00,0.00,0.00,0.00,0.00,0.00,0.00,0.00,0.00,0.00,0.00,0.00,0.00,0.00,0.00,0.00,0.00,0.00,0.00,0.00,0.00,0.00,0.00,0.00,0.00,0.00,0.00,0.00,0.00,0.00,0.00,0.00,0.00,0.00,0.00,0.00,0.00,0.00,0.00,0.00,0.00,0.00,0.00,0.00,0.00,0.00,0.00,0.00,0.00,0.00,0.00,0.00,0.00,0.00,0.00,0.00,0.00,0.00,0.00,0.00,0.00,0.00,0.00,0.00,0.00,0.00,0.00,0.00,0.00,0.00,0.00,0.00,0.00,0.00,0.00,0.00,0.00,0.00,0.00,0.00,0.00,0.00,0.00,0.00,0.00,38.78,24.89,21.81,38.78,24.89,21.81,45.00,37.81,34.26,41.17,75.00,80.00,40.35,21.81,26.37,27.59,36.32,29.26,26.33,29.02,29.72,30.01,49.35,61.53,54.44,35.15,44.31,32.97,33.73,..,..,..,..,..,..,..,..,..,..
"Eggplant, native, long",..REGION III (CENTRAL LUZON),0.00,0.00,0.00,0.00,0.00,0.00,0.00,0.00,0.00,0.00,0.00,0.00,0.00,0.00,0.00,0.00,0.00,0.00,0.00,0.00,0.00,0.00,0.00,0.00,0.00,0.00,0.00,0.00,0.00,0.00,0.00,0.00,0.00,0.00,0.00,0.00,0.00,0.00,0.00,0.00,0.00,0.00,0.00,0.00,0.00,0.00,0.00,0.00,0.00,0.00,0.00,0.00,0.00,0.00,0.00,0.00,0.00,0.00,0.00,0.00,0.00,0.00,0.00,0.00,0.00,0.00,0.00,0.00,0.00,0.00,0.00,0.00,0.00,0.00,0.00,0.00,0.00,0.00,0.00,0.00,0.00,0.00,0.00,0.00,0.00,0.00,0.00,0.00,0.00,0.00,0.00,0.00,0.00,0.00,0.00,0.00,0.00,0.00,0.00,0.00,0.00,0.00,0.00,0.00,0.00,0.00,0.00,0.00,0.00,0.00,0.00,0.00,0.00,0.00,0.00,0.00,0.00,0.00,0.00,0.00,0.00,0.00,0.00,0.00,0.00,0.00,0.00,0.00,0.00,0.00,0.00,0.00,0.00,0.00,0.00,0.00,0.00,0.00,0.00,0.00,0.00,0.00,0.00,0.00,0.00,0.00,0.00,0.00,0.00,0.00,0.00,0.00,0.00,0.00,0.00,0.00,0.00,0.00,0.00,0.00,0.00,0.00,0.00,0.00,0.00,0.00,0.00,0.00,0.00,0.00,0.00,0.00,0.00,0.00,0.00,0.00,0.00,0.00,0.00,0.00,0.00,0.00,40.96,31.31,32.50,40.96,31.31,32.50,49.02,36.72,46.81,50.27,63.29,73.33,44.08,46.04,42.42,34.14,53.72,48.71,40.68,79.98,50.37,20.45,41.28,58.54,51.30,47.30,17.64,14.79,21.92,..,..,..,..,..,..,..,..,..,..
"Eggplant, native, long",..REGION IV-A (CALABARZON),0.00,0.00,0.00,0.00,0.00,0.00,0.00,0.00,0.00,0.00,0.00,0.00,0.00,0.00,0.00,0.00,0.00,0.00,0.00,0.00,0.00,0.00,0.00,0.00,0.00,0.00,0.00,0.00,0.00,0.00,0.00,0.00,0.00,0.00,0.00,0.00,0.00,0.00,0.00,0.00,0.00,0.00,0.00,0.00,0.00,0.00,0.00,0.00,0.00,0.00,0.00,0.00,0.00,0.00,0.00,0.00,0.00,0.00,0.00,0.00,0.00,0.00,0.00,0.00,0.00,0.00,0.00,0.00,0.00,0.00,0.00,0.00,0.00,0.00,0.00,0.00,0.00,0.00,0.00,0.00,0.00,0.00,0.00,0.00,0.00,0.00,0.00,0.00,0.00,0.00,0.00,0.00,0.00,0.00,0.00,0.00,0.00,0.00,0.00,0.00,0.00,0.00,0.00,0.00,0.00,0.00,0.00,0.00,0.00,0.00,0.00,0.00,0.00,0.00,0.00,0.00,0.00,0.00,0.00,0.00,0.00,0.00,0.00,0.00,0.00,0.00,0.00,0.00,0.00,0.00,0.00,0.00,0.00,0.00,0.00,0.00,0.00,0.00,0.00,0.00,0.00,0.00,0.00,0.00,0.00,0.00,0.00,0.00,0.00,0.00,0.00,0.00,0.00,0.00,0.00,0.00,0.00,0.00,0.00,0.00,0.00,0.00,0.00,0.00,0.00,0.00,0.00,0.00,0.00,0.00,0.00,0.00,0.00,0.00,0.00,0.00,0.00,0.00,0.00,0.00,0.00,0.00,53.17,44.00,44.52,53.17,44.00,44.52,38.50,35.05,36.67,53.94,47.58,90.52,48.80,95.11,83.84,31.22,48.05,30.20,62.57,47.16,61.82,48.75,62.79,79.75,40.02,57.61,45.00,35.58,46.24,..,..,..,..,..,..,..,..,..,..
"Eggplant, native, long",..MIMAROPA REGION,0.00,0.00,0.00,0.00,0.00,0.00,0.00,0.00,0.00,0.00,0.00,0.00,0.00,0.00,0.00,0.00,0.00,0.00,0.00,0.00,0.00,0.00,0.00,0.00,0.00,0.00,0.00,0.00,0.00,0.00,0.00,0.00,0.00,0.00,0.00,0.00,0.00,0.00,0.00,0.00,0.00,0.00,0.00,0.00,0.00,0.00,0.00,0.00,0.00,0.00,0.00,0.00,0.00,0.00,0.00,0.00,0.00,0.00,0.00,0.00,0.00,0.00,0.00,0.00,0.00,0.00,0.00,0.00,0.00,0.00,0.00,0.00,0.00,0.00,0.00,0.00,0.00,0.00,0.00,0.00,0.00,0.00,0.00,0.00,0.00,0.00,0.00,0.00,0.00,0.00,0.00,0.00,0.00,0.00,0.00,0.00,0.00,0.00,0.00,0.00,0.00,0.00,0.00,0.00,0.00,0.00,0.00,0.00,0.00,0.00,0.00,0.00,0.00,0.00,0.00,0.00,0.00,0.00,0.00,0.00,0.00,0.00,0.00,0.00,0.00,0.00,0.00,0.00,0.00,0.00,0.00,0.00,0.00,0.00,0.00,0.00,0.00,0.00,0.00,0.00,0.00,0.00,0.00,0.00,0.00,0.00,0.00,0.00,0.00,0.00,0.00,0.00,0.00,0.00,0.00,0.00,0.00,0.00,0.00,0.00,0.00,0.00,0.00,0.00,0.00,0.00,0.00,0.00,0.00,0.00,0.00,0.00,0.00,0.00,0.00,0.00,0.00,0.00,0.00,0.00,0.00,0.00,0.00,25.00,0.00,0.00,25.00,0.00,30.00,35.00,37.00,0.00,0.00,0.00,30.40,22.73,26.75,27.27,44.79,49.68,40.00,80.00,76.18,65.57,42.82,48.55,50.00,47.86,27.50,29.40,30.00,..,..,..,..,..,..,..,..,..,..
"Eggplant, native, long",..REGION V (BICOL REGION),0.00,0.00,0.00,0.00,0.00,0.00,0.00,0.00,0.00,0.00,0.00,0.00,0.00,0.00,0.00,0.00,0.00,0.00,0.00,0.00,0.00,0.00,0.00,0.00,0.00,0.00,0.00,0.00,0.00,0.00,0.00,0.00,0.00,0.00,0.00,0.00,0.00,0.00,0.00,0.00,0.00,0.00,0.00,0.00,0.00,0.00,0.00,0.00,0.00,0.00,0.00,0.00,0.00,0.00,0.00,0.00,0.00,0.00,0.00,0.00,0.00,0.00,0.00,0.00,0.00,0.00,0.00,0.00,0.00,0.00,0.00,0.00,0.00,0.00,0.00,0.00,0.00,0.00,0.00,0.00,0.00,0.00,0.00,0.00,0.00,0.00,0.00,0.00,0.00,0.00,0.00,0.00,0.00,0.00,0.00,0.00,0.00,0.00,0.00,0.00,0.00,0.00,0.00,0.00,0.00,0.00,0.00,0.00,0.00,0.00,0.00,0.00,0.00,0.00,0.00,0.00,0.00,0.00,0.00,0.00,0.00,0.00,0.00,0.00,0.00,0.00,0.00,0.00,0.00,0.00,0.00,0.00,0.00,0.00,0.00,0.00,0.00,0.00,0.00,0.00,0.00,0.00,0.00,0.00,0.00,0.00,0.00,0.00,0.00,0.00,0.00,0.00,0.00,0.00,0.00,0.00,0.00,0.00,0.00,0.00,0.00,0.00,0.00,0.00,0.00,0.00,0.00,0.00,0.00,0.00,0.00,0.00,0.00,0.00,0.00,0.00,0.00,0.00,0.00,0.00,0.00,0.00,44.83,61.95,57.74,44.83,61.95,57.74,40.02,42.58,39.31,59.54,48.75,40.00,49.93,62.42,57.84,57.69,46.88,39.31,41.84,25.87,34.45,55.21,40.35,42.68,0.00,45.87,74.73,77.75,72.63,..,..,..,..,..,..,..,..,..,..
"Eggplant, native, long",..REGION VI (WESTERN VISAYAS),0.00,0.00,0.00,0.00,0.00,0.00,0.00,0.00,0.00,0.00,0.00,0.00,0.00,0.00,0.00,0.00,0.00,0.00,0.00,0.00,0.00,0.00,0.00,0.00,0.00,0.00,0.00,0.00,0.00,0.00,0.00,0.00,0.00,0.00,0.00,0.00,0.00,0.00,0.00,0.00,0.00,0.00,0.00,0.00,0.00,0.00,0.00,0.00,0.00,0.00,0.00,0.00,0.00,0.00,0.00,0.00,0.00,0.00,0.00,0.00,0.00,0.00,0.00,0.00,0.00,0.00,0.00,0.00,0.00,0.00,0.00,0.00,0.00,0.00,0.00,0.00,0.00,0.00,0.00,0.00,0.00,0.00,0.00,0.00,0.00,0.00,0.00,0.00,0.00,0.00,0.00,0.00,0.00,0.00,0.00,0.00,0.00,0.00,0.00,0.00,0.00,0.00,0.00,0.00,0.00,0.00,0.00,0.00,0.00,0.00,0.00,0.00,0.00,0.00,0.00,0.00,0.00,0.00,0.00,0.00,0.00,0.00,0.00,0.00,0.00,0.00,0.00,0.00,0.00,0.00,0.00,0.00,0.00,0.00,0.00,0.00,0.00,0.00,0.00,0.00,0.00,0.00,0.00,0.00,0.00,0.00,0.00,0.00,0.00,0.00,0.00,0.00,0.00,0.00,0.00,0.00,0.00,0.00,0.00,0.00,0.00,0.00,0.00,0.00,0.00,0.00,0.00,0.00,0.00,0.00,0.00,0.00,0.00,0.00,0.00,0.00,0.00,0.00,0.00,0.00,0.00,0.00,45.78,44.45,46.67,40.80,39.92,40.77,33.09,33.09,40.00,36.50,50.00,40.00,40.92,48.63,48.79,40.49,43.23,39.79,39.74,49.30,43.34,40.59,41.21,45.89,46.25,43.94,55.25,54.53,58.16,..,..,..,..,..,..,..,..,..,..
"Eggplant, native, long",..NEGROS ISLAND REGION (NIR) 2/,0.00,0.00,0.00,0.00,0.00,0.00,0.00,0.00,0.00,0.00,0.00,0.00,0.00,0.00,0.00,0.00,0.00,0.00,0.00,0.00,0.00,0.00,0.00,0.00,0.00,0.00,0.00,0.00,0.00,0.00,0.00,0.00,0.00,0.00,0.00,0.00,0.00,0.00,0.00,0.00,0.00,0.00,0.00,0.00,0.00,0.00,0.00,0.00,0.00,0.00,0.00,0.00,0.00,0.00,0.00,0.00,0.00,0.00,0.00,0.00,0.00,0.00,0.00,0.00,0.00,0.00,0.00,0.00,0.00,0.00,0.00,0.00,0.00,0.00,0.00,0.00,0.00,0.00,0.00,0.00,0.00,0.00,0.00,0.00,0.00,0.00,0.00,0.00,0.00,0.00,0.00,0.00,0.00,0.00,0.00,0.00,0.00,0.00,0.00,0.00,0.00,0.00,0.00,0.00,0.00,0.00,0.00,0.00,0.00,0.00,0.00,0.00,0.00,0.00,0.00,0.00,0.00,0.00,0.00,0.00,0.00,0.00,0.00,0.00,0.00,0.00,0.00,0.00,0.00,0.00,0.00,0.00,0.00,0.00,0.00,0.00,0.00,0.00,0.00,0.00,0.00,0.00,0.00,0.00,0.00,0.00,0.00,0.00,0.00,0.00,0.00,0.00,0.00,0.00,0.00,0.00,0.00,0.00,0.00,0.00,0.00,0.00,0.00,0.00,0.00,0.00,0.00,0.00,0.00,0.00,0.00,0.00,0.00,0.00,0.00,0.00,0.00,0.00,0.00,0.00,0.00,0.00,40.00,35.00,40.00,40.00,35.78,40.00,50.54,63.18,52.27,49.70,41.60,50.00,44.84,45.00,45.00,45.00,0.00,30.00,30.46,60.00,36.89,31.59,55.00,57.50,47.54,44.00,45.00,40.00,45.00,..,..,..,..,..,..,..,..,..,..
"Eggplant, native, round",PHILIPPINES,20.14,16.64,14.69,13.10,14.84,14.46,14.57,11.88,12.55,21.54,21.61,24.62,16.72,24.57,18.91,15.96,14.60,17.38,29.81,16.93,22.58,21.36,28.17,32.20,38.39,23.41,26.74,20.29,18.51,18.32,19.97,21.17,22.20,26.87,21.84,26.06,26.20,23.64,22.65,19.87,15.28,16.18,15.27,18.72,18.46,14.69,23.62,16.87,25.66,28.18,29.33,20.18,31.66,18.50,18.93,18.77,20.86,20.02,22.32,20.29,22.55,20.16,22.48,28.02,22.05,20.20,16.78,20.50,18.16,16.73,24.93,27.45,21.11,17.37,36.32,27.21,38.53,23.77,25.80,22.37,25.08,20.73,19.71,19.55,21.71,22.17,15.80,33.32,26.97,37.39,24.22,36.14,32.77,21.94,22.55,22.19,30.30,21.42,26.58,20.57,33.68,30.28,31.55,27.50,35.03,35.18,27.47,23.75,25.14,38.46,43.87,39.38,32.95,31.91,42.66,36.64,34.37,35.54,27.66,26.00,24.55,21.66,15.63,22.87,28.04,33.34,21.55,47.56,54.61,29.92,38.74,33.76,29.97,30.00,25.09,16.34,21.26,20.69,19.90,26.55,53.19,51.42,30.58,50.50,42.09,36.34,23.92,21.16,26.01,28.86,29.48,32.66,33.08,30.54,59.42,34.51,36.39,36.29,23.35,31.06,27.06,45.20,45.11,48.59,35.29,47.76,75.69,59.16,42.58,69.72,47.25,52.49,45.84,43.03,42.90,47.28,58.92,52.39,43.09,46.96,42.44,49.36,20.13,28.06,33.71,35.29,40.43,34.55,46.58,41.15,47.45,44.76,41.14,34.22,37.29,44.35,46.13,57.69,23.08,28.29,15.05,30.14,27.57,22.72,41.84,25.35,60.00,35.18,29.35,31.18,37.59,..,..,..,..,..,..,..,..,..,..
"Eggplant, native, round",..CORDILLERA ADMINISTRATIVE REGION (CAR),19.38,19.58,19.39,16.72,16.96,14.49,10.84,9.62,0.00,0.00,0.00,0.00,15.87,0.00,0.00,0.00,0.00,0.00,0.00,0.00,0.00,0.00,0.00,0.00,0.00,0.00,0.00,0.00,0.00,0.00,0.00,0.00,0.00,0.00,0.00,0.00,0.00,0.00,0.00,0.00,0.00,0.00,0.00,0.00,0.00,0.00,0.00,0.00,0.00,0.00,0.00,0.00,0.00,0.00,0.00,0.00,0.00,0.00,0.00,0.00,0.00,0.00,0.00,0.00,0.00,0.00,0.00,0.00,0.00,0.00,0.00,0.00,0.00,0.00,0.00,0.00,0.00,0.00,0.00,0.00,0.00,0.00,0.00,0.00,0.00,0.00,0.00,0.00,0.00,0.00,0.00,0.00,0.00,0.00,0.00,0.00,0.00,0.00,0.00,0.00,0.00,0.00,0.00,0.00,0.00,0.00,0.00,0.00,0.00,0.00,0.00,0.00,0.00,0.00,0.00,0.00,0.00,0.00,0.00,0.00,0.00,0.00,0.00,0.00,0.00,0.00,0.00,0.00,0.00,0.00,0.00,0.00,0.00,0.00,0.00,0.00,0.00,0.00,0.00,0.00,0.00,0.00,0.00,0.00,0.00,0.00,0.00,0.00,0.00,0.00,0.00,0.00,0.00,0.00,0.00,0.00,0.00,0.00,0.00,0.00,0.00,0.00,0.00,0.00,0.00,0.00,0.00,0.00,0.00,0.00,0.00,0.00,0.00,0.00,0.00,0.00,0.00,0.00,0.00,0.00,0.00,0.00,0.00,0.00,0.00,51.31,55.15,58.00,0.00,60.00,60.00,0.00,0.00,0.00,56.89,0.00,0.00,0.00,50.00,50.00,50.00,50.00,50.00,50.00,50.00,0.00,0.00,50.00,40.00,57.50,30.00,..,..,..,..,..,..,..,..,..,..
"Eggplant, native, round",..REGION I (ILOCOS REGION),0.00,0.00,0.00,0.00,0.00,0.00,0.00,0.00,0.00,0.00,0.00,0.00,0.00,0.00,0.00,0.00,0.00,0.00,0.00,0.00,0.00,0.00,0.00,0.00,0.00,0.00,0.00,0.00,0.00,0.00,0.00,0.00,0.00,0.00,0.00,0.00,0.00,0.00,0.00,0.00,0.00,0.00,0.00,0.00,0.00,0.00,0.00,0.00,0.00,0.00,0.00,0.00,0.00,0.00,0.00,0.00,0.00,0.00,0.00,0.00,0.00,0.00,0.00,0.00,0.00,0.00,0.00,0.00,0.00,0.00,0.00,0.00,0.00,0.00,0.00,0.00,0.00,0.00,0.00,0.00,0.00,0.00,0.00,0.00,0.00,0.00,0.00,0.00,0.00,0.00,0.00,0.00,0.00,0.00,0.00,0.00,0.00,0.00,0.00,0.00,0.00,0.00,0.00,0.00,0.00,0.00,0.00,0.00,0.00,0.00,0.00,0.00,0.00,0.00,0.00,0.00,0.00,0.00,0.00,0.00,0.00,0.00,0.00,0.00,0.00,0.00,0.00,0.00,0.00,0.00,0.00,0.00,0.00,0.00,0.00,0.00,0.00,0.00,0.00,0.00,0.00,0.00,0.00,0.00,0.00,0.00,0.00,0.00,0.00,0.00,0.00,0.00,0.00,0.00,0.00,0.00,0.00,0.00,0.00,0.00,0.00,0.00,0.00,0.00,0.00,0.00,0.00,0.00,0.00,0.00,0.00,0.00,0.00,0.00,0.00,0.00,0.00,0.00,0.00,0.00,0.00,0.00,26.03,22.41,22.50,35.00,35.00,40.00,50.00,40.00,50.00,60.00,0.00,0.00,38.09,0.00,44.26,40.00,21.23,20.12,10.00,40.00,40.00,55.00,50.00,45.00,40.00,36.87,15.00,15.00,15.00,..,..,..,..,..,..,..,..,..,..
"Eggplant, native, round",..REGION II (CAGAYAN VALLEY),0.00,0.00,0.00,0.00,0.00,0.00,0.00,0.00,0.00,0.00,0.00,0.00,0.00,0.00,0.00,0.00,0.00,0.00,0.00,0.00,0.00,0.00,0.00,0.00,0.00,0.00,32.66,26.51,17.01,19.93,22.92,20.36,20.87,21.26,19.13,20.57,32.54,32.54,23.86,27.47,19.89,21.74,20.69,18.50,15.15,13.03,17.23,16.22,20.04,30.03,29.21,20.77,43.28,20.70,28.84,25.28,24.37,17.79,21.96,15.08,19.93,23.35,18.68,32.22,24.29,15.74,13.85,18.66,20.43,19.32,21.79,22.97,17.92,14.98,31.60,27.33,38.41,21.92,22.11,19.56,22.56,18.54,17.85,11.05,25.46,11.67,8.85,30.42,27.45,40.50,21.34,39.99,34.48,24.06,25.62,29.52,14.61,23.26,21.81,16.67,38.66,34.21,31.61,27.88,40.82,37.41,33.64,27.59,23.62,35.08,39.11,32.42,37.71,22.02,49.09,41.35,34.99,36.86,26.91,30.47,28.53,21.64,14.40,11.42,23.91,26.46,13.41,54.21,44.21,27.70,38.61,28.32,43.03,36.45,25.40,11.67,10.34,11.05,12.34,17.72,41.15,51.49,27.30,66.88,49.71,40.38,23.27,27.05,21.69,21.61,22.83,18.12,35.81,20.47,44.31,32.68,32.28,30.56,16.67,35.19,17.62,21.78,41.10,33.22,25.74,48.63,56.28,41.31,33.37,0.00,0.00,0.00,0.00,0.00,0.00,0.00,0.00,0.00,0.00,0.00,0.00,0.00,14.22,20.80,21.46,50.00,38.41,34.39,0.00,0.00,25.00,41.06,60.00,0.00,33.93,20.00,49.34,30.69,29.10,23.64,19.10,26.19,27.52,23.70,34.97,42.24,60.00,32.21,47.81,62.72,34.49,..,..,..,..,..,..,..,..,..,..
"Eggplant, native, round",..REGION III (CENTRAL LUZON),26.28,11.96,8.86,9.61,12.26,14.73,14.06,8.67,10.88,28.39,28.38,34.05,17.34,35.76,23.01,17.60,19.05,26.20,42.64,15.14,25.59,30.85,43.86,51.47,62.26,32.79,35.41,22.55,26.32,21.94,14.44,25.56,23.65,41.56,26.81,46.49,37.98,28.75,29.29,22.26,13.04,12.96,12.29,22.18,26.00,11.73,31.37,15.00,43.57,40.66,41.04,24.34,36.85,20.95,14.35,15.96,28.19,29.00,31.23,31.17,33.32,22.46,39.76,35.96,28.27,29.28,17.31,18.33,16.47,12.93,34.77,45.00,24.73,23.15,60.00,40.86,57.64,31.71,38.85,28.91,36.01,24.41,21.29,19.45,18.50,27.58,16.54,47.89,31.09,48.14,29.89,47.02,34.30,20.30,20.74,24.69,53.99,19.22,28.56,21.11,36.99,41.16,47.32,32.95,47.58,45.86,26.48,30.60,40.94,58.71,79.89,58.68,39.90,50.45,57.08,47.14,48.61,49.32,30.41,21.41,26.93,21.59,17.21,23.98,34.48,41.26,34.60,63.53,65.00,35.81,51.21,41.24,38.70,44.29,29.91,19.72,18.14,20.26,29.86,36.12,68.11,62.78,38.36,62.03,46.97,49.23,33.81,27.21,26.19,35.96,42.98,39.14,49.90,42.93,65.04,43.45,39.86,41.00,41.06,42.18,42.00,48.64,40.32,55.37,47.39,49.65,75.86,65.40,49.06,59.76,39.81,57.04,50.62,48.86,50.00,40.00,50.00,64.07,50.00,63.04,62.43,52.97,0.00,0.00,40.00,25.00,25.00,25.00,0.00,60.00,60.00,60.00,0.00,0.00,42.14,0.00,0.00,0.00,20.00,45.00,44.11,45.00,0.00,30.00,35.00,0.00,0.00,36.52,60.00,59.95,35.00,..,..,..,..,..,..,..,..,..,..
"Eggplant, native, round",..REGION IV-A (CALABARZON),0.00,18.98,0.00,9.50,14.77,12.85,19.25,17.44,13.31,0.00,0.00,0.00,15.16,0.00,0.00,0.00,10.10,11.86,32.66,21.99,28.44,20.06,0.00,0.00,0.00,20.85,0.00,0.00,0.00,0.00,28.14,25.12,30.54,31.24,28.93,0.00,23.66,0.00,27.94,0.00,0.00,0.00,0.00,0.00,17.96,19.23,31.83,31.15,0.00,0.00,32.88,26.61,0.00,0.00,0.00,19.26,16.67,19.18,0.00,20.08,21.54,0.00,17.23,29.09,20.44,0.00,19.20,28.03,0.00,0.00,0.00,24.64,26.83,15.63,0.00,23.44,0.00,22.96,23.99,21.99,22.62,0.00,0.00,26.66,21.00,27.22,15.12,0.00,0.00,32.53,23.89,0.00,41.03,0.00,0.00,13.00,31.12,21.80,34.58,23.09,37.47,24.36,25.79,28.03,30.00,0.00,0.00,15.00,14.22,0.00,35.00,44.70,32.17,33.29,0.00,0.00,29.20,0.00,32.33,31.24,20.58,22.10,10.04,34.13,35.90,47.73,18.84,51.12,0.00,30.40,43.41,39.26,20.00,20.93,26.61,16.97,37.40,33.75,0.00,30.37,84.85,40.00,35.78,53.71,51.69,32.44,16.62,10.00,36.08,41.51,35.47,56.82,30.56,43.12,68.90,39.74,37.03,37.32,12.32,15.80,21.55,65.17,53.90,57.18,32.75,45.00,94.93,70.76,45.31,79.67,54.69,47.94,41.05,37.20,35.79,54.56,67.84,40.70,36.17,30.87,22.45,45.74,0.00,0.00,50.00,40.00,40.00,30.06,55.00,52.67,44.00,47.99,0.00,0.00,44.97,51.43,54.17,38.84,33.42,42.33,34.72,42.00,40.00,20.00,20.00,20.00,21.50,34.87,31.12,35.82,29.29,..,..,..,..,..,..,..,..,..,..
"Eggplant, native, round",..MIMAROPA REGION,0.00,0.00,0.00,0.00,0.00,0.00,0.00,0.00,0.00,0.00,0.00,0.00,0.00,0.00,0.00,0.00,0.00,0.00,0.00,0.00,0.00,0.00,0.00,0.00,0.00,0.00,0.00,0.00,0.00,0.00,0.00,0.00,0.00,0.00,0.00,0.00,0.00,0.00,0.00,0.00,0.00,0.00,0.00,0.00,0.00,0.00,0.00,0.00,0.00,0.00,0.00,0.00,0.00,0.00,0.00,0.00,0.00,0.00,0.00,0.00,0.00,0.00,0.00,0.00,0.00,0.00,0.00,0.00,0.00,0.00,0.00,0.00,0.00,0.00,0.00,0.00,0.00,0.00,0.00,0.00,0.00,0.00,0.00,0.00,0.00,0.00,0.00,0.00,0.00,0.00,0.00,0.00,0.00,0.00,0.00,0.00,0.00,0.00,0.00,0.00,0.00,0.00,0.00,0.00,0.00,0.00,0.00,0.00,0.00,0.00,0.00,0.00,0.00,0.00,0.00,0.00,0.00,0.00,0.00,0.00,0.00,0.00,0.00,0.00,0.00,0.00,0.00,0.00,0.00,0.00,0.00,0.00,0.00,0.00,0.00,0.00,0.00,0.00,0.00,0.00,0.00,0.00,0.00,0.00,0.00,0.00,0.00,0.00,0.00,0.00,0.00,0.00,0.00,0.00,0.00,0.00,0.00,0.00,0.00,0.00,0.00,0.00,0.00,0.00,0.00,0.00,0.00,0.00,0.00,0.00,0.00,0.00,0.00,0.00,0.00,0.00,0.00,0.00,0.00,0.00,0.00,0.00,0.00,0.00,0.00,30.00,30.00,30.00,30.00,30.00,30.00,0.00,0.00,0.00,30.00,0.00,0.00,0.00,25.00,25.00,25.00,35.00,25.00,25.00,30.00,40.00,40.00,30.00,30.00,30.00,30.00,..,..,..,..,..,..,..,..,..,..
"Eggplant, native, round",..REGION V (BICOL REGION),0.00,0.00,0.00,0.00,0.00,0.00,0.00,0.00,0.00,0.00,0.00,0.00,0.00,0.00,0.00,0.00,0.00,0.00,0.00,0.00,0.00,0.00,0.00,0.00,0.00,0.00,0.00,0.00,0.00,0.00,0.00,0.00,0.00,0.00,0.00,0.00,0.00,0.00,0.00,0.00,0.00,0.00,0.00,0.00,0.00,0.00,0.00,9.07,0.00,0.00,0.00,9.07,0.00,0.00,0.00,0.00,0.00,0.00,0.00,0.00,0.00,0.00,0.00,0.00,0.00,0.00,0.00,0.00,0.00,0.00,0.00,0.00,0.00,0.00,0.00,0.00,0.00,0.00,0.00,0.00,0.00,0.00,0.00,0.00,0.00,0.00,0.00,0.00,0.00,0.00,0.00,0.00,0.00,0.00,0.00,0.00,0.00,0.00,0.00,0.00,0.00,0.00,0.00,0.00,0.00,0.00,0.00,0.00,0.00,0.00,0.00,0.00,0.00,0.00,0.00,0.00,0.00,0.00,0.00,0.00,0.00,0.00,0.00,0.00,0.00,0.00,0.00,0.00,0.00,0.00,0.00,0.00,0.00,0.00,0.00,0.00,0.00,0.00,0.00,0.00,0.00,0.00,0.00,0.00,0.00,0.00,0.00,0.00,0.00,0.00,0.00,0.00,0.00,0.00,0.00,0.00,0.00,0.00,0.00,0.00,0.00,0.00,0.00,0.00,0.00,0.00,0.00,0.00,0.00,0.00,0.00,0.00,0.00,0.00,0.00,0.00,0.00,0.00,0.00,0.00,0.00,0.00,0.00,0.00,0.00,0.00,0.00,0.00,33.25,36.52,38.63,55.82,0.00,0.00,41.06,80.00,0.00,89.00,0.00,0.00,0.00,0.00,0.00,0.00,60.00,0.00,0.00,76.33,30.00,30.00,0.00,..,..,..,..,..,..,..,..,..,..
"Eggplant, native, round",..REGION VI (WESTERN VISAYAS),0.00,0.00,0.00,0.00,0.00,0.00,0.00,0.00,0.00,0.00,0.00,0.00,0.00,0.00,0.00,0.00,0.00,0.00,0.00,0.00,0.00,0.00,0.00,0.00,0.00,0.00,0.00,0.00,0.00,0.00,0.00,0.00,0.00,0.00,0.00,0.00,0.00,0.00,0.00,0.00,0.00,0.00,0.00,0.00,0.00,0.00,0.00,0.00,0.00,0.00,0.00,0.00,0.00,0.00,0.00,0.00,0.00,0.00,0.00,0.00,0.00,0.00,0.00,0.00,0.00,0.00,0.00,0.00,0.00,0.00,0.00,0.00,0.00,0.00,0.00,0.00,0.00,0.00,0.00,0.00,0.00,0.00,0.00,0.00,0.00,0.00,0.00,0.00,0.00,0.00,0.00,0.00,0.00,0.00,0.00,0.00,0.00,0.00,0.00,0.00,0.00,0.00,0.00,0.00,0.00,0.00,0.00,0.00,0.00,0.00,0.00,0.00,0.00,0.00,0.00,0.00,0.00,0.00,0.00,0.00,0.00,0.00,0.00,0.00,0.00,0.00,0.00,0.00,0.00,0.00,0.00,0.00,0.00,0.00,0.00,0.00,0.00,0.00,0.00,0.00,0.00,0.00,0.00,0.00,0.00,0.00,0.00,0.00,0.00,0.00,0.00,0.00,0.00,0.00,0.00,0.00,0.00,0.00,0.00,0.00,0.00,0.00,0.00,0.00,0.00,0.00,0.00,0.00,0.00,0.00,0.00,0.00,0.00,0.00,0.00,0.00,0.00,0.00,0.00,0.00,0.00,0.00,0.00,0.00,0.00,0.00,0.00,0.00,45.00,50.00,50.00,0.00,0.00,0.00,48.33,0.00,0.00,0.00,0.00,70.00,0.00,0.00,0.00,0.00,0.00,0.00,0.00,70.00,0.00,0.00,50.00,..,..,..,..,..,..,..,..,..,..
"Eggplant, native, round",..NEGROS ISLAND REGION (NIR) 2/,0.00,0.00,0.00,0.00,0.00,0.00,0.00,0.00,0.00,0.00,0.00,0.00,0.00,0.00,0.00,0.00,0.00,0.00,0.00,0.00,0.00,0.00,0.00,0.00,0.00,0.00,0.00,0.00,0.00,0.00,0.00,0.00,0.00,0.00,0.00,0.00,0.00,0.00,0.00,0.00,0.00,0.00,0.00,0.00,0.00,0.00,0.00,0.00,0.00,0.00,0.00,0.00,0.00,0.00,0.00,0.00,0.00,0.00,0.00,0.00,0.00,0.00,0.00,0.00,0.00,0.00,0.00,0.00,0.00,0.00,0.00,0.00,0.00,0.00,0.00,0.00,0.00,0.00,0.00,0.00,0.00,0.00,0.00,0.00,0.00,0.00,0.00,0.00,0.00,0.00,0.00,0.00,0.00,0.00,0.00,0.00,0.00,0.00,0.00,0.00,0.00,0.00,0.00,0.00,0.00,0.00,0.00,0.00,0.00,0.00,0.00,0.00,0.00,0.00,0.00,0.00,0.00,0.00,0.00,0.00,0.00,0.00,0.00,0.00,0.00,0.00,0.00,0.00,0.00,0.00,0.00,0.00,0.00,0.00,0.00,0.00,0.00,0.00,0.00,0.00,0.00,0.00,0.00,0.00,0.00,0.00,0.00,0.00,0.00,0.00,0.00,0.00,0.00,0.00,0.00,0.00,0.00,0.00,0.00,0.00,0.00,0.00,0.00,0.00,0.00,0.00,0.00,0.00,0.00,0.00,0.00,0.00,0.00,0.00,0.00,0.00,0.00,0.00,0.00,0.00,0.00,0.00,0.00,0.00,45.00,0.00,0.00,0.00,0.00,0.00,0.00,40.00,40.00,50.00,43.75,0.00,0.00,45.00,0.00,50.00,0.00,0.00,0.00,0.00,0.00,0.00,35.00,43.33,0.00,0.00,42.50,..,..,..,..,..,..,..,..,..,..
"Mongo [Mungbean], green, labo",PHILIPPINES,44.68,48.26,50.02,48.11,48.97,47.13,47.80,49.23,49.55,49.77,52.88,52.35,49.06,58.41,60.54,59.13,58.00,60.68,62.22,57.60,58.27,58.34,60.88,63.03,62.12,59.94,54.36,54.36,53.22,52.77,48.28,48.44,49.09,48.78,47.91,50.00,50.47,49.22,50.58,48.76,50.90,50.39,49.83,48.52,49.02,48.26,47.92,50.77,50.45,53.87,54.42,50.26,53.93,56.03,53.85,52.07,49.91,50.35,53.41,54.17,53.76,58.57,60.71,60.29,54.75,56.09,59.31,55.48,54.59,54.78,52.89,52.73,52.87,55.26,57.92,57.93,55.97,55.49,58.15,58.91,59.19,57.42,57.69,58.55,57.14,55.31,56.28,56.63,61.54,61.40,58.18,56.14,62.87,61.54,60.72,58.87,59.37,55.33,57.54,59.94,60.43,61.03,63.81,59.80,64.27,62.03,61.91,59.76,57.95,58.56,56.80,57.23,59.01,59.40,61.70,58.83,59.79,59.87,61.30,58.51,57.99,56.75,62.71,63.64,56.66,60.24,57.66,59.73,56.97,59.34,58.16,59.69,56.99,57.63,56.19,63.16,61.82,65.36,58.21,54.15,57.20,61.56,59.18,61.65,61.08,63.58,62.48,61.88,65.71,59.33,63.52,64.92,65.68,64.12,65.42,63.28,67.71,66.82,62.90,61.93,63.76,64.73,62.49,67.80,58.46,63.66,66.01,65.57,64.32,75.90,72.48,70.51,65.26,68.52,66.64,69.86,68.51,65.93,59.73,68.19,67.73,68.27,73.68,67.50,66.38,67.68,68.41,74.93,70.08,67.71,68.52,68.66,77.21,74.40,70.43,65.83,49.58,107.85,55.95,74.13,72.77,70.57,63.61,65.19,74.63,75.41,63.32,69.90,84.29,78.53,76.33,..,..,..,..,..,..,..,..,..,..
"Mongo [Mungbean], green, labo",..CORDILLERA ADMINISTRATIVE REGION (CAR),0.00,61.46,61.78,62.72,63.02,0.00,0.00,0.00,0.00,0.00,0.00,0.00,62.25,0.00,0.00,67.86,67.69,66.36,0.00,0.00,0.00,0.00,0.00,0.00,0.00,67.30,0.00,0.00,64.50,58.33,59.77,0.00,0.00,0.00,0.00,0.00,0.00,0.00,60.87,0.00,64.29,60.79,62.21,62.45,0.00,0.00,0.00,0.00,0.00,0.00,0.00,62.44,0.00,61.05,58.76,0.00,53.81,0.00,0.00,0.00,0.00,0.00,0.00,0.00,57.87,0.00,77.18,75.37,64.79,62.06,64.12,0.00,0.00,0.00,0.00,0.00,0.00,68.70,0.00,0.00,74.80,73.06,75.00,71.00,0.00,0.00,0.00,0.00,0.00,0.00,73.47,0.00,81.12,76.54,76.64,77.45,77.24,0.00,0.00,0.00,0.00,0.00,0.00,77.80,0.00,75.65,68.57,73.00,72.70,71.92,0.00,0.00,0.00,0.00,0.00,0.00,72.37,0.00,53.09,62.31,70.44,69.31,69.57,0.00,0.00,0.00,0.00,0.00,0.00,64.94,0.00,75.42,78.14,61.72,65.71,89.14,0.00,0.00,0.00,0.00,0.00,0.00,74.03,0.00,78.05,78.87,84.66,86.20,91.85,0.00,0.00,0.00,0.00,0.00,0.00,83.93,0.00,66.96,80.00,79.41,78.11,100.00,0.00,0.00,0.00,0.00,0.00,0.00,80.90,0.00,97.17,104.77,84.50,94.26,81.00,0.00,0.00,0.00,0.00,0.00,0.00,92.34,120.00,73.33,72.22,80.00,80.00,80.00,0.00,0.00,0.00,33.33,0.00,0.00,76.98,80.00,85.00,85.00,57.14,0.00,0.00,90.00,0.00,0.00,30.00,0.00,100.00,75.31,100.00,85.00,87.50,..,..,..,..,..,..,..,..,..,..
"Mongo [Mungbean], green, labo",..REGION I (ILOCOS REGION),50.76,51.56,52.12,43.99,45.68,47.08,44.87,46.16,48.23,46.04,51.37,51.25,48.26,54.09,53.89,52.49,53.35,54.59,54.69,48.04,48.69,49.91,49.27,54.58,54.90,52.37,52.89,52.35,52.81,54.71,53.75,54.19,50.54,52.18,53.03,51.22,53.20,51.68,52.71,51.89,49.44,48.47,51.05,51.25,54.16,50.20,51.54,52.69,53.49,58.33,57.30,52.48,53.67,52.43,52.56,51.61,47.62,45.98,50.72,52.15,54.41,55.60,54.45,54.08,52.11,56.07,58.94,59.94,57.83,58.17,56.67,53.36,53.68,55.76,56.39,55.93,56.89,56.64,58.44,53.53,58.88,53.36,53.63,49.63,50.23,52.33,53.85,54.15,54.56,60.69,54.44,58.16,54.01,53.21,56.26,57.55,54.92,53.04,54.68,59.50,60.26,63.38,66.95,57.66,56.80,70.60,71.20,65.67,61.86,62.34,66.21,61.17,63.44,61.99,67.45,65.77,64.54,62.91,61.78,64.93,62.31,56.51,52.87,60.14,62.29,59.58,59.69,65.92,64.03,61.08,64.09,64.27,63.09,61.26,61.23,57.31,59.22,61.64,55.31,55.75,63.68,66.31,61.10,62.48,66.61,67.17,65.70,63.59,60.05,59.21,63.95,57.14,58.55,61.91,69.97,63.03,67.04,63.40,63.94,64.61,63.46,64.31,61.86,62.23,63.13,61.29,67.50,64.69,63.96,66.57,69.20,70.00,67.92,67.28,68.59,68.59,65.53,67.63,58.33,66.02,66.29,66.83,77.92,80.30,79.92,75.11,64.95,59.87,65.40,71.67,71.67,65.00,63.33,62.67,69.82,80.00,47.73,153.47,36.02,76.48,60.00,58.75,61.25,55.00,75.00,72.96,70.00,70.55,92.01,76.06,68.04,..,..,..,..,..,..,..,..,..,..
"Mongo [Mungbean], green, labo",..REGION II (CAGAYAN VALLEY),0.00,41.28,0.00,0.00,51.95,52.17,48.27,58.17,64.11,0.00,0.00,0.00,52.66,0.00,0.00,0.00,0.00,71.14,71.56,60.94,59.73,0.00,0.00,0.00,0.00,65.84,0.00,0.00,0.00,0.00,0.00,39.99,41.54,44.16,0.00,0.00,0.00,44.43,42.53,0.00,0.00,0.00,0.00,0.00,61.56,63.09,43.68,0.00,0.00,0.00,0.00,56.11,0.00,0.00,0.00,0.00,0.00,54.81,67.26,59.13,0.00,0.00,0.00,0.00,60.40,0.00,0.00,0.00,0.00,0.00,60.16,55.25,61.87,0.00,0.00,0.00,0.00,59.09,0.00,0.00,0.00,0.00,0.00,53.32,61.88,51.53,0.00,0.00,0.00,0.00,55.58,0.00,0.00,0.00,0.00,0.00,57.15,53.47,56.02,0.00,0.00,0.00,0.00,55.55,0.00,0.00,0.00,59.02,58.84,70.01,53.68,59.73,0.00,0.00,0.00,0.00,60.26,0.00,0.00,0.00,46.25,49.38,72.01,60.09,54.67,0.00,0.00,0.00,0.00,56.48,0.00,0.00,0.00,52.87,62.64,78.05,66.04,65.18,0.00,0.00,0.00,0.00,64.96,0.00,0.00,0.00,40.51,57.64,93.45,68.35,74.08,0.00,0.00,0.00,0.00,66.81,0.00,0.00,0.00,53.33,58.63,0.00,64.15,61.58,0.00,0.00,0.00,0.00,59.42,0.00,0.00,0.00,63.32,73.38,0.00,76.05,75.22,71.96,59.72,0.00,0.00,69.94,0.00,80.00,0.00,53.88,83.44,81.50,70.00,77.50,77.17,79.91,90.00,0.00,77.04,0.00,80.00,78.19,70.00,63.13,69.26,66.40,63.33,50.00,61.56,64.55,0.00,66.64,50.00,95.00,94.00,..,..,..,..,..,..,..,..,..,..
"Mongo [Mungbean], green, labo",..REGION III (CENTRAL LUZON),0.00,50.22,56.27,50.00,0.00,0.00,0.00,0.00,0.00,0.00,0.00,0.00,52.16,0.00,71.20,47.78,36.00,51.42,0.00,0.00,0.00,0.00,0.00,0.00,0.00,51.60,46.86,43.03,42.21,44.70,39.22,41.04,0.00,0.00,0.00,0.00,0.00,0.00,42.84,47.11,36.71,43.61,40.61,36.83,35.24,0.00,0.00,0.00,0.00,0.00,0.00,40.02,44.80,46.80,44.48,46.67,47.21,44.80,0.00,0.00,0.00,0.00,0.00,0.00,45.79,53.02,49.07,49.17,51.36,50.43,45.00,0.00,0.00,0.00,0.00,0.00,48.00,49.44,48.00,60.00,56.89,59.05,51.71,51.59,0.00,0.00,0.00,0.00,0.00,46.00,53.32,59.74,72.49,72.50,62.74,60.13,50.37,0.00,0.00,0.00,0.00,0.00,0.00,63.00,74.40,67.85,66.47,59.75,60.77,61.60,0.00,0.00,0.00,0.00,0.00,0.00,65.14,75.96,71.52,55.27,50.65,56.92,52.10,0.00,0.00,0.00,0.00,0.00,0.00,60.40,66.85,72.62,72.16,74.76,62.64,69.50,0.00,0.00,0.00,0.00,0.00,0.00,69.76,77.88,71.15,68.32,69.06,64.89,65.70,0.00,0.00,0.00,0.00,0.00,0.00,69.50,76.50,77.59,79.49,73.81,65.35,63.14,0.00,0.00,0.00,0.00,0.00,0.00,72.65,78.59,81.16,78.81,72.51,66.07,50.00,0.00,0.00,0.00,0.00,0.00,0.00,71.19,0.00,64.23,68.00,56.65,63.53,70.00,0.00,0.00,0.00,0.00,0.00,0.00,64.48,0.00,0.00,69.89,72.79,77.89,0.00,48.00,0.00,0.00,0.00,0.00,0.00,67.14,83.00,100.00,79.61,..,..,..,..,..,..,..,..,..,..
"Mongo [Mungbean], green, labo",..REGION IV-A (CALABARZON),0.00,0.00,0.00,0.00,0.00,0.00,0.00,0.00,0.00,0.00,0.00,0.00,0.00,0.00,0.00,0.00,0.00,0.00,0.00,0.00,0.00,0.00,0.00,0.00,0.00,0.00,0.00,0.00,0.00,0.00,0.00,0.00,0.00,0.00,0.00,0.00,0.00,0.00,0.00,0.00,0.00,0.00,0.00,0.00,0.00,0.00,0.00,0.00,0.00,0.00,0.00,0.00,0.00,0.00,0.00,0.00,0.00,0.00,0.00,0.00,0.00,0.00,0.00,0.00,0.00,0.00,0.00,0.00,0.00,0.00,0.00,0.00,0.00,0.00,0.00,0.00,0.00,0.00,0.00,0.00,0.00,0.00,0.00,0.00,0.00,0.00,0.00,0.00,0.00,0.00,0.00,0.00,0.00,0.00,0.00,0.00,0.00,0.00,0.00,0.00,0.00,0.00,0.00,0.00,0.00,0.00,0.00,0.00,0.00,0.00,0.00,0.00,0.00,0.00,0.00,0.00,0.00,0.00,0.00,0.00,0.00,0.00,0.00,0.00,0.00,0.00,0.00,0.00,0.00,0.00,0.00,0.00,0.00,0.00,0.00,0.00,0.00,0.00,0.00,0.00,0.00,0.00,0.00,0.00,0.00,0.00,0.00,0.00,0.00,0.00,0.00,0.00,0.00,0.00,0.00,0.00,0.00,0.00,0.00,0.00,0.00,0.00,0.00,0.00,0.00,0.00,0.00,0.00,0.00,0.00,0.00,0.00,0.00,0.00,0.00,0.00,0.00,0.00,0.00,0.00,0.00,0.00,0.00,0.00,0.00,0.00,0.00,0.00,0.00,0.00,0.00,0.00,0.00,0.00,0.00,0.00,90.00,66.62,0.00,0.00,0.00,0.00,0.00,0.00,0.00,0.00,0.00,78.31,0.00,65.00,0.00,..,..,..,..,..,..,..,..,..,..
"Mongo [Mungbean], green, labo",..MIMAROPA REGION,42.67,51.90,53.39,57.35,62.71,61.35,58.09,53.07,55.58,57.64,68.80,63.21,57.15,57.05,61.83,62.55,61.40,67.96,68.94,56.20,58.69,58.79,78.79,78.46,76.26,65.58,41.79,53.12,52.67,61.09,47.21,52.25,51.50,50.88,50.17,63.95,64.52,65.34,54.54,48.39,52.52,51.55,50.49,46.32,48.80,42.45,44.34,46.75,56.76,64.29,64.88,51.46,46.31,53.01,52.28,58.73,47.54,48.78,48.28,49.83,49.94,61.17,68.96,70.49,54.61,54.93,58.99,56.13,58.91,49.93,52.14,56.23,51.13,52.01,61.48,68.29,67.43,57.30,47.79,56.89,57.95,61.25,48.50,49.90,44.91,50.27,50.90,70.40,72.19,70.76,56.81,51.74,61.44,62.72,65.84,59.00,60.24,56.25,55.64,59.09,60.75,62.63,75.96,60.94,61.75,65.06,57.55,62.62,53.52,58.92,71.44,66.30,75.21,53.66,62.55,64.27,62.74,53.40,67.15,69.72,65.75,53.48,60.35,40.36,52.93,56.49,55.00,67.93,70.21,59.40,59.18,65.11,65.52,68.61,61.29,62.34,67.07,78.11,64.96,0.00,62.13,65.34,65.42,70.14,66.91,68.69,66.42,65.02,58.85,56.21,70.77,70.93,66.91,73.77,82.70,68.11,75.00,70.80,69.28,68.18,67.21,66.00,68.89,74.82,70.36,70.00,73.34,73.90,70.65,76.10,72.03,70.39,66.60,63.86,65.57,79.76,75.04,69.48,0.00,89.76,83.47,73.82,68.18,62.27,68.75,64.17,64.63,50.00,65.00,60.00,60.00,75.00,95.00,77.50,67.54,50.00,63.19,64.10,63.10,60.87,65.45,60.00,60.00,70.00,100.00,90.00,92.50,69.93,72.50,77.50,87.70,..,..,..,..,..,..,..,..,..,..
"Mongo [Mungbean], green, labo",..REGION V (BICOL REGION),0.00,0.00,54.42,49.07,0.00,0.00,0.00,0.00,0.00,0.00,0.00,0.00,51.75,0.00,0.00,68.64,69.11,0.00,0.00,0.00,0.00,0.00,0.00,0.00,0.00,68.88,0.00,0.00,0.00,0.00,0.00,0.00,0.00,0.00,0.00,0.00,0.00,0.00,0.00,0.00,0.00,0.00,0.00,0.00,0.00,0.00,0.00,0.00,0.00,0.00,0.00,0.00,0.00,0.00,0.00,0.00,0.00,0.00,0.00,0.00,0.00,0.00,0.00,0.00,0.00,0.00,0.00,28.26,0.00,0.00,0.00,0.00,0.00,0.00,0.00,0.00,0.00,28.26,0.00,0.00,0.00,0.00,0.00,0.00,0.00,0.00,0.00,0.00,0.00,0.00,0.00,0.00,0.00,0.00,0.00,0.00,0.00,0.00,0.00,0.00,0.00,0.00,0.00,0.00,0.00,0.00,0.00,0.00,0.00,0.00,0.00,0.00,0.00,0.00,0.00,0.00,0.00,0.00,0.00,0.00,0.00,0.00,0.00,0.00,0.00,0.00,0.00,0.00,0.00,0.00,0.00,0.00,0.00,0.00,0.00,0.00,0.00,0.00,0.00,0.00,0.00,0.00,0.00,0.00,0.00,0.00,0.00,0.00,0.00,0.00,0.00,0.00,0.00,0.00,0.00,0.00,0.00,0.00,0.00,0.00,0.00,0.00,0.00,0.00,0.00,0.00,0.00,0.00,0.00,0.00,0.00,0.00,0.00,0.00,0.00,0.00,0.00,0.00,0.00,0.00,0.00,0.00,100.00,75.00,75.00,0.00,69.59,0.00,60.00,65.00,60.00,0.00,87.86,0.00,74.06,0.00,0.00,0.00,0.00,0.00,85.66,0.00,91.36,0.00,0.00,0.00,0.00,88.51,0.00,0.00,0.00,..,..,..,..,..,..,..,..,..,..
"Mongo [Mungbean], green, labo",..REGION VI (WESTERN VISAYAS),44.18,41.39,40.94,39.21,43.18,42.80,44.77,45.17,45.41,57.55,43.97,46.83,44.62,46.78,41.79,41.65,39.39,44.54,44.80,46.16,47.86,49.46,51.03,51.22,52.35,46.42,59.71,49.50,38.59,40.35,34.90,39.66,43.75,46.97,50.38,50.34,50.58,49.18,46.16,50.05,52.87,45.00,40.99,36.35,39.49,39.46,40.50,43.54,43.33,46.93,50.42,44.08,50.63,53.23,48.10,43.33,38.11,37.95,38.65,42.72,45.39,59.00,59.56,62.24,48.24,62.24,60.89,57.13,49.12,48.48,46.86,45.37,46.55,47.83,52.45,52.36,54.72,52.00,56.71,45.62,47.14,46.38,45.64,50.73,53.69,57.45,60.30,56.79,55.81,67.55,53.65,58.78,46.06,52.55,44.74,48.14,48.89,48.74,53.21,56.83,57.40,60.07,54.96,52.53,64.30,53.39,59.10,53.18,49.95,44.22,46.40,55.85,53.75,59.86,60.14,61.68,55.15,50.28,59.72,50.60,48.03,54.55,104.85,110.00,76.29,71.88,0.00,48.44,0.00,67.46,0.00,0.00,0.00,0.00,0.00,0.00,0.00,0.00,0.00,0.00,0.00,0.00,0.00,0.00,0.00,0.00,0.00,0.00,0.00,0.00,0.00,0.00,0.00,0.00,0.00,0.00,0.00,0.00,0.00,0.00,0.00,0.00,0.00,0.00,0.00,0.00,0.00,0.00,0.00,0.00,97.57,0.00,0.00,64.29,80.48,80.59,0.00,0.00,0.00,0.00,0.00,80.73,86.87,79.40,62.46,176.92,149.95,176.98,0.00,0.00,0.00,33.75,0.00,0.00,109.47,42.67,30.00,72.60,53.27,61.76,80.00,70.00,71.67,73.33,75.00,75.85,76.67,65.23,70.00,66.62,79.29,..,..,..,..,..,..,..,..,..,..
"Mongo [Mungbean], green, labo",..NEGROS ISLAND REGION (NIR) 2/,0.00,0.00,0.00,0.00,0.00,0.00,0.00,0.00,0.00,0.00,0.00,0.00,0.00,0.00,0.00,0.00,0.00,0.00,0.00,0.00,0.00,0.00,0.00,0.00,0.00,0.00,0.00,0.00,0.00,0.00,0.00,0.00,0.00,0.00,0.00,0.00,0.00,0.00,0.00,0.00,0.00,0.00,0.00,0.00,0.00,0.00,0.00,0.00,0.00,0.00,0.00,0.00,0.00,0.00,0.00,0.00,0.00,0.00,0.00,0.00,0.00,0.00,0.00,0.00,0.00,0.00,0.00,0.00,0.00,0.00,0.00,0.00,0.00,0.00,0.00,0.00,0.00,0.00,0.00,0.00,0.00,0.00,0.00,0.00,0.00,0.00,0.00,0.00,0.00,0.00,0.00,0.00,0.00,0.00,0.00,0.00,0.00,0.00,0.00,0.00,0.00,0.00,0.00,0.00,0.00,0.00,0.00,0.00,0.00,0.00,0.00,0.00,0.00,0.00,0.00,0.00,0.00,0.00,0.00,0.00,0.00,0.00,0.00,0.00,0.00,0.00,0.00,0.00,0.00,0.00,0.00,0.00,0.00,0.00,0.00,0.00,0.00,0.00,0.00,0.00,0.00,0.00,0.00,0.00,0.00,0.00,0.00,0.00,0.00,0.00,0.00,0.00,0.00,0.00,0.00,0.00,0.00,0.00,0.00,0.00,0.00,0.00,0.00,0.00,0.00,0.00,0.00,0.00,0.00,0.00,0.00,0.00,0.00,0.00,0.00,0.00,0.00,0.00,0.00,0.00,0.00,0.00,0.00,0.00,0.00,0.00,0.00,0.00,0.00,70.00,0.00,0.00,0.00,0.00,70.00,0.00,0.00,0.00,0.00,0.00,0.00,0.00,0.00,0.00,70.00,0.00,0.00,70.00,0.00,0.00,0.00,..,..,..,..,..,..,..,..,..,..
"Mongo [Mungbean], green, shiny",PHILIPPINES,47.98,46.21,42.52,42.86,43.93,43.42,42.16,46.33,44.67,44.74,44.56,46.17,44.63,47.69,46.76,49.35,50.15,47.10,48.84,49.04,49.81,48.58,45.42,48.83,46.91,48.21,45.22,45.65,44.03,44.85,43.57,43.98,46.28,44.52,40.85,37.54,39.94,40.93,43.11,42.98,43.67,45.19,44.51,40.13,40.44,43.58,43.73,43.71,40.64,45.79,46.51,43.41,47.68,47.13,44.56,46.32,46.14,44.08,44.14,43.33,43.71,42.54,47.62,48.94,45.52,48.72,51.96,48.93,48.15,47.70,46.12,43.30,42.13,45.17,43.70,47.29,48.44,46.80,53.17,52.57,52.38,51.07,51.14,47.72,52.09,51.68,49.42,52.00,55.42,53.03,51.81,53.73,53.95,58.64,54.85,52.55,50.26,51.25,51.58,49.51,52.37,55.39,55.43,53.29,55.33,53.22,53.90,52.40,50.46,51.33,54.16,51.30,52.64,56.36,55.44,57.40,53.66,53.45,53.27,53.18,52.37,52.90,50.52,53.30,58.24,57.27,59.16,59.83,60.00,55.29,50.81,50.95,56.16,57.64,54.89,56.94,56.68,57.29,54.94,60.95,60.43,61.41,56.59,62.83,60.20,60.81,60.79,61.30,60.94,62.92,61.52,65.90,68.45,62.37,70.05,63.17,64.93,60.03,61.58,54.91,52.09,58.03,60.77,59.66,59.15,60.68,60.09,64.12,59.67,68.87,60.58,62.19,59.29,59.34,62.22,61.87,66.54,68.18,65.12,67.50,68.37,64.17,62.71,65.48,64.86,67.12,72.12,79.32,38.99,56.73,55.98,60.56,50.12,69.09,61.92,50.66,72.30,69.48,52.30,69.65,82.53,51.84,60.00,63.75,58.75,53.75,72.08,63.09,63.83,67.07,62.44,..,..,..,..,..,..,..,..,..,..
"Mongo [Mungbean], green, shiny",..CORDILLERA ADMINISTRATIVE REGION (CAR),0.00,0.00,0.00,0.00,0.00,0.00,48.00,58.16,51.87,0.00,0.00,0.00,52.68,0.00,0.00,48.97,0.00,0.00,0.00,0.00,0.00,0.00,0.00,0.00,40.96,44.97,0.00,0.00,0.00,0.00,61.53,0.00,61.17,56.47,56.47,0.00,48.91,49.91,55.74,52.10,57.84,52.16,67.97,0.00,0.00,60.00,64.85,65.38,0.00,61.37,62.47,60.46,66.00,86.86,70.55,73.33,0.00,0.00,0.00,0.00,0.00,0.00,75.00,80.00,75.29,0.00,69.73,68.48,68.88,67.81,68.53,0.00,0.00,0.00,0.00,76.25,76.64,70.90,73.85,74.89,66.34,57.23,52.01,53.23,72.47,0.00,0.00,57.98,64.73,57.19,62.99,71.71,60.90,63.42,59.91,61.88,62.37,0.00,0.00,0.00,50.75,47.71,54.52,59.24,52.21,67.48,55.06,60.65,53.35,57.30,0.00,0.00,0.00,64.95,60.23,56.44,58.63,0.00,56.76,58.65,59.52,65.85,63.10,66.84,79.00,68.77,96.24,91.32,84.03,71.83,0.00,0.00,0.00,0.00,0.00,0.00,0.00,0.00,0.00,0.00,0.00,0.00,0.00,0.00,0.00,0.00,0.00,0.00,0.00,0.00,0.00,0.00,0.00,0.00,0.00,0.00,0.00,0.00,0.00,0.00,0.00,0.00,0.00,0.00,0.00,0.00,0.00,0.00,0.00,0.00,0.00,0.00,0.00,0.00,0.00,0.00,0.00,0.00,0.00,0.00,0.00,0.00,100.00,100.00,100.00,59.38,100.00,100.00,0.00,0.00,0.00,28.33,29.67,0.00,77.17,100.00,100.00,100.00,0.00,0.00,0.00,0.00,0.00,0.00,50.00,50.00,0.00,80.00,100.00,100.00,100.00,..,..,..,..,..,..,..,..,..,..
"Mongo [Mungbean], green, shiny",..REGION I (ILOCOS REGION),63.22,60.63,54.78,57.54,69.06,54.11,0.00,0.00,0.00,0.00,0.00,55.75,59.30,57.79,55.66,58.96,62.54,57.93,52.65,0.00,0.00,0.00,0.00,69.26,62.70,59.69,55.90,61.60,57.97,55.24,50.33,49.97,0.00,0.00,0.00,0.00,45.95,51.59,53.57,48.04,44.86,60.34,54.02,46.36,48.56,0.00,0.00,0.00,0.00,56.67,55.09,51.74,50.54,53.27,52.71,48.94,50.65,49.77,0.00,0.00,0.00,0.00,46.74,44.50,49.64,56.12,57.11,59.93,56.51,50.74,51.11,0.00,0.00,0.00,0.00,0.00,51.21,54.68,58.27,51.63,55.19,54.47,50.69,48.86,0.00,0.00,0.00,0.00,72.55,64.28,56.99,53.37,53.87,71.65,60.54,45.04,43.91,0.00,0.00,0.00,0.00,0.00,69.71,56.87,71.69,60.25,58.48,63.37,59.30,63.65,66.74,0.00,0.00,0.00,63.15,64.32,63.44,51.23,53.08,50.70,48.95,52.65,52.08,0.00,62.88,0.00,0.00,60.30,0.00,53.98,59.75,52.73,56.42,59.62,61.37,57.89,0.00,55.00,0.00,0.00,62.01,60.79,58.40,58.95,50.00,61.40,64.51,57.46,60.90,0.00,60.00,0.00,0.00,40.00,69.18,58.04,69.37,58.44,55.86,58.72,60.80,59.23,0.00,56.93,0.00,0.00,60.22,60.21,59.98,55.52,56.28,55.04,61.77,63.86,63.52,63.52,0.00,0.00,0.00,76.80,88.81,65.01,73.33,68.33,67.23,72.12,60.00,65.00,60.00,57.50,57.50,60.00,60.00,85.00,65.50,58.56,68.25,71.14,70.00,78.15,63.33,50.00,60.00,60.00,67.50,50.00,67.50,63.70,60.00,61.80,55.00,..,..,..,..,..,..,..,..,..,..
"Mongo [Mungbean], green, shiny",..REGION II (CAGAYAN VALLEY),0.00,0.00,0.00,0.00,0.00,0.00,0.00,0.00,0.00,0.00,0.00,0.00,0.00,0.00,0.00,0.00,0.00,53.19,48.90,48.86,0.00,0.00,0.00,0.00,0.00,50.32,0.00,0.00,0.00,0.00,30.75,33.27,34.69,0.00,0.00,0.00,0.00,0.00,32.90,0.00,0.00,0.00,0.00,29.99,34.93,0.00,0.00,0.00,0.00,0.00,0.00,32.46,0.00,0.00,0.00,0.00,51.61,46.72,0.00,0.00,0.00,0.00,0.00,0.00,49.17,0.00,0.00,0.00,0.00,42.93,38.87,0.00,0.00,0.00,0.00,0.00,0.00,40.90,0.00,0.00,0.00,0.00,42.04,32.19,0.00,0.00,0.00,0.00,0.00,0.00,37.12,0.00,0.00,0.00,0.00,53.24,47.53,0.00,0.00,0.00,0.00,0.00,0.00,50.39,0.00,0.00,0.00,46.50,43.02,44.35,0.00,0.00,0.00,0.00,0.00,0.00,44.62,0.00,0.00,0.00,48.27,56.75,36.39,0.00,0.00,0.00,0.00,0.00,0.00,47.14,0.00,0.00,0.00,64.02,51.49,49.97,0.00,0.00,0.00,0.00,0.00,0.00,55.16,0.00,0.00,0.00,52.65,51.26,48.93,0.00,0.00,0.00,0.00,0.00,0.00,50.95,0.00,0.00,0.00,46.07,38.80,79.15,62.94,0.00,0.00,0.00,0.00,0.00,56.74,0.00,0.00,0.00,50.20,49.57,83.33,0.00,0.00,0.00,0.00,0.00,0.00,61.03,0.00,0.00,0.00,52.55,43.37,0.00,0.00,0.00,58.00,54.50,50.00,0.00,51.68,0.00,0.00,0.00,51.44,54.67,79.60,0.00,0.00,0.00,86.75,50.00,0.00,64.49,75.00,80.00,0.00,..,..,..,..,..,..,..,..,..,..
"Mongo [Mungbean], green, shiny",..REGION III (CENTRAL LUZON),0.00,0.00,45.02,47.77,0.00,0.00,0.00,0.00,0.00,0.00,0.00,0.00,46.40,0.00,0.00,48.66,48.64,0.00,0.00,0.00,0.00,0.00,0.00,0.00,0.00,48.65,0.00,45.20,47.81,49.64,0.00,0.00,0.00,0.00,0.00,0.00,0.00,0.00,47.55,0.00,0.00,46.32,42.68,0.00,0.00,0.00,0.00,0.00,0.00,0.00,0.00,44.50,0.00,33.65,42.15,47.45,0.00,0.00,0.00,0.00,0.00,0.00,0.00,0.00,41.08,0.00,48.30,46.90,46.89,0.00,0.00,0.00,0.00,0.00,0.00,0.00,0.00,47.36,0.00,58.67,51.79,52.90,0.00,0.00,0.00,0.00,0.00,0.00,0.00,0.00,54.45,0.00,41.43,48.32,52.75,0.00,0.00,0.00,0.00,0.00,0.00,0.00,0.00,47.50,0.00,38.79,40.00,40.97,0.00,0.00,0.00,0.00,0.00,0.00,0.00,0.00,39.92,0.00,0.00,0.00,57.98,51.09,52.81,0.00,0.00,0.00,0.00,0.00,0.00,53.96,0.00,0.00,56.82,56.50,55.50,63.83,0.00,0.00,0.00,0.00,0.00,0.00,58.16,0.00,0.00,0.00,0.00,62.39,0.00,0.00,0.00,0.00,0.00,0.00,0.00,62.39,0.00,0.00,0.00,33.39,36.31,42.73,0.00,0.00,0.00,0.00,0.00,0.00,37.48,78.68,49.85,56.10,50.00,57.08,54.05,45.16,0.00,0.00,0.00,64.66,66.10,57.96,48.41,52.11,0.00,0.00,0.00,0.00,0.00,0.00,0.00,0.00,0.00,0.00,50.26,0.00,0.00,70.00,0.00,0.00,0.00,0.00,0.00,0.00,50.00,55.00,50.00,56.25,0.00,0.00,0.00,..,..,..,..,..,..,..,..,..,..
"Mongo [Mungbean], green, shiny",..REGION IV-A (CALABARZON),0.00,0.00,0.00,0.00,0.00,0.00,0.00,0.00,0.00,0.00,0.00,0.00,0.00,0.00,0.00,0.00,70.42,0.00,0.00,0.00,0.00,0.00,0.00,0.00,0.00,70.42,0.00,0.00,0.00,45.70,0.00,0.00,0.00,0.00,0.00,0.00,0.00,0.00,45.70,0.00,0.00,0.00,0.00,0.00,0.00,0.00,0.00,0.00,0.00,0.00,0.00,0.00,0.00,0.00,0.00,0.00,0.00,0.00,0.00,0.00,0.00,0.00,0.00,0.00,0.00,0.00,0.00,0.00,0.00,0.00,0.00,0.00,0.00,0.00,0.00,0.00,0.00,0.00,0.00,0.00,0.00,0.00,0.00,0.00,0.00,0.00,0.00,0.00,0.00,0.00,0.00,0.00,0.00,0.00,0.00,0.00,0.00,0.00,0.00,0.00,0.00,0.00,0.00,0.00,0.00,0.00,0.00,0.00,0.00,0.00,0.00,0.00,0.00,0.00,0.00,0.00,0.00,0.00,0.00,0.00,0.00,0.00,0.00,0.00,0.00,0.00,0.00,0.00,0.00,0.00,0.00,0.00,0.00,0.00,0.00,0.00,0.00,0.00,0.00,0.00,0.00,0.00,0.00,0.00,0.00,0.00,0.00,0.00,0.00,0.00,0.00,0.00,0.00,0.00,0.00,0.00,0.00,0.00,0.00,0.00,0.00,0.00,0.00,0.00,0.00,0.00,0.00,0.00,0.00,0.00,0.00,0.00,0.00,0.00,0.00,0.00,0.00,0.00,0.00,0.00,0.00,0.00,0.00,0.00,0.00,0.00,0.00,0.00,0.00,0.00,0.00,0.00,0.00,0.00,0.00,0.00,0.00,0.00,0.00,0.00,0.00,0.00,0.00,0.00,0.00,0.00,0.00,0.00,0.00,0.00,80.00,..,..,..,..,..,..,..,..,..,..
"Mongo [Mungbean], green, shiny",..MIMAROPA REGION,0.00,0.00,0.00,0.00,0.00,0.00,0.00,0.00,0.00,0.00,0.00,0.00,0.00,0.00,0.00,0.00,0.00,0.00,0.00,0.00,0.00,0.00,0.00,0.00,0.00,0.00,0.00,0.00,0.00,0.00,0.00,0.00,0.00,0.00,0.00,0.00,0.00,0.00,0.00,0.00,0.00,0.00,0.00,0.00,0.00,0.00,0.00,0.00,0.00,0.00,0.00,0.00,0.00,0.00,0.00,0.00,0.00,0.00,0.00,0.00,0.00,0.00,0.00,0.00,0.00,0.00,0.00,0.00,0.00,0.00,0.00,0.00,0.00,0.00,0.00,0.00,0.00,0.00,0.00,0.00,0.00,0.00,0.00,0.00,0.00,0.00,0.00,0.00,0.00,0.00,0.00,0.00,0.00,0.00,0.00,0.00,0.00,0.00,0.00,0.00,0.00,0.00,0.00,0.00,0.00,0.00,0.00,0.00,0.00,0.00,0.00,0.00,0.00,0.00,0.00,0.00,0.00,0.00,0.00,0.00,0.00,0.00,0.00,0.00,0.00,0.00,0.00,0.00,0.00,0.00,0.00,0.00,0.00,0.00,0.00,0.00,0.00,0.00,0.00,0.00,0.00,0.00,0.00,0.00,0.00,0.00,0.00,0.00,0.00,0.00,0.00,0.00,0.00,0.00,0.00,0.00,0.00,0.00,0.00,0.00,0.00,0.00,0.00,0.00,0.00,0.00,0.00,0.00,0.00,0.00,0.00,0.00,0.00,0.00,0.00,0.00,0.00,0.00,0.00,0.00,0.00,0.00,0.00,0.00,0.00,28.19,55.00,55.00,0.00,0.00,0.00,0.00,0.00,0.00,46.06,0.00,0.00,0.00,50.00,50.00,0.00,0.00,0.00,0.00,0.00,0.00,0.00,50.00,0.00,0.00,0.00,..,..,..,..,..,..,..,..,..,..
"Mongo [Mungbean], green, shiny",..REGION V (BICOL REGION),0.00,0.00,25.41,32.64,31.61,33.90,35.61,48.16,42.28,44.62,47.06,46.86,38.82,0.00,0.00,33.39,43.87,42.20,43.69,44.41,50.00,41.84,35.24,36.06,34.30,40.50,0.00,0.00,30.26,44.09,37.21,45.38,45.09,0.00,31.63,33.61,33.81,34.08,37.24,0.00,0.00,34.03,38.39,38.80,40.00,41.40,0.00,34.84,33.99,34.32,34.76,36.73,0.00,0.00,32.43,33.82,40.60,41.10,43.68,0.00,0.00,34.48,35.63,35.67,37.18,0.00,0.00,38.28,35.18,35.17,35.39,35.24,35.22,34.29,34.11,34.53,34.47,35.19,0.00,0.00,0.00,0.00,0.00,0.00,0.00,0.00,0.00,0.00,0.00,0.00,0.00,0.00,0.00,0.00,0.00,0.00,0.00,0.00,0.00,0.00,0.00,0.00,0.00,0.00,0.00,0.00,0.00,0.00,0.00,0.00,0.00,0.00,0.00,0.00,0.00,0.00,0.00,0.00,0.00,0.00,0.00,0.00,0.00,0.00,0.00,0.00,0.00,0.00,0.00,0.00,0.00,0.00,0.00,0.00,0.00,0.00,0.00,0.00,0.00,0.00,0.00,0.00,0.00,0.00,0.00,0.00,0.00,0.00,0.00,0.00,0.00,0.00,0.00,0.00,0.00,0.00,0.00,0.00,0.00,0.00,0.00,0.00,0.00,0.00,0.00,0.00,0.00,0.00,0.00,0.00,0.00,0.00,0.00,0.00,0.00,0.00,0.00,0.00,0.00,0.00,0.00,0.00,0.00,0.00,0.00,53.00,0.00,90.00,0.00,0.00,0.00,0.00,0.00,98.00,80.33,80.00,0.00,80.00,0.00,0.00,0.00,0.00,0.00,0.00,0.00,0.00,0.00,80.00,0.00,0.00,103.33,..,..,..,..,..,..,..,..,..,..
"Mongo [Mungbean], green, shiny",..REGION VI (WESTERN VISAYAS),54.25,47.28,45.15,46.40,49.11,53.51,51.93,60.31,60.47,64.83,50.91,51.26,52.95,56.76,58.06,53.83,50.18,51.99,53.91,54.61,65.80,64.67,62.57,59.05,59.47,57.58,50.22,47.59,48.44,49.38,51.59,49.84,56.01,57.01,56.89,50.83,48.60,51.94,51.53,50.90,44.86,44.14,44.36,44.75,47.28,46.56,51.51,56.19,52.03,57.86,60.14,50.05,58.06,48.36,46.84,48.78,46.69,49.78,57.08,57.16,59.70,54.99,55.13,55.71,53.19,55.67,53.70,52.13,49.74,50.23,49.30,49.59,50.90,63.65,56.15,53.48,56.31,53.40,61.12,52.03,47.13,49.29,51.32,54.77,53.88,55.58,58.44,60.28,62.54,60.51,55.57,59.45,58.35,61.88,58.51,56.47,51.18,51.66,44.10,47.63,52.38,65.66,49.42,54.72,66.36,52.72,55.20,50.15,51.32,57.92,65.08,62.18,65.03,63.06,61.35,61.25,59.30,59.63,56.83,58.06,55.21,50.80,56.50,59.87,66.49,68.60,61.22,65.00,61.00,59.93,64.26,60.55,55.98,59.08,51.51,58.21,56.26,62.51,58.55,57.71,59.26,65.15,59.09,66.83,63.38,61.17,59.49,57.12,60.82,64.28,62.60,69.77,70.58,70.67,68.84,64.63,67.01,68.07,62.87,57.39,54.29,61.22,66.04,65.34,65.39,66.55,71.62,71.93,64.81,73.90,71.56,65.58,58.82,64.80,62.17,72.21,71.87,67.56,68.58,70.44,68.59,68.01,72.18,67.43,55.29,92.51,100.89,105.26,60.00,60.00,60.00,48.98,0.00,0.00,72.25,34.21,80.17,65.76,54.93,49.22,88.00,68.33,75.00,70.00,60.00,75.00,75.00,66.30,75.00,79.66,78.26,..,..,..,..,..,..,..,..,..,..
"Mongo [Mungbean], green, shiny",..NEGROS ISLAND REGION (NIR) 2/,0.00,0.00,0.00,0.00,0.00,0.00,0.00,0.00,0.00,0.00,0.00,0.00,0.00,0.00,0.00,0.00,0.00,0.00,0.00,0.00,0.00,0.00,0.00,0.00,0.00,0.00,0.00,0.00,0.00,0.00,0.00,0.00,0.00,0.00,0.00,0.00,0.00,0.00,0.00,0.00,0.00,0.00,0.00,0.00,0.00,0.00,0.00,0.00,0.00,0.00,0.00,0.00,0.00,0.00,0.00,0.00,0.00,0.00,0.00,0.00,0.00,0.00,0.00,0.00,0.00,0.00,0.00,0.00,0.00,0.00,0.00,0.00,0.00,0.00,0.00,0.00,0.00,0.00,0.00,0.00,0.00,0.00,0.00,0.00,0.00,0.00,0.00,0.00,0.00,0.00,0.00,0.00,0.00,0.00,0.00,0.00,0.00,0.00,0.00,0.00,0.00,0.00,0.00,0.00,0.00,0.00,0.00,0.00,0.00,0.00,0.00,0.00,0.00,0.00,0.00,0.00,0.00,0.00,0.00,0.00,0.00,0.00,0.00,0.00,0.00,0.00,0.00,0.00,0.00,0.00,0.00,0.00,0.00,0.00,0.00,0.00,0.00,0.00,0.00,0.00,0.00,0.00,0.00,0.00,0.00,0.00,0.00,0.00,0.00,0.00,0.00,0.00,0.00,0.00,0.00,0.00,0.00,0.00,0.00,0.00,0.00,0.00,0.00,0.00,0.00,0.00,0.00,0.00,0.00,0.00,0.00,0.00,0.00,0.00,0.00,0.00,0.00,0.00,0.00,0.00,0.00,0.00,0.00,80.00,0.00,0.00,0.00,0.00,0.00,0.00,50.00,65.00,0.00,0.00,65.00,0.00,80.00,0.00,60.00,0.00,0.00,0.00,0.00,50.00,0.00,0.00,80.00,67.50,0.00,80.00,70.00,..,..,..,..,..,..,..,..,..,..
"Mongo [Mungbean], yellow, shiny",PHILIPPINES,58.99,55.82,41.66,52.33,52.95,57.13,52.17,67.32,65.10,70.86,59.11,58.99,57.70,69.05,68.92,62.00,61.05,61.19,63.52,64.24,72.59,71.90,67.29,67.78,69.22,66.56,63.99,61.88,48.87,53.66,55.53,56.86,60.56,61.70,64.34,63.04,62.33,61.53,59.52,60.80,56.99,56.44,52.70,49.56,49.75,51.00,54.15,57.79,57.76,67.46,69.38,56.98,73.08,64.99,61.63,53.11,51.67,53.48,53.99,55.53,60.09,66.09,62.20,66.84,60.23,66.82,65.49,56.44,53.07,56.12,52.43,54.17,54.41,61.16,60.81,65.94,68.49,59.61,64.66,63.77,59.29,55.88,55.32,57.35,64.23,62.19,64.13,67.29,73.88,68.93,63.08,65.12,66.30,61.48,58.85,62.15,67.27,67.94,65.18,79.81,61.18,70.35,70.97,66.38,73.59,69.23,64.51,61.42,59.21,57.25,59.02,59.21,69.66,64.24,63.85,69.10,64.19,66.80,68.55,61.30,60.83,62.10,74.34,74.71,79.07,81.52,83.75,84.21,74.13,72.61,72.27,68.94,74.94,65.44,64.71,60.34,65.50,62.84,70.46,67.14,57.98,72.26,66.90,72.97,76.56,70.68,62.52,65.24,62.92,73.27,71.74,74.94,70.69,72.68,75.72,70.83,76.70,81.60,74.90,64.42,62.49,66.86,74.15,73.91,75.60,75.94,79.44,77.31,73.61,87.95,91.88,78.87,72.75,66.94,72.07,77.59,80.74,80.37,80.65,90.39,85.57,80.48,85.00,87.42,86.13,63.09,120.00,120.00,70.00,70.00,70.00,59.46,72.11,0.00,82.11,95.00,90.00,72.71,87.50,87.25,84.67,100.00,100.00,80.00,84.66,77.50,83.75,86.92,73.88,80.47,90.00,..,..,..,..,..,..,..,..,..,..
"Mongo [Mungbean], yellow, shiny",..CORDILLERA ADMINISTRATIVE REGION (CAR),0.00,0.00,0.00,0.00,0.00,0.00,0.00,0.00,0.00,0.00,0.00,0.00,0.00,0.00,0.00,0.00,0.00,0.00,0.00,0.00,0.00,0.00,0.00,0.00,0.00,0.00,0.00,0.00,0.00,0.00,0.00,0.00,0.00,0.00,0.00,0.00,0.00,0.00,0.00,0.00,0.00,0.00,0.00,0.00,0.00,0.00,0.00,0.00,0.00,0.00,0.00,0.00,0.00,0.00,0.00,0.00,0.00,0.00,0.00,0.00,0.00,0.00,0.00,0.00,0.00,0.00,0.00,0.00,0.00,0.00,0.00,0.00,0.00,0.00,0.00,0.00,0.00,0.00,0.00,0.00,0.00,0.00,0.00,0.00,0.00,0.00,0.00,0.00,0.00,0.00,0.00,0.00,0.00,0.00,0.00,0.00,0.00,0.00,0.00,0.00,0.00,0.00,0.00,0.00,0.00,0.00,0.00,0.00,0.00,0.00,0.00,0.00,0.00,0.00,0.00,0.00,0.00,0.00,0.00,0.00,0.00,0.00,0.00,0.00,0.00,0.00,0.00,0.00,0.00,0.00,0.00,0.00,0.00,0.00,0.00,0.00,0.00,0.00,0.00,0.00,0.00,0.00,0.00,0.00,0.00,0.00,0.00,0.00,0.00,0.00,0.00,0.00,0.00,0.00,0.00,0.00,0.00,0.00,0.00,0.00,0.00,0.00,0.00,0.00,0.00,0.00,0.00,0.00,0.00,0.00,0.00,0.00,0.00,0.00,0.00,0.00,0.00,0.00,0.00,0.00,0.00,0.00,0.00,0.00,0.00,0.00,0.00,0.00,0.00,0.00,0.00,0.00,0.00,0.00,0.00,0.00,0.00,0.00,0.00,0.00,0.00,0.00,0.00,0.00,55.13,0.00,0.00,55.13,75.00,0.00,0.00,..,..,..,..,..,..,..,..,..,..
"Mongo [Mungbean], yellow, shiny",..REGION I (ILOCOS REGION),0.00,0.00,0.00,0.00,0.00,0.00,0.00,0.00,0.00,0.00,0.00,0.00,0.00,0.00,0.00,0.00,0.00,0.00,0.00,0.00,0.00,0.00,0.00,0.00,0.00,0.00,0.00,0.00,0.00,0.00,0.00,0.00,0.00,0.00,0.00,0.00,0.00,0.00,0.00,0.00,0.00,0.00,0.00,0.00,0.00,0.00,0.00,0.00,0.00,0.00,0.00,0.00,0.00,0.00,0.00,0.00,0.00,0.00,0.00,0.00,0.00,0.00,0.00,0.00,0.00,0.00,0.00,0.00,0.00,0.00,0.00,0.00,0.00,0.00,0.00,0.00,0.00,0.00,0.00,0.00,0.00,0.00,0.00,0.00,0.00,0.00,0.00,0.00,0.00,0.00,0.00,0.00,0.00,0.00,0.00,0.00,0.00,0.00,0.00,0.00,0.00,0.00,0.00,0.00,0.00,0.00,0.00,0.00,0.00,0.00,0.00,0.00,0.00,0.00,0.00,0.00,0.00,0.00,0.00,0.00,0.00,0.00,0.00,0.00,0.00,0.00,0.00,0.00,0.00,0.00,0.00,0.00,0.00,0.00,0.00,0.00,0.00,0.00,0.00,0.00,0.00,0.00,0.00,0.00,0.00,0.00,0.00,0.00,0.00,0.00,0.00,0.00,0.00,0.00,0.00,0.00,0.00,0.00,0.00,0.00,0.00,0.00,0.00,0.00,0.00,0.00,0.00,0.00,0.00,0.00,0.00,0.00,0.00,0.00,0.00,0.00,0.00,0.00,0.00,0.00,0.00,0.00,0.00,0.00,0.00,60.00,0.00,0.00,0.00,0.00,65.00,0.00,0.00,0.00,62.50,0.00,0.00,80.00,0.00,0.00,80.00,0.00,0.00,0.00,0.00,0.00,0.00,80.00,0.00,0.00,80.00,..,..,..,..,..,..,..,..,..,..
"Mongo [Mungbean], yellow, shiny",..REGION II (CAGAYAN VALLEY),0.00,0.00,0.00,0.00,0.00,0.00,0.00,0.00,0.00,0.00,0.00,0.00,0.00,0.00,0.00,0.00,0.00,0.00,0.00,0.00,0.00,0.00,0.00,0.00,0.00,0.00,0.00,0.00,0.00,0.00,0.00,0.00,0.00,0.00,0.00,0.00,0.00,0.00,0.00,0.00,0.00,0.00,0.00,0.00,0.00,0.00,0.00,0.00,0.00,0.00,0.00,0.00,0.00,0.00,0.00,0.00,0.00,0.00,0.00,0.00,0.00,0.00,0.00,0.00,0.00,0.00,0.00,0.00,0.00,0.00,0.00,0.00,0.00,0.00,0.00,0.00,0.00,0.00,0.00,0.00,0.00,0.00,0.00,0.00,0.00,0.00,0.00,0.00,0.00,0.00,0.00,0.00,0.00,0.00,0.00,0.00,0.00,0.00,0.00,0.00,0.00,0.00,0.00,0.00,0.00,0.00,0.00,0.00,0.00,0.00,0.00,0.00,0.00,0.00,0.00,0.00,0.00,0.00,0.00,0.00,0.00,0.00,0.00,0.00,0.00,0.00,0.00,0.00,0.00,0.00,0.00,0.00,0.00,0.00,0.00,0.00,0.00,0.00,0.00,0.00,0.00,0.00,0.00,0.00,0.00,0.00,0.00,0.00,0.00,0.00,0.00,0.00,0.00,0.00,0.00,0.00,0.00,0.00,0.00,0.00,0.00,0.00,0.00,0.00,0.00,0.00,0.00,0.00,0.00,0.00,0.00,0.00,0.00,0.00,0.00,0.00,0.00,0.00,0.00,0.00,0.00,0.00,0.00,0.00,0.00,0.00,0.00,0.00,0.00,70.00,0.00,0.00,0.00,0.00,70.00,0.00,0.00,0.00,0.00,0.00,0.00,0.00,0.00,0.00,0.00,0.00,0.00,0.00,0.00,0.00,0.00,..,..,..,..,..,..,..,..,..,..
"Mongo [Mungbean], yellow, shiny",..REGION III (CENTRAL LUZON),0.00,0.00,0.00,0.00,0.00,0.00,0.00,0.00,0.00,0.00,0.00,0.00,0.00,0.00,0.00,0.00,0.00,0.00,0.00,0.00,0.00,0.00,0.00,0.00,0.00,0.00,0.00,0.00,0.00,0.00,0.00,0.00,0.00,0.00,0.00,0.00,0.00,0.00,0.00,0.00,0.00,0.00,0.00,0.00,0.00,0.00,0.00,0.00,0.00,0.00,0.00,0.00,0.00,0.00,0.00,0.00,0.00,0.00,0.00,0.00,0.00,0.00,0.00,0.00,0.00,0.00,0.00,0.00,0.00,0.00,0.00,0.00,0.00,0.00,0.00,0.00,0.00,0.00,0.00,0.00,0.00,0.00,0.00,0.00,0.00,0.00,0.00,0.00,0.00,0.00,0.00,0.00,0.00,0.00,0.00,0.00,0.00,0.00,0.00,0.00,0.00,0.00,0.00,0.00,0.00,0.00,0.00,0.00,0.00,0.00,0.00,0.00,0.00,0.00,0.00,0.00,0.00,0.00,0.00,0.00,0.00,0.00,0.00,0.00,0.00,0.00,0.00,0.00,0.00,0.00,0.00,0.00,0.00,0.00,0.00,0.00,0.00,0.00,0.00,0.00,0.00,0.00,0.00,0.00,0.00,0.00,0.00,0.00,0.00,0.00,0.00,0.00,0.00,0.00,0.00,0.00,0.00,0.00,0.00,0.00,0.00,0.00,0.00,0.00,0.00,0.00,0.00,0.00,0.00,0.00,0.00,0.00,0.00,0.00,0.00,0.00,0.00,0.00,0.00,0.00,0.00,0.00,0.00,0.00,0.00,0.00,0.00,0.00,0.00,0.00,0.00,0.00,0.00,0.00,0.00,0.00,0.00,0.00,0.00,0.00,0.00,0.00,0.00,0.00,50.00,55.00,0.00,52.50,55.00,60.00,60.00,..,..,..,..,..,..,..,..,..,..
"Mongo [Mungbean], yellow, shiny",..REGION IV-A (CALABARZON),0.00,0.00,30.00,0.00,0.00,0.00,0.00,0.00,0.00,0.00,0.00,0.00,30.00,0.00,0.00,60.00,0.00,0.00,0.00,0.00,0.00,0.00,0.00,0.00,0.00,60.00,0.00,0.00,40.00,0.00,0.00,0.00,0.00,0.00,0.00,0.00,0.00,0.00,40.00,0.00,0.00,0.00,0.00,0.00,0.00,0.00,0.00,0.00,0.00,0.00,0.00,0.00,0.00,0.00,0.00,0.00,0.00,0.00,0.00,0.00,0.00,0.00,0.00,0.00,0.00,0.00,0.00,0.00,0.00,0.00,0.00,0.00,0.00,0.00,0.00,0.00,0.00,0.00,0.00,0.00,0.00,0.00,0.00,0.00,0.00,0.00,0.00,0.00,0.00,0.00,0.00,0.00,0.00,0.00,0.00,0.00,0.00,0.00,0.00,0.00,0.00,0.00,0.00,0.00,0.00,0.00,0.00,0.00,0.00,0.00,0.00,0.00,0.00,0.00,0.00,0.00,0.00,0.00,0.00,0.00,0.00,0.00,0.00,0.00,0.00,0.00,0.00,0.00,0.00,0.00,0.00,0.00,0.00,0.00,0.00,0.00,0.00,0.00,0.00,0.00,0.00,0.00,0.00,0.00,0.00,0.00,0.00,0.00,0.00,0.00,0.00,0.00,0.00,0.00,0.00,0.00,0.00,0.00,0.00,0.00,0.00,0.00,0.00,0.00,0.00,0.00,0.00,0.00,0.00,0.00,0.00,0.00,0.00,0.00,0.00,0.00,0.00,0.00,0.00,0.00,0.00,0.00,0.00,0.00,0.00,0.00,0.00,0.00,0.00,0.00,0.00,0.00,0.00,0.00,0.00,0.00,0.00,0.00,0.00,0.00,0.00,0.00,0.00,0.00,0.00,0.00,0.00,0.00,0.00,0.00,0.00,..,..,..,..,..,..,..,..,..,..
"Mongo [Mungbean], yellow, shiny",..MIMAROPA REGION,0.00,0.00,0.00,0.00,0.00,0.00,0.00,0.00,0.00,0.00,0.00,0.00,0.00,0.00,0.00,0.00,0.00,0.00,0.00,0.00,0.00,0.00,0.00,0.00,0.00,0.00,0.00,0.00,0.00,0.00,0.00,0.00,0.00,0.00,0.00,0.00,0.00,0.00,0.00,0.00,0.00,0.00,0.00,0.00,0.00,0.00,0.00,0.00,0.00,0.00,0.00,0.00,0.00,0.00,0.00,0.00,0.00,0.00,0.00,0.00,0.00,0.00,0.00,0.00,0.00,0.00,0.00,0.00,0.00,0.00,0.00,0.00,0.00,0.00,0.00,0.00,0.00,0.00,0.00,0.00,0.00,0.00,0.00,0.00,0.00,0.00,0.00,0.00,0.00,0.00,0.00,0.00,0.00,0.00,0.00,0.00,0.00,0.00,0.00,0.00,0.00,0.00,0.00,0.00,0.00,0.00,0.00,0.00,0.00,0.00,0.00,0.00,0.00,0.00,0.00,0.00,0.00,0.00,0.00,0.00,0.00,0.00,0.00,0.00,0.00,0.00,0.00,0.00,0.00,0.00,0.00,0.00,0.00,0.00,0.00,0.00,0.00,0.00,0.00,0.00,0.00,0.00,0.00,0.00,0.00,0.00,0.00,0.00,0.00,0.00,0.00,0.00,0.00,0.00,0.00,0.00,0.00,0.00,0.00,0.00,0.00,0.00,0.00,0.00,0.00,0.00,0.00,0.00,0.00,0.00,0.00,0.00,0.00,0.00,0.00,0.00,0.00,0.00,0.00,0.00,0.00,0.00,0.00,0.00,0.00,100.00,0.00,0.00,0.00,0.00,0.00,0.00,0.00,0.00,100.00,0.00,0.00,0.00,70.00,70.00,0.00,0.00,0.00,0.00,0.00,0.00,0.00,70.00,0.00,0.00,0.00,..,..,..,..,..,..,..,..,..,..
"Mongo [Mungbean], yellow, shiny",..REGION V (BICOL REGION),0.00,0.00,0.00,0.00,0.00,0.00,0.00,0.00,0.00,0.00,0.00,0.00,0.00,0.00,0.00,0.00,0.00,0.00,0.00,0.00,0.00,0.00,0.00,0.00,0.00,0.00,0.00,0.00,0.00,0.00,0.00,0.00,0.00,0.00,0.00,0.00,0.00,0.00,0.00,0.00,0.00,0.00,0.00,0.00,0.00,0.00,0.00,0.00,0.00,0.00,0.00,0.00,0.00,0.00,0.00,0.00,0.00,0.00,0.00,0.00,0.00,0.00,0.00,0.00,0.00,0.00,0.00,0.00,0.00,0.00,0.00,0.00,0.00,0.00,0.00,0.00,0.00,0.00,0.00,0.00,0.00,0.00,0.00,0.00,0.00,0.00,0.00,0.00,0.00,0.00,0.00,0.00,0.00,0.00,0.00,0.00,0.00,0.00,0.00,0.00,0.00,0.00,0.00,0.00,0.00,0.00,0.00,0.00,0.00,0.00,0.00,0.00,0.00,0.00,0.00,0.00,0.00,0.00,0.00,0.00,0.00,0.00,0.00,0.00,0.00,0.00,0.00,0.00,0.00,0.00,0.00,0.00,0.00,0.00,0.00,0.00,0.00,0.00,0.00,0.00,0.00,0.00,0.00,0.00,0.00,0.00,0.00,0.00,0.00,0.00,0.00,0.00,0.00,0.00,0.00,0.00,0.00,0.00,0.00,0.00,0.00,0.00,0.00,0.00,0.00,0.00,0.00,0.00,0.00,0.00,0.00,0.00,0.00,0.00,0.00,0.00,0.00,0.00,0.00,0.00,0.00,0.00,0.00,0.00,0.00,0.00,0.00,0.00,0.00,0.00,0.00,0.00,0.00,0.00,0.00,0.00,0.00,0.00,0.00,0.00,0.00,0.00,0.00,0.00,0.00,0.00,0.00,0.00,0.00,0.00,0.00,..,..,..,..,..,..,..,..,..,..
"Mongo [Mungbean], yellow, shiny",..REGION VI (WESTERN VISAYAS),58.99,55.82,53.32,52.33,52.95,57.13,52.17,67.32,65.10,70.86,59.11,58.99,58.67,69.05,68.92,64.00,61.05,61.19,63.52,64.24,72.59,71.90,67.29,67.78,69.22,66.73,63.99,61.88,57.74,53.66,55.53,56.86,60.56,61.70,64.34,63.04,62.33,61.53,60.26,60.80,56.99,56.44,52.70,49.56,49.75,51.00,54.15,57.79,57.76,67.46,69.38,56.98,73.08,64.99,61.63,53.11,51.67,53.48,53.99,55.53,60.09,66.09,62.20,66.84,60.23,66.82,65.49,56.44,53.07,56.12,52.43,54.17,54.41,61.16,60.81,65.94,68.49,59.61,64.66,63.77,59.29,55.88,55.32,57.35,64.23,62.19,64.13,67.29,73.88,68.93,63.08,65.12,66.30,61.48,58.85,62.15,67.27,67.94,65.18,79.81,61.18,70.35,70.97,66.38,73.59,69.23,64.51,61.42,59.21,57.25,59.02,59.21,69.66,64.24,63.85,69.10,64.19,66.80,68.55,61.30,60.83,62.10,74.34,74.71,79.07,81.52,83.75,84.21,74.13,72.61,72.27,68.94,74.94,65.44,64.71,60.34,65.50,62.84,70.46,67.14,57.98,72.26,66.90,72.97,76.56,70.68,62.52,65.24,62.92,73.27,71.74,74.94,70.69,72.68,75.72,70.83,76.70,81.60,74.90,64.42,62.49,66.86,74.15,73.91,75.60,75.94,79.44,77.31,73.61,87.95,91.88,78.87,72.75,66.94,72.07,77.59,80.74,80.37,80.65,90.39,85.57,80.48,88.33,90.75,90.00,95.00,120.00,120.00,70.00,70.00,70.00,59.46,72.11,0.00,85.97,95.00,95.00,58.52,105.00,104.50,89.33,100.00,100.00,80.00,88.89,90.00,90.00,91.35,87.50,80.47,90.00,..,..,..,..,..,..,..,..,..,..
"Mongo [Mungbean], yellow, shiny",..NEGROS ISLAND REGION (NIR) 2/,0.00,0.00,0.00,0.00,0.00,0.00,0.00,0.00,0.00,0.00,0.00,0.00,0.00,0.00,0.00,0.00,0.00,0.00,0.00,0.00,0.00,0.00,0.00,0.00,0.00,0.00,0.00,0.00,0.00,0.00,0.00,0.00,0.00,0.00,0.00,0.00,0.00,0.00,0.00,0.00,0.00,0.00,0.00,0.00,0.00,0.00,0.00,0.00,0.00,0.00,0.00,0.00,0.00,0.00,0.00,0.00,0.00,0.00,0.00,0.00,0.00,0.00,0.00,0.00,0.00,0.00,0.00,0.00,0.00,0.00,0.00,0.00,0.00,0.00,0.00,0.00,0.00,0.00,0.00,0.00,0.00,0.00,0.00,0.00,0.00,0.00,0.00,0.00,0.00,0.00,0.00,0.00,0.00,0.00,0.00,0.00,0.00,0.00,0.00,0.00,0.00,0.00,0.00,0.00,0.00,0.00,0.00,0.00,0.00,0.00,0.00,0.00,0.00,0.00,0.00,0.00,0.00,0.00,0.00,0.00,0.00,0.00,0.00,0.00,0.00,0.00,0.00,0.00,0.00,0.00,0.00,0.00,0.00,0.00,0.00,0.00,0.00,0.00,0.00,0.00,0.00,0.00,0.00,0.00,0.00,0.00,0.00,0.00,0.00,0.00,0.00,0.00,0.00,0.00,0.00,0.00,0.00,0.00,0.00,0.00,0.00,0.00,0.00,0.00,0.00,0.00,0.00,0.00,0.00,0.00,0.00,0.00,0.00,0.00,0.00,0.00,0.00,0.00,0.00,0.00,0.00,0.00,0.00,85.00,0.00,0.00,0.00,0.00,0.00,0.00,57.50,0.00,0.00,0.00,71.25,0.00,85.00,0.00,0.00,0.00,0.00,0.00,0.00,0.00,0.00,0.00,0.00,85.00,0.00,85.00,0.00,..,..,..,..,..,..,..,..,..,..
"Onion, yellow granex (Bermuda white)",PHILIPPINES,19.05,14.08,10.00,10.00,8.71,0.00,0.00,0.00,0.00,0.00,0.00,0.00,12.37,31.08,20.77,16.80,36.94,0.00,0.00,0.00,0.00,0.00,0.00,0.00,0.00,26.40,26.67,22.09,21.85,21.13,0.00,0.00,0.00,0.00,0.00,0.00,0.00,0.00,22.94,41.22,18.37,21.25,18.53,60.00,0.00,0.00,0.00,0.00,0.00,0.00,0.00,31.87,39.55,11.51,38.53,46.14,60.36,0.00,0.00,0.00,0.00,0.00,0.00,40.00,39.35,23.28,13.52,35.57,20.00,0.00,0.00,0.00,0.00,0.00,0.00,0.00,0.00,23.09,0.00,0.00,34.09,33.33,0.00,0.00,0.00,0.00,0.00,0.00,0.00,0.00,33.71,0.00,0.00,30.00,22.23,0.00,0.00,0.00,0.00,0.00,0.00,0.00,0.00,26.12,0.00,0.00,31.67,31.23,0.00,0.00,0.00,0.00,0.00,0.00,0.00,0.00,31.45,0.00,0.00,25.00,28.00,25.00,0.00,0.00,0.00,0.00,0.00,0.00,0.00,26.00,0.00,0.00,0.00,62.76,0.00,0.00,0.00,0.00,0.00,0.00,0.00,0.00,62.76,0.00,0.00,20.00,50.00,50.57,0.00,0.00,0.00,0.00,0.00,0.00,0.00,40.19,0.00,20.00,14.00,20.00,25.56,0.00,0.00,0.00,0.00,0.00,0.00,0.00,19.89,0.00,0.00,0.00,0.00,0.00,0.00,0.00,0.00,0.00,0.00,0.00,0.00,0.00,27.50,35.34,36.36,0.00,0.00,0.00,0.00,0.00,0.00,0.00,0.00,0.00,33.07,118.89,51.37,32.04,50.00,57.50,40.00,0.00,0.00,0.00,0.00,0.00,0.00,58.30,37.50,40.00,28.00,..,..,..,..,..,..,..,..,..,..
"Onion, yellow granex (Bermuda white)",..CORDILLERA ADMINISTRATIVE REGION (CAR),0.00,0.00,0.00,0.00,0.00,0.00,0.00,0.00,0.00,0.00,0.00,0.00,0.00,0.00,0.00,0.00,0.00,0.00,0.00,0.00,0.00,0.00,0.00,0.00,0.00,0.00,0.00,0.00,0.00,0.00,0.00,0.00,0.00,0.00,0.00,0.00,0.00,0.00,0.00,0.00,0.00,0.00,0.00,0.00,0.00,0.00,0.00,0.00,0.00,0.00,0.00,0.00,0.00,0.00,0.00,0.00,0.00,0.00,0.00,0.00,0.00,0.00,0.00,0.00,0.00,0.00,0.00,0.00,0.00,0.00,0.00,0.00,0.00,0.00,0.00,0.00,0.00,0.00,0.00,0.00,0.00,0.00,0.00,0.00,0.00,0.00,0.00,0.00,0.00,0.00,0.00,0.00,0.00,0.00,0.00,0.00,0.00,0.00,0.00,0.00,0.00,0.00,0.00,0.00,0.00,0.00,0.00,0.00,0.00,0.00,0.00,0.00,0.00,0.00,0.00,0.00,0.00,0.00,0.00,0.00,0.00,0.00,0.00,0.00,0.00,0.00,0.00,0.00,0.00,0.00,0.00,0.00,0.00,0.00,0.00,0.00,0.00,0.00,0.00,0.00,0.00,0.00,0.00,0.00,0.00,0.00,0.00,0.00,0.00,0.00,0.00,0.00,0.00,0.00,0.00,0.00,0.00,0.00,0.00,0.00,0.00,0.00,0.00,0.00,0.00,0.00,0.00,0.00,0.00,0.00,0.00,0.00,0.00,0.00,0.00,0.00,0.00,0.00,0.00,0.00,0.00,0.00,0.00,0.00,0.00,0.00,0.00,0.00,0.00,0.00,0.00,0.00,0.00,0.00,0.00,0.00,0.00,0.00,0.00,0.00,0.00,0.00,0.00,0.00,0.00,0.00,0.00,0.00,0.00,0.00,0.00,..,..,..,..,..,..,..,..,..,..
"Onion, yellow granex (Bermuda white)",..REGION I (ILOCOS REGION),19.05,13.16,5.00,0.00,0.00,0.00,0.00,0.00,0.00,0.00,0.00,0.00,12.40,31.08,20.77,14.79,36.94,0.00,0.00,0.00,0.00,0.00,0.00,0.00,0.00,25.90,26.67,22.09,19.56,0.00,0.00,0.00,0.00,0.00,0.00,0.00,0.00,0.00,22.77,15.77,18.37,0.00,0.00,0.00,0.00,0.00,0.00,0.00,0.00,0.00,0.00,17.07,39.55,11.51,10.58,0.00,0.00,0.00,0.00,0.00,0.00,0.00,0.00,0.00,20.55,23.28,13.52,16.13,0.00,0.00,0.00,0.00,0.00,0.00,0.00,0.00,0.00,17.64,0.00,0.00,0.00,0.00,0.00,0.00,0.00,0.00,0.00,0.00,0.00,0.00,0.00,0.00,0.00,0.00,0.00,0.00,0.00,0.00,0.00,0.00,0.00,0.00,0.00,0.00,0.00,0.00,0.00,0.00,0.00,0.00,0.00,0.00,0.00,0.00,0.00,0.00,0.00,0.00,0.00,0.00,0.00,0.00,0.00,0.00,0.00,0.00,0.00,0.00,0.00,0.00,0.00,0.00,0.00,0.00,0.00,0.00,0.00,0.00,0.00,0.00,0.00,0.00,0.00,0.00,0.00,0.00,0.00,0.00,0.00,0.00,0.00,0.00,0.00,0.00,0.00,0.00,0.00,0.00,0.00,0.00,0.00,0.00,0.00,0.00,0.00,0.00,0.00,0.00,0.00,0.00,0.00,0.00,0.00,0.00,0.00,0.00,0.00,0.00,0.00,0.00,0.00,0.00,35.00,39.67,40.00,0.00,0.00,0.00,0.00,0.00,0.00,0.00,0.00,0.00,38.22,0.00,50.00,0.00,40.00,50.00,60.00,0.00,0.00,0.00,0.00,0.00,0.00,50.00,37.50,40.00,32.95,..,..,..,..,..,..,..,..,..,..
"Onion, yellow granex (Bermuda white)",..REGION II (CAGAYAN VALLEY),0.00,0.00,0.00,0.00,0.00,0.00,0.00,0.00,0.00,0.00,0.00,0.00,0.00,0.00,0.00,0.00,0.00,0.00,0.00,0.00,0.00,0.00,0.00,0.00,0.00,0.00,0.00,0.00,0.00,0.00,0.00,0.00,0.00,0.00,0.00,0.00,0.00,0.00,0.00,0.00,0.00,0.00,0.00,0.00,0.00,0.00,0.00,0.00,0.00,0.00,0.00,0.00,0.00,0.00,0.00,0.00,0.00,0.00,0.00,0.00,0.00,0.00,0.00,0.00,0.00,0.00,0.00,0.00,0.00,0.00,0.00,0.00,0.00,0.00,0.00,0.00,0.00,0.00,0.00,0.00,0.00,0.00,0.00,0.00,0.00,0.00,0.00,0.00,0.00,0.00,0.00,0.00,0.00,0.00,0.00,0.00,0.00,0.00,0.00,0.00,0.00,0.00,0.00,0.00,0.00,0.00,0.00,0.00,0.00,0.00,0.00,0.00,0.00,0.00,0.00,0.00,0.00,0.00,0.00,0.00,0.00,0.00,0.00,0.00,0.00,0.00,0.00,0.00,0.00,0.00,0.00,0.00,0.00,0.00,0.00,0.00,0.00,0.00,0.00,0.00,0.00,0.00,0.00,0.00,0.00,0.00,0.00,0.00,0.00,0.00,0.00,0.00,0.00,0.00,0.00,0.00,0.00,0.00,0.00,0.00,0.00,0.00,0.00,0.00,0.00,0.00,0.00,0.00,0.00,0.00,0.00,0.00,0.00,0.00,0.00,0.00,0.00,0.00,0.00,0.00,0.00,0.00,0.00,0.00,0.00,0.00,0.00,0.00,0.00,0.00,0.00,0.00,0.00,0.00,0.00,0.00,0.00,0.00,0.00,0.00,0.00,0.00,0.00,0.00,0.00,0.00,0.00,0.00,0.00,0.00,0.00,..,..,..,..,..,..,..,..,..,..
"Onion, yellow granex (Bermuda white)",..REGION III (CENTRAL LUZON),0.00,0.00,0.00,0.00,0.00,0.00,0.00,0.00,0.00,0.00,0.00,0.00,0.00,0.00,0.00,0.00,0.00,0.00,0.00,0.00,0.00,0.00,0.00,0.00,0.00,0.00,0.00,0.00,0.00,0.00,0.00,0.00,0.00,0.00,0.00,0.00,0.00,0.00,0.00,0.00,0.00,0.00,0.00,0.00,0.00,0.00,0.00,0.00,0.00,0.00,0.00,0.00,0.00,0.00,0.00,0.00,0.00,0.00,0.00,0.00,0.00,0.00,0.00,0.00,0.00,0.00,0.00,0.00,0.00,0.00,0.00,0.00,0.00,0.00,0.00,0.00,0.00,0.00,0.00,0.00,0.00,0.00,0.00,0.00,0.00,0.00,0.00,0.00,0.00,0.00,0.00,0.00,0.00,0.00,0.00,0.00,0.00,0.00,0.00,0.00,0.00,0.00,0.00,0.00,0.00,0.00,0.00,0.00,0.00,0.00,0.00,0.00,0.00,0.00,0.00,0.00,0.00,0.00,0.00,0.00,0.00,0.00,0.00,0.00,0.00,0.00,0.00,0.00,0.00,0.00,0.00,0.00,0.00,0.00,0.00,0.00,0.00,0.00,0.00,0.00,0.00,0.00,0.00,0.00,0.00,20.00,50.00,0.00,0.00,0.00,0.00,0.00,0.00,0.00,0.00,35.00,0.00,20.00,14.00,20.00,0.00,0.00,0.00,0.00,0.00,0.00,0.00,0.00,18.00,0.00,0.00,0.00,0.00,0.00,0.00,0.00,0.00,0.00,0.00,0.00,0.00,0.00,20.00,31.02,32.72,0.00,0.00,0.00,0.00,0.00,0.00,0.00,0.00,0.00,27.91,118.89,51.38,32.04,0.00,0.00,40.00,0.00,0.00,0.00,0.00,0.00,0.00,60.58,0.00,35.00,27.75,..,..,..,..,..,..,..,..,..,..
"Onion, yellow granex (Bermuda white)",..REGION IV-A (CALABARZON),0.00,15.00,15.00,10.00,8.71,0.00,0.00,0.00,0.00,0.00,0.00,0.00,12.18,0.00,0.00,18.80,0.00,0.00,0.00,0.00,0.00,0.00,0.00,0.00,0.00,18.80,0.00,0.00,24.13,21.13,0.00,0.00,0.00,0.00,0.00,0.00,0.00,0.00,22.63,0.00,0.00,21.25,18.53,0.00,0.00,0.00,0.00,0.00,0.00,0.00,0.00,19.89,0.00,0.00,25.00,15.90,0.00,0.00,0.00,0.00,0.00,0.00,0.00,0.00,20.45,0.00,0.00,55.00,20.00,0.00,0.00,0.00,0.00,0.00,0.00,0.00,0.00,37.50,0.00,0.00,34.09,33.33,0.00,0.00,0.00,0.00,0.00,0.00,0.00,0.00,33.71,0.00,0.00,30.00,22.23,0.00,0.00,0.00,0.00,0.00,0.00,0.00,0.00,26.12,0.00,0.00,31.67,31.23,0.00,0.00,0.00,0.00,0.00,0.00,0.00,0.00,31.45,0.00,0.00,25.00,28.00,25.00,0.00,0.00,0.00,0.00,0.00,0.00,0.00,26.00,0.00,0.00,0.00,62.76,0.00,0.00,0.00,0.00,0.00,0.00,0.00,0.00,62.76,0.00,0.00,0.00,0.00,50.57,0.00,0.00,0.00,0.00,0.00,0.00,0.00,50.57,0.00,0.00,0.00,0.00,25.56,0.00,0.00,0.00,0.00,0.00,0.00,0.00,25.56,0.00,0.00,0.00,0.00,0.00,0.00,0.00,0.00,0.00,0.00,0.00,0.00,0.00,0.00,0.00,50.00,0.00,0.00,0.00,0.00,0.00,0.00,0.00,0.00,0.00,50.00,0.00,0.00,0.00,0.00,0.00,0.00,0.00,0.00,0.00,0.00,0.00,0.00,0.00,0.00,0.00,0.00,..,..,..,..,..,..,..,..,..,..
"Onion, yellow granex (Bermuda white)",..MIMAROPA REGION,0.00,0.00,0.00,0.00,0.00,0.00,0.00,0.00,0.00,0.00,0.00,0.00,0.00,0.00,0.00,0.00,0.00,0.00,0.00,0.00,0.00,0.00,0.00,0.00,0.00,0.00,0.00,0.00,0.00,0.00,0.00,0.00,0.00,0.00,0.00,0.00,0.00,0.00,0.00,0.00,0.00,0.00,0.00,0.00,0.00,0.00,0.00,0.00,0.00,0.00,0.00,0.00,0.00,0.00,0.00,0.00,0.00,0.00,0.00,0.00,0.00,0.00,0.00,0.00,0.00,0.00,0.00,0.00,0.00,0.00,0.00,0.00,0.00,0.00,0.00,0.00,0.00,0.00,0.00,0.00,0.00,0.00,0.00,0.00,0.00,0.00,0.00,0.00,0.00,0.00,0.00,0.00,0.00,0.00,0.00,0.00,0.00,0.00,0.00,0.00,0.00,0.00,0.00,0.00,0.00,0.00,0.00,0.00,0.00,0.00,0.00,0.00,0.00,0.00,0.00,0.00,0.00,0.00,0.00,0.00,0.00,0.00,0.00,0.00,0.00,0.00,0.00,0.00,0.00,0.00,0.00,0.00,0.00,0.00,0.00,0.00,0.00,0.00,0.00,0.00,0.00,0.00,0.00,0.00,0.00,0.00,0.00,0.00,0.00,0.00,0.00,0.00,0.00,0.00,0.00,0.00,0.00,0.00,0.00,0.00,0.00,0.00,0.00,0.00,0.00,0.00,0.00,0.00,0.00,0.00,0.00,0.00,0.00,0.00,0.00,0.00,0.00,0.00,0.00,0.00,0.00,0.00,0.00,0.00,0.00,0.00,0.00,0.00,0.00,0.00,0.00,0.00,0.00,0.00,0.00,0.00,0.00,0.00,60.00,65.00,0.00,0.00,0.00,0.00,0.00,0.00,0.00,62.50,0.00,0.00,45.00,..,..,..,..,..,..,..,..,..,..
"Onion, yellow granex (Bermuda white)",..REGION V (BICOL REGION),0.00,0.00,0.00,0.00,0.00,0.00,0.00,0.00,0.00,0.00,0.00,0.00,0.00,0.00,0.00,0.00,0.00,0.00,0.00,0.00,0.00,0.00,0.00,0.00,0.00,0.00,0.00,0.00,0.00,0.00,0.00,0.00,0.00,0.00,0.00,0.00,0.00,0.00,0.00,0.00,0.00,0.00,0.00,0.00,0.00,0.00,0.00,0.00,0.00,0.00,0.00,0.00,0.00,0.00,0.00,0.00,0.00,0.00,0.00,0.00,0.00,0.00,0.00,0.00,0.00,0.00,0.00,0.00,0.00,0.00,0.00,0.00,0.00,0.00,0.00,0.00,0.00,0.00,0.00,0.00,0.00,0.00,0.00,0.00,0.00,0.00,0.00,0.00,0.00,0.00,0.00,0.00,0.00,0.00,0.00,0.00,0.00,0.00,0.00,0.00,0.00,0.00,0.00,0.00,0.00,0.00,0.00,0.00,0.00,0.00,0.00,0.00,0.00,0.00,0.00,0.00,0.00,0.00,0.00,0.00,0.00,0.00,0.00,0.00,0.00,0.00,0.00,0.00,0.00,0.00,0.00,0.00,0.00,0.00,0.00,0.00,0.00,0.00,0.00,0.00,0.00,0.00,0.00,0.00,0.00,0.00,0.00,0.00,0.00,0.00,0.00,0.00,0.00,0.00,0.00,0.00,0.00,0.00,0.00,0.00,0.00,0.00,0.00,0.00,0.00,0.00,0.00,0.00,0.00,0.00,0.00,0.00,0.00,0.00,0.00,0.00,0.00,0.00,0.00,0.00,0.00,0.00,0.00,0.00,0.00,0.00,0.00,0.00,0.00,0.00,0.00,0.00,0.00,0.00,0.00,0.00,0.00,0.00,0.00,0.00,0.00,0.00,0.00,0.00,0.00,0.00,0.00,0.00,0.00,0.00,0.00,..,..,..,..,..,..,..,..,..,..
"Onion, yellow granex (Bermuda white)",..REGION VI (WESTERN VISAYAS),0.00,0.00,0.00,0.00,0.00,0.00,0.00,0.00,0.00,0.00,0.00,0.00,0.00,0.00,0.00,0.00,0.00,0.00,0.00,0.00,0.00,0.00,0.00,0.00,0.00,0.00,0.00,0.00,0.00,0.00,0.00,0.00,0.00,0.00,0.00,0.00,0.00,0.00,0.00,0.00,0.00,0.00,0.00,0.00,0.00,0.00,0.00,0.00,0.00,0.00,0.00,0.00,0.00,0.00,0.00,0.00,0.00,0.00,0.00,0.00,0.00,0.00,0.00,0.00,0.00,0.00,0.00,0.00,0.00,0.00,0.00,0.00,0.00,0.00,0.00,0.00,0.00,0.00,0.00,0.00,0.00,0.00,0.00,0.00,0.00,0.00,0.00,0.00,0.00,0.00,0.00,0.00,0.00,0.00,0.00,0.00,0.00,0.00,0.00,0.00,0.00,0.00,0.00,0.00,0.00,0.00,0.00,0.00,0.00,0.00,0.00,0.00,0.00,0.00,0.00,0.00,0.00,0.00,0.00,0.00,0.00,0.00,0.00,0.00,0.00,0.00,0.00,0.00,0.00,0.00,0.00,0.00,0.00,0.00,0.00,0.00,0.00,0.00,0.00,0.00,0.00,0.00,0.00,0.00,0.00,0.00,0.00,0.00,0.00,0.00,0.00,0.00,0.00,0.00,0.00,0.00,0.00,0.00,0.00,0.00,0.00,0.00,0.00,0.00,0.00,0.00,0.00,0.00,0.00,0.00,0.00,0.00,0.00,0.00,0.00,0.00,0.00,0.00,0.00,0.00,0.00,0.00,0.00,0.00,0.00,0.00,0.00,0.00,0.00,0.00,0.00,0.00,0.00,0.00,0.00,0.00,0.00,0.00,0.00,0.00,0.00,0.00,0.00,0.00,0.00,0.00,0.00,0.00,0.00,0.00,0.00,..,..,..,..,..,..,..,..,..,..
"Onion, yellow granex (Bermuda white)",..NEGROS ISLAND REGION (NIR) 2/,0.00,0.00,0.00,0.00,0.00,0.00,0.00,0.00,0.00,0.00,0.00,0.00,0.00,0.00,0.00,0.00,0.00,0.00,0.00,0.00,0.00,0.00,0.00,0.00,0.00,0.00,0.00,0.00,0.00,0.00,0.00,0.00,0.00,0.00,0.00,0.00,0.00,0.00,0.00,0.00,0.00,0.00,0.00,0.00,0.00,0.00,0.00,0.00,0.00,0.00,0.00,0.00,0.00,0.00,0.00,0.00,0.00,0.00,0.00,0.00,0.00,0.00,0.00,0.00,0.00,0.00,0.00,0.00,0.00,0.00,0.00,0.00,0.00,0.00,0.00,0.00,0.00,0.00,0.00,0.00,0.00,0.00,0.00,0.00,0.00,0.00,0.00,0.00,0.00,0.00,0.00,0.00,0.00,0.00,0.00,0.00,0.00,0.00,0.00,0.00,0.00,0.00,0.00,0.00,0.00,0.00,0.00,0.00,0.00,0.00,0.00,0.00,0.00,0.00,0.00,0.00,0.00,0.00,0.00,0.00,0.00,0.00,0.00,0.00,0.00,0.00,0.00,0.00,0.00,0.00,0.00,0.00,0.00,0.00,0.00,0.00,0.00,0.00,0.00,0.00,0.00,0.00,0.00,0.00,0.00,0.00,0.00,0.00,0.00,0.00,0.00,0.00,0.00,0.00,0.00,0.00,0.00,0.00,0.00,0.00,0.00,0.00,0.00,0.00,0.00,0.00,0.00,0.00,0.00,0.00,0.00,0.00,0.00,0.00,0.00,0.00,0.00,0.00,0.00,0.00,0.00,0.00,0.00,0.00,0.00,0.00,0.00,0.00,0.00,0.00,0.00,0.00,0.00,0.00,0.00,0.00,0.00,0.00,0.00,0.00,0.00,0.00,0.00,0.00,0.00,0.00,0.00,0.00,0.00,0.00,0.00,..,..,..,..,..,..,..,..,..,..
"Onion, red creole (Bermuda red)",PHILIPPINES,43.49,20.25,13.09,12.91,12.02,17.55,22.89,30.57,31.37,37.76,39.90,49.71,27.63,51.26,69.80,28.93,31.73,37.72,37.67,42.12,56.49,61.49,69.36,79.21,77.52,53.61,54.98,28.56,24.89,30.89,34.78,45.36,59.62,72.96,78.43,75.55,79.91,82.03,55.66,55.12,24.41,21.19,21.03,35.30,26.18,30.11,48.76,37.15,38.99,56.91,63.60,38.23,53.66,37.51,28.78,26.95,35.95,15.83,26.64,31.52,53.12,41.63,46.86,50.24,37.39,38.37,17.91,16.66,27.58,36.08,20.14,25.55,29.49,33.57,37.73,44.35,70.75,33.18,63.27,26.69,35.64,41.09,46.69,49.56,48.40,76.31,85.19,81.33,43.13,46.32,53.64,43.88,31.03,27.54,25.50,27.23,40.05,46.30,51.34,52.96,54.54,66.19,0.00,42.41,61.89,48.81,36.76,41.63,37.80,44.97,49.19,62.46,0.00,57.92,0.00,65.00,50.64,43.10,35.27,21.99,20.14,20.79,23.32,27.37,20.00,0.00,0.00,179.17,0.00,43.46,97.53,40.24,35.77,40.01,39.06,56.82,70.00,0.00,0.00,0.00,0.00,0.00,54.20,55.66,65.16,49.80,47.34,50.46,50.71,0.00,0.00,62.90,0.00,0.00,0.00,54.58,90.13,31.11,39.67,38.84,80.18,50.63,0.00,0.00,0.00,0.00,0.00,334.88,95.06,215.82,117.37,65.26,78.22,99.34,106.96,0.00,0.00,0.00,0.00,0.00,0.00,113.83,81.60,64.74,58.96,37.92,92.79,100.17,0.00,0.00,0.00,0.00,0.00,0.00,72.70,64.48,72.76,49.02,46.13,50.56,63.62,0.00,51.89,0.00,53.51,52.50,70.00,57.45,44.18,44.36,35.10,..,..,..,..,..,..,..,..,..,..
"Onion, red creole (Bermuda red)",..CORDILLERA ADMINISTRATIVE REGION (CAR),0.00,0.00,0.00,0.00,0.00,0.00,0.00,0.00,0.00,0.00,0.00,0.00,0.00,0.00,0.00,0.00,0.00,0.00,0.00,0.00,0.00,0.00,0.00,0.00,0.00,0.00,0.00,0.00,0.00,0.00,0.00,0.00,0.00,0.00,0.00,0.00,0.00,0.00,0.00,0.00,0.00,0.00,0.00,0.00,0.00,0.00,0.00,0.00,0.00,0.00,0.00,0.00,0.00,0.00,0.00,0.00,0.00,0.00,0.00,0.00,0.00,0.00,0.00,0.00,0.00,0.00,0.00,0.00,0.00,0.00,0.00,0.00,0.00,0.00,0.00,0.00,0.00,0.00,0.00,0.00,0.00,0.00,0.00,0.00,0.00,0.00,0.00,0.00,0.00,0.00,0.00,0.00,0.00,0.00,0.00,0.00,0.00,0.00,0.00,0.00,0.00,0.00,0.00,0.00,0.00,0.00,0.00,0.00,0.00,0.00,0.00,0.00,0.00,0.00,0.00,0.00,0.00,0.00,0.00,0.00,0.00,0.00,0.00,0.00,0.00,0.00,0.00,0.00,0.00,0.00,0.00,0.00,0.00,0.00,0.00,0.00,0.00,0.00,0.00,0.00,0.00,0.00,0.00,0.00,0.00,0.00,0.00,0.00,0.00,0.00,0.00,0.00,0.00,0.00,0.00,0.00,0.00,0.00,0.00,0.00,0.00,0.00,0.00,0.00,0.00,0.00,0.00,0.00,0.00,0.00,0.00,0.00,0.00,0.00,0.00,0.00,0.00,0.00,0.00,0.00,0.00,0.00,0.00,0.00,0.00,0.00,0.00,0.00,0.00,0.00,0.00,0.00,0.00,0.00,0.00,0.00,0.00,0.00,0.00,0.00,0.00,0.00,0.00,0.00,0.00,0.00,0.00,0.00,0.00,0.00,0.00,..,..,..,..,..,..,..,..,..,..
"Onion, red creole (Bermuda red)",..REGION I (ILOCOS REGION),0.00,18.43,13.12,13.75,0.00,0.00,0.00,0.00,0.00,0.00,0.00,0.00,15.10,47.99,52.44,31.54,38.13,0.00,0.00,0.00,0.00,0.00,0.00,0.00,0.00,42.53,45.65,29.34,27.34,32.00,0.00,0.00,0.00,0.00,0.00,0.00,0.00,0.00,33.58,31.02,20.52,21.82,25.65,0.00,25.65,0.00,0.00,0.00,0.00,0.00,0.00,24.93,40.82,21.19,17.87,12.08,0.00,0.00,0.00,0.00,0.00,0.00,0.00,0.00,22.99,36.14,15.76,14.78,0.00,0.00,0.00,0.00,0.00,0.00,0.00,0.00,0.00,22.23,50.18,35.11,36.71,0.00,0.00,0.00,0.00,0.00,0.00,0.00,0.00,0.00,40.67,48.58,30.33,23.87,0.00,0.00,0.00,0.00,0.00,0.00,0.00,0.00,0.00,34.26,43.16,34.87,40.35,0.00,0.00,0.00,0.00,0.00,0.00,0.00,0.00,0.00,39.46,40.53,30.07,26.85,29.35,22.38,0.00,0.00,0.00,0.00,0.00,0.00,0.00,29.84,55.25,37.39,37.74,47.29,0.00,0.00,0.00,0.00,0.00,0.00,0.00,0.00,44.42,60.45,62.49,47.70,53.11,54.61,0.00,0.00,0.00,0.00,0.00,0.00,0.00,55.67,84.73,40.13,26.61,23.65,0.00,0.00,0.00,0.00,0.00,0.00,0.00,310.34,97.09,227.30,72.17,56.27,54.93,0.00,0.00,0.00,0.00,0.00,0.00,0.00,0.00,102.67,32.19,40.11,46.47,29.85,70.00,70.00,0.00,0.00,0.00,0.00,0.00,50.00,48.37,64.48,85.76,49.50,53.18,80.00,58.33,0.00,0.00,0.00,0.00,80.00,70.00,67.66,64.93,54.63,40.90,..,..,..,..,..,..,..,..,..,..
"Onion, red creole (Bermuda red)",..REGION II (CAGAYAN VALLEY),0.00,0.00,14.87,14.40,0.00,0.00,0.00,0.00,0.00,0.00,0.00,0.00,14.64,0.00,0.00,25.52,23.88,0.00,0.00,0.00,0.00,0.00,0.00,0.00,0.00,24.70,0.00,0.00,22.84,25.52,0.00,0.00,0.00,0.00,0.00,0.00,0.00,0.00,24.18,0.00,0.00,20.16,18.92,0.00,0.00,0.00,0.00,0.00,0.00,0.00,0.00,19.54,0.00,0.00,18.82,18.88,0.00,0.00,0.00,0.00,0.00,0.00,0.00,0.00,18.85,0.00,0.00,13.17,21.24,0.00,0.00,0.00,0.00,0.00,0.00,0.00,0.00,17.21,0.00,21.07,32.76,39.26,0.00,0.00,0.00,0.00,0.00,0.00,0.00,0.00,31.03,0.00,0.00,24.30,22.97,0.00,0.00,0.00,0.00,0.00,0.00,0.00,0.00,23.64,0.00,0.00,35.97,39.87,0.00,0.00,0.00,0.00,0.00,0.00,0.00,0.00,37.92,0.00,0.00,15.14,12.04,0.00,0.00,0.00,0.00,0.00,0.00,0.00,0.00,13.59,0.00,0.00,29.54,36.25,0.00,0.00,0.00,0.00,0.00,0.00,0.00,0.00,32.90,0.00,0.00,50.57,46.65,0.00,0.00,0.00,0.00,62.90,0.00,0.00,0.00,53.37,0.00,0.00,94.64,85.26,171.67,0.00,0.00,0.00,0.00,0.00,0.00,0.00,117.19,0.00,181.86,94.95,94.25,102.21,0.00,0.00,0.00,0.00,0.00,0.00,0.00,118.32,0.00,45.00,34.67,60.00,0.00,0.00,0.00,0.00,0.00,0.00,0.00,0.00,46.56,0.00,50.00,53.63,49.31,39.50,35.00,0.00,0.00,0.00,0.00,0.00,0.00,45.49,0.00,48.00,34.00,..,..,..,..,..,..,..,..,..,..
"Onion, red creole (Bermuda red)",..REGION III (CENTRAL LUZON),0.00,22.52,9.89,11.37,11.10,0.00,0.00,0.00,0.00,0.00,0.00,0.00,13.72,0.00,54.30,27.29,31.94,39.89,0.00,0.00,0.00,0.00,0.00,0.00,0.00,38.36,0.00,30.47,25.85,32.28,0.00,0.00,0.00,0.00,0.00,0.00,0.00,0.00,29.53,0.00,0.00,18.44,21.13,0.00,0.00,0.00,0.00,0.00,0.00,0.00,0.00,19.79,0.00,22.14,13.85,14.96,0.00,0.00,0.00,0.00,0.00,0.00,0.00,0.00,16.98,0.00,18.78,12.45,20.41,0.00,0.00,0.00,0.00,0.00,0.00,0.00,0.00,17.21,0.00,18.00,37.44,40.19,0.00,0.00,0.00,0.00,0.00,0.00,0.00,0.00,31.88,0.00,28.26,26.14,28.42,0.00,0.00,0.00,0.00,0.00,0.00,0.00,0.00,27.61,0.00,32.85,33.32,39.44,0.00,0.00,0.00,0.00,0.00,0.00,0.00,0.00,35.20,0.00,27.92,20.36,17.64,0.00,0.00,0.00,0.00,0.00,0.00,0.00,0.00,21.97,0.00,27.44,31.74,29.50,23.49,0.00,0.00,0.00,0.00,0.00,0.00,0.00,28.04,0.00,73.99,50.94,41.39,43.59,0.00,0.00,0.00,0.00,0.00,0.00,0.00,52.48,0.00,29.17,24.61,26.00,0.00,0.00,0.00,0.00,0.00,0.00,0.00,359.42,109.80,217.86,68.51,62.43,88.45,129.95,0.00,0.00,0.00,0.00,0.00,0.00,0.00,113.44,67.50,36.07,39.77,36.68,0.00,0.00,0.00,0.00,0.00,0.00,0.00,0.00,45.00,0.00,75.88,48.98,0.00,50.00,65.00,0.00,0.00,0.00,0.00,0.00,0.00,59.97,40.00,43.50,35.08,..,..,..,..,..,..,..,..,..,..
"Onion, red creole (Bermuda red)",..REGION IV-A (CALABARZON),0.00,0.00,0.00,0.00,0.00,0.00,0.00,0.00,0.00,0.00,0.00,0.00,0.00,0.00,0.00,0.00,0.00,0.00,0.00,0.00,0.00,0.00,0.00,0.00,0.00,0.00,0.00,0.00,0.00,0.00,0.00,0.00,0.00,0.00,0.00,0.00,0.00,0.00,0.00,0.00,0.00,0.00,0.00,0.00,0.00,0.00,0.00,0.00,0.00,0.00,0.00,0.00,0.00,0.00,0.00,0.00,0.00,0.00,0.00,0.00,0.00,0.00,0.00,0.00,0.00,0.00,0.00,0.00,0.00,0.00,0.00,0.00,0.00,0.00,0.00,0.00,0.00,0.00,0.00,0.00,0.00,0.00,0.00,0.00,0.00,0.00,0.00,0.00,0.00,0.00,0.00,0.00,30.00,31.56,0.00,0.00,0.00,0.00,0.00,0.00,0.00,0.00,0.00,30.78,0.00,0.00,40.00,50.00,0.00,0.00,0.00,0.00,0.00,0.00,0.00,0.00,45.00,0.00,48.55,0.00,0.00,0.00,0.00,0.00,0.00,0.00,0.00,0.00,0.00,48.55,0.00,59.94,0.00,0.00,0.00,0.00,0.00,0.00,0.00,0.00,0.00,0.00,59.94,50.87,64.17,48.57,0.00,0.00,0.00,0.00,0.00,0.00,0.00,0.00,0.00,54.54,60.00,0.00,0.00,0.00,0.00,0.00,0.00,0.00,0.00,0.00,0.00,0.00,60.00,267.68,200.00,71.85,0.00,0.00,80.00,0.00,0.00,0.00,0.00,0.00,0.00,154.88,135.00,128.00,99.25,130.00,127.65,132.45,0.00,0.00,0.00,0.00,0.00,0.00,125.39,0.00,0.00,142.10,0.00,0.00,0.00,0.00,0.00,0.00,0.00,0.00,0.00,142.10,0.00,114.43,114.57,..,..,..,..,..,..,..,..,..,..
"Onion, red creole (Bermuda red)",..MIMAROPA REGION,43.49,19.81,11.19,9.49,9.43,17.55,22.89,30.57,31.37,37.76,39.90,49.71,26.93,54.52,66.62,27.95,27.61,34.84,37.67,42.12,56.49,61.49,69.36,79.21,77.52,52.95,64.30,25.88,19.77,35.83,37.87,45.36,59.62,72.96,78.43,75.55,79.91,82.03,56.46,74.33,28.30,20.17,18.57,23.47,26.70,30.11,33.35,37.15,38.99,43.81,63.60,36.55,66.49,26.71,16.48,12.45,13.07,15.83,26.64,31.52,36.23,41.63,43.72,43.73,31.21,40.59,19.20,17.39,18.08,18.36,20.14,25.55,29.49,33.57,37.73,44.35,61.49,30.50,59.64,32.58,35.64,42.33,46.87,49.56,48.40,76.31,85.19,81.33,43.13,46.32,53.94,39.18,35.54,31.83,18.61,19.27,32.44,43.66,49.02,51.87,54.54,66.19,0.00,40.20,80.61,37.52,34.16,32.86,32.78,37.57,0.00,0.00,0.00,57.92,0.00,65.00,47.30,45.66,25.71,15.97,15.70,15.05,19.49,0.00,0.00,0.00,0.00,0.00,0.00,22.93,70.00,36.17,36.72,36.42,37.39,43.63,0.00,0.00,0.00,0.00,0.00,0.00,43.39,0.00,60.00,41.02,39.94,50.91,46.42,0.00,0.00,0.00,0.00,0.00,0.00,47.66,125.65,24.02,16.68,22.66,25.54,31.26,0.00,0.00,0.00,0.00,0.00,0.00,40.97,150.43,64.30,46.45,63.79,60.31,0.00,0.00,0.00,0.00,0.00,0.00,0.00,77.06,0.00,34.00,32.59,40.00,50.00,0.00,0.00,0.00,0.00,0.00,0.00,0.00,39.15,0.00,44.27,43.62,45.10,47.00,0.00,0.00,51.89,0.00,53.51,52.50,0.00,48.27,38.92,38.43,38.97,..,..,..,..,..,..,..,..,..,..
"Onion, red creole (Bermuda red)",..REGION V (BICOL REGION),0.00,0.00,0.00,0.00,0.00,0.00,0.00,0.00,0.00,0.00,0.00,0.00,0.00,0.00,0.00,0.00,0.00,0.00,0.00,0.00,0.00,0.00,0.00,0.00,0.00,0.00,0.00,0.00,0.00,0.00,0.00,0.00,0.00,0.00,0.00,0.00,0.00,0.00,0.00,0.00,0.00,0.00,0.00,0.00,0.00,0.00,0.00,0.00,0.00,0.00,0.00,0.00,0.00,0.00,0.00,0.00,0.00,0.00,0.00,0.00,0.00,0.00,0.00,0.00,0.00,0.00,0.00,0.00,0.00,0.00,0.00,0.00,0.00,0.00,0.00,0.00,0.00,0.00,0.00,0.00,0.00,0.00,0.00,0.00,0.00,0.00,0.00,0.00,0.00,0.00,0.00,0.00,0.00,0.00,0.00,0.00,0.00,0.00,0.00,0.00,0.00,0.00,0.00,0.00,0.00,0.00,0.00,0.00,0.00,0.00,0.00,0.00,0.00,0.00,0.00,0.00,0.00,0.00,0.00,0.00,0.00,0.00,0.00,0.00,0.00,0.00,0.00,0.00,0.00,0.00,0.00,0.00,0.00,0.00,0.00,0.00,0.00,0.00,0.00,0.00,0.00,0.00,0.00,0.00,0.00,0.00,0.00,0.00,0.00,0.00,0.00,0.00,0.00,0.00,0.00,0.00,0.00,0.00,0.00,0.00,0.00,0.00,0.00,0.00,0.00,0.00,0.00,0.00,0.00,0.00,0.00,0.00,0.00,0.00,0.00,0.00,0.00,0.00,0.00,0.00,0.00,0.00,0.00,0.00,0.00,0.00,0.00,0.00,0.00,0.00,0.00,0.00,50.00,0.00,50.00,0.00,0.00,0.00,0.00,0.00,0.00,0.00,0.00,0.00,0.00,0.00,0.00,0.00,0.00,0.00,0.00,..,..,..,..,..,..,..,..,..,..
"Onion, red creole (Bermuda red)",..REGION VI (WESTERN VISAYAS),0.00,0.00,16.39,15.53,15.52,0.00,0.00,0.00,0.00,0.00,0.00,0.00,15.81,0.00,105.84,32.36,37.08,38.42,0.00,0.00,0.00,0.00,0.00,0.00,0.00,53.43,0.00,0.00,28.65,28.83,31.69,0.00,0.00,0.00,0.00,0.00,0.00,0.00,29.72,0.00,0.00,25.38,20.87,22.43,0.00,0.00,0.00,0.00,0.00,0.00,0.00,22.89,0.00,0.00,25.65,23.32,22.45,0.00,0.00,0.00,0.00,0.00,0.00,0.00,23.81,0.00,0.00,25.50,28.15,31.28,0.00,0.00,0.00,0.00,0.00,0.00,0.00,28.31,0.00,0.00,0.00,42.56,46.51,0.00,0.00,0.00,0.00,0.00,0.00,0.00,44.54,0.00,0.00,0.00,32.00,35.18,47.65,48.94,53.65,54.05,0.00,0.00,0.00,45.25,0.00,90.00,0.00,45.98,42.81,52.36,49.19,62.46,0.00,0.00,0.00,0.00,57.13,0.00,44.09,31.64,25.95,24.95,27.14,27.37,20.00,0.00,0.00,179.17,0.00,47.54,167.35,0.00,43.13,50.60,56.29,70.00,70.00,0.00,0.00,0.00,0.00,0.00,76.23,0.00,0.00,60.00,55.59,52.74,55.00,0.00,0.00,0.00,0.00,0.00,0.00,55.83,0.00,0.00,35.81,36.64,43.33,70.00,0.00,0.00,0.00,0.00,0.00,0.00,46.45,0.00,0.00,59.62,89.67,104.89,133.92,0.00,0.00,0.00,0.00,0.00,0.00,97.03,93.33,90.00,80.00,50.00,50.00,60.00,0.00,0.00,0.00,0.00,0.00,0.00,70.56,0.00,0.00,0.00,50.00,47.48,50.00,0.00,0.00,0.00,0.00,0.00,0.00,49.16,0.00,0.00,0.00,..,..,..,..,..,..,..,..,..,..
"Onion, red creole (Bermuda red)",..NEGROS ISLAND REGION (NIR) 2/,0.00,0.00,0.00,0.00,0.00,0.00,0.00,0.00,0.00,0.00,0.00,0.00,0.00,0.00,0.00,0.00,0.00,0.00,0.00,0.00,0.00,0.00,0.00,0.00,0.00,0.00,0.00,0.00,0.00,0.00,0.00,0.00,0.00,0.00,0.00,0.00,0.00,0.00,0.00,0.00,0.00,0.00,0.00,0.00,0.00,0.00,0.00,0.00,0.00,0.00,0.00,0.00,0.00,0.00,0.00,0.00,0.00,0.00,0.00,0.00,0.00,0.00,0.00,0.00,0.00,0.00,0.00,0.00,0.00,0.00,0.00,0.00,0.00,0.00,0.00,0.00,0.00,0.00,0.00,0.00,0.00,0.00,0.00,0.00,0.00,0.00,0.00,0.00,0.00,0.00,0.00,0.00,0.00,0.00,0.00,0.00,0.00,0.00,0.00,0.00,0.00,0.00,0.00,0.00,0.00,0.00,0.00,0.00,0.00,0.00,0.00,0.00,0.00,0.00,0.00,0.00,0.00,0.00,0.00,0.00,0.00,0.00,0.00,0.00,0.00,0.00,0.00,0.00,0.00,0.00,0.00,0.00,0.00,0.00,0.00,0.00,0.00,0.00,0.00,0.00,0.00,0.00,0.00,0.00,0.00,0.00,0.00,0.00,0.00,0.00,0.00,0.00,0.00,0.00,0.00,0.00,0.00,0.00,0.00,0.00,0.00,0.00,0.00,0.00,0.00,0.00,0.00,0.00,0.00,0.00,0.00,0.00,0.00,0.00,0.00,0.00,0.00,0.00,0.00,0.00,0.00,0.00,0.00,0.00,0.00,0.00,0.00,0.00,0.00,0.00,0.00,0.00,0.00,0.00,0.00,0.00,0.00,0.00,0.00,0.00,0.00,0.00,0.00,0.00,0.00,0.00,0.00,0.00,0.00,0.00,0.00,..,..,..,..,..,..,..,..,..,..
"Onion, red shallot (Sibuyas Tagalog)",PHILIPPINES,17.45,15.58,20.86,25.85,26.35,29.47,35.57,38.65,39.99,57.74,48.90,27.81,32.02,29.29,25.53,24.40,31.90,31.94,32.56,35.08,34.52,35.09,39.20,45.68,33.92,33.26,16.14,15.22,19.91,14.59,18.93,19.03,24.91,30.19,32.67,33.58,42.93,30.73,24.90,21.80,17.10,19.91,22.42,27.15,28.46,32.19,33.14,53.72,49.68,56.70,39.89,33.51,26.77,27.40,24.07,22.56,24.08,25.30,26.87,28.15,29.92,33.95,34.71,32.95,28.06,27.96,21.72,19.04,27.70,41.20,13.18,21.90,23.04,24.57,24.47,51.54,34.82,27.60,39.24,28.76,33.32,34.01,27.01,26.22,21.21,32.42,32.33,0.00,40.96,39.98,32.31,41.67,37.34,42.24,41.98,54.98,31.95,45.09,63.57,65.20,0.00,47.01,42.51,46.69,35.22,28.92,43.17,48.96,58.01,31.45,47.69,56.67,67.50,57.08,47.88,28.20,45.90,52.79,27.00,63.52,40.83,42.24,29.95,42.50,0.00,54.95,47.33,57.55,59.41,47.10,47.65,38.64,69.86,70.32,98.20,32.39,43.37,40.00,45.35,59.13,72.95,76.26,57.84,40.67,43.54,66.76,79.45,88.22,31.84,40.00,46.70,41.12,40.00,82.76,53.43,54.54,51.89,46.98,60.50,40.47,38.89,35.00,41.42,39.29,50.00,86.68,101.02,116.80,59.08,110.98,90.43,64.22,84.62,72.60,70.00,70.00,77.36,82.57,80.37,92.18,72.54,80.66,59.79,61.43,60.09,41.16,49.73,53.29,55.88,48.26,58.02,40.01,72.74,46.68,53.92,43.23,43.97,45.28,49.09,59.13,167.38,67.23,98.94,60.00,50.61,41.74,43.73,64.19,42.11,50.23,39.15,..,..,..,..,..,..,..,..,..,..
"Onion, red shallot (Sibuyas Tagalog)",..CORDILLERA ADMINISTRATIVE REGION (CAR),0.00,0.00,0.00,0.00,0.00,0.00,0.00,0.00,0.00,0.00,0.00,0.00,0.00,0.00,0.00,0.00,0.00,0.00,0.00,0.00,0.00,0.00,0.00,0.00,0.00,0.00,0.00,0.00,0.00,0.00,0.00,0.00,0.00,0.00,0.00,0.00,0.00,0.00,0.00,0.00,0.00,0.00,0.00,0.00,0.00,0.00,0.00,0.00,0.00,0.00,0.00,0.00,0.00,0.00,0.00,0.00,0.00,0.00,0.00,0.00,0.00,0.00,0.00,0.00,0.00,0.00,0.00,0.00,0.00,0.00,0.00,0.00,0.00,0.00,0.00,0.00,0.00,0.00,0.00,0.00,0.00,0.00,0.00,0.00,0.00,0.00,0.00,0.00,0.00,0.00,0.00,0.00,0.00,0.00,0.00,0.00,0.00,0.00,0.00,0.00,0.00,0.00,0.00,0.00,0.00,0.00,0.00,0.00,0.00,0.00,0.00,0.00,0.00,0.00,0.00,0.00,0.00,0.00,0.00,0.00,0.00,0.00,0.00,0.00,0.00,0.00,0.00,0.00,0.00,0.00,0.00,0.00,0.00,0.00,0.00,0.00,0.00,0.00,0.00,0.00,0.00,0.00,0.00,0.00,0.00,0.00,0.00,0.00,0.00,0.00,0.00,0.00,0.00,0.00,0.00,0.00,0.00,0.00,0.00,0.00,0.00,0.00,0.00,0.00,0.00,0.00,0.00,0.00,0.00,0.00,0.00,0.00,0.00,0.00,0.00,0.00,0.00,0.00,0.00,0.00,0.00,0.00,0.00,70.00,58.55,0.00,0.00,0.00,0.00,0.00,0.00,0.00,0.00,0.00,64.28,52.00,61.21,54.23,100.00,75.00,100.00,0.00,0.00,0.00,0.00,35.00,35.00,64.05,40.00,77.50,35.00,..,..,..,..,..,..,..,..,..,..
"Onion, red shallot (Sibuyas Tagalog)",..REGION I (ILOCOS REGION),19.92,20.44,20.86,25.85,26.35,29.47,35.57,38.65,39.99,57.74,57.79,27.53,33.35,34.24,33.79,32.22,31.90,31.94,32.56,35.08,34.52,35.09,39.20,44.68,31.16,34.70,13.49,12.80,18.72,11.13,13.76,19.03,24.91,30.19,32.67,33.58,32.53,28.12,22.58,24.56,24.05,23.47,27.14,27.77,28.46,32.19,33.14,53.72,49.68,54.68,41.72,35.05,32.52,28.75,26.32,16.68,17.62,25.60,26.87,28.15,29.92,33.95,24.36,23.78,26.21,13.52,8.92,10.33,9.92,13.01,13.18,21.90,23.04,24.57,24.47,28.13,25.46,18.04,21.41,18.95,18.98,23.84,27.01,26.22,21.21,32.42,32.33,0.00,27.66,34.48,25.86,22.75,23.41,21.76,26.45,29.96,31.95,45.09,63.57,65.20,0.00,17.92,39.11,35.20,23.30,23.33,18.34,21.05,21.53,31.45,47.69,56.67,67.50,57.08,25.92,24.42,34.86,14.06,12.53,15.99,20.22,24.69,29.95,42.50,0.00,54.95,47.33,31.20,38.81,30.20,39.06,24.66,25.88,27.16,35.10,32.39,43.37,40.00,45.35,59.13,52.45,47.89,39.37,31.44,34.32,33.22,30.17,36.12,31.84,40.00,46.70,41.12,40.00,45.51,40.07,37.54,34.21,32.15,33.19,30.93,38.89,35.00,41.42,39.29,50.00,86.68,83.56,111.46,51.40,84.30,81.51,67.34,69.24,72.60,70.00,70.00,77.36,82.57,80.37,75.27,57.74,74.03,24.55,24.86,35.60,40.96,49.06,60.00,70.00,55.00,80.00,40.00,40.00,40.00,46.67,42.99,43.66,43.98,50.00,48.33,46.67,70.00,70.00,80.00,50.00,50.00,43.73,53.28,42.08,50.73,39.33,..,..,..,..,..,..,..,..,..,..
"Onion, red shallot (Sibuyas Tagalog)",..REGION II (CAGAYAN VALLEY),0.00,0.00,0.00,0.00,0.00,0.00,0.00,0.00,0.00,0.00,0.00,0.00,0.00,0.00,0.00,27.65,0.00,0.00,0.00,0.00,0.00,0.00,0.00,0.00,0.00,27.65,0.00,0.00,22.21,0.00,0.00,0.00,0.00,0.00,0.00,0.00,0.00,0.00,22.21,0.00,0.00,0.00,16.66,0.00,0.00,0.00,0.00,0.00,0.00,0.00,0.00,16.66,0.00,37.44,36.36,32.67,40.25,0.00,0.00,0.00,0.00,0.00,0.00,0.00,36.68,58.56,46.34,40.08,45.47,69.39,0.00,0.00,0.00,0.00,0.00,0.00,0.00,51.97,83.40,44.72,46.93,51.85,0.00,0.00,0.00,0.00,0.00,0.00,0.00,0.00,56.73,88.09,78.02,65.37,50.48,80.00,0.00,0.00,0.00,0.00,0.00,0.00,0.00,72.39,0.00,0.00,77.64,79.84,94.49,0.00,0.00,0.00,0.00,0.00,0.00,0.00,83.99,0.00,0.00,82.74,61.44,59.79,0.00,0.00,0.00,0.00,0.00,0.00,0.00,67.99,0.00,0.00,116.42,113.48,161.29,0.00,0.00,0.00,0.00,0.00,0.00,0.00,130.40,0.00,0.00,47.98,128.72,140.32,0.00,0.00,0.00,0.00,0.00,0.00,0.00,105.67,0.00,0.00,35.62,50.00,0.00,0.00,0.00,0.00,0.00,0.00,0.00,0.00,42.81,0.00,0.00,0.00,100.00,0.00,0.00,0.00,0.00,0.00,0.00,0.00,0.00,100.00,0.00,150.00,150.23,80.89,0.00,35.00,38.75,35.00,0.00,0.00,0.00,0.00,81.64,150.00,150.00,200.00,30.00,0.00,175.47,0.00,0.00,0.00,0.00,0.00,0.00,141.09,80.00,44.00,39.11,..,..,..,..,..,..,..,..,..,..
"Onion, red shallot (Sibuyas Tagalog)",..REGION III (CENTRAL LUZON),14.98,10.72,0.00,0.00,0.00,0.00,0.00,0.00,0.00,0.00,40.00,28.09,23.45,24.34,17.26,13.33,0.00,0.00,0.00,0.00,0.00,0.00,0.00,46.67,36.67,27.65,18.79,11.29,10.32,0.00,0.00,0.00,0.00,0.00,0.00,0.00,53.33,33.33,25.41,18.12,10.15,7.33,0.00,0.00,0.00,0.00,0.00,0.00,0.00,58.71,38.06,26.47,21.02,15.17,8.74,0.00,0.00,0.00,0.00,0.00,0.00,0.00,55.37,42.11,28.48,20.58,13.79,7.03,0.00,0.00,0.00,0.00,0.00,0.00,0.00,100.00,50.00,38.28,28.14,40.00,41.00,0.00,0.00,0.00,0.00,0.00,0.00,0.00,54.25,50.47,42.77,20.84,19.93,56.46,0.00,0.00,0.00,0.00,0.00,0.00,0.00,76.09,45.91,43.85,47.14,33.44,44.71,0.00,0.00,0.00,0.00,0.00,0.00,0.00,69.84,31.97,45.42,44.31,41.46,91.84,0.00,0.00,0.00,0.00,0.00,0.00,0.00,83.89,80.00,68.30,56.23,44.35,67.29,0.00,0.00,0.00,0.00,0.00,0.00,0.00,93.44,104.62,73.19,50.32,56.06,100.00,0.00,0.00,0.00,0.00,0.00,0.00,0.00,120.00,66.79,78.63,61.46,61.81,112.69,0.00,0.00,0.00,0.00,0.00,0.00,0.00,118.48,122.13,95.31,98.95,76.86,85.33,0.00,0.00,0.00,0.00,0.00,0.00,0.00,109.08,87.33,91.51,45.00,45.00,53.38,0.00,0.00,0.00,0.00,0.00,0.00,0.00,0.00,0.00,47.79,0.00,0.00,53.33,50.00,45.00,0.00,0.00,0.00,0.00,0.00,0.00,0.00,49.44,0.00,39.54,34.08,..,..,..,..,..,..,..,..,..,..
"Onion, red shallot (Sibuyas Tagalog)",..REGION IV-A (CALABARZON),0.00,0.00,0.00,0.00,0.00,0.00,0.00,0.00,0.00,0.00,0.00,0.00,0.00,0.00,0.00,0.00,0.00,0.00,0.00,0.00,0.00,0.00,0.00,0.00,0.00,0.00,0.00,21.57,28.29,0.00,0.00,0.00,0.00,0.00,0.00,0.00,0.00,0.00,24.93,22.71,0.00,0.00,0.00,0.00,0.00,0.00,0.00,0.00,0.00,0.00,0.00,22.71,0.00,28.24,28.93,0.00,0.00,25.00,0.00,0.00,0.00,0.00,24.41,0.00,26.65,19.18,17.83,18.70,0.00,0.00,0.00,0.00,0.00,0.00,0.00,26.49,29.01,22.24,23.99,11.37,26.36,26.34,0.00,0.00,0.00,0.00,0.00,0.00,0.00,35.00,24.61,35.00,28.00,25.38,49.00,0.00,0.00,0.00,0.00,0.00,0.00,0.00,0.00,34.35,0.00,30.00,32.00,46.00,0.00,0.00,0.00,0.00,0.00,0.00,0.00,0.00,36.00,100.00,0.00,0.00,0.00,0.00,0.00,0.00,0.00,0.00,0.00,0.00,0.00,100.00,0.00,46.91,0.00,0.00,0.00,0.00,0.00,0.00,0.00,0.00,0.00,0.00,46.91,40.25,40.24,72.62,0.00,0.00,0.00,0.00,0.00,0.00,0.00,0.00,0.00,51.04,60.00,0.00,0.00,0.00,0.00,0.00,0.00,0.00,0.00,0.00,0.00,0.00,60.00,149.68,86.67,40.00,0.00,0.00,0.00,0.00,0.00,0.00,0.00,0.00,0.00,92.12,30.00,32.50,35.25,0.00,0.00,0.00,0.00,0.00,0.00,0.00,0.00,0.00,32.58,0.00,0.00,45.00,0.00,0.00,0.00,0.00,0.00,0.00,0.00,0.00,0.00,45.00,0.00,50.00,50.00,..,..,..,..,..,..,..,..,..,..
"Onion, red shallot (Sibuyas Tagalog)",..MIMAROPA REGION,0.00,0.00,0.00,0.00,0.00,0.00,0.00,0.00,0.00,0.00,0.00,0.00,0.00,0.00,0.00,0.00,0.00,0.00,0.00,0.00,0.00,0.00,0.00,0.00,0.00,0.00,0.00,0.00,20.00,18.05,24.09,0.00,0.00,0.00,0.00,0.00,0.00,0.00,20.71,0.00,0.00,28.93,23.45,26.52,0.00,0.00,0.00,0.00,0.00,0.00,0.00,26.30,0.00,0.00,20.00,18.33,14.37,0.00,0.00,0.00,0.00,0.00,0.00,0.00,17.57,0.00,0.00,0.00,0.00,0.00,0.00,0.00,0.00,0.00,0.00,0.00,0.00,0.00,0.00,0.00,0.00,0.00,0.00,0.00,0.00,0.00,0.00,0.00,0.00,0.00,0.00,0.00,0.00,0.00,0.00,0.00,0.00,0.00,0.00,0.00,0.00,0.00,0.00,0.00,0.00,0.00,0.00,0.00,0.00,0.00,0.00,0.00,0.00,0.00,0.00,0.00,0.00,0.00,0.00,0.00,0.00,0.00,0.00,0.00,0.00,0.00,0.00,0.00,0.00,0.00,0.00,0.00,0.00,0.00,0.00,0.00,0.00,0.00,0.00,0.00,0.00,0.00,0.00,0.00,0.00,80.00,0.00,0.00,0.00,0.00,0.00,0.00,0.00,0.00,0.00,80.00,0.00,0.00,0.00,0.00,0.00,0.00,0.00,0.00,0.00,0.00,0.00,0.00,0.00,0.00,116.67,0.00,0.00,0.00,0.00,0.00,0.00,0.00,0.00,0.00,0.00,116.67,0.00,54.74,55.00,18.56,0.00,0.00,0.00,0.00,0.00,0.00,0.00,0.00,42.77,0.00,0.00,44.00,45.00,50.00,0.00,0.00,0.00,0.00,0.00,92.41,0.00,57.85,60.00,60.00,20.00,..,..,..,..,..,..,..,..,..,..
"Onion, red shallot (Sibuyas Tagalog)",..REGION V (BICOL REGION),0.00,0.00,0.00,0.00,0.00,0.00,0.00,0.00,0.00,0.00,0.00,0.00,0.00,0.00,0.00,0.00,0.00,0.00,0.00,0.00,0.00,0.00,0.00,0.00,0.00,0.00,0.00,0.00,0.00,0.00,0.00,0.00,0.00,0.00,0.00,0.00,0.00,0.00,0.00,0.00,0.00,0.00,0.00,0.00,0.00,0.00,0.00,0.00,0.00,0.00,0.00,0.00,0.00,0.00,0.00,0.00,0.00,0.00,0.00,0.00,0.00,0.00,0.00,0.00,0.00,0.00,0.00,0.00,0.00,0.00,0.00,0.00,0.00,0.00,0.00,0.00,0.00,0.00,0.00,0.00,0.00,0.00,0.00,0.00,0.00,0.00,0.00,0.00,0.00,0.00,0.00,0.00,0.00,0.00,0.00,0.00,0.00,0.00,0.00,0.00,0.00,0.00,0.00,0.00,0.00,0.00,0.00,0.00,0.00,0.00,0.00,0.00,0.00,0.00,0.00,0.00,0.00,0.00,0.00,0.00,0.00,0.00,0.00,0.00,0.00,0.00,0.00,0.00,0.00,0.00,0.00,0.00,0.00,0.00,0.00,0.00,0.00,0.00,0.00,0.00,0.00,0.00,0.00,0.00,0.00,0.00,0.00,0.00,0.00,0.00,0.00,0.00,0.00,0.00,0.00,0.00,0.00,0.00,0.00,0.00,0.00,0.00,0.00,0.00,0.00,0.00,0.00,0.00,0.00,0.00,0.00,0.00,0.00,0.00,0.00,0.00,0.00,0.00,0.00,0.00,0.00,0.00,0.00,0.00,37.50,0.00,0.00,0.00,0.00,0.00,0.00,103.85,85.35,0.00,75.57,0.00,0.00,0.00,118.00,0.00,0.00,0.00,120.00,0.00,0.00,0.00,0.00,119.00,0.00,100.00,0.00,..,..,..,..,..,..,..,..,..,..
"Onion, red shallot (Sibuyas Tagalog)",..REGION VI (WESTERN VISAYAS),0.00,0.00,0.00,0.00,0.00,0.00,0.00,0.00,0.00,0.00,0.00,0.00,0.00,0.00,0.00,0.00,0.00,0.00,0.00,0.00,0.00,0.00,0.00,0.00,0.00,0.00,0.00,0.00,0.00,0.00,0.00,0.00,0.00,0.00,0.00,0.00,0.00,0.00,0.00,0.00,0.00,0.00,0.00,0.00,0.00,0.00,0.00,0.00,0.00,0.00,0.00,0.00,0.00,0.00,0.00,0.00,0.00,0.00,0.00,0.00,0.00,0.00,0.00,0.00,0.00,0.00,0.00,0.00,0.00,0.00,0.00,0.00,0.00,0.00,0.00,0.00,0.00,0.00,0.00,0.00,0.00,0.00,0.00,0.00,0.00,0.00,0.00,0.00,0.00,0.00,0.00,0.00,0.00,0.00,0.00,0.00,0.00,0.00,0.00,0.00,0.00,0.00,0.00,0.00,0.00,0.00,0.00,0.00,0.00,0.00,0.00,0.00,0.00,0.00,0.00,0.00,0.00,0.00,0.00,0.00,0.00,0.00,0.00,0.00,0.00,0.00,0.00,0.00,0.00,0.00,0.00,0.00,0.00,0.00,0.00,0.00,0.00,0.00,0.00,0.00,0.00,0.00,0.00,0.00,0.00,0.00,0.00,0.00,0.00,0.00,0.00,0.00,0.00,0.00,0.00,0.00,0.00,0.00,0.00,0.00,0.00,0.00,0.00,0.00,0.00,0.00,0.00,0.00,0.00,0.00,0.00,0.00,0.00,0.00,0.00,0.00,0.00,0.00,0.00,0.00,0.00,0.00,0.00,0.00,0.00,0.00,0.00,0.00,0.00,0.00,0.00,0.00,0.00,0.00,0.00,0.00,0.00,49.50,50.00,50.00,50.00,60.00,70.00,90.00,92.50,95.00,100.00,70.70,100.00,100.00,75.00,..,..,..,..,..,..,..,..,..,..
"Onion, red shallot (Sibuyas Tagalog)",..NEGROS ISLAND REGION (NIR) 2/,0.00,0.00,0.00,0.00,0.00,0.00,0.00,0.00,0.00,0.00,0.00,0.00,0.00,0.00,0.00,0.00,0.00,0.00,0.00,0.00,0.00,0.00,0.00,0.00,0.00,0.00,0.00,0.00,0.00,0.00,0.00,0.00,0.00,0.00,0.00,0.00,0.00,0.00,0.00,0.00,0.00,0.00,0.00,0.00,0.00,0.00,0.00,0.00,0.00,0.00,0.00,0.00,0.00,0.00,0.00,0.00,0.00,0.00,0.00,0.00,0.00,0.00,0.00,0.00,0.00,0.00,0.00,0.00,0.00,0.00,0.00,0.00,0.00,0.00,0.00,0.00,0.00,0.00,0.00,0.00,0.00,0.00,0.00,0.00,0.00,0.00,0.00,0.00,0.00,0.00,0.00,0.00,0.00,0.00,0.00,0.00,0.00,0.00,0.00,0.00,0.00,0.00,0.00,0.00,0.00,0.00,0.00,0.00,0.00,0.00,0.00,0.00,0.00,0.00,0.00,0.00,0.00,0.00,0.00,0.00,0.00,0.00,0.00,0.00,0.00,0.00,0.00,0.00,0.00,0.00,0.00,0.00,0.00,0.00,0.00,0.00,0.00,0.00,0.00,0.00,0.00,0.00,0.00,0.00,0.00,0.00,0.00,0.00,0.00,0.00,0.00,0.00,0.00,0.00,0.00,0.00,0.00,0.00,0.00,0.00,0.00,0.00,0.00,0.00,0.00,0.00,0.00,0.00,0.00,0.00,0.00,0.00,0.00,0.00,0.00,0.00,0.00,0.00,0.00,0.00,0.00,0.00,80.00,0.00,0.00,0.00,0.00,0.00,0.00,0.00,0.00,60.00,0.00,0.00,70.00,0.00,0.00,0.00,0.00,0.00,0.00,0.00,0.00,0.00,0.00,100.00,130.00,115.00,0.00,100.00,0.00,..,..,..,..,..,..,..,..,..,..
Tomato,PHILIPPINES,12.15,11.12,10.93,13.45,15.75,16.71,19.37,24.55,19.71,16.49,20.77,20.99,16.83,24.35,20.78,16.86,15.27,12.66,16.64,19.85,20.35,20.69,22.29,29.11,23.62,20.21,16.74,14.45,16.51,19.43,22.74,17.86,17.10,19.04,21.10,21.88,18.31,16.97,18.51,18.13,17.52,13.99,14.08,17.41,23.45,29.41,26.15,22.85,21.67,21.40,20.07,20.51,19.67,15.11,13.58,14.82,16.46,15.80,19.77,19.96,21.02,22.97,21.36,20.40,18.41,19.79,16.34,15.29,16.23,16.35,18.87,20.90,19.90,19.22,24.50,31.91,33.37,21.06,25.59,19.67,18.35,19.93,21.34,22.55,24.54,21.41,26.59,25.01,24.54,24.67,22.85,23.76,21.88,17.33,17.64,17.28,18.25,20.72,23.90,25.52,30.25,25.72,24.20,22.20,24.28,23.38,23.41,24.25,21.44,26.32,33.67,32.98,26.95,23.39,23.93,23.98,25.67,21.59,22.95,19.32,20.86,28.39,30.76,30.74,26.81,28.41,26.66,24.14,25.84,25.54,23.85,22.03,22.45,23.40,21.82,21.30,23.79,26.92,28.35,39.76,48.84,50.99,29.46,42.89,28.85,20.37,18.44,16.44,26.66,37.10,33.18,30.30,28.26,26.33,29.50,28.19,32.32,29.47,35.44,42.70,39.88,29.36,23.76,28.50,35.30,36.98,37.58,42.08,34.45,30.84,28.93,25.48,22.69,22.84,28.92,38.00,52.28,51.47,47.58,38.40,31.85,34.94,37.27,40.55,38.01,40.55,41.58,52.23,40.45,48.61,42.09,35.93,72.43,64.35,46.17,42.29,47.20,32.05,47.57,46.87,47.41,38.69,39.47,52.92,47.44,49.81,72.54,47.02,55.69,35.89,35.64,..,..,..,..,..,..,..,..,..,..
Tomato,..CORDILLERA ADMINISTRATIVE REGION (CAR),10.97,9.05,8.24,8.86,7.53,11.29,13.07,20.92,25.91,29.43,27.10,29.85,16.85,26.30,25.44,16.92,15.06,9.28,20.53,22.44,35.87,40.78,46.51,65.25,46.94,30.94,23.76,12.85,17.27,18.90,20.71,24.02,47.59,38.79,42.67,38.22,35.14,22.38,28.53,15.78,14.77,14.93,17.07,23.87,33.68,37.21,33.00,26.39,28.59,30.73,27.00,25.25,22.81,13.09,12.17,12.16,17.07,15.44,28.73,19.96,24.63,30.12,25.68,22.80,20.39,16.39,13.67,14.30,15.54,14.51,15.59,31.73,23.91,32.72,35.61,42.90,43.81,25.06,24.33,16.63,15.15,16.39,21.05,16.26,29.84,26.12,24.72,26.06,27.11,27.08,22.56,17.17,12.33,13.75,15.81,16.88,13.70,14.13,20.53,29.68,30.89,20.15,17.20,18.52,14.67,18.96,21.99,23.17,22.81,13.82,25.18,45.64,35.12,26.00,24.03,23.41,24.57,12.67,15.07,10.40,10.48,17.63,27.94,34.06,19.02,34.86,24.42,21.23,22.64,20.87,16.43,20.85,16.51,20.81,16.09,7.86,22.05,24.16,34.82,46.01,58.79,81.48,30.49,39.89,21.43,12.08,11.26,6.50,24.17,42.51,28.73,19.87,15.47,17.24,20.72,21.66,18.10,19.99,33.31,44.92,41.75,8.12,8.10,26.32,36.64,44.00,41.19,37.27,29.98,17.44,14.97,12.62,15.85,20.00,16.15,46.02,60.78,60.91,50.12,25.40,14.17,29.54,42.46,58.61,47.66,32.51,33.67,57.74,85.36,37.49,32.73,44.05,49.89,42.67,47.07,29.76,22.55,13.79,52.41,69.00,68.73,36.99,39.10,54.42,36.96,55.20,50.23,44.10,26.40,20.70,69.34,..,..,..,..,..,..,..,..,..,..
Tomato,..REGION I (ILOCOS REGION),7.35,5.23,5.87,10.17,12.27,0.00,0.00,45.00,28.57,22.50,30.03,25.22,19.22,24.05,12.21,8.22,8.74,11.36,0.00,0.00,26.18,27.14,28.44,37.79,26.28,21.04,8.25,7.98,13.68,19.85,34.61,0.00,0.00,0.00,25.48,24.26,11.82,10.75,17.41,10.93,10.26,9.33,11.04,15.84,0.00,43.60,31.77,30.16,24.37,22.14,17.35,20.62,13.25,7.36,7.89,10.00,15.53,16.73,0.00,0.00,23.71,24.57,18.83,11.64,14.95,11.09,7.18,8.31,11.42,15.30,13.28,0.00,43.23,16.27,37.12,51.37,35.11,22.70,19.12,12.24,9.97,9.12,14.52,16.18,0.00,0.00,32.86,36.24,27.96,28.50,20.67,18.24,9.94,9.39,13.41,17.49,18.41,20.69,50.72,27.87,34.14,20.85,16.45,21.47,11.89,12.35,14.49,15.95,16.78,43.88,51.78,50.22,32.15,26.31,23.36,19.69,26.57,10.11,10.87,6.54,11.02,30.59,50.00,42.13,36.12,41.10,30.01,23.96,20.92,26.11,14.53,13.39,16.04,16.57,20.41,19.25,26.66,36.29,39.23,54.98,61.98,65.74,32.09,38.15,11.85,7.75,11.74,11.90,46.81,65.31,45.38,36.30,32.69,19.43,16.95,28.69,12.50,13.00,35.96,45.74,44.85,26.62,19.09,28.23,37.27,48.13,46.41,43.87,33.47,13.57,11.98,13.26,11.94,16.10,17.94,17.94,68.85,69.21,60.53,32.96,23.60,29.82,30.42,38.65,35.99,43.22,40.03,46.47,46.17,50.00,38.33,52.42,54.01,20.26,41.33,31.76,50.06,32.78,22.36,26.85,10.00,41.93,35.53,51.05,60.67,54.20,79.71,41.41,50.57,32.02,29.64,..,..,..,..,..,..,..,..,..,..
Tomato,..REGION II (CAGAYAN VALLEY),6.15,6.25,5.00,7.81,13.20,21.24,27.05,39.26,23.35,13.71,22.83,26.07,17.66,24.40,11.16,8.65,5.79,5.11,11.36,15.58,19.43,21.49,28.96,39.25,18.53,17.48,9.94,7.89,12.47,17.69,37.95,17.09,7.13,19.74,19.47,20.07,10.91,10.70,15.92,12.76,10.28,7.43,6.04,15.08,29.89,37.81,17.25,17.88,19.47,18.27,17.75,17.49,11.92,3.98,4.11,6.28,10.80,6.85,17.95,27.97,14.79,18.40,9.97,6.49,11.63,10.57,17.98,13.74,18.64,11.51,13.66,17.57,15.91,13.85,18.20,38.46,29.46,18.30,28.35,11.75,15.78,15.66,11.41,7.58,18.83,15.91,21.96,14.94,22.52,18.63,16.94,23.84,31.37,13.43,17.56,11.76,7.54,9.86,12.01,19.65,29.83,22.33,17.63,18.07,37.41,37.72,34.20,31.43,12.91,23.19,32.50,39.90,39.41,29.72,26.37,21.01,30.48,13.96,26.51,18.76,24.78,19.02,23.08,19.23,22.05,30.41,21.86,14.99,24.25,21.58,17.79,19.09,31.85,26.19,14.54,4.18,12.92,21.50,24.59,34.49,37.95,43.97,24.09,53.98,47.89,30.75,17.24,9.81,18.43,25.11,33.88,17.80,11.24,16.16,15.72,24.83,22.08,32.51,31.82,48.72,45.68,14.58,7.34,12.34,35.85,34.61,32.83,41.10,29.96,15.19,37.62,26.39,17.95,10.76,17.42,28.94,67.63,64.99,51.30,28.37,18.11,32.06,26.93,29.04,25.60,41.15,43.85,56.42,64.69,56.33,39.31,45.05,44.17,50.62,43.60,29.39,13.22,9.90,15.91,20.94,15.90,15.18,30.60,67.03,51.61,62.23,47.89,31.65,22.52,12.07,9.00,..,..,..,..,..,..,..,..,..,..
Tomato,..REGION III (CENTRAL LUZON),5.99,4.62,6.90,8.77,12.95,0.00,0.00,0.00,0.00,9.45,32.35,25.72,13.34,23.82,13.62,9.86,6.29,8.95,0.00,0.00,0.00,0.00,26.26,38.67,27.67,19.39,10.50,8.82,13.79,19.03,22.49,6.33,7.63,18.75,0.00,28.45,16.37,10.67,14.80,13.61,11.55,8.97,11.09,16.15,31.34,30.28,29.55,23.92,23.18,23.88,19.84,20.28,17.02,8.54,6.31,8.69,13.77,11.31,17.79,22.80,23.25,22.80,17.66,17.50,15.62,19.49,14.46,10.51,12.42,15.48,19.32,26.18,18.34,17.11,21.20,45.16,51.73,22.62,32.63,14.15,11.20,14.26,18.89,25.15,21.31,26.42,32.19,25.48,25.66,29.33,23.06,27.81,14.02,12.55,17.20,18.99,11.82,10.69,21.30,22.02,36.48,21.98,20.72,19.63,14.32,16.14,18.33,15.89,17.53,30.84,52.24,41.11,18.08,27.70,22.19,25.75,25.01,17.89,12.25,8.08,14.78,24.29,24.67,25.25,17.50,28.41,25.29,26.61,26.36,20.95,20.63,17.16,18.57,22.96,21.01,15.16,23.87,30.25,23.08,55.41,64.24,67.16,31.63,46.70,15.93,6.49,9.99,10.01,28.95,40.22,38.42,18.39,19.71,20.45,17.15,22.70,16.78,21.45,42.34,49.64,48.38,42.65,31.44,32.12,46.29,55.77,47.49,55.88,40.85,19.81,15.99,12.66,12.10,18.54,31.56,58.04,73.89,73.18,64.72,30.70,22.20,36.12,40.60,39.26,27.94,38.27,51.05,48.93,0.00,40.40,34.26,67.86,66.24,70.39,47.75,64.35,55.38,12.26,22.49,17.13,21.69,30.30,21.69,29.45,48.30,39.59,59.77,35.20,50.72,16.02,11.78,..,..,..,..,..,..,..,..,..,..
Tomato,..REGION IV-A (CALABARZON),6.33,5.35,5.01,6.90,14.62,18.65,28.97,31.99,16.66,14.93,26.19,20.65,16.35,30.39,17.25,7.47,5.71,6.66,17.43,17.20,20.76,28.27,25.98,38.76,27.07,20.25,15.49,12.84,16.47,18.29,27.10,21.47,19.23,23.66,26.34,26.37,15.89,17.78,20.08,16.64,11.59,8.11,11.88,18.25,27.99,32.61,30.31,24.21,23.79,25.20,19.79,20.86,16.95,8.15,7.77,7.95,12.41,15.59,26.53,27.57,21.40,29.61,17.16,16.56,17.30,19.27,10.49,10.26,9.00,12.53,18.18,23.98,16.49,18.50,32.57,53.58,54.27,23.26,27.53,13.94,9.97,16.46,15.51,21.06,23.75,35.59,36.98,26.48,29.98,27.71,23.75,29.58,18.12,13.53,16.15,13.59,19.13,21.37,22.46,31.52,46.33,18.61,22.18,22.71,18.86,18.73,23.33,18.38,13.15,30.85,53.05,45.52,12.96,20.52,30.85,28.24,26.20,24.22,19.11,10.91,15.52,32.87,36.16,37.35,26.51,35.12,27.72,17.00,27.99,25.87,24.67,21.43,22.60,30.85,23.03,21.65,31.22,37.68,42.84,61.41,74.58,99.56,40.96,49.27,19.71,10.36,9.45,10.05,28.86,57.01,51.16,28.69,29.89,23.73,22.49,28.39,24.11,25.06,33.43,57.59,47.91,27.40,17.28,26.45,40.51,54.21,47.54,51.50,37.75,23.12,18.62,16.55,10.69,14.29,21.92,43.29,70.00,60.22,65.23,39.32,24.67,33.99,41.83,45.07,32.15,70.02,73.48,128.86,94.37,73.56,58.70,77.98,89.22,175.00,80.02,35.47,30.58,25.60,48.22,95.74,50.00,49.35,53.77,84.82,81.07,105.71,112.50,64.40,55.05,36.86,46.61,..,..,..,..,..,..,..,..,..,..
Tomato,..MIMAROPA REGION,15.92,16.18,13.44,16.72,26.52,20.80,24.55,27.52,23.80,14.63,24.61,22.44,20.59,31.04,27.24,21.45,17.56,14.20,21.12,17.32,13.92,16.03,22.37,28.97,21.88,21.09,18.43,20.04,19.21,19.88,26.26,22.44,22.26,23.59,35.07,36.47,35.09,26.22,25.41,21.03,18.11,14.12,18.00,22.71,29.80,28.91,32.36,35.07,32.25,33.71,33.30,26.61,24.68,21.30,15.14,16.52,21.03,26.12,34.93,28.80,28.70,30.30,32.31,30.69,25.88,26.61,21.22,15.57,14.23,16.94,28.89,28.67,31.95,27.00,18.27,36.31,35.87,25.13,32.17,29.59,22.08,21.66,27.42,32.96,42.34,30.63,35.09,34.08,33.07,32.32,31.12,34.99,32.30,19.01,19.34,26.04,31.93,31.82,27.26,33.60,43.97,45.72,45.20,32.60,34.94,29.75,29.31,29.22,29.62,33.41,43.00,40.67,32.68,31.54,33.55,35.88,33.63,35.41,35.95,27.59,28.72,32.53,35.48,35.28,38.05,33.71,35.11,34.26,39.92,34.33,46.66,38.73,32.92,31.46,33.82,29.48,29.71,36.31,35.50,41.29,55.59,70.97,40.20,69.96,41.30,26.74,26.41,27.02,27.74,32.77,37.08,41.78,43.96,38.90,39.18,37.74,39.27,44.16,40.53,41.18,47.28,42.62,37.63,33.69,35.11,41.52,50.17,53.08,42.19,52.57,38.97,30.94,30.21,31.45,32.61,41.92,61.52,60.75,64.83,65.89,55.96,47.30,46.68,45.96,44.34,35.09,29.38,36.93,47.50,58.15,61.79,50.00,54.28,71.67,48.48,36.67,45.09,22.64,45.08,59.46,51.00,88.96,84.88,39.22,58.03,71.66,71.67,56.20,20.00,35.00,43.26,..,..,..,..,..,..,..,..,..,..
Tomato,..REGION V (BICOL REGION),12.02,12.98,12.00,16.65,16.58,18.84,26.25,23.99,22.18,21.25,21.55,24.62,19.08,25.26,21.88,18.05,20.16,19.42,23.64,25.90,23.84,23.76,24.32,31.33,31.97,24.13,21.46,20.03,20.67,26.31,24.69,23.25,19.93,20.75,24.28,24.42,21.83,19.38,22.25,19.45,18.42,17.53,16.01,18.04,28.07,40.43,29.81,27.93,27.76,26.65,25.04,24.60,20.52,14.57,15.02,15.52,16.09,19.25,22.83,26.88,31.09,30.92,29.12,31.53,22.78,26.92,19.51,23.02,12.65,11.68,16.06,19.40,17.74,22.76,32.42,32.47,37.56,22.68,29.57,18.07,12.49,12.13,14.02,17.01,16.16,24.84,30.57,20.54,29.72,25.30,20.87,28.11,25.36,16.75,13.21,14.90,13.25,15.27,17.33,24.87,29.32,21.44,23.74,20.30,24.80,25.07,25.41,23.01,16.50,23.63,34.96,35.04,24.72,22.22,24.45,24.18,25.33,23.59,23.77,12.89,13.09,34.68,29.50,39.06,32.77,34.55,29.19,25.35,26.83,27.11,29.10,25.58,22.39,23.24,18.78,16.07,14.90,29.90,32.48,39.43,57.47,0.00,28.12,47.59,24.83,16.20,12.64,6.75,29.33,44.44,48.64,35.97,35.59,26.97,32.61,30.13,37.95,34.35,43.69,41.86,55.95,44.88,33.15,33.12,55.70,55.42,62.19,65.74,47.00,42.75,37.53,26.47,25.61,20.54,32.65,37.16,57.04,59.28,52.65,51.30,49.59,41.05,55.00,60.00,49.68,21.66,26.49,35.36,38.57,45.00,50.00,208.74,147.28,60.00,66.48,37.00,35.02,34.10,21.43,21.51,29.02,43.47,46.31,70.91,87.80,71.36,80.00,48.16,42.50,76.36,56.16,..,..,..,..,..,..,..,..,..,..
Tomato,..REGION VI (WESTERN VISAYAS),9.58,7.73,7.65,9.15,12.83,9.91,11.64,18.61,16.30,16.38,17.93,22.19,13.33,23.26,21.98,15.13,15.69,14.77,10.25,17.11,17.66,15.98,15.89,24.10,25.86,18.14,19.28,12.78,14.70,17.75,16.51,12.77,11.45,16.73,15.93,17.55,20.70,20.61,16.40,18.58,15.78,11.74,10.87,20.14,12.45,21.94,23.58,22.57,19.24,22.51,17.09,18.04,23.47,15.33,11.95,15.94,16.99,11.03,11.92,13.34,15.47,19.01,19.56,28.14,16.85,22.27,16.13,14.98,15.95,15.76,14.67,15.78,13.21,15.65,20.64,34.59,36.76,19.70,22.67,18.76,20.63,20.75,26.06,19.60,23.24,17.28,27.21,27.99,38.62,35.35,24.85,28.44,24.41,22.63,19.46,22.49,15.08,17.53,28.66,33.17,28.82,25.37,33.93,25.00,41.39,32.25,24.09,26.44,26.29,27.05,31.09,32.96,25.52,25.97,18.94,29.64,28.47,18.63,16.36,18.10,14.90,23.67,34.52,29.07,29.83,24.61,24.03,24.87,26.06,23.72,20.60,20.96,20.22,22.63,20.77,27.97,25.51,30.83,27.82,37.67,51.77,41.75,29.04,35.81,30.21,20.73,16.23,17.12,26.42,35.50,33.06,33.77,35.58,34.65,36.87,29.66,38.84,34.61,35.88,35.64,38.56,31.39,28.11,35.98,36.35,36.84,36.55,38.32,35.59,36.54,30.82,21.35,17.85,20.04,40.34,52.22,60.36,61.89,52.52,45.73,34.40,39.51,44.61,52.26,49.15,28.47,27.90,46.01,30.16,51.41,52.63,63.77,66.03,64.15,48.05,45.03,25.16,19.79,33.69,27.24,32.06,37.52,44.64,45.45,90.69,96.45,36.39,44.51,50.91,41.89,27.87,..,..,..,..,..,..,..,..,..,..
Tomato,..NEGROS ISLAND REGION (NIR) 2/,0.00,0.00,0.00,0.00,0.00,0.00,0.00,0.00,0.00,0.00,0.00,0.00,0.00,0.00,0.00,0.00,0.00,0.00,0.00,0.00,0.00,0.00,0.00,0.00,0.00,0.00,0.00,0.00,0.00,0.00,0.00,0.00,0.00,0.00,0.00,0.00,0.00,0.00,0.00,0.00,0.00,0.00,0.00,0.00,0.00,0.00,0.00,0.00,0.00,0.00,0.00,0.00,0.00,0.00,0.00,0.00,0.00,0.00,0.00,0.00,0.00,0.00,0.00,0.00,0.00,0.00,0.00,0.00,0.00,0.00,0.00,0.00,0.00,0.00,0.00,0.00,0.00,0.00,0.00,0.00,0.00,0.00,0.00,0.00,0.00,0.00,0.00,0.00,0.00,0.00,0.00,0.00,0.00,0.00,0.00,0.00,0.00,0.00,0.00,0.00,0.00,0.00,0.00,0.00,0.00,0.00,0.00,0.00,0.00,0.00,0.00,0.00,0.00,0.00,0.00,0.00,0.00,0.00,0.00,0.00,0.00,0.00,0.00,0.00,0.00,0.00,0.00,0.00,0.00,0.00,0.00,0.00,0.00,0.00,0.00,0.00,0.00,0.00,0.00,0.00,0.00,0.00,0.00,0.00,0.00,0.00,0.00,0.00,0.00,0.00,0.00,0.00,0.00,0.00,0.00,0.00,0.00,0.00,0.00,0.00,0.00,0.00,0.00,0.00,0.00,0.00,0.00,0.00,0.00,0.00,0.00,0.00,0.00,0.00,0.00,0.00,0.00,0.00,0.00,0.00,0.00,0.00,44.60,40.00,35.76,34.89,30.00,50.00,49.12,32.00,32.21,80.27,68.26,75.05,47.68,30.00,17.22,38.53,40.00,30.19,25.00,38.71,33.39,28.65,31.31,51.19,47.50,34.31,47.85,52.32,56.00,..,..,..,..,..,..,..,..,..,..
Potato,PHILIPPINES,26.14,24.41,26.92,32.48,39.71,36.15,30.96,30.54,27.80,29.30,29.89,38.88,31.10,46.37,35.87,34.27,29.58,29.22,27.64,24.60,27.91,29.93,33.74,35.93,34.94,32.50,29.18,27.29,30.62,28.61,26.68,30.09,32.09,33.63,34.01,33.34,27.16,28.64,30.11,28.21,28.53,32.22,37.51,33.71,32.25,32.65,32.62,33.28,36.66,36.80,44.49,34.08,45.00,42.15,38.91,33.13,31.49,31.57,28.67,30.86,33.52,36.21,33.91,33.39,34.90,29.74,28.28,30.33,30.57,30.32,29.13,28.32,28.96,30.07,30.36,32.55,37.49,30.51,40.97,44.20,45.94,36.77,50.54,44.49,39.92,36.45,39.63,52.30,59.24,57.39,45.65,50.34,44.04,36.33,31.24,31.54,28.20,39.51,39.83,40.67,40.01,37.63,38.51,38.15,40.32,35.71,40.98,38.11,34.25,40.74,33.72,36.26,35.19,34.75,40.88,43.65,37.88,38.97,39.09,33.98,32.53,34.42,34.88,36.41,35.06,36.37,44.38,39.15,36.79,36.84,34.73,45.82,44.34,45.47,45.02,42.65,40.51,32.90,32.33,31.46,34.83,45.87,39.66,52.68,47.68,36.05,30.39,28.66,21.70,28.74,31.36,32.91,40.38,42.53,50.01,36.92,43.08,37.64,31.97,34.21,33.23,40.14,36.02,44.76,38.11,44.30,47.34,73.29,42.01,68.25,66.18,60.38,55.14,49.41,53.98,62.94,66.10,74.51,95.75,73.35,79.60,67.13,53.02,59.32,52.54,57.55,65.98,66.59,51.85,54.52,46.12,40.64,55.66,55.04,54.90,27.77,49.68,33.61,28.42,18.29,19.63,38.38,43.92,53.80,68.95,71.36,58.01,42.65,35.17,32.09,26.47,..,..,..,..,..,..,..,..,..,..
Potato,..CORDILLERA ADMINISTRATIVE REGION (CAR),13.17,14.27,18.41,24.33,31.09,33.23,23.86,18.92,17.91,19.82,20.46,37.25,22.73,47.34,25.97,21.28,16.63,13.69,10.32,9.88,10.33,18.18,32.54,35.86,25.44,22.29,17.56,11.45,17.02,13.61,14.98,18.73,29.92,36.46,35.42,42.22,22.30,20.21,23.32,15.47,21.42,28.86,39.34,34.04,24.66,21.81,26.75,30.08,28.11,32.21,34.86,28.13,34.45,36.53,27.57,19.41,18.31,19.48,20.25,21.55,28.69,28.05,25.45,22.20,25.16,16.14,13.20,14.54,13.66,14.43,13.04,15.99,17.10,20.19,29.27,29.79,32.45,19.15,32.38,31.10,21.51,22.21,25.15,26.82,29.17,30.60,40.28,64.87,55.48,48.07,35.64,28.47,26.98,20.69,22.72,28.53,30.73,30.91,29.55,29.11,32.30,31.71,34.07,28.81,32.80,32.07,32.69,26.17,20.44,20.15,21.80,32.00,31.49,40.64,43.03,41.57,31.24,23.22,24.62,23.51,25.73,29.90,33.90,34.47,32.35,37.20,62.49,48.07,39.08,34.55,29.64,40.43,52.40,45.62,48.07,47.96,32.38,32.93,30.86,30.04,34.25,60.27,40.40,66.26,38.56,26.06,15.86,15.20,14.27,23.30,21.92,31.79,40.17,36.50,40.70,30.88,28.96,23.64,20.86,26.18,29.89,29.80,33.94,29.65,30.89,43.95,57.91,85.45,36.76,61.77,48.11,48.45,36.37,41.33,50.67,57.96,65.64,89.50,121.47,83.80,69.42,64.54,63.50,57.36,79.63,56.50,70.00,68.75,49.15,34.24,28.51,40.22,53.42,44.22,53.79,27.98,50.61,27.00,27.62,16.85,18.04,35.13,41.14,54.90,67.63,70.67,58.00,41.30,35.04,29.57,25.52,..,..,..,..,..,..,..,..,..,..
Potato,..REGION I (ILOCOS REGION),0.00,0.00,0.00,0.00,0.00,0.00,0.00,0.00,0.00,0.00,0.00,0.00,0.00,0.00,0.00,0.00,0.00,0.00,0.00,0.00,0.00,0.00,0.00,0.00,0.00,0.00,0.00,0.00,0.00,0.00,0.00,0.00,0.00,0.00,0.00,0.00,0.00,0.00,0.00,0.00,0.00,0.00,0.00,0.00,0.00,0.00,0.00,0.00,0.00,0.00,0.00,0.00,0.00,0.00,0.00,0.00,0.00,0.00,0.00,0.00,0.00,0.00,0.00,0.00,0.00,0.00,0.00,0.00,0.00,0.00,0.00,0.00,0.00,0.00,0.00,0.00,0.00,0.00,0.00,0.00,0.00,0.00,0.00,0.00,0.00,0.00,0.00,0.00,0.00,0.00,0.00,0.00,0.00,0.00,0.00,0.00,0.00,0.00,0.00,0.00,0.00,0.00,0.00,0.00,0.00,0.00,0.00,0.00,0.00,0.00,0.00,0.00,0.00,0.00,0.00,0.00,0.00,0.00,0.00,0.00,0.00,0.00,0.00,0.00,0.00,0.00,0.00,0.00,0.00,0.00,0.00,0.00,0.00,0.00,0.00,0.00,0.00,0.00,0.00,0.00,0.00,0.00,0.00,0.00,0.00,0.00,0.00,0.00,0.00,0.00,0.00,0.00,0.00,0.00,0.00,0.00,0.00,0.00,0.00,0.00,0.00,0.00,0.00,0.00,0.00,0.00,0.00,0.00,0.00,0.00,0.00,0.00,0.00,0.00,0.00,0.00,0.00,0.00,0.00,0.00,0.00,0.00,0.00,0.00,0.00,0.00,0.00,0.00,0.00,0.00,0.00,0.00,0.00,0.00,0.00,0.00,0.00,0.00,0.00,0.00,0.00,0.00,0.00,0.00,0.00,0.00,90.00,90.00,0.00,0.00,0.00,..,..,..,..,..,..,..,..,..,..
Potato,..REGION II (CAGAYAN VALLEY),0.00,0.00,0.00,0.00,0.00,0.00,0.00,0.00,0.00,0.00,0.00,0.00,0.00,0.00,0.00,0.00,0.00,0.00,0.00,0.00,0.00,0.00,0.00,0.00,0.00,0.00,0.00,0.00,0.00,0.00,0.00,0.00,0.00,0.00,0.00,0.00,0.00,0.00,0.00,0.00,0.00,0.00,0.00,0.00,0.00,0.00,0.00,0.00,0.00,0.00,0.00,0.00,0.00,0.00,0.00,0.00,0.00,0.00,0.00,0.00,0.00,0.00,0.00,0.00,0.00,0.00,0.00,0.00,0.00,0.00,0.00,0.00,0.00,0.00,0.00,0.00,0.00,0.00,0.00,0.00,0.00,0.00,0.00,0.00,0.00,0.00,0.00,0.00,0.00,0.00,0.00,0.00,0.00,0.00,0.00,0.00,0.00,0.00,0.00,0.00,0.00,0.00,0.00,0.00,0.00,0.00,0.00,0.00,0.00,0.00,0.00,0.00,0.00,0.00,0.00,0.00,0.00,0.00,0.00,0.00,0.00,0.00,0.00,0.00,0.00,0.00,0.00,0.00,0.00,0.00,0.00,0.00,0.00,0.00,0.00,0.00,0.00,0.00,0.00,0.00,0.00,0.00,0.00,63.75,56.35,39.54,41.47,0.00,0.00,0.00,26.26,30.75,35.45,36.43,39.56,41.06,30.74,23.54,23.62,27.54,23.92,0.00,0.00,34.73,31.69,36.78,41.42,76.54,35.05,73.44,66.53,62.56,0.00,0.00,0.00,0.00,58.12,66.08,75.77,53.68,62.31,64.81,0.00,60.00,0.00,60.00,60.00,60.00,39.29,38.00,35.00,60.16,73.94,65.91,55.23,39.70,36.76,34.20,53.00,55.00,53.00,35.00,25.00,37.22,57.67,72.00,68.00,47.21,43.00,33.00,28.00,..,..,..,..,..,..,..,..,..,..
Potato,..REGION III (CENTRAL LUZON),0.00,0.00,0.00,0.00,0.00,0.00,0.00,0.00,0.00,0.00,0.00,0.00,0.00,0.00,0.00,0.00,0.00,0.00,0.00,0.00,0.00,0.00,0.00,0.00,0.00,0.00,0.00,0.00,0.00,0.00,0.00,0.00,0.00,0.00,0.00,0.00,0.00,0.00,0.00,0.00,0.00,0.00,0.00,0.00,0.00,0.00,0.00,0.00,0.00,0.00,0.00,0.00,0.00,0.00,0.00,0.00,0.00,0.00,0.00,0.00,0.00,0.00,0.00,0.00,0.00,0.00,0.00,0.00,0.00,0.00,0.00,0.00,0.00,0.00,0.00,0.00,0.00,0.00,0.00,0.00,0.00,0.00,0.00,0.00,0.00,0.00,0.00,0.00,0.00,0.00,0.00,0.00,0.00,0.00,0.00,0.00,0.00,0.00,0.00,0.00,0.00,0.00,0.00,0.00,0.00,0.00,0.00,0.00,0.00,0.00,0.00,0.00,0.00,0.00,0.00,0.00,0.00,0.00,0.00,0.00,0.00,0.00,0.00,0.00,0.00,0.00,0.00,0.00,0.00,0.00,0.00,0.00,0.00,0.00,0.00,0.00,0.00,0.00,0.00,0.00,0.00,0.00,0.00,0.00,0.00,0.00,0.00,0.00,0.00,0.00,0.00,0.00,0.00,0.00,0.00,0.00,0.00,0.00,0.00,0.00,0.00,0.00,0.00,0.00,0.00,0.00,0.00,0.00,0.00,0.00,0.00,0.00,0.00,0.00,0.00,0.00,0.00,0.00,0.00,0.00,0.00,0.00,0.00,0.00,0.00,0.00,0.00,0.00,0.00,0.00,0.00,0.00,0.00,0.00,0.00,0.00,0.00,0.00,0.00,0.00,0.00,0.00,0.00,0.00,0.00,0.00,0.00,0.00,0.00,0.00,0.00,..,..,..,..,..,..,..,..,..,..
Potato,..REGION IV-A (CALABARZON),0.00,0.00,0.00,0.00,0.00,0.00,0.00,0.00,0.00,0.00,0.00,0.00,0.00,0.00,0.00,0.00,0.00,0.00,0.00,0.00,0.00,0.00,0.00,0.00,0.00,0.00,0.00,0.00,0.00,0.00,0.00,0.00,0.00,0.00,0.00,0.00,0.00,0.00,0.00,0.00,0.00,0.00,0.00,0.00,0.00,0.00,0.00,0.00,0.00,0.00,0.00,0.00,0.00,0.00,0.00,0.00,0.00,0.00,0.00,0.00,0.00,0.00,0.00,0.00,0.00,0.00,0.00,0.00,0.00,0.00,0.00,0.00,0.00,0.00,0.00,0.00,0.00,0.00,0.00,0.00,0.00,0.00,0.00,0.00,0.00,0.00,0.00,0.00,0.00,0.00,0.00,0.00,0.00,0.00,0.00,0.00,0.00,0.00,0.00,0.00,0.00,0.00,0.00,0.00,0.00,0.00,0.00,0.00,0.00,0.00,0.00,0.00,0.00,0.00,0.00,0.00,0.00,0.00,0.00,0.00,0.00,0.00,0.00,0.00,0.00,0.00,0.00,0.00,0.00,0.00,0.00,0.00,0.00,0.00,0.00,0.00,0.00,0.00,0.00,0.00,0.00,0.00,0.00,0.00,0.00,0.00,0.00,0.00,0.00,0.00,0.00,0.00,0.00,0.00,0.00,0.00,0.00,0.00,0.00,0.00,0.00,0.00,0.00,0.00,0.00,0.00,0.00,0.00,0.00,0.00,0.00,0.00,0.00,0.00,0.00,0.00,0.00,0.00,0.00,0.00,0.00,0.00,0.00,0.00,0.00,0.00,0.00,0.00,0.00,0.00,0.00,0.00,0.00,0.00,0.00,0.00,0.00,0.00,0.00,0.00,0.00,0.00,0.00,0.00,0.00,0.00,0.00,0.00,0.00,0.00,0.00,..,..,..,..,..,..,..,..,..,..
Potato,..MIMAROPA REGION,0.00,0.00,0.00,0.00,0.00,0.00,0.00,0.00,0.00,0.00,0.00,0.00,0.00,0.00,0.00,0.00,0.00,0.00,0.00,0.00,0.00,0.00,0.00,0.00,0.00,0.00,0.00,0.00,0.00,0.00,0.00,0.00,0.00,0.00,0.00,0.00,0.00,0.00,0.00,0.00,0.00,0.00,0.00,0.00,0.00,0.00,0.00,0.00,0.00,0.00,0.00,0.00,0.00,0.00,0.00,0.00,0.00,0.00,0.00,0.00,0.00,0.00,0.00,0.00,0.00,0.00,0.00,0.00,0.00,0.00,0.00,0.00,0.00,0.00,0.00,0.00,0.00,0.00,0.00,0.00,0.00,0.00,0.00,0.00,0.00,0.00,0.00,0.00,0.00,0.00,0.00,0.00,0.00,0.00,0.00,0.00,0.00,0.00,0.00,0.00,0.00,0.00,0.00,0.00,0.00,0.00,0.00,0.00,0.00,0.00,0.00,0.00,0.00,0.00,0.00,0.00,0.00,0.00,0.00,0.00,0.00,0.00,0.00,0.00,0.00,0.00,0.00,0.00,0.00,0.00,0.00,0.00,0.00,0.00,0.00,0.00,0.00,0.00,0.00,0.00,0.00,0.00,0.00,0.00,0.00,0.00,0.00,0.00,0.00,0.00,0.00,0.00,0.00,0.00,0.00,0.00,0.00,0.00,0.00,0.00,0.00,0.00,0.00,0.00,0.00,0.00,0.00,0.00,0.00,0.00,0.00,0.00,0.00,0.00,0.00,0.00,0.00,0.00,0.00,0.00,0.00,0.00,0.00,0.00,0.00,0.00,0.00,0.00,12.60,0.00,0.00,0.00,0.00,0.00,12.60,0.00,0.00,0.00,0.00,0.00,0.00,0.00,0.00,0.00,0.00,0.00,0.00,0.00,0.00,0.00,0.00,..,..,..,..,..,..,..,..,..,..
Potato,..REGION V (BICOL REGION),0.00,0.00,0.00,0.00,0.00,0.00,0.00,0.00,0.00,0.00,0.00,0.00,0.00,0.00,0.00,0.00,0.00,0.00,0.00,0.00,0.00,0.00,0.00,0.00,0.00,0.00,0.00,0.00,0.00,0.00,0.00,0.00,0.00,0.00,0.00,0.00,0.00,0.00,0.00,0.00,0.00,0.00,0.00,0.00,0.00,0.00,0.00,0.00,0.00,0.00,0.00,0.00,0.00,0.00,0.00,0.00,0.00,0.00,0.00,0.00,0.00,0.00,0.00,0.00,0.00,0.00,0.00,0.00,0.00,0.00,0.00,0.00,0.00,0.00,0.00,0.00,0.00,0.00,0.00,0.00,0.00,0.00,0.00,0.00,0.00,0.00,0.00,0.00,0.00,0.00,0.00,0.00,0.00,0.00,0.00,0.00,0.00,0.00,0.00,0.00,0.00,0.00,0.00,0.00,0.00,0.00,0.00,0.00,0.00,0.00,0.00,0.00,0.00,0.00,0.00,0.00,0.00,0.00,0.00,0.00,0.00,0.00,0.00,0.00,0.00,0.00,0.00,0.00,0.00,0.00,0.00,0.00,0.00,0.00,0.00,0.00,0.00,0.00,0.00,0.00,0.00,0.00,0.00,0.00,0.00,0.00,0.00,0.00,0.00,0.00,0.00,0.00,0.00,0.00,0.00,0.00,0.00,0.00,0.00,0.00,0.00,0.00,0.00,0.00,0.00,0.00,0.00,0.00,0.00,0.00,0.00,0.00,0.00,0.00,0.00,0.00,0.00,0.00,0.00,0.00,0.00,0.00,0.00,0.00,0.00,0.00,0.00,0.00,0.00,0.00,0.00,0.00,0.00,0.00,0.00,0.00,0.00,0.00,0.00,0.00,0.00,0.00,0.00,0.00,0.00,0.00,0.00,0.00,0.00,0.00,0.00,..,..,..,..,..,..,..,..,..,..
Potato,..REGION VI (WESTERN VISAYAS),0.00,0.00,0.00,0.00,0.00,0.00,0.00,0.00,0.00,0.00,0.00,0.00,0.00,0.00,0.00,0.00,0.00,0.00,0.00,0.00,0.00,0.00,0.00,0.00,0.00,0.00,0.00,0.00,0.00,0.00,0.00,0.00,0.00,0.00,0.00,0.00,0.00,0.00,0.00,0.00,0.00,0.00,0.00,0.00,0.00,0.00,0.00,0.00,0.00,0.00,0.00,0.00,0.00,0.00,0.00,0.00,0.00,0.00,0.00,0.00,0.00,0.00,0.00,0.00,0.00,0.00,0.00,0.00,0.00,0.00,0.00,0.00,0.00,0.00,0.00,0.00,0.00,0.00,0.00,0.00,0.00,0.00,0.00,0.00,0.00,0.00,0.00,0.00,0.00,0.00,0.00,0.00,0.00,0.00,0.00,0.00,0.00,0.00,0.00,0.00,0.00,0.00,0.00,0.00,0.00,0.00,0.00,0.00,0.00,0.00,0.00,0.00,0.00,0.00,0.00,0.00,0.00,0.00,0.00,0.00,0.00,0.00,0.00,0.00,0.00,0.00,0.00,0.00,0.00,0.00,0.00,0.00,0.00,0.00,0.00,0.00,0.00,0.00,0.00,0.00,0.00,0.00,0.00,0.00,0.00,0.00,0.00,0.00,0.00,0.00,0.00,0.00,0.00,0.00,0.00,0.00,0.00,0.00,0.00,0.00,0.00,0.00,0.00,0.00,0.00,0.00,0.00,0.00,0.00,0.00,0.00,0.00,0.00,0.00,0.00,0.00,0.00,0.00,0.00,0.00,0.00,0.00,0.00,0.00,0.00,0.00,0.00,0.00,0.00,0.00,0.00,0.00,0.00,0.00,0.00,0.00,0.00,0.00,0.00,0.00,0.00,0.00,0.00,0.00,0.00,0.00,0.00,0.00,0.00,0.00,0.00,..,..,..,..,..,..,..,..,..,..
Potato,..NEGROS ISLAND REGION (NIR) 2/,0.00,0.00,0.00,0.00,0.00,0.00,0.00,0.00,0.00,0.00,0.00,0.00,0.00,0.00,0.00,0.00,0.00,0.00,0.00,0.00,0.00,0.00,0.00,0.00,0.00,0.00,0.00,0.00,0.00,0.00,0.00,0.00,0.00,0.00,0.00,0.00,0.00,0.00,0.00,0.00,0.00,0.00,0.00,0.00,0.00,0.00,0.00,0.00,0.00,0.00,0.00,0.00,0.00,0.00,0.00,0.00,0.00,0.00,0.00,0.00,0.00,0.00,0.00,0.00,0.00,0.00,0.00,0.00,0.00,0.00,0.00,0.00,0.00,0.00,0.00,0.00,0.00,0.00,0.00,0.00,0.00,0.00,0.00,0.00,0.00,0.00,0.00,0.00,0.00,0.00,0.00,0.00,0.00,0.00,0.00,0.00,0.00,0.00,0.00,0.00,0.00,0.00,0.00,0.00,0.00,0.00,0.00,0.00,0.00,0.00,0.00,0.00,0.00,0.00,0.00,0.00,0.00,0.00,0.00,0.00,0.00,0.00,0.00,0.00,0.00,0.00,0.00,0.00,0.00,0.00,0.00,0.00,0.00,0.00,0.00,0.00,0.00,0.00,0.00,0.00,0.00,0.00,0.00,0.00,0.00,0.00,0.00,0.00,0.00,0.00,0.00,0.00,0.00,0.00,0.00,0.00,0.00,0.00,0.00,0.00,0.00,0.00,0.00,0.00,0.00,0.00,0.00,0.00,0.00,0.00,0.00,0.00,0.00,0.00,0.00,0.00,0.00,0.00,0.00,0.00,0.00,0.00,0.00,0.00,0.00,..,..,..,..,..,..,..,..,..,0.00,0.00,0.00,0.00,0.00,0.00,0.00,0.00,0.00,0.00,0.00,0.00,0.00,0.00,0.00,0.00,0.00,..,..,..,..,..,..,..,..,..,..
Abaca (dried raw fiber),..REGION VII (CENTRAL VISAYAS),22.72,15.38,22.67,22.40,22.21,22.79,27.01,27.58,27.99,27.81,27.82,28.02,24.53,28.25,29.32,29.45,31.37,31.63,34.01,33.17,33.39,32.90,32.72,32.72,30.90,31.65,30.43,30.37,28.87,29.71,29.48,28.81,28.90,28.32,28.00,26.99,27.79,26.79,28.71,26.58,27.54,28.77,28.66,27.49,28.94,28.37,27.86,28.24,29.56,29.82,29.43,28.44,30.77,29.12,30.30,30.29,30.05,31.78,32.12,31.40,45.13,40.94,40.01,41.61,34.46,39.70,39.19,38.32,34.79,33.95,38.83,38.34,38.54,31.76,38.71,38.50,42.42,37.75,42.81,42.52,41.39,47.34,49.12,49.19,49.96,37.95,48.04,48.79,50.00,37.73,45.40,45.48,40.81,49.96,53.38,44.31,55.19,59.56,52.27,49.62,54.31,55.77,50.14,50.90,52.63,49.34,49.34,49.20,52.12,48.88,50.15,52.35,50.67,51.64,48.03,51.27,50.47,50.04,50.55,49.90,50.71,55.41,52.86,56.56,57.63,60.17,64.60,60.68,60.13,55.77,60.63,54.34,56.07,67.66,59.12,55.51,58.53,56.32,57.87,60.56,60.08,56.62,58.61,56.33,53.25,39.78,45.16,35.04,31.86,39.90,42.05,41.26,48.63,51.07,52.82,44.76,64.07,59.51,60.80,53.06,50.71,54.77,57.57,50.86,51.62,56.01,51.71,48.12,54.90,55.18,50.95,51.51,57.16,53.01,55.72,49.58,54.03,64.64,63.28,60.24,64.78,56.67,0.00,0.00,165.00,0.00,0.00,0.00,0.00,0.00,146.00,150.00,0.00,0.00,153.67,0.00,0.00,150.00,150.00,150.00,0.00,137.50,138.46,0.00,178.33,0.00,0.00,150.72,0.00,0.00,150.00,..,..,..,..,..,..,..,..,..,..
Abaca (dried raw fiber),..REGION VIII (EASTERN VISAYAS),30.01,29.99,29.97,30.63,30.52,30.69,31.43,33.19,33.37,33.46,34.03,34.30,31.80,35.14,35.26,35.89,36.66,37.97,36.97,35.28,36.29,36.20,36.96,37.23,36.33,36.35,36.38,36.20,35.95,34.53,32.85,32.16,33.99,34.46,36.60,36.17,36.07,35.94,35.11,36.18,36.16,35.64,35.65,35.71,35.66,35.77,36.71,38.11,37.34,38.24,39.56,36.73,41.51,38.66,41.70,39.90,40.44,40.23,38.59,40.10,40.78,37.62,37.72,42.09,39.95,41.16,40.41,41.55,43.26,43.14,43.01,42.64,44.17,43.67,41.73,41.38,38.77,42.07,45.23,46.86,48.18,52.34,49.04,51.99,52.05,55.49,51.71,51.23,54.23,57.10,51.29,58.00,60.37,56.92,57.26,59.41,57.18,57.21,57.81,57.31,58.52,59.95,59.67,58.30,57.65,61.69,59.55,61.47,61.22,59.90,61.15,61.66,64.47,61.03,63.72,60.85,61.20,64.90,65.88,65.67,65.26,63.35,64.53,63.04,62.94,61.66,60.59,59.60,60.41,63.15,60.61,63.24,57.33,60.87,63.24,61.50,64.49,60.51,60.59,58.69,59.95,63.54,61.21,63.27,61.24,60.10,59.41,58.36,64.84,63.08,64.50,66.70,62.80,64.38,63.82,62.71,60.95,61.49,63.03,64.80,62.82,61.74,65.17,63.98,64.14,59.74,62.18,59.56,62.47,64.41,61.92,56.59,56.53,53.42,59.27,57.11,52.82,57.04,56.29,58.64,57.48,57.63,56.97,57.32,53.85,56.15,56.37,55.61,46.25,43.82,41.92,55.56,46.84,46.16,51.40,54.30,33.27,42.62,51.48,59.60,51.33,59.16,47.24,52.94,49.47,45.10,57.85,50.36,55.13,54.53,57.62,..,..,..,..,..,..,..,..,..,..
Abaca (dried raw fiber),..REGION IX (ZAMBOANGA PENINSULA),0.00,0.00,0.00,0.00,0.00,0.00,0.00,0.00,0.00,0.00,0.00,0.00,0.00,0.00,0.00,0.00,0.00,0.00,0.00,0.00,0.00,0.00,0.00,0.00,0.00,0.00,0.00,0.00,0.00,0.00,0.00,0.00,0.00,0.00,0.00,0.00,0.00,0.00,0.00,0.00,0.00,0.00,0.00,0.00,0.00,0.00,0.00,0.00,0.00,0.00,0.00,0.00,0.00,0.00,0.00,0.00,0.00,0.00,0.00,0.00,0.00,0.00,0.00,0.00,0.00,0.00,0.00,0.00,0.00,0.00,0.00,0.00,0.00,0.00,0.00,0.00,0.00,0.00,0.00,0.00,0.00,0.00,0.00,0.00,0.00,0.00,0.00,0.00,0.00,0.00,0.00,0.00,0.00,0.00,0.00,0.00,0.00,0.00,0.00,0.00,0.00,0.00,0.00,0.00,50.42,51.65,56.06,54.17,57.85,51.01,55.41,52.93,59.53,52.74,43.71,55.36,53.40,58.99,52.36,52.65,53.33,57.09,56.13,56.96,48.51,52.24,48.74,50.81,56.85,53.72,56.57,62.37,55.93,50.18,55.69,54.88,57.11,53.89,54.67,52.42,52.78,54.78,55.11,53.47,53.45,54.40,55.70,51.43,56.17,54.84,53.93,54.20,55.50,55.59,55.11,54.48,61.39,61.48,62.69,60.54,58.97,60.46,66.16,65.97,59.82,60.93,60.85,59.40,61.56,66.26,62.06,62.23,64.29,63.08,66.12,61.57,63.23,63.97,63.05,65.62,65.22,63.89,54.34,56.25,54.15,55.00,55.00,47.13,58.42,45.94,56.00,45.33,56.50,56.50,53.38,42.40,51.00,42.00,56.01,55.50,55.50,61.73,46.50,52.00,54.21,66.85,58.00,53.47,64.84,65.66,64.57,..,..,..,..,..,..,..,..,..,..
Abaca (dried raw fiber),..REGION X (NORTHERN MINDANAO),32.94,30.76,35.08,35.84,0.00,0.00,0.00,0.00,0.00,0.00,0.00,34.52,33.83,40.79,40.51,41.05,42.52,42.06,0.00,0.00,0.00,0.00,39.61,39.69,39.47,40.71,42.20,40.28,45.27,45.88,44.48,43.98,42.69,42.75,41.78,39.20,38.54,38.93,42.17,38.86,37.19,40.10,41.76,40.99,72.21,41.88,41.98,39.21,44.60,44.66,45.40,44.07,47.41,45.73,44.55,43.14,41.31,40.22,41.62,41.10,42.70,40.53,40.23,41.04,42.47,42.27,41.44,43.62,43.11,45.67,43.03,43.83,44.11,43.76,45.56,48.90,46.11,44.28,46.97,58.27,57.93,55.86,63.56,54.43,55.04,50.51,54.39,53.61,52.43,52.82,54.65,53.94,53.99,53.70,52.92,52.19,49.91,53.31,52.70,54.93,54.81,55.98,55.71,53.67,53.47,55.01,55.56,52.99,54.68,52.80,50.23,49.82,52.39,53.59,54.88,57.19,53.55,53.86,54.80,56.06,52.89,53.85,55.48,52.79,53.89,54.06,53.68,57.42,53.43,54.35,52.26,55.06,54.34,55.71,56.76,55.08,56.94,57.31,58.11,60.52,57.69,57.92,56.48,59.70,55.86,59.59,52.79,51.24,63.12,58.99,61.29,77.33,59.16,75.00,63.23,61.44,56.74,60.60,61.76,59.00,63.16,67.07,58.79,61.84,61.09,62.66,64.80,62.02,61.63,60.35,57.45,57.40,55.18,57.26,56.71,58.33,57.83,55.41,56.57,56.68,56.89,57.17,48.46,41.60,56.32,45.31,42.37,45.68,60.45,63.03,48.46,48.57,36.87,39.00,48.01,39.66,31.37,31.92,53.26,52.29,49.79,60.91,56.52,55.63,67.40,58.28,66.99,52.00,38.51,43.81,38.79,..,..,..,..,..,..,..,..,..,..
Abaca (dried raw fiber),..REGION XI (DAVAO REGION),34.41,36.14,34.90,36.03,35.72,36.29,35.39,34.03,34.62,34.77,34.48,33.20,35.00,33.25,32.13,32.23,32.03,32.33,33.33,32.82,34.46,34.48,35.91,35.80,36.20,33.75,33.51,33.29,35.64,35.59,36.53,36.20,37.70,37.39,39.22,37.68,36.51,37.06,36.36,32.75,33.90,32.66,32.40,29.41,29.10,28.90,31.94,35.31,33.94,35.59,33.40,32.44,42.28,44.31,39.01,35.13,33.93,35.34,35.04,36.19,37.04,36.24,37.02,37.77,37.44,37.86,39.65,41.78,42.07,43.15,40.46,40.91,44.67,42.50,42.54,45.12,42.78,41.96,44.16,46.88,47.20,52.54,51.02,50.01,51.85,52.79,53.27,58.08,53.76,56.60,51.51,55.28,59.61,58.06,59.34,59.77,54.15,54.38,56.85,56.93,64.55,57.65,54.10,57.56,56.25,55.49,55.25,56.47,59.72,55.14,56.76,60.54,57.16,59.71,56.87,58.53,57.32,54.33,61.05,54.64,56.22,56.57,58.67,53.91,57.79,55.66,53.91,50.90,47.69,55.11,52.92,53.05,56.82,56.42,52.72,54.82,60.87,57.17,57.58,60.66,54.92,55.77,56.14,59.03,59.81,60.65,58.00,56.35,61.92,57.97,53.41,53.21,51.89,53.90,53.85,56.67,53.22,54.56,58.41,54.57,53.12,54.07,58.39,57.78,58.44,52.59,54.55,56.32,55.50,52.69,51.18,54.28,50.32,49.77,47.41,50.62,50.19,50.68,49.70,52.18,54.30,51.11,51.10,47.48,50.79,52.18,37.83,0.00,35.94,37.12,41.69,52.64,61.84,53.55,47.47,58.77,48.77,41.11,69.43,64.02,62.63,52.12,52.11,55.51,49.67,49.07,43.67,53.91,58.36,56.96,60.73,..,..,..,..,..,..,..,..,..,..
Abaca (dried raw fiber),..REGION XII (SOCCSKSARGEN),35.73,33.00,33.24,33.53,36.00,36.26,35.20,33.31,37.52,37.96,39.25,38.50,35.79,38.15,40.24,39.92,40.66,41.21,42.05,42.26,42.18,42.53,44.71,44.70,44.90,41.96,43.71,43.37,43.50,43.02,44.12,43.93,42.70,43.65,41.44,40.59,38.31,39.56,42.33,36.36,37.55,36.12,33.34,34.77,36.85,36.09,36.58,40.15,38.97,40.56,40.49,37.32,41.90,43.77,43.00,44.49,42.19,44.26,43.38,43.83,44.69,46.07,46.91,47.33,44.32,50.78,49.43,48.98,48.51,48.00,47.37,50.28,49.51,50.55,55.96,60.72,61.78,51.82,41.03,54.02,60.53,60.01,60.53,61.08,60.91,61.95,63.53,66.79,65.09,71.27,60.56,67.13,69.86,70.35,68.84,68.32,69.15,68.89,66.52,69.07,71.26,70.80,72.47,69.39,68.47,73.57,72.57,70.59,71.36,69.13,71.20,72.04,72.13,73.11,73.09,76.65,71.99,76.84,70.60,70.82,70.53,70.40,69.54,74.15,72.52,75.53,75.77,73.33,73.32,72.78,73.93,71.18,72.22,70.53,71.63,73.86,72.46,73.75,73.20,73.64,74.11,49.05,70.80,73.69,74.16,76.21,73.65,75.25,74.78,75.02,75.76,72.73,75.52,73.45,73.93,74.51,72.66,72.55,70.08,73.79,72.44,73.08,72.31,73.14,72.96,72.50,72.56,72.01,72.51,69.88,67.60,67.90,67.50,62.94,66.33,65.57,65.79,70.23,66.83,66.32,68.11,67.08,66.88,68.73,68.30,67.13,70.27,71.59,68.44,66.80,65.60,68.18,74.79,74.28,69.25,69.47,69.40,69.14,72.43,72.57,79.61,75.38,74.12,72.90,71.46,71.49,77.13,72.93,69.29,68.73,76.50,..,..,..,..,..,..,..,..,..,..
Abaca (dried raw fiber),..REGION XIII (CARAGA),35.90,36.93,37.45,39.68,38.49,36.28,39.72,38.13,39.48,40.24,40.76,40.25,38.61,41.71,40.76,39.80,39.79,39.84,41.34,37.61,36.82,34.86,36.75,39.01,43.13,39.29,48.44,50.70,50.25,49.84,49.08,51.69,49.45,50.39,49.48,48.80,46.98,46.55,49.30,45.41,44.40,44.71,44.73,44.72,45.06,45.19,46.10,48.22,47.24,49.23,48.67,46.14,49.54,49.36,49.10,49.45,49.73,52.09,51.44,52.16,48.69,48.70,49.24,49.57,49.92,49.87,50.76,53.04,53.23,53.93,55.26,56.14,54.64,55.83,57.73,58.59,60.07,54.92,60.24,65.48,65.71,67.95,68.12,68.18,66.52,70.88,70.05,70.46,70.75,72.48,68.07,75.89,75.55,74.31,73.50,71.44,71.14,68.42,76.60,69.50,72.31,77.69,79.32,73.81,79.04,76.56,75.41,75.59,76.22,77.05,81.91,74.49,76.51,80.14,81.67,82.91,78.13,77.61,73.18,77.67,73.38,74.02,72.73,78.40,70.08,80.11,83.99,85.45,79.07,77.14,87.08,78.27,82.67,82.89,75.99,80.46,78.92,68.17,71.78,74.94,74.16,80.29,77.97,76.67,78.29,72.89,75.28,75.49,71.08,81.35,76.16,70.40,61.79,73.54,71.35,73.69,77.50,69.84,66.51,73.94,75.03,66.93,63.26,60.81,62.85,70.59,69.61,61.21,68.17,68.00,64.23,62.81,72.89,67.53,70.22,65.67,82.15,67.86,63.25,64.59,68.99,68.18,71.50,71.13,67.75,65.12,64.00,75.13,75.06,73.71,69.59,69.68,75.42,88.00,72.17,65.15,61.18,70.41,57.38,43.36,77.14,75.05,71.27,73.27,77.31,77.31,78.64,68.96,57.15,60.71,68.28,..,..,..,..,..,..,..,..,..,..
Abaca (dried raw fiber),..BANGSAMORO AUTONOMOUS REGION IN MUSLIM MINDANAO (BARMM) 1/,28.74,30.25,33.67,33.22,30.93,31.72,30.86,30.18,29.81,32.32,34.12,33.97,31.65,38.91,37.77,29.59,31.14,42.28,42.95,43.16,44.30,44.85,45.37,46.27,37.77,40.36,45.29,46.03,47.00,47.39,44.96,45.31,47.50,44.98,44.53,40.10,39.63,37.52,44.19,37.51,35.51,34.70,34.72,34.99,35.33,35.74,34.60,34.87,37.68,33.61,34.62,35.32,33.00,41.52,37.03,43.36,44.19,35.97,44.38,44.03,42.19,44.94,44.96,45.00,41.71,42.72,42.58,43.96,44.38,43.52,44.30,44.30,44.76,40.78,44.34,44.02,0.00,43.61,42.00,46.29,48.94,47.65,51.60,52.12,52.32,53.00,53.56,54.48,55.33,56.22,51.13,55.07,54.63,54.75,61.23,60.95,61.02,68.12,68.21,67.79,66.74,67.18,64.64,62.53,64.25,64.09,64.07,63.60,63.40,63.28,63.42,63.28,63.30,63.16,63.27,63.42,63.55,63.41,62.92,62.25,62.69,62.87,62.74,62.57,62.78,62.78,62.60,62.65,62.71,62.75,62.47,62.61,62.82,62.85,62.92,62.84,62.89,62.90,61.89,61.90,61.92,61.90,62.49,61.89,61.90,61.89,61.90,61.92,61.88,54.79,55.45,63.74,63.75,56.58,63.77,60.79,63.75,63.75,62.04,61.41,61.41,61.75,61.72,61.73,61.73,61.73,55.80,61.73,61.55,61.74,60.60,60.88,59.92,58.91,58.92,58.92,55.00,55.00,56.00,56.00,55.76,58.14,62.00,62.00,62.00,68.43,60.00,57.00,0.00,0.00,0.00,56.00,56.00,55.76,59.91,61.67,59.39,69.71,63.75,59.62,59.26,59.55,63.39,63.65,56.72,59.55,66.69,61.91,55.00,55.00,55.00,..,..,..,..,..,..,..,..,..,..
Coconut Mature,..REGION VII (CENTRAL VISAYAS),3.55,3.43,3.92,4.21,4.23,4.10,4.33,4.61,4.66,5.08,5.49,5.21,4.40,7.63,7.87,7.54,7.96,7.30,6.86,7.01,6.63,6.18,6.69,6.59,6.75,7.08,6.63,6.43,6.27,6.24,6.18,6.15,6.19,6.46,5.93,5.46,5.34,5.25,6.04,5.17,4.77,4.48,4.58,4.80,5.06,4.89,4.58,4.98,5.23,5.35,6.05,5.00,6.12,6.39,5.44,6.49,6.58,6.52,6.47,6.29,5.97,6.42,6.27,6.32,6.27,6.31,6.16,6.05,6.04,5.71,5.98,5.92,5.93,6.02,6.08,5.90,6.36,6.04,6.16,6.40,6.36,6.38,6.39,5.81,5.59,6.10,6.85,7.54,6.12,9.51,6.60,7.98,7.70,7.57,8.38,9.20,7.89,7.60,8.56,7.49,8.61,8.21,8.62,8.15,9.67,7.25,7.20,8.03,7.28,9.37,7.34,8.58,9.13,7.85,7.35,6.35,7.95,4.66,5.64,4.81,6.05,5.56,5.43,6.18,5.66,4.64,5.21,4.73,6.09,5.39,5.79,5.75,5.99,4.54,4.84,5.14,5.48,5.62,5.32,5.96,6.05,5.78,5.52,8.08,6.86,7.23,6.96,7.12,7.14,6.67,5.82,5.57,6.45,6.47,6.67,6.75,6.79,7.90,7.67,8.61,8.89,8.00,7.42,6.77,7.22,6.46,6.72,6.19,7.39,6.29,6.32,6.25,7.75,7.46,6.79,6.57,7.28,6.91,6.51,6.83,6.48,6.79,7.84,9.86,7.98,8.09,6.05,6.02,5.18,6.22,7.85,6.86,10.22,5.21,7.28,7.98,7.13,7.90,10.13,7.22,8.82,10.26,9.35,6.92,8.03,10.20,9.76,8.64,8.46,9.24,9.15,..,..,..,..,..,..,..,..,..,..
Coconut Mature,..REGION VIII (EASTERN VISAYAS),5.29,5.35,5.63,5.48,5.76,5.54,5.88,6.14,6.39,7.28,7.44,8.34,6.21,9.74,8.90,8.33,8.95,8.78,8.57,8.42,7.64,7.28,7.11,7.54,7.55,8.23,6.94,7.01,7.35,7.11,6.56,6.55,6.29,5.74,6.07,5.77,5.40,5.26,6.34,5.78,5.67,6.19,5.45,5.89,5.95,6.19,6.44,6.75,6.65,7.61,7.63,6.35,9.17,10.04,9.22,10.92,10.95,10.00,10.21,9.78,9.53,9.13,9.48,9.79,9.85,9.05,9.19,9.75,8.73,8.86,8.96,8.73,8.91,8.55,8.58,8.37,7.30,8.75,8.18,9.28,10.84,10.19,10.78,11.77,10.74,11.09,11.06,9.55,10.38,11.31,10.43,9.60,9.20,9.35,8.42,8.25,9.25,9.70,10.76,9.39,8.01,8.45,8.52,9.08,9.08,9.16,8.89,8.53,8.33,8.59,9.74,6.42,6.19,7.07,6.48,6.64,7.93,7.52,6.99,6.47,5.59,6.05,6.56,6.11,5.66,6.04,6.01,5.95,5.71,6.22,6.60,6.30,6.20,6.85,6.39,7.69,6.47,7.54,6.41,7.28,6.60,7.36,6.81,7.37,8.19,7.16,7.43,6.93,7.07,7.52,7.50,7.11,7.61,7.73,8.11,7.48,7.99,8.09,9.90,8.29,8.68,8.74,9.07,9.87,10.98,9.94,6.54,8.64,8.89,8.14,8.28,8.76,7.56,7.91,7.75,8.25,7.92,8.80,8.53,8.64,9.15,8.31,9.21,8.91,9.75,11.12,10.28,10.29,10.70,12.03,13.17,7.70,9.23,8.69,10.09,12.45,11.50,13.05,15.03,14.06,18.96,15.62,14.09,14.82,12.18,12.05,12.84,13.89,10.54,15.28,12.37,..,..,..,..,..,..,..,..,..,..
Coconut Mature,..REGION IX (ZAMBOANGA PENINSULA),3.86,3.80,4.26,4.45,4.53,4.24,4.75,4.96,4.96,5.56,5.83,6.52,4.81,6.36,7.05,6.66,7.07,7.17,6.92,6.51,6.25,6.18,6.04,6.01,9.35,6.80,6.35,6.21,6.21,6.07,6.21,6.31,6.20,6.28,5.97,6.18,6.32,5.96,6.19,5.84,6.28,6.33,6.48,6.16,6.33,6.15,6.11,6.27,6.40,6.54,6.54,6.29,6.79,6.73,6.92,6.59,6.71,6.55,6.25,6.27,6.75,6.52,6.56,6.68,6.61,6.58,5.81,5.81,6.10,6.00,5.96,6.71,6.08,5.84,5.92,6.19,6.82,6.15,6.50,6.63,6.64,7.05,6.53,7.01,7.42,6.88,6.99,7.13,6.97,8.19,7.00,8.28,8.53,7.97,7.24,6.88,7.44,8.14,8.07,7.89,7.68,7.45,7.52,7.76,6.97,6.96,6.57,6.74,6.36,5.94,5.77,6.12,5.98,5.76,5.39,5.43,6.17,4.88,5.49,6.57,6.71,6.27,5.99,5.81,5.80,4.86,5.58,5.43,6.33,5.81,6.08,6.07,5.69,6.06,6.42,5.97,6.37,5.72,4.95,5.53,6.29,6.53,5.97,6.71,6.85,6.89,7.02,7.15,6.57,7.26,6.92,6.88,7.31,8.25,8.35,7.18,7.53,8.28,8.68,9.27,8.56,7.81,8.30,7.38,7.62,8.27,7.84,8.26,8.15,7.53,6.93,7.25,6.84,6.73,6.63,6.81,6.74,6.81,6.71,6.63,7.28,6.91,9.10,8.74,8.52,8.21,9.15,9.55,25.72,20.55,16.52,10.33,10.97,9.98,12.28,12.15,11.14,10.66,10.06,10.75,12.15,12.18,11.31,11.65,12.09,11.20,10.76,11.34,11.22,11.64,11.71,..,..,..,..,..,..,..,..,..,..
Coconut Mature,..REGION X (NORTHERN MINDANAO),3.39,3.32,3.65,3.81,3.84,4.19,4.19,4.99,4.93,5.62,5.84,6.69,4.54,7.26,8.37,7.53,8.62,8.65,7.74,7.56,5.99,5.65,5.78,6.29,5.94,7.12,6.60,6.40,6.09,5.53,4.87,4.71,4.54,4.16,4.23,3.75,3.32,3.16,4.78,3.41,3.64,3.77,3.33,3.69,3.74,3.74,3.97,4.15,4.27,4.43,4.87,3.92,5.08,5.13,5.60,5.64,5.47,5.44,5.03,4.80,4.75,4.87,5.01,4.97,5.15,4.86,4.74,4.68,4.55,4.71,4.72,4.68,4.56,4.69,4.83,4.82,4.91,4.73,5.09,5.54,6.01,6.44,6.35,5.89,6.21,5.85,6.16,5.94,6.57,7.30,6.11,7.29,7.59,7.25,7.30,7.84,7.42,7.28,7.12,6.99,7.04,7.44,7.54,7.34,7.23,6.53,5.72,6.15,6.04,5.39,5.39,5.06,4.86,4.28,4.25,4.48,5.45,4.16,4.57,4.03,4.22,4.23,3.86,3.90,3.81,4.05,4.08,4.09,4.75,4.15,5.03,4.89,4.36,4.64,5.03,4.78,4.82,5.04,5.19,5.74,5.73,6.61,5.16,6.44,6.92,6.74,6.99,7.33,7.50,7.35,7.19,6.84,7.22,8.02,7.68,7.19,8.03,8.53,9.10,9.13,8.16,8.11,6.75,6.30,6.10,6.46,6.18,5.73,7.38,5.57,5.30,5.49,5.81,5.86,5.96,5.99,6.33,6.16,6.04,6.15,6.24,5.91,6.92,8.26,10.26,8.62,8.12,9.47,8.45,8.88,9.08,10.45,10.96,8.36,8.99,10.56,11.34,11.36,12.69,14.49,14.21,12.77,12.84,12.94,13.03,13.24,12.89,12.70,10.99,11.62,12.28,..,..,..,..,..,..,..,..,..,..
Coconut Mature,..REGION XI (DAVAO REGION),3.62,3.63,3.82,4.08,4.29,4.64,4.70,4.93,5.88,6.57,6.82,7.40,5.03,8.55,9.97,9.05,9.94,9.96,8.87,7.42,6.47,5.92,5.89,6.15,5.97,7.85,6.36,6.05,6.01,5.73,5.34,4.62,4.45,4.22,4.22,4.15,3.84,3.81,4.90,3.94,3.82,3.78,3.92,4.42,4.59,4.47,4.67,5.07,4.86,5.49,6.04,4.59,6.05,6.65,7.16,7.14,7.16,6.88,6.06,5.41,5.63,5.95,5.98,5.85,6.33,5.02,5.15,5.28,5.39,5.61,5.55,5.64,5.29,5.77,5.59,5.61,6.00,5.49,6.08,6.75,7.80,8.41,8.64,8.39,8.18,8.22,8.64,9.44,9.07,8.98,8.22,9.33,10.22,9.33,9.47,9.15,8.94,7.92,8.49,8.69,8.77,7.64,7.51,8.79,7.47,6.62,6.05,6.04,5.29,4.61,4.51,4.99,4.85,4.47,4.05,4.09,5.25,3.95,3.67,3.82,3.78,3.78,3.94,3.96,3.88,4.08,4.24,4.28,4.32,3.98,4.81,4.57,4.65,4.54,4.53,4.47,4.78,4.67,5.34,6.16,6.68,7.09,5.19,7.26,7.20,7.78,7.49,8.01,7.69,7.61,7.44,7.37,7.93,7.83,7.73,7.61,7.41,7.88,8.72,8.76,7.65,7.24,6.68,5.95,6.00,5.35,5.63,5.54,6.90,5.06,4.84,5.16,5.50,5.29,5.24,5.61,5.73,5.80,5.57,5.88,5.68,5.45,5.98,6.22,6.52,10.02,6.48,9.26,7.54,9.69,16.41,9.71,9.83,9.72,8.95,11.40,11.83,12.41,14.39,13.72,13.67,12.55,12.82,11.89,13.41,13.69,14.82,13.05,11.75,12.65,12.18,..,..,..,..,..,..,..,..,..,..
Coconut Mature,..REGION XII (SOCCSKSARGEN),3.68,3.77,3.84,3.93,4.12,3.88,3.80,3.79,4.06,4.13,4.96,5.78,4.15,10.48,10.92,9.27,9.66,9.30,9.27,9.16,8.56,8.74,8.30,8.56,7.75,9.16,7.37,7.12,7.34,6.82,6.58,6.15,6.05,5.93,5.95,5.69,5.53,5.39,6.33,5.25,5.42,5.00,4.46,4.55,4.75,5.06,5.20,5.39,4.99,6.62,6.81,5.29,6.82,7.35,7.39,7.68,7.31,5.79,5.58,5.42,5.55,5.95,6.07,6.25,6.43,5.90,5.94,5.76,5.63,5.71,5.74,5.83,5.60,5.28,5.52,5.45,5.79,5.68,5.35,5.57,5.85,6.09,5.78,5.32,8.05,7.29,7.00,7.23,7.88,6.75,6.51,8.69,8.75,8.22,8.27,8.08,8.19,8.01,8.04,7.63,7.02,7.79,7.00,7.97,6.21,5.92,5.54,6.00,4.89,5.51,4.58,4.39,4.82,4.91,4.10,4.88,5.15,4.59,3.06,3.66,3.23,3.39,3.57,4.00,3.88,3.50,3.67,3.95,4.01,3.71,3.82,3.59,3.76,4.04,4.14,4.07,4.51,4.46,4.36,4.41,5.51,5.95,4.39,6.09,5.71,6.08,6.80,6.52,6.69,7.09,6.62,5.98,6.84,6.83,6.43,6.47,7.18,7.32,7.99,8.15,6.62,6.82,6.16,5.76,4.89,5.20,5.00,4.90,6.33,4.18,4.72,4.54,5.12,4.91,4.57,4.50,4.75,4.98,4.87,4.98,5.25,4.78,4.75,5.05,6.56,12.27,18.42,10.82,18.12,16.37,11.30,7.90,7.82,7.33,10.56,9.34,9.13,8.66,13.02,11.18,10.91,9.19,10.34,12.58,9.80,10.07,9.59,10.32,10.37,10.36,10.83,..,..,..,..,..,..,..,..,..,..
Coconut Mature,..REGION XIII (CARAGA),3.68,3.82,4.12,4.21,4.26,4.67,5.04,5.46,5.87,6.54,7.39,7.59,5.22,8.66,9.57,8.80,9.41,9.03,7.95,6.84,5.75,5.19,5.70,5.79,6.31,7.42,6.53,6.47,6.30,6.60,5.31,5.40,4.60,3.64,4.40,4.50,4.31,4.21,5.19,4.28,3.98,4.06,3.75,3.78,4.14,4.32,4.75,4.96,5.01,5.56,5.72,4.53,6.00,6.89,7.51,7.62,7.79,7.62,7.00,6.16,5.77,6.36,5.96,5.84,6.71,5.90,5.39,5.61,5.77,5.81,5.67,5.63,5.24,5.24,5.15,5.48,5.39,5.52,5.62,5.91,6.18,7.47,7.72,7.68,7.98,7.55,7.51,8.18,8.28,8.27,7.36,8.52,8.53,8.64,8.53,8.77,8.13,8.13,8.44,8.75,7.89,8.08,8.06,8.37,7.14,6.80,6.55,6.01,5.01,5.08,4.70,4.25,4.21,4.05,3.73,3.60,5.09,3.74,3.28,3.01,3.57,4.20,3.87,3.84,3.86,3.86,3.36,3.24,4.51,3.70,4.34,5.11,4.29,4.78,4.70,4.43,4.63,4.88,4.81,5.74,6.16,6.32,5.02,7.16,6.81,6.42,7.23,7.70,6.99,6.99,7.21,6.89,6.97,7.52,7.42,7.11,7.69,7.74,9.35,10.15,7.71,8.84,6.85,6.29,7.93,8.51,9.08,7.23,8.11,7.03,5.90,6.20,6.87,6.89,5.71,7.03,6.58,6.97,6.40,7.43,9.08,6.84,6.75,6.70,6.92,6.16,6.25,6.60,7.80,6.61,9.26,8.19,7.55,9.73,7.38,10.67,12.95,12.04,9.65,10.69,14.61,12.43,21.87,12.80,11.98,12.77,12.96,12.95,14.35,13.35,19.97,..,..,..,..,..,..,..,..,..,..
Coconut Mature,..BANGSAMORO AUTONOMOUS REGION IN MUSLIM MINDANAO (BARMM) 1/,5.20,5.96,6.40,6.36,6.21,6.70,6.74,9.12,8.78,9.19,8.14,7.79,7.22,7.99,8.22,7.84,8.10,8.18,6.24,5.48,5.59,5.79,4.99,5.67,4.96,6.59,4.85,4.46,5.01,4.91,5.39,4.95,5.75,5.93,4.98,4.87,4.93,5.11,5.10,4.79,4.87,5.15,5.38,5.35,5.35,6.60,6.74,6.04,7.65,7.50,7.59,6.08,8.07,9.14,8.99,8.09,8.07,7.92,7.66,7.27,6.94,6.91,7.23,7.36,7.80,7.13,6.66,6.93,7.14,7.53,7.67,7.14,7.59,7.59,7.09,6.97,8.40,7.32,7.59,7.59,7.98,7.44,8.88,9.93,9.68,9.33,10.38,10.19,10.47,9.92,9.12,11.96,11.48,11.77,12.65,12.63,12.67,11.79,11.91,11.63,11.66,11.75,12.19,12.01,12.16,11.97,11.91,11.65,11.17,10.62,10.69,10.82,10.70,10.64,10.66,10.97,11.16,9.86,9.47,10.86,10.61,10.57,10.49,10.80,11.20,11.22,10.83,10.71,9.63,10.52,10.32,10.34,13.54,11.10,9.78,11.25,10.79,10.44,7.77,9.14,9.23,10.16,10.32,9.36,10.31,9.05,8.44,8.52,8.95,7.97,7.97,8.37,8.33,9.71,7.59,8.71,9.20,9.77,9.56,9.34,10.04,10.51,10.06,10.02,10.02,10.51,10.60,10.84,10.04,8.68,9.26,9.10,8.80,9.01,8.66,8.71,8.78,8.79,8.80,8.81,9.07,8.87,12.58,11.21,11.36,21.15,13.25,11.81,11.52,11.59,19.18,12.24,9.03,10.65,12.96,9.47,11.57,11.85,16.00,16.00,17.16,12.45,12.06,12.55,11.16,11.68,12.86,12.90,12.61,13.68,12.61,..,..,..,..,..,..,..,..,..,..
Coconut Young,..REGION VII (CENTRAL VISAYAS),6.26,6.12,6.22,6.27,6.19,6.20,6.24,6.47,7.09,7.05,7.48,7.17,6.56,7.06,7.00,7.04,7.05,7.14,6.80,6.91,6.84,6.27,7.10,7.38,7.64,7.02,7.40,7.32,7.25,7.42,7.09,7.22,7.24,6.96,7.29,7.15,7.38,7.39,7.26,7.26,7.15,7.04,7.53,7.44,7.33,6.87,7.37,7.82,7.44,7.62,8.09,7.41,8.15,8.03,7.30,7.68,8.10,7.62,7.80,7.65,7.42,7.43,7.59,7.20,7.66,7.06,7.61,7.83,7.94,7.83,8.13,8.35,9.28,8.70,8.55,8.41,9.08,8.23,8.34,8.54,9.02,9.07,8.93,8.24,7.65,7.33,7.99,9.13,8.93,9.51,8.56,8.19,8.89,8.42,8.11,8.37,8.89,9.29,8.75,9.04,9.06,9.48,9.03,8.79,10.15,9.94,9.39,9.22,8.90,8.58,9.13,9.17,9.10,8.70,9.55,8.48,9.19,7.85,7.41,7.33,7.42,7.08,6.88,8.34,7.25,6.35,7.40,7.64,7.96,7.41,8.08,6.73,6.67,6.93,8.32,8.75,7.93,7.84,8.95,9.05,9.53,9.47,8.19,9.20,8.74,10.48,9.14,8.83,9.20,9.88,8.38,8.44,9.09,8.73,9.38,9.12,9.73,10.16,11.15,10.14,10.63,10.96,10.66,10.72,10.96,10.97,11.24,10.83,10.68,9.55,9.97,10.83,11.11,10.52,10.89,11.12,10.92,10.26,10.65,10.50,10.11,10.54,11.50,11.00,10.15,13.44,10.95,6.02,12.11,11.85,10.94,11.46,10.34,0.00,10.89,9.89,9.53,9.99,10.73,10.89,10.96,11.69,12.11,11.64,11.99,11.01,10.94,10.95,11.16,11.04,10.92,..,..,..,..,..,..,..,..,..,..
Coconut Young,..REGION VIII (EASTERN VISAYAS),5.07,4.85,4.87,4.90,4.93,5.00,4.87,4.86,4.93,5.51,5.55,5.17,5.04,6.66,6.47,6.15,6.15,6.05,5.89,5.72,5.65,5.34,5.39,5.66,5.12,5.85,5.03,5.51,6.25,6.90,6.68,6.50,6.60,6.92,7.04,7.21,7.48,7.35,6.62,7.42,7.39,7.11,7.40,7.28,7.22,7.40,7.09,7.22,6.96,10.15,10.61,7.77,11.14,11.27,11.30,11.30,11.73,12.50,14.17,13.95,14.47,14.98,15.52,16.23,13.21,16.87,17.10,17.03,16.84,17.15,16.00,15.55,15.77,15.42,15.29,15.33,0.00,16.21,10.12,11.98,10.90,14.09,11.71,13.34,13.65,11.71,11.99,10.89,14.47,11.26,12.18,13.91,11.58,11.85,10.59,10.03,11.87,10.79,9.80,9.92,8.78,11.44,9.68,10.85,9.96,10.42,9.95,10.03,10.50,10.74,10.77,10.62,10.29,10.84,9.30,10.86,10.36,9.09,7.94,8.67,8.93,7.18,9.40,6.96,8.63,8.54,9.78,8.90,9.56,8.63,8.50,8.60,10.02,9.19,8.80,9.65,8.76,12.42,9.38,11.92,12.52,10.75,10.04,10.81,10.76,8.70,8.89,8.82,10.44,8.75,8.65,8.98,8.37,8.19,8.25,9.13,11.55,10.54,11.04,11.78,12.90,12.22,10.36,11.82,11.59,11.82,10.23,11.46,11.44,4.87,6.39,6.47,4.66,5.33,5.17,5.62,5.62,7.52,7.42,8.14,7.69,6.24,13.20,13.13,14.46,6.00,7.50,11.17,10.65,11.50,9.20,14.36,15.03,15.00,11.77,10.11,9.59,11.53,15.12,11.51,14.89,20.56,20.63,15.88,16.57,16.37,15.67,14.87,10.18,10.75,10.76,..,..,..,..,..,..,..,..,..,..
Coconut Young,..REGION IX (ZAMBOANGA PENINSULA),4.45,3.90,4.50,4.20,4.54,4.15,4.44,4.99,5.16,5.42,5.53,5.97,4.77,5.79,6.58,6.40,6.87,6.83,6.81,6.66,6.75,6.37,6.38,6.22,6.30,6.50,6.15,6.50,6.14,6.46,6.43,6.32,6.25,6.10,5.85,6.19,5.73,5.67,6.15,5.14,5.27,5.27,5.14,5.26,5.20,5.15,5.22,5.36,5.19,5.20,5.74,5.26,5.38,5.63,5.56,5.49,5.69,5.69,5.62,5.58,6.13,5.85,5.44,5.83,5.66,4.77,5.14,4.67,5.20,5.22,7.02,5.84,5.72,5.40,5.51,5.33,8.48,5.69,6.17,6.75,6.75,6.31,7.64,7.61,7.39,7.02,7.29,7.70,8.11,8.00,7.23,7.76,7.44,7.55,7.38,6.85,6.77,6.70,6.64,6.84,6.51,6.47,6.49,6.95,6.06,6.71,6.54,6.10,6.16,6.09,6.09,6.04,5.76,6.08,6.01,5.63,6.11,5.86,6.11,5.86,6.87,7.05,6.77,6.93,7.28,7.40,6.65,7.22,8.04,6.84,7.25,7.20,8.69,7.06,7.00,7.37,7.32,7.39,6.53,6.94,6.77,6.96,7.21,6.81,6.60,7.17,8.28,7.68,7.85,7.69,7.59,7.58,8.30,7.75,8.88,7.68,7.97,9.05,9.95,9.34,7.94,8.62,10.64,8.89,9.35,9.48,9.66,10.12,9.25,8.72,8.15,7.79,7.53,7.66,7.37,7.16,6.86,6.98,7.40,8.06,7.59,7.61,10.00,10.70,11.37,10.00,3.33,10.00,9.83,31.00,20.00,12.00,12.00,10.50,12.56,15.33,15.33,14.02,13.88,14.37,13.05,13.07,13.29,12.53,14.30,17.77,10.00,13.91,14.99,12.53,10.99,..,..,..,..,..,..,..,..,..,..
Coconut Young,..REGION X (NORTHERN MINDANAO),2.94,2.90,3.07,3.16,3.34,3.22,3.16,3.22,3.28,3.60,3.72,3.85,3.29,3.88,3.85,3.81,4.01,4.05,3.86,3.81,4.00,4.22,4.19,4.24,4.29,4.02,4.43,4.26,4.35,4.68,4.28,4.15,4.07,4.14,3.97,3.82,3.68,3.56,4.12,3.79,3.84,4.32,4.75,4.52,4.67,4.93,5.03,5.25,4.99,5.25,4.81,4.68,5.37,5.30,5.28,5.35,5.45,5.32,5.36,5.03,5.08,5.07,5.01,5.16,5.23,5.30,5.64,5.55,5.62,5.53,5.16,5.38,5.34,5.31,5.33,5.31,5.04,5.38,4.57,4.85,5.22,5.45,6.47,5.89,6.22,5.91,5.94,6.66,6.76,6.87,5.90,7.02,7.30,7.46,7.37,7.84,7.83,8.03,7.39,7.43,7.23,7.29,7.42,7.47,7.91,7.62,7.44,7.73,7.09,7.78,7.56,7.19,6.72,6.94,7.35,6.96,7.36,6.73,7.41,7.40,7.83,8.21,7.36,8.36,8.25,8.49,8.58,8.63,8.30,7.96,9.91,9.72,9.39,10.08,8.88,9.14,9.31,9.16,8.89,8.45,9.45,8.82,9.27,9.09,9.21,9.35,9.43,9.15,9.43,9.38,9.26,8.66,8.28,8.83,9.76,9.15,9.17,10.37,12.87,11.69,10.47,10.33,10.77,11.05,10.50,11.28,10.36,10.30,10.76,11.10,12.18,12.70,12.80,13.13,13.63,13.17,13.25,14.73,14.24,13.03,13.87,13.15,10.57,10.72,11.41,7.21,7.67,9.23,8.63,8.76,10.63,9.97,8.06,8.65,9.29,8.03,8.67,9.40,10.44,11.55,10.49,9.46,11.63,10.13,8.63,9.83,6.51,9.56,11.65,12.20,12.82,..,..,..,..,..,..,..,..,..,..
Coconut Young,..REGION XI (DAVAO REGION),4.65,4.68,4.87,5.03,4.86,4.87,5.08,5.14,6.41,6.93,7.11,7.66,5.61,9.67,9.78,8.68,8.91,8.86,7.86,7.88,7.03,6.71,6.46,7.33,7.41,8.05,4.46,4.61,4.70,4.61,4.30,4.10,4.07,4.06,4.30,4.62,4.30,4.26,4.37,4.14,4.52,4.41,4.42,4.11,4.10,4.16,4.35,4.79,4.50,4.56,5.16,4.44,4.81,4.87,5.19,4.94,5.09,5.28,5.42,5.13,4.64,4.55,4.58,4.96,4.96,4.99,4.73,5.14,4.98,5.67,4.32,4.98,4.52,6.12,4.29,3.14,3.26,4.68,2.85,4.10,4.25,4.84,4.96,5.39,5.26,4.39,4.71,5.06,5.11,6.02,4.75,6.21,6.88,5.01,4.81,5.27,5.41,5.18,5.58,5.57,6.11,5.76,5.72,5.63,5.36,5.89,5.78,5.50,5.06,4.26,4.81,4.93,4.63,4.10,3.83,3.73,4.82,4.43,3.04,3.26,3.28,3.26,3.65,3.37,3.30,3.51,3.60,3.95,3.82,3.54,4.05,3.84,3.97,3.85,4.49,4.50,4.50,4.74,4.54,4.93,5.48,5.50,4.53,5.75,6.00,6.00,6.00,7.00,7.15,7.19,7.00,6.94,7.21,6.78,7.31,6.69,7.33,7.45,8.08,8.06,7.36,6.78,6.74,5.32,5.04,4.69,4.77,5.39,6.42,0.00,0.00,0.00,0.00,4.76,0.00,0.00,6.19,0.00,0.00,0.00,0.00,5.48,4.67,5.12,5.49,10.00,0.00,7.00,7.00,7.00,8.67,7.61,10.17,10.80,7.59,20.00,10.67,20.00,20.00,11.87,16.06,15.60,14.68,16.21,13.14,15.02,17.64,15.91,19.33,19.68,20.93,..,..,..,..,..,..,..,..,..,..
Coconut Young,..REGION XII (SOCCSKSARGEN),3.51,3.61,3.63,4.52,5.80,6.73,6.88,7.45,7.37,7.55,7.75,8.36,6.10,9.26,9.34,8.71,8.66,8.31,7.68,7.28,6.85,6.75,6.51,6.59,6.73,7.72,6.31,6.23,6.42,6.93,6.79,5.66,5.55,5.57,5.35,5.35,5.24,5.12,5.88,5.04,4.96,4.54,4.31,5.21,5.27,5.07,5.25,5.47,5.20,5.60,5.78,5.14,6.21,6.79,7.19,6.86,6.30,5.65,4.76,5.24,5.13,5.41,5.87,5.32,5.89,5.55,5.43,5.75,5.21,5.27,5.30,5.34,5.43,5.83,6.48,6.72,5.59,5.66,5.47,5.48,6.11,5.56,6.03,6.05,5.54,6.13,6.64,6.66,7.12,7.21,6.17,9.33,6.78,7.91,8.40,6.77,7.22,7.16,6.85,6.46,8.88,8.15,8.02,7.66,6.83,5.56,6.50,6.69,5.80,6.33,5.84,6.78,6.50,5.73,5.66,6.70,6.24,5.95,7.79,8.01,6.19,7.08,5.60,6.32,5.82,6.01,6.44,6.09,5.95,6.44,6.74,7.04,6.98,8.57,7.28,6.51,7.13,7.38,7.80,7.69,6.58,6.88,7.22,7.38,6.56,6.33,6.86,7.61,7.79,6.41,5.90,6.19,6.11,6.22,8.16,6.79,9.82,10.84,11.43,11.05,10.51,9.55,9.14,7.90,6.18,9.56,10.25,10.71,9.75,10.46,10.05,9.13,10.08,10.23,9.67,10.28,10.54,10.14,11.37,10.83,14.19,10.58,9.00,9.00,9.00,7.77,12.01,9.94,13.22,13.34,10.90,13.03,12.63,15.31,11.26,10.00,13.75,15.13,4.80,10.95,20.00,13.32,12.90,12.47,15.00,11.67,20.00,13.33,13.21,12.41,13.21,..,..,..,..,..,..,..,..,..,..
Coconut Young,..REGION XIII (CARAGA),5.22,5.48,5.96,5.32,5.53,5.60,6.02,5.89,6.64,7.21,7.96,8.29,6.26,7.66,7.60,7.47,7.55,7.72,7.89,7.33,7.69,7.63,8.38,7.96,8.83,7.81,9.15,8.72,8.55,7.80,8.03,8.21,8.13,8.08,8.20,7.80,7.61,8.75,8.25,8.42,8.72,8.17,8.27,7.75,7.80,7.81,7.68,8.04,8.85,8.56,9.85,8.33,10.38,10.20,10.49,11.05,11.10,11.33,11.34,10.91,10.24,10.48,10.43,11.47,10.79,11.28,10.02,10.31,11.07,10.70,10.37,10.55,10.08,10.36,9.42,10.20,9.50,10.32,10.31,10.60,11.22,11.19,11.18,12.29,10.58,10.36,10.02,9.52,9.64,10.95,10.66,10.98,10.06,10.98,11.67,11.16,11.38,10.73,10.77,10.97,10.60,10.82,13.11,11.10,10.69,12.65,13.48,12.74,10.98,11.01,10.23,9.41,9.71,10.55,10.53,10.83,11.07,10.32,11.16,13.92,14.31,11.79,12.00,11.49,11.39,13.67,8.75,9.11,11.11,11.59,10.18,10.45,13.31,10.98,10.38,9.86,9.46,10.34,10.16,10.59,10.50,9.54,10.48,10.21,10.73,10.48,9.95,9.73,11.44,10.86,10.89,9.88,10.27,10.03,10.89,10.45,11.77,12.19,12.55,12.83,12.90,14.87,10.65,11.92,12.24,13.61,15.06,15.59,13.02,11.59,12.37,12.46,13.94,13.11,12.08,14.35,13.86,11.69,12.06,15.18,16.19,13.24,12.91,11.00,14.50,10.00,13.37,10.18,10.52,16.20,16.96,11.52,15.24,12.00,12.87,15.45,15.37,15.00,9.67,9.77,9.37,7.93,8.12,7.36,11.89,8.01,11.13,10.76,21.45,21.43,21.53,..,..,..,..,..,..,..,..,..,..
Coconut Young,..BANGSAMORO AUTONOMOUS REGION IN MUSLIM MINDANAO (BARMM) 1/,6.61,6.99,7.55,7.39,7.19,8.00,8.14,9.72,9.43,9.81,8.33,8.87,8.17,6.65,7.07,7.30,8.13,8.28,8.54,7.23,7.24,7.30,5.83,6.22,4.18,7.00,6.33,4.98,5.12,4.35,5.45,3.75,6.48,6.75,4.76,4.86,4.97,4.78,5.22,4.37,4.49,4.97,4.98,5.04,5.23,6.58,6.38,6.64,7.01,7.45,7.58,5.89,7.95,9.58,9.22,8.13,8.38,9.20,9.10,8.27,7.83,7.53,7.99,8.11,8.44,8.29,7.53,8.00,8.63,8.35,9.83,9.11,9.22,9.40,9.18,9.08,11.68,9.03,9.32,9.13,9.35,9.48,9.73,11.11,11.31,11.22,11.62,12.26,16.33,8.72,10.80,13.54,13.46,14.02,13.85,13.64,12.69,13.04,12.21,12.56,12.67,12.74,12.69,13.09,12.54,12.81,12.61,12.99,12.75,12.78,13.43,13.61,13.73,13.87,13.57,13.63,13.19,12.95,12.46,12.64,12.93,12.98,12.85,12.91,12.96,12.99,13.36,13.58,8.66,12.61,13.26,13.71,13.17,12.84,12.38,10.91,10.79,11.13,10.72,10.85,10.73,9.46,11.66,10.72,10.64,11.44,10.10,10.78,9.71,9.56,9.68,10.26,10.24,10.36,10.90,10.37,10.27,10.58,11.32,11.29,11.36,11.48,11.56,11.93,11.88,12.00,12.26,12.09,11.50,12.40,12.58,12.98,12.75,13.11,13.01,12.84,12.93,12.97,13.02,13.05,13.03,12.89,12.48,12.43,12.44,7.81,4.64,4.12,12.30,10.88,12.50,9.74,8.98,7.67,9.66,11.67,9.86,12.75,9.02,11.36,11.97,15.36,13.59,8.81,11.03,12.45,8.22,11.34,11.50,10.15,9.31,..,..,..,..,..,..,..,..,..,..
Coffee Arabica (green coffee beans),..REGION VII (CENTRAL VISAYAS),0.00,0.00,0.00,0.00,0.00,0.00,0.00,0.00,0.00,0.00,0.00,0.00,0.00,0.00,0.00,0.00,0.00,0.00,0.00,0.00,0.00,0.00,0.00,0.00,0.00,0.00,0.00,0.00,0.00,0.00,0.00,0.00,0.00,0.00,0.00,0.00,0.00,0.00,0.00,0.00,0.00,0.00,0.00,0.00,0.00,0.00,0.00,0.00,0.00,0.00,0.00,0.00,0.00,0.00,0.00,0.00,0.00,0.00,0.00,0.00,0.00,0.00,0.00,0.00,0.00,0.00,0.00,0.00,0.00,0.00,0.00,0.00,0.00,0.00,0.00,0.00,0.00,0.00,0.00,0.00,0.00,0.00,0.00,0.00,0.00,0.00,0.00,0.00,0.00,0.00,0.00,62.75,69.64,85.95,0.00,95.87,94.96,93.18,100.51,110.00,0.00,81.92,85.41,88.02,80.77,80.25,81.60,89.68,95.50,86.93,79.99,89.22,85.79,79.23,79.13,76.78,83.74,87.05,94.69,79.09,103.88,90.71,0.00,0.00,0.00,0.00,0.00,0.00,60.13,85.93,0.00,87.13,96.79,0.00,88.00,0.00,0.00,0.00,0.00,0.00,0.00,71.94,85.97,78.61,80.62,74.75,75.71,80.00,80.65,82.00,98.50,0.00,93.33,80.29,80.51,82.27,90.85,87.25,0.00,0.00,0.00,0.00,0.00,0.00,0.00,0.00,147.71,124.69,112.63,105.14,117.77,145.88,130.00,0.00,0.00,0.00,0.00,0.00,0.00,0.00,119.18,123.59,0.00,0.00,0.00,170.00,170.00,170.00,0.00,0.00,0.00,0.00,150.00,0.00,165.00,0.00,0.00,0.00,0.00,0.00,0.00,0.00,0.00,0.00,200.00,0.00,0.00,200.00,0.00,0.00,100.00,..,..,..,..,..,..,..,..,..,..
Coffee Arabica (green coffee beans),..REGION VIII (EASTERN VISAYAS),0.00,0.00,0.00,0.00,0.00,0.00,0.00,0.00,0.00,0.00,0.00,0.00,0.00,0.00,0.00,0.00,0.00,0.00,0.00,0.00,0.00,0.00,0.00,0.00,0.00,0.00,0.00,0.00,0.00,0.00,0.00,0.00,0.00,0.00,0.00,0.00,0.00,0.00,0.00,0.00,0.00,0.00,0.00,0.00,0.00,0.00,0.00,0.00,0.00,0.00,0.00,0.00,0.00,0.00,0.00,0.00,0.00,0.00,0.00,0.00,0.00,0.00,0.00,0.00,0.00,0.00,0.00,0.00,0.00,0.00,0.00,0.00,0.00,0.00,0.00,0.00,0.00,0.00,0.00,0.00,0.00,0.00,0.00,0.00,0.00,0.00,0.00,0.00,0.00,0.00,0.00,0.00,0.00,0.00,0.00,0.00,0.00,0.00,0.00,0.00,0.00,0.00,0.00,0.00,0.00,0.00,0.00,0.00,0.00,0.00,0.00,0.00,0.00,0.00,0.00,0.00,0.00,0.00,0.00,0.00,0.00,0.00,0.00,0.00,0.00,0.00,0.00,0.00,0.00,0.00,0.00,0.00,0.00,0.00,0.00,0.00,0.00,0.00,0.00,0.00,0.00,0.00,0.00,0.00,0.00,0.00,0.00,0.00,0.00,0.00,0.00,0.00,0.00,0.00,0.00,0.00,0.00,0.00,0.00,0.00,0.00,0.00,0.00,0.00,0.00,0.00,0.00,0.00,0.00,0.00,0.00,0.00,0.00,0.00,0.00,0.00,0.00,0.00,0.00,0.00,0.00,0.00,0.00,0.00,0.00,0.00,0.00,0.00,0.00,0.00,0.00,0.00,0.00,0.00,0.00,0.00,0.00,0.00,0.00,0.00,0.00,0.00,0.00,0.00,0.00,0.00,0.00,0.00,0.00,0.00,0.00,..,..,..,..,..,..,..,..,..,..
Coffee Arabica (green coffee beans),..REGION IX (ZAMBOANGA PENINSULA),0.00,0.00,0.00,0.00,0.00,0.00,0.00,0.00,0.00,0.00,0.00,0.00,0.00,0.00,0.00,0.00,0.00,0.00,0.00,0.00,0.00,0.00,0.00,0.00,0.00,0.00,0.00,0.00,0.00,0.00,0.00,0.00,0.00,0.00,0.00,0.00,0.00,0.00,0.00,0.00,0.00,0.00,0.00,0.00,0.00,0.00,0.00,0.00,0.00,0.00,0.00,0.00,0.00,0.00,0.00,0.00,0.00,0.00,0.00,0.00,0.00,0.00,0.00,0.00,0.00,0.00,0.00,0.00,0.00,0.00,0.00,0.00,0.00,0.00,0.00,0.00,0.00,0.00,0.00,0.00,0.00,0.00,0.00,0.00,0.00,0.00,0.00,0.00,0.00,0.00,0.00,0.00,0.00,0.00,0.00,0.00,0.00,0.00,0.00,0.00,0.00,0.00,0.00,0.00,0.00,0.00,0.00,0.00,0.00,0.00,0.00,0.00,0.00,0.00,0.00,0.00,0.00,0.00,0.00,0.00,0.00,0.00,0.00,0.00,0.00,0.00,0.00,0.00,0.00,0.00,0.00,0.00,0.00,0.00,0.00,0.00,0.00,0.00,0.00,0.00,0.00,0.00,0.00,0.00,0.00,0.00,0.00,0.00,0.00,0.00,0.00,0.00,0.00,0.00,0.00,0.00,0.00,0.00,0.00,0.00,0.00,0.00,0.00,0.00,0.00,0.00,0.00,0.00,0.00,0.00,0.00,0.00,0.00,0.00,0.00,0.00,0.00,0.00,0.00,0.00,0.00,0.00,0.00,0.00,0.00,95.00,0.00,0.00,98.00,0.00,0.00,98.00,98.00,98.00,97.40,98.00,98.00,98.00,94.00,99.00,100.00,100.00,100.00,120.00,120.00,115.00,120.00,105.17,229.90,236.42,235.74,..,..,..,..,..,..,..,..,..,..
Coffee Arabica (green coffee beans),..REGION X (NORTHERN MINDANAO),0.00,0.00,0.00,0.00,0.00,0.00,0.00,0.00,0.00,0.00,0.00,0.00,0.00,0.00,0.00,0.00,0.00,0.00,0.00,0.00,0.00,0.00,0.00,0.00,0.00,0.00,0.00,0.00,0.00,0.00,0.00,0.00,0.00,0.00,0.00,0.00,0.00,0.00,0.00,0.00,0.00,0.00,0.00,0.00,0.00,0.00,0.00,0.00,0.00,0.00,0.00,0.00,0.00,0.00,0.00,0.00,0.00,0.00,0.00,0.00,0.00,0.00,0.00,0.00,0.00,0.00,0.00,0.00,0.00,0.00,0.00,0.00,0.00,0.00,0.00,0.00,0.00,0.00,0.00,0.00,0.00,0.00,0.00,0.00,0.00,0.00,0.00,0.00,0.00,0.00,0.00,0.00,0.00,0.00,0.00,0.00,0.00,0.00,0.00,0.00,0.00,0.00,0.00,0.00,0.00,0.00,0.00,0.00,0.00,0.00,0.00,0.00,0.00,0.00,0.00,0.00,0.00,0.00,0.00,0.00,0.00,0.00,0.00,0.00,0.00,0.00,0.00,0.00,0.00,0.00,0.00,0.00,0.00,0.00,0.00,0.00,0.00,0.00,0.00,0.00,0.00,0.00,0.00,0.00,0.00,0.00,0.00,0.00,0.00,0.00,0.00,0.00,0.00,0.00,0.00,0.00,0.00,0.00,0.00,0.00,0.00,0.00,0.00,0.00,0.00,0.00,0.00,0.00,0.00,0.00,0.00,0.00,0.00,0.00,0.00,0.00,0.00,0.00,0.00,0.00,0.00,0.00,190.00,190.00,202.17,199.78,0.00,0.00,224.12,249.94,214.12,227.05,0.00,50.21,194.15,300.00,300.00,300.00,432.57,320.00,500.00,298.67,300.00,225.00,221.70,219.42,300.00,309.78,226.44,226.44,235.00,..,..,..,..,..,..,..,..,..,..
Coffee Arabica (green coffee beans),..REGION XI (DAVAO REGION),0.00,0.00,0.00,0.00,0.00,0.00,0.00,0.00,0.00,0.00,0.00,0.00,0.00,0.00,0.00,0.00,0.00,0.00,0.00,0.00,0.00,0.00,0.00,0.00,0.00,0.00,0.00,0.00,0.00,0.00,0.00,0.00,0.00,0.00,0.00,0.00,0.00,0.00,0.00,0.00,0.00,0.00,0.00,0.00,0.00,0.00,0.00,0.00,0.00,0.00,0.00,0.00,0.00,0.00,0.00,0.00,0.00,0.00,0.00,0.00,0.00,0.00,0.00,0.00,0.00,0.00,0.00,0.00,0.00,0.00,0.00,0.00,0.00,0.00,0.00,0.00,0.00,0.00,0.00,0.00,0.00,0.00,0.00,0.00,0.00,0.00,0.00,0.00,0.00,0.00,0.00,0.00,85.00,97.16,88.42,98.66,122.92,99.87,94.11,108.73,100.03,165.06,105.09,105.91,87.39,114.61,112.98,80.27,110.78,137.77,116.38,87.25,102.90,143.24,126.80,120.19,111.71,115.66,92.42,91.62,98.38,117.46,109.13,107.06,99.92,107.36,106.57,99.16,98.59,103.61,0.00,0.00,0.00,0.00,0.00,0.00,0.00,0.00,0.00,0.00,0.00,0.00,0.00,0.00,98.59,110.65,108.41,107.82,107.45,119.81,93.96,105.19,91.21,89.13,96.51,102.61,97.11,89.59,139.36,150.27,182.87,253.58,156.74,102.76,280.87,285.58,376.65,417.91,211.11,554.17,361.02,444.75,517.95,417.93,411.39,369.09,366.59,365.60,334.13,349.44,545.24,419.78,187.55,224.00,192.70,0.00,0.00,0.00,245.00,265.83,268.29,306.67,287.50,302.50,253.34,180.00,232.50,167.22,255.00,200.00,253.75,228.23,228.23,228.23,218.33,197.22,200.00,215.73,376.38,381.93,338.88,..,..,..,..,..,..,..,..,..,..
Coffee Arabica (green coffee beans),..REGION XII (SOCCSKSARGEN),0.00,0.00,0.00,0.00,0.00,0.00,0.00,0.00,0.00,0.00,0.00,0.00,0.00,0.00,0.00,0.00,0.00,0.00,0.00,0.00,0.00,0.00,0.00,0.00,0.00,0.00,0.00,0.00,0.00,0.00,0.00,0.00,0.00,0.00,0.00,0.00,0.00,0.00,0.00,0.00,0.00,0.00,0.00,0.00,0.00,0.00,0.00,0.00,0.00,0.00,0.00,0.00,0.00,0.00,0.00,0.00,0.00,0.00,0.00,0.00,0.00,0.00,0.00,0.00,0.00,0.00,0.00,0.00,0.00,0.00,0.00,0.00,0.00,0.00,0.00,0.00,0.00,0.00,0.00,0.00,0.00,0.00,0.00,0.00,0.00,0.00,0.00,0.00,0.00,0.00,0.00,0.00,0.00,0.00,0.00,0.00,0.00,0.00,0.00,0.00,0.00,0.00,0.00,0.00,0.00,0.00,0.00,0.00,0.00,0.00,0.00,0.00,0.00,0.00,0.00,0.00,0.00,0.00,0.00,0.00,0.00,0.00,0.00,0.00,0.00,0.00,0.00,0.00,0.00,0.00,0.00,0.00,0.00,0.00,0.00,0.00,0.00,0.00,0.00,0.00,0.00,0.00,0.00,0.00,0.00,0.00,0.00,0.00,0.00,0.00,0.00,0.00,0.00,0.00,0.00,0.00,0.00,0.00,0.00,0.00,0.00,0.00,0.00,0.00,0.00,0.00,0.00,0.00,0.00,0.00,0.00,0.00,0.00,0.00,0.00,0.00,0.00,0.00,0.00,0.00,0.00,0.00,379.20,350.00,350.00,350.00,380.00,450.00,240.00,239.32,166.37,0.00,0.00,0.00,322.77,0.00,0.00,0.00,133.00,133.00,133.00,0.00,0.00,500.00,0.00,0.00,0.00,224.75,215.00,0.00,0.00,..,..,..,..,..,..,..,..,..,..
Coffee Arabica (green coffee beans),..REGION XIII (CARAGA),0.00,0.00,0.00,0.00,0.00,0.00,0.00,0.00,0.00,0.00,0.00,0.00,0.00,0.00,0.00,0.00,0.00,0.00,0.00,0.00,0.00,0.00,0.00,0.00,0.00,0.00,0.00,0.00,0.00,0.00,0.00,0.00,0.00,0.00,0.00,0.00,0.00,0.00,0.00,0.00,0.00,0.00,0.00,0.00,0.00,0.00,0.00,0.00,0.00,0.00,0.00,0.00,0.00,0.00,0.00,0.00,0.00,0.00,0.00,0.00,0.00,0.00,0.00,0.00,0.00,0.00,0.00,0.00,0.00,0.00,0.00,0.00,0.00,0.00,0.00,0.00,0.00,0.00,0.00,0.00,0.00,0.00,0.00,0.00,0.00,0.00,0.00,0.00,0.00,0.00,0.00,0.00,0.00,0.00,0.00,0.00,0.00,0.00,0.00,0.00,0.00,0.00,0.00,0.00,0.00,0.00,0.00,0.00,0.00,0.00,0.00,0.00,0.00,0.00,0.00,0.00,0.00,0.00,0.00,0.00,0.00,0.00,0.00,0.00,0.00,0.00,0.00,0.00,0.00,0.00,0.00,0.00,0.00,0.00,0.00,0.00,0.00,0.00,0.00,0.00,0.00,0.00,0.00,0.00,0.00,0.00,0.00,0.00,0.00,0.00,0.00,0.00,0.00,0.00,0.00,0.00,0.00,0.00,0.00,0.00,0.00,0.00,0.00,0.00,0.00,0.00,0.00,0.00,0.00,0.00,0.00,0.00,0.00,0.00,0.00,0.00,0.00,0.00,0.00,0.00,0.00,0.00,0.00,0.00,0.00,0.00,0.00,0.00,0.00,0.00,0.00,0.00,0.00,0.00,0.00,0.00,0.00,0.00,0.00,0.00,0.00,0.00,0.00,0.00,0.00,0.00,0.00,0.00,0.00,0.00,0.00,..,..,..,..,..,..,..,..,..,..
Coffee Arabica (green coffee beans),..BANGSAMORO AUTONOMOUS REGION IN MUSLIM MINDANAO (BARMM) 1/,45.85,49.52,51.77,53.50,57.12,54.78,53.73,54.12,54.53,48.13,46.87,44.35,51.19,48.03,51.77,53.04,58.48,58.96,56.95,58.33,58.55,56.11,55.15,52.94,51.77,55.01,50.31,54.98,55.06,55.91,59.09,58.43,59.83,64.13,58.82,56.40,50.97,47.84,55.98,46.46,49.68,53.89,56.28,63.47,63.70,65.54,63.03,0.00,63.11,55.00,52.41,57.51,55.17,59.86,63.69,66.80,65.47,66.46,53.94,50.09,51.69,51.31,51.16,56.40,57.67,61.14,64.86,67.24,68.18,66.55,68.54,68.54,50.77,51.73,66.87,66.65,0.00,63.73,61.96,68.32,68.06,68.44,69.14,69.52,69.75,70.66,73.53,74.28,74.09,74.55,70.19,72.18,72.33,72.76,85.29,92.06,92.05,92.12,92.12,91.18,89.76,87.55,86.11,85.46,85.77,85.87,86.74,86.78,86.78,86.81,86.76,87.09,87.18,87.04,86.83,86.58,86.69,86.26,86.74,86.39,86.30,86.42,86.11,85.84,86.05,86.08,85.89,85.60,85.59,86.11,85.64,85.89,86.14,86.09,86.04,86.00,86.02,86.03,86.80,86.77,86.74,86.75,86.24,86.76,86.77,86.78,86.78,86.78,86.73,87.07,87.17,87.21,87.23,87.26,87.28,86.99,87.28,87.26,87.28,87.28,87.30,87.44,87.46,87.47,87.48,87.48,87.50,87.51,87.40,87.53,87.58,87.58,87.60,87.65,87.66,87.66,87.66,87.66,87.69,87.70,87.71,87.64,90.00,90.00,90.00,105.00,105.00,105.00,0.00,0.00,0.00,87.69,87.70,87.71,94.23,166.00,96.00,92.00,200.00,200.00,200.00,209.57,42.18,24.00,192.51,201.85,200.00,152.01,0.00,0.00,0.00,..,..,..,..,..,..,..,..,..,..
Coffee Excelsa (green coffee beans),..REGION VII (CENTRAL VISAYAS),0.00,0.00,0.00,0.00,0.00,0.00,0.00,0.00,0.00,0.00,0.00,0.00,0.00,0.00,0.00,0.00,0.00,0.00,0.00,0.00,0.00,0.00,0.00,0.00,0.00,0.00,0.00,0.00,0.00,0.00,0.00,0.00,0.00,0.00,0.00,0.00,0.00,0.00,0.00,0.00,0.00,0.00,0.00,0.00,0.00,0.00,0.00,0.00,0.00,0.00,0.00,0.00,0.00,0.00,0.00,0.00,0.00,0.00,0.00,0.00,0.00,0.00,0.00,0.00,0.00,0.00,0.00,0.00,0.00,0.00,0.00,0.00,0.00,0.00,0.00,0.00,0.00,0.00,0.00,0.00,0.00,0.00,0.00,0.00,0.00,0.00,0.00,0.00,0.00,0.00,0.00,0.00,0.00,0.00,0.00,0.00,0.00,0.00,0.00,0.00,0.00,0.00,0.00,0.00,0.00,0.00,0.00,0.00,0.00,0.00,0.00,0.00,0.00,0.00,0.00,0.00,0.00,0.00,0.00,0.00,0.00,0.00,0.00,0.00,0.00,0.00,0.00,0.00,0.00,0.00,0.00,0.00,0.00,0.00,0.00,0.00,0.00,0.00,0.00,0.00,0.00,0.00,0.00,0.00,0.00,0.00,0.00,0.00,0.00,0.00,0.00,0.00,0.00,0.00,0.00,0.00,0.00,0.00,0.00,0.00,0.00,0.00,0.00,0.00,0.00,0.00,0.00,0.00,0.00,0.00,0.00,0.00,0.00,0.00,0.00,0.00,0.00,0.00,0.00,0.00,0.00,0.00,0.00,0.00,0.00,0.00,0.00,0.00,0.00,0.00,0.00,0.00,0.00,0.00,0.00,0.00,0.00,0.00,200.00,0.00,0.00,0.00,0.00,0.00,0.00,0.00,0.00,200.00,0.00,0.00,0.00,..,..,..,..,..,..,..,..,..,..
Coffee Excelsa (green coffee beans),..REGION VIII (EASTERN VISAYAS),0.00,0.00,0.00,0.00,0.00,0.00,0.00,0.00,0.00,0.00,0.00,0.00,0.00,0.00,0.00,0.00,0.00,0.00,0.00,0.00,0.00,0.00,0.00,0.00,0.00,0.00,0.00,0.00,0.00,0.00,0.00,0.00,0.00,0.00,0.00,0.00,0.00,0.00,0.00,0.00,0.00,0.00,0.00,0.00,0.00,0.00,0.00,0.00,0.00,0.00,0.00,0.00,0.00,0.00,0.00,0.00,0.00,0.00,0.00,0.00,0.00,0.00,0.00,0.00,0.00,0.00,0.00,0.00,0.00,0.00,0.00,0.00,0.00,0.00,0.00,0.00,0.00,0.00,0.00,0.00,0.00,0.00,0.00,0.00,0.00,0.00,0.00,0.00,0.00,0.00,0.00,0.00,0.00,0.00,0.00,0.00,0.00,0.00,0.00,0.00,0.00,0.00,0.00,0.00,0.00,0.00,0.00,0.00,0.00,0.00,0.00,0.00,0.00,0.00,0.00,0.00,0.00,0.00,0.00,0.00,0.00,0.00,0.00,0.00,0.00,0.00,0.00,0.00,0.00,0.00,0.00,0.00,0.00,0.00,0.00,0.00,0.00,0.00,0.00,0.00,0.00,0.00,0.00,0.00,0.00,0.00,0.00,0.00,0.00,0.00,0.00,0.00,0.00,0.00,0.00,0.00,0.00,0.00,0.00,0.00,0.00,0.00,0.00,0.00,0.00,0.00,0.00,0.00,0.00,0.00,0.00,0.00,0.00,0.00,0.00,0.00,0.00,0.00,0.00,0.00,0.00,0.00,0.00,0.00,0.00,0.00,0.00,0.00,0.00,0.00,0.00,0.00,0.00,0.00,0.00,0.00,0.00,0.00,0.00,0.00,0.00,0.00,0.00,0.00,0.00,0.00,0.00,0.00,0.00,0.00,0.00,..,..,..,..,..,..,..,..,..,..
Coffee Excelsa (green coffee beans),..REGION IX (ZAMBOANGA PENINSULA),50.00,54.70,54.70,60.00,63.32,59.25,53.24,54.33,54.72,67.57,65.00,60.00,58.07,0.00,0.00,0.00,0.00,0.00,0.00,0.00,0.00,0.00,0.00,0.00,0.00,0.00,0.00,0.00,0.00,0.00,0.00,0.00,0.00,0.00,0.00,0.00,0.00,0.00,0.00,0.00,0.00,0.00,0.00,0.00,0.00,0.00,0.00,0.00,0.00,0.00,0.00,0.00,0.00,0.00,0.00,0.00,0.00,0.00,0.00,0.00,0.00,0.00,0.00,0.00,0.00,0.00,0.00,0.00,0.00,0.00,0.00,0.00,0.00,0.00,0.00,0.00,0.00,0.00,0.00,0.00,0.00,0.00,0.00,0.00,0.00,0.00,0.00,0.00,0.00,0.00,0.00,0.00,0.00,0.00,0.00,0.00,0.00,0.00,0.00,0.00,0.00,0.00,0.00,0.00,0.00,0.00,0.00,0.00,0.00,0.00,0.00,0.00,0.00,0.00,0.00,0.00,0.00,0.00,0.00,0.00,0.00,0.00,0.00,0.00,0.00,0.00,0.00,0.00,0.00,0.00,0.00,0.00,0.00,0.00,0.00,0.00,0.00,0.00,0.00,0.00,0.00,0.00,0.00,0.00,0.00,0.00,0.00,0.00,0.00,0.00,0.00,0.00,0.00,0.00,0.00,0.00,0.00,0.00,0.00,0.00,0.00,0.00,0.00,0.00,0.00,0.00,0.00,0.00,0.00,0.00,0.00,0.00,0.00,0.00,0.00,0.00,0.00,0.00,0.00,0.00,0.00,0.00,0.00,0.00,0.00,0.00,0.00,0.00,0.00,0.00,0.00,0.00,0.00,0.00,0.00,0.00,0.00,0.00,0.00,0.00,0.00,88.00,88.00,88.00,99.00,99.00,88.00,91.67,122.34,122.98,123.00,..,..,..,..,..,..,..,..,..,..
Coffee Excelsa (green coffee beans),..REGION X (NORTHERN MINDANAO),0.00,51.80,57.93,63.07,59.61,59.76,0.00,0.00,0.00,0.00,0.00,0.00,58.43,0.00,64.54,74.18,76.15,68.40,72.14,0.00,0.00,0.00,0.00,0.00,0.00,71.08,0.00,67.29,68.25,68.63,67.69,70.92,0.00,0.00,0.00,0.00,0.00,0.00,68.56,0.00,74.42,82.25,83.76,84.77,76.09,0.00,0.00,0.00,0.00,0.00,0.00,80.26,0.00,74.45,82.98,81.91,82.00,86.92,0.00,0.00,0.00,0.00,0.00,0.00,81.65,0.00,74.65,93.17,96.65,96.01,71.45,0.00,0.00,0.00,0.00,0.00,0.00,86.39,0.00,73.20,80.45,80.56,80.96,81.80,0.00,0.00,0.00,0.00,0.00,0.00,79.39,0.00,89.54,93.01,93.12,91.94,90.00,0.00,0.00,0.00,0.00,0.00,0.00,91.52,0.00,77.35,74.27,93.37,87.26,90.24,0.00,0.00,0.00,0.00,0.00,0.00,84.50,0.00,83.92,84.02,94.27,85.84,76.10,0.00,75.97,74.92,80.30,59.67,77.26,79.23,63.72,83.71,74.91,75.04,75.89,55.00,46.96,92.41,80.67,92.41,79.91,76.42,74.75,0.00,0.00,0.00,0.00,0.00,0.00,0.00,0.00,0.00,0.00,0.00,0.00,0.00,0.00,0.00,0.00,0.00,0.00,0.00,61.20,85.13,79.53,90.00,96.92,96.94,84.95,86.80,72.19,80.00,80.00,80.00,102.34,105.73,105.00,103.14,108.90,78.43,107.76,92.52,0.00,0.00,0.00,0.00,0.00,0.00,110.00,0.00,105.00,0.00,0.00,220.00,145.00,270.00,198.00,270.00,200.00,195.00,200.00,220.00,220.00,220.00,299.50,299.50,299.50,240.96,252.67,252.67,252.67,..,..,..,..,..,..,..,..,..,..
Coffee Excelsa (green coffee beans),..REGION XI (DAVAO REGION),38.49,35.62,39.17,41.62,41.99,34.34,39.57,35.87,38.57,38.37,37.47,44.58,38.81,44.12,43.50,43.10,47.90,51.80,46.66,46.19,51.79,44.72,50.08,49.93,46.76,47.21,54.18,49.27,46.43,49.18,44.26,49.34,53.34,49.15,57.93,55.88,57.08,55.47,51.79,54.50,52.63,53.14,52.97,55.93,57.48,57.48,59.91,65.59,65.66,61.91,66.76,58.66,61.79,64.00,66.55,61.72,62.95,72.07,69.96,70.43,74.03,72.59,85.44,72.09,69.47,77.88,74.05,72.63,64.74,71.75,68.38,66.36,72.96,89.17,83.06,83.06,82.66,75.56,86.28,88.78,90.00,76.78,68.51,83.98,86.32,85.56,90.00,100.00,80.00,0.00,85.11,98.50,0.00,0.00,0.00,0.00,0.00,0.00,0.00,0.00,0.00,0.00,0.00,98.50,0.00,0.00,0.00,0.00,0.00,0.00,0.00,0.00,0.00,0.00,0.00,0.00,0.00,0.00,0.00,0.00,0.00,0.00,0.00,0.00,0.00,0.00,0.00,0.00,0.00,0.00,0.00,0.00,0.00,0.00,0.00,0.00,0.00,0.00,0.00,0.00,0.00,0.00,0.00,0.00,0.00,0.00,0.00,0.00,0.00,0.00,0.00,0.00,0.00,0.00,0.00,0.00,0.00,0.00,0.00,0.00,0.00,0.00,0.00,0.00,0.00,0.00,0.00,0.00,0.00,0.00,0.00,0.00,0.00,0.00,0.00,0.00,0.00,0.00,0.00,0.00,0.00,0.00,100.00,98.30,100.00,0.00,0.00,0.00,145.00,145.00,145.00,181.67,162.50,172.50,138.89,146.67,162.50,247.50,195.00,191.67,178.33,168.23,165.73,165.73,178.25,185.47,183.33,180.70,190.45,197.19,212.88,..,..,..,..,..,..,..,..,..,..
Coffee Excelsa (green coffee beans),..REGION XII (SOCCSKSARGEN),0.00,59.60,59.64,56.90,55.13,52.43,53.99,54.30,0.00,0.00,0.00,59.04,56.38,63.24,65.60,66.26,71.97,67.10,65.81,68.53,64.52,0.00,0.00,0.00,0.00,66.63,0.00,81.80,78.59,79.71,84.11,79.42,84.49,83.69,85.32,87.17,0.00,0.00,82.70,0.00,85.57,87.09,87.27,86.99,88.19,88.51,89.35,0.00,0.00,0.00,0.00,87.57,0.00,88.95,91.31,88.94,89.19,89.43,87.43,88.82,0.00,0.00,0.00,0.00,89.15,0.00,87.58,92.38,91.28,91.31,103.05,104.54,104.15,0.00,0.00,0.00,97.52,96.48,96.53,112.22,110.29,112.11,85.56,91.45,90.21,89.30,91.10,96.79,0.00,94.26,97.26,97.50,97.19,85.12,98.03,103.08,106.43,115.84,112.07,0.00,0.00,0.00,110.97,102.91,98.07,99.53,106.56,105.78,112.24,112.09,117.64,119.23,119.00,0.00,0.00,120.00,111.01,115.58,111.52,93.13,108.78,110.05,112.75,0.00,0.00,112.97,0.00,94.00,100.00,106.53,109.54,113.67,103.39,0.00,0.00,0.00,112.53,0.00,0.00,0.00,0.00,0.00,109.78,0.00,102.11,110.84,107.69,111.75,109.86,111.72,101.92,0.00,0.00,0.00,0.00,107.98,114.51,106.71,110.34,104.89,102.44,0.00,0.00,0.00,0.00,124.00,0.00,0.00,110.48,113.70,117.24,117.43,123.92,133.07,148.00,149.15,0.00,0.00,0.00,0.00,97.88,125.05,120.00,150.00,160.00,0.00,0.00,160.00,215.00,0.00,0.00,0.00,0.00,0.00,161.00,250.00,260.00,287.00,259.34,250.00,250.00,250.00,220.00,145.00,0.00,200.00,270.00,240.12,250.00,250.00,250.00,..,..,..,..,..,..,..,..,..,..
Coffee Excelsa (green coffee beans),..REGION XIII (CARAGA),0.00,0.00,0.00,0.00,0.00,0.00,0.00,0.00,0.00,0.00,0.00,0.00,0.00,0.00,0.00,0.00,0.00,0.00,0.00,0.00,0.00,0.00,0.00,0.00,0.00,0.00,0.00,0.00,0.00,0.00,0.00,0.00,0.00,0.00,0.00,0.00,0.00,0.00,0.00,0.00,0.00,0.00,0.00,0.00,0.00,0.00,0.00,0.00,0.00,0.00,0.00,0.00,0.00,0.00,0.00,0.00,0.00,0.00,0.00,0.00,0.00,0.00,0.00,0.00,0.00,0.00,0.00,0.00,0.00,0.00,0.00,0.00,0.00,0.00,0.00,0.00,0.00,0.00,0.00,0.00,0.00,0.00,0.00,0.00,0.00,0.00,0.00,0.00,0.00,0.00,0.00,0.00,0.00,0.00,0.00,0.00,0.00,0.00,0.00,0.00,0.00,0.00,0.00,0.00,0.00,0.00,0.00,0.00,0.00,0.00,0.00,0.00,0.00,0.00,0.00,0.00,0.00,0.00,0.00,0.00,0.00,0.00,0.00,0.00,0.00,0.00,0.00,0.00,0.00,0.00,0.00,0.00,0.00,0.00,0.00,0.00,0.00,0.00,0.00,0.00,0.00,0.00,0.00,0.00,0.00,0.00,0.00,0.00,0.00,0.00,0.00,0.00,0.00,0.00,0.00,0.00,0.00,0.00,0.00,0.00,0.00,0.00,0.00,0.00,0.00,0.00,0.00,0.00,0.00,0.00,0.00,0.00,0.00,0.00,0.00,0.00,0.00,0.00,0.00,0.00,0.00,0.00,0.00,0.00,0.00,0.00,0.00,0.00,0.00,0.00,0.00,0.00,0.00,0.00,0.00,100.00,100.00,100.00,100.00,100.00,100.00,120.00,120.00,120.00,120.00,120.00,120.00,110.00,184.65,189.61,189.61,..,..,..,..,..,..,..,..,..,..
Coffee Excelsa (green coffee beans),..BANGSAMORO AUTONOMOUS REGION IN MUSLIM MINDANAO (BARMM) 1/,56.28,57.52,58.53,61.11,61.30,61.90,59.68,59.07,59.34,49.49,53.08,51.23,57.38,49.04,49.94,50.56,53.38,58.85,58.29,62.41,54.35,54.85,54.74,51.71,51.10,54.10,53.64,55.88,53.16,54.31,56.21,59.44,60.83,60.39,60.78,58.00,58.29,54.00,57.08,56.44,59.30,61.14,62.70,63.88,63.79,65.65,65.01,64.59,63.57,59.82,59.45,62.11,61.93,64.08,65.30,66.07,66.88,64.77,60.82,56.23,57.93,56.97,56.75,59.17,61.41,61.79,62.16,62.39,71.47,64.74,57.94,63.81,58.93,59.68,62.12,62.29,65.08,62.70,61.93,60.58,56.57,56.31,61.62,63.97,64.30,65.35,71.84,73.50,72.68,72.73,65.12,72.25,72.03,71.33,77.95,80.80,80.01,80.37,81.23,80.65,80.21,79.49,78.04,77.86,76.82,78.36,77.62,79.12,78.72,78.09,76.89,77.96,77.41,79.31,73.52,78.54,77.70,78.34,75.05,81.35,81.46,80.75,80.55,80.39,80.52,80.61,80.53,80.43,81.29,80.11,81.44,82.96,82.55,81.01,80.98,80.94,80.93,80.94,81.77,81.10,81.69,81.94,81.52,81.69,81.71,81.73,81.71,81.73,81.67,82.49,83.49,83.69,83.69,83.70,83.69,82.58,83.68,83.66,83.68,83.68,83.68,84.00,84.06,84.07,84.08,84.08,84.10,85.58,84.03,84.15,84.18,84.20,84.21,84.24,81.19,84.26,84.26,84.26,84.28,84.34,84.33,83.99,85.00,85.00,85.00,85.00,85.00,85.00,300.00,300.00,290.00,84.28,84.34,84.33,137.75,93.50,60.25,100.00,215.51,214.15,350.00,232.20,350.00,350.00,110.62,113.71,105.00,191.24,337.21,336.20,336.95,..,..,..,..,..,..,..,..,..,..
Coffee Liberica (green coffee beans),..REGION VII (CENTRAL VISAYAS),0.00,0.00,0.00,0.00,0.00,0.00,0.00,0.00,0.00,0.00,0.00,0.00,0.00,0.00,0.00,0.00,0.00,0.00,0.00,0.00,0.00,0.00,0.00,0.00,0.00,0.00,0.00,0.00,0.00,0.00,0.00,0.00,0.00,0.00,0.00,0.00,0.00,0.00,0.00,0.00,0.00,0.00,0.00,0.00,0.00,0.00,0.00,0.00,0.00,0.00,0.00,0.00,0.00,0.00,0.00,0.00,0.00,0.00,0.00,0.00,0.00,0.00,0.00,0.00,0.00,0.00,0.00,0.00,0.00,0.00,0.00,0.00,0.00,0.00,0.00,0.00,0.00,0.00,0.00,0.00,0.00,0.00,0.00,0.00,0.00,0.00,0.00,0.00,0.00,0.00,0.00,0.00,0.00,0.00,0.00,0.00,0.00,0.00,0.00,0.00,0.00,0.00,0.00,0.00,0.00,0.00,0.00,0.00,0.00,0.00,0.00,0.00,0.00,0.00,0.00,0.00,0.00,0.00,0.00,0.00,0.00,0.00,0.00,0.00,0.00,0.00,0.00,0.00,0.00,0.00,0.00,0.00,0.00,0.00,0.00,0.00,0.00,0.00,0.00,0.00,0.00,0.00,0.00,0.00,0.00,0.00,0.00,0.00,0.00,0.00,0.00,0.00,0.00,0.00,0.00,0.00,0.00,0.00,0.00,0.00,0.00,0.00,0.00,0.00,0.00,0.00,0.00,0.00,0.00,0.00,0.00,0.00,0.00,0.00,0.00,0.00,0.00,0.00,0.00,0.00,0.00,0.00,0.00,0.00,0.00,0.00,0.00,0.00,0.00,0.00,0.00,0.00,0.00,0.00,0.00,0.00,0.00,0.00,0.00,0.00,0.00,0.00,0.00,0.00,0.00,0.00,0.00,0.00,0.00,0.00,0.00,..,..,..,..,..,..,..,..,..,..
Coffee Liberica (green coffee beans),..REGION VIII (EASTERN VISAYAS),0.00,0.00,0.00,0.00,0.00,0.00,0.00,0.00,0.00,0.00,0.00,0.00,0.00,0.00,0.00,0.00,0.00,0.00,0.00,0.00,0.00,0.00,0.00,0.00,0.00,0.00,0.00,0.00,0.00,0.00,0.00,0.00,0.00,0.00,0.00,0.00,0.00,0.00,0.00,0.00,0.00,0.00,0.00,0.00,0.00,0.00,0.00,0.00,0.00,0.00,0.00,0.00,0.00,0.00,0.00,0.00,0.00,0.00,0.00,0.00,0.00,0.00,0.00,0.00,0.00,0.00,0.00,0.00,0.00,0.00,0.00,0.00,0.00,0.00,0.00,0.00,0.00,0.00,0.00,0.00,0.00,0.00,0.00,0.00,0.00,0.00,0.00,0.00,0.00,0.00,0.00,0.00,0.00,0.00,0.00,0.00,0.00,0.00,0.00,0.00,0.00,0.00,0.00,0.00,0.00,0.00,0.00,0.00,0.00,0.00,0.00,0.00,0.00,0.00,0.00,0.00,0.00,0.00,0.00,0.00,0.00,0.00,0.00,0.00,0.00,0.00,0.00,0.00,0.00,0.00,0.00,0.00,0.00,0.00,0.00,0.00,0.00,0.00,0.00,0.00,0.00,0.00,0.00,0.00,0.00,0.00,0.00,0.00,0.00,0.00,0.00,0.00,0.00,0.00,0.00,0.00,0.00,0.00,0.00,0.00,0.00,0.00,0.00,0.00,0.00,0.00,0.00,0.00,0.00,0.00,0.00,0.00,0.00,0.00,0.00,0.00,0.00,0.00,0.00,0.00,0.00,0.00,0.00,0.00,0.00,0.00,0.00,0.00,0.00,0.00,0.00,0.00,0.00,0.00,0.00,0.00,0.00,0.00,0.00,0.00,0.00,0.00,0.00,0.00,0.00,0.00,0.00,0.00,0.00,0.00,0.00,..,..,..,..,..,..,..,..,..,..
Coffee Liberica (green coffee beans),..REGION IX (ZAMBOANGA PENINSULA),0.00,0.00,0.00,0.00,0.00,0.00,0.00,0.00,0.00,0.00,0.00,0.00,0.00,0.00,0.00,0.00,0.00,0.00,0.00,0.00,0.00,0.00,0.00,0.00,0.00,0.00,0.00,0.00,0.00,0.00,0.00,0.00,0.00,0.00,0.00,0.00,0.00,0.00,0.00,0.00,0.00,0.00,0.00,0.00,0.00,0.00,0.00,0.00,0.00,0.00,0.00,0.00,0.00,0.00,0.00,0.00,0.00,0.00,0.00,0.00,0.00,0.00,0.00,0.00,0.00,0.00,0.00,0.00,0.00,0.00,0.00,0.00,0.00,0.00,0.00,0.00,0.00,0.00,0.00,0.00,0.00,0.00,0.00,0.00,0.00,0.00,0.00,0.00,0.00,0.00,0.00,0.00,0.00,0.00,0.00,0.00,0.00,0.00,0.00,0.00,0.00,0.00,0.00,0.00,0.00,0.00,0.00,0.00,0.00,0.00,0.00,0.00,0.00,0.00,0.00,0.00,0.00,0.00,0.00,0.00,0.00,0.00,0.00,0.00,0.00,0.00,0.00,0.00,0.00,0.00,0.00,0.00,0.00,0.00,0.00,0.00,0.00,0.00,0.00,0.00,0.00,0.00,0.00,0.00,0.00,0.00,0.00,0.00,0.00,0.00,0.00,0.00,0.00,0.00,0.00,0.00,0.00,0.00,0.00,0.00,0.00,0.00,0.00,0.00,0.00,0.00,0.00,0.00,0.00,0.00,0.00,0.00,0.00,0.00,0.00,0.00,0.00,0.00,0.00,0.00,0.00,0.00,0.00,0.00,0.00,0.00,0.00,0.00,0.00,0.00,0.00,0.00,0.00,0.00,0.00,0.00,0.00,0.00,38.00,40.00,40.00,0.00,0.00,0.00,0.00,0.00,0.00,39.33,0.00,0.00,0.00,..,..,..,..,..,..,..,..,..,..
Coffee Liberica (green coffee beans),..REGION X (NORTHERN MINDANAO),0.00,0.00,0.00,0.00,0.00,0.00,0.00,0.00,0.00,0.00,0.00,0.00,0.00,0.00,0.00,0.00,0.00,0.00,0.00,0.00,0.00,0.00,0.00,0.00,0.00,0.00,0.00,0.00,0.00,0.00,0.00,0.00,0.00,0.00,0.00,0.00,0.00,0.00,0.00,0.00,0.00,0.00,0.00,0.00,0.00,0.00,0.00,0.00,0.00,0.00,0.00,0.00,0.00,0.00,0.00,0.00,0.00,0.00,0.00,0.00,0.00,0.00,0.00,0.00,0.00,0.00,0.00,0.00,0.00,0.00,0.00,0.00,0.00,0.00,0.00,0.00,0.00,0.00,0.00,0.00,0.00,0.00,0.00,0.00,0.00,0.00,0.00,0.00,0.00,0.00,0.00,0.00,0.00,0.00,0.00,0.00,0.00,0.00,0.00,0.00,0.00,0.00,0.00,0.00,0.00,0.00,0.00,0.00,0.00,0.00,0.00,0.00,0.00,0.00,0.00,0.00,0.00,0.00,0.00,0.00,0.00,0.00,0.00,0.00,0.00,0.00,0.00,0.00,0.00,0.00,0.00,0.00,0.00,0.00,0.00,0.00,0.00,0.00,0.00,0.00,0.00,0.00,0.00,0.00,0.00,0.00,0.00,0.00,0.00,0.00,0.00,0.00,0.00,0.00,0.00,0.00,0.00,0.00,0.00,0.00,0.00,0.00,0.00,0.00,0.00,0.00,0.00,0.00,0.00,0.00,0.00,0.00,0.00,0.00,0.00,0.00,0.00,0.00,0.00,0.00,0.00,0.00,0.00,0.00,0.00,0.00,0.00,0.00,0.00,0.00,0.00,105.00,105.00,110.00,106.67,0.00,0.00,0.00,140.00,140.00,140.00,0.00,0.00,0.00,0.00,0.00,0.00,140.00,105.00,105.00,110.00,..,..,..,..,..,..,..,..,..,..
Coffee Liberica (green coffee beans),..REGION XI (DAVAO REGION),0.00,0.00,0.00,0.00,0.00,0.00,0.00,0.00,0.00,0.00,0.00,0.00,0.00,0.00,0.00,0.00,0.00,0.00,0.00,0.00,0.00,0.00,0.00,0.00,0.00,0.00,0.00,0.00,0.00,0.00,0.00,0.00,0.00,0.00,0.00,0.00,0.00,0.00,0.00,0.00,0.00,0.00,0.00,0.00,0.00,0.00,0.00,0.00,0.00,0.00,0.00,0.00,0.00,0.00,0.00,0.00,0.00,0.00,0.00,0.00,0.00,0.00,0.00,0.00,0.00,0.00,0.00,0.00,0.00,0.00,0.00,0.00,0.00,0.00,0.00,0.00,0.00,0.00,0.00,0.00,0.00,0.00,0.00,0.00,0.00,0.00,0.00,0.00,0.00,0.00,0.00,0.00,0.00,0.00,0.00,0.00,0.00,0.00,0.00,0.00,0.00,0.00,0.00,0.00,0.00,0.00,0.00,0.00,0.00,0.00,0.00,0.00,0.00,0.00,0.00,0.00,0.00,0.00,0.00,0.00,0.00,0.00,0.00,0.00,0.00,0.00,0.00,0.00,0.00,0.00,0.00,0.00,0.00,0.00,0.00,0.00,0.00,0.00,0.00,0.00,0.00,0.00,0.00,0.00,0.00,0.00,0.00,0.00,0.00,0.00,0.00,0.00,0.00,0.00,0.00,0.00,0.00,0.00,0.00,0.00,0.00,0.00,0.00,0.00,0.00,0.00,0.00,0.00,0.00,0.00,0.00,0.00,0.00,0.00,0.00,0.00,0.00,0.00,0.00,0.00,0.00,0.00,80.00,80.00,90.00,0.00,0.00,0.00,145.00,145.00,145.00,181.67,162.50,172.50,133.52,200.00,210.00,210.00,220.00,210.00,205.00,213.96,213.96,213.96,201.50,220.94,250.00,214.11,195.73,195.73,192.33,..,..,..,..,..,..,..,..,..,..
Coffee Liberica (green coffee beans),..REGION XII (SOCCSKSARGEN),0.00,0.00,0.00,0.00,0.00,0.00,0.00,0.00,0.00,0.00,0.00,0.00,0.00,0.00,0.00,0.00,0.00,0.00,0.00,0.00,0.00,0.00,0.00,0.00,0.00,0.00,0.00,0.00,0.00,0.00,0.00,0.00,0.00,0.00,0.00,0.00,0.00,0.00,0.00,0.00,0.00,0.00,0.00,0.00,0.00,0.00,0.00,0.00,0.00,0.00,0.00,0.00,0.00,0.00,0.00,0.00,0.00,0.00,0.00,0.00,0.00,0.00,0.00,0.00,0.00,0.00,0.00,0.00,0.00,0.00,0.00,0.00,0.00,0.00,0.00,0.00,0.00,0.00,0.00,0.00,0.00,0.00,0.00,0.00,0.00,0.00,0.00,0.00,0.00,0.00,0.00,0.00,0.00,0.00,0.00,0.00,0.00,0.00,0.00,0.00,0.00,0.00,0.00,0.00,0.00,0.00,0.00,0.00,0.00,0.00,0.00,0.00,0.00,0.00,0.00,0.00,0.00,0.00,0.00,0.00,0.00,0.00,0.00,0.00,0.00,0.00,0.00,0.00,0.00,0.00,0.00,0.00,0.00,0.00,0.00,0.00,0.00,0.00,0.00,0.00,0.00,0.00,0.00,0.00,0.00,0.00,0.00,0.00,0.00,0.00,0.00,0.00,0.00,0.00,0.00,0.00,0.00,0.00,0.00,0.00,0.00,0.00,0.00,0.00,0.00,0.00,0.00,0.00,0.00,0.00,0.00,0.00,0.00,0.00,0.00,0.00,0.00,0.00,0.00,0.00,0.00,0.00,0.00,0.00,0.00,0.00,0.00,0.00,119.00,120.00,120.00,0.00,0.00,0.00,119.67,0.00,0.00,0.00,0.00,0.00,0.00,0.00,0.00,0.00,0.00,0.00,0.00,0.00,0.00,0.00,0.00,..,..,..,..,..,..,..,..,..,..
Coffee Liberica (green coffee beans),..REGION XIII (CARAGA),0.00,0.00,0.00,0.00,0.00,0.00,0.00,0.00,0.00,0.00,0.00,0.00,0.00,0.00,0.00,0.00,0.00,0.00,0.00,0.00,0.00,0.00,0.00,0.00,0.00,0.00,0.00,0.00,0.00,0.00,0.00,0.00,0.00,0.00,0.00,0.00,0.00,0.00,0.00,0.00,0.00,0.00,0.00,0.00,0.00,0.00,0.00,0.00,0.00,0.00,0.00,0.00,0.00,0.00,0.00,0.00,0.00,0.00,0.00,0.00,0.00,0.00,0.00,0.00,0.00,0.00,0.00,0.00,0.00,0.00,0.00,0.00,0.00,0.00,0.00,0.00,0.00,0.00,0.00,0.00,0.00,0.00,0.00,0.00,0.00,0.00,0.00,0.00,0.00,0.00,0.00,0.00,0.00,0.00,0.00,0.00,0.00,0.00,0.00,0.00,0.00,0.00,0.00,0.00,0.00,0.00,0.00,0.00,0.00,0.00,0.00,0.00,0.00,0.00,0.00,0.00,0.00,0.00,0.00,0.00,0.00,0.00,0.00,0.00,0.00,0.00,0.00,0.00,0.00,0.00,0.00,0.00,0.00,0.00,0.00,0.00,0.00,0.00,0.00,0.00,0.00,0.00,0.00,0.00,0.00,0.00,0.00,0.00,0.00,0.00,0.00,0.00,0.00,0.00,0.00,0.00,0.00,0.00,0.00,0.00,0.00,0.00,0.00,0.00,0.00,0.00,0.00,0.00,0.00,0.00,0.00,0.00,0.00,0.00,0.00,0.00,0.00,0.00,0.00,0.00,0.00,0.00,0.00,0.00,0.00,0.00,0.00,0.00,0.00,0.00,0.00,0.00,0.00,0.00,0.00,0.00,0.00,0.00,0.00,0.00,0.00,120.00,120.00,120.00,120.00,120.00,120.00,120.00,200.00,195.00,200.00,..,..,..,..,..,..,..,..,..,..
Coffee Liberica (green coffee beans),..BANGSAMORO AUTONOMOUS REGION IN MUSLIM MINDANAO (BARMM) 1/,0.00,0.00,0.00,0.00,0.00,0.00,0.00,0.00,0.00,0.00,0.00,0.00,0.00,0.00,0.00,0.00,0.00,0.00,0.00,0.00,0.00,0.00,0.00,0.00,0.00,0.00,0.00,0.00,0.00,0.00,0.00,0.00,0.00,0.00,0.00,0.00,0.00,0.00,0.00,0.00,0.00,0.00,0.00,0.00,0.00,0.00,0.00,0.00,0.00,0.00,0.00,0.00,0.00,0.00,0.00,0.00,0.00,0.00,0.00,0.00,0.00,0.00,0.00,0.00,0.00,0.00,0.00,0.00,0.00,0.00,0.00,0.00,0.00,0.00,0.00,0.00,0.00,0.00,0.00,0.00,0.00,0.00,0.00,0.00,0.00,0.00,0.00,0.00,0.00,0.00,0.00,0.00,0.00,0.00,0.00,0.00,0.00,0.00,0.00,0.00,0.00,0.00,0.00,0.00,0.00,0.00,0.00,0.00,0.00,0.00,0.00,0.00,0.00,0.00,0.00,0.00,0.00,0.00,0.00,0.00,0.00,0.00,0.00,0.00,0.00,0.00,0.00,0.00,0.00,0.00,0.00,0.00,0.00,0.00,0.00,0.00,0.00,0.00,0.00,0.00,0.00,0.00,0.00,0.00,0.00,0.00,0.00,0.00,0.00,0.00,0.00,0.00,0.00,0.00,0.00,0.00,0.00,0.00,0.00,0.00,0.00,0.00,0.00,0.00,0.00,0.00,0.00,0.00,0.00,0.00,0.00,0.00,0.00,0.00,0.00,0.00,0.00,0.00,0.00,0.00,0.00,0.00,0.00,0.00,0.00,0.00,0.00,0.00,0.00,0.00,0.00,0.00,0.00,0.00,0.00,0.00,0.00,0.00,0.00,0.00,0.00,0.00,0.00,0.00,0.00,0.00,0.00,0.00,0.00,0.00,0.00,..,..,..,..,..,..,..,..,..,..
Coffee Robusta (green coffee beans),..REGION VII (CENTRAL VISAYAS),0.00,0.00,0.00,0.00,0.00,0.00,0.00,0.00,0.00,0.00,0.00,0.00,0.00,0.00,0.00,0.00,0.00,0.00,0.00,0.00,0.00,0.00,0.00,0.00,0.00,0.00,0.00,0.00,0.00,0.00,0.00,0.00,0.00,0.00,0.00,0.00,0.00,0.00,0.00,0.00,0.00,0.00,0.00,0.00,0.00,0.00,0.00,0.00,0.00,0.00,0.00,0.00,0.00,0.00,0.00,0.00,0.00,0.00,0.00,0.00,0.00,0.00,0.00,0.00,0.00,0.00,0.00,0.00,0.00,0.00,0.00,0.00,0.00,0.00,0.00,0.00,0.00,0.00,0.00,0.00,0.00,0.00,0.00,0.00,0.00,0.00,0.00,0.00,0.00,0.00,0.00,83.41,87.52,91.15,99.04,95.49,94.96,95.60,0.00,0.00,84.29,85.57,85.82,90.29,82.53,90.95,91.02,92.06,92.48,96.82,90.17,90.50,88.77,82.63,65.22,72.95,86.34,76.24,82.56,68.11,95.92,98.00,0.00,125.36,120.00,0.00,0.00,102.31,89.73,95.36,87.83,96.62,92.62,0.00,88.62,0.00,120.00,120.00,0.00,0.00,76.63,82.59,95.61,80.97,77.72,77.77,79.66,86.52,81.51,92.96,98.50,100.00,92.42,80.63,79.33,85.67,90.01,87.23,89.47,99.82,0.00,0.00,0.00,0.00,0.00,0.00,141.82,112.70,103.51,96.38,121.98,142.85,130.77,0.00,0.00,0.00,0.00,0.00,0.00,0.00,123.57,123.11,0.00,0.00,0.00,0.00,170.00,0.00,180.00,180.00,180.00,0.00,0.00,0.00,177.50,155.00,0.00,142.50,0.00,0.00,200.00,0.00,150.00,0.00,0.00,0.00,0.00,161.88,109.60,0.00,106.66,..,..,..,..,..,..,..,..,..,..
Coffee Robusta (green coffee beans),..REGION VIII (EASTERN VISAYAS),0.00,0.00,0.00,0.00,0.00,0.00,0.00,0.00,0.00,0.00,0.00,0.00,0.00,0.00,0.00,0.00,0.00,0.00,0.00,0.00,0.00,0.00,0.00,0.00,0.00,0.00,0.00,0.00,0.00,0.00,0.00,0.00,0.00,0.00,0.00,0.00,0.00,0.00,0.00,0.00,0.00,0.00,0.00,0.00,0.00,0.00,0.00,0.00,0.00,0.00,0.00,0.00,0.00,0.00,0.00,0.00,0.00,0.00,0.00,0.00,0.00,0.00,0.00,0.00,0.00,0.00,0.00,0.00,0.00,0.00,0.00,0.00,0.00,0.00,0.00,0.00,0.00,0.00,0.00,0.00,0.00,0.00,0.00,0.00,0.00,0.00,0.00,0.00,0.00,0.00,0.00,0.00,0.00,0.00,0.00,0.00,0.00,0.00,0.00,0.00,0.00,0.00,0.00,0.00,0.00,0.00,0.00,0.00,0.00,0.00,0.00,0.00,0.00,0.00,0.00,0.00,0.00,0.00,0.00,0.00,0.00,0.00,0.00,0.00,0.00,0.00,0.00,0.00,0.00,0.00,0.00,0.00,0.00,0.00,0.00,0.00,0.00,0.00,0.00,0.00,0.00,0.00,0.00,0.00,0.00,0.00,0.00,0.00,0.00,0.00,0.00,0.00,0.00,0.00,0.00,0.00,0.00,0.00,0.00,0.00,0.00,0.00,0.00,0.00,0.00,0.00,0.00,0.00,0.00,0.00,0.00,0.00,0.00,0.00,0.00,0.00,0.00,0.00,0.00,0.00,0.00,0.00,0.00,0.00,0.00,0.00,0.00,0.00,0.00,0.00,0.00,0.00,0.00,0.00,0.00,0.00,0.00,0.00,0.00,0.00,0.00,0.00,0.00,0.00,0.00,0.00,0.00,0.00,0.00,0.00,0.00,..,..,..,..,..,..,..,..,..,..
Coffee Robusta (green coffee beans),..REGION IX (ZAMBOANGA PENINSULA),50.00,54.42,54.42,60.00,60.00,58.75,51.67,52.80,55.94,64.46,65.00,60.00,57.29,0.00,0.00,0.00,0.00,0.00,0.00,0.00,0.00,0.00,0.00,0.00,0.00,0.00,0.00,0.00,0.00,0.00,0.00,0.00,0.00,0.00,0.00,0.00,0.00,0.00,0.00,0.00,0.00,0.00,0.00,0.00,0.00,0.00,0.00,0.00,0.00,0.00,0.00,0.00,0.00,0.00,0.00,0.00,0.00,0.00,0.00,0.00,0.00,0.00,0.00,0.00,0.00,0.00,0.00,0.00,0.00,0.00,0.00,0.00,0.00,0.00,0.00,0.00,0.00,0.00,79.33,74.29,80.00,80.00,79.56,82.10,79.50,79.68,79.35,79.43,79.56,79.24,79.34,73.24,74.29,77.54,74.41,78.91,79.91,79.60,78.77,77.43,77.62,77.60,76.50,77.15,0.00,0.00,0.00,0.00,0.00,0.00,0.00,0.00,0.00,0.00,0.00,0.00,0.00,0.00,0.00,0.00,0.00,0.00,0.00,0.00,0.00,0.00,0.00,0.00,0.00,0.00,0.00,0.00,0.00,0.00,0.00,0.00,0.00,0.00,0.00,0.00,0.00,0.00,0.00,72.00,74.06,62.99,74.82,38.46,45.00,48.80,52.44,68.89,61.40,64.34,47.26,59.21,76.07,83.39,92.96,109.76,94.01,91.86,94.71,98.11,89.02,94.97,90.76,86.32,91.83,64.33,66.36,61.57,69.22,61.72,60.12,69.69,72.81,74.94,74.43,73.87,76.16,68.77,63.50,67.50,75.00,64.00,62.50,40.00,92.00,0.00,85.00,94.00,92.00,94.50,75.45,95.00,92.00,94.00,70.00,72.00,72.00,95.33,98.00,98.00,106.75,105.50,104.25,91.90,99.52,102.17,103.28,..,..,..,..,..,..,..,..,..,..
Coffee Robusta (green coffee beans),..REGION X (NORTHERN MINDANAO),50.25,54.68,55.85,0.00,0.00,0.00,0.00,0.00,58.48,58.64,57.80,54.45,55.74,66.11,74.95,94.53,94.00,0.00,0.00,0.00,0.00,0.00,58.67,61.21,65.93,73.63,67.41,59.72,0.00,0.00,0.00,0.00,0.00,0.00,0.00,70.74,70.42,71.99,68.06,66.21,66.43,69.00,0.00,0.00,0.00,0.00,0.00,0.00,55.74,57.79,58.38,62.26,62.71,61.91,60.76,0.00,0.00,0.00,0.00,0.00,0.00,74.06,71.68,73.13,67.38,73.28,68.51,0.00,0.00,0.00,0.00,0.00,0.00,0.00,66.67,68.65,71.96,69.81,62.75,65.17,63.81,0.00,0.00,0.00,0.00,0.00,0.00,80.00,70.00,83.76,70.92,90.97,105.13,104.25,0.00,0.00,0.00,0.00,0.00,0.00,76.02,75.75,91.66,90.63,93.44,91.08,0.00,0.00,0.00,0.00,0.00,0.00,0.00,85.19,97.37,86.54,90.72,80.66,89.22,89.04,0.00,0.00,0.00,0.00,0.00,0.00,83.31,75.44,81.04,83.12,71.11,74.84,83.73,65.00,65.00,60.00,54.13,63.89,60.35,60.50,79.44,74.92,67.74,79.84,74.81,86.30,72.37,65.41,77.93,62.32,55.56,61.48,74.91,73.77,84.43,72.43,75.59,78.29,81.47,74.57,68.98,73.10,71.53,84.36,92.54,85.71,91.99,89.69,80.65,85.18,81.21,87.58,80.40,84.41,95.59,100.00,94.44,95.00,94.36,90.01,109.82,91.50,155.30,148.21,124.42,125.00,125.00,100.00,100.00,100.00,100.00,149.24,227.69,131.07,132.16,223.44,243.74,220.00,258.65,268.39,300.00,173.33,200.00,209.43,244.74,214.01,260.21,234.66,211.84,209.27,248.64,..,..,..,..,..,..,..,..,..,..
Coffee Robusta (green coffee beans),..REGION XI (DAVAO REGION),49.83,49.77,50.61,49.73,49.57,49.97,53.73,48.63,50.35,53.35,52.41,54.93,51.07,58.90,60.47,61.96,65.56,64.58,67.06,68.05,67.68,68.71,68.96,64.61,63.67,65.02,65.96,64.76,66.16,63.11,66.16,64.93,65.37,64.91,66.58,66.33,65.82,63.57,65.31,61.75,62.32,63.33,62.99,64.99,62.00,64.10,66.73,65.88,67.19,63.57,65.31,64.18,63.95,65.54,65.23,65.45,67.87,71.55,68.46,71.33,71.93,72.18,74.20,73.18,69.24,74.55,71.68,72.20,66.39,67.99,67.52,67.42,68.39,72.46,71.85,72.46,73.36,70.52,72.02,71.52,69.81,71.26,69.24,69.79,71.22,66.81,72.81,68.87,71.15,74.14,70.72,80.50,80.21,78.56,77.91,69.96,82.72,84.97,82.42,79.84,92.57,81.76,77.98,80.78,80.82,76.09,80.30,79.78,76.30,78.49,80.96,79.53,72.84,73.87,70.20,67.09,76.36,71.99,67.45,70.94,72.29,76.58,75.78,80.10,72.54,55.99,70.22,73.41,79.69,72.25,74.91,74.63,75.11,74.52,74.61,84.53,73.76,71.17,74.29,73.66,69.22,70.34,74.23,71.23,70.35,75.90,73.86,71.30,72.68,73.22,70.25,69.54,72.40,68.44,70.23,71.62,74.65,75.68,80.90,77.50,68.38,83.83,77.28,62.70,82.68,74.46,83.46,112.76,79.52,78.16,93.46,84.84,84.33,102.74,113.10,99.22,98.97,105.25,105.44,98.66,120.25,98.70,117.24,106.49,107.29,98.19,98.19,91.59,155.00,95.00,98.84,163.33,121.89,247.75,125.07,120.00,205.00,182.24,234.04,231.00,190.00,202.60,211.24,203.21,183.00,191.88,248.75,200.25,177.93,153.59,184.26,..,..,..,..,..,..,..,..,..,..
Coffee Robusta (green coffee beans),..REGION XII (SOCCSKSARGEN),54.67,53.64,53.23,50.64,48.26,49.81,50.52,45.94,45.65,46.80,52.37,55.83,50.61,62.88,65.22,65.22,75.67,75.33,71.80,73.93,63.57,70.84,76.29,74.19,70.50,70.45,78.00,78.06,77.77,76.98,75.67,72.26,78.99,77.39,79.88,77.78,78.12,77.91,77.40,76.46,78.57,77.24,80.57,80.07,81.51,82.87,82.93,85.12,78.60,75.39,76.85,79.68,77.09,78.24,79.11,79.69,85.86,80.44,82.81,85.14,82.83,81.74,82.89,82.21,81.50,82.57,81.57,81.04,79.80,80.76,84.53,80.89,79.47,78.49,76.89,75.65,74.77,79.70,75.34,76.61,75.58,81.73,75.83,76.83,84.49,83.61,81.29,84.41,80.43,85.02,80.10,83.18,89.61,88.13,89.00,89.77,85.82,85.46,77.21,88.97,87.01,81.91,81.50,85.63,83.45,82.02,86.33,88.02,84.47,90.77,77.94,76.11,85.57,72.76,71.50,74.39,81.11,72.55,72.19,74.02,77.59,73.37,82.49,73.78,77.97,79.13,76.54,73.85,75.41,75.74,74.38,76.65,72.68,75.85,80.48,77.37,74.53,74.39,67.32,72.84,74.56,77.05,74.84,69.58,73.36,72.90,73.25,73.81,70.76,70.10,68.42,68.00,73.27,78.36,77.96,72.48,78.89,86.91,91.23,88.05,78.39,95.23,78.49,86.28,97.18,90.68,86.38,86.61,87.03,83.39,100.86,97.62,95.83,95.28,0.00,151.75,0.00,98.41,111.76,112.70,114.70,106.23,109.50,117.00,101.67,78.74,79.38,95.88,80.00,85.27,116.94,97.01,190.61,166.50,109.88,285.91,277.77,282.78,95.09,194.50,194.63,200.00,214.12,210.83,222.25,263.86,262.58,225.36,273.95,270.55,233.17,..,..,..,..,..,..,..,..,..,..
Coffee Robusta (green coffee beans),..REGION XIII (CARAGA),46.74,49.09,49.45,56.73,62.90,59.70,60.75,58.20,54.99,55.93,51.20,52.30,54.83,50.00,0.00,54.00,55.62,55.48,55.49,66.13,66.98,77.40,78.14,69.44,67.25,63.27,56.68,52.47,0.00,72.69,70.78,63.40,64.46,59.93,59.41,63.29,61.93,59.15,62.20,59.79,54.34,54.00,0.00,48.74,46.10,46.35,50.19,61.72,59.48,55.78,72.92,55.40,0.00,0.00,66.20,0.00,44.93,57.99,67.36,66.12,67.46,66.60,64.29,70.43,63.49,64.56,66.46,56.68,55.47,59.30,69.12,70.50,72.56,69.29,69.59,66.46,67.70,65.64,67.11,60.00,57.26,65.82,70.14,67.84,78.55,84.82,105.88,96.24,93.00,64.31,75.91,76.47,104.36,102.54,78.89,80.00,88.76,95.62,78.89,84.17,74.05,63.99,60.00,82.31,67.87,63.72,67.45,63.26,68.95,78.04,78.02,81.35,81.19,67.46,66.99,70.66,71.25,76.31,73.27,75.35,70.94,70.82,87.41,67.25,69.35,61.32,63.96,60.05,60.88,69.74,60.80,60.09,60.94,62.77,57.80,61.40,57.11,59.02,57.86,59.11,57.23,56.57,59.23,57.33,67.03,57.41,66.12,70.79,63.35,63.03,67.80,60.87,65.36,62.94,61.92,63.66,63.66,66.39,61.69,66.24,65.45,66.67,65.93,68.22,76.51,78.47,81.01,74.90,69.60,80.59,82.45,83.06,79.24,85.04,94.79,95.80,92.46,94.11,91.30,93.46,90.73,88.59,90.00,90.00,90.00,180.00,150.00,85.00,155.00,165.00,159.72,224.53,209.77,230.00,152.42,155.00,150.25,160.00,240.00,245.00,234.00,240.00,226.67,222.23,218.49,226.25,227.50,212.12,194.31,186.43,213.80,..,..,..,..,..,..,..,..,..,..
Coffee Robusta (green coffee beans),..BANGSAMORO AUTONOMOUS REGION IN MUSLIM MINDANAO (BARMM) 1/,55.53,55.45,56.67,56.42,56.17,57.05,56.55,56.06,55.75,56.25,56.88,51.63,55.87,47.10,48.39,47.19,49.05,50.99,52.59,51.73,52.86,50.61,51.57,52.98,52.98,50.67,55.55,55.44,56.31,57.42,58.82,59.16,59.16,52.55,55.14,55.58,58.08,55.09,56.53,55.79,53.71,58.95,59.35,59.35,59.31,60.79,61.32,64.26,62.30,62.83,61.91,59.99,62.94,61.18,62.30,63.18,64.20,62.91,61.84,59.61,60.51,60.90,61.18,61.50,61.85,59.22,58.93,58.17,60.41,62.34,63.49,64.51,64.59,64.70,62.43,63.08,61.37,61.94,61.89,61.84,61.96,62.56,63.14,66.20,66.20,68.57,72.38,74.65,73.99,72.24,67.14,77.44,77.01,76.85,76.84,76.05,75.32,74.14,75.60,73.88,75.03,75.76,74.28,75.68,73.69,75.85,75.11,75.71,79.18,73.66,71.60,72.42,72.75,76.21,0.00,73.94,74.56,73.13,75.00,80.53,81.07,80.14,80.00,80.00,80.10,82.03,80.24,80.08,80.00,79.36,82.10,82.76,83.38,0.00,0.00,0.00,0.00,0.00,0.00,0.00,0.00,0.00,82.75,0.00,0.00,0.00,0.00,0.00,0.00,0.00,0.00,0.00,0.00,0.00,0.00,0.00,0.00,0.00,0.00,0.00,0.00,0.00,0.00,0.00,0.00,0.00,0.00,0.00,0.00,0.00,0.00,0.00,0.00,0.00,0.00,0.00,0.00,0.00,0.00,0.00,0.00,0.00,0.00,0.00,0.00,0.00,0.00,0.00,0.00,0.00,0.00,0.00,0.00,0.00,0.00,0.00,26.00,0.00,200.00,200.00,200.00,111.75,0.00,114.00,100.12,99.98,117.86,129.97,28.00,28.00,28.00,..,..,..,..,..,..,..,..,..,..
Rubber (coagulated cup lump),..REGION VII (CENTRAL VISAYAS),0.00,0.00,0.00,0.00,0.00,0.00,0.00,0.00,0.00,0.00,0.00,0.00,0.00,0.00,0.00,0.00,0.00,0.00,0.00,0.00,0.00,0.00,0.00,0.00,0.00,0.00,0.00,0.00,0.00,0.00,0.00,0.00,0.00,0.00,0.00,0.00,0.00,0.00,0.00,0.00,0.00,0.00,0.00,0.00,0.00,0.00,0.00,0.00,0.00,0.00,0.00,0.00,0.00,0.00,0.00,0.00,0.00,0.00,0.00,0.00,0.00,0.00,0.00,0.00,0.00,0.00,0.00,0.00,0.00,0.00,0.00,0.00,0.00,0.00,0.00,0.00,0.00,0.00,0.00,0.00,0.00,0.00,0.00,0.00,0.00,0.00,0.00,0.00,0.00,0.00,0.00,40.00,50.00,46.00,40.00,27.00,0.00,29.45,30.00,37.43,36.00,34.00,0.00,36.99,0.00,0.00,34.24,0.00,32.00,0.00,31.00,30.00,29.63,30.00,30.00,27.00,30.48,28.41,26.55,34.00,0.00,0.00,35.11,31.00,31.00,30.55,30.14,30.55,0.00,30.81,0.00,0.00,0.00,0.00,0.00,0.00,26.00,26.00,28.00,0.00,32.00,31.00,28.60,30.00,31.00,32.12,31.29,33.00,33.00,33.00,33.00,0.00,30.48,32.30,30.00,31.74,0.00,33.52,34.00,35.00,35.00,0.00,34.00,0.00,0.00,32.00,0.00,32.00,33.65,0.00,0.00,0.00,0.00,0.00,0.00,0.00,0.00,0.00,0.00,0.00,0.00,0.00,0.00,0.00,0.00,0.00,0.00,0.00,0.00,0.00,0.00,0.00,0.00,0.00,0.00,0.00,0.00,0.00,0.00,0.00,0.00,0.00,0.00,0.00,0.00,0.00,0.00,0.00,0.00,0.00,0.00,..,..,..,..,..,..,..,..,..,..
Rubber (coagulated cup lump),..REGION VIII (EASTERN VISAYAS),0.00,0.00,0.00,0.00,0.00,0.00,0.00,0.00,0.00,0.00,0.00,0.00,0.00,0.00,0.00,0.00,0.00,0.00,0.00,0.00,0.00,0.00,0.00,0.00,0.00,0.00,0.00,0.00,0.00,0.00,0.00,0.00,0.00,0.00,0.00,0.00,0.00,0.00,0.00,0.00,0.00,0.00,0.00,0.00,0.00,0.00,0.00,0.00,0.00,0.00,0.00,0.00,0.00,0.00,0.00,0.00,0.00,0.00,0.00,0.00,0.00,0.00,0.00,0.00,0.00,0.00,0.00,0.00,0.00,0.00,0.00,0.00,0.00,0.00,0.00,0.00,0.00,0.00,0.00,0.00,0.00,0.00,0.00,0.00,0.00,0.00,0.00,0.00,0.00,0.00,0.00,0.00,0.00,0.00,0.00,0.00,0.00,0.00,0.00,0.00,0.00,0.00,0.00,0.00,0.00,0.00,0.00,0.00,0.00,0.00,0.00,0.00,0.00,0.00,0.00,0.00,0.00,0.00,0.00,0.00,0.00,0.00,0.00,0.00,0.00,0.00,0.00,0.00,0.00,0.00,0.00,0.00,0.00,0.00,0.00,0.00,0.00,0.00,0.00,0.00,0.00,0.00,0.00,0.00,0.00,0.00,0.00,0.00,0.00,0.00,0.00,0.00,0.00,0.00,0.00,0.00,0.00,0.00,0.00,0.00,0.00,0.00,0.00,0.00,0.00,0.00,0.00,0.00,0.00,0.00,0.00,0.00,0.00,0.00,0.00,0.00,0.00,0.00,0.00,0.00,0.00,0.00,0.00,0.00,0.00,0.00,0.00,0.00,0.00,0.00,0.00,0.00,0.00,0.00,0.00,0.00,0.00,0.00,0.00,0.00,0.00,0.00,0.00,0.00,0.00,0.00,0.00,0.00,0.00,0.00,0.00,..,..,..,..,..,..,..,..,..,..
Rubber (coagulated cup lump),..REGION IX (ZAMBOANGA PENINSULA),55.16,61.43,62.48,61.28,54.72,59.13,56.36,58.86,59.94,68.75,73.98,79.14,62.60,91.34,89.47,77.96,89.39,79.61,79.21,74.22,76.18,77.17,73.68,57.14,54.14,76.63,59.81,59.95,61.31,58.68,51.27,48.76,46.71,39.82,42.43,44.14,44.00,43.85,50.06,48.14,48.35,45.52,37.79,38.56,37.05,39.63,38.43,39.54,40.61,38.70,41.67,41.17,38.22,34.25,33.95,32.43,29.17,27.98,27.18,25.31,21.64,21.47,22.21,22.04,27.99,20.45,21.44,22.30,22.51,23.68,25.42,24.16,22.18,21.49,20.49,19.56,18.93,21.88,18.88,17.52,19.23,24.38,23.75,22.99,22.76,21.42,22.34,25.24,29.85,36.61,23.75,39.83,42.22,38.84,33.49,25.79,23.37,24.90,24.79,28.76,28.50,27.39,25.19,30.26,26.28,25.24,27.14,25.93,27.55,26.39,26.12,24.43,25.66,24.26,20.86,21.31,25.10,23.18,22.45,22.83,25.42,28.09,26.85,25.53,23.29,22.83,22.56,23.38,24.36,24.23,23.57,23.34,20.33,17.85,20.58,19.76,19.91,21.09,22.23,22.99,26.48,25.67,21.98,25.33,25.79,27.46,27.47,27.24,28.46,27.89,28.40,27.34,28.28,28.57,29.01,27.60,29.36,29.49,31.04,31.15,29.29,30.97,30.51,28.58,27.07,25.95,25.71,25.67,28.73,25.86,24.28,24.62,25.29,25.30,26.05,25.04,25.19,25.28,25.85,27.04,28.26,25.67,29.33,31.00,30.33,38.00,32.00,32.67,33.14,34.23,37.74,38.51,39.49,38.69,34.59,42.59,42.73,43.39,40.66,39.75,39.39,38.06,37.84,39.15,37.07,38.01,37.49,39.68,39.62,40.76,42.73,..,..,..,..,..,..,..,..,..,..
Rubber (coagulated cup lump),..REGION X (NORTHERN MINDANAO),40.94,49.02,54.08,62.04,47.74,48.94,49.18,52.27,52.19,57.44,57.94,65.08,53.07,70.39,84.23,61.32,76.07,75.44,72.39,74.19,74.20,73.42,65.97,38.97,46.30,67.74,49.91,52.66,59.27,52.83,46.69,37.55,40.39,37.72,37.49,39.11,39.89,39.55,44.42,41.22,41.31,41.06,39.98,40.91,37.26,39.90,37.65,34.14,33.13,34.03,34.69,37.94,34.54,30.17,35.19,30.67,28.32,23.10,22.43,22.60,19.27,16.46,20.35,19.60,25.23,20.28,19.24,20.90,19.36,21.05,21.52,20.91,19.55,17.94,18.61,18.87,17.01,19.60,16.29,16.80,18.80,19.94,20.33,17.41,18.33,18.40,19.10,19.05,17.18,25.01,18.89,26.84,27.41,26.82,21.33,20.23,20.04,20.34,21.67,21.51,22.06,24.38,23.01,22.97,21.31,22.40,21.00,20.42,20.42,20.41,19.65,19.73,20.14,20.86,20.16,19.86,20.53,20.08,24.98,20.42,22.14,22.27,23.56,21.28,20.63,20.53,19.87,19.96,21.89,21.47,21.99,21.17,20.36,16.97,18.75,16.80,18.93,18.37,18.26,20.02,21.78,20.32,19.48,21.31,20.73,22.99,22.74,22.10,22.88,22.37,21.30,25.45,23.99,24.05,24.05,22.83,32.56,33.20,27.78,27.52,28.22,29.47,26.68,26.24,26.51,24.54,24.07,24.11,27.58,25.29,27.71,25.34,24.04,27.06,26.51,26.82,27.38,25.74,28.16,28.32,28.64,26.75,32.50,33.00,32.50,35.62,35.62,35.97,31.94,31.76,30.76,41.54,40.75,38.41,35.03,38.15,39.85,40.91,39.83,40.03,39.79,35.16,35.91,35.70,36.11,35.30,37.47,37.85,39.53,40.15,43.88,..,..,..,..,..,..,..,..,..,..
Rubber (coagulated cup lump),..REGION XI (DAVAO REGION),50.16,52.52,53.74,53.07,49.98,48.93,50.66,50.68,52.79,57.07,60.93,69.21,54.15,81.11,84.69,62.48,76.32,78.40,76.45,75.56,77.46,81.07,71.43,44.46,50.94,71.70,54.31,57.24,60.24,58.49,47.79,43.76,40.93,39.97,39.87,41.74,43.22,41.74,47.44,45.52,45.79,44.48,34.87,35.39,31.54,31.84,36.03,33.86,34.02,35.78,36.73,37.15,43.27,30.61,30.00,22.98,22.72,22.28,21.75,23.98,23.30,22.12,21.60,21.26,25.49,19.27,18.00,18.36,19.13,18.28,21.50,20.56,20.86,20.51,18.84,18.75,15.93,19.17,14.33,14.78,15.37,14.90,19.84,18.94,18.62,18.44,19.29,20.36,25.58,26.60,18.92,35.49,39.01,34.37,29.86,27.74,24.80,25.13,25.06,27.32,25.63,26.18,26.11,28.89,26.31,25.35,24.92,25.00,24.15,23.48,24.66,23.28,22.90,23.29,21.74,22.18,23.94,22.10,21.35,25.05,25.32,27.59,29.21,26.56,23.92,23.93,23.72,25.15,24.03,24.83,25.27,24.43,20.47,14.15,17.70,20.38,21.27,18.31,23.69,23.65,24.73,24.64,21.56,25.61,25.50,25.09,27.43,26.55,25.78,25.90,27.42,26.55,26.21,27.66,28.29,26.50,28.25,26.08,25.84,26.81,26.27,25.82,26.59,26.59,24.87,23.23,24.77,24.34,25.79,25.12,24.98,25.10,23.68,25.18,25.32,25.01,24.10,24.28,24.87,25.13,27.03,24.98,25.48,25.48,25.78,25.02,26.68,26.68,33.57,31.28,28.20,40.77,47.92,38.76,31.30,37.78,38.65,40.45,40.61,34.39,39.39,34.15,35.02,36.18,40.73,41.05,40.61,38.25,48.74,46.91,47.08,..,..,..,..,..,..,..,..,..,..
Rubber (coagulated cup lump),..REGION XII (SOCCSKSARGEN),55.19,57.71,60.28,61.30,54.92,52.99,54.06,54.05,56.07,65.60,68.83,76.95,59.83,89.64,89.55,69.59,73.39,78.79,80.48,77.10,79.27,80.10,72.59,43.84,47.79,73.51,55.65,59.78,63.92,61.68,51.57,47.55,45.87,39.19,39.35,44.78,46.61,45.15,50.09,46.57,50.21,46.25,36.34,38.63,36.01,34.92,36.42,37.15,38.80,38.43,37.25,39.75,35.57,30.46,29.58,25.89,24.50,24.60,24.59,24.53,20.95,22.53,22.35,20.48,25.50,20.06,17.92,18.08,19.02,20.20,23.72,24.33,19.75,19.83,22.27,20.15,21.40,20.56,18.40,19.08,18.86,22.04,21.81,19.43,19.72,19.86,19.76,21.08,25.02,28.63,21.14,36.37,39.12,35.02,24.96,23.55,22.95,24.41,23.96,25.64,25.79,27.33,25.25,27.86,24.70,25.15,25.01,23.19,23.38,24.92,24.98,24.47,23.99,23.71,22.74,19.93,23.85,21.31,22.15,24.11,26.65,27.29,27.56,26.38,24.87,24.17,25.37,22.67,24.04,24.71,25.04,21.83,21.25,14.39,17.18,21.19,21.73,23.42,23.08,25.19,27.23,24.63,22.18,25.08,25.49,28.55,27.89,27.04,26.99,26.92,28.13,26.47,26.64,28.15,29.20,27.21,29.27,28.19,28.50,28.18,27.58,26.80,27.33,26.44,22.97,23.79,23.23,24.01,26.36,24.45,24.90,24.51,25.74,26.65,27.69,26.17,25.18,25.06,26.48,26.48,27.52,25.90,23.50,25.00,26.67,30.89,31.49,34.08,35.30,35.68,35.94,42.51,37.87,35.80,32.89,43.44,43.84,45.69,42.26,40.56,39.16,37.08,38.09,39.06,42.41,40.61,41.84,41.17,42.60,45.99,49.22,..,..,..,..,..,..,..,..,..,..
Rubber (coagulated cup lump),..REGION XIII (CARAGA),45.78,48.35,52.12,64.97,57.81,53.67,56.26,61.15,63.14,63.19,66.63,73.57,58.89,83.63,86.59,63.76,77.04,77.55,80.84,80.35,81.91,83.92,77.53,57.48,59.96,75.88,62.88,69.02,70.27,69.60,62.38,55.79,47.66,45.46,44.07,46.96,48.85,46.11,55.75,47.09,46.32,46.06,41.86,40.63,38.29,38.55,37.17,36.43,37.55,37.05,36.36,40.28,36.92,33.71,31.86,30.15,25.91,25.90,26.58,25.21,24.02,21.77,25.34,25.35,27.73,24.10,20.52,22.59,23.15,24.31,23.46,22.01,22.14,21.60,22.50,21.61,20.11,22.34,18.64,15.75,20.05,23.22,23.38,23.66,21.10,21.33,21.65,25.04,30.48,31.59,22.99,37.42,42.52,37.83,31.02,24.67,24.42,23.76,25.44,24.95,28.29,26.03,26.45,29.40,26.53,26.04,26.81,25.40,25.89,28.06,24.95,25.93,24.57,25.51,24.18,23.25,25.59,22.38,21.61,22.65,26.90,29.54,30.57,31.98,26.53,30.94,26.79,25.09,27.51,26.87,27.46,25.54,23.44,22.74,18.66,20.75,17.35,22.62,21.48,22.91,26.24,26.10,22.94,25.16,26.47,27.13,28.57,28.24,28.75,27.73,27.98,27.71,28.49,29.16,29.80,27.93,30.37,29.68,30.78,30.96,30.28,26.84,27.84,27.28,25.01,24.83,24.44,24.92,27.77,25.96,26.13,27.00,26.72,27.70,27.61,26.54,27.34,27.39,26.94,26.59,27.80,26.98,28.00,26.50,26.50,35.00,35.00,35.33,35.20,35.41,35.82,41.63,40.76,41.03,34.68,37.80,38.26,38.96,38.87,36.16,33.50,35.15,34.67,35.30,39.72,39.11,39.59,37.26,39.17,40.29,42.08,..,..,..,..,..,..,..,..,..,..
Rubber (coagulated cup lump),..BANGSAMORO AUTONOMOUS REGION IN MUSLIM MINDANAO (BARMM) 1/,43.58,44.64,48.86,51.70,49.87,44.07,49.49,48.45,48.73,50.40,52.59,60.27,49.39,98.77,94.92,76.67,87.44,88.45,86.04,84.10,79.66,73.63,66.58,57.06,56.76,79.17,57.88,63.84,65.11,63.97,53.55,49.12,50.15,41.91,44.17,49.98,48.73,49.11,53.13,51.40,51.18,51.49,44.09,39.07,42.01,40.63,41.39,31.11,32.78,38.16,39.69,41.92,40.55,36.41,31.14,28.32,23.61,21.50,22.49,24.10,20.20,19.17,20.65,22.04,25.85,20.67,20.50,21.05,21.93,22.60,22.77,22.11,20.67,19.68,21.03,17.12,15.59,20.48,18.16,18.21,18.76,24.36,24.65,23.49,23.49,23.41,22.32,20.55,21.82,26.91,22.18,37.50,41.03,40.17,37.16,22.00,22.73,22.17,24.28,25.53,25.58,25.34,27.10,29.22,23.49,24.79,23.31,24.90,21.81,22.91,21.04,21.94,21.47,24.49,21.12,20.68,22.66,18.42,19.39,22.45,20.21,20.12,20.03,20.03,20.17,19.84,19.97,20.01,19.37,20.00,19.88,20.60,25.41,19.76,17.63,16.47,15.25,16.24,18.31,20.90,22.38,22.74,19.63,23.28,22.69,21.92,23.79,24.37,26.53,22.30,23.55,25.64,26.56,25.70,26.65,24.42,27.76,27.26,27.70,28.17,28.52,28.59,25.40,25.63,25.51,26.02,26.58,27.02,27.01,27.11,27.51,26.60,27.42,27.16,26.69,27.13,26.76,25.18,26.21,26.89,27.84,26.88,28.72,28.38,29.97,34.45,33.25,34.01,27.44,31.70,27.33,37.61,39.97,43.70,33.04,40.98,44.50,44.10,39.07,37.99,34.49,35.69,35.53,35.95,37.97,36.69,39.59,38.55,39.93,40.62,39.02,..,..,..,..,..,..,..,..,..,..
Sugarcane for Centrifugal Sugar,..REGION VII (CENTRAL VISAYAS),38.67,32.11,30.30,33.60,36.10,0.00,0.00,0.00,44.00,47.66,47.67,41.98,39.12,44.01,33.31,36.32,35.85,28.16,25.26,27.00,0.00,24.00,25.08,22.80,23.86,29.60,25.81,25.47,26.85,25.74,27.38,27.88,27.00,0.00,28.40,23.10,25.17,24.86,26.15,26.24,25.26,26.04,27.66,28.09,0.00,0.00,28.62,29.60,28.40,29.61,25.98,27.55,0.00,0.00,0.00,32.48,33.16,0.00,0.00,32.51,28.99,29.81,27.59,28.73,30.47,29.22,29.56,29.96,30.17,32.65,0.00,0.00,0.00,33.40,32.98,33.79,36.12,31.98,36.58,36.73,36.89,37.01,36.63,0.00,0.00,0.00,34.43,31.81,33.41,30.87,34.93,31.30,30.73,26.96,25.30,25.33,24.47,24.27,0.00,26.90,27.14,23.08,24.97,26.40,26.56,27.53,29.50,32.87,36.60,38.96,43.09,0.00,42.18,32.39,30.70,32.10,33.86,30.24,30.84,29.44,29.73,29.81,31.00,0.00,0.00,30.55,30.14,30.55,29.98,30.23,30.00,30.41,29.70,30.70,30.79,29.60,0.00,0.00,30.92,28.61,29.94,29.88,30.06,29.96,30.21,31.72,33.31,33.03,33.96,33.10,33.10,31.53,33.45,33.72,34.13,32.60,37.86,37.47,38.99,42.10,47.07,0.00,0.00,42.54,70.15,68.60,64.63,57.89,50.73,71.02,63.89,61.30,62.08,65.83,0.00,0.00,0.00,52.20,52.48,52.91,48.60,58.92,0.00,0.00,0.00,0.00,0.00,0.00,0.00,0.00,0.00,0.00,0.00,0.00,0.00,0.00,0.00,0.00,0.00,0.00,0.00,0.00,0.00,0.00,60.00,0.00,0.00,60.00,0.00,0.00,0.00,..,..,..,..,..,..,..,..,..,..
Sugarcane for Centrifugal Sugar,..REGION VIII (EASTERN VISAYAS),30.42,30.98,32.31,32.00,31.89,31.89,0.00,0.00,0.00,0.00,26.55,28.72,30.60,38.18,38.04,37.42,36.56,36.81,0.00,0.00,0.00,0.00,0.00,31.14,25.17,34.76,24.43,24.31,23.10,23.71,23.37,0.00,0.00,0.00,0.00,0.00,25.70,23.40,24.00,24.02,23.73,23.45,23.41,23.36,0.00,0.00,0.00,0.00,0.00,0.00,0.00,23.59,0.00,0.00,0.00,27.93,32.98,32.77,0.00,0.00,0.00,0.00,0.00,0.00,31.23,0.00,0.00,0.00,0.00,0.00,0.00,0.00,0.00,0.00,0.00,0.00,0.00,0.00,32.29,30.52,33.49,31.20,0.00,0.00,0.00,0.00,0.00,0.00,39.66,30.84,33.00,28.46,28.04,27.18,28.10,24.61,28.00,25.50,0.00,0.00,0.00,22.39,26.47,26.53,26.33,26.84,29.11,27.13,32.80,0.00,0.00,0.00,0.00,0.00,36.00,32.00,30.03,31.63,29.16,30.05,28.00,29.96,0.00,0.00,0.00,0.00,0.00,0.00,0.00,29.76,28.17,28.20,14.46,12.63,13.85,0.00,0.00,0.00,0.00,0.00,0.00,0.00,19.46,0.00,0.00,26.18,22.88,22.00,24.12,0.00,0.00,0.00,0.00,0.00,0.00,23.80,22.32,30.51,34.42,36.51,41.29,0.00,0.00,0.00,0.00,0.00,0.00,0.00,33.01,0.00,45.47,45.06,51.80,59.17,0.00,0.00,0.00,0.00,0.00,0.00,0.00,50.38,51.15,53.83,52.70,47.75,45.01,0.00,0.00,0.00,0.00,0.00,0.00,0.00,50.09,39.74,39.22,49.48,53.00,0.00,53.25,0.00,0.00,0.00,0.00,0.00,0.00,46.94,0.00,0.00,45.54,..,..,..,..,..,..,..,..,..,..
Sugarcane for Centrifugal Sugar,..REGION IX (ZAMBOANGA PENINSULA),0.00,0.00,0.00,0.00,0.00,0.00,0.00,0.00,0.00,0.00,0.00,0.00,0.00,0.00,0.00,0.00,0.00,0.00,0.00,0.00,0.00,0.00,0.00,0.00,0.00,0.00,0.00,0.00,0.00,0.00,0.00,0.00,0.00,0.00,0.00,0.00,0.00,0.00,0.00,0.00,0.00,0.00,0.00,0.00,0.00,0.00,0.00,0.00,0.00,0.00,0.00,0.00,0.00,0.00,0.00,0.00,0.00,0.00,0.00,0.00,0.00,0.00,0.00,0.00,0.00,0.00,0.00,0.00,0.00,0.00,0.00,0.00,0.00,0.00,0.00,0.00,0.00,0.00,0.00,0.00,0.00,0.00,0.00,0.00,0.00,0.00,0.00,0.00,0.00,0.00,0.00,0.00,0.00,0.00,0.00,0.00,0.00,0.00,0.00,0.00,0.00,0.00,0.00,0.00,0.00,0.00,0.00,0.00,0.00,0.00,0.00,0.00,0.00,0.00,0.00,0.00,0.00,0.00,0.00,0.00,0.00,0.00,0.00,0.00,0.00,0.00,0.00,0.00,0.00,0.00,0.00,0.00,0.00,0.00,0.00,0.00,0.00,0.00,0.00,0.00,0.00,0.00,0.00,0.00,0.00,0.00,0.00,0.00,0.00,0.00,0.00,0.00,0.00,0.00,0.00,0.00,0.00,0.00,0.00,0.00,0.00,0.00,0.00,0.00,0.00,0.00,0.00,0.00,0.00,0.00,0.00,0.00,0.00,0.00,0.00,0.00,0.00,0.00,0.00,0.00,0.00,0.00,0.00,0.00,0.00,0.00,0.00,0.00,0.00,0.00,0.00,0.00,0.00,0.00,0.00,0.00,0.00,0.00,0.00,0.00,0.00,0.00,0.00,0.00,0.00,0.00,0.00,0.00,0.00,0.00,0.00,..,..,..,..,..,..,..,..,..,..
Sugarcane for Centrifugal Sugar,..REGION X (NORTHERN MINDANAO),34.79,34.83,31.13,31.94,0.00,0.00,0.00,0.00,0.00,0.00,0.00,45.01,35.54,44.39,41.43,36.26,34.99,30.17,26.32,25.72,0.00,0.00,0.00,23.54,23.89,31.86,24.24,24.82,26.42,27.60,27.16,0.00,0.00,0.00,0.00,23.95,23.39,23.26,25.11,24.07,24.40,24.47,25.61,25.77,0.00,0.00,0.00,0.00,0.00,26.83,25.63,25.25,25.35,28.43,29.17,30.88,31.98,0.00,0.00,0.00,0.00,0.00,27.99,27.57,28.77,28.01,28.44,30.46,31.97,0.00,0.00,0.00,0.00,0.00,0.00,0.00,36.13,31.00,36.01,35.85,36.07,36.08,0.00,0.00,0.00,0.00,0.00,0.00,0.00,29.28,34.66,28.54,27.80,27.10,23.74,24.10,23.20,23.60,0.00,0.00,0.00,22.47,25.31,25.10,25.02,26.47,29.33,31.39,32.74,0.00,0.00,0.00,0.00,0.00,28.22,29.34,28.93,28.40,29.15,28.09,28.58,28.59,0.00,0.00,0.00,0.00,0.00,0.00,28.69,28.58,28.86,29.76,28.36,26.75,30.80,30.57,0.00,0.00,0.00,0.00,0.00,28.46,29.08,28.86,29.05,30.40,31.60,29.40,31.40,0.00,0.00,0.00,0.00,0.00,33.70,30.63,36.00,34.61,38.04,39.95,39.73,0.00,0.00,0.00,0.00,0.00,61.00,58.09,43.92,65.45,59.50,58.83,59.50,61.00,0.00,0.00,0.00,0.00,0.00,51.00,47.00,57.47,46.82,48.38,52.83,51.60,48.86,0.00,0.00,0.00,0.00,0.00,41.75,48.50,48.39,52.36,53.64,52.45,49.45,48.01,46.66,45.00,44.78,46.17,0.00,39.56,42.35,47.31,33.88,29.47,36.15,..,..,..,..,..,..,..,..,..,..
Sugarcane for Centrifugal Sugar,..REGION XI (DAVAO REGION),33.88,32.75,30.52,0.00,0.00,0.00,0.00,0.00,0.00,0.00,0.00,43.11,35.07,44.58,42.32,37.63,35.95,28.67,0.00,0.00,0.00,0.00,0.00,0.00,22.67,35.30,24.23,25.79,26.95,28.03,0.00,0.00,0.00,0.00,0.00,0.00,25.06,24.95,25.84,0.00,0.00,0.00,0.00,0.00,0.00,0.00,0.00,0.00,0.00,0.00,0.00,0.00,0.00,0.00,0.00,0.00,0.00,0.00,0.00,0.00,0.00,0.00,0.00,0.00,0.00,0.00,0.00,0.00,0.00,0.00,0.00,0.00,0.00,0.00,0.00,0.00,0.00,0.00,0.00,0.00,0.00,0.00,0.00,0.00,0.00,0.00,0.00,0.00,0.00,0.00,0.00,0.00,0.00,0.00,0.00,0.00,0.00,0.00,0.00,0.00,0.00,0.00,0.00,0.00,0.00,0.00,0.00,0.00,0.00,0.00,0.00,0.00,0.00,0.00,0.00,0.00,0.00,0.00,0.00,0.00,0.00,0.00,0.00,0.00,0.00,0.00,0.00,0.00,0.00,0.00,0.00,0.00,0.00,0.00,0.00,0.00,0.00,0.00,0.00,0.00,0.00,0.00,0.00,0.00,0.00,0.00,0.00,0.00,0.00,0.00,0.00,0.00,0.00,0.00,0.00,0.00,0.00,0.00,0.00,0.00,0.00,0.00,0.00,0.00,0.00,0.00,0.00,0.00,0.00,0.00,0.00,0.00,0.00,0.00,0.00,0.00,0.00,0.00,0.00,0.00,0.00,0.00,50.00,50.00,50.00,0.00,0.00,0.00,0.00,0.00,0.00,0.00,0.00,0.00,50.00,0.00,53.93,40.04,52.00,50.00,51.00,0.00,0.00,0.00,0.00,0.00,0.00,49.39,0.00,48.41,27.45,..,..,..,..,..,..,..,..,..,..
Sugarcane for Centrifugal Sugar,..REGION XII (SOCCSKSARGEN),34.29,30.83,30.52,31.60,33.00,0.00,0.00,0.00,0.00,0.00,0.00,45.21,34.24,45.15,41.29,39.20,36.77,33.41,28.55,0.00,0.00,0.00,0.00,21.29,21.58,33.41,22.95,23.67,24.55,25.59,27.21,0.00,0.00,0.00,0.00,0.00,21.82,23.55,24.19,23.62,24.74,24.89,25.15,25.61,25.00,0.00,0.00,0.00,0.00,28.00,27.12,25.52,26.01,27.30,28.44,28.72,29.38,0.00,0.00,0.00,0.00,0.00,0.00,27.60,27.91,26.80,27.57,28.93,30.80,32.00,0.00,0.00,0.00,0.00,0.00,0.00,33.87,30.00,34.77,34.71,34.60,35.60,0.00,0.00,0.00,0.00,0.00,0.00,0.00,27.10,33.36,27.73,27.54,24.79,23.86,22.55,22.47,0.00,0.00,0.00,0.00,22.35,21.81,24.14,22.12,25.03,26.27,29.65,30.16,32.32,0.00,0.00,0.00,0.00,25.68,28.05,27.41,26.33,27.88,26.44,23.19,25.97,0.00,0.00,0.00,0.00,0.00,23.46,25.07,25.48,27.33,26.41,26.09,26.51,27.44,29.22,0.00,0.00,0.00,0.00,0.00,25.74,26.96,26.34,26.92,27.34,27.95,28.07,25.15,0.00,0.00,0.00,0.00,0.00,28.56,27.19,33.50,32.32,34.30,36.19,37.04,0.00,0.00,0.00,0.00,0.00,58.66,54.24,40.89,60.42,54.52,55.14,57.94,0.00,57.87,0.00,0.00,0.00,0.00,0.00,43.13,54.84,50.56,50.57,48.63,49.70,37.33,58.50,0.00,0.00,0.00,0.00,45.50,45.50,48.29,53.37,51.58,50.67,40.06,48.00,48.50,0.00,0.00,0.00,0.00,0.00,37.87,47.15,39.25,36.92,35.96,..,..,..,..,..,..,..,..,..,..
Sugarcane for Centrifugal Sugar,..REGION XIII (CARAGA),0.00,0.00,0.00,0.00,0.00,0.00,0.00,0.00,0.00,0.00,0.00,0.00,0.00,0.00,0.00,0.00,0.00,0.00,0.00,0.00,0.00,0.00,0.00,0.00,0.00,0.00,0.00,0.00,0.00,0.00,0.00,0.00,0.00,0.00,0.00,0.00,0.00,0.00,0.00,0.00,0.00,0.00,0.00,0.00,0.00,0.00,0.00,0.00,0.00,0.00,0.00,0.00,0.00,0.00,0.00,0.00,0.00,0.00,0.00,0.00,0.00,0.00,0.00,0.00,0.00,0.00,0.00,0.00,0.00,0.00,0.00,0.00,0.00,0.00,0.00,0.00,0.00,0.00,0.00,0.00,0.00,0.00,0.00,0.00,0.00,0.00,0.00,0.00,0.00,0.00,0.00,0.00,0.00,0.00,0.00,0.00,0.00,0.00,0.00,0.00,0.00,0.00,0.00,0.00,0.00,0.00,0.00,0.00,0.00,0.00,0.00,0.00,0.00,0.00,0.00,0.00,0.00,0.00,0.00,0.00,0.00,0.00,0.00,0.00,0.00,0.00,0.00,0.00,0.00,0.00,0.00,0.00,0.00,0.00,0.00,0.00,0.00,0.00,0.00,0.00,0.00,0.00,0.00,0.00,0.00,0.00,0.00,0.00,0.00,0.00,0.00,0.00,0.00,0.00,0.00,0.00,0.00,0.00,0.00,0.00,0.00,0.00,0.00,0.00,0.00,0.00,0.00,0.00,0.00,0.00,0.00,0.00,0.00,0.00,0.00,0.00,0.00,0.00,0.00,0.00,0.00,0.00,0.00,0.00,0.00,0.00,0.00,0.00,0.00,0.00,0.00,0.00,0.00,0.00,0.00,0.00,0.00,0.00,0.00,0.00,0.00,0.00,0.00,0.00,0.00,0.00,0.00,0.00,0.00,0.00,0.00,..,..,..,..,..,..,..,..,..,..
Sugarcane for Centrifugal Sugar,..BANGSAMORO AUTONOMOUS REGION IN MUSLIM MINDANAO (BARMM) 1/,6.50,7.00,7.50,7.00,6.50,7.50,7.00,7.50,7.00,0.00,0.00,8.00,7.15,0.00,0.00,0.00,0.00,0.00,0.00,0.00,0.00,0.00,0.00,0.00,0.00,0.00,0.00,0.00,0.00,0.00,0.00,0.00,0.00,0.00,0.00,0.00,0.00,0.00,0.00,0.00,0.00,0.00,0.00,0.00,0.00,0.00,0.00,0.00,0.00,0.00,0.00,0.00,0.00,0.00,0.00,0.00,0.00,0.00,0.00,0.00,0.00,0.00,0.00,0.00,0.00,0.00,0.00,0.00,0.00,0.00,0.00,0.00,0.00,0.00,0.00,0.00,0.00,0.00,0.00,0.00,0.00,0.00,0.00,0.00,0.00,0.00,0.00,0.00,0.00,0.00,0.00,0.00,0.00,0.00,0.00,0.00,0.00,0.00,0.00,0.00,0.00,0.00,0.00,0.00,0.00,0.00,0.00,0.00,0.00,0.00,0.00,0.00,0.00,0.00,0.00,0.00,0.00,0.00,0.00,0.00,0.00,0.00,0.00,0.00,0.00,0.00,0.00,0.00,0.00,0.00,0.00,0.00,0.00,0.00,0.00,0.00,0.00,0.00,0.00,0.00,0.00,0.00,0.00,0.00,0.00,0.00,0.00,0.00,0.00,0.00,0.00,0.00,0.00,0.00,0.00,0.00,0.00,0.00,0.00,0.00,0.00,0.00,0.00,0.00,0.00,0.00,0.00,0.00,0.00,0.00,0.00,0.00,0.00,0.00,0.00,0.00,0.00,0.00,0.00,0.00,0.00,0.00,0.00,0.00,0.00,24.00,0.00,30.00,0.00,0.00,0.00,0.00,65.24,0.00,39.75,47.86,0.00,51.88,0.00,66.70,0.00,63.75,63.13,61.88,59.90,59.78,60.00,59.43,63.60,55.89,55.03,..,..,..,..,..,..,..,..,..,..
Tobacco Native,..REGION VII (CENTRAL VISAYAS),0.00,0.00,0.00,0.00,0.00,0.00,0.00,0.00,0.00,0.00,0.00,0.00,0.00,0.00,0.00,0.00,0.00,0.00,0.00,0.00,0.00,0.00,0.00,0.00,0.00,0.00,0.00,0.00,0.00,0.00,0.00,0.00,0.00,0.00,0.00,0.00,0.00,0.00,0.00,0.00,0.00,0.00,0.00,0.00,0.00,0.00,0.00,0.00,0.00,0.00,0.00,0.00,0.00,0.00,0.00,0.00,0.00,0.00,0.00,0.00,0.00,0.00,0.00,0.00,0.00,0.00,0.00,0.00,0.00,0.00,0.00,0.00,0.00,0.00,0.00,0.00,0.00,0.00,0.00,0.00,0.00,0.00,0.00,0.00,0.00,0.00,0.00,0.00,0.00,0.00,0.00,0.00,0.00,551.30,427.42,441.42,352.19,859.67,108.82,423.93,0.00,0.00,0.00,452.11,0.00,0.00,0.00,393.79,425.13,402.03,396.82,423.81,571.43,500.00,0.00,0.00,444.72,0.00,0.00,514.29,435.57,434.84,417.26,532.52,572.07,600.24,609.79,567.74,565.00,524.93,489.49,498.66,0.00,0.00,583.52,442.17,427.47,432.41,375.82,393.99,500.88,419.44,456.39,0.00,0.00,0.00,450.82,394.82,456.65,348.39,484.56,467.11,396.61,446.73,408.11,428.20,547.37,0.00,0.00,0.00,448.51,545.96,540.63,526.83,563.95,0.00,0.00,0.00,528.88,0.00,0.00,0.00,665.71,650.02,786.32,880.46,689.54,833.33,0.00,0.00,0.00,750.90,0.00,0.00,0.00,0.00,0.00,0.00,0.00,0.00,0.00,0.00,0.00,0.00,0.00,0.00,0.00,0.00,0.00,0.00,0.00,0.00,0.00,0.00,0.00,0.00,0.00,0.00,0.00,0.00,0.00,..,..,..,..,..,..,..,..,..,..
Tobacco Native,..REGION VIII (EASTERN VISAYAS),0.00,60.22,0.00,0.00,0.00,0.00,0.00,0.00,0.00,42.05,40.00,0.00,47.42,36.92,39.23,0.00,0.00,0.00,0.00,0.00,0.00,0.00,0.00,40.00,0.00,38.72,60.66,57.09,0.00,0.00,0.00,0.00,0.00,0.00,0.00,0.00,0.00,0.00,58.88,59.08,61.54,0.00,0.00,0.00,0.00,0.00,0.00,0.00,59.88,0.00,0.00,60.17,0.00,0.00,0.00,0.00,0.00,0.00,0.00,0.00,0.00,0.00,85.71,0.00,85.71,0.00,0.00,0.00,0.00,0.00,0.00,0.00,0.00,0.00,0.00,0.00,0.00,0.00,0.00,0.00,0.00,0.00,0.00,0.00,0.00,0.00,0.00,0.00,0.00,0.00,0.00,0.00,0.00,0.00,0.00,0.00,0.00,0.00,0.00,0.00,0.00,0.00,0.00,0.00,0.00,0.00,0.00,0.00,0.00,0.00,0.00,0.00,0.00,0.00,0.00,0.00,0.00,0.00,0.00,0.00,0.00,0.00,0.00,0.00,0.00,0.00,0.00,0.00,0.00,0.00,0.00,0.00,0.00,0.00,0.00,0.00,0.00,0.00,0.00,0.00,0.00,0.00,0.00,0.00,0.00,0.00,0.00,0.00,0.00,0.00,0.00,0.00,0.00,0.00,0.00,0.00,0.00,0.00,0.00,0.00,0.00,0.00,0.00,0.00,0.00,0.00,0.00,0.00,0.00,0.00,0.00,0.00,0.00,0.00,0.00,0.00,0.00,0.00,0.00,0.00,0.00,0.00,0.00,0.00,0.00,0.00,0.00,0.00,0.00,0.00,0.00,0.00,120.00,0.00,120.00,0.00,0.00,0.00,200.00,200.00,200.00,0.00,0.00,0.00,0.00,0.00,0.00,200.00,0.00,0.00,0.00,..,..,..,..,..,..,..,..,..,..
Tobacco Native,..REGION IX (ZAMBOANGA PENINSULA),0.00,0.00,0.00,0.00,0.00,0.00,0.00,0.00,0.00,0.00,0.00,0.00,0.00,0.00,0.00,0.00,0.00,0.00,0.00,0.00,0.00,0.00,0.00,0.00,0.00,0.00,0.00,0.00,0.00,0.00,0.00,0.00,0.00,0.00,0.00,0.00,0.00,0.00,0.00,0.00,0.00,0.00,0.00,0.00,0.00,0.00,0.00,0.00,0.00,0.00,0.00,0.00,0.00,0.00,0.00,0.00,0.00,0.00,0.00,0.00,0.00,0.00,0.00,0.00,0.00,0.00,0.00,0.00,0.00,0.00,0.00,0.00,0.00,0.00,0.00,0.00,0.00,0.00,0.00,0.00,0.00,0.00,0.00,0.00,0.00,0.00,0.00,0.00,0.00,0.00,0.00,0.00,0.00,0.00,0.00,0.00,0.00,0.00,0.00,0.00,0.00,0.00,0.00,0.00,0.00,0.00,0.00,0.00,0.00,0.00,0.00,0.00,0.00,0.00,0.00,0.00,0.00,0.00,0.00,0.00,0.00,0.00,0.00,0.00,0.00,0.00,0.00,0.00,0.00,0.00,0.00,0.00,0.00,0.00,0.00,0.00,0.00,0.00,0.00,0.00,0.00,0.00,0.00,0.00,0.00,0.00,0.00,0.00,0.00,0.00,0.00,0.00,0.00,0.00,0.00,0.00,0.00,0.00,0.00,0.00,0.00,0.00,0.00,0.00,0.00,0.00,0.00,0.00,0.00,0.00,0.00,0.00,0.00,0.00,0.00,0.00,0.00,0.00,0.00,0.00,0.00,0.00,190.91,0.00,0.00,0.00,60.00,0.00,65.00,65.00,65.00,265.00,265.00,265.00,155.11,250.00,280.00,290.00,255.00,255.00,250.00,232.50,257.50,257.50,262.50,262.50,262.50,259.58,252.37,294.47,294.47,..,..,..,..,..,..,..,..,..,..
Tobacco Native,..REGION X (NORTHERN MINDANAO),124.44,147.60,134.91,131.86,132.85,106.17,108.15,100.94,105.82,141.06,122.67,112.21,122.39,125.19,162.43,117.16,105.86,128.85,102.86,147.06,0.00,164.18,168.69,211.33,249.18,152.98,238.60,247.20,331.75,0.00,0.00,0.00,0.00,867.38,517.76,367.55,462.79,561.40,449.30,454.54,443.82,284.48,0.00,406.25,0.00,0.00,217.39,234.68,179.66,194.64,253.35,296.53,200.20,202.83,174.03,172.68,178.19,215.50,0.00,293.91,287.40,241.14,196.94,252.06,219.53,216.40,244.00,237.27,249.23,287.04,291.43,0.00,600.00,298.31,303.95,326.09,314.00,306.16,320.90,314.42,371.43,0.00,0.00,0.00,0.00,0.00,310.24,268.76,409.99,399.53,342.18,305.96,378.65,362.10,363.04,500.00,402.92,0.00,447.84,428.40,392.21,400.00,544.06,411.38,0.00,413.04,417.55,431.03,425.12,468.61,559.01,699.56,664.38,488.12,405.44,468.31,494.56,432.89,545.39,585.59,539.89,487.32,459.84,849.33,800.00,463.71,499.83,446.02,534.74,553.71,236.46,281.16,327.94,219.06,274.65,705.32,755.37,0.00,814.24,900.00,870.55,883.61,569.85,892.19,878.81,600.00,562.59,546.43,329.73,419.80,431.07,359.98,327.91,373.76,446.37,514.05,454.15,294.16,403.74,406.82,253.88,133.33,148.21,421.81,549.60,479.72,397.38,461.12,366.99,464.02,477.91,470.28,461.74,696.08,851.12,801.56,747.79,961.66,1000.00,723.28,986.71,720.18,700.00,0.00,900.00,444.44,1000.00,0.00,631.21,632.81,673.33,657.06,800.00,500.00,693.89,650.00,700.00,719.32,700.00,720.00,700.00,400.00,400.00,350.00,200.00,300.00,250.00,507.44,250.00,250.00,250.00,..,..,..,..,..,..,..,..,..,..
Tobacco Native,..REGION XI (DAVAO REGION),0.00,0.00,0.00,0.00,0.00,0.00,0.00,0.00,0.00,0.00,0.00,0.00,0.00,0.00,0.00,0.00,0.00,0.00,0.00,0.00,0.00,0.00,0.00,0.00,0.00,0.00,0.00,0.00,0.00,0.00,0.00,0.00,0.00,0.00,0.00,0.00,0.00,0.00,0.00,0.00,0.00,0.00,0.00,0.00,0.00,0.00,0.00,0.00,0.00,0.00,0.00,0.00,0.00,0.00,0.00,0.00,0.00,0.00,0.00,0.00,0.00,0.00,0.00,0.00,0.00,0.00,0.00,0.00,0.00,0.00,0.00,0.00,0.00,0.00,0.00,0.00,0.00,0.00,0.00,0.00,0.00,0.00,0.00,0.00,0.00,0.00,0.00,0.00,0.00,0.00,0.00,0.00,0.00,0.00,0.00,0.00,0.00,0.00,0.00,0.00,0.00,0.00,0.00,0.00,0.00,0.00,0.00,0.00,0.00,0.00,0.00,0.00,0.00,0.00,0.00,0.00,0.00,0.00,0.00,0.00,0.00,0.00,0.00,0.00,0.00,0.00,0.00,0.00,0.00,0.00,0.00,0.00,0.00,0.00,0.00,0.00,0.00,0.00,0.00,0.00,0.00,0.00,0.00,0.00,0.00,0.00,0.00,0.00,0.00,0.00,0.00,0.00,0.00,0.00,0.00,0.00,0.00,0.00,0.00,0.00,0.00,0.00,0.00,0.00,0.00,0.00,0.00,0.00,0.00,0.00,0.00,0.00,0.00,0.00,0.00,0.00,0.00,0.00,0.00,0.00,0.00,0.00,0.00,0.00,0.00,50.00,50.00,50.00,52.00,55.00,55.00,125.00,125.00,125.00,76.33,111.67,113.50,113.80,106.67,106.67,105.00,93.75,93.75,92.50,93.75,97.50,97.50,102.17,100.57,103.67,102.12,..,..,..,..,..,..,..,..,..,..
Tobacco Native,..REGION XII (SOCCSKSARGEN),136.22,134.59,113.63,131.89,120.86,120.28,120.06,0.00,0.00,0.00,0.00,0.00,125.36,118.40,102.57,102.84,113.56,103.77,103.08,104.21,0.00,0.00,0.00,0.00,0.00,106.92,0.00,100.58,100.60,100.36,102.57,100.62,100.77,0.00,0.00,0.00,0.00,0.00,100.92,0.00,0.00,102.44,104.07,105.43,102.16,103.14,0.00,0.00,0.00,0.00,0.00,103.45,0.00,0.00,106.91,104.05,103.90,102.35,107.33,0.00,0.00,0.00,0.00,0.00,104.91,0.00,103.03,104.92,163.00,176.66,167.61,0.00,0.00,0.00,0.00,0.00,0.00,143.04,0.00,64.35,88.92,94.33,59.61,91.88,78.11,0.00,76.94,76.28,0.00,0.00,78.80,75.45,74.00,88.58,111.85,127.65,82.40,0.00,0.00,0.00,0.00,0.00,0.00,93.32,0.00,141.67,167.63,209.38,206.73,0.00,0.00,0.00,0.00,0.00,0.00,0.00,181.35,0.00,421.75,445.29,459.27,495.28,0.00,0.00,0.00,0.00,0.00,0.00,0.00,455.40,0.00,0.00,0.00,0.00,0.00,0.00,0.00,0.00,0.00,0.00,0.00,0.00,0.00,0.00,0.00,0.00,0.00,0.00,0.00,0.00,0.00,0.00,0.00,0.00,0.00,0.00,0.00,0.00,0.00,0.00,0.00,0.00,0.00,0.00,0.00,0.00,0.00,0.00,0.00,0.00,0.00,0.00,0.00,0.00,0.00,0.00,0.00,0.00,0.00,0.00,0.00,0.00,0.00,0.00,0.00,0.00,0.00,0.00,0.00,0.00,0.00,0.00,0.00,0.00,0.00,100.00,100.00,100.00,100.00,100.00,100.00,0.00,0.00,0.00,0.00,0.00,0.00,100.00,100.00,96.37,92.75,..,..,..,..,..,..,..,..,..,..
Tobacco Native,..REGION XIII (CARAGA),0.00,0.00,0.00,0.00,0.00,0.00,0.00,0.00,0.00,0.00,0.00,0.00,0.00,0.00,0.00,0.00,0.00,0.00,0.00,0.00,0.00,0.00,0.00,0.00,0.00,0.00,0.00,0.00,0.00,0.00,0.00,0.00,0.00,0.00,0.00,0.00,0.00,0.00,0.00,0.00,0.00,0.00,0.00,0.00,0.00,0.00,0.00,0.00,0.00,0.00,0.00,0.00,0.00,0.00,0.00,0.00,0.00,0.00,0.00,0.00,0.00,0.00,0.00,0.00,0.00,0.00,0.00,0.00,0.00,0.00,0.00,0.00,0.00,0.00,0.00,0.00,0.00,0.00,0.00,0.00,0.00,0.00,0.00,0.00,0.00,0.00,0.00,0.00,0.00,0.00,0.00,0.00,0.00,0.00,0.00,0.00,0.00,0.00,0.00,0.00,0.00,0.00,0.00,0.00,0.00,0.00,0.00,0.00,0.00,0.00,0.00,0.00,0.00,0.00,0.00,0.00,0.00,0.00,0.00,0.00,0.00,0.00,0.00,0.00,0.00,0.00,0.00,0.00,0.00,0.00,0.00,0.00,0.00,0.00,0.00,0.00,0.00,0.00,0.00,0.00,0.00,0.00,0.00,0.00,0.00,0.00,0.00,0.00,0.00,0.00,0.00,0.00,0.00,0.00,0.00,0.00,0.00,0.00,0.00,0.00,0.00,0.00,0.00,0.00,0.00,0.00,0.00,0.00,0.00,0.00,0.00,0.00,0.00,0.00,0.00,0.00,0.00,0.00,0.00,0.00,0.00,0.00,0.00,0.00,0.00,0.00,300.00,0.00,300.00,300.00,300.00,0.00,0.00,0.00,300.00,0.00,0.00,0.00,0.00,0.00,0.00,300.00,300.00,300.00,300.00,300.00,300.00,300.00,0.00,0.00,0.00,..,..,..,..,..,..,..,..,..,..
Tobacco Native,..BANGSAMORO AUTONOMOUS REGION IN MUSLIM MINDANAO (BARMM) 1/,0.00,0.00,0.00,0.00,0.00,0.00,0.00,0.00,0.00,0.00,0.00,0.00,0.00,0.00,0.00,0.00,0.00,0.00,0.00,0.00,0.00,0.00,0.00,0.00,0.00,0.00,0.00,0.00,0.00,0.00,0.00,0.00,0.00,0.00,0.00,0.00,0.00,0.00,0.00,0.00,0.00,0.00,0.00,0.00,0.00,0.00,0.00,0.00,0.00,0.00,0.00,0.00,0.00,0.00,0.00,0.00,0.00,0.00,0.00,0.00,0.00,0.00,0.00,0.00,0.00,0.00,0.00,0.00,0.00,0.00,0.00,0.00,0.00,0.00,0.00,0.00,0.00,0.00,0.00,0.00,0.00,0.00,0.00,0.00,0.00,0.00,0.00,0.00,0.00,0.00,0.00,0.00,0.00,0.00,0.00,0.00,0.00,0.00,0.00,0.00,0.00,0.00,0.00,0.00,0.00,0.00,0.00,0.00,0.00,0.00,0.00,0.00,0.00,0.00,0.00,0.00,0.00,0.00,0.00,0.00,0.00,0.00,0.00,0.00,0.00,0.00,0.00,0.00,0.00,0.00,0.00,0.00,0.00,0.00,0.00,0.00,0.00,0.00,0.00,0.00,0.00,0.00,0.00,0.00,0.00,0.00,0.00,0.00,0.00,0.00,0.00,0.00,0.00,0.00,0.00,0.00,0.00,0.00,0.00,0.00,0.00,0.00,0.00,0.00,0.00,0.00,0.00,0.00,0.00,0.00,0.00,0.00,0.00,0.00,0.00,0.00,0.00,0.00,0.00,0.00,0.00,0.00,0.00,0.00,0.00,0.00,0.00,0.00,0.00,0.00,0.00,0.00,0.00,0.00,0.00,100.91,107.16,118.57,0.00,0.00,0.00,0.00,91.93,94.33,80.69,82.24,0.00,96.55,0.00,154.10,152.22,..,..,..,..,..,..,..,..,..,..
Tobacco Virginia,..REGION VII (CENTRAL VISAYAS),0.00,0.00,0.00,0.00,0.00,0.00,0.00,0.00,0.00,0.00,0.00,0.00,0.00,0.00,0.00,0.00,0.00,0.00,0.00,0.00,0.00,0.00,0.00,0.00,0.00,0.00,0.00,0.00,0.00,0.00,0.00,0.00,0.00,0.00,0.00,0.00,0.00,0.00,0.00,0.00,0.00,0.00,0.00,0.00,0.00,0.00,0.00,0.00,0.00,0.00,0.00,0.00,0.00,0.00,0.00,0.00,0.00,0.00,0.00,0.00,0.00,0.00,0.00,0.00,0.00,0.00,0.00,0.00,0.00,0.00,0.00,0.00,0.00,0.00,0.00,0.00,0.00,0.00,0.00,0.00,0.00,0.00,0.00,0.00,0.00,0.00,0.00,0.00,0.00,0.00,0.00,0.00,0.00,0.00,0.00,0.00,0.00,0.00,0.00,0.00,0.00,0.00,0.00,0.00,0.00,0.00,0.00,0.00,0.00,0.00,0.00,0.00,0.00,0.00,0.00,0.00,0.00,0.00,0.00,0.00,0.00,0.00,0.00,0.00,0.00,0.00,0.00,0.00,0.00,0.00,0.00,0.00,0.00,0.00,0.00,0.00,0.00,0.00,0.00,0.00,0.00,0.00,0.00,0.00,0.00,0.00,0.00,0.00,0.00,0.00,0.00,0.00,0.00,0.00,0.00,0.00,0.00,0.00,0.00,0.00,0.00,0.00,0.00,0.00,0.00,0.00,0.00,0.00,0.00,0.00,0.00,0.00,0.00,0.00,0.00,0.00,0.00,0.00,0.00,0.00,0.00,0.00,0.00,0.00,0.00,0.00,0.00,0.00,0.00,0.00,0.00,0.00,0.00,0.00,0.00,0.00,0.00,0.00,0.00,0.00,0.00,0.00,0.00,0.00,0.00,0.00,0.00,0.00,0.00,0.00,0.00,..,..,..,..,..,..,..,..,..,..
Tobacco Virginia,..REGION VIII (EASTERN VISAYAS),0.00,0.00,0.00,0.00,0.00,0.00,0.00,0.00,0.00,0.00,0.00,0.00,0.00,0.00,0.00,0.00,0.00,0.00,0.00,0.00,0.00,0.00,0.00,0.00,0.00,0.00,0.00,0.00,0.00,0.00,0.00,0.00,0.00,0.00,0.00,0.00,0.00,0.00,0.00,0.00,0.00,0.00,0.00,0.00,0.00,0.00,0.00,0.00,0.00,0.00,0.00,0.00,0.00,0.00,0.00,0.00,0.00,0.00,0.00,0.00,0.00,0.00,0.00,0.00,0.00,0.00,0.00,0.00,0.00,0.00,0.00,0.00,0.00,0.00,0.00,0.00,0.00,0.00,0.00,0.00,0.00,0.00,0.00,0.00,0.00,0.00,0.00,0.00,0.00,0.00,0.00,0.00,0.00,0.00,0.00,0.00,0.00,0.00,0.00,0.00,0.00,0.00,0.00,0.00,0.00,0.00,0.00,0.00,0.00,0.00,0.00,0.00,0.00,0.00,0.00,0.00,0.00,0.00,0.00,0.00,0.00,0.00,0.00,0.00,0.00,0.00,0.00,0.00,0.00,0.00,0.00,0.00,0.00,0.00,0.00,0.00,0.00,0.00,0.00,0.00,0.00,0.00,0.00,0.00,0.00,0.00,0.00,0.00,0.00,0.00,0.00,0.00,0.00,0.00,0.00,0.00,0.00,0.00,0.00,0.00,0.00,0.00,0.00,0.00,0.00,0.00,0.00,0.00,0.00,0.00,0.00,0.00,0.00,0.00,0.00,0.00,0.00,0.00,0.00,0.00,0.00,0.00,0.00,0.00,0.00,0.00,0.00,0.00,0.00,0.00,0.00,0.00,0.00,0.00,0.00,0.00,0.00,0.00,0.00,0.00,0.00,0.00,0.00,0.00,0.00,0.00,0.00,0.00,0.00,0.00,0.00,..,..,..,..,..,..,..,..,..,..
Tobacco Virginia,..REGION IX (ZAMBOANGA PENINSULA),0.00,0.00,0.00,0.00,0.00,0.00,0.00,0.00,0.00,0.00,0.00,0.00,0.00,0.00,0.00,0.00,0.00,0.00,0.00,0.00,0.00,0.00,0.00,0.00,0.00,0.00,0.00,0.00,0.00,0.00,0.00,0.00,0.00,0.00,0.00,0.00,0.00,0.00,0.00,0.00,0.00,0.00,0.00,0.00,0.00,0.00,0.00,0.00,0.00,0.00,0.00,0.00,0.00,0.00,0.00,0.00,0.00,0.00,0.00,0.00,0.00,0.00,0.00,0.00,0.00,0.00,0.00,0.00,0.00,0.00,0.00,0.00,0.00,0.00,0.00,0.00,0.00,0.00,0.00,0.00,0.00,0.00,0.00,0.00,0.00,0.00,0.00,0.00,0.00,0.00,0.00,0.00,0.00,0.00,0.00,0.00,0.00,0.00,0.00,0.00,0.00,0.00,0.00,0.00,0.00,0.00,0.00,0.00,0.00,0.00,0.00,0.00,0.00,0.00,0.00,0.00,0.00,0.00,0.00,0.00,0.00,0.00,0.00,0.00,0.00,0.00,0.00,0.00,0.00,0.00,0.00,0.00,0.00,0.00,0.00,0.00,0.00,0.00,0.00,0.00,0.00,0.00,0.00,0.00,0.00,0.00,0.00,0.00,0.00,0.00,0.00,0.00,0.00,0.00,0.00,0.00,0.00,0.00,0.00,0.00,0.00,0.00,0.00,0.00,0.00,0.00,0.00,0.00,0.00,0.00,0.00,0.00,0.00,0.00,0.00,0.00,0.00,0.00,0.00,0.00,0.00,0.00,0.00,0.00,0.00,0.00,0.00,0.00,0.00,0.00,0.00,0.00,0.00,0.00,0.00,0.00,0.00,0.00,0.00,0.00,0.00,0.00,0.00,0.00,0.00,0.00,0.00,0.00,0.00,0.00,0.00,..,..,..,..,..,..,..,..,..,..
Tobacco Virginia,..REGION X (NORTHERN MINDANAO),0.00,0.00,0.00,0.00,0.00,0.00,0.00,0.00,0.00,0.00,0.00,0.00,0.00,0.00,0.00,0.00,0.00,0.00,0.00,0.00,0.00,0.00,0.00,0.00,0.00,0.00,0.00,0.00,0.00,0.00,0.00,0.00,0.00,0.00,0.00,0.00,0.00,0.00,0.00,0.00,0.00,0.00,0.00,0.00,0.00,0.00,0.00,0.00,0.00,0.00,0.00,0.00,0.00,0.00,0.00,0.00,0.00,0.00,0.00,0.00,0.00,0.00,0.00,0.00,0.00,0.00,0.00,0.00,0.00,0.00,0.00,0.00,0.00,0.00,0.00,0.00,0.00,0.00,0.00,0.00,0.00,0.00,0.00,0.00,0.00,0.00,0.00,0.00,0.00,0.00,0.00,0.00,0.00,0.00,0.00,0.00,0.00,0.00,0.00,0.00,0.00,0.00,0.00,0.00,0.00,0.00,0.00,0.00,0.00,0.00,0.00,0.00,0.00,0.00,0.00,0.00,0.00,0.00,0.00,0.00,0.00,0.00,0.00,0.00,0.00,0.00,0.00,0.00,0.00,0.00,0.00,0.00,0.00,0.00,0.00,0.00,0.00,0.00,0.00,0.00,0.00,0.00,0.00,0.00,0.00,0.00,0.00,0.00,0.00,0.00,0.00,0.00,0.00,0.00,0.00,0.00,0.00,0.00,0.00,0.00,0.00,0.00,0.00,0.00,0.00,0.00,0.00,0.00,0.00,0.00,0.00,0.00,0.00,0.00,0.00,0.00,0.00,0.00,0.00,0.00,0.00,0.00,0.00,0.00,0.00,0.00,0.00,0.00,0.00,0.00,0.00,0.00,0.00,0.00,0.00,0.00,0.00,0.00,0.00,0.00,0.00,0.00,0.00,0.00,0.00,0.00,0.00,0.00,0.00,0.00,0.00,..,..,..,..,..,..,..,..,..,..
Tobacco Virginia,..REGION XI (DAVAO REGION),0.00,0.00,0.00,0.00,0.00,0.00,0.00,0.00,0.00,0.00,0.00,0.00,0.00,0.00,0.00,0.00,0.00,0.00,0.00,0.00,0.00,0.00,0.00,0.00,0.00,0.00,0.00,0.00,0.00,0.00,0.00,0.00,0.00,0.00,0.00,0.00,0.00,0.00,0.00,0.00,0.00,0.00,0.00,0.00,0.00,0.00,0.00,0.00,0.00,0.00,0.00,0.00,0.00,0.00,0.00,0.00,0.00,0.00,0.00,0.00,0.00,0.00,0.00,0.00,0.00,0.00,0.00,0.00,0.00,0.00,0.00,0.00,0.00,0.00,0.00,0.00,0.00,0.00,0.00,0.00,0.00,0.00,0.00,0.00,0.00,0.00,0.00,0.00,0.00,0.00,0.00,0.00,0.00,0.00,0.00,0.00,0.00,0.00,0.00,0.00,0.00,0.00,0.00,0.00,0.00,0.00,0.00,0.00,0.00,0.00,0.00,0.00,0.00,0.00,0.00,0.00,0.00,0.00,0.00,0.00,0.00,0.00,0.00,0.00,0.00,0.00,0.00,0.00,0.00,0.00,0.00,0.00,0.00,0.00,0.00,0.00,0.00,0.00,0.00,0.00,0.00,0.00,0.00,0.00,0.00,0.00,0.00,0.00,0.00,0.00,0.00,0.00,0.00,0.00,0.00,0.00,0.00,0.00,0.00,0.00,0.00,0.00,0.00,0.00,0.00,0.00,0.00,0.00,0.00,0.00,0.00,0.00,0.00,0.00,0.00,0.00,0.00,0.00,0.00,0.00,0.00,0.00,0.00,0.00,0.00,0.00,0.00,0.00,0.00,0.00,0.00,0.00,0.00,0.00,0.00,0.00,0.00,0.00,0.00,0.00,0.00,0.00,0.00,0.00,0.00,0.00,0.00,0.00,0.00,0.00,0.00,..,..,..,..,..,..,..,..,..,..
Tobacco Virginia,..REGION XII (SOCCSKSARGEN),0.00,0.00,0.00,0.00,0.00,0.00,0.00,0.00,0.00,0.00,0.00,0.00,0.00,0.00,0.00,0.00,0.00,0.00,0.00,0.00,0.00,0.00,0.00,0.00,0.00,0.00,0.00,0.00,0.00,0.00,0.00,0.00,0.00,0.00,0.00,0.00,0.00,0.00,0.00,0.00,0.00,0.00,0.00,0.00,0.00,0.00,0.00,0.00,0.00,0.00,0.00,0.00,0.00,0.00,0.00,0.00,0.00,0.00,0.00,0.00,0.00,0.00,0.00,0.00,0.00,0.00,0.00,0.00,0.00,0.00,0.00,0.00,0.00,0.00,0.00,0.00,0.00,0.00,0.00,0.00,0.00,0.00,0.00,0.00,0.00,0.00,0.00,0.00,0.00,0.00,0.00,0.00,0.00,0.00,0.00,0.00,0.00,0.00,0.00,0.00,0.00,0.00,0.00,0.00,0.00,0.00,0.00,0.00,0.00,0.00,0.00,0.00,0.00,0.00,0.00,0.00,0.00,0.00,0.00,0.00,0.00,0.00,0.00,0.00,0.00,0.00,0.00,0.00,0.00,0.00,0.00,0.00,0.00,0.00,0.00,0.00,0.00,0.00,0.00,0.00,0.00,0.00,0.00,0.00,0.00,0.00,0.00,0.00,0.00,0.00,0.00,0.00,0.00,0.00,0.00,0.00,0.00,0.00,0.00,0.00,0.00,0.00,0.00,0.00,0.00,0.00,0.00,0.00,0.00,0.00,0.00,0.00,0.00,0.00,0.00,0.00,0.00,0.00,0.00,0.00,0.00,0.00,0.00,0.00,0.00,0.00,0.00,0.00,0.00,0.00,0.00,0.00,0.00,0.00,0.00,0.00,0.00,0.00,0.00,0.00,0.00,0.00,0.00,0.00,0.00,0.00,0.00,0.00,0.00,0.00,0.00,..,..,..,..,..,..,..,..,..,..
Tobacco Virginia,..REGION XIII (CARAGA),0.00,0.00,0.00,0.00,0.00,0.00,0.00,0.00,0.00,0.00,0.00,0.00,0.00,0.00,0.00,0.00,0.00,0.00,0.00,0.00,0.00,0.00,0.00,0.00,0.00,0.00,0.00,0.00,0.00,0.00,0.00,0.00,0.00,0.00,0.00,0.00,0.00,0.00,0.00,0.00,0.00,0.00,0.00,0.00,0.00,0.00,0.00,0.00,0.00,0.00,0.00,0.00,0.00,0.00,0.00,0.00,0.00,0.00,0.00,0.00,0.00,0.00,0.00,0.00,0.00,0.00,0.00,0.00,0.00,0.00,0.00,0.00,0.00,0.00,0.00,0.00,0.00,0.00,0.00,0.00,0.00,0.00,0.00,0.00,0.00,0.00,0.00,0.00,0.00,0.00,0.00,0.00,0.00,0.00,0.00,0.00,0.00,0.00,0.00,0.00,0.00,0.00,0.00,0.00,0.00,0.00,0.00,0.00,0.00,0.00,0.00,0.00,0.00,0.00,0.00,0.00,0.00,0.00,0.00,0.00,0.00,0.00,0.00,0.00,0.00,0.00,0.00,0.00,0.00,0.00,0.00,0.00,0.00,0.00,0.00,0.00,0.00,0.00,0.00,0.00,0.00,0.00,0.00,0.00,0.00,0.00,0.00,0.00,0.00,0.00,0.00,0.00,0.00,0.00,0.00,0.00,0.00,0.00,0.00,0.00,0.00,0.00,0.00,0.00,0.00,0.00,0.00,0.00,0.00,0.00,0.00,0.00,0.00,0.00,0.00,0.00,0.00,0.00,0.00,0.00,0.00,0.00,0.00,0.00,0.00,0.00,0.00,0.00,0.00,0.00,0.00,0.00,0.00,0.00,0.00,0.00,0.00,0.00,0.00,0.00,0.00,0.00,0.00,0.00,0.00,0.00,0.00,0.00,0.00,0.00,0.00,..,..,..,..,..,..,..,..,..,..
Tobacco Virginia,..BANGSAMORO AUTONOMOUS REGION IN MUSLIM MINDANAO (BARMM) 1/,0.00,0.00,0.00,0.00,0.00,0.00,0.00,0.00,0.00,0.00,0.00,0.00,0.00,0.00,0.00,0.00,0.00,0.00,0.00,0.00,0.00,0.00,0.00,0.00,0.00,0.00,0.00,0.00,0.00,0.00,0.00,0.00,0.00,0.00,0.00,0.00,0.00,0.00,0.00,0.00,0.00,0.00,0.00,0.00,0.00,0.00,0.00,0.00,0.00,0.00,0.00,0.00,0.00,0.00,0.00,0.00,0.00,0.00,0.00,0.00,0.00,0.00,0.00,0.00,0.00,0.00,0.00,0.00,0.00,0.00,0.00,0.00,0.00,0.00,0.00,0.00,0.00,0.00,0.00,0.00,0.00,0.00,0.00,0.00,0.00,0.00,0.00,0.00,0.00,0.00,0.00,0.00,0.00,0.00,0.00,0.00,0.00,0.00,0.00,0.00,0.00,0.00,0.00,0.00,0.00,0.00,0.00,0.00,0.00,0.00,0.00,0.00,0.00,0.00,0.00,0.00,0.00,0.00,0.00,0.00,0.00,0.00,0.00,0.00,0.00,0.00,0.00,0.00,0.00,0.00,0.00,0.00,0.00,0.00,0.00,0.00,0.00,0.00,0.00,0.00,0.00,0.00,0.00,0.00,0.00,0.00,0.00,0.00,0.00,0.00,0.00,0.00,0.00,0.00,0.00,0.00,0.00,0.00,0.00,0.00,0.00,0.00,0.00,0.00,0.00,0.00,0.00,0.00,0.00,0.00,0.00,0.00,0.00,0.00,0.00,0.00,0.00,0.00,0.00,0.00,0.00,0.00,0.00,0.00,0.00,0.00,0.00,0.00,0.00,0.00,0.00,0.00,0.00,0.00,0.00,0.00,0.00,0.00,0.00,0.00,0.00,0.00,0.00,0.00,0.00,0.00,0.00,0.00,0.00,0.00,0.00,..,..,..,..,..,..,..,..,..,..
Tobacco Others,..REGION VII (CENTRAL VISAYAS),0.00,0.00,0.00,0.00,0.00,0.00,0.00,0.00,0.00,0.00,0.00,0.00,0.00,0.00,0.00,0.00,0.00,0.00,0.00,0.00,0.00,0.00,0.00,0.00,0.00,0.00,0.00,0.00,0.00,0.00,0.00,0.00,0.00,0.00,0.00,0.00,0.00,0.00,0.00,0.00,0.00,0.00,0.00,0.00,0.00,0.00,0.00,0.00,0.00,0.00,0.00,0.00,0.00,0.00,0.00,0.00,0.00,0.00,0.00,0.00,0.00,0.00,0.00,0.00,0.00,0.00,0.00,0.00,0.00,0.00,0.00,0.00,0.00,0.00,0.00,0.00,0.00,0.00,0.00,0.00,0.00,0.00,0.00,0.00,0.00,0.00,0.00,0.00,0.00,0.00,0.00,0.00,0.00,0.00,0.00,0.00,0.00,0.00,0.00,0.00,0.00,0.00,0.00,0.00,0.00,0.00,0.00,0.00,0.00,0.00,0.00,0.00,0.00,0.00,0.00,0.00,0.00,0.00,0.00,0.00,0.00,0.00,0.00,0.00,0.00,0.00,0.00,0.00,0.00,0.00,0.00,0.00,0.00,0.00,0.00,0.00,0.00,0.00,0.00,0.00,0.00,0.00,0.00,0.00,0.00,0.00,0.00,0.00,0.00,0.00,0.00,0.00,0.00,0.00,0.00,0.00,0.00,0.00,0.00,0.00,0.00,0.00,0.00,0.00,0.00,0.00,0.00,0.00,0.00,0.00,0.00,0.00,0.00,0.00,0.00,0.00,0.00,0.00,0.00,0.00,0.00,0.00,0.00,0.00,0.00,0.00,0.00,0.00,0.00,0.00,0.00,0.00,0.00,0.00,0.00,0.00,0.00,0.00,0.00,0.00,0.00,0.00,0.00,0.00,0.00,0.00,0.00,0.00,0.00,0.00,0.00,..,..,..,..,..,..,..,..,..,..
Tobacco Others,..REGION VIII (EASTERN VISAYAS),0.00,0.00,0.00,0.00,0.00,0.00,0.00,0.00,0.00,0.00,0.00,0.00,0.00,0.00,0.00,0.00,0.00,0.00,0.00,0.00,0.00,0.00,0.00,0.00,0.00,0.00,0.00,0.00,0.00,0.00,0.00,0.00,0.00,0.00,0.00,0.00,0.00,0.00,0.00,0.00,0.00,0.00,0.00,0.00,0.00,0.00,0.00,0.00,0.00,0.00,0.00,0.00,0.00,0.00,0.00,0.00,0.00,0.00,0.00,0.00,0.00,0.00,0.00,0.00,0.00,0.00,0.00,0.00,0.00,0.00,0.00,0.00,0.00,0.00,0.00,0.00,0.00,0.00,0.00,0.00,0.00,0.00,0.00,0.00,0.00,0.00,0.00,0.00,0.00,0.00,0.00,0.00,0.00,0.00,0.00,0.00,0.00,0.00,0.00,0.00,0.00,0.00,0.00,0.00,0.00,0.00,0.00,0.00,0.00,0.00,0.00,0.00,0.00,0.00,0.00,0.00,0.00,0.00,0.00,0.00,0.00,0.00,0.00,0.00,0.00,0.00,0.00,0.00,0.00,0.00,0.00,0.00,0.00,0.00,0.00,0.00,0.00,0.00,0.00,0.00,0.00,0.00,0.00,0.00,0.00,0.00,0.00,0.00,0.00,0.00,0.00,0.00,0.00,0.00,0.00,0.00,0.00,0.00,0.00,0.00,0.00,0.00,0.00,0.00,0.00,0.00,0.00,0.00,0.00,0.00,0.00,0.00,0.00,0.00,0.00,0.00,0.00,0.00,0.00,0.00,0.00,0.00,0.00,0.00,0.00,0.00,0.00,0.00,0.00,0.00,0.00,0.00,0.00,0.00,0.00,0.00,0.00,0.00,0.00,0.00,0.00,0.00,0.00,0.00,0.00,0.00,0.00,0.00,0.00,0.00,0.00,..,..,..,..,..,..,..,..,..,..
Tobacco Others,..REGION IX (ZAMBOANGA PENINSULA),0.00,0.00,0.00,0.00,0.00,0.00,0.00,0.00,0.00,0.00,0.00,0.00,0.00,0.00,0.00,0.00,0.00,0.00,0.00,0.00,0.00,0.00,0.00,0.00,0.00,0.00,0.00,0.00,0.00,0.00,0.00,0.00,0.00,0.00,0.00,0.00,0.00,0.00,0.00,0.00,0.00,0.00,0.00,0.00,0.00,0.00,0.00,0.00,0.00,0.00,0.00,0.00,0.00,0.00,0.00,0.00,0.00,0.00,0.00,0.00,0.00,0.00,0.00,0.00,0.00,0.00,0.00,0.00,0.00,0.00,0.00,0.00,0.00,0.00,0.00,0.00,0.00,0.00,0.00,0.00,0.00,0.00,0.00,0.00,0.00,0.00,0.00,0.00,0.00,0.00,0.00,0.00,0.00,0.00,0.00,0.00,0.00,0.00,0.00,0.00,0.00,0.00,0.00,0.00,0.00,0.00,0.00,0.00,0.00,0.00,0.00,0.00,0.00,0.00,0.00,0.00,0.00,0.00,0.00,0.00,0.00,0.00,0.00,0.00,0.00,0.00,0.00,0.00,0.00,0.00,0.00,0.00,0.00,0.00,0.00,0.00,0.00,0.00,0.00,0.00,0.00,0.00,0.00,0.00,0.00,0.00,0.00,0.00,0.00,0.00,0.00,0.00,0.00,0.00,0.00,0.00,0.00,0.00,0.00,0.00,0.00,0.00,0.00,0.00,0.00,0.00,0.00,0.00,0.00,0.00,0.00,0.00,0.00,0.00,0.00,0.00,0.00,0.00,0.00,0.00,0.00,0.00,0.00,0.00,0.00,0.00,0.00,0.00,0.00,0.00,0.00,0.00,0.00,0.00,0.00,0.00,0.00,0.00,0.00,0.00,0.00,0.00,0.00,0.00,0.00,0.00,0.00,0.00,0.00,0.00,0.00,..,..,..,..,..,..,..,..,..,..
Tobacco Others,..REGION X (NORTHERN MINDANAO),0.00,0.00,0.00,0.00,0.00,0.00,0.00,0.00,0.00,0.00,0.00,0.00,0.00,0.00,0.00,0.00,0.00,0.00,0.00,0.00,0.00,0.00,0.00,0.00,0.00,0.00,0.00,0.00,0.00,0.00,0.00,0.00,0.00,0.00,0.00,0.00,0.00,0.00,0.00,0.00,0.00,0.00,0.00,0.00,0.00,0.00,0.00,0.00,0.00,0.00,0.00,0.00,0.00,0.00,0.00,0.00,0.00,0.00,0.00,0.00,0.00,0.00,0.00,0.00,0.00,0.00,0.00,0.00,0.00,0.00,0.00,0.00,0.00,0.00,0.00,0.00,0.00,0.00,0.00,0.00,0.00,0.00,0.00,0.00,0.00,0.00,0.00,0.00,0.00,0.00,0.00,0.00,0.00,0.00,0.00,0.00,0.00,0.00,0.00,0.00,0.00,0.00,0.00,0.00,0.00,0.00,0.00,0.00,0.00,0.00,0.00,0.00,0.00,0.00,0.00,0.00,0.00,0.00,0.00,0.00,0.00,0.00,0.00,0.00,0.00,0.00,0.00,0.00,0.00,0.00,0.00,0.00,0.00,0.00,0.00,0.00,0.00,0.00,0.00,0.00,0.00,0.00,0.00,0.00,0.00,0.00,0.00,0.00,0.00,0.00,0.00,0.00,0.00,0.00,0.00,0.00,0.00,0.00,0.00,0.00,0.00,0.00,0.00,0.00,0.00,0.00,0.00,0.00,0.00,0.00,0.00,0.00,0.00,0.00,0.00,0.00,0.00,0.00,0.00,0.00,0.00,0.00,0.00,0.00,0.00,0.00,0.00,0.00,0.00,0.00,0.00,0.00,0.00,0.00,0.00,0.00,0.00,0.00,0.00,0.00,0.00,0.00,0.00,0.00,0.00,0.00,0.00,0.00,0.00,0.00,0.00,..,..,..,..,..,..,..,..,..,..
Tobacco Others,..REGION XI (DAVAO REGION),0.00,0.00,0.00,0.00,0.00,0.00,0.00,0.00,0.00,0.00,0.00,0.00,0.00,0.00,0.00,0.00,0.00,0.00,0.00,0.00,0.00,0.00,0.00,0.00,0.00,0.00,0.00,0.00,0.00,0.00,0.00,0.00,0.00,0.00,0.00,0.00,0.00,0.00,0.00,0.00,0.00,0.00,0.00,0.00,0.00,0.00,0.00,0.00,0.00,0.00,0.00,0.00,0.00,0.00,0.00,0.00,0.00,0.00,0.00,0.00,0.00,0.00,0.00,0.00,0.00,0.00,0.00,0.00,0.00,0.00,0.00,0.00,0.00,0.00,0.00,0.00,0.00,0.00,0.00,0.00,0.00,0.00,0.00,0.00,0.00,0.00,0.00,0.00,0.00,0.00,0.00,0.00,0.00,0.00,0.00,0.00,0.00,0.00,0.00,0.00,0.00,0.00,0.00,0.00,0.00,0.00,0.00,0.00,0.00,0.00,0.00,0.00,0.00,0.00,0.00,0.00,0.00,0.00,0.00,0.00,0.00,0.00,0.00,0.00,0.00,0.00,0.00,0.00,0.00,0.00,0.00,0.00,0.00,0.00,0.00,0.00,0.00,0.00,0.00,0.00,0.00,0.00,0.00,0.00,0.00,0.00,0.00,0.00,0.00,0.00,0.00,0.00,0.00,0.00,0.00,0.00,0.00,0.00,0.00,0.00,0.00,0.00,0.00,0.00,0.00,0.00,0.00,0.00,0.00,0.00,0.00,0.00,0.00,0.00,0.00,0.00,0.00,0.00,0.00,0.00,0.00,0.00,0.00,0.00,0.00,0.00,0.00,0.00,0.00,0.00,0.00,0.00,0.00,0.00,0.00,0.00,0.00,0.00,0.00,0.00,0.00,0.00,0.00,0.00,0.00,0.00,0.00,0.00,0.00,0.00,0.00,..,..,..,..,..,..,..,..,..,..
Tobacco Others,..REGION XII (SOCCSKSARGEN),0.00,0.00,0.00,0.00,0.00,0.00,0.00,0.00,0.00,0.00,0.00,0.00,0.00,0.00,0.00,0.00,0.00,0.00,0.00,0.00,0.00,0.00,0.00,0.00,0.00,0.00,0.00,0.00,0.00,0.00,0.00,0.00,0.00,0.00,0.00,0.00,0.00,0.00,0.00,0.00,0.00,0.00,0.00,0.00,0.00,0.00,0.00,0.00,0.00,0.00,0.00,0.00,0.00,0.00,0.00,0.00,0.00,0.00,0.00,0.00,0.00,0.00,0.00,0.00,0.00,0.00,0.00,0.00,0.00,0.00,0.00,0.00,0.00,0.00,0.00,0.00,0.00,0.00,0.00,0.00,0.00,0.00,0.00,0.00,0.00,0.00,0.00,0.00,0.00,0.00,0.00,0.00,0.00,0.00,0.00,0.00,0.00,0.00,0.00,0.00,0.00,0.00,0.00,0.00,0.00,0.00,0.00,0.00,0.00,0.00,0.00,0.00,0.00,0.00,0.00,0.00,0.00,0.00,0.00,0.00,0.00,0.00,0.00,0.00,0.00,0.00,0.00,0.00,0.00,0.00,0.00,0.00,0.00,0.00,0.00,0.00,0.00,0.00,0.00,0.00,0.00,0.00,0.00,0.00,0.00,0.00,0.00,0.00,0.00,0.00,0.00,0.00,0.00,0.00,0.00,0.00,0.00,0.00,0.00,0.00,0.00,0.00,0.00,0.00,0.00,0.00,0.00,0.00,0.00,0.00,0.00,0.00,0.00,0.00,0.00,0.00,0.00,0.00,0.00,0.00,0.00,0.00,0.00,0.00,0.00,0.00,0.00,0.00,0.00,0.00,0.00,0.00,0.00,0.00,0.00,0.00,0.00,0.00,0.00,0.00,0.00,0.00,0.00,0.00,0.00,0.00,0.00,0.00,0.00,0.00,0.00,..,..,..,..,..,..,..,..,..,..
Tobacco Others,..REGION XIII (CARAGA),0.00,0.00,0.00,0.00,0.00,0.00,0.00,0.00,0.00,0.00,0.00,0.00,0.00,0.00,0.00,0.00,0.00,0.00,0.00,0.00,0.00,0.00,0.00,0.00,0.00,0.00,0.00,0.00,0.00,0.00,0.00,0.00,0.00,0.00,0.00,0.00,0.00,0.00,0.00,0.00,0.00,0.00,0.00,0.00,0.00,0.00,0.00,0.00,0.00,0.00,0.00,0.00,0.00,0.00,0.00,0.00,0.00,0.00,0.00,0.00,0.00,0.00,0.00,0.00,0.00,0.00,0.00,0.00,0.00,0.00,0.00,0.00,0.00,0.00,0.00,0.00,0.00,0.00,0.00,0.00,0.00,0.00,0.00,0.00,0.00,0.00,0.00,0.00,0.00,0.00,0.00,0.00,0.00,0.00,0.00,0.00,0.00,0.00,0.00,0.00,0.00,0.00,0.00,0.00,0.00,0.00,0.00,0.00,0.00,0.00,0.00,0.00,0.00,0.00,0.00,0.00,0.00,0.00,0.00,0.00,0.00,0.00,0.00,0.00,0.00,0.00,0.00,0.00,0.00,0.00,0.00,0.00,0.00,0.00,0.00,0.00,0.00,0.00,0.00,0.00,0.00,0.00,0.00,0.00,0.00,0.00,0.00,0.00,0.00,0.00,0.00,0.00,0.00,0.00,0.00,0.00,0.00,0.00,0.00,0.00,0.00,0.00,0.00,0.00,0.00,0.00,0.00,0.00,0.00,0.00,0.00,0.00,0.00,0.00,0.00,0.00,0.00,0.00,0.00,0.00,0.00,0.00,0.00,0.00,0.00,0.00,0.00,0.00,0.00,0.00,0.00,0.00,0.00,0.00,0.00,0.00,0.00,0.00,0.00,0.00,0.00,0.00,0.00,0.00,0.00,0.00,0.00,0.00,0.00,0.00,0.00,..,..,..,..,..,..,..,..,..,..
Tobacco Others,..BANGSAMORO AUTONOMOUS REGION IN MUSLIM MINDANAO (BARMM) 1/,0.00,0.00,0.00,0.00,0.00,0.00,0.00,0.00,0.00,0.00,0.00,0.00,0.00,0.00,0.00,0.00,0.00,0.00,0.00,0.00,0.00,0.00,0.00,0.00,0.00,0.00,0.00,0.00,0.00,0.00,0.00,0.00,0.00,0.00,0.00,0.00,0.00,0.00,0.00,0.00,0.00,0.00,0.00,0.00,0.00,0.00,0.00,0.00,0.00,0.00,0.00,0.00,0.00,0.00,0.00,0.00,0.00,0.00,0.00,0.00,0.00,0.00,0.00,0.00,0.00,0.00,0.00,0.00,0.00,0.00,0.00,0.00,0.00,0.00,0.00,0.00,0.00,0.00,0.00,0.00,0.00,0.00,0.00,0.00,0.00,0.00,0.00,0.00,0.00,0.00,0.00,0.00,0.00,0.00,0.00,0.00,0.00,0.00,0.00,0.00,0.00,0.00,0.00,0.00,0.00,0.00,0.00,0.00,0.00,0.00,0.00,0.00,0.00,0.00,0.00,0.00,0.00,0.00,0.00,0.00,0.00,0.00,0.00,0.00,0.00,0.00,0.00,0.00,0.00,0.00,0.00,0.00,0.00,0.00,0.00,0.00,0.00,0.00,0.00,0.00,0.00,0.00,0.00,0.00,0.00,0.00,0.00,0.00,0.00,0.00,0.00,0.00,0.00,0.00,0.00,0.00,0.00,0.00,0.00,0.00,0.00,0.00,0.00,0.00,0.00,0.00,0.00,0.00,0.00,0.00,0.00,0.00,0.00,0.00,0.00,0.00,0.00,0.00,0.00,0.00,0.00,0.00,0.00,0.00,0.00,0.00,0.00,0.00,0.00,0.00,0.00,0.00,0.00,0.00,0.00,0.00,0.00,0.00,0.00,0.00,0.00,0.00,0.00,0.00,0.00,0.00,0.00,0.00,0.00,0.00,0.00,..,..,..,..,..,..,..,..,..,..
Cacao,..REGION VII (CENTRAL VISAYAS),0.00,0.00,0.00,0.00,0.00,0.00,0.00,0.00,0.00,0.00,0.00,0.00,0.00,0.00,0.00,0.00,0.00,0.00,0.00,0.00,0.00,0.00,0.00,0.00,0.00,0.00,0.00,0.00,0.00,0.00,0.00,0.00,0.00,0.00,0.00,0.00,0.00,0.00,0.00,0.00,0.00,0.00,0.00,0.00,0.00,0.00,0.00,0.00,0.00,0.00,0.00,0.00,0.00,0.00,0.00,0.00,0.00,0.00,0.00,0.00,0.00,0.00,0.00,0.00,0.00,0.00,0.00,0.00,0.00,0.00,0.00,0.00,0.00,0.00,0.00,0.00,0.00,0.00,111.63,92.92,95.38,105.26,103.75,101.43,120.00,112.50,0.00,160.00,101.61,95.17,109.06,107.09,108.21,100.00,103.64,112.00,0.00,0.00,0.00,98.64,106.43,116.77,113.40,107.35,119.22,121.12,124.56,110.37,116.30,131.91,112.73,113.33,116.36,116.29,126.90,117.89,118.92,98.21,108.09,109.67,101.76,118.21,130.00,99.03,116.88,108.96,114.84,121.92,135.65,113.60,119.97,130.62,107.91,121.19,145.36,133.73,142.97,147.16,152.02,123.55,136.36,146.34,133.93,110.55,120.06,117.69,125.38,117.90,119.91,124.15,112.71,121.01,116.03,126.61,131.50,120.29,124.35,125.22,134.74,135.62,133.73,128.02,128.44,121.17,120.03,138.78,151.19,151.79,132.76,146.68,138.21,138.65,139.28,148.12,130.73,128.27,129.42,128.64,139.13,133.67,139.60,136.70,103.15,96.45,116.09,119.76,115.15,91.11,124.21,145.46,138.88,136.56,107.12,160.00,121.16,166.12,197.60,231.38,315.68,316.82,350.00,241.67,209.31,128.14,288.68,272.50,232.33,245.85,363.09,305.88,328.69,..,..,..,..,..,..,..,..,..,..
Cacao,..REGION VIII (EASTERN VISAYAS),0.00,0.00,0.00,0.00,0.00,0.00,0.00,0.00,0.00,0.00,0.00,0.00,0.00,0.00,0.00,0.00,0.00,0.00,0.00,0.00,0.00,0.00,0.00,0.00,0.00,0.00,0.00,0.00,0.00,0.00,0.00,0.00,0.00,0.00,0.00,0.00,0.00,0.00,0.00,0.00,0.00,0.00,0.00,0.00,0.00,0.00,0.00,0.00,0.00,0.00,0.00,0.00,0.00,0.00,0.00,0.00,0.00,0.00,0.00,0.00,0.00,0.00,0.00,0.00,0.00,0.00,0.00,0.00,0.00,0.00,0.00,0.00,0.00,0.00,0.00,0.00,0.00,0.00,0.00,0.00,0.00,0.00,0.00,0.00,0.00,0.00,0.00,0.00,0.00,0.00,0.00,0.00,0.00,0.00,0.00,0.00,0.00,0.00,0.00,0.00,0.00,0.00,0.00,0.00,0.00,0.00,0.00,0.00,0.00,0.00,0.00,0.00,0.00,0.00,0.00,0.00,0.00,0.00,0.00,0.00,0.00,0.00,0.00,0.00,0.00,0.00,0.00,0.00,0.00,0.00,0.00,0.00,0.00,0.00,0.00,0.00,0.00,0.00,0.00,0.00,0.00,0.00,0.00,0.00,0.00,0.00,0.00,0.00,0.00,0.00,0.00,0.00,0.00,0.00,0.00,0.00,0.00,0.00,0.00,0.00,0.00,0.00,0.00,0.00,0.00,0.00,0.00,0.00,0.00,100.00,110.17,84.90,100.00,125.00,136.23,137.43,140.00,100.00,150.00,173.25,143.22,125.02,104.51,100.09,76.54,86.84,95.66,112.22,134.02,115.06,149.22,102.69,131.94,109.22,109.83,177.20,174.73,173.52,143.14,172.82,188.63,106.86,138.45,130.66,100.78,124.75,118.24,145.81,160.28,196.72,194.32,..,..,..,..,..,..,..,..,..,..
Cacao,..REGION IX (ZAMBOANGA PENINSULA),0.00,0.00,0.00,0.00,0.00,0.00,0.00,0.00,0.00,0.00,0.00,0.00,0.00,0.00,0.00,0.00,0.00,0.00,0.00,0.00,0.00,0.00,0.00,0.00,0.00,0.00,0.00,0.00,0.00,0.00,0.00,0.00,0.00,0.00,0.00,0.00,0.00,0.00,0.00,0.00,0.00,0.00,0.00,0.00,0.00,0.00,0.00,0.00,0.00,0.00,0.00,0.00,0.00,0.00,0.00,0.00,0.00,0.00,0.00,0.00,0.00,0.00,0.00,0.00,0.00,0.00,0.00,0.00,0.00,0.00,0.00,0.00,0.00,0.00,0.00,0.00,0.00,0.00,0.00,0.00,0.00,0.00,0.00,0.00,0.00,0.00,0.00,0.00,0.00,0.00,0.00,0.00,0.00,0.00,0.00,0.00,0.00,0.00,0.00,0.00,0.00,0.00,0.00,0.00,0.00,0.00,0.00,0.00,0.00,0.00,0.00,0.00,0.00,0.00,0.00,0.00,0.00,0.00,0.00,0.00,0.00,0.00,0.00,0.00,0.00,0.00,0.00,0.00,0.00,0.00,0.00,0.00,0.00,0.00,0.00,0.00,0.00,0.00,0.00,0.00,0.00,0.00,0.00,81.33,88.54,83.10,82.42,79.58,82.48,84.07,75.54,79.77,77.29,77.40,76.58,80.68,79.34,80.29,78.77,80.22,79.29,78.68,80.57,79.52,77.52,79.38,79.62,76.15,79.11,77.66,74.29,74.86,76.14,81.66,80.15,79.78,83.10,81.04,85.89,88.27,86.85,80.81,77.50,93.62,84.59,75.00,80.00,75.00,78.67,79.36,78.64,73.67,74.33,74.33,78.73,111.67,96.36,128.15,100.00,108.43,85.74,104.77,100.00,109.71,104.69,110.94,110.94,105.95,124.14,127.33,120.25,..,..,..,..,..,..,..,..,..,..
Cacao,..REGION X (NORTHERN MINDANAO),0.00,0.00,0.00,0.00,0.00,0.00,0.00,0.00,0.00,0.00,0.00,0.00,0.00,0.00,0.00,0.00,0.00,0.00,0.00,0.00,0.00,0.00,0.00,0.00,0.00,0.00,0.00,0.00,0.00,0.00,0.00,0.00,0.00,0.00,0.00,0.00,0.00,0.00,0.00,0.00,0.00,0.00,0.00,0.00,0.00,0.00,0.00,0.00,0.00,0.00,0.00,0.00,0.00,0.00,0.00,0.00,0.00,0.00,0.00,0.00,0.00,0.00,0.00,0.00,0.00,0.00,0.00,0.00,0.00,0.00,0.00,0.00,0.00,0.00,0.00,0.00,0.00,0.00,0.00,0.00,0.00,0.00,0.00,0.00,0.00,0.00,0.00,0.00,0.00,0.00,0.00,0.00,0.00,0.00,0.00,0.00,0.00,0.00,0.00,0.00,0.00,0.00,0.00,0.00,0.00,0.00,0.00,0.00,0.00,0.00,0.00,0.00,0.00,0.00,0.00,0.00,0.00,0.00,0.00,0.00,0.00,0.00,0.00,0.00,0.00,0.00,0.00,0.00,0.00,0.00,0.00,0.00,0.00,0.00,0.00,0.00,0.00,0.00,0.00,0.00,0.00,0.00,0.00,0.00,0.00,0.00,0.00,0.00,0.00,0.00,0.00,0.00,0.00,0.00,0.00,0.00,112.82,118.54,115.96,122.41,118.67,115.11,122.10,121.13,113.34,110.85,113.20,115.26,116.62,122.14,121.94,133.34,127.83,130.49,128.24,119.83,124.96,116.13,121.57,117.25,112.53,123.02,104.19,112.72,126.11,87.50,80.83,190.00,99.99,99.72,104.07,198.84,245.94,219.16,139.09,223.08,205.99,234.20,269.83,245.68,257.42,178.62,245.69,248.75,259.41,263.86,231.00,238.63,184.48,180.26,188.97,..,..,..,..,..,..,..,..,..,..
Cacao,..REGION XI (DAVAO REGION),53.20,57.18,58.19,57.70,60.50,64.02,65.45,66.66,72.58,78.64,83.19,87.41,67.06,87.15,88.75,90.41,91.20,89.68,90.63,89.06,84.27,86.06,81.42,80.43,75.35,86.20,78.76,77.40,77.66,79.20,74.68,71.89,64.86,64.85,64.19,62.29,59.26,60.68,69.64,59.45,58.39,61.75,61.68,62.05,59.33,60.03,64.43,64.48,63.55,64.79,65.63,62.13,71.45,74.53,72.16,76.36,83.57,85.34,88.24,87.54,89.27,91.06,94.29,96.78,84.22,99.74,95.42,92.10,89.71,87.04,87.60,88.36,90.21,92.70,93.11,96.45,99.01,92.62,100.32,102.30,102.43,102.25,100.77,105.18,107.57,106.71,105.21,110.64,116.55,104.93,105.41,93.73,81.67,83.10,85.36,79.31,85.67,84.94,79.48,81.98,91.64,80.57,80.52,84.00,76.93,80.79,82.85,81.96,81.86,83.80,83.19,80.28,84.67,79.82,85.68,81.06,81.91,90.14,84.35,91.10,84.85,92.00,87.57,90.36,88.60,90.05,89.01,91.77,93.57,89.45,94.77,88.99,88.90,89.94,92.06,91.18,88.23,85.82,84.60,85.74,83.41,85.36,88.25,84.07,81.06,90.19,84.42,86.86,81.80,85.43,80.70,83.89,81.72,84.59,81.82,83.88,86.44,85.50,85.55,86.95,83.29,85.71,85.10,90.05,87.88,82.54,86.69,85.46,85.93,89.17,88.26,89.12,91.22,91.79,93.96,89.97,91.14,95.10,97.98,99.25,104.49,93.45,85.62,82.96,85.52,103.74,100.20,91.10,118.57,199.85,155.10,289.05,296.31,322.26,160.86,270.84,281.67,273.29,260.04,277.85,266.05,212.82,231.18,226.46,268.38,259.03,260.44,257.34,156.56,149.40,131.45,..,..,..,..,..,..,..,..,..,..
Cacao,..REGION XII (SOCCSKSARGEN),0.00,0.00,0.00,0.00,0.00,0.00,0.00,0.00,0.00,0.00,0.00,0.00,0.00,0.00,0.00,0.00,0.00,0.00,0.00,0.00,0.00,0.00,0.00,0.00,0.00,0.00,0.00,0.00,0.00,0.00,0.00,0.00,0.00,0.00,0.00,0.00,0.00,0.00,0.00,0.00,0.00,0.00,0.00,0.00,0.00,0.00,0.00,0.00,0.00,0.00,0.00,0.00,0.00,0.00,0.00,0.00,0.00,0.00,0.00,0.00,0.00,0.00,0.00,0.00,0.00,0.00,0.00,0.00,0.00,0.00,0.00,0.00,0.00,0.00,0.00,0.00,0.00,0.00,0.00,0.00,0.00,0.00,0.00,0.00,0.00,0.00,0.00,0.00,0.00,0.00,0.00,0.00,0.00,0.00,0.00,0.00,0.00,0.00,0.00,0.00,0.00,0.00,0.00,0.00,0.00,0.00,0.00,0.00,0.00,0.00,0.00,0.00,0.00,0.00,0.00,0.00,0.00,0.00,0.00,0.00,0.00,0.00,0.00,0.00,0.00,0.00,0.00,0.00,0.00,0.00,0.00,0.00,0.00,0.00,0.00,0.00,0.00,0.00,0.00,0.00,0.00,0.00,0.00,73.22,70.85,76.98,74.66,69.42,72.77,77.61,78.26,79.29,81.51,77.69,72.98,75.44,74.15,75.22,79.02,80.88,80.77,77.99,81.92,79.27,78.87,83.02,78.10,78.70,78.99,80.22,78.78,78.32,78.67,79.44,82.74,84.33,83.90,85.15,83.86,86.07,87.83,82.44,91.00,96.83,99.33,97.22,117.67,107.64,171.75,159.19,128.97,169.77,171.00,189.00,133.28,226.45,194.90,259.88,282.44,211.19,274.99,301.04,271.56,260.79,248.70,234.61,251.21,251.48,210.47,141.14,122.58,..,..,..,..,..,..,..,..,..,..
Cacao,..REGION XIII (CARAGA),49.76,59.32,59.41,0.00,0.00,60.00,63.22,60.66,60.00,60.59,61.28,60.84,59.51,64.73,64.79,71.11,72.16,0.00,0.00,0.00,0.00,64.15,65.82,66.65,67.86,67.16,68.76,0.00,0.00,0.00,0.00,68.16,67.90,67.94,68.10,76.86,81.17,81.49,72.55,81.52,83.67,83.16,83.22,83.49,80.00,81.24,81.75,83.25,84.25,85.39,86.50,83.12,88.30,88.95,90.73,87.84,88.77,89.80,91.07,81.76,83.39,78.71,80.61,78.11,85.67,78.36,89.38,99.41,101.99,98.07,101.61,95.03,98.26,94.36,95.30,100.29,95.23,95.61,96.71,97.99,88.59,91.97,93.37,93.09,94.73,57.50,60.00,107.80,102.22,95.81,89.98,86.16,60.71,89.45,90.00,75.71,89.77,74.06,88.81,81.70,98.97,88.10,95.68,84.93,99.76,102.08,76.67,104.02,79.59,101.09,83.21,76.46,67.80,91.72,59.12,94.25,86.31,100.59,96.02,79.08,94.81,79.55,80.54,85.93,81.12,99.21,101.29,98.44,99.48,91.34,106.45,99.42,98.45,85.19,96.37,81.83,17.59,60.00,59.13,64.75,60.23,0.00,75.40,119.34,78.36,72.82,64.26,77.28,76.05,83.37,95.18,85.66,70.86,65.68,61.01,79.16,68.82,87.88,86.03,84.22,88.24,76.21,75.37,87.38,79.06,71.45,91.08,90.92,82.22,86.02,87.35,90.60,90.35,89.95,94.85,97.13,91.16,96.42,94.17,94.79,93.97,92.23,100.00,100.00,103.34,100.00,98.41,101.72,100.00,100.00,117.24,119.45,126.30,100.00,105.54,220.20,240.47,223.31,192.34,189.79,199.29,269.62,253.64,262.02,235.69,243.49,218.66,229.04,240.37,255.97,158.52,..,..,..,..,..,..,..,..,..,..
Cacao,..BANGSAMORO AUTONOMOUS REGION IN MUSLIM MINDANAO (BARMM) 1/,0.00,0.00,0.00,0.00,0.00,0.00,0.00,0.00,0.00,0.00,0.00,0.00,0.00,0.00,0.00,0.00,0.00,0.00,0.00,0.00,0.00,0.00,0.00,0.00,0.00,0.00,0.00,0.00,0.00,0.00,0.00,0.00,0.00,0.00,0.00,0.00,0.00,0.00,0.00,0.00,0.00,0.00,0.00,0.00,0.00,0.00,0.00,0.00,0.00,0.00,0.00,0.00,0.00,0.00,0.00,0.00,0.00,0.00,0.00,0.00,0.00,0.00,0.00,0.00,0.00,0.00,0.00,0.00,0.00,0.00,0.00,0.00,0.00,0.00,0.00,0.00,0.00,0.00,0.00,0.00,0.00,0.00,0.00,0.00,0.00,0.00,0.00,0.00,0.00,0.00,0.00,0.00,0.00,0.00,0.00,0.00,0.00,0.00,0.00,0.00,0.00,0.00,0.00,0.00,0.00,0.00,0.00,0.00,0.00,0.00,0.00,0.00,0.00,0.00,0.00,0.00,0.00,0.00,0.00,0.00,0.00,0.00,0.00,0.00,0.00,0.00,0.00,0.00,0.00,0.00,0.00,0.00,0.00,0.00,0.00,0.00,0.00,0.00,0.00,0.00,0.00,0.00,0.00,0.00,0.00,0.00,0.00,0.00,0.00,0.00,0.00,0.00,0.00,0.00,0.00,0.00,0.00,0.00,0.00,0.00,0.00,0.00,0.00,0.00,0.00,0.00,0.00,0.00,0.00,0.00,0.00,0.00,0.00,0.00,0.00,0.00,0.00,0.00,0.00,0.00,0.00,0.00,0.00,0.00,0.00,0.00,0.00,0.00,0.00,0.00,0.00,0.00,0.00,0.00,0.00,0.00,0.00,29.00,100.00,102.10,100.00,109.49,102.41,0.00,105.00,105.52,105.00,95.39,0.00,0.00,0.00,..,..,..,..,..,..,..,..,..,..
Banana Bungulan,..REGION VII (CENTRAL VISAYAS),6.75,6.73,6.08,6.84,6.60,6.85,7.42,8.05,8.17,7.99,6.51,8.40,7.20,6.24,6.69,6.84,5.80,6.48,6.81,6.26,5.66,7.00,7.21,6.74,5.74,6.46,5.78,4.87,4.85,5.61,6.24,6.63,7.21,7.28,6.88,7.35,7.43,7.59,6.48,7.19,7.41,7.72,7.88,7.91,7.73,7.78,8.26,8.16,8.59,8.03,8.00,7.89,8.12,8.25,9.41,8.73,8.46,8.23,7.81,7.92,8.50,7.97,8.66,10.84,8.58,9.46,9.04,8.25,9.14,9.12,8.68,9.10,8.78,9.29,8.93,8.84,8.71,8.95,9.15,9.28,10.45,10.77,17.04,10.95,13.58,14.35,15.93,10.86,13.90,15.09,12.61,10.91,8.93,8.60,8.59,10.49,11.83,10.94,8.22,8.69,7.86,9.73,10.99,9.65,9.77,10.32,9.27,10.98,9.90,7.68,9.66,11.97,11.83,9.35,9.24,7.87,9.82,10.27,8.89,9.79,10.00,10.02,9.29,9.75,9.39,13.44,14.27,13.89,13.74,11.06,14.02,13.20,13.48,14.89,15.27,18.38,17.97,15.77,17.27,19.13,18.99,19.82,16.52,17.44,11.37,18.23,12.27,16.21,16.61,13.84,14.99,14.89,14.26,14.41,13.67,14.85,13.98,13.90,10.93,13.07,15.45,13.10,15.45,15.39,16.22,14.92,15.70,17.81,14.66,12.67,12.24,11.32,12.28,11.13,10.65,11.09,10.04,10.67,12.66,11.61,11.80,11.51,22.50,25.00,22.50,20.65,21.38,17.75,11.55,17.92,13.61,11.88,17.92,0.00,18.42,14.52,14.57,13.05,13.44,17.47,15.00,19.81,19.75,18.04,19.17,18.80,18.65,16.86,18.97,16.92,18.93,..,..,..,..,..,..,..,..,..,..
Banana Bungulan,..REGION VIII (EASTERN VISAYAS),9.04,9.00,9.02,8.64,8.77,8.76,8.81,8.76,8.76,8.86,8.86,9.10,8.87,9.58,9.27,9.47,9.78,9.85,10.04,10.13,10.24,10.12,10.32,11.59,11.62,10.17,11.31,11.32,11.52,11.30,11.08,11.10,10.80,10.83,11.48,11.79,11.79,11.49,11.32,11.06,11.34,11.81,11.58,11.39,11.57,11.71,12.00,11.82,11.74,11.88,12.29,11.68,12.44,12.85,13.92,13.08,12.67,13.02,13.14,12.61,12.83,13.03,13.00,13.36,13.00,13.59,13.27,13.08,14.82,13.59,13.11,12.81,13.12,13.23,13.67,13.33,13.58,13.43,14.12,14.17,14.95,14.82,14.48,14.72,15.65,16.44,12.72,13.23,14.81,15.66,14.65,12.01,13.49,13.99,14.42,12.12,13.07,12.50,13.75,14.11,12.03,12.17,11.58,12.94,12.63,12.60,11.26,11.23,11.65,11.16,10.79,13.58,11.15,10.88,8.88,10.50,11.36,9.89,9.55,12.03,13.39,11.93,10.03,13.18,10.31,8.73,11.33,11.71,12.18,11.19,12.92,9.82,12.04,12.32,11.00,13.36,15.88,13.49,15.28,16.79,14.27,15.38,13.55,14.41,12.33,12.67,15.65,13.81,13.90,12.86,11.98,13.68,12.87,14.40,14.25,13.57,18.42,17.17,16.94,20.80,19.64,20.73,19.15,18.20,18.29,17.10,16.80,15.55,18.23,14.32,17.05,15.92,15.11,14.66,15.50,14.26,14.84,13.85,12.84,12.92,11.85,14.43,14.60,14.40,13.56,16.63,21.58,19.23,24.39,20.37,16.26,12.60,16.61,42.04,19.36,14.06,14.54,19.57,11.21,14.22,17.31,17.43,15.88,15.07,15.14,15.36,20.00,15.82,20.91,23.00,21.75,..,..,..,..,..,..,..,..,..,..
Banana Bungulan,..REGION IX (ZAMBOANGA PENINSULA),6.15,6.33,5.88,5.80,6.10,6.06,5.94,5.98,5.56,6.60,6.23,5.97,6.05,6.86,6.43,5.57,5.88,6.25,6.17,7.01,6.35,6.51,5.95,5.98,9.14,6.51,6.43,6.57,6.50,6.74,6.41,6.43,7.58,8.12,8.04,6.85,6.64,7.81,7.01,6.39,6.60,6.71,6.58,7.52,7.83,7.04,7.32,6.36,7.75,9.50,7.50,7.26,7.65,6.32,6.69,6.92,7.14,6.84,7.26,7.33,6.72,7.26,6.70,7.27,7.01,7.05,6.95,7.48,7.41,7.28,7.33,7.21,7.27,7.34,7.20,6.82,7.50,7.24,7.89,8.78,8.97,8.81,8.96,8.98,9.10,8.77,8.62,10.57,10.87,11.14,9.29,11.05,11.30,10.56,10.59,10.95,8.86,11.63,10.86,9.42,10.16,10.21,10.23,10.49,10.87,8.11,9.60,9.26,10.14,9.14,8.92,9.06,8.62,8.62,8.48,9.33,9.18,0.00,0.00,0.00,0.00,0.00,0.00,0.00,0.00,0.00,0.00,0.00,0.00,0.00,8.64,8.78,10.75,17.44,17.42,13.42,13.29,12.60,12.07,9.17,9.26,10.24,11.92,10.19,10.79,9.62,9.88,9.63,9.60,8.29,8.74,9.40,9.57,10.45,10.74,9.74,0.00,0.00,0.00,0.00,0.00,0.00,0.00,0.00,0.00,0.00,0.00,0.00,0.00,0.00,0.00,0.00,0.00,0.00,0.00,0.00,0.00,0.00,0.00,0.00,0.00,0.00,21.00,22.50,20.00,17.50,18.50,17.50,18.00,18.00,17.75,15.17,19.33,17.50,18.56,10.00,10.00,11.18,18.17,20.00,19.00,22.00,19.08,24.11,19.00,19.75,19.75,17.67,11.95,19.80,12.11,..,..,..,..,..,..,..,..,..,..
Banana Bungulan,..REGION X (NORTHERN MINDANAO),8.85,9.12,9.46,10.37,11.11,10.17,10.93,11.12,10.90,10.46,10.56,10.06,10.26,5.61,5.76,5.84,6.05,6.19,6.30,6.47,6.26,6.05,5.72,5.96,6.23,6.04,6.84,7.33,7.53,8.03,8.34,7.82,8.36,7.44,6.95,5.63,6.10,6.12,7.21,6.55,6.73,7.19,6.77,7.10,7.43,7.95,7.12,6.66,6.13,6.53,6.17,6.86,6.34,7.15,7.90,7.46,8.48,7.87,8.18,7.85,7.49,6.83,7.16,7.66,7.53,0.00,0.00,0.00,0.00,0.00,0.00,0.00,0.00,0.00,0.00,0.00,0.00,0.00,0.00,0.00,0.00,0.00,0.00,0.00,0.00,0.00,0.00,0.00,0.00,0.00,0.00,0.00,0.00,0.00,0.00,0.00,0.00,0.00,0.00,0.00,0.00,0.00,0.00,0.00,0.00,0.00,0.00,0.00,0.00,0.00,0.00,0.00,0.00,0.00,0.00,0.00,0.00,0.00,0.00,0.00,0.00,0.00,0.00,0.00,0.00,0.00,0.00,0.00,0.00,0.00,0.00,0.00,0.00,0.00,0.00,0.00,0.00,0.00,0.00,0.00,0.00,0.00,0.00,0.00,0.00,0.00,0.00,0.00,0.00,0.00,0.00,0.00,0.00,0.00,0.00,0.00,0.00,0.00,0.00,0.00,0.00,0.00,0.00,0.00,0.00,0.00,0.00,0.00,0.00,0.00,0.00,0.00,0.00,0.00,0.00,0.00,0.00,0.00,0.00,0.00,0.00,0.00,17.29,18.51,18.41,24.22,26.38,25.01,9.81,19.04,10.16,17.40,16.89,24.50,18.97,21.90,22.47,23.47,18.36,16.85,16.57,15.27,19.67,11.30,13.67,14.62,14.50,17.39,13.85,16.61,13.85,..,..,..,..,..,..,..,..,..,..
Banana Bungulan,..REGION XI (DAVAO REGION),0.00,0.00,0.00,0.00,0.00,0.00,0.00,0.00,0.00,0.00,0.00,0.00,0.00,0.00,0.00,0.00,0.00,0.00,0.00,0.00,0.00,0.00,0.00,0.00,0.00,0.00,0.00,0.00,0.00,0.00,0.00,0.00,0.00,0.00,0.00,0.00,0.00,0.00,0.00,0.00,0.00,0.00,0.00,0.00,0.00,0.00,0.00,0.00,0.00,0.00,0.00,0.00,0.00,0.00,0.00,0.00,0.00,0.00,0.00,0.00,0.00,0.00,0.00,0.00,0.00,0.00,0.00,0.00,0.00,0.00,0.00,0.00,0.00,0.00,0.00,0.00,0.00,0.00,0.00,0.00,0.00,0.00,0.00,0.00,0.00,0.00,0.00,0.00,0.00,0.00,0.00,0.00,0.00,0.00,0.00,0.00,0.00,0.00,0.00,0.00,0.00,0.00,0.00,0.00,0.00,0.00,0.00,0.00,0.00,0.00,0.00,0.00,0.00,0.00,0.00,0.00,0.00,0.00,0.00,0.00,0.00,0.00,0.00,0.00,0.00,0.00,0.00,0.00,0.00,0.00,0.00,0.00,0.00,0.00,0.00,0.00,0.00,0.00,0.00,0.00,0.00,0.00,0.00,0.00,0.00,0.00,0.00,0.00,0.00,0.00,0.00,0.00,0.00,0.00,0.00,0.00,0.00,0.00,0.00,0.00,0.00,0.00,0.00,0.00,0.00,0.00,0.00,0.00,0.00,0.00,0.00,0.00,0.00,0.00,0.00,0.00,0.00,0.00,0.00,0.00,0.00,0.00,34.00,34.00,34.00,34.00,34.00,34.00,0.00,0.00,0.00,25.00,25.00,25.00,31.00,18.00,18.00,10.00,20.00,22.50,22.50,22.50,22.50,22.50,22.50,22.50,22.50,20.50,21.08,21.08,21.08,..,..,..,..,..,..,..,..,..,..
Banana Bungulan,..REGION XII (SOCCSKSARGEN),0.00,0.00,0.00,0.00,0.00,0.00,0.00,0.00,0.00,0.00,0.00,0.00,0.00,0.00,0.00,0.00,0.00,0.00,0.00,0.00,0.00,0.00,0.00,0.00,0.00,0.00,0.00,0.00,0.00,0.00,0.00,0.00,0.00,0.00,0.00,0.00,0.00,0.00,0.00,0.00,0.00,0.00,0.00,0.00,0.00,0.00,0.00,0.00,0.00,0.00,0.00,0.00,0.00,0.00,0.00,0.00,0.00,0.00,0.00,0.00,0.00,0.00,0.00,0.00,0.00,0.00,0.00,0.00,0.00,0.00,0.00,0.00,0.00,0.00,0.00,0.00,0.00,0.00,0.00,0.00,0.00,0.00,0.00,0.00,0.00,0.00,0.00,0.00,0.00,0.00,0.00,0.00,0.00,0.00,0.00,0.00,0.00,0.00,0.00,0.00,0.00,0.00,0.00,0.00,0.00,0.00,0.00,0.00,0.00,0.00,0.00,0.00,0.00,0.00,0.00,0.00,0.00,0.00,0.00,0.00,0.00,0.00,0.00,0.00,0.00,0.00,0.00,0.00,0.00,0.00,0.00,0.00,0.00,0.00,0.00,0.00,0.00,0.00,0.00,0.00,0.00,0.00,0.00,0.00,0.00,0.00,0.00,0.00,0.00,0.00,0.00,0.00,0.00,0.00,0.00,0.00,0.00,0.00,0.00,0.00,0.00,0.00,0.00,0.00,0.00,0.00,0.00,0.00,0.00,0.00,0.00,0.00,0.00,0.00,0.00,0.00,0.00,0.00,0.00,0.00,0.00,0.00,16.43,16.36,16.36,15.93,18.07,15.56,15.62,15.62,15.62,18.00,18.00,0.00,16.51,20.00,20.00,20.00,18.12,18.15,18.04,16.65,18.00,16.36,18.07,18.10,18.25,18.31,19.00,22.00,10.20,..,..,..,..,..,..,..,..,..,..
Banana Bungulan,..REGION XIII (CARAGA),0.00,0.00,0.00,0.00,0.00,0.00,0.00,0.00,0.00,0.00,0.00,0.00,0.00,6.00,5.00,4.50,4.21,5.00,4.96,5.00,4.82,5.28,5.50,5.36,6.00,5.14,5.52,5.34,5.29,5.64,5.75,5.19,5.24,5.17,5.71,5.32,5.34,5.86,5.45,5.66,5.43,5.93,5.90,5.85,0.00,0.00,0.00,0.00,0.00,0.00,0.00,5.75,0.00,0.00,0.00,0.00,0.00,0.00,0.00,0.00,0.00,0.00,0.00,0.00,0.00,0.00,0.00,0.00,0.00,0.00,0.00,0.00,0.00,0.00,0.00,0.00,0.00,0.00,0.00,0.00,0.00,0.00,0.00,0.00,0.00,0.00,0.00,0.00,0.00,0.00,0.00,0.00,0.00,0.00,0.00,0.00,0.00,0.00,0.00,0.00,0.00,0.00,0.00,0.00,0.00,0.00,0.00,0.00,0.00,0.00,0.00,0.00,0.00,0.00,0.00,0.00,0.00,0.00,0.00,0.00,0.00,0.00,0.00,0.00,0.00,0.00,0.00,0.00,0.00,0.00,0.00,0.00,0.00,0.00,0.00,0.00,0.00,0.00,0.00,0.00,0.00,0.00,0.00,0.00,0.00,0.00,0.00,0.00,0.00,0.00,0.00,0.00,0.00,0.00,0.00,0.00,0.00,0.00,0.00,0.00,0.00,0.00,0.00,0.00,0.00,0.00,0.00,0.00,0.00,0.00,0.00,0.00,0.00,0.00,0.00,0.00,0.00,0.00,0.00,0.00,0.00,0.00,25.00,25.00,0.00,12.00,20.00,15.00,12.80,19.60,14.33,20.00,20.00,0.00,18.37,0.00,31.32,0.00,20.00,19.34,21.16,11.67,22.64,20.00,22.73,11.00,11.00,19.09,10.62,11.23,10.56,..,..,..,..,..,..,..,..,..,..
Banana Bungulan,..BANGSAMORO AUTONOMOUS REGION IN MUSLIM MINDANAO (BARMM) 1/,6.00,6.28,5.97,5.69,5.38,5.27,5.26,5.60,5.43,5.87,6.00,5.91,5.72,3.50,3.72,3.73,3.68,4.23,4.32,3.97,4.42,4.78,5.00,4.09,4.80,4.19,3.19,4.07,4.84,5.32,4.95,4.66,4.92,5.22,5.40,5.63,5.72,5.68,4.97,5.58,5.77,6.26,5.85,5.54,5.84,6.10,5.82,6.02,6.03,5.81,6.05,5.89,6.22,6.55,6.71,6.79,6.57,6.62,6.84,6.68,6.56,6.59,6.47,6.72,6.61,7.07,6.94,7.61,8.83,7.07,7.29,6.31,6.07,6.02,6.42,6.78,4.63,6.75,8.75,8.60,8.54,8.91,8.84,9.72,8.93,9.51,13.05,10.76,16.79,12.09,10.37,12.23,13.51,13.60,13.78,14.83,15.53,16.19,16.64,16.70,16.49,16.58,17.20,15.27,17.29,17.04,19.21,16.04,16.15,15.89,16.40,17.88,18.52,16.38,15.70,15.73,16.85,15.17,15.64,16.32,16.48,16.15,15.61,18.03,15.90,15.73,17.11,15.75,16.39,16.19,13.69,13.93,20.10,20.21,16.86,14.05,14.39,16.03,15.59,17.90,15.62,15.74,16.18,15.40,17.70,12.80,17.22,14.86,16.35,14.82,14.84,14.46,15.69,15.86,12.12,15.18,15.34,13.75,15.08,13.67,14.22,14.86,15.31,15.43,15.47,15.88,14.36,16.75,15.01,16.44,15.12,15.28,15.54,18.88,16.02,16.38,17.05,16.86,18.10,18.98,22.13,17.23,25.04,26.59,27.20,20.91,20.23,44.24,20.41,17.56,19.29,12.38,12.44,17.83,22.01,22.26,19.69,17.63,17.93,17.98,17.53,19.28,39.25,13.10,25.76,27.35,34.61,22.70,19.49,20.42,19.09,..,..,..,..,..,..,..,..,..,..
Banana Cavendish,..REGION VII (CENTRAL VISAYAS),0.00,0.00,0.00,0.00,0.00,0.00,0.00,0.00,0.00,0.00,0.00,0.00,0.00,0.00,0.00,0.00,0.00,0.00,0.00,0.00,0.00,0.00,0.00,0.00,0.00,0.00,0.00,0.00,0.00,0.00,0.00,0.00,0.00,0.00,0.00,0.00,0.00,0.00,0.00,0.00,0.00,0.00,0.00,0.00,0.00,0.00,0.00,0.00,0.00,0.00,0.00,0.00,0.00,0.00,0.00,0.00,0.00,0.00,0.00,0.00,0.00,0.00,0.00,0.00,0.00,0.00,0.00,0.00,0.00,0.00,0.00,0.00,0.00,0.00,0.00,0.00,0.00,0.00,0.00,0.00,0.00,0.00,0.00,0.00,0.00,0.00,0.00,0.00,0.00,0.00,0.00,0.00,0.00,0.00,0.00,0.00,0.00,10.44,9.14,8.36,7.38,9.70,10.37,9.23,9.96,8.80,9.93,7.84,8.72,7.84,7.49,8.95,8.25,8.47,7.99,8.01,8.52,9.87,8.21,10.31,9.70,9.38,10.79,12.30,12.54,12.27,12.14,12.55,11.93,11.00,12.26,12.50,13.06,14.33,12.27,14.73,14.48,12.71,13.15,11.90,12.75,12.56,13.06,11.06,8.95,8.14,9.22,6.13,5.48,5.88,4.36,3.88,5.02,5.53,8.16,6.82,7.69,5.27,6.13,6.22,5.83,5.80,5.54,6.59,7.57,7.26,7.27,7.32,6.54,6.74,6.12,7.47,6.82,11.45,11.17,10.89,10.92,12.49,14.42,13.16,13.18,10.40,32.90,26.02,30.00,24.23,26.50,19.75,25.00,25.00,60.00,25.00,25.00,60.00,31.62,12.56,11.38,14.90,12.00,10.00,10.00,25.00,25.00,25.00,35.00,20.00,20.00,18.40,10.00,22.69,12.00,..,..,..,..,..,..,..,..,..,..
Banana Cavendish,..REGION VIII (EASTERN VISAYAS),0.00,0.00,0.00,0.00,0.00,0.00,0.00,0.00,0.00,0.00,0.00,0.00,0.00,0.00,0.00,0.00,0.00,0.00,0.00,0.00,0.00,0.00,0.00,0.00,0.00,0.00,0.00,0.00,0.00,0.00,0.00,0.00,0.00,0.00,0.00,0.00,0.00,0.00,0.00,0.00,0.00,0.00,0.00,0.00,0.00,0.00,0.00,0.00,0.00,0.00,0.00,0.00,0.00,0.00,0.00,0.00,0.00,0.00,0.00,0.00,0.00,0.00,0.00,0.00,0.00,0.00,0.00,0.00,0.00,0.00,0.00,0.00,0.00,0.00,0.00,0.00,0.00,0.00,0.00,0.00,0.00,0.00,0.00,0.00,0.00,0.00,0.00,0.00,0.00,0.00,0.00,0.00,0.00,0.00,0.00,0.00,0.00,0.00,0.00,0.00,0.00,0.00,0.00,0.00,0.00,0.00,0.00,0.00,0.00,0.00,0.00,0.00,0.00,0.00,0.00,0.00,0.00,0.00,0.00,0.00,0.00,0.00,0.00,0.00,0.00,0.00,0.00,0.00,0.00,0.00,0.00,0.00,0.00,0.00,0.00,0.00,0.00,0.00,0.00,0.00,0.00,0.00,0.00,0.00,0.00,0.00,0.00,0.00,0.00,0.00,0.00,0.00,0.00,0.00,0.00,0.00,0.00,0.00,0.00,0.00,0.00,0.00,0.00,0.00,0.00,0.00,0.00,0.00,0.00,0.00,0.00,0.00,0.00,0.00,0.00,0.00,0.00,0.00,0.00,0.00,0.00,0.00,21.42,20.67,18.49,17.00,17.41,20.00,11.70,16.98,13.97,12.50,13.70,15.00,16.57,20.93,26.54,27.57,25.15,21.95,21.71,37.05,22.19,16.72,28.04,10.82,0.00,23.51,21.67,24.80,24.87,..,..,..,..,..,..,..,..,..,..
Banana Cavendish,..REGION IX (ZAMBOANGA PENINSULA),0.00,0.00,0.00,0.00,0.00,0.00,0.00,0.00,0.00,0.00,0.00,0.00,0.00,0.00,0.00,0.00,0.00,0.00,0.00,0.00,0.00,0.00,0.00,0.00,0.00,0.00,0.00,0.00,0.00,0.00,0.00,0.00,0.00,0.00,0.00,0.00,0.00,0.00,0.00,0.00,0.00,0.00,0.00,0.00,0.00,0.00,0.00,0.00,0.00,0.00,0.00,0.00,0.00,0.00,0.00,0.00,0.00,0.00,0.00,0.00,0.00,0.00,0.00,0.00,0.00,0.00,0.00,0.00,0.00,0.00,0.00,0.00,0.00,0.00,0.00,0.00,0.00,0.00,0.00,0.00,0.00,0.00,0.00,0.00,0.00,0.00,0.00,0.00,0.00,0.00,0.00,0.00,0.00,0.00,0.00,0.00,0.00,0.00,0.00,0.00,0.00,0.00,0.00,0.00,0.00,0.00,0.00,0.00,0.00,0.00,0.00,0.00,0.00,0.00,0.00,0.00,0.00,40.59,42.58,45.88,0.00,0.00,0.00,0.00,0.00,0.00,0.00,0.00,0.00,43.02,0.00,0.00,0.00,0.00,0.00,0.00,0.00,0.00,0.00,0.00,0.00,0.00,0.00,0.00,0.00,0.00,0.00,0.00,0.00,0.00,0.00,0.00,0.00,0.00,0.00,0.00,0.00,0.00,0.00,0.00,0.00,0.00,0.00,0.00,0.00,0.00,0.00,0.00,0.00,0.00,0.00,0.00,0.00,0.00,0.00,0.00,0.00,0.00,0.00,0.00,0.00,0.00,0.00,0.00,0.00,17.50,10.00,10.00,17.50,17.50,17.00,11.57,17.50,17.50,15.12,20.00,20.00,20.00,23.46,10.00,21.81,16.58,15.00,10.00,17.50,17.50,17.50,17.45,17.48,17.48,17.48,..,..,..,..,..,..,..,..,..,..
Banana Cavendish,..REGION X (NORTHERN MINDANAO),0.00,0.00,0.00,0.00,0.00,0.00,0.00,0.00,0.00,0.00,0.00,0.00,0.00,0.00,0.00,0.00,0.00,0.00,0.00,0.00,0.00,0.00,0.00,0.00,0.00,0.00,0.00,0.00,0.00,0.00,0.00,0.00,0.00,0.00,0.00,0.00,0.00,0.00,0.00,0.00,0.00,0.00,0.00,0.00,0.00,0.00,0.00,0.00,0.00,0.00,0.00,0.00,0.00,0.00,0.00,0.00,0.00,0.00,0.00,0.00,0.00,0.00,0.00,0.00,0.00,0.00,0.00,0.00,0.00,0.00,0.00,0.00,0.00,0.00,0.00,0.00,0.00,0.00,0.00,0.00,0.00,0.00,0.00,0.00,0.00,0.00,0.00,0.00,0.00,0.00,0.00,0.00,0.00,0.00,0.00,0.00,0.00,0.00,0.00,0.00,0.00,0.00,0.00,0.00,0.00,0.00,0.00,0.00,0.00,0.00,0.00,0.00,0.00,0.00,0.00,0.00,0.00,0.00,0.00,0.00,0.00,0.00,0.00,0.00,0.00,0.00,0.00,0.00,0.00,0.00,0.00,0.00,0.00,0.00,0.00,0.00,0.00,0.00,0.00,0.00,0.00,0.00,0.00,0.00,0.00,0.00,0.00,0.00,0.00,0.00,0.00,0.00,0.00,0.00,0.00,0.00,0.00,0.00,0.00,0.00,0.00,0.00,0.00,0.00,0.00,0.00,0.00,0.00,0.00,0.00,0.00,0.00,0.00,0.00,0.00,0.00,0.00,0.00,0.00,0.00,0.00,0.00,17.57,17.24,17.25,9.03,11.70,11.26,10.54,10.84,11.81,12.66,10.00,12.00,12.66,22.94,22.55,20.44,20.40,20.25,27.39,12.91,9.89,22.01,11.83,18.52,14.47,18.63,24.81,24.81,24.81,..,..,..,..,..,..,..,..,..,..
Banana Cavendish,..REGION XI (DAVAO REGION),0.00,0.00,0.00,0.00,0.00,0.00,0.00,0.00,0.00,0.00,0.00,0.00,0.00,0.00,0.00,0.00,0.00,0.00,0.00,0.00,0.00,0.00,0.00,0.00,0.00,0.00,0.00,0.00,0.00,0.00,0.00,0.00,0.00,0.00,0.00,0.00,0.00,0.00,0.00,0.00,0.00,0.00,0.00,0.00,0.00,0.00,0.00,0.00,0.00,0.00,0.00,0.00,0.00,0.00,0.00,0.00,0.00,0.00,0.00,0.00,0.00,0.00,0.00,0.00,0.00,0.00,0.00,0.00,0.00,0.00,0.00,0.00,0.00,0.00,0.00,0.00,0.00,0.00,0.00,0.00,0.00,0.00,0.00,0.00,0.00,0.00,0.00,0.00,0.00,0.00,0.00,0.00,0.00,0.00,0.00,0.00,0.00,0.00,0.00,0.00,0.00,0.00,0.00,0.00,0.00,0.00,0.00,0.00,0.00,0.00,0.00,0.00,0.00,0.00,0.00,0.00,0.00,0.00,0.00,0.00,0.00,0.00,0.00,0.00,0.00,0.00,0.00,0.00,0.00,0.00,0.00,0.00,0.00,0.00,0.00,0.00,0.00,0.00,0.00,0.00,0.00,0.00,0.00,0.00,0.00,0.00,0.00,0.00,0.00,0.00,0.00,0.00,0.00,0.00,0.00,0.00,0.00,0.00,0.00,0.00,0.00,0.00,0.00,0.00,0.00,0.00,0.00,0.00,0.00,0.00,0.00,0.00,0.00,0.00,0.00,0.00,0.00,0.00,0.00,0.00,0.00,0.00,18.75,17.73,20.77,24.12,44.03,43.47,22.13,21.25,21.71,17.62,17.68,21.46,24.23,18.41,22.56,25.76,23.72,23.60,19.54,17.12,15.25,17.01,23.24,23.76,24.00,21.16,17.16,17.48,17.93,..,..,..,..,..,..,..,..,..,..
Banana Cavendish,..REGION XII (SOCCSKSARGEN),0.00,0.00,0.00,0.00,0.00,0.00,0.00,0.00,0.00,0.00,0.00,0.00,0.00,0.00,0.00,0.00,0.00,0.00,0.00,0.00,0.00,0.00,0.00,0.00,0.00,0.00,0.00,0.00,0.00,0.00,0.00,0.00,0.00,0.00,0.00,0.00,0.00,0.00,0.00,0.00,0.00,0.00,0.00,0.00,0.00,0.00,0.00,0.00,0.00,0.00,0.00,0.00,0.00,0.00,0.00,0.00,0.00,0.00,0.00,0.00,0.00,0.00,0.00,0.00,0.00,0.00,0.00,0.00,0.00,0.00,0.00,0.00,0.00,0.00,0.00,0.00,0.00,0.00,0.00,0.00,0.00,0.00,0.00,0.00,0.00,0.00,0.00,0.00,0.00,0.00,0.00,0.00,0.00,0.00,0.00,0.00,0.00,0.00,0.00,0.00,0.00,0.00,0.00,0.00,0.00,0.00,0.00,0.00,0.00,0.00,0.00,0.00,0.00,0.00,0.00,0.00,0.00,0.00,0.00,0.00,0.00,0.00,0.00,0.00,0.00,0.00,0.00,0.00,0.00,0.00,0.00,0.00,0.00,0.00,0.00,0.00,0.00,0.00,0.00,0.00,0.00,0.00,0.00,0.00,0.00,0.00,0.00,0.00,0.00,0.00,0.00,0.00,0.00,0.00,0.00,0.00,0.00,0.00,0.00,0.00,0.00,0.00,0.00,0.00,0.00,0.00,0.00,0.00,0.00,33.38,33.86,38.42,30.52,36.57,26.95,32.91,30.80,33.60,22.56,18.95,13.34,29.32,17.88,15.12,20.35,13.51,14.26,22.43,30.17,32.36,30.99,24.89,19.04,28.23,22.44,18.57,19.58,21.79,13.94,17.20,21.93,23.82,22.11,21.46,17.84,21.81,23.18,20.27,19.87,21.55,18.86,..,..,..,..,..,..,..,..,..,..
Banana Cavendish,..REGION XIII (CARAGA),0.00,0.00,0.00,0.00,0.00,0.00,0.00,0.00,0.00,0.00,0.00,0.00,0.00,0.00,0.00,0.00,0.00,0.00,0.00,0.00,0.00,0.00,0.00,0.00,0.00,0.00,0.00,0.00,0.00,0.00,0.00,0.00,0.00,0.00,0.00,0.00,0.00,0.00,0.00,0.00,0.00,0.00,0.00,0.00,0.00,0.00,0.00,0.00,0.00,0.00,0.00,0.00,0.00,0.00,0.00,0.00,0.00,0.00,0.00,0.00,0.00,0.00,0.00,0.00,0.00,0.00,0.00,0.00,0.00,0.00,0.00,0.00,0.00,0.00,0.00,0.00,0.00,0.00,0.00,0.00,0.00,0.00,0.00,0.00,0.00,0.00,0.00,0.00,0.00,0.00,0.00,0.00,0.00,0.00,0.00,0.00,0.00,0.00,0.00,0.00,0.00,0.00,0.00,0.00,0.00,0.00,0.00,0.00,0.00,0.00,0.00,0.00,0.00,0.00,0.00,0.00,0.00,0.00,0.00,0.00,0.00,0.00,0.00,0.00,0.00,0.00,0.00,0.00,0.00,0.00,0.00,0.00,0.00,0.00,0.00,0.00,0.00,0.00,0.00,0.00,0.00,0.00,0.00,0.00,23.95,19.77,0.00,0.00,20.44,19.95,19.40,0.00,19.35,19.36,19.32,20.19,28.59,24.08,25.36,25.15,25.24,21.61,23.75,22.92,22.79,20.42,18.77,19.34,23.17,19.99,18.42,18.65,19.23,22.38,25.08,25.44,25.55,25.28,18.73,23.36,20.38,21.87,19.84,17.80,19.84,18.35,18.35,9.92,9.50,9.50,8.38,12.46,12.46,13.94,14.19,17.72,22.02,20.53,28.28,22.69,23.38,14.28,14.26,20.81,21.38,18.00,18.00,20.11,20.82,18.50,20.16,..,..,..,..,..,..,..,..,..,..
Banana Cavendish,..BANGSAMORO AUTONOMOUS REGION IN MUSLIM MINDANAO (BARMM) 1/,0.00,0.00,0.00,0.00,0.00,0.00,0.00,0.00,0.00,0.00,0.00,0.00,0.00,0.00,0.00,0.00,0.00,0.00,0.00,0.00,0.00,0.00,0.00,0.00,0.00,0.00,0.00,0.00,0.00,0.00,0.00,0.00,0.00,0.00,0.00,0.00,0.00,0.00,0.00,0.00,0.00,0.00,0.00,0.00,0.00,0.00,0.00,0.00,0.00,0.00,0.00,0.00,0.00,0.00,0.00,0.00,0.00,0.00,0.00,0.00,0.00,0.00,0.00,0.00,0.00,0.00,0.00,0.00,0.00,0.00,0.00,0.00,0.00,0.00,0.00,0.00,0.00,0.00,0.00,0.00,0.00,0.00,0.00,0.00,0.00,0.00,0.00,0.00,0.00,0.00,0.00,0.00,0.00,0.00,0.00,0.00,0.00,0.00,0.00,0.00,0.00,0.00,0.00,0.00,0.00,0.00,0.00,0.00,0.00,0.00,0.00,0.00,0.00,0.00,0.00,0.00,0.00,0.00,0.00,0.00,0.00,0.00,0.00,0.00,0.00,0.00,0.00,0.00,0.00,0.00,0.00,0.00,0.00,0.00,0.00,0.00,0.00,0.00,0.00,0.00,0.00,0.00,0.00,0.00,0.00,0.00,0.00,0.00,0.00,0.00,0.00,0.00,0.00,0.00,0.00,0.00,0.00,0.00,0.00,0.00,0.00,0.00,0.00,0.00,0.00,0.00,0.00,0.00,0.00,0.00,0.00,0.00,0.00,0.00,0.00,0.00,0.00,0.00,0.00,0.00,0.00,0.00,0.00,0.00,0.00,0.00,0.00,20.00,0.00,22.51,22.50,0.00,28.33,0.00,23.33,19.53,24.00,19.53,29.67,29.39,0.00,24.50,25.25,27.40,26.22,0.00,0.00,25.05,24.41,26.42,27.09,..,..,..,..,..,..,..,..,..,..
Banana Lakatan,..REGION VII (CENTRAL VISAYAS),14.51,13.77,14.72,16.44,16.03,15.36,15.63,17.20,17.65,15.70,14.75,14.52,15.52,13.26,13.51,13.87,13.09,15.53,14.20,15.21,15.09,15.30,14.62,16.49,17.31,14.79,16.55,17.19,17.68,17.55,18.46,18.32,18.74,19.32,20.10,20.27,21.25,21.16,18.88,22.03,23.22,23.34,24.37,23.98,25.30,25.88,26.58,24.88,24.86,26.57,25.63,24.72,28.71,27.79,26.25,31.50,30.45,29.42,27.48,29.81,30.43,29.75,32.11,32.09,29.65,30.93,32.57,34.05,32.73,32.01,30.19,29.64,29.76,33.61,33.61,30.82,30.11,31.67,29.05,29.00,29.90,33.40,30.30,26.55,31.54,33.55,32.02,30.89,32.53,29.68,30.70,22.75,29.97,25.18,28.59,26.68,27.44,25.80,28.51,26.36,29.24,29.82,26.22,27.21,26.31,26.57,25.50,26.37,25.32,31.76,25.59,31.36,28.15,31.18,31.12,28.20,28.12,27.10,27.17,30.33,31.13,31.08,33.81,30.56,33.72,31.12,32.05,31.80,24.39,30.36,33.80,37.86,38.68,38.66,37.30,40.46,39.42,36.06,35.80,37.53,38.49,37.50,37.63,37.15,32.36,33.50,33.04,35.19,33.49,34.96,33.31,32.37,31.30,34.01,34.22,33.74,36.71,39.57,33.41,35.86,39.23,36.81,34.67,33.15,30.80,33.14,34.69,33.60,35.14,32.20,31.20,32.46,35.13,37.23,37.07,36.06,34.82,35.65,35.32,35.60,40.32,35.26,39.73,36.01,37.60,33.89,32.93,29.14,28.33,26.30,42.85,28.43,26.38,44.50,33.84,36.99,31.94,34.17,29.86,32.98,41.83,33.40,32.33,38.54,37.55,32.47,28.89,34.24,33.05,33.65,34.26,..,..,..,..,..,..,..,..,..,..
Banana Lakatan,..REGION VIII (EASTERN VISAYAS),7.77,7.64,7.45,6.89,6.68,6.61,6.74,6.81,7.03,7.35,7.73,8.75,7.29,9.09,9.17,8.65,8.58,8.69,8.59,8.66,8.72,8.66,8.95,9.94,9.86,8.96,10.05,9.96,9.40,9.23,9.76,9.75,9.53,9.79,9.89,10.04,9.77,9.73,9.74,10.06,10.13,9.49,9.76,9.85,9.83,10.27,9.88,10.01,9.48,10.19,10.74,9.97,10.89,11.08,10.89,10.98,10.64,10.40,10.21,10.24,10.53,10.65,10.89,10.98,10.70,11.11,11.31,10.88,12.25,12.39,12.02,11.80,11.79,12.09,11.63,11.70,11.82,11.73,15.70,15.96,16.16,16.66,17.11,17.32,17.91,19.30,20.05,16.13,17.41,16.77,17.21,18.39,15.47,16.15,18.47,16.38,14.35,14.71,16.10,14.20,14.70,20.25,25.03,17.02,17.77,18.18,15.69,19.53,23.75,22.60,18.71,23.44,23.75,19.58,18.53,21.45,20.25,18.00,20.14,19.80,18.83,22.37,21.16,24.45,26.75,12.83,18.48,21.81,17.34,20.16,18.61,12.69,27.18,28.18,13.09,20.29,17.04,23.41,29.02,39.59,30.95,25.55,23.80,28.48,29.03,25.55,21.63,19.94,21.92,18.54,16.35,18.66,22.27,22.04,20.08,22.04,24.92,20.07,19.96,18.26,23.45,24.68,18.43,22.27,20.86,20.82,19.89,22.80,21.37,24.35,20.98,24.63,18.23,22.80,22.63,23.90,18.65,18.85,19.38,22.63,21.70,21.56,25.24,24.00,23.25,26.65,26.86,33.73,19.23,20.91,27.37,20.64,29.70,36.26,26.15,23.87,36.39,33.31,25.93,32.02,30.57,29.56,28.80,32.90,29.95,29.07,19.25,29.30,34.54,31.93,18.06,..,..,..,..,..,..,..,..,..,..
Banana Lakatan,..REGION IX (ZAMBOANGA PENINSULA),8.60,8.47,9.13,9.20,9.46,9.16,9.30,9.54,9.30,9.96,9.65,9.75,9.29,10.29,10.15,10.43,10.33,10.34,10.52,10.32,10.38,10.66,10.73,11.09,11.90,10.60,10.78,10.58,11.39,11.41,10.82,11.33,11.37,11.34,11.17,10.80,11.74,11.44,11.18,11.08,11.15,11.24,10.43,11.32,10.74,11.38,11.33,11.29,11.96,12.84,11.87,11.39,14.06,12.41,14.95,13.76,14.20,13.99,13.57,14.00,13.64,14.29,14.86,14.57,14.03,10.77,12.46,13.05,14.94,13.33,13.85,15.41,12.57,13.82,13.79,13.45,13.52,13.41,12.86,13.83,13.52,15.07,14.22,14.48,14.83,15.48,13.83,14.56,15.43,15.05,14.43,15.39,14.33,15.02,13.78,15.47,14.56,15.50,15.51,14.75,16.15,15.49,19.85,15.48,15.57,15.82,16.71,18.09,18.51,17.99,17.24,17.81,16.35,18.04,16.94,17.95,17.25,14.88,17.52,17.09,16.62,18.21,18.15,18.28,16.89,17.77,19.47,18.18,19.94,17.75,20.19,20.69,24.39,24.81,24.29,26.06,23.58,24.65,24.50,27.51,27.57,27.81,24.67,27.08,25.54,24.86,25.51,25.01,26.33,25.53,25.07,24.79,23.75,23.12,24.91,25.13,21.37,20.83,21.52,21.44,22.40,22.19,21.17,20.92,22.57,22.66,23.28,23.47,21.99,23.68,22.93,23.33,22.92,23.45,23.11,22.96,25.03,25.60,25.27,25.23,26.43,24.16,29.16,27.12,37.15,28.25,27.72,24.80,26.57,28.98,24.69,24.17,21.96,21.09,26.80,25.64,26.45,33.61,30.32,28.98,25.76,27.85,29.81,23.60,25.93,25.24,37.47,28.39,22.91,23.88,23.42,..,..,..,..,..,..,..,..,..,..
Banana Lakatan,..REGION X (NORTHERN MINDANAO),14.43,14.51,14.73,15.04,14.93,14.74,15.45,15.47,15.61,15.90,15.91,16.26,15.25,15.75,16.72,16.15,17.09,16.88,16.86,16.18,16.35,16.16,15.94,15.71,16.38,16.35,16.93,17.11,17.09,17.70,17.42,17.46,17.65,16.59,16.68,16.05,16.51,16.55,16.98,16.82,17.75,18.81,18.26,18.43,18.00,18.37,18.45,17.78,16.77,17.03,17.64,17.84,17.94,19.60,20.07,19.11,19.20,18.12,19.14,19.46,18.89,18.59,18.21,18.40,18.89,19.26,19.34,19.09,20.40,19.62,20.26,19.53,19.34,18.77,19.05,18.82,19.34,19.40,19.35,20.86,21.54,22.19,21.94,22.48,21.01,21.05,21.36,22.38,22.31,21.33,21.48,21.39,21.05,20.16,21.99,22.93,21.85,22.78,21.37,22.70,22.03,22.77,23.96,22.08,20.66,21.50,23.37,21.14,21.22,22.55,23.28,22.86,21.87,21.50,22.61,23.67,22.19,21.93,24.17,23.17,23.86,21.97,24.61,22.75,20.91,22.14,21.99,21.61,22.97,22.67,22.10,22.98,24.66,25.32,26.03,26.63,26.51,25.91,25.80,25.75,26.59,27.53,25.48,28.11,30.20,28.85,27.56,28.96,28.60,26.58,25.99,24.08,24.68,22.52,23.25,26.62,25.28,24.59,25.97,28.00,22.54,24.47,23.14,23.98,25.28,26.11,25.45,28.79,25.30,24.47,23.45,27.35,27.63,27.91,26.56,26.15,25.77,27.75,28.68,29.53,30.13,27.12,30.86,29.67,29.08,33.00,33.00,30.33,26.90,22.27,25.30,33.30,32.47,34.22,30.03,28.63,29.68,29.59,30.25,32.23,28.87,28.14,28.07,29.78,24.65,25.44,27.05,28.53,22.79,24.74,25.25,..,..,..,..,..,..,..,..,..,..
Banana Lakatan,..REGION XI (DAVAO REGION),13.17,13.62,13.98,13.58,12.75,11.38,11.81,12.70,13.15,13.16,13.28,13.88,13.04,13.71,14.02,14.48,14.30,14.50,13.96,13.46,13.19,13.25,13.50,13.06,13.64,13.76,13.72,13.62,13.70,13.69,13.83,13.20,12.80,12.59,12.77,12.93,13.25,13.49,13.30,15.99,16.40,16.81,17.06,17.35,16.71,17.00,16.47,15.96,15.77,16.56,17.24,16.61,15.74,17.07,16.95,18.86,17.13,16.22,16.54,16.73,18.11,18.94,19.89,19.29,17.62,17.54,17.82,18.56,19.49,18.84,17.78,18.06,18.42,18.24,17.71,17.75,17.93,18.18,16.15,16.84,17.99,19.36,19.13,19.29,21.44,21.85,20.88,20.09,17.10,15.37,18.79,16.12,18.67,19.62,19.49,18.35,17.75,18.31,18.02,17.95,19.89,18.61,17.61,18.37,18.53,18.82,20.96,20.66,19.48,16.86,18.59,18.35,20.58,19.94,21.08,19.55,19.45,19.94,21.50,21.49,23.44,24.98,24.39,25.49,26.23,25.29,26.89,26.83,28.53,24.58,27.76,30.18,29.30,32.07,32.90,34.55,35.43,35.14,33.38,34.80,29.37,26.33,31.77,26.04,24.10,25.13,25.11,22.39,20.31,19.73,17.98,18.71,18.71,18.03,18.51,21.23,20.63,20.38,20.19,19.82,19.01,19.13,20.52,20.80,20.20,21.56,20.54,25.60,20.70,29.63,29.81,33.87,35.26,32.28,28.02,30.04,30.57,31.04,33.36,30.66,34.33,31.57,30.42,26.80,31.06,32.03,28.92,30.23,29.94,29.00,29.06,31.94,32.14,35.41,30.58,33.01,37.79,37.14,30.48,30.59,30.53,29.21,26.74,25.40,25.46,26.48,25.67,29.88,25.23,25.17,27.91,..,..,..,..,..,..,..,..,..,..
Banana Lakatan,..REGION XII (SOCCSKSARGEN),12.92,13.14,13.37,13.44,13.71,13.76,13.72,13.65,13.50,14.62,15.01,15.27,13.84,15.16,15.43,15.75,15.16,15.25,14.77,14.65,14.21,13.29,13.38,12.98,13.53,14.46,13.56,13.78,14.01,13.58,13.51,13.25,13.23,13.42,13.16,13.43,13.43,13.19,13.46,14.23,15.19,14.66,16.81,16.65,17.61,18.06,17.80,17.58,19.01,18.61,20.27,17.21,19.98,19.74,19.79,20.43,18.99,18.51,18.29,18.78,19.31,19.92,19.95,19.74,19.45,18.57,18.69,18.15,18.98,19.89,19.70,19.70,18.75,19.57,19.11,16.74,16.56,18.70,17.56,18.77,19.88,19.35,20.15,20.74,20.13,25.11,24.21,22.99,17.38,18.18,20.37,19.00,20.01,21.20,19.57,18.76,18.57,18.33,18.00,17.57,17.56,17.19,18.09,18.65,18.73,21.06,21.68,20.39,19.19,19.97,20.84,20.92,21.16,21.94,22.43,21.17,20.79,21.91,22.38,24.53,25.42,25.34,25.14,25.32,26.26,27.34,28.25,28.08,28.05,25.67,27.87,29.30,29.95,34.41,34.45,33.54,32.82,34.29,34.95,33.22,29.19,24.48,31.54,25.33,24.50,25.43,27.75,22.31,20.97,17.99,16.75,17.63,17.47,17.05,16.48,20.81,18.26,19.37,19.22,18.38,17.54,17.81,19.86,19.20,19.87,19.85,21.38,25.10,19.65,30.07,32.49,34.61,35.16,33.34,31.06,32.30,32.08,29.64,34.25,35.05,37.33,33.12,35.31,35.83,38.05,37.19,34.19,30.37,38.99,38.91,33.30,61.46,35.02,40.53,38.26,34.20,35.64,37.03,36.85,32.63,30.16,24.52,24.64,24.54,27.18,27.99,29.33,30.39,25.09,25.97,27.61,..,..,..,..,..,..,..,..,..,..
Banana Lakatan,..REGION XIII (CARAGA),11.62,11.70,10.30,10.58,11.21,10.43,10.71,11.38,11.04,11.95,12.41,12.67,11.33,13.02,12.72,12.53,12.92,12.76,13.20,12.22,12.96,11.41,12.19,11.90,12.63,12.54,11.98,12.79,11.85,12.72,12.98,12.36,12.36,13.04,13.37,13.60,14.39,14.68,13.01,14.83,15.77,15.50,16.30,15.70,16.78,16.43,15.59,16.96,17.95,17.40,17.17,16.37,19.33,18.10,17.84,21.01,22.18,19.46,16.55,16.00,17.88,17.93,19.17,18.11,18.63,17.95,17.03,18.53,18.45,17.87,17.91,16.95,16.99,17.17,18.12,18.93,20.34,18.02,17.54,19.38,19.09,17.44,16.80,17.91,17.83,19.12,20.08,20.59,19.77,17.96,18.63,18.60,18.84,19.19,18.68,19.10,18.72,18.41,17.17,18.05,19.02,18.18,18.68,18.55,17.43,18.09,17.77,18.30,17.95,19.20,17.68,18.68,17.82,21.28,20.61,21.54,18.86,18.35,19.43,21.31,20.74,21.21,18.42,23.16,19.50,22.99,23.29,25.74,24.65,21.57,22.41,26.48,28.29,30.08,33.26,29.15,29.48,27.39,31.56,25.87,27.64,27.72,28.28,27.27,23.10,23.77,18.66,19.81,19.68,17.48,18.12,19.24,19.09,17.42,17.07,20.06,17.68,19.21,16.89,18.83,19.58,18.35,17.19,18.92,19.25,19.16,18.71,20.40,18.68,25.33,26.99,25.90,28.29,23.35,25.04,25.53,25.94,24.05,22.34,25.87,26.74,25.45,35.58,38.00,31.53,32.88,32.34,29.97,32.62,32.45,31.89,35.47,33.97,35.70,33.53,34.96,36.64,35.94,30.05,25.71,25.64,28.46,28.64,30.81,21.10,27.87,28.17,29.50,25.17,27.28,25.63,..,..,..,..,..,..,..,..,..,..
Banana Lakatan,..BANGSAMORO AUTONOMOUS REGION IN MUSLIM MINDANAO (BARMM) 1/,7.19,7.62,7.35,7.29,7.08,7.12,7.00,7.21,7.09,7.48,7.58,7.04,7.25,4.40,4.72,5.09,5.11,5.49,5.49,5.69,5.70,5.51,5.18,5.23,5.02,5.22,4.31,4.17,5.12,5.82,6.50,5.98,8.90,11.16,10.84,10.85,11.31,10.65,7.97,10.30,10.71,11.70,10.99,10.61,10.61,10.98,10.91,11.19,10.80,10.61,11.43,10.90,11.89,11.71,11.49,12.04,11.80,11.78,12.16,11.25,10.10,11.15,10.78,10.95,11.43,12.33,11.94,12.36,12.72,12.20,12.29,12.14,12.43,12.48,12.54,12.99,11.69,12.34,16.70,15.87,16.05,16.18,15.43,17.25,16.44,16.63,20.64,14.66,15.20,15.80,16.40,16.25,18.40,19.12,20.67,20.61,21.15,21.52,22.44,22.93,22.74,22.75,23.26,20.99,22.55,23.04,21.39,23.38,22.93,21.16,20.36,21.18,21.44,20.75,20.65,20.71,21.63,20.26,20.68,21.93,20.85,22.26,20.94,20.95,19.26,19.35,19.09,19.03,19.01,20.30,19.40,21.05,18.20,21.91,23.22,22.56,20.42,19.85,17.07,21.35,20.87,17.18,20.26,17.97,20.39,19.14,19.07,20.31,21.40,19.29,19.21,19.48,19.52,19.79,17.09,19.39,20.60,19.35,20.26,21.78,22.06,22.25,22.36,22.57,22.73,23.45,24.96,24.55,22.24,23.32,21.85,23.12,23.48,24.20,23.89,23.81,24.72,24.25,25.40,26.13,25.48,24.14,22.26,23.69,24.59,25.86,28.07,26.08,24.29,28.95,26.30,25.76,27.70,17.42,25.08,28.15,26.09,23.31,25.74,24.88,26.19,24.78,28.36,20.71,33.80,35.08,40.22,28.11,28.34,28.64,25.25,..,..,..,..,..,..,..,..,..,..
Banana Latundan,..REGION VII (CENTRAL VISAYAS),8.44,8.93,8.97,9.19,9.25,9.16,8.36,8.37,9.18,8.98,9.56,8.49,8.91,8.70,8.73,9.23,9.49,9.30,9.74,10.22,10.24,9.35,9.43,9.56,9.91,9.49,9.66,9.92,10.03,10.07,10.02,10.06,9.76,11.01,9.81,10.15,10.19,10.69,10.11,10.29,10.42,11.04,11.60,11.61,11.85,12.08,12.41,11.90,11.91,12.73,12.92,11.73,13.34,13.41,13.28,14.26,13.90,13.82,13.97,14.09,13.52,13.89,14.62,14.70,13.90,15.25,15.78,16.03,16.21,16.20,16.22,15.61,17.41,16.98,17.73,17.93,17.26,16.55,17.19,17.36,17.15,18.78,18.48,18.44,18.23,18.90,21.74,17.56,20.81,19.26,18.66,17.30,18.44,17.84,17.37,16.05,18.22,15.85,16.28,16.01,16.19,15.86,16.83,16.85,16.01,17.37,16.05,18.46,17.27,16.99,17.39,16.57,16.28,16.30,15.90,16.48,16.76,15.95,17.45,17.29,17.81,17.64,16.80,18.09,18.16,17.53,17.85,18.78,19.34,17.72,17.78,19.27,19.37,21.34,19.57,22.15,20.47,20.74,20.37,22.90,21.32,21.51,20.57,23.58,22.00,20.69,20.18,22.28,23.13,22.64,20.74,22.06,20.69,20.07,22.42,21.71,21.83,23.97,23.08,23.62,23.25,24.01,25.24,23.16,23.33,22.92,23.97,23.17,23.46,22.29,22.87,21.83,24.33,24.57,22.19,22.51,23.40,21.70,22.18,21.81,21.65,22.61,25.36,25.25,30.58,22.85,24.11,22.67,22.25,23.64,26.83,22.50,23.97,28.13,24.85,21.17,20.92,21.97,23.80,23.59,22.36,25.64,20.42,22.17,19.34,19.24,18.04,21.56,21.10,20.94,20.74,..,..,..,..,..,..,..,..,..,..
Banana Latundan,..REGION VIII (EASTERN VISAYAS),9.36,9.28,9.09,9.13,9.12,9.21,9.26,9.24,9.28,9.37,9.31,9.64,9.27,9.87,9.74,9.81,10.00,10.12,10.27,10.25,9.97,10.46,10.36,10.35,10.19,10.12,10.13,10.15,10.37,10.34,10.56,10.62,10.44,10.44,10.23,10.37,10.59,10.33,10.38,10.37,10.13,10.17,10.10,10.23,10.47,10.43,10.58,10.72,10.56,10.54,11.87,10.51,12.19,12.30,12.30,12.33,12.77,13.32,13.10,12.91,13.17,28.10,13.04,13.31,14.07,13.08,13.29,13.03,13.33,13.33,13.95,14.08,13.99,12.85,12.70,12.69,13.90,13.35,12.92,13.47,12.92,13.17,13.30,12.82,13.64,13.41,14.70,14.17,14.25,15.15,13.66,13.56,13.12,13.64,12.80,12.60,13.06,13.76,13.63,14.30,13.20,13.15,13.88,13.39,14.53,13.75,14.43,13.98,14.67,13.40,14.87,15.61,14.33,14.09,13.48,15.05,14.35,14.85,13.31,14.08,13.86,13.96,15.14,15.43,15.15,14.61,13.75,14.68,16.00,14.57,15.69,14.87,18.76,16.87,17.30,18.35,18.76,18.36,20.84,19.83,18.48,17.57,17.97,17.98,16.65,17.21,16.26,19.14,16.42,15.46,16.71,16.48,14.97,16.98,20.07,17.03,17.44,18.27,18.15,20.85,21.14,22.38,22.27,20.09,21.49,20.75,19.02,21.91,20.31,21.49,21.95,22.39,22.54,20.83,22.42,21.98,21.96,20.60,21.19,20.77,21.51,21.64,21.76,19.98,19.46,21.07,30.00,20.00,23.78,17.24,20.84,13.38,21.22,17.88,20.55,21.45,19.32,21.65,18.98,20.36,18.83,26.33,20.76,24.89,28.83,17.23,22.30,21.74,29.98,24.34,27.46,..,..,..,..,..,..,..,..,..,..
Banana Latundan,..REGION IX (ZAMBOANGA PENINSULA),6.77,6.59,7.19,7.08,6.80,7.10,6.84,7.04,6.92,7.17,7.01,7.17,6.97,7.29,7.73,7.76,7.56,7.90,8.17,7.65,7.45,7.34,7.32,7.59,8.20,7.66,7.57,7.48,7.44,7.32,7.45,7.60,7.84,8.20,7.73,7.94,7.62,7.80,7.67,7.53,7.47,7.81,7.72,7.93,7.87,7.58,8.10,7.60,8.20,8.06,8.47,7.86,8.48,7.88,9.46,8.54,8.79,8.45,8.69,8.48,8.48,8.41,8.45,8.90,8.58,6.84,7.69,7.89,8.18,8.76,8.26,7.83,8.36,8.98,8.29,8.61,8.53,8.19,8.98,9.32,9.19,9.59,9.47,9.50,9.62,10.18,9.55,9.71,9.86,10.08,9.59,9.47,8.98,9.81,9.17,9.35,9.01,8.39,8.86,8.88,8.40,8.07,7.79,8.85,8.56,7.97,8.65,9.26,8.99,8.93,8.60,8.99,8.05,8.40,8.80,10.03,8.77,8.57,9.22,9.15,10.26,10.23,9.32,11.10,9.93,10.16,10.94,11.03,12.48,10.20,10.47,10.86,12.91,13.04,14.50,13.09,12.82,13.03,11.89,12.64,12.52,12.53,12.53,12.12,12.21,12.17,11.96,11.47,11.40,11.17,11.37,12.01,12.16,12.35,13.25,11.97,13.50,12.38,12.42,12.91,14.01,12.04,11.45,11.69,12.49,11.86,12.60,12.91,12.52,12.42,12.05,12.35,12.01,11.60,11.47,11.44,11.35,11.93,12.19,12.17,12.87,11.99,14.48,15.20,16.09,13.80,14.14,10.75,10.45,12.84,11.39,17.13,14.99,14.05,13.78,15.12,12.75,16.74,18.56,17.46,17.96,14.14,14.58,12.41,15.47,15.13,18.20,15.71,21.18,21.70,21.25,..,..,..,..,..,..,..,..,..,..
Banana Latundan,..REGION X (NORTHERN MINDANAO),8.09,8.22,8.26,8.79,8.77,8.24,8.73,8.63,8.59,8.40,8.53,8.40,8.47,8.00,7.70,7.85,7.88,7.88,7.55,8.03,7.94,7.80,7.57,7.41,7.52,7.76,7.33,7.25,7.32,7.30,7.34,7.42,7.52,6.98,7.01,6.78,7.00,7.28,7.21,7.20,7.34,7.31,7.40,7.40,7.24,7.21,7.32,7.50,7.06,7.34,7.24,7.30,7.56,7.27,7.31,7.44,7.09,7.36,7.13,7.09,7.19,7.41,7.21,7.24,7.28,7.68,7.64,7.55,7.75,7.53,7.45,7.63,7.42,7.00,6.94,7.06,7.14,7.40,7.53,7.66,8.21,8.26,8.19,8.23,8.37,9.07,8.87,7.96,7.91,7.95,8.18,8.33,8.41,7.81,8.01,8.03,7.66,7.60,7.20,7.35,7.29,7.65,7.42,7.73,7.24,7.38,7.96,7.41,7.81,7.50,7.67,7.45,7.40,7.10,7.42,7.53,7.49,7.20,7.21,7.81,8.18,7.62,7.62,8.07,7.75,7.66,8.11,8.12,8.54,7.82,8.72,8.19,9.32,9.64,10.68,10.22,9.44,9.74,9.10,9.09,9.36,9.92,9.45,10.24,10.23,9.61,9.90,9.82,9.60,10.68,10.21,10.54,10.71,10.09,10.54,10.18,11.37,11.03,10.73,11.49,10.19,10.88,11.53,11.03,11.32,11.04,12.33,11.30,11.19,12.16,13.20,11.44,11.77,12.01,12.49,12.04,12.00,12.20,11.95,11.45,11.91,12.05,16.83,11.78,13.67,12.10,11.36,11.43,14.71,14.06,15.33,14.16,13.21,13.32,13.50,11.44,14.19,11.74,13.08,12.52,13.29,11.76,11.65,12.24,13.11,12.08,11.89,12.42,11.55,11.50,12.86,..,..,..,..,..,..,..,..,..,..
Banana Latundan,..REGION XI (DAVAO REGION),6.68,7.07,7.03,6.90,6.57,6.01,6.27,6.41,6.30,6.32,6.15,6.46,6.51,6.36,7.23,6.78,6.71,6.84,6.68,6.32,6.52,6.58,6.54,6.73,6.87,6.68,6.86,6.76,7.03,7.23,7.07,7.25,6.59,6.72,6.75,6.84,7.08,7.56,6.98,8.15,8.50,9.09,9.08,8.64,8.31,8.23,8.13,8.35,8.46,8.84,8.62,8.53,7.97,8.29,8.50,8.08,7.74,7.84,7.76,7.94,7.83,8.45,7.85,8.50,8.06,7.78,7.75,7.89,8.45,8.40,8.10,7.87,7.86,7.90,7.60,7.68,8.15,7.95,7.36,8.10,8.60,8.48,8.96,7.93,8.65,8.35,8.43,7.87,7.76,6.97,8.12,7.50,7.29,8.69,8.42,8.51,7.38,7.91,7.88,8.11,8.62,8.05,7.40,7.98,7.69,7.39,8.94,8.31,7.89,8.77,7.58,7.59,8.48,8.17,7.98,8.57,8.11,8.64,9.17,8.92,10.50,10.14,10.37,9.94,10.52,10.79,10.83,10.48,10.52,10.07,10.65,10.61,11.85,12.76,12.86,13.45,13.98,16.19,13.71,14.56,12.38,11.61,12.88,11.58,12.51,12.76,12.98,11.80,11.80,9.65,9.87,10.49,10.44,10.11,9.95,11.16,9.96,10.56,10.55,10.77,9.42,9.00,8.85,9.93,10.19,9.91,10.35,10.62,10.01,10.11,11.25,11.79,11.66,11.77,10.58,11.12,11.61,10.89,11.32,11.30,12.36,11.31,12.16,11.98,12.87,7.40,7.02,6.92,11.21,13.13,11.32,13.67,13.33,13.33,11.20,14.92,13.50,15.44,11.19,13.24,12.46,13.25,12.87,11.66,12.39,9.62,13.00,12.79,13.79,17.52,14.70,..,..,..,..,..,..,..,..,..,..
Banana Latundan,..REGION XII (SOCCSKSARGEN),7.54,7.14,7.05,7.32,7.44,7.67,7.93,8.04,7.62,7.93,7.98,8.15,7.65,7.80,8.15,8.25,8.40,8.53,8.51,8.37,8.10,7.59,7.89,7.76,7.83,8.10,7.88,7.67,7.90,7.98,7.38,7.33,7.43,7.22,7.48,7.57,7.45,7.57,7.57,8.08,8.19,8.48,8.63,8.68,8.88,8.98,8.76,8.30,8.60,8.48,8.70,8.56,9.14,9.39,8.94,8.79,8.55,8.75,8.60,8.36,8.02,8.03,8.34,8.30,8.60,8.16,8.54,8.21,8.67,8.80,9.17,9.32,8.88,8.71,8.30,6.91,7.68,8.45,7.43,8.11,8.02,7.99,7.33,7.52,7.66,8.56,7.28,7.62,7.98,6.79,7.69,7.55,7.65,8.25,8.18,7.62,7.33,7.45,7.01,6.87,6.70,7.16,7.36,7.43,7.80,7.90,7.54,7.85,7.33,6.88,7.38,6.44,7.16,7.49,7.56,7.47,7.40,6.89,7.59,8.00,8.38,8.61,8.72,8.35,9.67,9.79,9.78,9.23,9.47,8.71,8.96,8.95,10.76,11.76,11.90,11.05,12.29,11.74,13.50,12.51,10.84,10.29,11.21,10.45,9.79,11.03,11.83,10.72,10.03,9.05,9.68,8.97,8.98,7.96,8.37,9.74,9.11,8.60,9.83,8.54,7.86,7.64,8.37,8.48,8.80,8.10,8.82,9.41,8.63,10.34,9.80,9.65,10.03,10.85,9.58,9.18,9.70,9.13,9.96,10.70,11.13,10.00,11.32,10.60,11.01,10.25,10.90,11.49,13.47,14.64,20.34,12.84,18.79,16.00,13.47,11.48,12.59,14.04,14.86,15.94,15.46,12.41,13.13,11.63,10.86,11.01,9.18,12.72,13.14,13.33,12.50,..,..,..,..,..,..,..,..,..,..
Banana Latundan,..REGION XIII (CARAGA),5.90,6.02,6.21,6.10,6.28,6.35,6.47,6.97,7.41,7.07,7.14,7.60,6.63,7.54,7.62,7.71,7.82,7.26,7.21,7.19,7.35,6.55,6.71,6.84,7.29,7.26,7.13,7.31,7.33,7.71,7.37,7.59,8.23,7.79,7.69,7.66,8.16,8.90,7.74,9.46,9.76,9.65,9.11,8.78,9.54,9.78,9.84,10.04,10.35,9.84,8.79,9.58,9.61,9.80,9.57,10.53,10.06,9.88,10.02,8.76,9.52,9.12,9.27,10.35,9.71,9.82,9.89,8.65,9.46,9.86,8.40,10.67,10.55,8.82,9.49,8.23,9.60,9.45,10.04,9.78,9.41,9.95,10.74,10.56,9.66,10.22,10.49,9.84,9.50,9.74,9.99,10.61,10.42,10.28,10.79,10.87,11.46,10.92,10.69,10.73,11.22,12.45,13.41,11.15,12.98,13.21,13.85,13.10,12.25,12.00,12.40,13.24,12.91,12.60,11.49,12.26,12.69,13.00,14.36,14.61,13.65,16.08,14.57,14.72,14.83,14.42,15.44,17.53,17.17,15.03,15.94,16.03,14.00,15.02,17.14,15.93,16.06,17.24,16.02,18.47,17.61,18.47,16.49,16.01,17.39,17.01,17.06,17.08,16.20,16.31,15.69,16.48,15.24,15.31,14.96,16.23,15.10,15.59,12.69,11.76,14.06,20.17,14.65,16.20,15.11,15.37,15.09,16.14,15.16,16.45,15.51,15.73,15.72,14.57,16.29,14.60,14.87,16.23,16.26,17.74,17.81,15.98,18.54,20.20,17.44,12.48,12.16,11.41,13.06,13.61,13.91,11.57,12.73,13.61,14.23,14.96,14.89,16.40,15.44,15.68,15.43,14.49,14.43,14.34,15.68,15.93,15.48,15.26,16.40,15.74,16.09,..,..,..,..,..,..,..,..,..,..
Banana Latundan,..BANGSAMORO AUTONOMOUS REGION IN MUSLIM MINDANAO (BARMM) 1/,8.28,8.40,8.61,8.40,8.23,8.44,8.20,8.56,8.40,8.57,8.59,8.06,8.40,5.59,5.70,6.43,6.48,6.74,6.75,6.64,7.00,6.90,6.76,6.63,6.63,6.52,6.40,6.58,6.86,7.43,7.89,7.80,7.93,8.58,7.98,7.72,7.96,7.76,7.57,7.59,7.34,7.61,8.18,8.92,8.25,8.21,8.14,8.16,8.17,8.03,7.92,8.04,8.09,7.95,8.38,8.54,8.03,8.50,9.05,9.94,9.61,9.99,9.77,9.78,8.97,10.15,9.25,9.90,9.68,8.00,7.92,7.95,8.18,8.49,8.25,8.56,8.57,8.74,10.83,12.68,12.92,13.11,13.36,13.60,13.05,13.33,16.44,14.26,14.00,11.30,13.24,14.54,16.13,16.38,18.70,18.09,20.02,22.39,23.51,24.54,22.80,23.13,23.52,20.31,20.57,20.20,19.89,19.60,19.53,19.16,19.41,19.03,19.61,16.16,16.33,17.47,18.91,16.49,16.35,17.84,17.18,17.40,16.41,16.59,16.20,16.14,15.66,15.82,13.49,16.30,16.26,16.46,20.89,20.95,16.68,16.96,17.15,18.53,15.98,16.12,16.34,14.15,17.21,16.21,15.94,20.27,17.30,15.23,15.25,15.76,15.59,15.71,15.35,15.13,10.15,15.66,15.79,15.69,14.12,15.58,15.68,16.10,16.00,16.05,14.10,17.14,15.57,18.49,15.86,17.92,18.11,18.86,18.96,18.66,19.67,19.05,20.60,20.55,22.02,23.47,24.93,20.23,29.39,31.00,33.60,7.14,22.12,28.40,0.00,0.00,21.19,20.72,24.93,25.00,24.35,25.56,24.22,34.41,16.93,18.38,19.67,17.84,17.55,19.18,22.77,23.58,28.41,22.38,14.36,19.59,20.53,..,..,..,..,..,..,..,..,..,..
Banana Saba,..REGION VII (CENTRAL VISAYAS),6.26,6.05,5.92,6.36,6.37,6.18,6.11,5.76,5.73,5.85,6.21,6.73,6.13,6.37,6.26,6.36,6.11,6.21,6.22,6.14,6.52,6.48,6.57,6.19,6.06,6.29,6.10,6.52,6.72,6.52,6.58,6.42,6.57,6.39,6.79,7.02,6.52,7.03,6.60,7.07,7.28,7.68,8.05,7.89,8.30,8.06,8.25,7.99,8.11,8.32,8.39,7.95,8.52,9.37,9.13,9.36,9.03,8.96,8.80,9.11,9.37,9.26,9.44,10.63,9.25,9.39,9.99,10.15,10.49,10.72,11.12,11.11,12.05,11.96,12.15,11.32,12.04,11.04,12.04,11.86,12.85,15.43,15.05,12.97,12.44,15.30,14.72,12.87,14.99,14.36,13.74,10.92,12.10,12.34,13.83,11.51,11.54,12.04,12.12,11.94,11.97,12.23,13.20,12.15,10.95,10.59,10.60,13.36,11.86,12.75,12.59,13.91,13.27,11.80,12.75,11.70,12.18,11.12,12.18,12.12,12.21,12.82,12.77,13.42,12.64,11.54,12.86,12.74,13.62,12.50,14.01,13.43,13.37,15.89,15.07,15.43,15.42,15.53,16.02,16.19,15.80,18.73,15.41,16.51,15.18,14.23,15.02,12.76,15.32,14.97,14.80,15.35,14.86,13.48,14.67,14.76,15.32,14.06,16.85,15.33,15.70,17.17,16.57,16.65,16.18,16.14,16.09,17.41,16.12,16.31,16.25,16.60,16.16,15.99,16.32,15.83,16.58,14.87,15.05,15.95,16.18,16.01,20.34,20.93,20.73,18.11,17.44,18.14,15.18,15.40,16.23,14.50,14.73,15.60,17.28,19.75,16.45,22.05,13.89,16.46,14.71,15.43,17.19,18.27,19.71,13.35,14.29,16.80,16.61,17.25,17.64,..,..,..,..,..,..,..,..,..,..
Banana Saba,..REGION VIII (EASTERN VISAYAS),8.24,8.23,8.19,8.41,8.15,8.02,8.01,8.01,8.26,8.44,8.43,8.21,8.22,8.38,8.48,8.47,8.50,8.56,8.53,8.52,8.38,8.45,8.45,8.70,8.88,8.53,8.82,8.74,8.73,9.05,8.85,9.09,9.05,9.23,8.59,9.01,9.19,9.12,8.96,9.16,9.04,8.92,9.00,8.95,9.13,9.13,9.44,9.68,8.99,9.15,10.17,9.23,10.55,10.50,10.67,10.75,11.64,12.02,11.94,11.93,12.21,12.20,12.21,12.38,11.58,12.02,12.45,12.28,12.62,12.51,12.43,12.09,12.33,12.45,13.27,12.60,12.12,12.43,11.89,11.84,12.24,12.53,12.31,12.60,13.08,13.60,13.88,14.17,15.19,13.75,13.09,13.09,13.19,12.87,12.94,12.69,13.18,14.06,13.72,12.34,14.03,13.17,13.42,13.23,14.51,15.01,14.87,13.95,14.70,13.94,15.16,14.78,14.79,14.24,14.34,14.47,14.56,13.61,12.60,12.53,13.34,14.03,13.07,14.14,13.46,13.18,13.43,14.25,14.10,13.48,15.64,13.53,15.86,15.16,17.05,17.72,16.13,17.11,18.19,17.47,17.26,17.42,16.55,17.68,16.85,18.86,16.06,15.93,14.91,15.15,16.34,15.34,14.14,17.11,18.02,16.37,18.39,16.97,18.27,19.41,19.61,20.85,21.07,18.18,17.16,17.62,19.08,18.41,18.75,18.23,19.39,18.78,20.16,18.88,18.93,18.36,18.59,18.80,19.43,18.49,19.37,18.95,19.36,17.59,18.06,14.75,14.92,12.57,13.75,16.86,17.61,14.41,13.91,13.35,15.60,18.85,18.72,18.70,13.98,20.41,20.40,16.71,17.58,15.34,16.54,15.14,17.76,17.51,15.65,14.37,16.90,..,..,..,..,..,..,..,..,..,..
Banana Saba,..REGION IX (ZAMBOANGA PENINSULA),6.04,6.44,6.74,6.52,6.49,6.61,5.90,6.15,6.55,6.55,6.19,6.11,6.36,6.91,7.25,7.33,7.14,7.17,7.71,7.33,7.28,7.03,6.89,5.89,6.59,7.04,7.36,6.61,6.47,6.75,6.74,6.98,6.51,7.23,7.52,7.28,7.78,7.53,7.06,7.61,7.75,7.74,7.87,8.26,8.43,8.40,8.35,8.15,9.03,8.12,8.19,8.16,9.03,9.36,10.32,10.26,9.72,9.16,9.36,8.79,8.41,9.31,9.76,10.02,9.46,7.12,7.49,8.32,8.21,8.09,8.25,7.84,8.46,8.62,8.19,8.30,8.54,8.12,8.50,9.06,9.24,9.41,9.45,9.42,9.58,10.31,9.93,9.37,9.23,9.71,9.43,9.10,8.59,9.65,8.86,8.55,8.67,9.74,9.05,8.58,8.68,7.84,8.31,8.80,9.16,8.33,8.72,9.68,9.73,9.28,9.03,10.09,9.02,9.84,9.05,9.43,9.28,8.84,9.53,10.62,10.40,11.09,10.17,10.78,9.93,9.71,10.48,10.48,12.14,10.35,10.30,11.33,13.17,13.16,13.63,12.94,12.90,12.93,13.09,13.25,12.09,12.95,12.65,12.30,12.24,11.64,11.17,11.59,12.04,12.44,11.64,11.93,11.96,12.18,13.83,12.08,13.28,12.74,12.70,11.90,11.89,11.64,11.41,12.26,12.86,13.27,13.80,13.96,12.64,13.60,12.94,12.96,12.80,12.37,11.63,10.99,11.65,12.12,12.70,12.72,13.07,12.46,12.81,14.38,14.41,13.15,3.00,13.06,11.64,15.71,13.55,14.10,13.57,13.50,12.74,13.87,13.48,12.90,15.45,17.32,14.85,13.54,18.17,14.36,12.24,12.04,12.43,14.22,11.38,11.60,11.75,..,..,..,..,..,..,..,..,..,..
Banana Saba,..REGION X (NORTHERN MINDANAO),7.73,7.77,7.89,8.62,8.39,8.52,8.47,8.41,8.44,8.39,8.50,8.29,8.29,7.57,7.15,7.25,6.74,6.85,6.66,7.21,7.30,6.65,6.63,6.54,6.73,6.94,6.59,6.48,6.63,6.73,6.60,6.72,6.73,6.33,6.28,6.09,5.99,6.02,6.43,6.22,6.74,6.97,7.15,7.22,6.92,7.10,7.50,7.17,6.84,6.93,7.15,6.99,6.98,6.88,7.10,7.22,6.90,6.77,6.85,6.87,6.77,6.52,6.90,7.33,6.92,6.73,6.87,7.05,7.05,7.17,7.24,7.58,7.32,7.02,6.95,7.04,6.97,7.08,7.10,7.09,7.30,7.49,7.75,7.94,8.12,8.65,8.27,7.66,7.84,7.99,7.77,7.59,7.37,7.58,7.52,7.72,7.76,7.99,7.70,7.58,7.98,7.65,7.39,7.65,7.04,7.03,7.56,7.31,7.41,7.36,7.23,7.31,6.82,7.23,7.18,7.93,7.28,7.54,7.49,7.80,7.94,7.50,7.47,8.28,8.31,8.38,8.53,7.94,8.70,7.99,8.79,8.45,9.58,10.36,9.96,10.00,9.70,9.74,9.20,9.46,9.89,9.83,9.58,9.74,10.90,10.04,9.77,9.56,9.48,10.44,10.06,9.92,9.84,9.73,9.75,9.94,10.69,10.75,10.34,10.83,10.51,11.26,10.58,11.44,11.87,11.66,12.40,11.97,11.19,11.97,11.78,12.11,12.11,12.50,12.30,12.09,12.19,11.53,11.60,11.21,12.12,11.96,12.27,12.90,12.15,10.88,11.73,10.95,11.27,11.20,10.99,12.84,12.16,11.14,11.71,10.54,10.65,10.48,16.71,16.51,16.60,9.44,12.01,11.99,10.91,10.89,10.40,12.26,12.82,13.39,11.50,..,..,..,..,..,..,..,..,..,..
Banana Saba,..REGION XI (DAVAO REGION),5.09,5.17,5.14,5.35,4.28,3.81,3.82,3.97,4.02,4.11,4.36,4.54,4.47,4.17,3.63,4.09,4.08,4.17,4.25,4.62,5.14,5.02,5.18,5.26,5.26,4.57,5.39,5.42,5.65,6.09,5.86,5.55,5.18,4.82,4.86,5.59,5.53,5.28,5.44,6.54,7.06,8.13,8.56,8.09,7.87,7.23,7.35,7.47,7.31,7.72,7.28,7.55,5.70,6.10,6.65,6.13,5.75,5.27,5.28,4.96,5.10,5.87,5.39,5.23,5.62,4.23,4.48,4.63,5.39,5.48,5.25,5.24,5.22,5.55,5.17,5.42,5.84,5.16,5.58,5.23,6.08,6.02,6.53,6.16,6.45,6.94,7.36,7.27,6.31,5.65,6.30,5.37,5.42,6.01,6.72,6.70,6.53,6.31,6.70,6.78,6.87,6.26,5.78,6.29,5.95,6.47,6.65,7.17,7.59,6.83,6.10,6.55,7.07,7.15,7.07,7.40,6.83,7.63,9.98,8.72,9.65,9.89,9.48,9.40,9.61,10.28,11.11,11.43,11.06,9.85,9.01,10.32,10.70,11.31,11.85,11.75,12.42,12.23,12.97,12.67,11.48,10.84,11.46,9.07,7.99,8.81,9.53,9.15,7.47,7.12,5.86,7.09,7.11,7.04,6.56,7.73,6.69,6.20,6.77,6.28,5.89,5.72,5.20,6.21,6.47,6.68,6.46,6.53,6.26,6.26,6.75,7.10,8.05,8.74,8.63,7.72,7.92,8.70,8.84,9.12,8.98,8.07,9.19,9.04,9.24,8.20,9.50,9.38,8.29,8.18,8.79,9.38,9.54,7.94,8.89,9.27,10.07,10.37,10.11,9.98,10.30,8.83,8.20,9.15,13.19,10.29,8.96,9.89,10.50,11.70,12.41,..,..,..,..,..,..,..,..,..,..
Banana Saba,..REGION XII (SOCCSKSARGEN),5.18,5.00,4.94,5.11,5.10,5.28,5.16,4.92,5.17,5.45,5.52,5.76,5.22,5.10,5.03,5.06,5.06,5.16,5.07,5.21,5.34,5.20,5.30,5.20,5.25,5.17,5.42,5.64,5.85,6.06,5.50,5.78,5.40,5.24,5.35,5.32,5.36,5.34,5.52,5.31,5.69,6.18,6.95,7.19,7.03,6.72,6.75,6.74,6.75,6.71,6.42,6.54,6.30,6.17,6.06,6.18,5.69,5.88,5.67,5.62,5.99,6.27,6.36,6.07,6.02,5.21,5.19,5.82,6.05,6.25,6.20,6.09,6.04,5.99,6.18,6.09,5.91,5.92,5.56,5.68,5.87,5.76,5.59,6.39,5.29,6.33,7.29,5.92,5.89,5.43,5.92,5.30,5.90,6.08,5.72,6.11,5.74,5.29,5.93,5.48,5.70,6.03,5.98,5.77,5.61,5.81,6.00,6.00,6.17,5.82,5.80,6.59,5.93,6.24,6.53,6.86,6.11,6.19,7.09,7.90,7.85,8.16,8.27,8.53,8.12,8.61,9.13,8.62,8.71,8.10,7.77,8.22,9.29,9.98,10.28,9.94,10.08,11.02,10.30,10.81,9.92,10.05,9.81,8.53,7.02,7.68,8.08,7.75,6.71,5.45,5.53,6.09,6.36,6.28,6.36,6.82,5.85,6.43,5.98,6.07,5.81,5.43,5.60,5.44,5.61,6.64,6.45,6.35,5.97,5.54,6.17,6.72,7.14,7.86,7.25,6.84,7.34,7.12,7.74,7.70,7.98,7.12,7.55,7.86,8.07,9.93,10.59,11.09,9.56,10.37,20.10,8.25,9.50,9.00,10.16,6.84,7.28,10.35,8.87,8.59,7.32,8.43,8.47,9.25,9.39,8.37,8.33,8.46,9.95,9.17,11.15,..,..,..,..,..,..,..,..,..,..
Banana Saba,..REGION XIII (CARAGA),5.25,5.48,5.42,4.93,5.15,5.48,5.30,5.37,5.57,5.20,5.11,5.50,5.31,5.22,5.28,5.47,5.68,5.96,6.73,7.06,5.91,6.03,6.38,6.53,6.80,6.09,6.72,6.87,6.39,6.10,6.31,6.22,6.51,6.65,6.53,7.34,7.17,7.34,6.68,8.02,8.60,7.38,7.82,8.36,7.91,8.08,7.94,9.32,8.98,7.96,8.16,8.21,9.10,8.02,8.15,8.36,8.20,8.12,7.91,7.90,7.50,8.53,7.42,7.26,8.04,8.44,8.69,9.44,8.09,8.12,7.47,9.29,9.31,8.34,8.24,8.60,9.09,8.59,9.10,8.57,8.01,9.00,8.74,8.13,8.33,8.79,8.99,8.76,8.77,9.05,8.69,9.85,9.99,10.51,10.80,10.19,10.51,10.69,10.30,10.10,10.18,10.00,12.17,10.44,11.07,11.81,12.11,12.38,11.26,11.02,11.06,11.18,11.26,11.11,10.94,11.50,11.39,11.32,11.74,13.20,12.56,15.25,14.28,13.56,14.54,13.15,12.62,14.80,13.71,13.39,13.50,13.38,14.04,12.52,14.41,15.96,13.59,13.58,14.67,14.88,14.06,16.18,14.23,14.13,14.34,15.28,14.53,14.80,14.11,14.27,13.85,13.48,13.72,13.01,14.37,14.16,13.80,13.70,14.90,11.03,10.35,12.78,12.33,12.56,15.05,15.99,15.76,16.32,13.71,16.72,16.02,15.44,14.97,15.30,14.61,13.62,15.35,15.58,15.85,15.27,16.01,15.40,16.27,16.87,17.50,10.92,10.88,11.37,11.87,12.12,13.31,12.15,10.79,11.54,12.97,9.58,9.96,10.10,13.15,18.00,12.40,8.83,9.32,9.43,7.46,7.23,7.96,10.28,12.17,10.30,10.66,..,..,..,..,..,..,..,..,..,..
Banana Saba,..BANGSAMORO AUTONOMOUS REGION IN MUSLIM MINDANAO (BARMM) 1/,6.83,6.87,6.93,6.86,6.61,6.77,6.66,6.90,6.78,6.79,6.85,6.61,6.79,4.42,4.59,5.10,4.90,5.09,4.93,5.18,5.19,5.33,5.42,4.99,5.36,5.04,4.86,4.87,6.54,6.96,7.08,7.59,8.26,9.63,9.94,9.79,9.87,9.50,7.91,9.17,9.46,10.30,9.30,8.71,8.80,9.50,9.49,9.75,10.05,9.62,9.96,9.51,9.77,9.76,9.84,9.93,10.05,10.35,10.33,10.79,10.22,9.83,9.88,10.75,10.13,10.51,9.68,10.14,10.44,9.96,10.01,9.73,9.82,9.87,10.07,9.17,11.09,10.04,12.12,13.03,14.29,14.29,14.17,14.15,14.82,15.30,18.00,14.67,16.28,18.00,14.93,17.81,17.87,17.65,18.79,18.62,19.28,18.60,21.47,20.40,20.61,20.04,20.48,19.30,21.26,21.00,19.55,20.35,20.37,20.23,20.15,19.78,19.98,15.50,15.33,15.03,19.04,13.48,13.59,15.26,15.24,15.61,14.98,14.84,13.10,13.22,14.02,13.25,12.58,14.10,13.16,12.14,14.76,14.97,11.84,12.07,12.20,12.73,12.73,12.97,13.07,12.59,12.94,14.42,14.12,13.86,12.78,12.44,14.84,13.66,12.54,11.52,12.38,12.57,11.06,13.02,12.64,11.48,12.25,12.77,12.58,13.16,13.44,14.14,14.31,14.67,14.70,15.43,13.46,15.54,14.53,15.61,15.79,17.62,17.68,17.88,18.23,18.68,19.55,19.63,20.98,17.64,19.92,20.66,22.12,15.00,16.25,17.39,14.76,14.09,15.73,16.48,15.24,15.13,16.90,15.77,17.17,18.42,19.11,18.94,15.93,16.22,17.51,16.87,19.48,18.58,19.33,17.78,16.91,20.14,15.69,..,..,..,..,..,..,..,..,..,..
Banana Others,..REGION VII (CENTRAL VISAYAS),0.00,0.00,0.00,0.00,0.00,0.00,0.00,0.00,0.00,0.00,0.00,0.00,0.00,0.00,0.00,0.00,0.00,0.00,0.00,0.00,0.00,0.00,0.00,0.00,0.00,0.00,0.00,0.00,0.00,0.00,0.00,0.00,0.00,0.00,0.00,0.00,0.00,0.00,0.00,0.00,0.00,0.00,0.00,0.00,0.00,0.00,0.00,0.00,0.00,0.00,0.00,0.00,0.00,0.00,0.00,0.00,0.00,0.00,0.00,0.00,0.00,0.00,0.00,0.00,0.00,0.00,0.00,0.00,0.00,0.00,0.00,0.00,0.00,0.00,0.00,0.00,0.00,0.00,0.00,0.00,0.00,0.00,0.00,0.00,0.00,0.00,0.00,0.00,0.00,0.00,0.00,0.00,0.00,0.00,0.00,0.00,0.00,0.00,0.00,0.00,0.00,0.00,0.00,0.00,0.00,0.00,0.00,0.00,0.00,0.00,0.00,0.00,0.00,0.00,0.00,0.00,0.00,0.00,0.00,0.00,0.00,0.00,0.00,0.00,0.00,0.00,0.00,0.00,0.00,0.00,0.00,0.00,0.00,0.00,0.00,0.00,0.00,0.00,0.00,0.00,0.00,0.00,0.00,0.00,0.00,0.00,0.00,0.00,0.00,0.00,0.00,0.00,0.00,0.00,0.00,0.00,0.00,0.00,0.00,0.00,0.00,0.00,0.00,0.00,0.00,0.00,0.00,0.00,0.00,0.00,0.00,0.00,0.00,0.00,0.00,0.00,0.00,0.00,0.00,0.00,0.00,0.00,0.00,0.00,0.00,0.00,0.00,0.00,0.00,0.00,0.00,0.00,0.00,0.00,0.00,0.00,0.00,0.00,28.85,32.24,28.77,19.01,21.85,15.89,21.85,25.76,9.39,22.62,19.53,19.39,22.97,..,..,..,..,..,..,..,..,..,..
Banana Others,..REGION VIII (EASTERN VISAYAS),0.00,0.00,0.00,0.00,0.00,0.00,0.00,0.00,0.00,0.00,0.00,0.00,0.00,0.00,0.00,0.00,0.00,0.00,0.00,0.00,0.00,0.00,0.00,0.00,0.00,0.00,0.00,0.00,0.00,0.00,0.00,0.00,0.00,0.00,0.00,0.00,0.00,0.00,0.00,0.00,0.00,0.00,0.00,0.00,0.00,0.00,0.00,0.00,0.00,0.00,0.00,0.00,0.00,0.00,0.00,0.00,0.00,0.00,0.00,0.00,0.00,0.00,0.00,0.00,0.00,0.00,0.00,0.00,0.00,0.00,0.00,0.00,0.00,0.00,0.00,0.00,0.00,0.00,0.00,0.00,0.00,0.00,0.00,0.00,0.00,0.00,0.00,0.00,0.00,0.00,0.00,0.00,0.00,0.00,0.00,0.00,0.00,0.00,0.00,0.00,0.00,0.00,0.00,0.00,0.00,0.00,0.00,0.00,0.00,0.00,0.00,0.00,0.00,0.00,0.00,0.00,0.00,0.00,0.00,0.00,0.00,0.00,0.00,0.00,0.00,0.00,0.00,0.00,0.00,0.00,0.00,0.00,0.00,0.00,0.00,0.00,0.00,0.00,0.00,0.00,0.00,0.00,0.00,0.00,0.00,0.00,0.00,0.00,0.00,0.00,0.00,0.00,0.00,0.00,0.00,0.00,0.00,0.00,0.00,0.00,0.00,0.00,0.00,0.00,0.00,0.00,0.00,0.00,0.00,0.00,0.00,0.00,0.00,0.00,0.00,0.00,0.00,0.00,0.00,0.00,0.00,0.00,0.00,0.00,0.00,0.00,0.00,0.00,24.73,11.51,13.60,16.66,19.32,20.00,17.64,0.00,0.00,0.00,14.73,16.96,17.07,16.38,17.78,17.53,14.24,12.54,19.59,16.31,12.50,18.02,25.00,..,..,..,..,..,..,..,..,..,..
Banana Others,..REGION IX (ZAMBOANGA PENINSULA),0.00,0.00,0.00,0.00,0.00,0.00,0.00,0.00,0.00,0.00,0.00,0.00,0.00,0.00,0.00,0.00,0.00,0.00,0.00,0.00,0.00,0.00,0.00,0.00,0.00,0.00,0.00,0.00,0.00,0.00,0.00,0.00,0.00,0.00,0.00,0.00,0.00,0.00,0.00,0.00,0.00,0.00,0.00,0.00,0.00,0.00,0.00,0.00,0.00,0.00,0.00,0.00,0.00,0.00,0.00,0.00,0.00,0.00,0.00,0.00,0.00,0.00,0.00,0.00,0.00,0.00,0.00,0.00,0.00,0.00,0.00,0.00,0.00,0.00,0.00,0.00,0.00,0.00,0.00,0.00,0.00,0.00,0.00,0.00,0.00,0.00,0.00,0.00,0.00,0.00,0.00,0.00,0.00,0.00,0.00,0.00,0.00,0.00,0.00,0.00,0.00,0.00,0.00,0.00,0.00,0.00,0.00,0.00,0.00,0.00,0.00,0.00,0.00,0.00,0.00,0.00,0.00,0.00,0.00,0.00,0.00,0.00,0.00,0.00,0.00,0.00,0.00,0.00,0.00,0.00,0.00,0.00,0.00,0.00,0.00,0.00,0.00,0.00,0.00,0.00,0.00,0.00,0.00,0.00,0.00,0.00,0.00,0.00,0.00,0.00,0.00,0.00,0.00,0.00,0.00,0.00,0.00,0.00,0.00,0.00,0.00,0.00,0.00,0.00,0.00,0.00,0.00,0.00,0.00,0.00,0.00,0.00,0.00,0.00,0.00,0.00,0.00,0.00,0.00,0.00,0.00,0.00,10.33,11.33,11.67,12.00,11.50,11.50,11.00,11.00,11.25,12.50,11.00,12.00,11.42,15.00,14.00,14.00,14.84,15.63,14.50,15.20,14.76,11.46,16.20,14.73,15.22,14.63,16.29,15.87,16.65,..,..,..,..,..,..,..,..,..,..
Banana Others,..REGION X (NORTHERN MINDANAO),0.00,0.00,0.00,0.00,0.00,0.00,0.00,0.00,0.00,0.00,0.00,0.00,0.00,0.00,0.00,0.00,0.00,0.00,0.00,0.00,0.00,0.00,0.00,0.00,0.00,0.00,0.00,0.00,0.00,0.00,0.00,0.00,0.00,0.00,0.00,0.00,0.00,0.00,0.00,0.00,0.00,0.00,0.00,0.00,0.00,0.00,0.00,0.00,0.00,0.00,0.00,0.00,0.00,0.00,0.00,0.00,0.00,0.00,0.00,0.00,0.00,0.00,0.00,0.00,0.00,0.00,0.00,0.00,0.00,0.00,0.00,0.00,0.00,0.00,0.00,0.00,0.00,0.00,0.00,0.00,0.00,0.00,0.00,0.00,0.00,0.00,0.00,0.00,0.00,0.00,0.00,0.00,0.00,0.00,0.00,0.00,0.00,0.00,0.00,0.00,0.00,0.00,0.00,0.00,0.00,0.00,0.00,0.00,0.00,0.00,0.00,0.00,0.00,0.00,0.00,0.00,0.00,0.00,0.00,0.00,0.00,0.00,0.00,0.00,0.00,0.00,0.00,0.00,0.00,0.00,0.00,0.00,0.00,0.00,0.00,0.00,0.00,0.00,0.00,0.00,0.00,0.00,0.00,0.00,0.00,0.00,0.00,0.00,0.00,0.00,0.00,0.00,0.00,0.00,0.00,0.00,0.00,0.00,0.00,0.00,0.00,0.00,0.00,0.00,0.00,0.00,0.00,0.00,0.00,0.00,0.00,0.00,0.00,0.00,0.00,0.00,0.00,0.00,0.00,0.00,0.00,0.00,25.75,31.67,25.75,23.88,23.25,23.25,0.00,20.00,0.00,11.50,10.00,13.13,20.82,15.13,15.13,15.13,14.39,26.96,15.53,27.14,20.11,24.22,17.45,21.13,19.93,19.35,11.25,12.27,11.82,..,..,..,..,..,..,..,..,..,..
Banana Others,..REGION XI (DAVAO REGION),0.00,0.00,0.00,0.00,0.00,0.00,0.00,0.00,0.00,0.00,0.00,0.00,0.00,0.00,0.00,0.00,0.00,0.00,0.00,0.00,0.00,0.00,0.00,0.00,0.00,0.00,0.00,0.00,0.00,0.00,0.00,0.00,0.00,0.00,0.00,0.00,0.00,0.00,0.00,0.00,0.00,0.00,0.00,0.00,0.00,0.00,0.00,0.00,0.00,0.00,0.00,0.00,0.00,0.00,0.00,0.00,0.00,0.00,0.00,0.00,0.00,0.00,0.00,0.00,0.00,0.00,0.00,0.00,0.00,0.00,0.00,0.00,0.00,0.00,0.00,0.00,0.00,0.00,0.00,0.00,0.00,0.00,0.00,0.00,0.00,0.00,0.00,0.00,0.00,0.00,0.00,0.00,0.00,0.00,0.00,0.00,0.00,0.00,0.00,0.00,0.00,0.00,0.00,0.00,0.00,0.00,0.00,0.00,0.00,0.00,0.00,0.00,0.00,0.00,0.00,0.00,0.00,0.00,0.00,0.00,0.00,0.00,0.00,0.00,0.00,0.00,0.00,0.00,0.00,0.00,0.00,0.00,0.00,0.00,0.00,0.00,0.00,0.00,0.00,0.00,0.00,0.00,0.00,0.00,0.00,0.00,0.00,0.00,0.00,0.00,0.00,0.00,0.00,0.00,0.00,0.00,0.00,0.00,0.00,0.00,0.00,0.00,0.00,0.00,0.00,0.00,0.00,0.00,0.00,0.00,0.00,0.00,0.00,0.00,0.00,0.00,0.00,0.00,0.00,0.00,0.00,0.00,25.00,25.00,25.00,20.00,20.00,20.00,25.00,25.00,25.00,21.55,21.55,21.55,22.89,20.00,20.00,20.00,8.55,9.33,9.50,9.65,11.04,16.70,14.42,12.15,11.50,13.57,14.81,14.79,19.47,..,..,..,..,..,..,..,..,..,..
Banana Others,..REGION XII (SOCCSKSARGEN),0.00,0.00,0.00,0.00,0.00,0.00,0.00,0.00,0.00,0.00,0.00,0.00,0.00,0.00,0.00,0.00,0.00,0.00,0.00,0.00,0.00,0.00,0.00,0.00,0.00,0.00,0.00,0.00,0.00,0.00,0.00,0.00,0.00,0.00,0.00,0.00,0.00,0.00,0.00,0.00,0.00,0.00,0.00,0.00,0.00,0.00,0.00,0.00,0.00,0.00,0.00,0.00,0.00,0.00,0.00,0.00,0.00,0.00,0.00,0.00,0.00,0.00,0.00,0.00,0.00,0.00,0.00,0.00,0.00,0.00,0.00,0.00,0.00,0.00,0.00,0.00,0.00,0.00,0.00,0.00,0.00,0.00,0.00,0.00,0.00,0.00,0.00,0.00,0.00,0.00,0.00,0.00,0.00,0.00,0.00,0.00,0.00,0.00,0.00,0.00,0.00,0.00,0.00,0.00,0.00,0.00,0.00,0.00,0.00,0.00,0.00,0.00,0.00,0.00,0.00,0.00,0.00,0.00,0.00,0.00,0.00,0.00,0.00,0.00,0.00,0.00,0.00,0.00,0.00,0.00,0.00,0.00,0.00,0.00,0.00,0.00,0.00,0.00,0.00,0.00,0.00,0.00,0.00,0.00,0.00,0.00,0.00,0.00,0.00,0.00,0.00,0.00,0.00,0.00,0.00,0.00,0.00,0.00,0.00,0.00,0.00,0.00,0.00,0.00,0.00,0.00,0.00,0.00,0.00,0.00,0.00,0.00,0.00,0.00,0.00,0.00,0.00,0.00,0.00,0.00,0.00,0.00,0.00,0.00,0.00,0.00,0.00,0.00,0.00,0.00,0.00,0.00,0.00,0.00,0.00,0.00,0.00,0.00,0.00,0.00,0.00,0.00,8.00,9.34,5.58,0.00,6.50,7.36,0.00,0.00,0.00,..,..,..,..,..,..,..,..,..,..
Banana Others,..REGION XIII (CARAGA),0.00,0.00,0.00,0.00,0.00,0.00,0.00,0.00,0.00,0.00,0.00,0.00,0.00,0.00,0.00,0.00,0.00,0.00,0.00,0.00,0.00,0.00,0.00,0.00,0.00,0.00,0.00,0.00,0.00,0.00,0.00,0.00,0.00,0.00,0.00,0.00,0.00,0.00,0.00,0.00,0.00,0.00,0.00,0.00,0.00,0.00,0.00,0.00,0.00,0.00,0.00,0.00,0.00,0.00,0.00,0.00,0.00,0.00,0.00,0.00,0.00,0.00,0.00,0.00,0.00,0.00,0.00,0.00,0.00,0.00,0.00,0.00,0.00,0.00,0.00,0.00,0.00,0.00,0.00,0.00,0.00,0.00,0.00,0.00,0.00,0.00,0.00,0.00,0.00,0.00,0.00,0.00,0.00,0.00,0.00,0.00,0.00,0.00,0.00,0.00,0.00,0.00,0.00,0.00,0.00,0.00,0.00,0.00,0.00,0.00,0.00,0.00,0.00,0.00,0.00,0.00,0.00,0.00,0.00,0.00,0.00,0.00,0.00,0.00,0.00,0.00,0.00,0.00,0.00,0.00,0.00,0.00,0.00,0.00,0.00,0.00,0.00,0.00,0.00,0.00,0.00,0.00,0.00,0.00,0.00,0.00,0.00,0.00,0.00,0.00,0.00,0.00,0.00,0.00,0.00,0.00,0.00,0.00,0.00,0.00,0.00,0.00,0.00,0.00,0.00,0.00,0.00,0.00,0.00,0.00,0.00,0.00,0.00,0.00,0.00,0.00,0.00,0.00,0.00,0.00,0.00,0.00,10.00,10.00,10.00,10.00,10.00,10.00,14.00,17.18,13.67,10.00,0.00,10.00,11.35,0.00,0.00,0.00,19.40,17.22,10.00,11.77,11.54,24.98,21.17,12.02,15.17,15.92,29.84,24.91,24.45,..,..,..,..,..,..,..,..,..,..
Banana Others,..BANGSAMORO AUTONOMOUS REGION IN MUSLIM MINDANAO (BARMM) 1/,0.00,0.00,0.00,0.00,0.00,0.00,0.00,0.00,0.00,0.00,0.00,0.00,0.00,0.00,0.00,0.00,0.00,0.00,0.00,0.00,0.00,0.00,0.00,0.00,0.00,0.00,0.00,0.00,0.00,0.00,0.00,0.00,0.00,0.00,0.00,0.00,0.00,0.00,0.00,0.00,0.00,0.00,0.00,0.00,0.00,0.00,0.00,0.00,0.00,0.00,0.00,0.00,0.00,0.00,0.00,0.00,0.00,0.00,0.00,0.00,0.00,0.00,0.00,0.00,0.00,0.00,0.00,0.00,0.00,0.00,0.00,0.00,0.00,0.00,0.00,0.00,0.00,0.00,0.00,0.00,0.00,0.00,0.00,0.00,0.00,0.00,0.00,0.00,0.00,0.00,0.00,0.00,0.00,0.00,0.00,0.00,0.00,0.00,0.00,0.00,0.00,0.00,0.00,0.00,0.00,0.00,0.00,0.00,0.00,0.00,0.00,0.00,0.00,0.00,0.00,0.00,0.00,0.00,0.00,0.00,0.00,0.00,0.00,0.00,0.00,0.00,0.00,0.00,0.00,0.00,0.00,0.00,0.00,0.00,0.00,0.00,0.00,0.00,0.00,0.00,0.00,0.00,0.00,0.00,0.00,0.00,0.00,0.00,0.00,0.00,0.00,0.00,0.00,0.00,0.00,0.00,0.00,0.00,0.00,0.00,0.00,0.00,0.00,0.00,0.00,0.00,0.00,0.00,0.00,0.00,0.00,0.00,0.00,0.00,0.00,0.00,0.00,0.00,0.00,0.00,0.00,0.00,0.00,0.00,0.00,36.11,26.11,0.00,0.00,0.00,20.00,22.50,23.50,23.50,25.29,12.00,15.00,15.67,16.88,17.35,16.29,18.88,18.93,22.54,22.71,23.16,32.00,19.28,14.45,13.85,14.59,..,..,..,..,..,..,..,..,..,..
Calamansi,..REGION VII (CENTRAL VISAYAS),25.14,28.56,24.91,40.00,31.84,30.00,30.00,35.00,35.00,30.00,29.41,28.57,30.70,0.00,24.36,25.61,27.08,30.00,33.43,53.49,40.00,39.22,30.00,30.00,20.02,32.11,36.68,33.92,30.00,35.00,34.19,27.93,35.00,17.31,19.50,34.95,31.30,33.20,30.75,31.90,33.33,30.00,36.05,37.14,33.75,36.36,26.88,23.85,34.19,20.00,25.00,30.70,35.95,24.08,30.16,36.03,28.16,24.80,31.52,29.67,39.31,43.86,34.36,42.55,33.37,32.21,32.22,35.03,42.79,45.31,47.50,37.27,28.41,29.19,34.31,24.38,49.56,36.52,39.30,35.26,39.48,45.60,32.50,44.17,32.70,27.05,15.44,25.96,46.66,52.69,36.40,36.23,27.80,37.64,36.86,28.24,40.00,23.88,28.74,31.24,31.45,27.09,27.82,31.42,41.70,22.83,42.56,37.69,39.10,40.83,29.34,54.01,35.06,30.05,33.78,31.89,36.57,24.23,32.71,44.82,37.19,52.68,51.29,45.12,33.94,27.86,31.14,35.26,36.99,37.77,34.75,21.28,26.39,29.96,29.91,36.58,45.24,42.46,42.07,40.92,37.90,34.23,35.14,38.72,43.82,36.59,43.79,45.16,39.96,33.58,39.87,43.52,37.76,37.45,50.66,40.91,47.64,44.43,38.95,41.96,41.75,41.76,38.29,42.66,42.01,42.57,38.11,47.04,42.26,40.78,42.42,37.89,42.03,42.32,39.79,41.95,43.38,38.21,42.48,45.90,43.14,41.69,60.00,58.22,58.75,65.00,65.00,70.00,74.40,65.29,80.00,69.33,63.20,80.00,67.43,44.43,44.48,41.57,67.31,51.72,50.83,52.77,56.40,54.66,47.16,61.59,45.00,51.49,57.38,55.43,59.83,..,..,..,..,..,..,..,..,..,..
Calamansi,..REGION VIII (EASTERN VISAYAS),25.30,25.52,25.48,26.01,26.74,27.29,25.55,25.82,25.58,25.32,25.61,27.25,25.96,32.98,31.89,34.85,36.91,37.53,38.85,41.43,36.69,36.48,37.18,36.72,36.99,36.54,37.97,38.14,37.37,43.60,43.56,41.35,41.28,39.98,40.66,39.12,35.48,36.32,39.57,40.56,40.17,38.35,38.20,42.87,42.36,41.79,40.79,39.70,40.57,47.00,45.37,41.48,47.59,48.19,44.18,45.01,48.37,49.32,48.05,49.13,50.33,47.36,48.64,49.88,48.00,48.97,46.92,46.88,46.70,43.77,44.91,42.60,42.58,41.40,37.66,37.84,43.52,43.65,38.56,38.77,37.96,38.49,37.61,38.22,37.54,35.26,32.76,27.41,29.97,26.77,34.94,23.52,27.63,33.17,41.31,31.47,36.36,31.81,35.02,36.14,37.41,39.05,41.98,34.57,45.72,45.00,43.58,40.98,43.95,44.86,43.39,43.51,41.68,43.72,45.27,50.22,44.32,34.75,37.36,39.12,43.82,46.44,48.12,49.39,42.84,44.50,40.81,43.47,45.18,42.98,41.81,43.24,48.95,49.07,49.12,48.09,44.65,42.37,44.30,41.45,44.96,41.86,44.99,44.12,48.64,44.11,43.70,51.05,45.43,44.17,44.68,44.98,48.71,44.15,47.03,45.90,45.07,54.93,56.84,59.71,55.56,56.88,55.12,55.35,56.09,53.99,51.27,61.26,55.17,59.27,57.86,54.41,56.79,53.75,55.25,52.43,54.98,50.32,51.48,54.74,56.95,54.85,48.15,50.35,55.60,57.21,52.34,52.12,149.75,40.54,46.51,53.69,49.19,40.46,57.99,39.69,37.62,34.24,50.33,50.34,38.81,33.26,43.91,38.76,43.61,42.55,39.78,41.08,56.25,49.33,55.35,..,..,..,..,..,..,..,..,..,..
Calamansi,..REGION IX (ZAMBOANGA PENINSULA),12.06,12.20,13.34,10.99,12.85,12.32,11.53,11.43,13.26,13.02,12.99,14.39,12.53,13.22,15.63,12.95,14.15,16.28,12.68,13.11,15.23,12.04,19.58,13.96,16.47,14.61,22.39,20.16,10.48,14.49,20.37,20.16,18.59,15.59,16.75,12.31,17.08,17.27,17.14,19.18,17.17,17.67,16.82,16.89,17.18,16.98,13.99,16.04,15.75,13.18,17.32,16.51,19.21,17.97,17.23,16.28,17.63,16.19,15.84,12.06,12.05,15.72,15.36,14.55,15.84,13.19,12.05,14.23,14.41,15.89,16.49,16.24,16.19,12.33,13.19,14.47,15.31,14.50,17.21,17.20,17.78,17.07,15.99,16.71,18.42,16.72,15.55,17.36,20.05,17.06,17.26,13.21,13.75,14.08,14.68,15.56,14.70,13.13,14.14,13.39,19.01,14.96,15.37,14.67,16.07,15.02,22.16,21.92,25.30,21.78,20.85,18.69,15.40,29.28,21.41,24.37,21.02,16.86,16.45,28.01,26.11,46.13,23.09,19.02,18.12,21.05,22.57,20.68,19.51,23.13,19.49,20.95,22.51,28.23,27.66,23.27,28.75,25.97,21.04,27.31,26.96,26.20,24.86,24.68,27.26,22.87,23.03,23.35,19.93,21.56,24.65,23.44,26.59,25.97,25.59,24.08,27.46,31.55,30.10,28.47,27.45,26.72,27.30,29.90,29.84,26.85,30.55,32.98,29.10,34.01,31.94,31.16,34.39,34.29,31.15,30.82,30.44,29.67,30.87,31.39,31.59,31.81,30.96,30.85,29.74,18.76,20.16,18.62,31.00,18.14,30.00,31.09,32.63,31.50,26.95,39.85,38.06,42.62,29.34,28.02,27.96,27.50,30.88,30.02,25.30,25.97,28.00,31.13,30.84,26.26,26.62,..,..,..,..,..,..,..,..,..,..
Calamansi,..REGION X (NORTHERN MINDANAO),16.49,16.87,17.01,16.34,18.70,22.93,18.87,18.51,17.79,16.50,18.51,19.35,18.16,20.54,19.61,19.61,20.07,21.97,20.41,19.21,16.92,17.64,21.31,19.48,18.13,19.58,17.84,15.82,15.20,19.68,18.57,15.43,17.44,17.14,14.96,11.28,15.41,14.64,16.12,15.80,16.64,15.69,15.87,15.64,15.58,14.68,12.92,13.31,12.51,12.46,14.87,14.66,19.23,21.17,24.65,21.08,23.28,20.57,21.40,14.34,14.88,14.57,21.28,19.85,19.69,15.08,19.12,25.21,20.70,25.24,28.92,24.60,15.70,13.03,13.11,16.67,16.28,19.47,18.36,21.33,20.26,23.89,26.85,22.95,21.74,15.06,18.46,20.70,20.22,18.79,20.72,20.08,21.17,20.98,19.41,20.75,20.82,17.26,15.39,20.15,24.32,22.16,21.99,20.37,19.88,20.18,25.04,20.46,21.40,21.64,20.43,19.52,16.36,20.72,24.21,22.86,21.06,17.73,20.83,22.23,24.80,35.87,47.08,32.32,21.80,20.56,20.16,20.27,26.14,25.82,20.41,21.97,30.30,31.10,28.31,26.95,26.59,20.45,20.96,22.46,25.35,23.48,24.86,22.49,24.61,24.92,26.29,23.54,25.59,27.40,28.57,27.13,28.86,26.16,27.36,26.08,37.51,40.65,34.33,35.17,41.40,46.52,38.59,42.05,37.07,37.87,37.12,41.87,39.18,46.51,43.85,40.81,42.98,41.81,42.32,42.17,39.16,42.25,38.88,39.42,43.78,42.00,35.93,37.20,39.85,42.50,33.66,41.98,25.00,39.28,34.85,35.52,31.40,30.00,35.60,41.59,41.85,42.83,37.25,31.86,29.35,40.00,31.81,36.74,33.74,31.84,43.03,36.82,32.41,31.80,33.83,..,..,..,..,..,..,..,..,..,..
Calamansi,..REGION XI (DAVAO REGION),7.47,8.65,10.06,12.73,14.10,11.97,10.06,7.16,6.32,7.84,7.85,11.47,9.64,8.11,10.16,13.73,14.91,16.07,19.50,18.21,11.59,8.95,11.92,12.65,13.76,13.30,15.62,10.98,16.48,28.33,13.15,10.23,7.12,7.18,7.66,11.34,12.79,18.84,13.31,17.90,16.87,16.28,17.83,16.23,11.45,7.74,8.56,7.15,8.40,13.25,15.04,13.06,12.99,11.88,16.05,21.77,17.10,11.69,7.66,6.32,5.34,6.15,10.52,7.39,11.24,7.05,9.81,11.12,16.90,18.76,15.91,11.43,6.68,6.63,7.15,7.88,8.51,10.65,9.65,13.82,13.97,22.15,19.32,14.16,11.09,7.60,6.96,10.18,9.96,11.36,12.52,10.52,15.18,18.07,20.02,19.97,16.03,13.36,13.24,11.56,14.38,18.56,15.74,15.55,15.14,26.62,22.78,19.30,19.49,15.55,14.33,13.94,9.18,12.37,15.19,15.90,16.65,14.17,13.80,24.14,32.79,33.58,21.60,16.30,13.83,14.53,14.22,15.90,14.68,19.13,13.87,12.48,26.46,24.49,21.28,17.75,15.46,15.81,14.23,14.24,17.53,21.37,17.91,17.80,25.26,17.96,21.21,31.14,21.74,24.30,25.59,20.80,19.64,16.88,15.31,21.47,22.41,27.95,25.77,31.85,20.98,21.39,24.53,28.53,23.25,23.55,22.35,24.81,24.78,19.37,15.14,23.42,28.70,32.18,27.82,18.96,15.04,15.76,13.81,18.30,16.68,20.43,11.15,11.12,15.51,33.42,35.00,35.00,30.00,23.07,28.52,35.49,41.93,35.86,28.01,10.18,16.20,15.23,26.23,24.94,28.39,30.10,29.44,30.80,20.40,16.27,20.51,22.39,31.39,33.92,29.37,..,..,..,..,..,..,..,..,..,..
Calamansi,..REGION XII (SOCCSKSARGEN),12.21,13.80,14.34,13.15,15.03,14.99,12.84,10.23,9.90,11.07,11.62,12.42,12.63,11.19,10.26,15.67,11.90,12.86,19.48,21.26,16.29,11.95,13.12,13.05,13.44,14.21,12.23,9.65,9.84,19.75,11.10,10.23,10.21,8.69,9.07,12.05,11.49,14.64,11.58,15.22,16.34,17.14,15.03,13.22,10.14,10.00,7.84,7.89,9.95,16.70,15.31,12.90,14.99,12.30,14.66,14.68,14.27,12.53,8.53,7.93,7.29,8.19,11.62,12.41,11.62,10.81,10.65,10.87,12.49,12.90,13.40,10.10,9.52,7.62,9.67,8.60,9.03,10.47,9.89,11.09,12.59,17.50,19.87,15.32,13.60,10.71,9.04,10.09,10.73,10.65,12.59,10.93,10.00,12.19,15.12,17.25,17.42,13.44,12.40,11.62,15.51,15.94,12.42,13.69,12.52,18.97,22.06,23.62,18.85,17.14,12.98,10.73,9.70,13.87,16.21,17.54,16.18,9.05,12.21,15.41,16.69,23.58,12.97,8.61,9.96,10.01,12.29,13.95,14.95,13.31,11.87,8.12,14.31,19.42,18.39,15.88,12.86,8.38,7.60,10.26,14.73,12.96,12.90,12.99,18.28,11.01,14.07,15.35,10.41,11.14,13.83,15.12,14.59,13.94,10.87,13.47,19.68,20.19,25.09,21.99,16.68,14.17,15.87,23.57,21.44,21.58,19.99,24.25,20.38,16.72,15.40,20.11,25.79,24.65,23.22,16.15,13.80,11.56,13.82,18.12,16.35,17.97,22.63,24.93,25.35,26.22,24.38,28.53,19.61,31.15,32.55,32.16,27.11,24.17,26.56,21.13,27.58,25.35,14.03,25.06,28.00,17.03,16.67,17.58,29.39,20.58,35.00,23.12,18.75,24.44,23.58,..,..,..,..,..,..,..,..,..,..
Calamansi,..REGION XIII (CARAGA),12.89,16.32,17.30,15.07,24.32,14.66,13.97,12.47,11.58,11.07,12.71,14.81,14.76,13.09,16.14,24.05,22.74,24.59,25.73,25.30,22.16,21.73,19.34,22.61,22.54,21.67,24.60,20.69,20.52,28.59,20.63,21.73,16.59,18.75,17.02,15.99,16.93,20.14,20.18,20.00,20.03,21.93,20.22,20.88,16.03,17.52,13.98,17.68,11.14,18.43,23.14,18.42,17.87,14.19,17.98,22.02,20.39,18.73,18.51,12.86,12.51,14.29,15.97,14.71,16.67,13.08,17.96,15.58,16.30,24.02,22.66,16.71,17.07,16.63,16.70,17.73,18.73,17.76,18.56,17.32,18.24,23.93,24.91,24.05,19.29,12.12,11.34,13.49,14.52,14.03,17.65,18.38,20.89,21.11,20.61,21.07,13.95,12.59,13.02,17.14,22.08,23.40,14.27,18.21,18.08,25.68,21.90,25.91,24.28,19.27,18.46,17.34,19.42,24.66,25.43,25.18,22.13,19.62,28.51,27.07,35.38,38.61,25.60,19.89,20.12,22.22,22.56,21.90,34.91,26.37,19.47,20.08,20.96,28.16,24.90,27.47,22.10,21.40,18.69,15.41,22.05,30.89,22.63,21.67,37.45,30.66,34.71,34.27,28.30,35.13,30.83,32.87,32.64,33.00,28.67,31.68,36.46,41.26,43.12,45.00,44.22,48.54,43.75,44.41,46.43,38.73,36.85,39.38,42.35,31.37,30.32,33.25,38.92,42.81,39.80,33.70,31.10,30.70,29.93,34.20,28.81,33.74,33.65,40.65,39.24,41.76,42.53,32.94,7.61,12.11,18.30,40.12,13.33,10.61,27.74,37.64,22.29,32.37,97.50,42.97,68.90,16.53,18.90,20.92,29.18,32.94,24.30,37.04,22.67,32.60,45.22,..,..,..,..,..,..,..,..,..,..
Calamansi,..BANGSAMORO AUTONOMOUS REGION IN MUSLIM MINDANAO (BARMM) 1/,19.15,19.65,18.83,18.22,17.74,16.89,14.94,14.32,14.92,14.74,13.30,12.23,16.24,15.41,15.64,14.61,14.50,12.78,12.23,12.36,12.13,12.59,11.59,11.14,13.06,13.17,13.10,12.00,13.90,16.93,17.17,15.98,15.51,14.21,15.91,15.35,13.19,14.08,14.78,15.76,17.50,13.66,14.03,14.90,16.31,15.80,16.43,16.54,18.26,17.24,17.92,16.20,18.55,17.92,18.24,19.53,20.23,20.80,19.31,17.02,16.30,17.16,16.46,16.02,18.13,16.59,16.33,17.06,16.57,19.46,20.66,20.59,19.23,18.80,17.74,16.65,15.72,17.95,18.73,19.03,19.32,21.08,21.44,21.37,21.20,20.70,22.95,21.01,21.44,17.16,20.45,22.44,22.22,23.37,22.71,22.07,21.81,24.07,23.50,24.71,23.36,24.33,24.50,23.26,22.70,27.31,21.88,23.19,23.18,22.42,22.14,21.57,21.36,21.12,20.76,19.31,22.25,20.27,20.22,20.50,19.62,19.71,20.12,22.57,21.58,21.99,24.40,22.43,20.00,21.12,27.96,28.83,22.91,22.77,22.81,22.43,22.19,22.40,21.24,21.50,20.58,19.80,22.95,21.57,21.36,21.55,21.66,21.33,19.44,18.62,19.42,19.59,20.02,19.15,0.00,20.34,19.80,20.03,20.29,20.21,20.12,19.81,19.66,19.72,19.66,20.02,25.00,16.00,20.03,24.96,25.99,26.08,27.47,27.64,27.63,15.83,16.17,15.96,18.70,20.95,23.65,22.59,18.70,20.95,23.65,34.95,34.11,35.17,20.78,33.87,35.86,31.92,31.75,24.31,28.84,35.00,29.53,27.29,38.97,37.41,38.03,33.30,37.23,33.80,35.32,36.01,31.00,34.41,36.49,40.51,33.96,..,..,..,..,..,..,..,..,..,..
Mango Carabao,..REGION VII (CENTRAL VISAYAS),37.38,37.72,34.00,30.06,25.41,26.33,36.53,36.73,31.62,39.75,43.08,45.20,35.32,41.97,44.15,43.73,41.49,37.50,32.49,33.37,36.81,38.55,32.17,36.82,42.65,38.48,39.30,39.89,36.37,34.25,31.77,33.50,32.15,32.54,33.67,36.13,35.46,36.83,35.16,40.99,37.71,37.64,40.07,33.03,34.81,35.32,36.15,39.72,44.25,39.19,39.48,38.20,37.99,46.59,40.94,40.35,28.99,32.84,39.07,40.84,44.07,41.35,41.89,47.33,40.19,42.82,38.26,42.30,35.84,21.31,27.24,30.18,41.88,47.27,50.62,51.84,59.73,40.77,57.72,53.57,51.24,45.00,44.47,43.09,36.74,45.84,55.81,66.73,63.98,61.48,52.14,75.09,59.08,66.75,61.60,57.18,53.96,53.56,61.11,64.47,68.92,54.17,73.47,62.45,79.25,63.67,78.07,60.88,43.61,48.10,54.32,55.50,54.83,57.94,62.65,55.16,59.50,59.28,65.29,70.17,56.00,34.91,35.75,46.24,55.29,74.71,64.52,60.57,55.68,56.53,59.73,67.72,60.29,57.96,55.80,53.66,53.83,52.26,72.31,60.96,58.12,70.13,60.23,74.09,71.32,67.86,77.84,55.36,53.89,57.90,54.69,64.37,54.00,63.98,76.05,64.28,40.24,40.00,67.71,66.37,63.16,67.15,82.98,75.24,81.39,91.08,82.67,86.83,70.40,86.61,80.35,94.37,82.19,70.55,55.46,55.09,84.17,81.78,91.23,102.03,100.86,82.06,110.00,80.00,119.97,79.81,59.93,67.46,65.87,57.24,87.64,65.87,0.00,0.00,79.38,82.90,66.91,0.00,65.00,59.64,40.00,78.07,64.57,59.89,75.49,50.00,69.34,64.71,70.00,80.00,73.57,..,..,..,..,..,..,..,..,..,..
Mango Carabao,..REGION VIII (EASTERN VISAYAS),0.00,0.00,0.00,0.00,33.26,22.75,27.00,29.50,0.00,0.00,0.00,0.00,28.13,0.00,0.00,0.00,0.00,32.11,33.21,32.36,30.85,0.00,0.00,0.00,0.00,32.13,0.00,0.00,0.00,0.00,0.00,0.00,0.00,0.00,0.00,0.00,0.00,0.00,0.00,0.00,0.00,0.00,0.00,0.00,0.00,0.00,0.00,0.00,0.00,0.00,0.00,0.00,0.00,0.00,0.00,0.00,0.00,0.00,0.00,0.00,0.00,0.00,0.00,0.00,0.00,0.00,0.00,0.00,0.00,0.00,0.00,0.00,0.00,0.00,0.00,0.00,0.00,0.00,0.00,0.00,0.00,60.00,41.82,37.82,32.39,30.31,0.00,0.00,0.00,0.00,40.47,0.00,0.00,0.00,0.00,27.60,30.88,39.38,35.94,0.00,0.00,0.00,0.00,33.45,0.00,0.00,0.00,0.00,61.57,70.69,40.54,52.66,0.00,0.00,0.00,0.00,56.37,0.00,0.00,0.00,0.00,43.12,59.80,55.20,58.29,0.00,0.00,0.00,0.00,54.10,0.00,0.00,0.00,0.00,50.00,59.97,46.75,51.93,0.00,0.00,0.00,0.00,52.16,0.00,0.00,0.00,0.00,0.00,0.00,0.00,0.00,0.00,0.00,0.00,0.00,0.00,0.00,0.00,0.00,0.00,0.00,0.00,0.00,0.00,0.00,0.00,0.00,0.00,0.00,0.00,0.00,0.00,0.00,0.00,0.00,0.00,0.00,0.00,0.00,0.00,0.00,0.00,35.00,38.00,40.00,45.00,65.00,60.00,27.10,20.82,0.00,25.36,57.50,50.00,42.16,0.00,0.00,0.00,53.75,70.00,30.00,89.45,30.00,63.39,43.79,30.00,0.00,51.30,0.00,0.00,77.00,..,..,..,..,..,..,..,..,..,..
Mango Carabao,..REGION IX (ZAMBOANGA PENINSULA),30.89,31.77,28.64,25.04,21.38,17.46,24.31,27.07,29.14,32.35,33.86,36.06,28.16,35.86,34.93,33.00,34.10,29.83,27.41,24.61,26.47,26.68,29.30,28.86,28.03,29.92,24.47,26.90,30.33,28.64,27.31,28.53,25.67,25.68,26.29,27.51,27.20,27.50,27.17,26.89,25.87,27.75,25.69,24.46,24.42,28.09,29.16,29.14,28.57,29.46,29.44,27.41,29.10,29.72,29.11,24.27,14.69,13.86,20.31,26.31,30.42,33.02,32.89,32.32,26.34,34.01,32.13,31.76,28.91,19.66,19.85,18.26,27.88,32.03,39.38,33.76,36.15,29.48,38.82,38.68,42.70,33.03,25.13,22.70,26.64,28.68,35.65,38.14,42.60,44.06,34.74,44.54,56.65,52.00,50.53,38.96,42.31,45.57,47.34,49.97,47.46,51.78,59.70,48.90,63.30,60.43,62.41,51.81,33.02,30.25,33.09,41.32,40.80,45.71,50.91,46.57,46.64,46.26,45.68,49.54,45.84,26.93,17.93,28.71,33.10,48.36,53.21,52.38,55.47,41.95,49.47,44.86,44.20,38.53,31.83,29.09,33.45,32.77,42.79,48.75,45.40,54.25,41.28,53.47,51.61,58.50,56.12,40.80,43.57,47.88,55.01,57.71,51.31,52.91,57.61,52.21,56.98,53.28,48.77,40.10,43.68,52.07,50.95,52.60,58.10,57.97,61.01,63.18,53.22,62.26,57.07,60.66,56.30,51.87,44.19,43.48,50.50,54.00,49.97,51.83,52.22,52.86,58.73,39.61,42.37,33.82,42.36,37.20,65.19,50.00,52.50,59.00,65.00,60.00,50.48,62.50,59.00,15.00,20.00,47.76,51.03,62.30,45.00,89.20,38.33,45.99,58.33,49.54,58.17,58.63,56.67,..,..,..,..,..,..,..,..,..,..
Mango Carabao,..REGION X (NORTHERN MINDANAO),26.08,28.06,23.95,23.84,24.55,22.95,27.83,29.09,27.91,27.90,31.40,30.13,26.97,31.82,34.13,36.19,30.30,26.17,24.26,24.36,28.25,32.30,23.85,26.34,26.76,28.73,27.35,29.90,29.17,27.86,26.65,24.28,23.86,24.82,26.02,25.39,26.36,26.03,26.47,25.34,29.37,29.55,29.21,24.56,23.33,25.79,25.54,26.67,28.93,29.83,26.29,27.03,28.56,31.10,31.33,37.01,18.61,19.45,28.30,29.39,35.67,32.95,30.84,32.53,29.65,30.12,29.63,34.25,35.61,19.06,15.44,19.12,31.65,32.51,32.28,29.66,32.52,28.49,33.35,37.09,38.75,31.43,20.87,25.55,26.56,39.83,54.16,54.52,50.79,44.43,38.11,45.82,49.83,42.22,44.44,40.84,34.30,35.63,55.20,49.78,57.16,47.83,54.31,46.45,44.22,47.70,44.54,41.05,38.78,31.86,32.13,31.90,43.29,32.22,46.29,51.15,40.43,36.70,36.00,36.36,35.74,27.94,16.91,26.07,38.21,45.81,46.65,42.92,49.77,36.59,41.27,40.13,34.43,37.18,34.25,31.08,29.48,33.89,33.02,41.33,40.86,58.67,37.97,57.02,48.78,45.75,42.24,40.91,37.24,39.52,37.29,40.24,38.33,37.17,48.93,42.79,43.18,54.67,40.87,40.87,38.54,55.70,50.64,57.49,46.72,56.64,60.60,64.85,50.90,49.77,54.64,60.80,45.41,42.58,40.00,50.64,59.46,56.65,56.16,55.41,67.14,53.22,54.02,45.97,47.33,55.04,27.87,30.98,32.31,40.26,30.00,29.97,30.00,73.33,41.42,49.91,42.69,50.01,45.61,36.75,53.94,23.76,33.93,30.00,64.50,70.00,61.25,46.86,53.80,53.73,51.04,..,..,..,..,..,..,..,..,..,..
Mango Carabao,..REGION XI (DAVAO REGION),21.44,21.95,21.05,21.66,21.76,21.04,24.70,27.94,28.51,28.56,26.31,22.62,23.96,24.23,25.33,24.14,22.12,21.79,20.38,21.68,22.42,22.16,21.61,22.17,22.65,22.56,22.23,22.59,26.33,22.48,21.32,22.03,21.68,23.75,22.61,27.14,25.84,25.69,23.64,23.60,26.70,27.79,30.49,29.64,25.67,23.28,23.43,24.04,26.05,24.13,23.28,25.68,23.31,24.81,24.88,21.47,13.72,21.40,25.36,27.11,33.44,26.50,28.65,28.75,24.95,26.84,28.05,25.92,22.07,17.49,14.31,16.81,31.66,44.01,39.48,35.39,39.16,28.43,43.69,38.55,40.84,31.49,23.90,26.23,29.91,36.70,51.60,41.87,33.74,47.78,37.19,49.44,41.86,42.93,49.24,44.88,40.55,46.18,50.59,52.22,57.49,40.12,51.99,47.29,54.88,47.79,52.40,43.41,27.58,26.50,27.31,34.94,37.09,31.77,28.95,33.97,37.22,26.57,33.59,38.45,37.41,20.92,25.13,57.93,46.75,63.56,44.73,38.28,44.83,39.85,36.53,50.87,39.44,33.48,29.49,40.23,41.68,45.18,49.59,48.54,45.77,56.56,43.11,53.99,42.14,49.34,41.74,43.54,51.71,41.64,41.71,38.37,40.51,43.43,46.45,44.55,47.11,43.76,39.56,42.65,51.87,48.15,47.65,49.70,45.60,40.97,45.22,51.24,46.12,46.82,46.85,47.26,40.09,37.97,37.25,53.71,50.00,58.82,59.49,54.07,58.80,49.26,40.60,42.29,41.76,47.17,45.28,30.50,57.76,87.95,67.60,55.34,55.06,28.19,49.96,54.11,51.43,30.00,57.92,53.47,50.00,43.03,34.74,45.26,48.88,69.07,56.94,49.57,44.72,51.00,47.07,..,..,..,..,..,..,..,..,..,..
Mango Carabao,..REGION XII (SOCCSKSARGEN),22.78,19.99,17.86,20.56,20.16,20.59,23.75,39.63,39.15,35.90,32.13,31.57,27.01,30.35,31.28,26.20,23.70,22.44,22.57,21.38,23.34,30.46,27.24,24.48,27.44,25.91,22.47,21.53,24.70,23.61,22.72,23.65,22.17,26.52,25.64,26.58,27.21,24.59,24.28,25.05,27.13,28.13,28.73,24.59,24.57,24.45,24.86,26.35,28.69,27.75,27.20,26.46,29.27,31.72,30.84,27.49,8.48,24.18,27.48,33.84,34.79,31.59,31.11,30.30,28.42,29.77,28.61,31.28,29.67,19.34,18.85,20.85,32.74,32.63,31.98,35.35,41.48,29.38,42.76,42.23,38.43,33.36,24.12,28.85,21.02,0.00,0.00,39.09,43.64,50.76,36.43,49.09,38.93,51.85,43.51,39.40,40.63,45.56,48.34,54.13,43.27,41.72,43.91,45.03,46.49,47.28,52.61,44.00,28.17,20.07,25.46,28.81,34.18,30.05,27.95,22.80,33.99,23.10,30.10,26.34,23.82,23.08,21.62,38.46,38.54,95.00,67.88,31.72,40.27,38.33,39.67,42.90,39.84,32.09,33.09,35.15,33.22,36.86,38.18,37.39,37.20,51.06,38.05,42.81,45.11,40.24,40.46,39.12,35.88,42.43,36.88,43.24,39.59,39.28,45.42,40.87,44.71,46.41,36.07,38.92,44.40,48.88,45.08,41.35,45.75,43.72,41.65,47.34,43.69,46.26,49.45,51.16,48.89,39.10,39.28,42.27,41.16,58.12,39.61,48.60,51.98,46.32,50.01,44.15,52.80,23.17,32.48,42.30,57.25,30.00,60.74,59.30,68.73,0.00,47.36,56.43,70.00,52.95,52.12,36.34,47.00,80.00,53.43,45.00,64.99,48.92,70.00,56.43,64.76,55.78,42.74,..,..,..,..,..,..,..,..,..,..
Mango Carabao,..REGION XIII (CARAGA),23.87,22.71,23.89,23.87,23.77,21.82,23.15,26.20,29.39,30.00,28.51,29.48,25.56,29.32,28.02,28.00,28.51,25.76,22.93,24.42,32.70,28.10,28.42,28.14,30.16,27.87,32.00,31.00,31.25,28.90,30.00,25.51,29.00,28.41,27.89,30.03,27.11,29.55,29.22,28.05,29.81,29.40,30.22,30.00,27.98,29.13,26.62,31.93,30.68,31.80,30.03,29.64,32.26,0.00,35.00,36.61,35.00,28.64,39.49,36.58,37.61,42.20,40.98,37.77,36.56,44.65,41.04,41.95,39.20,27.88,17.49,20.63,19.98,15.86,28.72,35.70,25.91,29.92,0.00,0.00,33.50,31.78,27.94,32.34,34.18,31.74,41.95,45.22,37.94,43.08,35.97,80.00,0.00,42.88,42.95,36.90,33.54,38.88,34.07,40.00,44.72,30.80,51.43,43.29,37.98,35.84,35.00,37.25,46.28,26.74,40.40,40.72,41.27,35.03,26.07,44.15,37.23,40.29,32.63,44.00,40.00,25.37,23.18,49.46,53.38,46.25,53.98,40.50,39.53,40.71,32.26,32.52,43.22,39.29,45.00,42.56,49.00,40.96,38.06,41.96,46.36,42.65,41.15,59.64,34.25,50.27,48.38,35.07,33.74,30.94,46.60,41.16,33.09,25.51,46.84,40.46,44.63,44.05,54.87,56.08,44.05,56.92,50.00,49.06,44.19,52.67,54.84,62.50,51.16,47.73,47.67,47.29,43.89,43.35,52.00,34.83,59.83,58.63,47.38,44.74,55.59,48.58,63.00,60.00,58.00,40.00,39.88,39.88,50.00,50.00,60.00,60.00,58.50,70.00,54.10,17.50,80.00,0.00,40.00,40.00,40.00,38.42,50.00,53.40,50.11,45.00,70.00,47.68,50.39,50.39,59.88,..,..,..,..,..,..,..,..,..,..
Mango Carabao,..BANGSAMORO AUTONOMOUS REGION IN MUSLIM MINDANAO (BARMM) 1/,36.69,36.87,28.64,31.19,30.26,30.19,30.17,37.47,37.33,38.33,38.61,40.38,34.68,36.40,34.39,37.24,37.76,34.67,32.24,24.26,28.87,28.78,28.71,29.29,27.25,31.66,25.05,24.01,24.82,23.53,21.27,18.81,19.83,23.32,23.14,21.39,20.68,22.21,22.34,20.77,22.15,22.21,20.57,21.23,21.23,18.90,18.87,21.22,22.10,24.47,24.85,21.55,22.85,23.19,21.80,22.90,19.86,18.75,16.72,15.99,18.19,19.39,18.51,19.85,19.83,17.57,16.21,14.25,15.57,11.69,12.72,17.03,17.56,16.26,18.16,16.20,15.55,15.73,18.89,20.23,20.23,14.85,15.84,19.61,19.61,26.73,22.67,0.00,0.00,0.00,19.85,0.00,0.00,0.00,0.00,0.00,0.00,0.00,0.00,0.00,0.00,0.00,0.00,0.00,0.00,0.00,0.00,0.00,25.02,24.33,22.54,22.06,23.29,23.85,22.09,22.03,23.15,21.21,22.53,26.13,26.79,25.31,25.50,25.00,25.16,0.00,0.00,0.00,25.08,24.75,0.00,25.19,25.10,25.20,24.57,25.00,0.00,0.00,0.00,0.00,0.00,0.00,25.01,0.00,0.00,29.71,27.20,29.14,29.11,25.40,24.20,22.10,22.09,0.00,0.00,26.12,22.75,20.59,19.50,15.00,15.00,0.00,15.67,17.14,18.86,19.43,0.00,0.00,18.22,23.50,22.67,23.29,0.00,45.83,47.44,47.92,25.83,0.00,0.00,0.00,0.00,33.78,50.00,50.00,50.00,31.93,26.54,27.09,22.30,41.01,37.28,34.01,49.00,66.00,40.43,48.99,44.35,68.32,33.82,73.38,70.00,29.15,64.28,0.00,38.85,46.73,67.00,53.17,29.49,59.51,66.13,..,..,..,..,..,..,..,..,..,..
Mango Piko,..REGION VII (CENTRAL VISAYAS),0.00,0.00,0.00,0.00,0.00,0.00,0.00,0.00,0.00,0.00,0.00,0.00,0.00,0.00,0.00,0.00,0.00,0.00,0.00,0.00,0.00,0.00,0.00,0.00,0.00,0.00,0.00,0.00,0.00,0.00,0.00,0.00,0.00,0.00,0.00,0.00,0.00,0.00,0.00,0.00,0.00,0.00,0.00,0.00,0.00,0.00,0.00,0.00,0.00,0.00,0.00,0.00,0.00,0.00,0.00,0.00,0.00,0.00,0.00,0.00,0.00,0.00,0.00,0.00,0.00,0.00,0.00,0.00,0.00,0.00,0.00,0.00,0.00,0.00,0.00,0.00,0.00,0.00,0.00,0.00,0.00,0.00,0.00,0.00,0.00,0.00,0.00,0.00,0.00,0.00,0.00,0.00,0.00,0.00,0.00,0.00,0.00,0.00,0.00,0.00,0.00,0.00,0.00,0.00,0.00,0.00,0.00,0.00,0.00,0.00,0.00,0.00,0.00,0.00,0.00,0.00,0.00,0.00,0.00,0.00,0.00,0.00,0.00,0.00,0.00,0.00,0.00,0.00,0.00,0.00,0.00,0.00,0.00,0.00,0.00,0.00,0.00,0.00,0.00,0.00,0.00,0.00,0.00,0.00,0.00,0.00,0.00,0.00,0.00,0.00,0.00,0.00,0.00,0.00,0.00,0.00,0.00,0.00,0.00,0.00,0.00,0.00,0.00,0.00,0.00,0.00,0.00,0.00,0.00,0.00,0.00,0.00,0.00,0.00,0.00,0.00,0.00,0.00,0.00,0.00,0.00,0.00,0.00,0.00,0.00,30.00,30.00,30.00,0.00,0.00,0.00,0.00,0.00,0.00,30.00,0.00,0.00,0.00,0.00,0.00,0.00,0.00,0.00,0.00,40.00,0.00,0.00,40.00,50.00,33.94,50.00,..,..,..,..,..,..,..,..,..,..
Mango Piko,..REGION VIII (EASTERN VISAYAS),0.00,0.00,0.00,0.00,0.00,0.00,0.00,0.00,0.00,0.00,0.00,0.00,0.00,0.00,0.00,0.00,0.00,0.00,0.00,0.00,0.00,0.00,0.00,0.00,0.00,0.00,0.00,0.00,0.00,0.00,0.00,0.00,0.00,0.00,0.00,0.00,0.00,0.00,0.00,0.00,0.00,0.00,0.00,0.00,0.00,0.00,0.00,0.00,0.00,0.00,0.00,0.00,0.00,0.00,0.00,0.00,0.00,0.00,0.00,0.00,0.00,0.00,0.00,0.00,0.00,0.00,0.00,0.00,0.00,0.00,0.00,0.00,0.00,0.00,0.00,0.00,0.00,0.00,0.00,0.00,0.00,0.00,0.00,0.00,0.00,0.00,0.00,0.00,0.00,0.00,0.00,0.00,0.00,0.00,0.00,0.00,0.00,0.00,0.00,0.00,0.00,0.00,0.00,0.00,0.00,0.00,0.00,0.00,0.00,0.00,0.00,0.00,0.00,0.00,0.00,0.00,0.00,0.00,0.00,0.00,0.00,0.00,0.00,0.00,0.00,0.00,0.00,0.00,0.00,0.00,0.00,0.00,0.00,0.00,0.00,0.00,0.00,0.00,0.00,0.00,0.00,0.00,0.00,0.00,0.00,0.00,0.00,0.00,0.00,0.00,0.00,0.00,0.00,0.00,0.00,0.00,0.00,0.00,0.00,0.00,0.00,0.00,0.00,0.00,0.00,0.00,0.00,0.00,0.00,0.00,0.00,0.00,0.00,0.00,0.00,0.00,0.00,0.00,0.00,0.00,0.00,0.00,21.63,0.00,0.00,50.00,55.00,50.00,24.09,26.04,17.76,0.00,0.00,50.00,36.82,0.00,0.00,0.00,111.88,116.00,0.00,48.42,0.00,0.00,0.00,0.00,0.00,92.10,0.00,0.00,0.00,..,..,..,..,..,..,..,..,..,..
Mango Piko,..REGION IX (ZAMBOANGA PENINSULA),0.00,0.00,0.00,0.00,0.00,0.00,0.00,0.00,0.00,0.00,0.00,0.00,0.00,0.00,0.00,0.00,0.00,0.00,0.00,0.00,0.00,0.00,0.00,0.00,0.00,0.00,0.00,0.00,0.00,0.00,0.00,0.00,0.00,0.00,0.00,0.00,0.00,0.00,0.00,0.00,0.00,0.00,0.00,0.00,0.00,0.00,0.00,0.00,0.00,0.00,0.00,0.00,0.00,0.00,0.00,0.00,0.00,0.00,0.00,0.00,0.00,0.00,0.00,0.00,0.00,0.00,0.00,0.00,0.00,0.00,0.00,0.00,0.00,0.00,0.00,0.00,0.00,0.00,0.00,0.00,0.00,0.00,0.00,0.00,0.00,0.00,0.00,0.00,0.00,0.00,0.00,0.00,0.00,0.00,0.00,0.00,0.00,0.00,0.00,0.00,0.00,0.00,0.00,0.00,0.00,0.00,0.00,0.00,0.00,0.00,0.00,0.00,0.00,0.00,0.00,0.00,0.00,0.00,0.00,0.00,0.00,0.00,0.00,0.00,0.00,0.00,0.00,0.00,0.00,0.00,0.00,0.00,0.00,0.00,0.00,0.00,0.00,0.00,0.00,0.00,0.00,0.00,0.00,0.00,0.00,0.00,0.00,0.00,0.00,0.00,0.00,0.00,0.00,0.00,0.00,0.00,0.00,0.00,0.00,0.00,0.00,0.00,0.00,0.00,0.00,0.00,0.00,0.00,0.00,0.00,0.00,0.00,0.00,0.00,0.00,0.00,0.00,0.00,0.00,0.00,0.00,0.00,30.00,35.00,40.00,16.00,12.00,15.00,35.00,30.00,35.00,40.00,40.00,45.00,31.08,45.00,50.00,50.00,27.50,27.50,27.50,20.00,45.00,22.00,35.00,33.33,27.50,34.19,44.30,45.14,50.00,..,..,..,..,..,..,..,..,..,..
Mango Piko,..REGION X (NORTHERN MINDANAO),22.79,22.86,23.59,24.93,21.20,19.67,17.96,20.08,19.73,18.19,20.04,20.72,20.98,0.00,0.00,0.00,0.00,0.00,0.00,0.00,0.00,0.00,0.00,0.00,0.00,0.00,0.00,0.00,0.00,0.00,0.00,0.00,0.00,0.00,0.00,0.00,0.00,0.00,0.00,0.00,0.00,0.00,0.00,0.00,0.00,0.00,0.00,0.00,0.00,0.00,0.00,0.00,0.00,0.00,0.00,0.00,0.00,0.00,0.00,0.00,0.00,0.00,0.00,0.00,0.00,0.00,0.00,0.00,0.00,0.00,0.00,0.00,0.00,0.00,0.00,0.00,0.00,0.00,0.00,0.00,0.00,0.00,0.00,0.00,0.00,0.00,0.00,0.00,0.00,0.00,0.00,0.00,0.00,0.00,0.00,0.00,0.00,0.00,0.00,0.00,0.00,0.00,0.00,0.00,0.00,0.00,0.00,0.00,0.00,0.00,0.00,0.00,0.00,0.00,0.00,0.00,0.00,0.00,0.00,0.00,0.00,0.00,0.00,0.00,0.00,0.00,0.00,0.00,0.00,0.00,0.00,0.00,0.00,0.00,0.00,0.00,0.00,0.00,0.00,0.00,0.00,0.00,0.00,0.00,0.00,0.00,0.00,0.00,0.00,0.00,0.00,0.00,0.00,0.00,0.00,0.00,0.00,0.00,0.00,0.00,0.00,0.00,0.00,0.00,0.00,0.00,0.00,0.00,0.00,0.00,0.00,0.00,0.00,0.00,0.00,0.00,0.00,0.00,0.00,0.00,0.00,0.00,0.00,0.00,0.00,23.26,15.00,22.50,19.72,15.00,15.00,20.00,12.00,35.00,19.72,36.25,40.00,32.50,25.00,26.88,35.00,29.27,33.00,60.00,36.67,60.00,60.00,39.55,40.98,46.84,52.07,..,..,..,..,..,..,..,..,..,..
Mango Piko,..REGION XI (DAVAO REGION),0.00,0.00,0.00,0.00,0.00,0.00,0.00,0.00,0.00,0.00,0.00,0.00,0.00,0.00,0.00,0.00,0.00,0.00,0.00,0.00,0.00,0.00,0.00,0.00,0.00,0.00,0.00,0.00,0.00,0.00,0.00,0.00,0.00,0.00,0.00,0.00,0.00,0.00,0.00,0.00,0.00,0.00,0.00,0.00,0.00,0.00,0.00,0.00,0.00,0.00,0.00,0.00,0.00,0.00,0.00,0.00,0.00,0.00,0.00,0.00,0.00,0.00,0.00,0.00,0.00,0.00,0.00,0.00,0.00,0.00,0.00,0.00,0.00,0.00,0.00,0.00,0.00,0.00,0.00,0.00,0.00,0.00,0.00,0.00,0.00,0.00,0.00,0.00,0.00,0.00,0.00,0.00,0.00,0.00,0.00,0.00,0.00,0.00,0.00,0.00,0.00,0.00,0.00,0.00,0.00,0.00,0.00,0.00,0.00,0.00,0.00,0.00,0.00,0.00,0.00,0.00,0.00,0.00,0.00,0.00,0.00,0.00,0.00,0.00,0.00,0.00,0.00,0.00,0.00,0.00,0.00,0.00,0.00,0.00,0.00,0.00,0.00,0.00,0.00,0.00,0.00,0.00,0.00,0.00,0.00,0.00,0.00,0.00,0.00,0.00,0.00,0.00,0.00,0.00,0.00,0.00,0.00,0.00,0.00,0.00,0.00,0.00,0.00,0.00,0.00,0.00,0.00,0.00,0.00,0.00,0.00,0.00,0.00,0.00,0.00,0.00,0.00,0.00,0.00,0.00,0.00,0.00,12.00,17.50,15.00,20.00,20.00,20.00,25.00,25.00,25.00,25.00,25.00,25.00,21.21,23.00,23.00,23.00,20.00,20.00,20.00,20.00,20.00,20.00,24.71,25.13,24.56,21.95,27.56,27.56,25.35,..,..,..,..,..,..,..,..,..,..
Mango Piko,..REGION XII (SOCCSKSARGEN),9.31,9.90,7.71,11.56,13.77,14.14,16.89,23.03,23.33,18.22,16.11,20.80,15.40,15.89,17.57,16.97,14.67,14.65,16.25,15.33,15.81,21.79,13.59,13.43,13.73,15.81,15.50,14.04,20.67,14.43,16.62,15.10,16.71,17.72,16.58,17.29,17.39,17.89,16.66,0.00,0.00,20.14,22.81,14.63,15.05,16.98,0.00,0.00,0.00,0.00,14.79,17.40,14.48,0.00,0.00,0.00,4.98,14.10,14.82,0.00,0.00,0.00,0.00,22.47,14.17,16.92,0.00,0.00,0.00,9.25,9.15,9.19,0.00,0.00,0.00,0.00,23.71,13.64,0.00,0.00,24.16,14.72,8.13,11.21,15.27,0.00,0.00,0.00,0.00,40.00,18.92,26.38,0.00,0.00,0.00,19.03,18.58,26.52,0.00,0.00,0.00,0.00,35.70,25.24,0.00,0.00,39.06,17.72,18.51,17.73,17.26,0.00,0.00,0.00,0.00,0.00,22.06,0.00,0.00,0.00,0.00,15.95,12.86,0.00,0.00,0.00,0.00,0.00,0.00,14.41,0.00,0.00,0.00,0.00,19.12,21.34,21.87,0.00,0.00,0.00,0.00,0.00,20.78,0.00,0.00,0.00,0.00,0.00,0.00,0.00,0.00,0.00,0.00,0.00,0.00,0.00,0.00,0.00,0.00,0.00,0.00,0.00,0.00,0.00,0.00,0.00,0.00,0.00,0.00,0.00,0.00,0.00,0.00,0.00,0.00,0.00,0.00,0.00,0.00,0.00,0.00,0.00,0.00,24.41,0.00,30.00,30.00,74.30,80.00,25.00,30.00,0.00,0.00,0.00,41.96,65.00,0.00,0.00,30.00,20.00,30.00,35.00,30.00,30.00,0.00,0.00,0.00,34.29,50.00,40.00,23.32,..,..,..,..,..,..,..,..,..,..
Mango Piko,..REGION XIII (CARAGA),0.00,0.00,0.00,0.00,0.00,0.00,0.00,0.00,0.00,0.00,0.00,0.00,0.00,0.00,0.00,0.00,0.00,0.00,0.00,0.00,0.00,0.00,0.00,0.00,0.00,0.00,0.00,0.00,0.00,0.00,0.00,0.00,0.00,0.00,0.00,0.00,0.00,0.00,0.00,0.00,0.00,0.00,0.00,0.00,0.00,0.00,0.00,0.00,0.00,0.00,0.00,0.00,0.00,0.00,0.00,0.00,0.00,0.00,0.00,0.00,0.00,0.00,0.00,0.00,0.00,0.00,0.00,0.00,0.00,0.00,0.00,0.00,0.00,0.00,0.00,0.00,0.00,0.00,0.00,0.00,0.00,0.00,0.00,0.00,0.00,0.00,0.00,0.00,0.00,0.00,0.00,0.00,0.00,0.00,0.00,0.00,0.00,0.00,0.00,0.00,0.00,0.00,0.00,0.00,0.00,0.00,0.00,0.00,0.00,0.00,0.00,0.00,0.00,0.00,0.00,0.00,0.00,0.00,0.00,0.00,0.00,0.00,0.00,0.00,0.00,0.00,0.00,0.00,0.00,0.00,0.00,0.00,0.00,0.00,0.00,0.00,0.00,0.00,0.00,0.00,0.00,0.00,0.00,0.00,0.00,0.00,0.00,0.00,0.00,0.00,0.00,0.00,0.00,0.00,0.00,0.00,0.00,0.00,0.00,0.00,0.00,0.00,0.00,0.00,0.00,0.00,0.00,0.00,0.00,0.00,0.00,0.00,0.00,0.00,0.00,0.00,0.00,0.00,0.00,0.00,0.00,0.00,0.00,0.00,0.00,0.00,0.00,0.00,25.00,25.00,25.00,0.00,0.00,0.00,25.00,0.00,0.00,0.00,0.00,0.00,0.00,16.70,0.00,0.00,0.00,0.00,0.00,16.70,0.00,0.00,0.00,..,..,..,..,..,..,..,..,..,..
Mango Piko,..BANGSAMORO AUTONOMOUS REGION IN MUSLIM MINDANAO (BARMM) 1/,16.00,15.50,16.50,17.20,14.49,15.77,15.28,15.50,15.00,15.50,15.00,15.50,15.60,0.00,0.00,0.00,0.00,0.00,0.00,26.85,0.00,0.00,0.00,0.00,0.00,26.85,0.00,0.00,0.00,0.00,0.00,0.00,21.98,24.16,19.71,0.00,0.00,0.00,21.95,0.00,0.00,0.00,0.00,0.00,0.00,12.26,0.00,0.00,23.53,0.00,0.00,17.90,0.00,0.00,0.00,0.00,0.00,0.00,14.14,18.16,15.10,0.00,0.00,0.00,15.80,0.00,0.00,0.00,0.00,6.34,6.38,0.00,0.00,0.00,0.00,0.00,0.00,6.36,0.00,0.00,0.00,0.00,0.00,0.00,0.00,0.00,0.00,0.00,0.00,0.00,0.00,0.00,0.00,0.00,0.00,0.00,0.00,0.00,0.00,0.00,0.00,0.00,0.00,0.00,0.00,0.00,0.00,0.00,0.00,0.00,0.00,0.00,0.00,0.00,0.00,0.00,0.00,0.00,0.00,0.00,0.00,0.00,0.00,0.00,0.00,0.00,0.00,0.00,0.00,0.00,0.00,0.00,0.00,0.00,0.00,0.00,0.00,0.00,0.00,0.00,0.00,0.00,0.00,0.00,0.00,0.00,0.00,0.00,0.00,0.00,0.00,0.00,0.00,0.00,0.00,0.00,0.00,0.00,0.00,0.00,0.00,0.00,0.00,0.00,0.00,0.00,0.00,0.00,0.00,0.00,0.00,0.00,0.00,34.72,33.89,34.31,0.00,0.00,0.00,0.00,0.00,34.31,0.00,0.00,0.00,0.00,49.05,48.06,0.00,48.92,51.67,38.67,53.29,0.00,48.28,30.00,36.55,32.50,30.00,43.75,38.25,33.66,32.33,30.31,0.00,0.00,0.00,34.15,29.71,34.22,34.97,..,..,..,..,..,..,..,..,..,..
Mango Indian,..REGION VII (CENTRAL VISAYAS),0.00,0.00,0.00,0.00,0.00,0.00,0.00,0.00,0.00,0.00,0.00,0.00,0.00,0.00,0.00,0.00,0.00,0.00,0.00,0.00,0.00,0.00,0.00,0.00,0.00,0.00,0.00,0.00,0.00,0.00,0.00,0.00,0.00,0.00,0.00,0.00,0.00,0.00,0.00,0.00,0.00,0.00,0.00,0.00,0.00,0.00,0.00,0.00,0.00,0.00,0.00,0.00,0.00,0.00,0.00,0.00,0.00,0.00,0.00,0.00,0.00,0.00,0.00,0.00,0.00,0.00,0.00,0.00,0.00,0.00,0.00,0.00,0.00,0.00,0.00,0.00,0.00,0.00,0.00,0.00,0.00,0.00,0.00,0.00,0.00,0.00,0.00,0.00,0.00,0.00,0.00,0.00,0.00,0.00,0.00,0.00,0.00,0.00,0.00,0.00,0.00,0.00,0.00,0.00,0.00,0.00,0.00,0.00,0.00,0.00,0.00,0.00,0.00,0.00,0.00,0.00,0.00,0.00,0.00,0.00,0.00,0.00,0.00,0.00,0.00,0.00,0.00,0.00,0.00,0.00,0.00,0.00,0.00,0.00,0.00,0.00,0.00,0.00,0.00,0.00,0.00,0.00,0.00,0.00,0.00,0.00,0.00,0.00,0.00,0.00,0.00,0.00,0.00,0.00,0.00,0.00,0.00,0.00,0.00,0.00,0.00,0.00,0.00,0.00,0.00,0.00,0.00,0.00,0.00,0.00,0.00,0.00,0.00,0.00,0.00,0.00,0.00,0.00,0.00,0.00,0.00,0.00,26.85,25.00,25.00,25.14,35.70,23.56,20.00,18.93,24.02,20.00,0.00,0.00,24.42,0.00,22.50,0.00,20.38,26.41,23.14,28.60,25.09,0.00,28.33,25.00,25.00,24.94,35.00,28.14,35.00,..,..,..,..,..,..,..,..,..,..
Mango Indian,..REGION VIII (EASTERN VISAYAS),0.00,0.00,0.00,0.00,0.00,0.00,0.00,0.00,0.00,0.00,0.00,0.00,0.00,0.00,0.00,0.00,0.00,0.00,0.00,0.00,0.00,0.00,0.00,0.00,0.00,0.00,0.00,0.00,0.00,0.00,0.00,0.00,0.00,0.00,0.00,0.00,0.00,0.00,0.00,0.00,0.00,0.00,0.00,0.00,0.00,0.00,0.00,0.00,0.00,0.00,0.00,0.00,0.00,0.00,0.00,0.00,0.00,0.00,0.00,0.00,0.00,0.00,0.00,0.00,0.00,0.00,0.00,0.00,0.00,0.00,0.00,0.00,0.00,0.00,0.00,0.00,0.00,0.00,0.00,0.00,0.00,0.00,0.00,0.00,0.00,0.00,0.00,0.00,0.00,0.00,0.00,0.00,0.00,0.00,0.00,0.00,0.00,0.00,0.00,0.00,0.00,0.00,0.00,0.00,0.00,0.00,0.00,0.00,0.00,0.00,0.00,0.00,0.00,0.00,0.00,0.00,0.00,0.00,0.00,0.00,0.00,0.00,0.00,0.00,0.00,0.00,0.00,0.00,0.00,0.00,0.00,0.00,0.00,0.00,0.00,0.00,0.00,0.00,0.00,0.00,0.00,0.00,0.00,0.00,0.00,0.00,0.00,0.00,0.00,0.00,0.00,0.00,0.00,0.00,0.00,0.00,0.00,0.00,0.00,0.00,0.00,0.00,0.00,0.00,0.00,0.00,0.00,0.00,0.00,20.00,29.49,0.00,0.00,20.00,19.38,19.41,0.00,0.00,0.00,0.00,0.00,21.66,45.11,31.29,27.40,50.00,5.00,12.50,23.90,22.07,26.58,25.44,16.97,6.95,24.43,31.59,30.00,0.00,28.60,27.35,48.75,28.30,25.88,24.32,21.04,31.95,0.00,29.78,0.00,30.22,29.24,..,..,..,..,..,..,..,..,..,..
Mango Indian,..REGION IX (ZAMBOANGA PENINSULA),0.00,0.00,0.00,0.00,0.00,0.00,0.00,0.00,0.00,0.00,0.00,0.00,0.00,0.00,0.00,0.00,0.00,0.00,0.00,0.00,0.00,0.00,0.00,0.00,0.00,0.00,0.00,0.00,0.00,0.00,0.00,0.00,0.00,0.00,0.00,0.00,0.00,0.00,0.00,0.00,0.00,0.00,0.00,0.00,0.00,0.00,0.00,0.00,0.00,0.00,0.00,0.00,0.00,0.00,0.00,0.00,0.00,0.00,0.00,0.00,0.00,0.00,0.00,0.00,0.00,0.00,0.00,0.00,0.00,0.00,0.00,0.00,0.00,0.00,0.00,0.00,0.00,0.00,0.00,0.00,0.00,0.00,0.00,0.00,0.00,0.00,0.00,0.00,0.00,0.00,0.00,0.00,0.00,0.00,0.00,0.00,0.00,0.00,0.00,0.00,0.00,0.00,0.00,0.00,0.00,0.00,0.00,0.00,0.00,0.00,0.00,0.00,0.00,0.00,0.00,0.00,0.00,0.00,0.00,0.00,0.00,0.00,0.00,0.00,0.00,0.00,0.00,0.00,0.00,0.00,0.00,0.00,0.00,0.00,0.00,0.00,0.00,0.00,0.00,0.00,0.00,0.00,0.00,0.00,0.00,0.00,0.00,0.00,0.00,0.00,0.00,0.00,0.00,0.00,0.00,0.00,0.00,0.00,0.00,0.00,0.00,0.00,0.00,0.00,0.00,0.00,0.00,0.00,0.00,0.00,0.00,0.00,0.00,0.00,0.00,0.00,0.00,0.00,0.00,0.00,0.00,0.00,20.00,25.00,20.00,16.00,15.00,14.00,40.00,30.00,30.00,29.38,35.00,35.00,25.78,30.00,25.00,25.00,27.50,17.50,27.50,29.18,22.50,22.50,17.60,15.00,20.65,23.33,28.62,26.11,25.82,..,..,..,..,..,..,..,..,..,..
Mango Indian,..REGION X (NORTHERN MINDANAO),0.00,0.00,0.00,0.00,0.00,0.00,0.00,0.00,0.00,0.00,0.00,0.00,0.00,0.00,0.00,0.00,0.00,0.00,0.00,0.00,0.00,0.00,0.00,0.00,0.00,0.00,0.00,0.00,0.00,0.00,0.00,0.00,0.00,0.00,0.00,0.00,0.00,0.00,0.00,0.00,0.00,0.00,0.00,0.00,0.00,0.00,0.00,0.00,0.00,0.00,0.00,0.00,0.00,0.00,0.00,0.00,0.00,0.00,0.00,0.00,0.00,0.00,0.00,0.00,0.00,0.00,0.00,0.00,0.00,0.00,0.00,0.00,0.00,0.00,0.00,0.00,0.00,0.00,0.00,0.00,0.00,0.00,0.00,0.00,0.00,0.00,0.00,0.00,0.00,0.00,0.00,0.00,0.00,0.00,0.00,0.00,0.00,0.00,0.00,0.00,0.00,0.00,0.00,0.00,0.00,0.00,0.00,0.00,0.00,0.00,0.00,0.00,0.00,0.00,0.00,0.00,0.00,0.00,0.00,0.00,0.00,0.00,0.00,0.00,0.00,0.00,0.00,0.00,0.00,0.00,0.00,0.00,0.00,0.00,0.00,0.00,0.00,0.00,0.00,0.00,0.00,0.00,0.00,0.00,0.00,0.00,0.00,0.00,0.00,0.00,0.00,0.00,0.00,0.00,0.00,0.00,0.00,0.00,0.00,0.00,0.00,0.00,0.00,0.00,0.00,0.00,0.00,0.00,0.00,0.00,0.00,0.00,0.00,0.00,0.00,0.00,0.00,0.00,0.00,0.00,0.00,0.00,30.00,19.44,25.00,23.93,26.51,19.27,22.72,22.81,21.18,28.01,21.25,21.25,23.45,15.89,21.13,29.00,27.25,17.28,27.97,22.80,40.00,23.75,28.40,20.00,20.00,24.46,24.19,31.01,24.38,..,..,..,..,..,..,..,..,..,..
Mango Indian,..REGION XI (DAVAO REGION),0.00,0.00,0.00,0.00,0.00,0.00,0.00,0.00,0.00,0.00,0.00,0.00,0.00,0.00,0.00,0.00,0.00,0.00,0.00,0.00,0.00,0.00,0.00,0.00,0.00,0.00,0.00,0.00,0.00,0.00,0.00,0.00,0.00,0.00,0.00,0.00,0.00,0.00,0.00,0.00,0.00,0.00,0.00,0.00,0.00,0.00,0.00,0.00,0.00,0.00,0.00,0.00,0.00,0.00,0.00,0.00,0.00,0.00,0.00,0.00,0.00,0.00,0.00,0.00,0.00,0.00,0.00,0.00,0.00,0.00,0.00,0.00,0.00,0.00,0.00,0.00,0.00,0.00,0.00,0.00,0.00,0.00,0.00,0.00,0.00,0.00,0.00,0.00,0.00,0.00,0.00,0.00,0.00,0.00,0.00,0.00,0.00,0.00,0.00,0.00,0.00,0.00,0.00,0.00,0.00,0.00,0.00,0.00,0.00,0.00,0.00,0.00,0.00,0.00,0.00,0.00,0.00,0.00,0.00,0.00,0.00,0.00,0.00,0.00,0.00,0.00,0.00,0.00,0.00,0.00,0.00,0.00,0.00,0.00,0.00,0.00,0.00,0.00,0.00,0.00,0.00,0.00,0.00,0.00,0.00,0.00,0.00,0.00,0.00,0.00,0.00,0.00,0.00,0.00,0.00,0.00,0.00,0.00,0.00,0.00,0.00,0.00,0.00,0.00,0.00,0.00,0.00,0.00,0.00,0.00,0.00,0.00,0.00,0.00,0.00,0.00,0.00,0.00,0.00,0.00,0.00,0.00,0.00,0.00,0.00,0.00,0.00,0.00,0.00,20.00,0.00,10.00,10.00,10.00,12.50,10.00,10.00,10.00,20.00,10.00,10.00,10.00,10.00,10.00,10.00,25.00,10.00,12.08,0.00,0.00,0.00,..,..,..,..,..,..,..,..,..,..
Mango Indian,..REGION XII (SOCCSKSARGEN),0.00,0.00,0.00,0.00,0.00,0.00,0.00,0.00,0.00,0.00,0.00,0.00,0.00,0.00,0.00,0.00,0.00,0.00,0.00,0.00,0.00,0.00,0.00,0.00,0.00,0.00,0.00,0.00,0.00,0.00,0.00,0.00,0.00,0.00,0.00,0.00,0.00,0.00,0.00,0.00,0.00,0.00,0.00,0.00,0.00,0.00,0.00,0.00,0.00,0.00,0.00,0.00,0.00,0.00,0.00,0.00,0.00,0.00,0.00,0.00,0.00,0.00,0.00,0.00,0.00,0.00,0.00,0.00,0.00,0.00,0.00,0.00,0.00,0.00,0.00,0.00,0.00,0.00,0.00,0.00,0.00,0.00,0.00,0.00,0.00,0.00,0.00,0.00,0.00,0.00,0.00,0.00,0.00,0.00,0.00,0.00,0.00,0.00,0.00,0.00,0.00,0.00,0.00,0.00,0.00,0.00,0.00,0.00,0.00,0.00,0.00,0.00,0.00,0.00,0.00,0.00,0.00,0.00,0.00,0.00,0.00,0.00,0.00,0.00,0.00,0.00,0.00,0.00,0.00,0.00,0.00,0.00,0.00,0.00,0.00,0.00,0.00,0.00,0.00,0.00,0.00,0.00,0.00,0.00,0.00,0.00,0.00,0.00,0.00,0.00,0.00,0.00,0.00,0.00,0.00,0.00,0.00,0.00,0.00,0.00,0.00,0.00,0.00,0.00,0.00,0.00,0.00,0.00,0.00,0.00,0.00,0.00,0.00,0.00,0.00,0.00,0.00,0.00,0.00,0.00,0.00,0.00,0.00,0.00,0.00,70.00,47.81,62.08,0.00,0.00,0.00,0.00,0.00,0.00,59.96,0.00,0.00,0.00,40.00,45.00,45.00,0.00,0.00,0.00,0.00,0.00,0.00,43.33,0.00,0.00,20.00,..,..,..,..,..,..,..,..,..,..
Mango Indian,..REGION XIII (CARAGA),0.00,0.00,0.00,0.00,0.00,0.00,0.00,0.00,0.00,0.00,0.00,0.00,0.00,0.00,0.00,0.00,0.00,0.00,0.00,0.00,0.00,0.00,0.00,0.00,0.00,0.00,0.00,0.00,0.00,0.00,0.00,0.00,0.00,0.00,0.00,0.00,0.00,0.00,0.00,0.00,0.00,0.00,0.00,0.00,0.00,0.00,0.00,0.00,0.00,0.00,0.00,0.00,0.00,0.00,0.00,0.00,0.00,0.00,0.00,0.00,0.00,0.00,0.00,0.00,0.00,0.00,0.00,0.00,0.00,0.00,0.00,0.00,0.00,0.00,0.00,0.00,0.00,0.00,0.00,0.00,0.00,0.00,0.00,0.00,0.00,0.00,0.00,0.00,0.00,0.00,0.00,0.00,0.00,0.00,0.00,0.00,0.00,0.00,0.00,0.00,0.00,0.00,0.00,0.00,0.00,0.00,0.00,0.00,0.00,0.00,0.00,0.00,0.00,0.00,0.00,0.00,0.00,0.00,0.00,0.00,0.00,0.00,0.00,0.00,0.00,0.00,0.00,0.00,0.00,0.00,0.00,0.00,0.00,0.00,0.00,0.00,0.00,0.00,0.00,0.00,0.00,0.00,0.00,0.00,0.00,0.00,0.00,0.00,0.00,0.00,0.00,0.00,0.00,0.00,0.00,0.00,0.00,0.00,0.00,0.00,0.00,0.00,0.00,0.00,0.00,0.00,0.00,0.00,0.00,0.00,0.00,0.00,0.00,0.00,0.00,0.00,0.00,0.00,0.00,0.00,0.00,0.00,0.00,0.00,0.00,45.00,25.00,25.00,25.00,31.94,56.25,35.00,25.00,25.00,32.58,0.00,0.00,0.00,0.00,40.00,0.00,60.00,63.99,43.63,33.30,37.50,40.00,45.49,0.00,0.00,40.00,..,..,..,..,..,..,..,..,..,..
Mango Indian,..BANGSAMORO AUTONOMOUS REGION IN MUSLIM MINDANAO (BARMM) 1/,4.32,4.88,5.17,5.35,3.73,3.51,3.53,4.39,0.00,0.00,4.66,4.37,4.39,7.07,8.56,10.52,7.49,5.92,5.08,5.96,6.97,7.08,6.53,5.91,8.56,7.14,6.36,7.67,8.07,6.69,7.38,8.53,7.96,7.95,7.66,6.91,5.91,4.88,7.16,5.59,6.97,9.63,9.03,8.27,6.86,6.67,6.92,7.28,8.92,9.66,9.95,7.98,12.33,11.71,13.98,11.65,10.06,9.72,10.26,8.98,9.52,9.80,9.65,9.33,10.58,9.77,9.29,10.03,8.68,8.41,8.16,7.04,9.61,9.90,7.20,7.13,0.00,8.66,20.56,20.76,20.93,20.86,21.13,21.22,21.26,21.45,22.24,13.08,4.00,14.82,18.53,13.61,12.58,12.56,23.00,23.03,22.94,23.36,23.41,23.57,14.65,15.13,14.96,18.57,14.82,14.75,14.64,14.27,14.62,14.83,14.94,15.18,15.35,15.50,15.24,15.18,14.94,15.26,15.38,15.70,15.47,15.30,15.20,15.30,15.42,15.47,15.39,15.32,15.27,15.37,15.28,15.08,14.98,14.93,14.98,14.95,14.92,14.94,14.88,14.92,15.08,15.07,15.00,15.05,15.06,15.07,15.04,15.07,15.05,14.92,15.17,15.20,15.22,15.32,15.34,15.13,15.39,15.34,15.36,15.37,15.38,15.90,15.98,16.00,15.89,16.01,16.01,16.03,15.72,16.08,16.15,16.15,16.20,16.20,16.15,16.65,16.72,16.67,16.23,16.22,16.20,16.30,17.00,17.00,17.00,37.21,23.75,22.63,21.65,30.67,16.00,22.52,29.25,0.00,23.15,18.00,18.00,18.00,0.00,0.00,0.00,25.00,23.50,22.08,0.00,0.00,0.00,20.76,0.00,19.33,27.63,..,..,..,..,..,..,..,..,..,..
Mango Others,..REGION VII (CENTRAL VISAYAS),0.00,0.00,0.00,0.00,0.00,0.00,0.00,0.00,0.00,0.00,0.00,0.00,0.00,0.00,0.00,0.00,0.00,0.00,0.00,0.00,0.00,0.00,0.00,0.00,0.00,0.00,0.00,0.00,0.00,0.00,0.00,0.00,0.00,0.00,0.00,0.00,0.00,0.00,0.00,0.00,0.00,0.00,0.00,0.00,0.00,0.00,0.00,0.00,0.00,0.00,0.00,0.00,0.00,0.00,0.00,0.00,0.00,0.00,0.00,0.00,0.00,0.00,0.00,0.00,0.00,0.00,0.00,0.00,0.00,0.00,0.00,0.00,0.00,0.00,0.00,0.00,0.00,0.00,0.00,0.00,0.00,0.00,0.00,0.00,0.00,0.00,0.00,0.00,0.00,0.00,0.00,0.00,0.00,0.00,0.00,0.00,0.00,0.00,0.00,0.00,0.00,0.00,0.00,0.00,0.00,0.00,0.00,0.00,0.00,0.00,0.00,0.00,0.00,0.00,0.00,0.00,0.00,0.00,0.00,0.00,0.00,0.00,0.00,0.00,0.00,0.00,0.00,0.00,0.00,0.00,0.00,0.00,0.00,0.00,0.00,0.00,0.00,0.00,0.00,0.00,0.00,0.00,0.00,0.00,0.00,0.00,0.00,0.00,0.00,0.00,0.00,0.00,0.00,0.00,0.00,0.00,0.00,0.00,0.00,0.00,0.00,0.00,0.00,0.00,0.00,0.00,0.00,0.00,0.00,0.00,0.00,0.00,0.00,0.00,0.00,0.00,0.00,0.00,0.00,0.00,0.00,0.00,40.00,40.00,0.00,49.65,45.58,59.11,26.79,29.82,183.33,26.79,0.00,0.00,55.67,0.00,0.00,0.00,60.00,0.00,17.29,23.35,19.43,25.00,20.00,0.00,0.00,27.51,0.00,15.00,19.71,..,..,..,..,..,..,..,..,..,..
Mango Others,..REGION VIII (EASTERN VISAYAS),0.00,0.00,0.00,0.00,0.00,0.00,0.00,0.00,0.00,0.00,0.00,0.00,0.00,0.00,0.00,0.00,0.00,0.00,0.00,0.00,0.00,0.00,0.00,0.00,0.00,0.00,0.00,0.00,0.00,0.00,0.00,0.00,0.00,0.00,0.00,0.00,0.00,0.00,0.00,0.00,0.00,0.00,0.00,0.00,0.00,0.00,0.00,0.00,0.00,0.00,0.00,0.00,0.00,0.00,0.00,0.00,0.00,0.00,0.00,0.00,0.00,0.00,0.00,0.00,0.00,0.00,0.00,0.00,0.00,0.00,0.00,0.00,0.00,0.00,0.00,0.00,0.00,0.00,0.00,0.00,0.00,0.00,0.00,0.00,0.00,0.00,0.00,0.00,0.00,0.00,0.00,0.00,0.00,0.00,0.00,0.00,0.00,0.00,0.00,0.00,0.00,0.00,0.00,0.00,0.00,0.00,0.00,0.00,0.00,0.00,0.00,0.00,0.00,0.00,0.00,0.00,0.00,0.00,0.00,0.00,0.00,0.00,0.00,0.00,0.00,0.00,0.00,0.00,0.00,0.00,0.00,0.00,0.00,0.00,0.00,0.00,0.00,0.00,0.00,0.00,0.00,0.00,0.00,0.00,0.00,0.00,0.00,0.00,0.00,0.00,0.00,0.00,0.00,0.00,0.00,0.00,0.00,0.00,0.00,0.00,0.00,0.00,0.00,0.00,0.00,0.00,0.00,0.00,0.00,0.00,0.00,0.00,0.00,0.00,0.00,0.00,0.00,0.00,0.00,0.00,0.00,0.00,0.00,0.00,0.00,0.00,20.00,16.66,0.00,30.00,0.00,33.06,0.00,0.00,24.93,25.00,0.00,0.00,0.00,0.00,0.00,0.00,25.00,27.62,0.00,0.00,0.00,25.87,0.00,0.00,0.00,..,..,..,..,..,..,..,..,..,..
Mango Others,..REGION IX (ZAMBOANGA PENINSULA),0.00,0.00,0.00,0.00,0.00,0.00,0.00,0.00,0.00,0.00,0.00,0.00,0.00,0.00,0.00,0.00,0.00,0.00,0.00,0.00,0.00,0.00,0.00,0.00,0.00,0.00,0.00,0.00,0.00,0.00,0.00,0.00,0.00,0.00,0.00,0.00,0.00,0.00,0.00,0.00,0.00,0.00,0.00,0.00,0.00,0.00,0.00,0.00,0.00,0.00,0.00,0.00,0.00,0.00,0.00,0.00,0.00,0.00,0.00,0.00,0.00,0.00,0.00,0.00,0.00,0.00,0.00,0.00,0.00,0.00,0.00,0.00,0.00,0.00,0.00,0.00,0.00,0.00,0.00,0.00,0.00,0.00,0.00,0.00,0.00,0.00,0.00,0.00,0.00,0.00,0.00,0.00,0.00,0.00,0.00,0.00,0.00,0.00,0.00,0.00,0.00,0.00,0.00,0.00,0.00,0.00,0.00,0.00,0.00,0.00,0.00,0.00,0.00,0.00,0.00,0.00,0.00,0.00,0.00,0.00,0.00,0.00,0.00,0.00,0.00,0.00,0.00,0.00,0.00,0.00,0.00,0.00,0.00,0.00,0.00,0.00,0.00,0.00,0.00,0.00,0.00,0.00,0.00,0.00,0.00,0.00,0.00,0.00,0.00,0.00,0.00,0.00,0.00,0.00,0.00,0.00,0.00,0.00,0.00,0.00,0.00,0.00,0.00,0.00,0.00,0.00,0.00,0.00,0.00,0.00,0.00,0.00,0.00,0.00,0.00,0.00,0.00,0.00,0.00,0.00,0.00,0.00,22.50,18.22,23.33,17.12,26.11,18.03,23.31,10.00,35.00,26.50,27.00,31.33,23.21,30.00,14.00,10.00,20.55,34.84,19.77,23.33,26.67,26.67,27.50,27.50,27.50,24.03,25.50,25.50,23.77,..,..,..,..,..,..,..,..,..,..
Mango Others,..REGION X (NORTHERN MINDANAO),0.00,0.00,0.00,0.00,0.00,0.00,0.00,0.00,0.00,0.00,0.00,0.00,0.00,0.00,0.00,0.00,0.00,0.00,0.00,0.00,0.00,0.00,0.00,0.00,0.00,0.00,0.00,0.00,0.00,0.00,0.00,0.00,0.00,0.00,0.00,0.00,0.00,0.00,0.00,0.00,0.00,0.00,0.00,0.00,0.00,0.00,0.00,0.00,0.00,0.00,0.00,0.00,0.00,0.00,0.00,0.00,0.00,0.00,0.00,0.00,0.00,0.00,0.00,0.00,0.00,0.00,0.00,0.00,0.00,0.00,0.00,0.00,0.00,0.00,0.00,0.00,0.00,0.00,0.00,0.00,0.00,0.00,0.00,0.00,0.00,0.00,0.00,0.00,0.00,0.00,0.00,9.74,13.58,11.97,12.18,15.16,12.05,8.71,7.59,10.22,14.97,11.64,11.00,11.57,9.96,10.38,9.62,9.10,8.30,8.88,8.74,8.79,12.34,9.97,10.25,11.28,9.80,10.43,9.26,11.70,12.00,9.58,7.68,8.21,7.94,9.16,9.18,7.74,10.35,9.44,10.67,10.88,11.14,15.56,10.85,7.32,9.43,12.52,10.61,10.72,13.30,12.63,11.30,12.23,15.26,14.80,10.92,12.25,10.18,10.70,17.27,10.33,11.51,14.92,18.43,13.23,0.00,0.00,0.00,0.00,0.00,0.00,0.00,0.00,0.00,0.00,0.00,0.00,0.00,0.00,0.00,0.00,0.00,0.00,0.00,0.00,0.00,0.00,0.00,0.00,0.00,0.00,41.67,38.75,38.75,23.32,14.44,19.92,25.09,18.03,24.75,22.82,17.50,26.67,25.97,15.15,17.37,18.37,24.28,14.76,29.13,23.01,15.00,21.05,22.94,20.00,32.50,21.13,25.32,30.89,29.72,..,..,..,..,..,..,..,..,..,..
Mango Others,..REGION XI (DAVAO REGION),0.00,0.00,0.00,0.00,0.00,0.00,0.00,0.00,0.00,0.00,0.00,0.00,0.00,0.00,0.00,0.00,0.00,0.00,0.00,0.00,0.00,0.00,0.00,0.00,0.00,0.00,0.00,0.00,0.00,0.00,0.00,0.00,0.00,0.00,0.00,0.00,0.00,0.00,0.00,0.00,0.00,0.00,0.00,0.00,0.00,0.00,0.00,0.00,0.00,0.00,0.00,0.00,0.00,0.00,0.00,0.00,0.00,0.00,0.00,0.00,0.00,0.00,0.00,0.00,0.00,0.00,0.00,0.00,0.00,0.00,0.00,0.00,0.00,0.00,0.00,0.00,0.00,0.00,0.00,0.00,0.00,0.00,0.00,0.00,0.00,0.00,0.00,0.00,0.00,0.00,0.00,0.00,0.00,0.00,0.00,0.00,0.00,0.00,0.00,0.00,0.00,0.00,0.00,0.00,0.00,0.00,0.00,0.00,0.00,0.00,0.00,0.00,0.00,0.00,0.00,0.00,0.00,0.00,0.00,0.00,0.00,0.00,0.00,0.00,0.00,0.00,0.00,0.00,0.00,0.00,0.00,0.00,0.00,0.00,0.00,0.00,0.00,0.00,0.00,0.00,0.00,0.00,0.00,0.00,0.00,0.00,0.00,0.00,0.00,0.00,0.00,0.00,0.00,0.00,0.00,0.00,0.00,0.00,0.00,0.00,0.00,0.00,0.00,0.00,0.00,0.00,0.00,0.00,0.00,0.00,0.00,0.00,0.00,0.00,0.00,0.00,0.00,0.00,0.00,0.00,0.00,0.00,8.00,0.00,0.00,22.48,24.96,30.00,22.07,24.69,42.83,25.00,25.00,25.00,25.00,36.22,18.00,18.00,22.50,75.00,40.94,17.28,39.29,23.33,67.64,25.25,24.67,34.01,24.55,23.98,23.98,..,..,..,..,..,..,..,..,..,..
Mango Others,..REGION XII (SOCCSKSARGEN),0.00,0.00,0.00,0.00,0.00,0.00,0.00,0.00,0.00,0.00,0.00,0.00,0.00,0.00,0.00,0.00,0.00,0.00,0.00,0.00,0.00,0.00,0.00,0.00,0.00,0.00,0.00,0.00,0.00,0.00,0.00,0.00,0.00,0.00,0.00,0.00,0.00,0.00,0.00,0.00,0.00,0.00,0.00,0.00,0.00,0.00,0.00,0.00,0.00,0.00,0.00,0.00,0.00,0.00,0.00,0.00,0.00,0.00,0.00,0.00,0.00,0.00,0.00,0.00,0.00,0.00,0.00,0.00,0.00,0.00,0.00,0.00,0.00,0.00,0.00,0.00,0.00,0.00,0.00,0.00,0.00,0.00,0.00,0.00,0.00,0.00,0.00,0.00,0.00,0.00,0.00,0.00,0.00,0.00,0.00,0.00,0.00,0.00,0.00,0.00,0.00,0.00,0.00,0.00,0.00,0.00,0.00,0.00,0.00,0.00,0.00,0.00,0.00,0.00,0.00,0.00,0.00,0.00,0.00,0.00,0.00,0.00,0.00,0.00,0.00,0.00,0.00,0.00,0.00,0.00,0.00,0.00,0.00,0.00,0.00,0.00,0.00,0.00,0.00,0.00,0.00,0.00,0.00,0.00,0.00,0.00,0.00,0.00,0.00,0.00,0.00,0.00,0.00,0.00,0.00,0.00,0.00,0.00,0.00,0.00,0.00,0.00,0.00,0.00,0.00,0.00,0.00,0.00,0.00,0.00,0.00,0.00,0.00,0.00,0.00,0.00,0.00,0.00,0.00,0.00,0.00,0.00,0.00,0.00,0.00,38.46,31.26,24.36,26.96,30.00,80.00,0.00,0.00,0.00,38.51,35.00,39.36,25.00,86.27,13.10,55.00,19.87,30.00,80.00,57.51,12.10,0.00,41.20,33.15,48.41,42.85,..,..,..,..,..,..,..,..,..,..
Mango Others,..REGION XIII (CARAGA),0.00,0.00,0.00,0.00,0.00,0.00,0.00,0.00,0.00,0.00,0.00,0.00,0.00,0.00,0.00,0.00,0.00,0.00,0.00,0.00,0.00,0.00,0.00,0.00,0.00,0.00,0.00,0.00,0.00,0.00,0.00,0.00,0.00,0.00,0.00,0.00,0.00,0.00,0.00,0.00,0.00,0.00,0.00,0.00,0.00,0.00,0.00,0.00,0.00,0.00,0.00,0.00,0.00,0.00,0.00,0.00,0.00,0.00,0.00,0.00,0.00,0.00,0.00,0.00,0.00,0.00,0.00,0.00,0.00,0.00,0.00,0.00,0.00,0.00,0.00,0.00,0.00,0.00,0.00,0.00,0.00,0.00,0.00,0.00,0.00,0.00,0.00,0.00,0.00,0.00,0.00,9.62,9.50,9.73,9.41,11.58,11.85,9.33,8.60,9.63,9.55,8.71,5.00,9.38,9.64,8.77,17.36,15.00,8.00,8.05,8.34,16.83,13.48,10.05,9.38,8.55,11.12,9.83,14.83,9.44,10.00,9.79,11.08,20.62,15.40,16.04,16.83,11.28,11.20,13.03,8.31,11.50,12.73,8.83,10.00,25.26,11.24,15.47,20.00,19.11,12.94,16.54,14.33,14.22,12.40,12.13,10.19,13.39,13.84,18.48,16.94,18.76,16.58,14.73,15.86,14.79,9.07,10.00,10.00,9.47,0.00,0.00,9.49,18.01,0.00,0.00,0.00,8.68,10.67,0.00,0.00,0.00,0.00,0.00,14.73,12.10,0.00,0.00,0.00,0.00,0.00,13.42,26.99,0.00,0.00,20.00,15.00,21.03,10.00,17.01,30.00,17.12,23.16,24.22,20.45,19.95,24.29,0.00,27.50,28.50,27.50,20.00,20.13,24.99,17.18,26.97,21.67,23.52,26.77,33.88,34.31,..,..,..,..,..,..,..,..,..,..
Mango Others,..BANGSAMORO AUTONOMOUS REGION IN MUSLIM MINDANAO (BARMM) 1/,0.00,0.00,0.00,0.00,0.00,0.00,0.00,0.00,0.00,0.00,0.00,0.00,0.00,0.00,0.00,0.00,0.00,0.00,0.00,0.00,0.00,0.00,0.00,0.00,0.00,0.00,0.00,0.00,0.00,0.00,0.00,0.00,0.00,0.00,0.00,0.00,0.00,0.00,0.00,0.00,0.00,0.00,0.00,0.00,0.00,0.00,0.00,0.00,0.00,0.00,0.00,0.00,0.00,0.00,0.00,0.00,0.00,0.00,0.00,0.00,0.00,0.00,0.00,0.00,0.00,0.00,0.00,0.00,0.00,0.00,0.00,0.00,0.00,0.00,0.00,0.00,0.00,0.00,0.00,0.00,0.00,0.00,0.00,0.00,0.00,0.00,0.00,0.00,0.00,0.00,0.00,20.47,23.00,23.78,40.67,39.36,24.95,37.68,36.77,36.64,38.17,38.34,39.41,33.27,41.83,41.84,41.70,41.86,41.51,41.19,41.90,42.23,42.68,41.11,41.34,41.17,41.70,41.30,41.61,41.62,34.48,36.23,32.53,35.15,27.66,26.75,34.76,33.88,0.00,35.09,26.24,27.47,24.56,24.68,23.74,23.43,24.50,25.49,31.95,33.53,34.67,0.00,27.30,35.40,36.08,35.43,34.65,23.75,22.70,23.42,25.06,28.32,28.46,28.64,0.00,29.26,28.73,29.84,30.39,30.46,30.16,30.50,30.20,29.86,29.42,29.32,29.75,0.00,29.88,0.00,24.72,23.21,0.00,19.60,19.59,17.82,0.00,0.00,0.00,0.00,0.00,20.99,40.00,40.00,40.00,33.90,21.84,27.97,17.73,17.47,25.00,25.91,21.61,21.00,27.70,20.04,18.89,18.79,27.44,25.07,24.69,24.54,26.25,26.18,30.48,31.91,40.00,26.19,18.86,28.13,37.54,..,..,..,..,..,..,..,..,..,..
"Pineapple, Formosa",..REGION VII (CENTRAL VISAYAS),0.00,0.00,0.00,0.00,0.00,0.00,0.00,0.00,0.00,0.00,0.00,0.00,0.00,0.00,0.00,0.00,0.00,0.00,0.00,0.00,0.00,0.00,0.00,0.00,0.00,0.00,0.00,0.00,0.00,0.00,0.00,0.00,0.00,0.00,0.00,0.00,0.00,0.00,0.00,0.00,0.00,0.00,0.00,0.00,0.00,0.00,0.00,0.00,0.00,0.00,0.00,0.00,0.00,0.00,0.00,0.00,0.00,0.00,0.00,0.00,0.00,0.00,0.00,0.00,0.00,0.00,0.00,0.00,0.00,0.00,0.00,0.00,0.00,0.00,0.00,0.00,0.00,0.00,0.00,0.00,0.00,0.00,0.00,0.00,0.00,0.00,0.00,0.00,0.00,0.00,0.00,0.00,0.00,0.00,0.00,0.00,0.00,0.00,0.00,0.00,0.00,0.00,0.00,0.00,0.00,0.00,0.00,0.00,0.00,0.00,0.00,0.00,0.00,0.00,0.00,0.00,0.00,0.00,0.00,0.00,0.00,0.00,0.00,0.00,0.00,0.00,0.00,0.00,0.00,0.00,0.00,0.00,0.00,0.00,0.00,0.00,0.00,0.00,0.00,0.00,0.00,0.00,0.00,0.00,0.00,0.00,0.00,0.00,0.00,0.00,0.00,0.00,0.00,0.00,0.00,0.00,0.00,0.00,0.00,0.00,0.00,0.00,0.00,0.00,0.00,0.00,0.00,0.00,0.00,0.00,0.00,0.00,0.00,0.00,0.00,0.00,0.00,0.00,0.00,0.00,0.00,0.00,0.00,0.00,0.00,0.00,0.00,0.00,0.00,0.00,0.00,0.00,0.00,0.00,0.00,0.00,0.00,0.00,0.00,0.00,0.00,0.00,0.00,0.00,0.00,0.00,0.00,0.00,0.00,0.00,0.00,..,..,..,..,..,..,..,..,..,..
"Pineapple, Formosa",..REGION VIII (EASTERN VISAYAS),0.00,0.00,0.00,0.00,0.00,0.00,0.00,0.00,0.00,0.00,0.00,0.00,0.00,0.00,0.00,0.00,0.00,0.00,0.00,0.00,0.00,0.00,0.00,0.00,0.00,0.00,0.00,0.00,0.00,0.00,0.00,0.00,0.00,0.00,0.00,0.00,0.00,0.00,0.00,0.00,0.00,0.00,0.00,0.00,0.00,0.00,0.00,0.00,0.00,0.00,0.00,0.00,0.00,0.00,0.00,0.00,0.00,0.00,0.00,0.00,0.00,0.00,0.00,0.00,0.00,0.00,0.00,0.00,0.00,0.00,0.00,0.00,0.00,0.00,0.00,0.00,0.00,0.00,0.00,0.00,0.00,0.00,0.00,0.00,0.00,0.00,0.00,0.00,0.00,0.00,0.00,0.00,0.00,0.00,0.00,0.00,0.00,0.00,0.00,0.00,0.00,0.00,0.00,0.00,0.00,0.00,0.00,0.00,0.00,0.00,0.00,0.00,0.00,0.00,0.00,0.00,0.00,0.00,0.00,0.00,0.00,0.00,0.00,0.00,0.00,0.00,0.00,0.00,0.00,0.00,0.00,0.00,0.00,0.00,0.00,0.00,0.00,0.00,0.00,0.00,0.00,0.00,0.00,0.00,0.00,0.00,0.00,0.00,0.00,0.00,0.00,0.00,0.00,0.00,0.00,0.00,0.00,0.00,0.00,0.00,0.00,0.00,0.00,0.00,0.00,0.00,0.00,0.00,0.00,0.00,0.00,0.00,0.00,0.00,0.00,0.00,0.00,0.00,0.00,0.00,0.00,0.00,24.60,25.30,26.80,36.35,36.92,36.89,33.00,33.00,33.00,22.58,22.52,22.55,29.46,25.00,32.00,44.00,0.00,0.00,19.43,0.00,0.00,0.00,25.00,25.00,25.00,27.92,26.64,26.65,26.65,..,..,..,..,..,..,..,..,..,..
"Pineapple, Formosa",..REGION IX (ZAMBOANGA PENINSULA),0.00,0.00,0.00,0.00,0.00,0.00,0.00,0.00,0.00,0.00,0.00,0.00,0.00,0.00,0.00,0.00,0.00,0.00,0.00,0.00,0.00,0.00,0.00,0.00,0.00,0.00,0.00,0.00,0.00,0.00,0.00,0.00,0.00,0.00,0.00,0.00,0.00,0.00,0.00,0.00,0.00,0.00,0.00,0.00,0.00,0.00,0.00,0.00,0.00,0.00,0.00,0.00,0.00,0.00,0.00,0.00,0.00,0.00,0.00,0.00,0.00,0.00,0.00,0.00,0.00,0.00,0.00,0.00,0.00,0.00,0.00,0.00,0.00,0.00,0.00,0.00,0.00,0.00,0.00,0.00,0.00,0.00,0.00,0.00,0.00,0.00,0.00,0.00,0.00,0.00,0.00,0.00,0.00,0.00,0.00,0.00,0.00,0.00,0.00,0.00,0.00,0.00,0.00,0.00,0.00,0.00,0.00,0.00,0.00,0.00,0.00,0.00,0.00,0.00,0.00,0.00,0.00,0.00,0.00,0.00,0.00,0.00,0.00,0.00,0.00,0.00,0.00,0.00,0.00,0.00,0.00,0.00,0.00,0.00,0.00,0.00,0.00,0.00,0.00,0.00,0.00,0.00,0.00,0.00,0.00,0.00,0.00,0.00,0.00,0.00,0.00,0.00,0.00,0.00,0.00,0.00,0.00,0.00,0.00,0.00,0.00,0.00,0.00,0.00,0.00,0.00,0.00,0.00,0.00,0.00,0.00,0.00,0.00,0.00,0.00,0.00,0.00,0.00,0.00,0.00,0.00,0.00,0.00,0.00,0.00,0.00,0.00,0.00,20.00,20.00,25.00,0.00,0.00,0.00,21.67,0.00,0.00,0.00,0.00,0.00,0.00,0.00,0.00,0.00,0.00,0.00,0.00,0.00,0.00,0.00,0.00,..,..,..,..,..,..,..,..,..,..
"Pineapple, Formosa",..REGION X (NORTHERN MINDANAO),0.00,0.00,0.00,0.00,0.00,0.00,0.00,0.00,0.00,0.00,0.00,0.00,0.00,0.00,0.00,0.00,0.00,0.00,0.00,0.00,0.00,0.00,0.00,0.00,0.00,0.00,0.00,0.00,0.00,0.00,0.00,0.00,0.00,0.00,0.00,0.00,0.00,0.00,0.00,0.00,0.00,0.00,0.00,0.00,0.00,0.00,0.00,0.00,0.00,0.00,0.00,0.00,0.00,0.00,0.00,0.00,0.00,0.00,0.00,0.00,0.00,0.00,0.00,0.00,0.00,0.00,0.00,0.00,0.00,0.00,0.00,0.00,0.00,0.00,0.00,0.00,0.00,0.00,0.00,0.00,0.00,0.00,0.00,0.00,0.00,0.00,0.00,0.00,0.00,0.00,0.00,0.00,0.00,0.00,0.00,0.00,0.00,0.00,0.00,0.00,0.00,0.00,0.00,0.00,0.00,0.00,0.00,0.00,0.00,0.00,0.00,0.00,0.00,0.00,0.00,0.00,0.00,0.00,0.00,0.00,0.00,0.00,0.00,0.00,0.00,0.00,0.00,0.00,0.00,0.00,0.00,0.00,0.00,0.00,0.00,0.00,0.00,0.00,0.00,0.00,0.00,0.00,0.00,0.00,0.00,0.00,0.00,0.00,0.00,0.00,0.00,0.00,0.00,0.00,0.00,0.00,0.00,0.00,0.00,0.00,0.00,0.00,0.00,0.00,0.00,0.00,0.00,0.00,0.00,0.00,0.00,0.00,0.00,0.00,0.00,0.00,0.00,0.00,0.00,0.00,0.00,0.00,0.00,0.00,0.00,0.00,0.00,0.00,0.00,0.00,0.00,0.00,0.00,0.00,0.00,0.00,0.00,0.00,0.00,0.00,0.00,0.00,0.00,0.00,0.00,0.00,0.00,0.00,0.00,0.00,0.00,..,..,..,..,..,..,..,..,..,..
"Pineapple, Formosa",..REGION XI (DAVAO REGION),0.00,0.00,0.00,0.00,0.00,0.00,0.00,0.00,0.00,0.00,0.00,0.00,0.00,0.00,0.00,0.00,0.00,0.00,0.00,0.00,0.00,0.00,0.00,0.00,0.00,0.00,0.00,0.00,0.00,0.00,0.00,0.00,0.00,0.00,0.00,0.00,0.00,0.00,0.00,0.00,0.00,0.00,0.00,0.00,0.00,0.00,0.00,0.00,0.00,0.00,0.00,0.00,0.00,0.00,0.00,0.00,0.00,0.00,0.00,0.00,0.00,0.00,0.00,0.00,0.00,0.00,0.00,0.00,0.00,0.00,0.00,0.00,0.00,0.00,0.00,0.00,0.00,0.00,0.00,0.00,0.00,0.00,0.00,0.00,0.00,0.00,0.00,0.00,0.00,0.00,0.00,0.00,0.00,0.00,0.00,0.00,0.00,0.00,0.00,0.00,0.00,0.00,0.00,0.00,0.00,0.00,0.00,0.00,0.00,0.00,0.00,0.00,0.00,0.00,0.00,0.00,0.00,0.00,0.00,0.00,0.00,0.00,0.00,0.00,0.00,0.00,0.00,0.00,0.00,0.00,0.00,0.00,0.00,0.00,0.00,0.00,0.00,0.00,0.00,0.00,0.00,0.00,0.00,0.00,0.00,0.00,0.00,0.00,0.00,0.00,0.00,0.00,0.00,0.00,0.00,0.00,0.00,0.00,0.00,0.00,0.00,0.00,0.00,0.00,0.00,0.00,0.00,0.00,0.00,0.00,0.00,0.00,0.00,0.00,0.00,0.00,0.00,0.00,0.00,0.00,0.00,0.00,0.00,0.00,0.00,0.00,0.00,0.00,0.00,0.00,0.00,0.00,0.00,0.00,0.00,0.00,0.00,0.00,0.00,0.00,0.00,0.00,0.00,0.00,0.00,0.00,0.00,0.00,0.00,0.00,0.00,..,..,..,..,..,..,..,..,..,..
"Pineapple, Formosa",..REGION XII (SOCCSKSARGEN),0.00,0.00,0.00,0.00,0.00,0.00,0.00,0.00,0.00,0.00,0.00,0.00,0.00,0.00,0.00,0.00,0.00,0.00,0.00,0.00,0.00,0.00,0.00,0.00,0.00,0.00,0.00,0.00,0.00,0.00,0.00,0.00,0.00,0.00,0.00,0.00,0.00,0.00,0.00,0.00,0.00,0.00,0.00,0.00,0.00,0.00,0.00,0.00,0.00,0.00,0.00,0.00,0.00,0.00,0.00,0.00,0.00,0.00,0.00,0.00,0.00,0.00,0.00,0.00,0.00,0.00,0.00,0.00,0.00,0.00,0.00,0.00,0.00,0.00,0.00,0.00,0.00,0.00,0.00,0.00,0.00,0.00,0.00,0.00,0.00,0.00,0.00,0.00,0.00,0.00,0.00,0.00,0.00,0.00,0.00,0.00,0.00,0.00,0.00,0.00,0.00,0.00,0.00,0.00,0.00,0.00,0.00,0.00,0.00,0.00,0.00,0.00,0.00,0.00,0.00,0.00,0.00,0.00,0.00,0.00,0.00,0.00,0.00,0.00,0.00,0.00,0.00,0.00,0.00,0.00,0.00,0.00,0.00,0.00,0.00,0.00,0.00,0.00,0.00,0.00,0.00,0.00,0.00,0.00,0.00,0.00,0.00,0.00,0.00,0.00,0.00,0.00,0.00,0.00,0.00,0.00,0.00,0.00,0.00,0.00,0.00,0.00,0.00,0.00,0.00,0.00,0.00,0.00,0.00,0.00,0.00,0.00,0.00,0.00,0.00,0.00,0.00,0.00,0.00,0.00,0.00,0.00,0.00,0.00,0.00,0.00,0.00,0.00,0.00,0.00,0.00,0.00,0.00,0.00,0.00,0.00,0.00,0.00,0.00,0.00,0.00,0.00,0.00,20.00,0.00,0.00,0.00,20.00,7.10,7.10,7.10,..,..,..,..,..,..,..,..,..,..
"Pineapple, Formosa",..REGION XIII (CARAGA),0.00,0.00,0.00,0.00,0.00,0.00,0.00,0.00,0.00,0.00,0.00,0.00,0.00,0.00,0.00,0.00,0.00,0.00,0.00,0.00,0.00,0.00,0.00,0.00,0.00,0.00,0.00,0.00,0.00,0.00,0.00,0.00,0.00,0.00,0.00,0.00,0.00,0.00,0.00,0.00,0.00,0.00,0.00,0.00,0.00,0.00,0.00,0.00,0.00,0.00,0.00,0.00,0.00,0.00,0.00,0.00,0.00,0.00,0.00,0.00,0.00,0.00,0.00,0.00,0.00,0.00,0.00,0.00,0.00,0.00,0.00,0.00,0.00,0.00,0.00,0.00,0.00,0.00,0.00,0.00,0.00,0.00,0.00,0.00,0.00,0.00,0.00,0.00,0.00,0.00,0.00,0.00,0.00,0.00,0.00,0.00,0.00,0.00,0.00,0.00,0.00,0.00,0.00,0.00,0.00,0.00,0.00,0.00,0.00,0.00,0.00,0.00,0.00,0.00,0.00,0.00,0.00,0.00,0.00,0.00,0.00,0.00,0.00,0.00,0.00,0.00,0.00,0.00,0.00,0.00,0.00,0.00,0.00,0.00,0.00,0.00,0.00,0.00,0.00,0.00,0.00,0.00,0.00,0.00,0.00,0.00,0.00,0.00,0.00,0.00,0.00,0.00,0.00,0.00,0.00,0.00,0.00,0.00,0.00,0.00,0.00,0.00,0.00,0.00,0.00,0.00,0.00,0.00,0.00,0.00,0.00,0.00,0.00,0.00,0.00,0.00,0.00,0.00,0.00,0.00,0.00,0.00,0.00,0.00,0.00,0.00,0.00,0.00,0.00,0.00,0.00,0.00,0.00,0.00,0.00,0.00,0.00,0.00,0.00,0.00,0.00,0.00,0.00,0.00,0.00,0.00,0.00,0.00,0.00,0.00,0.00,..,..,..,..,..,..,..,..,..,..
"Pineapple, Formosa",..BANGSAMORO AUTONOMOUS REGION IN MUSLIM MINDANAO (BARMM) 1/,0.00,0.00,0.00,0.00,0.00,0.00,0.00,0.00,0.00,0.00,0.00,0.00,0.00,0.00,0.00,0.00,0.00,0.00,0.00,0.00,0.00,0.00,0.00,0.00,0.00,0.00,0.00,0.00,0.00,0.00,0.00,0.00,0.00,0.00,0.00,0.00,0.00,0.00,0.00,0.00,0.00,0.00,0.00,0.00,0.00,0.00,0.00,0.00,0.00,0.00,0.00,0.00,0.00,0.00,0.00,0.00,0.00,0.00,0.00,0.00,0.00,0.00,0.00,0.00,0.00,0.00,0.00,0.00,0.00,0.00,0.00,0.00,0.00,0.00,0.00,0.00,0.00,0.00,0.00,0.00,0.00,0.00,0.00,0.00,0.00,0.00,0.00,0.00,0.00,0.00,0.00,0.00,0.00,0.00,0.00,0.00,0.00,0.00,0.00,0.00,0.00,0.00,0.00,0.00,0.00,0.00,0.00,0.00,0.00,0.00,0.00,0.00,0.00,0.00,0.00,0.00,0.00,0.00,0.00,0.00,0.00,0.00,0.00,0.00,0.00,0.00,0.00,0.00,0.00,0.00,0.00,0.00,0.00,0.00,0.00,0.00,0.00,0.00,0.00,0.00,0.00,0.00,0.00,0.00,0.00,0.00,0.00,0.00,0.00,0.00,0.00,0.00,0.00,0.00,0.00,0.00,0.00,0.00,0.00,0.00,0.00,0.00,0.00,0.00,0.00,0.00,0.00,0.00,0.00,0.00,0.00,0.00,0.00,0.00,0.00,0.00,0.00,0.00,0.00,0.00,0.00,0.00,0.00,0.00,0.00,0.00,0.00,0.00,0.00,0.00,0.00,0.00,0.00,0.00,0.00,0.00,0.00,0.00,0.00,0.00,0.00,0.00,0.00,0.00,0.00,0.00,0.00,0.00,0.00,0.00,0.00,..,..,..,..,..,..,..,..,..,..
"Pineapple, Hawaiian",..REGION VII (CENTRAL VISAYAS),15.00,21.08,21.71,14.48,12.89,12.84,12.62,12.83,14.87,15.41,14.58,15.58,15.32,15.96,18.61,15.23,17.99,18.09,14.36,14.30,15.39,16.22,14.95,18.47,19.23,16.57,19.62,20.24,20.81,20.27,16.65,18.33,13.31,17.37,20.39,25.01,25.02,26.42,20.29,19.33,21.96,20.67,18.38,13.38,19.01,18.16,18.95,21.46,21.50,22.14,21.77,19.73,20.10,20.01,21.41,18.56,16.02,12.94,15.21,13.43,26.45,26.87,27.00,27.55,20.46,24.29,23.26,24.18,19.47,22.41,16.70,19.25,20.04,22.80,23.92,24.20,26.97,22.29,25.59,26.31,22.55,23.09,19.85,15.51,19.87,19.06,18.66,20.13,25.06,22.69,21.53,22.63,22.71,22.47,23.64,18.77,17.81,17.50,15.79,18.63,25.00,25.00,27.98,21.49,24.11,27.28,26.65,27.99,21.60,18.87,19.25,20.18,26.63,24.05,23.26,24.01,23.66,23.73,24.51,23.55,21.95,22.41,19.46,15.83,16.84,22.04,22.98,24.36,21.35,21.58,22.14,22.99,21.83,20.92,20.60,18.82,19.25,16.88,17.24,16.84,18.26,17.72,19.46,21.82,17.93,18.38,19.24,15.69,16.34,16.46,17.54,18.47,19.10,14.21,14.26,17.45,22.10,24.61,19.51,19.16,19.06,18.93,19.26,18.87,20.76,19.73,19.37,18.63,20.00,19.58,18.81,23.07,23.22,18.13,17.88,15.86,20.41,21.98,16.07,18.23,24.30,19.80,28.00,28.00,28.00,25.00,25.00,25.00,65.00,44.63,0.00,65.00,44.63,0.00,37.83,0.00,0.00,0.00,30.00,30.00,30.00,0.00,0.00,0.00,35.00,35.00,35.00,32.50,30.00,30.00,30.00,..,..,..,..,..,..,..,..,..,..
"Pineapple, Hawaiian",..REGION VIII (EASTERN VISAYAS),0.00,0.00,14.63,16.17,13.32,15.65,17.21,17.29,17.65,0.00,0.00,0.00,15.99,0.00,0.00,14.25,14.08,16.05,18.53,18.34,20.22,16.88,0.00,0.00,0.00,16.91,0.00,0.00,17.79,13.98,13.33,15.72,17.48,18.59,22.21,20.38,20.23,0.00,17.75,0.00,17.27,20.54,19.94,17.92,17.37,17.11,20.25,19.02,0.00,0.00,0.00,18.68,0.00,0.00,0.00,18.22,18.22,21.75,20.77,21.75,0.00,46.86,46.82,0.00,27.77,0.00,0.00,0.00,22.15,13.60,18.24,18.44,20.38,15.87,15.87,17.66,13.04,17.25,5.36,9.03,17.40,18.70,17.49,17.22,16.92,17.55,14.20,15.45,15.89,18.33,15.30,20.09,17.93,18.71,16.68,15.56,18.30,16.94,18.61,10.79,18.52,19.11,12.73,17.00,16.56,17.75,30.46,27.06,23.80,25.23,21.69,18.60,18.94,15.11,21.74,15.76,21.06,19.04,21.46,22.87,30.98,21.51,22.17,21.68,19.07,24.36,17.99,20.94,18.14,21.68,18.74,16.12,29.74,30.48,24.36,23.17,23.83,21.28,20.39,20.49,27.48,20.83,23.08,17.87,24.62,21.55,25.52,25.74,22.45,25.10,22.78,18.89,21.96,21.21,19.28,22.25,20.40,32.77,26.34,26.57,34.34,29.74,30.37,28.04,33.12,26.59,24.67,26.02,28.25,29.22,26.86,19.60,28.60,24.56,27.92,26.53,25.45,20.33,21.30,23.30,11.67,23.78,19.50,20.00,19.00,25.00,41.63,23.73,22.50,23.33,25.00,47.87,45.43,0.00,28.45,0.00,0.00,50.00,15.32,25.37,47.85,25.45,17.70,20.54,35.00,60.00,0.00,33.03,60.00,35.00,36.77,..,..,..,..,..,..,..,..,..,..
"Pineapple, Hawaiian",..REGION IX (ZAMBOANGA PENINSULA),13.70,13.38,13.44,13.29,13.01,14.06,14.06,13.85,14.27,13.55,13.32,15.25,13.77,15.41,14.13,14.07,14.41,15.89,15.63,14.54,14.31,15.69,14.63,13.53,15.11,14.78,14.94,14.38,14.14,14.08,14.80,14.33,15.76,14.43,14.01,14.81,14.65,15.07,14.62,14.54,14.75,14.48,13.35,15.05,14.44,15.75,15.29,15.72,14.94,15.37,15.94,14.97,17.54,18.23,18.86,19.29,19.33,19.02,20.44,17.39,18.03,17.22,16.87,18.31,18.38,17.14,18.79,18.05,18.55,18.95,18.44,17.17,17.08,18.46,21.83,17.89,18.84,18.43,25.45,27.02,24.11,21.57,21.93,22.53,21.84,22.65,24.28,24.54,24.97,24.37,23.77,25.34,23.98,24.07,22.88,22.90,22.00,22.13,19.57,20.14,20.75,20.75,21.59,22.18,20.34,18.08,18.31,18.14,20.80,20.34,21.03,15.90,19.60,16.49,15.83,17.48,18.53,18.56,21.32,21.80,17.69,22.78,21.67,16.77,19.12,18.79,20.53,17.77,25.00,20.15,15.08,20.00,19.12,15.68,19.73,16.73,16.72,25.00,18.75,25.00,19.65,22.64,19.51,27.42,22.13,19.29,19.92,18.06,19.29,20.09,19.57,18.26,21.70,18.74,24.16,20.72,21.14,21.68,22.77,21.49,22.05,24.21,23.97,24.62,23.30,22.22,21.79,22.99,22.69,23.43,23.29,25.32,23.46,23.63,21.83,23.98,24.87,24.07,22.59,22.21,23.52,23.52,26.25,29.63,28.10,25.00,25.00,25.00,23.75,26.00,35.00,20.00,25.00,25.00,26.14,24.00,25.00,28.00,25.00,27.50,41.98,30.00,31.00,32.50,32.50,26.67,28.33,29.37,29.18,26.21,27.83,..,..,..,..,..,..,..,..,..,..
"Pineapple, Hawaiian",..REGION X (NORTHERN MINDANAO),7.41,7.24,6.93,7.53,7.22,7.50,7.38,7.40,7.55,7.38,7.81,7.56,7.41,7.71,8.68,8.25,8.68,8.42,8.49,8.09,8.68,8.40,8.23,8.24,8.46,8.36,8.76,8.32,9.00,8.98,8.07,8.86,8.88,8.79,8.84,8.66,8.92,9.05,8.76,9.05,9.05,9.05,9.05,9.06,9.06,9.05,9.05,9.06,10.10,9.87,9.35,9.23,9.84,9.69,10.65,10.68,10.27,9.57,10.07,10.13,10.28,10.09,10.33,10.03,10.14,10.59,10.70,10.62,10.49,10.29,10.26,10.57,11.17,10.37,10.65,10.22,10.45,10.53,10.44,10.68,11.34,12.05,11.73,11.00,10.48,11.57,11.25,11.41,10.96,12.21,11.26,12.24,11.18,11.70,12.26,11.76,11.60,11.61,11.32,11.36,11.14,11.22,11.83,11.60,11.33,11.34,11.43,12.08,12.25,11.76,12.39,12.03,12.14,12.08,12.14,12.44,11.95,13.05,12.59,12.13,12.88,11.46,10.49,10.62,11.84,12.24,15.64,12.79,12.52,12.35,12.87,13.85,13.26,13.70,13.77,12.60,13.04,13.10,13.56,13.10,13.62,14.10,13.38,13.72,12.94,13.50,13.58,13.82,13.29,13.07,14.28,14.03,13.72,14.32,13.89,13.68,14.46,14.25,13.55,12.63,12.58,12.05,11.87,12.14,12.12,12.71,12.17,12.25,12.73,13.05,13.09,13.03,13.03,13.44,13.07,13.29,13.49,13.50,13.40,13.34,13.50,13.27,17.48,19.27,17.51,16.27,20.00,13.00,16.88,16.75,13.75,13.00,13.00,13.00,15.83,19.00,18.50,19.00,20.00,20.00,17.50,19.00,16.00,16.00,15.50,18.69,15.50,17.89,15.57,15.57,15.57,..,..,..,..,..,..,..,..,..,..
"Pineapple, Hawaiian",..REGION XI (DAVAO REGION),0.00,0.00,0.00,0.00,0.00,0.00,0.00,0.00,0.00,0.00,0.00,0.00,0.00,0.00,0.00,0.00,0.00,0.00,0.00,0.00,0.00,0.00,0.00,0.00,0.00,0.00,0.00,0.00,0.00,0.00,0.00,0.00,0.00,0.00,0.00,0.00,0.00,0.00,0.00,0.00,0.00,0.00,0.00,0.00,0.00,0.00,0.00,0.00,0.00,0.00,0.00,0.00,0.00,0.00,0.00,0.00,0.00,0.00,0.00,0.00,0.00,0.00,0.00,0.00,0.00,0.00,0.00,0.00,0.00,0.00,0.00,0.00,0.00,0.00,0.00,0.00,0.00,0.00,0.00,0.00,0.00,0.00,0.00,0.00,0.00,0.00,0.00,0.00,0.00,0.00,0.00,0.00,0.00,0.00,0.00,0.00,0.00,0.00,0.00,0.00,0.00,0.00,0.00,0.00,0.00,0.00,0.00,0.00,0.00,0.00,13.90,12.86,11.76,0.00,0.00,17.10,13.91,15.28,18.62,11.73,12.91,12.36,12.79,13.72,12.87,13.85,13.48,13.80,13.27,13.72,14.52,15.82,18.01,18.51,15.88,17.87,18.12,18.91,17.64,16.36,18.87,19.19,17.48,15.51,13.98,16.28,15.72,17.94,17.29,15.11,15.41,38.41,14.07,15.35,16.64,17.64,15.96,17.14,15.51,16.14,16.21,16.11,15.08,15.90,16.39,16.11,16.49,16.70,16.15,17.39,19.16,16.94,16.96,18.23,19.34,17.14,17.31,20.61,20.09,20.31,27.46,19.25,0.00,0.00,25.00,25.00,25.00,25.00,25.00,25.00,25.00,28.00,28.00,28.00,25.90,25.00,25.00,25.00,25.00,25.00,25.00,25.00,25.00,25.00,25.00,30.00,25.00,25.42,25.60,25.60,27.17,..,..,..,..,..,..,..,..,..,..
"Pineapple, Hawaiian",..REGION XII (SOCCSKSARGEN),4.84,4.73,5.12,5.08,4.80,5.63,5.16,4.97,5.02,5.02,4.98,5.18,5.04,5.21,5.03,5.03,5.32,5.13,5.24,5.13,5.53,5.30,5.22,5.33,5.43,5.24,5.42,6.13,5.60,5.71,5.66,5.37,5.19,5.40,5.12,5.66,6.43,5.73,5.62,5.58,5.76,5.42,5.43,5.59,5.53,5.96,6.36,6.09,6.16,6.26,6.21,5.86,6.47,6.10,6.32,5.83,5.82,5.43,5.97,5.79,6.27,7.10,6.84,7.11,6.25,6.73,6.74,7.01,7.38,7.15,7.68,7.85,7.47,7.43,7.69,7.77,8.30,7.43,7.86,7.45,7.17,8.04,7.42,8.75,9.54,8.24,8.45,4.62,5.06,5.31,7.33,7.15,4.31,6.16,5.08,4.62,4.74,4.95,4.29,4.27,4.69,5.06,3.96,4.94,3.96,4.80,4.84,4.89,4.77,4.96,4.77,5.27,4.72,6.78,6.73,7.62,5.34,6.40,7.50,8.54,7.27,7.74,8.06,6.92,7.56,4.87,5.88,6.19,7.56,7.04,5.43,5.02,4.83,4.64,4.22,5.11,4.51,4.54,4.39,4.55,6.83,5.28,4.95,4.69,5.53,4.88,7.59,6.52,4.98,4.36,7.05,4.72,5.05,4.54,6.37,5.52,5.51,4.72,4.17,6.99,4.43,4.41,4.25,4.25,4.69,5.07,4.72,4.62,4.82,4.50,4.58,5.14,4.48,4.52,4.75,5.04,4.35,4.62,5.50,5.66,5.63,4.90,4.97,4.53,6.97,4.80,4.85,4.80,4.47,4.80,4.60,4.92,5.50,5.50,5.06,8.80,8.80,8.38,12.37,10.49,12.37,8.64,8.66,8.64,7.52,9.04,16.00,9.98,7.16,4.31,7.03,..,..,..,..,..,..,..,..,..,..
"Pineapple, Hawaiian",..REGION XIII (CARAGA),15.52,12.35,15.06,15.62,13.52,13.68,12.18,11.34,12.91,12.58,14.03,16.78,13.80,15.08,15.00,12.50,11.94,13.13,12.86,12.36,12.29,8.75,10.21,10.25,11.32,12.14,9.59,10.43,11.20,11.30,13.30,11.35,10.30,10.88,11.22,11.44,10.45,11.05,11.04,12.34,12.90,11.34,14.78,14.86,12.79,12.56,13.57,13.50,13.75,11.62,11.96,13.00,12.21,12.68,11.70,10.91,14.53,14.46,13.91,14.64,12.54,13.74,13.67,12.49,13.12,11.32,10.89,10.28,10.09,13.34,13.50,14.77,13.89,15.49,14.47,15.18,11.85,12.92,11.72,11.89,12.15,11.56,13.56,11.22,14.59,12.77,15.55,15.43,14.66,18.45,13.63,16.93,17.79,18.29,20.04,18.79,19.57,19.03,15.13,18.86,23.26,20.69,12.69,18.42,18.67,18.90,18.03,18.50,20.38,20.07,19.68,17.82,18.73,22.04,19.57,20.81,19.43,19.27,19.28,20.43,19.60,20.99,19.68,15.64,22.75,20.96,22.16,21.77,18.78,20.11,17.86,21.82,17.67,21.27,22.61,24.98,22.89,21.84,21.46,23.02,22.63,21.15,21.60,25.91,23.62,22.56,26.08,23.47,23.08,21.08,20.68,21.81,23.27,19.74,21.72,22.75,20.43,21.64,21.26,30.43,25.74,25.28,22.26,22.14,24.03,22.50,21.32,27.48,23.71,23.54,22.68,23.02,19.33,24.72,23.39,24.11,24.95,26.14,23.56,23.12,28.47,23.92,22.50,25.00,27.50,29.52,28.78,33.88,30.00,25.00,25.00,31.13,34.90,25.00,28.18,0.00,30.00,0.00,21.00,24.24,27.37,20.00,22.50,22.50,30.00,24.50,25.00,24.71,20.94,20.78,20.86,..,..,..,..,..,..,..,..,..,..
"Pineapple, Hawaiian",..BANGSAMORO AUTONOMOUS REGION IN MUSLIM MINDANAO (BARMM) 1/,0.00,0.00,0.00,0.00,0.00,0.00,0.00,0.00,0.00,0.00,0.00,0.00,0.00,0.00,0.00,0.00,0.00,0.00,0.00,0.00,0.00,0.00,0.00,0.00,0.00,0.00,0.00,0.00,0.00,0.00,0.00,0.00,0.00,0.00,0.00,0.00,0.00,0.00,0.00,0.00,0.00,0.00,0.00,0.00,0.00,0.00,0.00,0.00,0.00,0.00,0.00,0.00,0.00,0.00,0.00,0.00,0.00,0.00,0.00,0.00,0.00,0.00,0.00,0.00,0.00,0.00,0.00,0.00,0.00,0.00,0.00,0.00,0.00,0.00,0.00,0.00,0.00,0.00,0.00,0.00,0.00,0.00,0.00,0.00,0.00,0.00,0.00,0.00,0.00,0.00,0.00,0.00,0.00,0.00,0.00,0.00,0.00,0.00,0.00,0.00,0.00,0.00,0.00,0.00,0.00,0.00,0.00,0.00,0.00,0.00,0.00,0.00,0.00,0.00,0.00,0.00,0.00,0.00,0.00,0.00,0.00,0.00,0.00,0.00,0.00,0.00,0.00,0.00,0.00,0.00,0.00,0.00,0.00,0.00,0.00,0.00,0.00,0.00,0.00,0.00,0.00,0.00,0.00,0.00,0.00,0.00,0.00,0.00,0.00,0.00,0.00,0.00,0.00,0.00,0.00,0.00,0.00,0.00,0.00,0.00,0.00,0.00,0.00,0.00,0.00,0.00,0.00,0.00,0.00,0.00,0.00,0.00,0.00,0.00,0.00,0.00,0.00,0.00,0.00,0.00,0.00,0.00,0.00,0.00,0.00,75.81,75.81,75.81,0.00,0.00,29.17,76.96,75.65,0.00,68.20,0.00,0.00,0.00,46.90,46.90,48.26,58.10,58.10,58.10,58.10,58.10,0.00,54.07,0.00,0.00,0.00,..,..,..,..,..,..,..,..,..,..
"Pineapple, Native",..REGION VII (CENTRAL VISAYAS),0.00,0.00,0.00,0.00,0.00,0.00,0.00,0.00,0.00,0.00,0.00,0.00,0.00,0.00,0.00,0.00,0.00,0.00,0.00,0.00,0.00,0.00,0.00,0.00,0.00,0.00,0.00,0.00,0.00,0.00,0.00,0.00,0.00,0.00,0.00,0.00,0.00,0.00,0.00,0.00,0.00,0.00,0.00,0.00,0.00,0.00,0.00,0.00,0.00,0.00,0.00,0.00,0.00,0.00,0.00,0.00,0.00,0.00,0.00,0.00,0.00,0.00,0.00,0.00,0.00,0.00,0.00,0.00,0.00,0.00,0.00,0.00,0.00,0.00,0.00,0.00,0.00,0.00,0.00,0.00,0.00,0.00,0.00,0.00,0.00,0.00,0.00,0.00,0.00,0.00,0.00,0.00,0.00,0.00,0.00,0.00,0.00,0.00,0.00,0.00,0.00,0.00,0.00,0.00,0.00,0.00,0.00,0.00,0.00,0.00,0.00,0.00,0.00,0.00,0.00,0.00,0.00,0.00,0.00,0.00,0.00,0.00,0.00,0.00,0.00,0.00,0.00,0.00,0.00,0.00,0.00,0.00,0.00,0.00,0.00,0.00,0.00,0.00,0.00,0.00,0.00,0.00,0.00,0.00,0.00,0.00,0.00,0.00,0.00,0.00,0.00,0.00,0.00,0.00,0.00,0.00,0.00,0.00,0.00,0.00,0.00,0.00,0.00,0.00,0.00,0.00,0.00,0.00,0.00,0.00,0.00,0.00,0.00,0.00,0.00,0.00,0.00,0.00,0.00,0.00,0.00,0.00,0.00,0.00,0.00,0.00,0.00,0.00,42.00,62.37,0.00,0.00,62.37,0.00,55.58,0.00,0.00,0.00,40.00,0.00,0.00,33.42,20.00,21.08,36.40,0.00,0.00,30.18,0.00,0.00,65.00,..,..,..,..,..,..,..,..,..,..
"Pineapple, Native",..REGION VIII (EASTERN VISAYAS),0.00,0.00,0.00,11.78,11.78,13.27,14.94,13.27,0.00,0.00,0.00,0.00,13.01,0.00,0.00,0.00,0.00,24.84,26.19,28.89,30.83,0.00,0.00,0.00,0.00,27.69,0.00,0.00,0.00,0.00,15.97,17.13,18.19,19.32,0.00,0.00,0.00,0.00,17.65,0.00,0.00,0.00,0.00,15.97,17.13,18.55,21.36,0.00,0.00,0.00,0.00,18.25,0.00,0.00,0.00,0.00,0.00,0.00,21.91,24.93,0.00,0.00,0.00,0.00,23.42,0.00,0.00,0.00,0.00,20.00,27.57,28.46,31.45,0.00,0.00,0.00,0.00,26.87,0.00,0.00,0.00,0.00,0.00,0.00,0.00,0.00,0.00,0.00,0.00,0.00,0.00,0.00,0.00,0.00,0.00,0.00,0.00,0.00,0.00,0.00,0.00,0.00,0.00,0.00,0.00,0.00,0.00,0.00,0.00,0.00,0.00,0.00,0.00,0.00,0.00,0.00,0.00,0.00,0.00,0.00,0.00,0.00,0.00,0.00,0.00,0.00,0.00,0.00,0.00,0.00,0.00,0.00,0.00,0.00,0.00,0.00,0.00,0.00,0.00,0.00,0.00,0.00,0.00,0.00,0.00,0.00,0.00,0.00,0.00,0.00,0.00,0.00,0.00,0.00,0.00,0.00,0.00,0.00,0.00,0.00,0.00,0.00,0.00,0.00,0.00,0.00,0.00,0.00,0.00,0.00,0.00,0.00,0.00,0.00,0.00,0.00,0.00,0.00,0.00,0.00,0.00,0.00,19.70,25.72,38.84,15.00,31.84,40.00,28.96,18.98,26.00,40.27,27.50,0.00,28.44,0.00,0.00,33.33,0.00,18.29,38.95,28.32,29.82,27.74,25.44,20.00,0.00,27.74,60.00,24.41,0.00,..,..,..,..,..,..,..,..,..,..
"Pineapple, Native",..REGION IX (ZAMBOANGA PENINSULA),0.00,0.00,0.00,0.00,0.00,0.00,0.00,0.00,0.00,0.00,0.00,0.00,0.00,0.00,0.00,0.00,0.00,0.00,0.00,0.00,0.00,0.00,0.00,0.00,0.00,0.00,0.00,0.00,0.00,0.00,0.00,0.00,0.00,0.00,0.00,0.00,0.00,0.00,0.00,0.00,0.00,0.00,0.00,0.00,0.00,0.00,0.00,0.00,0.00,0.00,0.00,0.00,0.00,0.00,0.00,0.00,0.00,0.00,0.00,0.00,0.00,0.00,0.00,0.00,0.00,0.00,0.00,0.00,0.00,0.00,0.00,0.00,0.00,0.00,0.00,0.00,0.00,0.00,0.00,0.00,0.00,0.00,0.00,0.00,0.00,0.00,0.00,0.00,0.00,0.00,0.00,0.00,0.00,0.00,0.00,0.00,0.00,0.00,0.00,0.00,0.00,0.00,0.00,0.00,0.00,0.00,0.00,0.00,0.00,0.00,0.00,0.00,0.00,0.00,0.00,0.00,0.00,0.00,0.00,0.00,0.00,0.00,0.00,0.00,0.00,0.00,0.00,0.00,16.48,16.48,0.00,0.00,0.00,0.00,0.00,0.00,0.00,0.00,0.00,0.00,0.00,0.00,0.00,0.00,0.00,0.00,0.00,0.00,0.00,0.00,0.00,0.00,0.00,0.00,0.00,0.00,0.00,0.00,0.00,0.00,0.00,0.00,0.00,0.00,0.00,0.00,0.00,0.00,0.00,0.00,0.00,0.00,0.00,0.00,0.00,0.00,0.00,0.00,0.00,0.00,0.00,0.00,0.00,0.00,0.00,40.00,20.00,20.00,26.67,30.00,25.00,20.00,35.00,37.50,28.24,18.00,20.00,18.00,19.00,18.33,19.00,21.00,22.33,39.50,20.71,20.71,20.00,21.38,24.41,23.09,24.59,..,..,..,..,..,..,..,..,..,..
"Pineapple, Native",..REGION X (NORTHERN MINDANAO),0.00,0.00,0.00,0.00,0.00,0.00,0.00,0.00,0.00,0.00,0.00,0.00,0.00,0.00,0.00,0.00,0.00,0.00,0.00,0.00,0.00,0.00,0.00,0.00,0.00,0.00,0.00,0.00,0.00,0.00,0.00,0.00,0.00,0.00,0.00,0.00,0.00,0.00,0.00,0.00,0.00,0.00,0.00,0.00,0.00,0.00,0.00,0.00,0.00,0.00,0.00,0.00,0.00,0.00,0.00,0.00,0.00,0.00,0.00,0.00,0.00,0.00,0.00,0.00,0.00,0.00,0.00,0.00,0.00,0.00,0.00,0.00,0.00,0.00,0.00,0.00,0.00,0.00,0.00,0.00,0.00,0.00,0.00,0.00,0.00,0.00,0.00,0.00,0.00,0.00,0.00,0.00,0.00,0.00,0.00,0.00,0.00,0.00,0.00,0.00,0.00,0.00,0.00,0.00,0.00,0.00,0.00,0.00,0.00,0.00,0.00,0.00,0.00,0.00,0.00,0.00,0.00,0.00,0.00,0.00,0.00,0.00,0.00,0.00,0.00,0.00,0.00,0.00,0.00,0.00,0.00,0.00,0.00,0.00,0.00,0.00,0.00,0.00,0.00,0.00,0.00,0.00,0.00,0.00,0.00,0.00,0.00,0.00,0.00,0.00,0.00,0.00,0.00,0.00,0.00,0.00,0.00,0.00,0.00,0.00,0.00,0.00,0.00,0.00,0.00,0.00,0.00,0.00,0.00,0.00,0.00,0.00,0.00,0.00,0.00,0.00,0.00,0.00,0.00,0.00,0.00,0.00,21.50,23.00,21.50,24.50,24.00,23.50,0.00,0.00,0.00,0.00,0.00,0.00,23.00,16.75,15.75,18.25,20.00,20.00,20.00,20.33,35.00,40.00,27.50,27.50,35.00,24.67,12.18,12.18,12.18,..,..,..,..,..,..,..,..,..,..
"Pineapple, Native",..REGION XI (DAVAO REGION),5.69,5.65,5.61,5.61,5.62,5.74,5.73,5.74,5.91,6.68,6.69,7.15,5.99,7.44,7.42,7.50,7.51,7.49,7.47,7.33,7.30,7.25,7.27,7.31,7.31,7.38,7.33,8.25,8.36,8.27,8.11,7.24,7.24,7.19,7.23,7.13,7.16,7.03,7.55,7.06,7.04,7.06,7.84,7.83,7.89,7.88,7.87,7.73,7.79,7.74,7.90,7.64,8.02,7.97,7.97,7.98,7.99,7.91,7.89,7.96,8.11,7.95,8.13,7.99,7.99,7.93,8.97,8.98,9.08,8.99,9.06,9.14,9.12,9.11,9.17,9.12,9.14,8.98,9.27,12.35,13.21,14.17,13.77,13.78,12.43,12.06,11.89,12.90,9.71,8.81,12.03,14.13,9.26,9.36,11.72,12.20,13.22,15.03,12.45,12.62,17.27,13.91,11.92,12.76,13.26,14.56,15.17,14.37,14.49,14.45,0.00,0.00,0.00,0.00,0.00,0.00,14.38,0.00,0.00,0.00,0.00,0.00,0.00,0.00,0.00,0.00,0.00,0.00,0.00,0.00,0.00,0.00,0.00,0.00,0.00,0.00,0.00,0.00,0.00,0.00,0.00,0.00,0.00,0.00,0.00,0.00,0.00,0.00,0.00,0.00,0.00,0.00,0.00,0.00,0.00,0.00,0.00,0.00,0.00,0.00,0.00,0.00,0.00,0.00,0.00,0.00,0.00,0.00,0.00,0.00,0.00,0.00,0.00,0.00,0.00,0.00,0.00,0.00,0.00,0.00,0.00,0.00,0.00,0.00,0.00,0.00,0.00,25.00,0.00,0.00,0.00,25.00,25.00,25.00,25.00,30.00,35.00,32.00,31.50,30.00,35.00,42.50,42.50,25.00,60.00,60.00,60.00,40.29,54.95,54.95,54.95,..,..,..,..,..,..,..,..,..,..
"Pineapple, Native",..REGION XII (SOCCSKSARGEN),0.00,0.00,0.00,0.00,0.00,0.00,0.00,0.00,0.00,0.00,0.00,0.00,0.00,0.00,0.00,0.00,0.00,0.00,0.00,0.00,0.00,0.00,0.00,0.00,0.00,0.00,0.00,0.00,0.00,0.00,0.00,0.00,0.00,0.00,0.00,0.00,0.00,0.00,0.00,0.00,0.00,0.00,0.00,0.00,0.00,0.00,0.00,0.00,0.00,0.00,0.00,0.00,0.00,0.00,0.00,0.00,0.00,0.00,0.00,0.00,0.00,0.00,0.00,0.00,0.00,0.00,0.00,0.00,0.00,0.00,0.00,0.00,0.00,0.00,0.00,0.00,0.00,0.00,0.00,0.00,0.00,0.00,0.00,0.00,0.00,0.00,0.00,0.00,0.00,0.00,0.00,0.00,0.00,0.00,0.00,0.00,0.00,0.00,0.00,0.00,0.00,0.00,0.00,0.00,0.00,0.00,0.00,0.00,0.00,0.00,0.00,0.00,0.00,0.00,0.00,0.00,0.00,0.00,0.00,0.00,0.00,0.00,0.00,0.00,0.00,0.00,0.00,0.00,0.00,0.00,0.00,0.00,0.00,0.00,0.00,0.00,0.00,0.00,0.00,0.00,0.00,0.00,0.00,0.00,0.00,0.00,0.00,0.00,0.00,0.00,0.00,0.00,0.00,0.00,0.00,0.00,0.00,0.00,0.00,0.00,0.00,0.00,0.00,0.00,0.00,0.00,0.00,0.00,0.00,0.00,0.00,0.00,0.00,0.00,0.00,0.00,0.00,0.00,0.00,0.00,0.00,0.00,0.00,0.00,0.00,0.00,0.00,0.00,0.00,0.00,0.00,0.00,0.00,0.00,0.00,0.00,0.00,0.00,0.00,0.00,0.00,9.55,0.00,0.00,0.00,0.00,0.00,9.55,0.00,0.00,0.00,..,..,..,..,..,..,..,..,..,..
"Pineapple, Native",..REGION XIII (CARAGA),0.00,0.00,0.00,0.00,0.00,0.00,0.00,0.00,0.00,0.00,0.00,0.00,0.00,0.00,0.00,0.00,0.00,0.00,0.00,0.00,0.00,0.00,0.00,0.00,0.00,0.00,0.00,0.00,0.00,0.00,0.00,0.00,0.00,0.00,0.00,0.00,0.00,0.00,0.00,0.00,0.00,0.00,0.00,0.00,0.00,0.00,0.00,0.00,0.00,0.00,0.00,0.00,0.00,0.00,0.00,0.00,0.00,0.00,0.00,0.00,0.00,0.00,0.00,0.00,0.00,0.00,0.00,0.00,0.00,0.00,0.00,0.00,0.00,0.00,0.00,0.00,0.00,0.00,0.00,0.00,0.00,0.00,0.00,0.00,0.00,0.00,0.00,0.00,0.00,0.00,0.00,0.00,0.00,0.00,0.00,0.00,0.00,0.00,0.00,0.00,0.00,0.00,0.00,0.00,0.00,0.00,0.00,0.00,0.00,0.00,0.00,0.00,0.00,0.00,0.00,0.00,0.00,0.00,0.00,0.00,0.00,0.00,0.00,0.00,0.00,0.00,0.00,0.00,0.00,0.00,0.00,0.00,0.00,0.00,0.00,0.00,0.00,0.00,0.00,0.00,0.00,0.00,0.00,0.00,0.00,0.00,40.00,42.14,42.00,43.20,0.00,0.00,0.00,25.00,0.00,38.47,0.00,30.00,0.00,0.00,0.00,0.00,0.00,0.00,0.00,0.00,0.00,30.00,30.00,0.00,0.00,0.00,0.00,0.00,0.00,0.00,0.00,0.00,0.00,0.00,0.00,0.00,0.00,0.00,15.00,40.00,29.11,25.88,14.00,18.50,18.50,33.89,19.00,20.00,23.39,0.00,0.00,0.00,39.80,0.00,20.00,17.50,34.95,33.38,25.00,30.00,30.00,28.83,16.47,16.77,16.77,..,..,..,..,..,..,..,..,..,..
"Pineapple, Native",..BANGSAMORO AUTONOMOUS REGION IN MUSLIM MINDANAO (BARMM) 1/,0.00,0.00,0.00,0.00,0.00,0.00,0.00,0.00,0.00,0.00,0.00,0.00,0.00,0.00,0.00,0.00,0.00,0.00,0.00,0.00,0.00,0.00,0.00,0.00,0.00,0.00,0.00,0.00,0.00,0.00,0.00,0.00,0.00,0.00,0.00,0.00,0.00,0.00,0.00,0.00,0.00,0.00,0.00,0.00,0.00,0.00,0.00,0.00,0.00,0.00,0.00,0.00,0.00,0.00,0.00,0.00,0.00,0.00,0.00,0.00,0.00,0.00,0.00,0.00,0.00,0.00,0.00,0.00,0.00,0.00,0.00,0.00,0.00,0.00,0.00,0.00,0.00,0.00,0.00,0.00,0.00,0.00,0.00,0.00,0.00,0.00,0.00,0.00,0.00,0.00,0.00,0.00,0.00,0.00,0.00,0.00,0.00,0.00,0.00,0.00,0.00,0.00,0.00,0.00,0.00,0.00,0.00,0.00,0.00,0.00,0.00,0.00,0.00,0.00,0.00,0.00,0.00,0.00,0.00,0.00,0.00,0.00,0.00,0.00,0.00,0.00,0.00,0.00,0.00,0.00,0.00,0.00,0.00,0.00,0.00,0.00,0.00,0.00,0.00,0.00,0.00,0.00,0.00,0.00,0.00,0.00,0.00,0.00,0.00,0.00,0.00,0.00,0.00,0.00,0.00,0.00,0.00,0.00,0.00,0.00,0.00,0.00,0.00,0.00,0.00,0.00,0.00,0.00,0.00,0.00,0.00,0.00,0.00,0.00,0.00,0.00,0.00,0.00,0.00,0.00,0.00,0.00,0.00,0.00,0.00,40.00,25.00,15.67,25.00,0.00,0.00,30.00,0.00,0.00,27.13,20.00,20.00,22.90,25.00,25.00,25.00,0.00,20.00,0.00,10.00,15.00,15.00,19.79,30.00,0.00,25.00,..,..,..,..,..,..,..,..,..,..
Ampalaya fruit [Bitter gourd],..REGION VII (CENTRAL VISAYAS),36.26,34.83,32.16,32.50,26.89,29.59,29.74,27.71,23.01,26.65,31.51,33.47,30.36,37.03,36.68,35.79,35.69,32.16,35.11,34.83,34.80,34.08,36.76,36.31,36.04,35.44,38.23,39.13,31.26,29.78,30.61,29.35,33.47,35.22,33.52,34.88,35.83,35.39,33.89,38.00,37.34,32.81,26.40,35.80,34.45,33.69,32.38,32.85,36.48,41.32,36.12,34.80,43.03,36.93,37.15,36.62,25.79,28.29,33.53,33.52,33.70,33.55,35.97,40.39,34.87,47.20,44.46,39.45,38.17,35.14,36.98,40.64,38.08,35.56,38.62,42.12,42.04,39.87,44.10,43.85,37.19,40.45,41.49,41.14,41.89,38.96,40.85,40.69,41.46,42.48,41.21,46.93,49.00,40.31,31.75,25.68,31.74,38.37,42.74,45.12,45.45,49.20,49.49,41.32,55.58,58.79,44.02,44.99,42.30,42.74,46.31,48.73,53.00,50.65,49.03,47.22,48.61,56.63,53.27,47.63,48.58,48.39,48.82,53.10,44.87,43.84,42.85,49.34,49.16,48.87,53.87,51.72,51.97,50.27,49.68,51.51,49.97,41.66,40.23,49.59,51.93,54.80,49.77,58.66,63.42,54.77,52.85,47.43,51.01,52.44,47.24,55.03,53.64,58.32,58.71,54.46,79.50,63.61,50.41,50.48,52.03,50.74,45.72,50.43,51.17,56.50,60.79,57.19,55.71,66.84,71.40,62.61,55.28,51.68,46.83,51.39,51.58,54.69,55.93,53.91,55.28,56.45,49.96,50.23,53.19,57.71,60.04,58.24,51.83,42.89,43.66,48.54,49.77,48.65,51.23,65.70,64.12,78.30,55.83,64.89,53.87,58.34,59.86,64.35,53.31,49.17,30.00,58.15,55.71,66.63,67.95,..,..,..,..,..,..,..,..,..,..
Ampalaya fruit [Bitter gourd],..REGION VIII (EASTERN VISAYAS),43.11,39.93,37.72,28.82,26.61,27.31,28.45,27.44,27.97,29.60,36.82,38.71,32.71,50.64,46.55,43.36,41.41,42.96,45.86,40.55,38.00,37.48,36.85,36.02,38.37,41.50,39.37,39.30,38.09,39.38,35.53,39.93,39.97,40.46,40.07,41.05,42.71,38.06,39.49,39.75,39.65,40.02,39.68,41.04,43.19,44.29,42.19,41.97,41.66,50.19,51.82,42.95,59.34,54.54,48.45,43.35,37.05,34.04,42.81,43.13,44.30,43.31,45.09,44.12,44.96,60.58,45.63,47.38,40.67,36.29,35.07,30.89,31.21,33.66,39.05,40.12,40.15,40.06,42.65,45.12,41.08,39.27,37.89,42.37,42.86,43.89,40.76,44.63,43.35,49.31,42.77,57.04,54.98,53.44,49.45,41.40,43.56,43.91,46.54,50.21,53.93,54.45,60.09,50.75,67.57,64.73,62.93,53.02,48.42,52.16,51.32,54.98,52.97,53.75,57.17,54.81,56.15,56.53,55.65,54.57,58.45,51.31,49.21,49.12,54.19,52.87,53.77,48.85,50.36,52.91,55.29,58.21,51.25,50.29,44.14,47.18,41.34,45.17,51.33,53.83,63.53,61.66,51.94,72.89,73.82,66.44,59.95,51.35,55.83,48.54,52.47,63.80,62.94,61.65,68.13,61.48,74.48,70.35,68.78,67.84,67.04,65.34,61.62,57.67,59.96,61.66,66.61,67.81,65.76,74.62,73.72,77.29,71.83,59.78,52.87,55.31,61.95,61.44,59.81,61.48,62.47,64.38,62.39,61.44,66.04,55.68,51.22,51.45,53.88,48.90,58.74,59.36,62.66,59.52,57.61,54.70,64.58,51.44,51.69,53.05,53.26,53.16,84.76,68.35,67.87,59.57,67.65,60.84,59.62,85.43,73.05,..,..,..,..,..,..,..,..,..,..
Ampalaya fruit [Bitter gourd],..REGION IX (ZAMBOANGA PENINSULA),23.42,26.55,24.29,23.56,22.18,21.58,20.13,17.82,18.75,21.59,27.68,26.45,22.83,27.44,30.22,26.04,25.86,25.91,28.21,25.52,25.89,26.54,27.24,25.75,25.34,26.66,23.70,25.68,23.27,21.25,22.78,23.45,27.44,30.18,28.01,23.72,27.55,28.57,25.47,29.58,24.69,22.77,24.07,25.02,25.74,25.31,24.49,26.66,27.77,25.45,25.45,25.58,31.34,28.91,28.63,24.89,25.54,25.77,27.35,25.53,25.66,26.10,25.64,29.92,27.11,26.39,25.34,27.39,27.32,25.35,25.41,25.21,23.90,24.11,24.62,24.92,26.68,25.55,25.61,27.81,28.54,30.58,32.53,31.28,28.42,26.66,26.89,27.90,28.77,28.12,28.59,30.59,29.97,30.45,31.31,30.58,27.84,27.96,29.72,28.16,29.63,31.65,33.76,30.14,35.34,31.23,33.05,29.50,29.42,29.81,32.27,34.50,34.28,35.30,33.83,34.76,32.77,35.35,34.90,37.89,36.70,33.73,34.30,34.19,32.02,30.27,33.03,32.58,33.03,34.00,31.50,33.97,36.54,37.52,35.59,36.16,31.66,29.93,27.74,33.55,40.38,39.25,34.48,42.31,40.01,39.48,42.63,35.32,36.40,36.81,37.47,38.09,38.99,40.28,43.07,39.24,48.16,43.63,40.44,42.68,43.38,42.39,43.54,43.12,44.14,45.04,47.60,47.94,44.34,49.65,47.19,47.29,43.72,41.59,39.85,40.21,41.12,42.12,42.68,42.96,43.34,43.48,38.58,40.52,42.50,44.46,45.28,40.04,45.67,40.96,35.14,45.85,38.91,36.40,41.19,46.20,44.70,34.86,42.90,43.71,40.31,49.35,48.25,43.17,45.97,48.58,47.09,44.59,50.00,49.79,54.17,..,..,..,..,..,..,..,..,..,..
Ampalaya fruit [Bitter gourd],..REGION X (NORTHERN MINDANAO),23.09,21.16,22.05,22.43,21.92,21.28,19.78,20.62,20.23,20.75,24.25,21.32,21.57,27.91,32.60,27.78,28.83,27.64,27.86,25.09,26.48,24.94,24.77,25.98,24.59,27.04,25.38,26.42,22.51,21.65,21.41,22.67,21.73,22.10,23.29,22.68,24.33,22.00,23.01,25.60,25.76,24.11,21.83,20.68,21.40,22.46,23.76,22.48,25.29,25.57,23.81,23.56,40.42,28.19,24.84,22.14,22.29,22.58,24.52,22.32,23.17,23.80,24.22,24.90,25.28,32.78,26.79,27.03,30.03,30.19,29.12,30.51,26.83,23.51,26.55,26.75,29.10,28.27,29.43,28.48,30.75,33.42,36.31,35.77,32.66,27.11,29.94,32.88,33.98,34.51,32.10,37.96,34.06,36.72,33.72,32.05,30.24,33.33,33.21,30.12,34.43,33.90,34.92,33.72,36.70,34.67,36.35,33.17,34.82,36.55,34.47,33.50,35.18,35.77,31.09,35.49,34.81,40.35,41.83,44.77,46.30,41.63,44.13,44.77,36.73,36.09,39.97,40.43,39.34,41.36,43.79,42.42,43.69,42.85,42.13,41.24,36.50,35.18,31.20,32.92,42.46,40.57,39.58,37.80,46.49,42.00,41.13,40.47,41.42,40.57,41.30,42.22,43.13,42.38,46.27,42.10,52.39,51.83,48.10,44.91,45.06,46.79,44.36,43.57,42.87,44.70,44.49,47.12,46.35,53.26,54.56,50.71,49.78,45.06,45.09,45.46,47.75,44.61,42.11,44.57,44.49,47.29,43.98,48.35,48.45,40.29,37.84,33.55,43.85,36.01,35.65,40.05,38.43,22.95,39.12,41.29,39.98,63.23,39.39,40.63,46.99,43.95,46.72,51.25,35.02,39.61,38.50,43.88,51.63,56.26,39.38,..,..,..,..,..,..,..,..,..,..
Ampalaya fruit [Bitter gourd],..REGION XI (DAVAO REGION),17.09,16.07,16.19,17.15,17.14,14.82,13.73,14.08,12.78,15.64,16.88,17.48,15.75,22.31,23.11,24.20,23.20,19.90,21.10,22.17,23.97,20.62,19.27,18.67,20.17,21.56,21.44,22.25,20.19,20.18,16.95,16.35,14.96,16.15,18.32,18.07,19.44,25.85,19.18,30.81,29.35,23.64,23.23,14.35,15.54,17.23,18.56,19.67,21.45,23.78,21.88,21.62,29.36,28.53,24.76,21.66,21.36,19.53,18.77,17.50,17.64,19.59,21.57,20.95,21.77,29.30,25.92,25.89,30.15,29.55,26.27,26.01,21.13,22.39,22.46,26.67,24.29,25.84,24.85,26.11,29.68,31.60,32.67,31.41,23.81,19.27,25.43,27.04,27.81,30.29,27.50,40.48,38.70,33.42,28.43,26.10,30.10,29.82,30.95,34.82,34.79,37.42,36.32,33.45,46.51,38.07,33.57,31.08,25.96,33.53,32.31,33.44,33.54,35.90,35.43,35.12,34.54,35.16,40.32,39.22,39.03,35.34,33.76,34.77,36.43,33.43,36.92,37.66,36.16,36.52,37.45,36.79,39.02,40.45,38.04,35.92,31.06,29.70,30.05,34.90,39.12,42.41,36.24,55.95,46.34,38.46,38.66,36.99,37.50,39.80,40.54,37.10,35.96,38.15,42.91,40.70,47.88,43.16,43.09,38.66,39.63,41.13,39.98,37.23,34.39,36.38,38.22,40.09,39.99,46.22,42.89,42.56,39.65,37.21,33.11,36.04,38.35,39.51,38.45,36.61,36.62,38.94,39.31,39.87,40.13,33.60,35.87,31.57,40.64,35.79,33.93,40.34,31.68,27.67,35.87,39.33,31.77,39.80,20.00,29.19,48.67,36.51,38.36,38.03,35.40,29.63,35.47,35.18,40.64,43.15,37.17,..,..,..,..,..,..,..,..,..,..
Ampalaya fruit [Bitter gourd],..REGION XII (SOCCSKSARGEN),22.69,19.19,22.04,22.63,20.41,18.96,16.60,14.14,14.14,16.19,18.78,19.83,18.80,22.93,23.77,24.26,22.75,24.43,26.29,23.86,24.67,23.21,22.19,21.47,21.94,23.48,22.53,21.84,19.93,19.75,23.80,20.44,20.45,20.02,20.14,20.99,21.69,21.26,21.07,25.46,24.05,19.73,20.30,19.50,20.68,20.55,18.69,19.71,22.00,25.32,24.38,21.70,23.84,24.68,22.66,23.26,21.46,21.99,20.86,19.77,19.67,19.18,20.37,20.80,21.55,23.52,24.04,24.36,29.68,28.63,28.43,24.06,22.65,20.47,21.10,20.60,21.64,24.10,25.78,25.98,26.09,29.50,27.20,32.93,25.66,15.96,19.94,22.41,25.61,25.77,25.24,29.17,29.71,31.08,24.66,29.16,32.85,34.39,30.46,31.64,35.94,35.09,34.24,31.53,39.71,34.75,31.91,26.62,30.76,33.13,34.57,31.90,30.07,28.16,33.43,33.80,32.40,38.72,38.07,36.49,42.34,36.60,38.88,40.20,26.54,27.44,29.68,29.24,28.90,34.43,31.83,32.05,37.08,41.40,38.42,36.99,31.46,28.61,26.86,26.08,40.92,38.55,34.19,54.53,30.00,31.18,33.79,33.91,39.70,39.79,39.64,37.82,39.69,35.65,37.30,37.75,41.40,37.32,36.65,36.23,36.14,33.78,31.49,33.62,31.50,31.50,38.97,32.73,35.11,42.16,35.55,33.71,34.01,32.75,32.45,31.17,35.52,36.11,33.58,31.98,33.20,34.35,38.34,39.07,36.16,45.96,43.92,42.53,39.38,34.57,30.89,28.28,29.61,31.34,36.67,27.13,30.82,32.38,30.16,29.57,55.55,42.95,42.77,40.67,35.47,37.53,28.54,36.13,29.53,30.47,35.71,..,..,..,..,..,..,..,..,..,..
Ampalaya fruit [Bitter gourd],..REGION XIII (CARAGA),30.28,27.96,29.06,29.82,25.87,25.84,22.42,21.52,21.53,23.00,25.31,23.85,25.54,40.12,39.66,35.06,28.26,26.60,27.42,25.79,25.50,26.46,25.65,28.79,25.91,29.60,27.68,32.17,30.73,30.05,26.79,28.66,29.78,28.59,31.04,31.79,33.83,33.23,30.36,41.92,37.09,37.91,30.89,25.63,28.64,31.07,30.70,30.03,30.02,41.39,26.93,32.69,31.87,27.57,23.62,30.05,18.56,25.86,26.94,27.27,27.43,27.54,30.69,34.97,27.70,39.26,30.36,32.58,35.16,27.22,31.54,35.51,32.47,30.74,29.73,34.53,30.29,32.45,29.12,35.36,37.67,32.67,32.19,37.17,34.65,33.33,35.09,35.56,42.89,43.91,35.80,44.95,47.91,39.88,36.26,35.05,33.80,35.05,35.41,39.45,39.90,38.17,43.36,39.10,45.11,50.29,43.58,44.05,40.19,41.65,42.51,42.75,43.93,43.89,43.27,40.13,43.45,44.61,46.86,56.96,48.80,49.92,45.80,49.71,44.10,41.42,41.49,48.65,47.68,47.17,44.86,45.26,52.87,51.82,47.28,40.03,35.47,38.62,44.91,42.31,40.73,54.24,44.87,68.70,62.68,56.96,51.92,45.26,44.68,43.74,44.69,46.59,48.74,48.61,43.79,50.53,46.15,56.93,63.55,56.58,50.27,48.28,49.01,44.55,40.63,45.83,49.11,51.19,50.17,52.82,55.72,52.50,47.45,45.69,43.41,45.30,43.82,43.96,47.90,48.25,44.43,47.60,43.15,46.34,54.69,54.50,49.96,47.68,47.77,48.21,55.70,57.13,33.87,34.17,47.76,54.03,47.48,47.41,65.84,60.77,35.11,47.36,59.66,70.51,53.98,54.07,59.33,54.63,56.12,56.72,58.57,..,..,..,..,..,..,..,..,..,..
Ampalaya fruit [Bitter gourd],..BANGSAMORO AUTONOMOUS REGION IN MUSLIM MINDANAO (BARMM) 1/,22.19,22.53,23.85,24.12,22.18,21.26,21.25,20.98,19.95,22.26,22.12,22.80,22.12,27.14,27.52,28.18,28.29,26.43,28.16,23.17,23.96,22.80,23.67,25.15,26.72,25.93,27.68,26.52,27.72,28.03,28.24,26.64,27.91,26.97,27.40,27.27,27.08,26.54,27.33,27.90,28.36,26.74,27.30,26.86,26.92,27.90,27.41,26.37,27.01,28.87,30.45,27.67,31.53,31.41,31.16,31.87,31.74,30.71,29.13,29.83,29.44,28.56,29.79,31.65,30.57,30.27,29.39,30.20,30.41,35.15,36.72,35.32,35.48,36.41,36.53,37.12,41.20,34.52,36.59,36.37,36.99,40.04,40.18,39.66,36.68,35.65,36.02,28.89,30.56,29.06,35.56,29.42,32.56,33.05,34.16,35.74,36.95,36.02,37.21,35.50,36.41,36.92,37.81,35.15,37.97,37.88,37.43,37.05,37.24,37.32,37.56,37.85,35.64,35.46,35.52,34.66,36.80,35.26,36.07,36.42,37.59,38.34,38.40,39.72,33.67,33.11,35.06,34.91,29.43,35.67,30.85,32.75,30.93,30.29,32.43,32.75,31.83,31.87,30.32,31.09,32.03,32.19,31.61,31.69,35.28,38.43,35.01,34.11,34.16,34.13,34.14,34.65,32.13,31.74,35.33,34.23,33.17,34.16,32.31,30.89,31.14,31.82,31.66,31.96,32.23,32.88,36.38,33.26,32.66,37.04,35.41,32.52,30.88,32.62,31.20,28.53,28.67,29.28,33.55,31.36,32.39,31.95,38.71,41.92,42.55,45.82,28.75,23.83,45.97,44.52,43.58,43.83,48.00,44.95,41.04,52.26,49.04,54.58,48.77,51.92,44.24,40.58,55.22,39.54,52.29,51.78,53.81,49.50,44.24,50.90,47.48,..,..,..,..,..,..,..,..,..,..
Cabbage,..REGION VII (CENTRAL VISAYAS),5.73,8.17,17.84,23.67,25.71,23.66,16.55,13.97,12.22,16.03,20.70,19.41,16.97,28.71,34.71,22.16,19.12,7.28,12.79,23.10,30.94,16.49,30.26,25.09,21.62,22.69,17.29,15.46,9.54,15.53,13.52,20.30,21.04,35.97,18.92,21.36,10.22,20.18,18.28,15.24,15.44,18.85,28.16,25.68,24.63,7.52,8.43,15.54,19.59,12.55,22.72,17.86,34.08,14.42,13.42,12.05,16.06,21.35,35.32,27.10,21.61,24.43,23.14,28.03,22.58,35.37,19.92,19.10,19.85,28.82,21.26,55.34,44.89,37.46,44.19,24.67,21.26,31.01,10.29,10.37,39.43,50.43,57.16,57.06,14.44,11.46,20.03,22.91,28.06,36.01,29.80,34.76,34.60,19.61,9.33,5.69,42.99,46.10,23.16,32.59,30.66,38.98,48.86,30.61,36.90,24.09,18.72,24.38,29.42,34.95,32.64,39.38,44.32,32.87,18.00,21.04,29.73,14.89,11.45,23.08,39.12,46.97,48.45,33.89,37.67,27.14,24.51,21.44,11.98,28.38,15.20,15.52,21.21,32.75,38.62,19.80,11.58,12.45,16.24,15.13,48.99,41.45,24.08,58.00,42.74,14.01,10.67,7.38,27.47,29.56,40.82,30.85,32.45,48.91,48.44,32.61,39.10,25.61,18.84,14.48,24.06,29.04,21.63,23.68,29.05,23.29,40.87,45.80,27.95,32.50,42.38,33.99,36.63,32.76,39.66,55.05,37.50,39.11,23.05,24.99,29.72,35.61,25.00,25.00,20.00,30.00,0.00,0.00,0.00,40.00,25.00,25.00,25.00,25.00,26.67,49.17,50.55,27.88,40.00,50.00,60.00,32.50,30.47,30.28,31.61,38.72,65.00,42.18,27.98,35.00,50.00,..,..,..,..,..,..,..,..,..,..
Cabbage,..REGION VIII (EASTERN VISAYAS),0.00,0.00,0.00,0.00,0.00,0.00,0.00,0.00,0.00,0.00,0.00,0.00,0.00,0.00,0.00,0.00,0.00,0.00,0.00,0.00,0.00,0.00,0.00,0.00,0.00,0.00,0.00,0.00,0.00,0.00,0.00,0.00,0.00,0.00,0.00,0.00,0.00,0.00,0.00,0.00,0.00,0.00,0.00,0.00,0.00,0.00,0.00,0.00,0.00,0.00,0.00,0.00,0.00,0.00,0.00,0.00,0.00,0.00,0.00,0.00,0.00,0.00,0.00,0.00,0.00,0.00,0.00,0.00,0.00,0.00,0.00,0.00,0.00,0.00,0.00,0.00,0.00,0.00,0.00,0.00,0.00,0.00,0.00,0.00,0.00,0.00,0.00,0.00,0.00,0.00,0.00,0.00,0.00,0.00,0.00,0.00,0.00,0.00,0.00,0.00,0.00,0.00,0.00,0.00,0.00,0.00,0.00,0.00,0.00,0.00,0.00,0.00,0.00,0.00,0.00,0.00,0.00,0.00,0.00,0.00,0.00,0.00,0.00,0.00,0.00,0.00,0.00,0.00,0.00,0.00,0.00,0.00,0.00,0.00,0.00,0.00,0.00,0.00,0.00,0.00,0.00,0.00,0.00,0.00,0.00,0.00,0.00,0.00,0.00,0.00,0.00,0.00,0.00,0.00,0.00,0.00,0.00,0.00,0.00,0.00,0.00,0.00,0.00,0.00,0.00,0.00,0.00,0.00,0.00,0.00,0.00,0.00,0.00,0.00,0.00,0.00,0.00,0.00,0.00,0.00,0.00,0.00,44.17,42.93,56.25,50.00,50.00,39.86,0.00,47.00,0.00,0.00,0.00,0.00,47.17,0.00,0.00,0.00,0.00,0.00,75.00,0.00,80.00,0.00,0.00,0.00,0.00,77.50,0.00,0.00,45.00,..,..,..,..,..,..,..,..,..,..
Cabbage,..REGION IX (ZAMBOANGA PENINSULA),16.38,12.20,16.98,18.25,24.65,24.59,24.01,17.73,17.70,19.53,21.30,21.31,19.55,22.80,24.74,22.34,25.41,26.08,24.22,27.35,26.69,28.26,27.99,24.84,30.78,25.96,32.32,19.64,17.73,20.52,20.77,28.70,25.62,23.18,25.08,24.48,21.59,23.34,23.58,22.89,24.18,23.78,24.43,26.14,26.91,21.48,25.94,31.14,23.71,25.47,26.40,25.21,28.90,20.74,24.19,19.50,18.98,23.04,26.86,23.60,27.90,26.09,19.00,32.41,24.27,25.92,25.79,18.06,22.49,30.39,30.32,30.53,30.98,32.13,32.91,33.54,32.72,28.82,25.89,26.40,29.06,32.99,33.32,37.40,38.30,29.45,32.78,32.16,33.35,33.53,32.05,34.70,28.66,33.38,31.12,24.01,23.04,28.52,39.18,34.34,42.35,43.53,53.91,34.73,37.33,25.78,28.59,26.15,31.45,34.25,33.40,38.66,38.87,41.35,37.12,33.67,33.89,35.60,39.33,34.09,32.72,40.43,38.12,34.98,30.98,29.24,28.93,29.85,26.24,33.38,13.33,15.19,14.20,33.56,37.74,29.46,16.62,22.37,14.36,24.68,34.76,42.01,24.86,0.00,0.00,0.00,24.78,24.77,25.73,27.84,22.76,25.35,26.02,28.05,36.57,26.87,32.03,32.12,28.46,29.61,30.75,32.00,34.55,30.97,32.51,32.75,34.02,35.09,32.07,33.08,33.15,32.59,32.33,31.71,29.46,28.92,26.92,27.31,31.29,33.98,31.43,31.01,0.00,23.00,28.00,25.00,25.00,25.00,29.00,28.00,28.00,0.00,0.00,0.00,26.38,0.00,29.67,0.00,60.00,25.00,55.00,30.00,25.00,15.00,29.50,29.75,0.00,33.21,37.50,35.00,45.00,..,..,..,..,..,..,..,..,..,..
Cabbage,..REGION X (NORTHERN MINDANAO),7.96,6.73,10.58,18.51,15.49,14.13,8.32,8.05,10.47,11.51,10.16,10.54,11.04,10.50,16.08,7.86,10.76,8.71,13.81,18.55,12.47,10.23,11.66,11.37,16.46,12.37,13.07,9.02,7.69,6.80,9.55,17.16,14.20,17.04,10.77,10.53,10.91,11.43,11.51,16.22,15.44,14.05,14.34,15.91,15.15,10.76,15.47,12.74,12.45,11.22,10.03,13.65,15.66,15.85,13.28,12.97,9.60,10.70,14.39,14.89,13.72,12.80,14.70,17.34,13.83,17.71,12.43,13.49,21.31,19.90,18.09,16.16,11.86,15.93,17.77,13.25,13.64,15.96,11.59,16.40,25.07,26.25,23.23,26.09,13.91,16.44,14.98,18.18,17.42,29.29,19.90,29.51,22.29,14.95,13.48,15.16,26.71,26.55,24.33,21.23,24.06,22.66,24.14,22.09,18.82,12.39,12.22,15.09,18.74,19.85,18.95,20.31,25.23,20.82,21.28,15.64,18.28,11.04,21.41,16.07,44.25,42.05,23.22,10.73,10.86,11.87,11.24,15.50,9.94,19.02,8.67,11.38,11.17,23.25,27.25,17.28,9.22,7.71,22.17,18.80,43.50,33.64,19.50,40.55,14.46,11.77,17.10,9.38,20.59,30.95,48.44,46.79,27.70,21.72,41.75,27.60,39.20,18.02,10.78,26.71,20.36,30.08,28.31,26.64,32.66,28.16,43.96,35.69,28.38,35.41,24.00,12.88,20.42,22.12,19.31,29.71,23.07,30.50,38.77,18.44,27.47,25.18,39.38,27.50,15.00,63.00,38.95,39.53,50.25,34.00,42.89,30.00,30.00,30.00,36.71,27.39,20.00,15.00,26.51,33.78,25.72,26.84,28.37,28.89,29.19,34.28,37.69,27.80,30.24,30.00,22.72,..,..,..,..,..,..,..,..,..,..
Cabbage,..REGION XI (DAVAO REGION),5.67,6.30,6.63,10.09,13.27,14.51,11.07,11.30,11.44,11.62,11.64,12.11,10.47,13.58,17.67,15.03,13.50,10.03,17.74,18.94,14.34,12.31,12.15,12.27,20.08,14.80,17.94,12.52,11.56,11.57,11.79,15.79,13.40,16.79,15.72,13.96,9.72,10.18,13.41,11.37,19.75,16.75,19.59,13.79,12.19,13.82,19.53,18.38,13.22,11.30,11.98,15.14,12.72,21.85,19.54,16.37,18.00,21.25,19.23,14.01,14.45,15.23,16.42,22.41,17.62,11.03,12.48,13.28,28.82,26.44,27.34,21.81,18.28,17.92,16.57,16.36,16.36,18.89,12.53,17.47,29.22,36.04,38.68,20.19,16.91,14.24,13.44,25.42,20.30,36.59,23.42,28.99,23.94,12.19,11.06,15.36,28.91,41.50,28.74,22.98,23.89,30.74,28.31,24.72,16.23,15.68,12.99,9.78,24.42,23.93,23.32,26.57,30.12,28.39,23.97,19.43,21.24,13.99,29.97,21.98,31.63,36.89,18.12,29.27,23.84,20.03,19.34,17.64,18.95,23.47,14.98,17.34,17.43,27.98,23.80,21.91,13.96,13.10,14.67,15.67,25.89,26.94,19.47,35.38,19.87,13.78,15.42,14.85,23.42,34.65,28.72,20.95,19.46,17.39,21.98,22.16,19.72,14.02,13.04,15.09,20.50,27.62,22.84,32.28,23.59,20.83,28.50,23.21,21.77,23.59,22.62,22.29,20.66,21.37,23.30,35.44,26.77,21.82,22.72,23.23,24.61,24.04,21.50,21.50,21.00,13.77,17.50,17.50,26.50,26.50,26.50,35.00,35.00,30.00,24.36,14.00,12.50,8.38,19.00,20.00,15.54,22.50,20.00,23.03,40.00,16.64,40.00,20.97,22.00,22.00,14.36,..,..,..,..,..,..,..,..,..,..
Cabbage,..REGION XII (SOCCSKSARGEN),15.00,11.94,15.35,18.08,20.40,19.86,15.59,16.16,16.23,16.59,17.27,17.90,16.70,21.51,18.65,18.82,18.19,15.88,19.12,21.53,23.22,19.98,22.26,19.58,22.22,20.08,19.63,17.15,15.65,15.94,20.38,19.79,19.05,17.36,19.44,17.12,17.38,18.52,18.12,20.01,19.74,22.19,22.66,20.24,18.75,18.54,20.84,23.37,19.13,17.38,19.32,20.18,20.68,20.11,19.44,18.34,19.69,18.99,19.53,20.36,21.31,18.46,22.56,21.78,20.10,21.40,19.88,23.67,27.24,30.93,25.61,23.28,20.67,21.88,20.53,19.70,22.37,23.10,19.35,21.06,28.77,36.95,40.50,30.75,21.80,12.22,19.97,27.29,20.56,37.72,26.41,29.31,27.48,12.34,29.23,16.76,21.35,42.94,38.93,26.30,29.57,30.56,27.41,27.68,29.97,18.35,15.06,15.61,27.29,24.48,25.61,27.29,31.30,29.72,24.79,25.25,24.56,19.96,27.25,22.26,29.76,44.56,27.16,24.76,31.27,23.28,26.82,23.75,25.22,27.17,22.66,25.33,25.10,29.74,32.56,33.60,20.45,10.53,33.55,32.18,22.51,27.58,26.32,35.37,33.86,8.47,11.68,8.49,18.48,42.50,29.70,24.92,18.48,12.36,12.36,21.39,20.55,8.66,13.13,15.93,21.93,40.50,37.04,35.34,26.05,16.15,28.90,26.28,24.21,20.89,16.79,5.95,13.36,7.23,19.20,25.04,14.42,18.00,14.99,18.22,38.60,17.72,25.00,17.79,20.00,25.00,30.00,32.00,30.00,25.00,23.44,0.00,52.60,0.00,28.08,0.00,15.00,12.00,12.05,9.00,35.00,43.42,68.92,25.00,19.27,22.87,20.00,25.68,0.00,35.00,25.00,..,..,..,..,..,..,..,..,..,..
Cabbage,..REGION XIII (CARAGA),9.17,10.30,13.05,16.73,13.76,16.49,12.31,13.33,17.87,17.64,18.66,19.49,14.90,20.54,0.00,16.71,18.62,20.23,0.00,0.00,33.04,10.53,26.30,0.00,0.00,20.85,29.64,21.16,21.45,19.42,17.18,22.40,22.25,13.34,0.00,0.00,19.71,15.15,20.17,0.00,27.48,0.00,38.01,0.00,31.99,34.40,24.67,17.57,0.00,20.67,0.00,27.83,0.00,0.00,0.00,0.00,0.00,0.00,0.00,25.00,27.02,24.54,14.53,16.75,21.57,0.00,21.92,0.00,25.81,0.00,18.74,27.56,0.00,0.00,0.00,0.00,0.00,23.51,0.00,0.00,0.00,0.00,16.78,0.00,0.00,0.00,0.00,0.00,20.00,40.00,25.59,31.36,0.00,0.00,8.00,18.00,30.00,50.00,0.00,25.00,32.00,0.00,28.18,27.82,21.70,0.00,0.00,15.96,19.16,0.00,0.00,0.00,28.78,0.00,0.00,37.00,24.52,23.00,30.00,26.67,0.00,0.00,22.34,0.00,0.00,20.79,15.00,15.00,15.95,21.09,20.00,0.00,25.87,0.00,11.06,15.00,15.00,15.00,23.75,22.92,20.00,0.00,18.73,37.29,0.00,43.31,25.00,25.00,20.00,22.86,0.00,26.19,21.40,0.00,23.36,27.16,23.09,0.00,0.00,0.00,0.00,0.00,0.00,0.00,0.00,0.00,0.00,0.00,23.09,0.00,0.00,0.00,0.00,0.00,0.00,0.00,0.00,0.00,0.00,0.00,0.00,0.00,0.00,0.00,0.00,0.00,0.00,0.00,0.00,0.00,0.00,0.00,0.00,0.00,0.00,0.00,0.00,0.00,35.00,33.00,30.00,30.00,30.00,30.00,0.00,0.00,0.00,31.33,0.00,25.00,27.00,..,..,..,..,..,..,..,..,..,..
Cabbage,..BANGSAMORO AUTONOMOUS REGION IN MUSLIM MINDANAO (BARMM) 1/,19.50,19.00,19.75,19.25,18.25,18.75,17.50,18.00,17.50,18.50,17.50,18.00,18.46,0.00,0.00,0.00,0.00,0.00,0.00,0.00,0.00,0.00,0.00,0.00,0.00,0.00,0.00,18.00,18.31,0.00,0.00,0.00,0.00,0.00,0.00,0.00,0.00,0.00,18.16,0.00,0.00,0.00,0.00,0.00,0.00,0.00,0.00,0.00,0.00,0.00,0.00,0.00,0.00,0.00,0.00,0.00,0.00,0.00,0.00,0.00,0.00,0.00,0.00,0.00,0.00,0.00,0.00,0.00,0.00,0.00,0.00,0.00,0.00,0.00,0.00,0.00,0.00,0.00,21.18,21.11,21.10,21.06,21.08,26.08,26.08,21.06,21.07,0.00,0.00,0.00,22.20,0.00,0.00,0.00,21.51,21.04,21.05,21.11,21.18,21.20,21.25,21.27,21.34,21.22,19.01,19.19,19.00,19.30,19.18,19.03,19.11,19.17,19.19,19.19,19.19,18.88,19.12,19.05,19.05,18.95,16.99,18.13,17.39,22.47,23.49,23.40,20.10,20.00,0.00,19.91,0.00,0.00,0.00,0.00,0.00,0.00,15.90,12.62,25.09,15.00,16.29,0.00,16.98,21.75,22.31,24.62,20.65,16.58,19.14,11.53,30.00,20.00,20.86,30.00,32.14,22.47,0.00,0.00,0.00,0.00,0.00,0.00,0.00,0.00,0.00,0.00,0.00,0.00,0.00,0.00,0.00,0.00,0.00,0.00,0.00,0.00,0.00,0.00,0.00,0.00,0.00,0.00,22.84,29.63,24.50,0.00,0.00,0.00,0.00,0.00,38.00,30.00,0.00,0.00,28.99,32.96,57.50,34.31,29.50,0.00,0.00,30.00,35.43,29.48,28.27,28.24,0.00,33.97,28.55,26.82,38.60,..,..,..,..,..,..,..,..,..,..
Camote [Sweet potato],..REGION VII (CENTRAL VISAYAS),12.84,13.31,13.39,13.13,14.04,15.78,16.54,16.48,15.67,15.74,14.49,14.27,14.64,13.84,13.77,13.70,13.50,10.82,11.86,13.05,15.45,14.71,14.68,15.09,15.22,13.81,14.92,15.18,15.42,14.48,13.26,13.30,15.26,15.52,15.19,14.78,15.87,15.24,14.87,14.31,14.77,14.31,12.58,12.33,13.94,13.76,13.90,13.93,14.50,14.25,15.95,14.04,13.67,15.57,15.28,13.21,13.34,13.57,14.31,13.46,16.60,15.90,15.60,16.81,14.78,15.86,15.52,13.59,18.70,16.19,18.07,18.91,19.67,19.92,17.80,17.68,16.00,17.33,16.95,16.60,14.73,15.91,22.94,27.34,24.86,19.35,22.43,20.58,22.24,20.35,20.36,19.76,19.14,19.02,19.29,18.87,17.69,17.42,18.08,20.82,19.51,20.52,22.31,19.37,21.23,19.72,21.31,21.18,20.46,19.91,24.08,24.65,23.83,23.05,22.06,21.41,21.91,19.43,20.49,21.21,23.43,24.99,24.83,25.33,23.99,21.49,22.95,21.42,20.95,22.54,19.90,17.89,19.72,18.12,21.75,22.79,23.72,20.07,20.17,18.79,18.63,22.92,20.37,22.35,22.14,21.22,21.33,21.17,21.62,20.88,23.18,24.23,23.51,23.59,25.08,22.53,26.73,25.19,27.56,26.77,27.23,23.97,23.21,23.92,25.45,27.13,26.72,26.65,25.88,25.26,26.75,26.62,28.16,29.00,29.17,27.68,29.45,29.13,29.15,28.95,30.85,28.35,26.34,30.49,30.94,26.03,27.95,0.00,24.84,21.68,29.41,31.78,22.96,18.61,26.46,34.86,28.64,25.94,20.74,33.87,32.06,17.82,27.66,27.44,32.90,21.48,22.04,27.12,27.24,28.65,34.28,..,..,..,..,..,..,..,..,..,..
Camote [Sweet potato],..REGION VIII (EASTERN VISAYAS),11.41,11.59,11.94,11.85,11.95,12.07,12.61,11.92,11.85,12.29,12.37,12.24,12.01,12.68,12.97,12.98,13.64,13.68,13.66,13.49,13.37,13.86,14.03,14.45,14.34,13.60,14.49,14.09,14.35,14.39,14.01,13.96,13.99,14.21,13.77,14.01,13.91,13.92,14.09,13.76,13.93,14.11,14.42,14.59,14.78,14.91,15.09,15.27,14.33,15.18,15.41,14.65,16.18,15.57,15.61,15.67,16.92,16.76,16.56,17.33,16.95,14.75,17.19,17.73,16.44,15.04,14.84,15.31,15.49,15.65,17.01,16.63,16.92,16.92,16.47,16.68,15.95,16.08,15.47,14.40,14.17,14.16,15.60,14.37,16.07,15.84,15.67,15.66,16.09,17.65,15.43,16.89,16.50,16.15,16.13,16.38,16.25,15.82,14.86,15.57,16.02,16.33,16.85,16.15,17.25,16.22,17.24,17.12,18.27,17.77,18.94,17.87,18.53,18.89,17.56,19.44,17.93,17.68,17.33,19.64,19.97,18.54,20.82,21.20,18.63,19.44,18.91,20.65,21.93,19.56,19.98,18.85,20.48,21.12,20.85,17.78,17.47,18.57,18.62,20.52,18.57,20.07,19.41,19.62,18.92,18.46,16.88,18.02,19.50,18.90,18.98,19.24,19.29,18.97,21.36,19.01,22.53,22.01,25.57,23.53,25.08,25.74,23.30,25.36,23.76,25.42,25.54,23.74,24.30,24.90,26.89,28.16,28.01,28.05,25.21,26.80,27.98,28.83,28.97,29.05,30.15,27.75,28.27,30.53,30.29,27.72,27.73,27.24,26.69,28.90,30.09,30.25,33.52,31.69,29.41,28.65,32.53,28.94,37.62,33.70,40.57,35.90,38.33,33.58,34.36,34.76,27.13,33.84,27.94,32.84,32.73,..,..,..,..,..,..,..,..,..,..
Camote [Sweet potato],..REGION IX (ZAMBOANGA PENINSULA),8.24,7.32,7.11,8.05,10.35,9.54,9.51,11.24,12.40,9.56,9.62,9.15,9.34,8.28,7.85,8.62,8.60,9.20,10.13,10.19,10.90,11.34,9.95,10.37,9.17,9.55,9.58,10.13,9.61,11.41,11.91,11.85,13.06,10.07,9.87,12.42,11.36,10.02,10.94,9.29,9.83,9.62,10.26,12.03,12.33,13.36,11.10,10.09,9.98,10.99,10.53,10.78,10.94,9.78,10.32,9.84,10.44,11.01,12.97,12.74,13.12,11.92,9.41,10.96,11.12,10.41,10.17,12.00,13.15,13.19,14.40,12.43,12.61,12.12,13.48,12.70,12.56,12.44,12.28,13.71,14.33,14.47,13.99,13.79,13.05,16.54,14.64,14.28,14.64,14.35,14.17,13.61,13.39,13.88,14.15,12.73,13.84,14.56,16.39,12.67,12.96,11.16,13.71,13.59,12.84,13.40,13.45,14.44,18.23,15.82,16.61,16.32,13.59,13.81,14.63,14.11,14.77,13.67,13.65,15.87,15.77,16.64,18.42,19.31,17.14,14.52,14.52,13.26,14.01,15.57,17.08,15.03,16.37,16.94,18.47,14.88,16.80,16.96,16.09,13.88,14.40,15.19,16.01,13.59,13.31,12.92,13.78,13.59,13.43,13.56,13.42,15.21,14.41,15.04,17.04,14.11,16.36,15.46,16.07,17.56,17.78,16.88,17.60,18.56,19.34,18.59,19.96,20.33,17.87,21.95,20.19,20.42,21.62,20.78,20.93,21.41,22.97,22.91,21.65,21.75,21.46,21.50,23.53,20.03,22.18,24.80,22.05,15.01,26.08,25.75,29.94,24.06,24.13,25.00,23.55,19.34,20.32,20.45,24.10,27.08,27.41,29.34,22.90,21.13,19.78,24.05,18.55,22.87,20.42,20.60,19.67,..,..,..,..,..,..,..,..,..,..
Camote [Sweet potato],..REGION X (NORTHERN MINDANAO),8.79,9.18,9.06,9.38,9.22,9.20,9.37,9.80,9.47,9.84,9.48,10.41,9.43,9.44,9.65,9.43,10.29,10.43,10.55,10.75,10.45,10.66,10.57,10.72,10.58,10.29,10.61,10.14,11.13,10.93,11.36,10.68,10.85,9.89,10.12,10.44,10.72,11.05,10.66,10.88,10.84,11.24,11.59,11.85,11.96,11.78,11.84,11.67,11.47,11.72,11.25,11.51,12.55,12.15,12.39,12.92,12.38,12.48,12.34,12.22,12.39,12.64,12.76,12.96,12.52,12.89,13.09,13.43,14.15,14.05,14.32,12.89,14.27,13.18,12.98,13.84,14.13,13.60,13.67,13.81,14.34,15.80,17.01,15.53,16.33,15.51,16.25,15.21,13.94,17.33,15.39,14.09,13.81,13.70,12.81,13.10,12.31,14.51,14.32,14.27,13.98,14.58,15.05,13.88,14.20,14.09,15.05,14.96,14.43,14.64,14.92,14.66,15.82,15.16,16.19,15.41,14.96,17.09,15.80,17.87,18.99,18.20,17.75,17.13,16.16,15.83,16.94,16.23,17.27,17.11,15.69,16.18,16.34,16.44,17.08,18.00,17.11,17.33,17.09,16.69,16.29,17.28,16.79,17.05,16.82,15.36,14.85,14.98,15.89,18.10,19.38,18.71,18.10,18.08,20.01,17.28,20.27,18.75,21.10,20.47,19.84,20.96,18.99,21.66,21.82,20.71,22.51,24.17,20.94,21.99,22.96,21.60,23.47,24.08,24.81,24.06,23.51,24.18,23.94,22.37,23.69,23.39,19.35,23.50,21.52,18.69,16.80,16.62,23.19,22.98,24.16,21.34,20.69,14.12,20.25,17.13,24.09,19.51,21.97,19.13,23.80,22.65,21.54,19.47,19.79,24.46,24.14,21.47,24.32,24.69,30.93,..,..,..,..,..,..,..,..,..,..
Camote [Sweet potato],..REGION XI (DAVAO REGION),6.86,7.19,7.65,8.00,8.29,8.13,8.16,7.70,7.80,7.74,7.38,7.26,7.68,7.25,7.55,7.65,7.76,8.55,9.23,9.66,9.91,9.09,8.88,9.05,9.38,8.66,9.18,10.30,10.03,8.98,8.83,8.31,8.02,8.07,8.09,7.98,8.30,8.22,8.69,9.13,9.16,10.37,10.09,9.98,10.48,10.38,10.08,9.69,9.89,9.83,9.23,9.86,8.80,9.09,9.17,9.35,9.15,9.27,9.50,9.49,9.39,9.25,9.18,9.25,9.24,10.60,10.41,10.81,12.93,12.08,13.63,13.12,14.98,12.44,11.91,10.98,10.49,12.03,10.36,11.64,12.67,15.99,16.12,17.20,18.55,18.55,17.84,14.78,12.50,13.55,14.98,14.66,15.06,13.96,12.75,13.72,11.61,13.03,13.81,14.02,13.39,13.64,12.66,13.53,13.13,12.71,16.09,14.76,14.48,14.47,15.31,16.70,16.92,16.75,15.55,15.31,15.18,15.18,16.39,17.69,18.15,17.68,17.00,17.44,16.73,15.02,15.68,15.75,16.32,16.59,15.51,16.77,18.43,19.53,17.94,18.24,18.03,17.03,17.57,16.53,15.39,15.85,17.24,16.83,15.86,15.85,14.68,15.61,17.19,14.88,16.51,17.19,15.51,18.11,20.08,16.53,19.18,18.44,19.28,20.30,22.01,19.09,18.42,20.31,19.35,19.48,20.24,19.24,19.61,21.82,22.67,20.23,21.74,21.84,21.19,20.79,21.68,21.18,21.01,21.67,20.75,21.38,20.00,20.00,20.55,12.00,23.05,20.80,22.50,24.23,23.00,20.35,26.63,17.05,20.85,22.43,21.83,23.63,16.59,20.00,27.50,26.34,25.71,23.44,27.92,29.48,28.98,24.49,35.88,35.27,29.98,..,..,..,..,..,..,..,..,..,..
Camote [Sweet potato],..REGION XII (SOCCSKSARGEN),10.00,9.81,8.72,8.46,9.20,8.37,8.85,9.01,8.75,9.19,8.78,8.74,8.99,8.45,8.34,8.28,8.68,9.78,10.49,13.41,9.18,8.77,8.71,8.98,9.97,9.42,9.14,9.25,10.04,10.29,9.24,9.08,9.40,9.39,9.01,9.60,9.56,9.49,9.46,10.02,9.72,10.04,9.47,9.46,9.79,10.50,9.85,9.65,9.38,9.41,9.54,9.74,10.00,9.83,8.56,9.01,8.62,8.73,9.31,9.18,10.00,9.56,10.17,10.06,9.42,9.81,10.29,10.34,10.35,11.12,10.99,11.88,10.35,11.32,10.52,10.13,10.02,10.59,8.99,10.10,10.45,12.70,16.61,18.08,18.00,17.29,15.90,13.93,12.18,14.09,14.03,16.22,12.13,14.17,13.05,10.55,11.39,11.74,11.67,12.43,12.74,12.12,13.65,12.66,13.13,12.61,13.32,12.10,13.16,14.64,14.85,15.52,15.87,14.66,16.58,14.62,14.26,16.14,15.96,16.03,15.83,18.30,18.17,18.12,17.93,16.00,15.86,14.84,16.50,16.64,15.92,13.67,15.58,15.63,17.63,18.20,18.36,18.07,18.13,14.44,17.38,16.25,16.61,17.14,16.34,14.54,16.40,14.92,16.38,17.64,18.35,19.47,19.12,19.96,20.78,17.59,21.55,21.47,23.40,22.28,23.14,20.06,20.50,22.02,23.66,19.39,19.07,20.44,21.42,19.81,22.34,23.27,24.99,25.81,25.29,24.16,22.57,23.10,25.00,20.27,22.17,23.23,24.73,23.07,23.33,21.83,27.92,26.41,23.33,22.10,19.90,31.17,27.43,27.30,24.88,27.72,28.42,25.06,22.46,24.12,24.00,27.61,23.06,26.89,18.14,19.96,16.52,23.66,25.41,21.72,20.47,..,..,..,..,..,..,..,..,..,..
Camote [Sweet potato],..REGION XIII (CARAGA),9.40,8.90,8.95,9.00,8.38,8.61,9.66,9.06,8.56,8.96,8.56,9.59,8.97,9.94,9.85,11.21,12.30,12.03,11.87,11.50,12.10,11.24,11.18,11.57,12.25,11.42,13.35,13.76,12.81,13.59,13.41,11.73,12.62,12.11,12.77,12.29,12.49,12.49,12.79,12.30,12.97,14.30,12.88,13.32,12.18,12.89,13.05,13.95,13.49,13.16,13.44,13.16,12.70,13.54,13.61,15.24,13.79,12.99,13.97,13.43,13.07,12.72,13.24,14.96,13.61,13.96,13.14,14.42,13.58,14.84,15.22,14.12,15.90,14.90,13.18,14.31,14.23,14.32,14.37,13.61,13.98,13.46,14.62,14.08,15.70,16.36,15.72,14.82,13.91,15.50,14.68,17.92,16.98,17.79,16.98,16.94,17.45,16.76,15.55,17.27,16.23,17.02,18.03,17.08,16.54,17.62,18.43,19.26,18.39,19.10,20.81,19.12,21.44,21.15,18.83,19.31,19.17,18.88,19.71,19.22,19.07,19.21,20.68,21.80,20.99,20.00,19.20,21.18,20.57,20.04,20.97,20.18,20.05,20.38,20.98,20.38,19.99,20.90,20.79,22.70,20.29,19.82,20.62,21.72,19.71,21.51,20.46,21.25,20.80,21.27,21.78,21.04,20.18,20.00,20.63,20.86,23.82,24.08,26.85,27.46,28.64,28.67,25.95,26.66,25.49,24.79,26.82,26.87,26.34,25.11,25.99,26.20,27.40,26.99,26.42,28.37,28.03,27.56,28.69,26.83,26.88,27.04,35.07,19.91,30.04,28.62,18.79,25.38,29.33,30.02,28.00,26.67,29.46,34.14,27.95,23.87,48.22,25.28,30.17,20.93,21.92,34.97,33.41,20.13,14.82,14.74,14.00,25.20,20.52,38.33,28.15,..,..,..,..,..,..,..,..,..,..
Camote [Sweet potato],..BANGSAMORO AUTONOMOUS REGION IN MUSLIM MINDANAO (BARMM) 1/,9.83,11.04,11.10,11.66,11.77,11.84,12.04,12.16,12.31,11.26,11.21,12.26,11.54,13.43,14.91,13.43,12.07,12.50,13.85,12.84,12.45,12.68,11.90,13.42,12.85,13.03,14.27,12.13,14.27,15.01,15.19,15.65,16.90,16.85,16.54,15.79,15.46,16.08,15.35,16.11,17.70,17.39,18.16,17.56,18.29,19.15,19.98,21.27,20.40,20.88,14.22,18.43,21.24,21.13,18.33,19.52,19.69,18.87,18.29,17.27,16.56,16.34,15.34,14.52,18.09,14.40,16.93,16.98,17.46,18.71,20.44,19.78,19.39,19.42,19.48,18.68,19.49,18.43,19.31,19.28,19.64,20.82,21.58,21.67,21.44,23.01,23.50,23.00,22.88,22.94,21.59,23.97,24.52,25.05,22.55,21.84,22.53,22.53,21.79,23.69,23.83,23.50,24.66,23.37,25.59,22.11,21.55,24.45,25.77,25.30,22.74,22.10,23.22,22.44,21.72,21.85,23.24,20.51,23.28,23.62,22.43,22.95,23.65,24.06,26.72,26.89,23.04,23.16,26.70,23.92,26.99,26.80,26.25,21.86,21.59,21.67,20.37,21.86,22.07,20.96,20.38,26.24,23.09,20.12,19.53,20.10,19.15,18.43,17.85,18.68,16.92,16.63,17.24,16.81,14.97,18.04,22.09,21.61,21.28,21.55,21.47,21.88,22.07,20.60,22.07,22.54,21.90,22.32,21.78,24.14,22.87,23.75,22.63,23.83,23.43,23.75,25.23,25.30,27.41,28.59,29.11,25.00,23.61,22.23,26.57,54.07,26.54,49.20,28.06,30.24,31.66,26.81,25.79,20.56,30.44,35.82,15.14,20.17,21.72,14.03,22.39,26.70,21.73,30.15,26.81,28.63,28.82,24.34,23.77,28.81,27.97,..,..,..,..,..,..,..,..,..,..
"Cassava for food, fresh tubers",..REGION VII (CENTRAL VISAYAS),0.00,0.00,0.00,0.00,0.00,0.00,0.00,0.00,0.00,0.00,0.00,0.00,0.00,0.00,0.00,0.00,0.00,0.00,0.00,0.00,0.00,0.00,0.00,0.00,0.00,0.00,0.00,0.00,0.00,0.00,0.00,0.00,0.00,0.00,0.00,0.00,0.00,0.00,0.00,0.00,0.00,0.00,0.00,0.00,0.00,0.00,0.00,0.00,0.00,0.00,0.00,0.00,0.00,0.00,0.00,0.00,0.00,0.00,0.00,0.00,0.00,0.00,0.00,0.00,0.00,0.00,0.00,0.00,0.00,0.00,0.00,0.00,0.00,0.00,0.00,0.00,0.00,0.00,0.00,0.00,0.00,0.00,0.00,0.00,0.00,0.00,0.00,0.00,0.00,0.00,0.00,6.18,6.57,7.52,6.55,5.73,7.10,6.68,5.13,7.85,7.71,7.98,7.58,6.88,7.73,6.80,7.36,8.62,6.94,7.86,7.32,6.45,7.66,7.81,7.08,6.71,7.36,6.37,6.49,6.02,6.97,8.33,7.61,7.62,7.30,6.54,7.27,6.76,7.10,7.03,8.06,8.48,6.83,9.87,10.38,8.28,8.83,7.81,8.46,10.25,9.20,8.49,8.75,9.80,10.08,8.58,8.23,9.85,9.31,10.00,10.73,9.56,10.29,8.38,10.32,9.59,10.39,10.59,9.28,10.79,9.54,12.09,9.38,10.78,8.29,9.26,9.84,9.40,9.97,12.23,11.89,10.92,11.18,11.64,11.70,14.01,12.80,12.49,12.45,12.63,13.01,12.25,17.65,21.57,18.90,16.89,20.29,18.40,19.45,18.43,18.04,18.50,17.68,19.99,18.82,16.63,23.04,20.81,16.35,20.78,113.95,16.28,19.38,19.84,20.55,20.99,19.38,27.33,21.32,22.64,14.91,..,..,..,..,..,..,..,..,..,..
"Cassava for food, fresh tubers",..REGION VIII (EASTERN VISAYAS),0.00,0.00,0.00,0.00,0.00,0.00,0.00,0.00,0.00,0.00,0.00,0.00,0.00,0.00,0.00,0.00,0.00,0.00,0.00,0.00,0.00,0.00,0.00,0.00,0.00,0.00,0.00,0.00,0.00,0.00,0.00,0.00,0.00,0.00,0.00,0.00,0.00,0.00,0.00,0.00,0.00,0.00,0.00,0.00,0.00,0.00,0.00,0.00,0.00,0.00,0.00,0.00,0.00,0.00,0.00,0.00,0.00,0.00,0.00,0.00,0.00,0.00,0.00,0.00,0.00,0.00,0.00,0.00,0.00,0.00,0.00,0.00,0.00,0.00,0.00,0.00,0.00,0.00,0.00,0.00,0.00,0.00,0.00,0.00,0.00,0.00,0.00,0.00,0.00,0.00,0.00,10.65,10.25,11.08,11.28,9.23,10.93,10.30,10.95,11.05,12.26,11.62,10.02,10.80,11.66,11.15,11.61,11.87,10.46,12.24,12.74,12.05,12.49,12.55,11.11,13.13,11.92,11.54,10.96,12.02,12.63,12.98,13.66,14.26,13.58,11.67,13.00,14.19,15.06,12.96,14.80,12.29,14.45,13.56,13.11,12.96,13.17,13.35,15.42,14.71,13.85,15.01,13.89,14.61,13.40,14.00,12.71,12.58,13.38,12.90,12.44,14.64,12.96,12.98,15.23,13.49,16.39,15.28,17.61,19.42,16.83,17.62,21.50,14.95,16.71,14.84,15.49,18.39,17.09,17.50,19.65,17.56,18.34,19.14,17.90,19.79,19.95,20.93,21.41,20.75,22.89,19.65,22.23,20.78,23.09,10.96,10.38,10.70,22.98,24.53,27.92,20.99,21.49,18.76,19.57,20.88,21.99,27.71,20.29,24.92,25.95,18.93,25.47,18.78,17.11,14.55,19.28,21.32,16.22,24.48,19.70,..,..,..,..,..,..,..,..,..,..
"Cassava for food, fresh tubers",..REGION IX (ZAMBOANGA PENINSULA),0.00,0.00,0.00,0.00,0.00,0.00,0.00,0.00,0.00,0.00,0.00,0.00,0.00,0.00,0.00,0.00,0.00,0.00,0.00,0.00,0.00,0.00,0.00,0.00,0.00,0.00,0.00,0.00,0.00,0.00,0.00,0.00,0.00,0.00,0.00,0.00,0.00,0.00,0.00,0.00,0.00,0.00,0.00,0.00,0.00,0.00,0.00,0.00,0.00,0.00,0.00,0.00,0.00,0.00,0.00,0.00,0.00,0.00,0.00,0.00,0.00,0.00,0.00,0.00,0.00,0.00,0.00,0.00,0.00,0.00,0.00,0.00,0.00,0.00,0.00,0.00,0.00,0.00,0.00,0.00,0.00,0.00,0.00,0.00,0.00,0.00,0.00,0.00,0.00,0.00,0.00,6.17,7.20,7.03,7.68,7.57,7.13,6.75,7.48,7.09,7.01,6.87,7.10,7.09,7.29,7.01,7.10,7.19,8.20,8.00,7.68,7.25,7.60,7.25,6.77,7.24,7.38,7.22,9.88,8.37,8.31,6.62,8.04,8.45,8.72,7.99,8.03,8.63,9.32,8.30,8.13,9.61,9.45,10.23,11.37,10.18,9.81,9.16,9.16,9.42,8.85,9.40,9.56,9.77,9.77,10.23,11.20,11.12,10.99,10.43,10.75,11.29,11.57,11.44,12.13,10.89,11.52,10.73,10.72,11.35,10.04,12.39,10.65,11.97,11.97,11.72,12.68,13.95,11.64,12.51,12.05,12.71,13.33,13.05,12.05,12.44,12.49,11.31,12.80,12.03,11.84,12.38,18.88,19.73,19.29,20.00,19.38,14.85,16.83,13.44,18.85,14.92,14.27,17.52,17.33,17.12,16.63,14.33,17.38,24.58,12.48,15.51,16.44,13.92,14.42,16.52,18.94,16.52,16.39,13.36,13.57,..,..,..,..,..,..,..,..,..,..
"Cassava for food, fresh tubers",..REGION X (NORTHERN MINDANAO),0.00,0.00,0.00,0.00,0.00,0.00,0.00,0.00,0.00,0.00,0.00,0.00,0.00,0.00,0.00,0.00,0.00,0.00,0.00,0.00,0.00,0.00,0.00,0.00,0.00,0.00,0.00,0.00,0.00,0.00,0.00,0.00,0.00,0.00,0.00,0.00,0.00,0.00,0.00,0.00,0.00,0.00,0.00,0.00,0.00,0.00,0.00,0.00,0.00,0.00,0.00,0.00,0.00,0.00,0.00,0.00,0.00,0.00,0.00,0.00,0.00,0.00,0.00,0.00,0.00,0.00,0.00,0.00,0.00,0.00,0.00,0.00,0.00,0.00,0.00,0.00,0.00,0.00,0.00,0.00,0.00,0.00,0.00,0.00,0.00,0.00,0.00,0.00,0.00,0.00,0.00,5.01,4.98,6.05,5.59,5.68,5.84,5.63,5.71,5.70,5.88,6.07,5.87,5.67,5.69,5.51,5.12,4.97,5.28,5.22,5.46,5.13,5.62,4.89,5.34,4.80,5.25,5.46,5.20,5.69,6.16,6.61,6.75,6.46,6.49,7.07,7.14,7.81,8.27,6.59,7.29,7.66,8.50,8.80,7.83,7.66,7.64,7.70,7.97,8.09,8.65,8.51,8.03,8.32,8.20,9.66,8.28,7.90,8.55,8.59,8.66,8.98,8.30,7.95,8.54,8.49,8.89,9.67,11.41,9.32,9.34,10.10,9.71,9.88,9.47,9.42,9.52,9.14,9.66,10.54,12.08,10.90,10.80,12.12,11.24,10.93,11.24,12.24,11.68,11.43,11.50,11.39,10.67,11.61,12.57,9.26,10.19,8.17,18.46,16.76,17.10,13.03,15.60,3.22,12.22,14.40,15.21,14.44,14.38,13.09,17.73,12.83,14.29,26.77,17.91,16.77,16.31,16.18,15.79,14.90,15.22,..,..,..,..,..,..,..,..,..,..
"Cassava for food, fresh tubers",..REGION XI (DAVAO REGION),0.00,0.00,0.00,0.00,0.00,0.00,0.00,0.00,0.00,0.00,0.00,0.00,0.00,0.00,0.00,0.00,0.00,0.00,0.00,0.00,0.00,0.00,0.00,0.00,0.00,0.00,0.00,0.00,0.00,0.00,0.00,0.00,0.00,0.00,0.00,0.00,0.00,0.00,0.00,0.00,0.00,0.00,0.00,0.00,0.00,0.00,0.00,0.00,0.00,0.00,0.00,0.00,0.00,0.00,0.00,0.00,0.00,0.00,0.00,0.00,0.00,0.00,0.00,0.00,0.00,0.00,0.00,0.00,0.00,0.00,0.00,0.00,0.00,0.00,0.00,0.00,0.00,0.00,0.00,0.00,0.00,0.00,0.00,0.00,0.00,0.00,0.00,0.00,0.00,0.00,0.00,5.95,6.05,5.23,6.84,5.59,5.77,5.09,5.38,5.96,5.66,10.19,6.02,6.14,5.70,6.14,7.06,6.70,6.99,6.33,6.55,7.04,7.30,6.55,6.35,5.91,6.55,6.50,6.86,6.43,6.69,7.44,7.88,7.49,7.36,7.99,7.92,8.31,8.68,7.46,9.00,8.62,9.28,10.32,9.16,9.35,8.83,7.80,8.84,8.40,8.65,9.37,8.97,10.35,7.92,10.35,9.05,8.68,9.11,9.26,9.54,9.31,8.93,8.62,8.92,9.17,9.72,8.58,9.40,10.56,9.53,10.31,9.81,9.83,9.71,9.00,8.81,9.43,9.56,9.59,9.48,9.67,8.94,8.66,9.66,9.21,9.10,9.43,9.85,9.48,10.01,9.42,10.02,10.02,9.21,10.00,13.04,14.77,11.52,14.13,11.61,19.72,19.59,18.91,13.54,13.24,11.63,14.43,10.83,9.14,10.67,19.16,19.93,18.12,22.08,20.78,20.44,15.87,40.53,26.43,32.43,..,..,..,..,..,..,..,..,..,..
"Cassava for food, fresh tubers",..REGION XII (SOCCSKSARGEN),0.00,0.00,0.00,0.00,0.00,0.00,0.00,0.00,0.00,0.00,0.00,0.00,0.00,0.00,0.00,0.00,0.00,0.00,0.00,0.00,0.00,0.00,0.00,0.00,0.00,0.00,0.00,0.00,0.00,0.00,0.00,0.00,0.00,0.00,0.00,0.00,0.00,0.00,0.00,0.00,0.00,0.00,0.00,0.00,0.00,0.00,0.00,0.00,0.00,0.00,0.00,0.00,0.00,0.00,0.00,0.00,0.00,0.00,0.00,0.00,0.00,0.00,0.00,0.00,0.00,0.00,0.00,0.00,0.00,0.00,0.00,0.00,0.00,0.00,0.00,0.00,0.00,0.00,0.00,0.00,0.00,0.00,0.00,0.00,0.00,0.00,0.00,0.00,0.00,0.00,0.00,6.42,4.83,5.24,4.93,4.75,6.06,4.44,4.58,5.30,4.65,5.07,5.01,5.11,6.64,5.57,5.03,5.40,6.19,5.63,6.98,4.82,6.47,5.45,6.12,7.12,5.95,7.45,6.94,6.99,7.87,7.24,7.10,7.63,8.27,7.83,8.17,7.35,7.18,7.50,7.58,7.41,9.18,9.17,8.39,9.15,9.08,8.53,8.81,9.70,10.18,9.31,8.87,11.12,10.10,9.61,9.79,9.96,8.18,10.22,8.06,8.15,8.69,7.83,7.54,9.10,8.70,11.68,9.10,10.07,9.63,9.97,10.84,9.62,10.88,10.52,10.48,10.70,10.18,10.85,10.54,11.28,10.87,11.35,11.25,10.27,10.61,10.90,11.65,11.95,11.87,11.12,12.62,19.87,13.44,14.63,14.19,13.18,12.71,11.93,12.47,25.49,21.44,8.33,15.03,18.42,17.70,16.63,14.85,16.90,14.70,15.86,19.06,15.22,13.66,12.97,13.84,15.82,13.76,14.38,9.63,..,..,..,..,..,..,..,..,..,..
"Cassava for food, fresh tubers",..REGION XIII (CARAGA),0.00,0.00,0.00,0.00,0.00,0.00,0.00,0.00,0.00,0.00,0.00,0.00,0.00,0.00,0.00,0.00,0.00,0.00,0.00,0.00,0.00,0.00,0.00,0.00,0.00,0.00,0.00,0.00,0.00,0.00,0.00,0.00,0.00,0.00,0.00,0.00,0.00,0.00,0.00,0.00,0.00,0.00,0.00,0.00,0.00,0.00,0.00,0.00,0.00,0.00,0.00,0.00,0.00,0.00,0.00,0.00,0.00,0.00,0.00,0.00,0.00,0.00,0.00,0.00,0.00,0.00,0.00,0.00,0.00,0.00,0.00,0.00,0.00,0.00,0.00,0.00,0.00,0.00,0.00,0.00,0.00,0.00,0.00,0.00,0.00,0.00,0.00,0.00,0.00,0.00,0.00,10.96,10.64,10.70,10.62,9.90,10.65,10.75,10.11,9.63,9.92,9.55,10.82,10.35,11.30,11.61,11.77,11.17,12.77,10.52,10.93,12.23,11.01,11.55,11.05,11.93,11.49,13.58,12.10,12.74,12.51,13.55,12.25,14.53,16.09,14.85,12.83,12.94,12.33,13.36,12.92,12.50,12.94,12.64,12.61,14.10,13.18,12.56,13.11,13.07,12.72,14.38,13.06,14.38,16.14,15.01,15.83,15.29,13.76,13.84,12.62,11.53,12.48,12.53,11.40,13.73,14.19,13.47,13.15,14.38,14.81,14.39,16.33,16.74,17.92,17.59,17.19,16.95,15.59,17.67,18.87,18.01,18.16,19.68,19.24,17.92,19.68,19.91,20.42,19.28,21.61,19.20,18.71,20.05,23.45,22.94,22.63,22.16,18.22,17.92,19.38,21.62,22.86,18.11,20.67,22.37,18.04,15.37,23.85,15.57,16.30,15.19,14.50,12.15,12.56,12.34,13.01,15.94,18.04,17.71,18.51,..,..,..,..,..,..,..,..,..,..
"Cassava for food, fresh tubers",..BANGSAMORO AUTONOMOUS REGION IN MUSLIM MINDANAO (BARMM) 1/,0.00,0.00,0.00,0.00,0.00,0.00,0.00,0.00,0.00,0.00,0.00,0.00,0.00,0.00,0.00,0.00,0.00,0.00,0.00,0.00,0.00,0.00,0.00,0.00,0.00,0.00,0.00,0.00,0.00,0.00,0.00,0.00,0.00,0.00,0.00,0.00,0.00,0.00,0.00,0.00,0.00,0.00,0.00,0.00,0.00,0.00,0.00,0.00,0.00,0.00,0.00,0.00,0.00,0.00,0.00,0.00,0.00,0.00,0.00,0.00,0.00,0.00,0.00,0.00,0.00,0.00,0.00,0.00,0.00,0.00,0.00,0.00,0.00,0.00,0.00,0.00,0.00,0.00,0.00,0.00,0.00,0.00,0.00,0.00,0.00,0.00,0.00,0.00,0.00,0.00,0.00,13.60,13.32,14.04,12.76,13.43,13.89,15.28,15.23,15.87,15.68,15.82,16.71,14.64,17.34,15.73,15.78,14.96,16.75,15.72,15.16,15.48,16.12,17.80,17.23,17.05,16.26,18.99,19.23,18.95,19.31,19.62,21.10,21.95,26.71,27.07,21.19,21.25,20.13,21.29,28.84,23.58,28.57,24.43,24.24,23.83,22.86,23.99,23.60,22.88,22.74,20.11,24.14,24.19,22.81,22.91,22.49,17.81,16.77,15.74,14.62,14.61,14.92,14.92,10.70,17.71,16.56,15.01,16.10,16.17,16.28,16.79,17.02,17.42,17.66,18.27,19.33,15.48,16.84,20.81,23.56,16.39,23.11,25.93,27.93,16.53,16.68,16.42,29.82,19.19,24.71,21.76,22.25,23.00,24.88,15.52,17.55,12.67,24.33,22.50,26.13,20.05,17.23,21.12,20.60,18.92,18.83,14.69,16.51,16.47,17.51,13.14,19.63,12.41,20.45,21.21,16.37,17.18,23.40,24.31,25.79,..,..,..,..,..,..,..,..,..,..
"Cassava for industrial use, fresh tubers",..REGION VII (CENTRAL VISAYAS),0.00,0.00,0.00,0.00,0.00,0.00,0.00,0.00,0.00,0.00,0.00,0.00,0.00,0.00,0.00,0.00,0.00,0.00,0.00,0.00,0.00,0.00,0.00,0.00,0.00,0.00,0.00,0.00,0.00,0.00,0.00,0.00,0.00,0.00,0.00,0.00,0.00,0.00,0.00,0.00,0.00,0.00,0.00,0.00,0.00,0.00,0.00,0.00,0.00,0.00,0.00,0.00,0.00,0.00,0.00,0.00,0.00,0.00,0.00,0.00,0.00,0.00,0.00,0.00,0.00,0.00,0.00,0.00,0.00,0.00,0.00,0.00,0.00,0.00,0.00,0.00,0.00,0.00,0.00,0.00,0.00,0.00,0.00,0.00,0.00,0.00,0.00,0.00,0.00,0.00,0.00,3.05,3.09,3.08,3.48,0.00,3.49,3.33,3.45,2.50,2.50,3.17,3.49,3.15,2.99,2.74,3.04,3.22,3.27,3.17,6.18,1.98,5.00,0.00,0.00,0.00,3.51,0.00,0.00,0.00,0.00,0.00,0.00,0.00,0.00,0.00,0.00,0.00,0.00,0.00,0.00,0.00,0.00,0.00,0.00,0.00,0.00,0.00,0.00,0.00,0.00,0.00,0.00,0.00,0.00,0.00,0.00,0.00,0.00,0.00,0.00,0.00,0.00,0.00,0.00,0.00,0.00,0.00,0.00,0.00,0.00,0.00,0.00,0.00,0.00,0.00,0.00,0.00,0.00,0.00,0.00,0.00,0.00,0.00,0.00,0.00,0.00,0.00,0.00,0.00,0.00,0.00,0.00,0.00,0.00,0.00,20.00,0.00,0.00,0.00,13.00,16.50,15.00,0.00,16.13,0.00,0.00,0.00,0.00,0.00,5.00,24.02,20.18,19.96,18.13,16.29,5.00,15.51,5.00,17.47,13.92,..,..,..,..,..,..,..,..,..,..
"Cassava for industrial use, fresh tubers",..REGION VIII (EASTERN VISAYAS),0.00,0.00,0.00,0.00,0.00,0.00,0.00,0.00,0.00,0.00,0.00,0.00,0.00,0.00,0.00,0.00,0.00,0.00,0.00,0.00,0.00,0.00,0.00,0.00,0.00,0.00,0.00,0.00,0.00,0.00,0.00,0.00,0.00,0.00,0.00,0.00,0.00,0.00,0.00,0.00,0.00,0.00,0.00,0.00,0.00,0.00,0.00,0.00,0.00,0.00,0.00,0.00,0.00,0.00,0.00,0.00,0.00,0.00,0.00,0.00,0.00,0.00,0.00,0.00,0.00,0.00,0.00,0.00,0.00,0.00,0.00,0.00,0.00,0.00,0.00,0.00,0.00,0.00,0.00,0.00,0.00,0.00,0.00,0.00,0.00,0.00,0.00,0.00,0.00,0.00,0.00,3.20,2.59,3.49,3.68,3.16,3.00,4.28,3.11,5.27,4.63,3.00,4.56,3.66,0.00,5.20,4.34,3.00,3.00,3.00,3.00,3.00,3.06,3.20,3.99,5.78,3.69,3.02,4.41,6.28,5.91,5.92,7.11,6.47,6.22,6.00,6.00,6.00,6.00,5.78,5.18,3.00,6.08,6.06,6.05,7.85,5.92,6.00,10.44,8.50,8.57,7.74,6.78,0.00,0.00,0.00,0.00,0.00,0.00,0.00,0.00,0.00,0.00,0.00,0.00,0.00,0.00,0.00,0.00,0.00,0.00,0.00,0.00,0.00,0.00,0.00,0.00,0.00,0.00,0.00,0.00,0.00,0.00,0.00,0.00,0.00,0.00,0.00,0.00,0.00,0.00,0.00,15.50,14.50,15.49,9.99,13.01,14.01,18.25,16.54,16.00,13.12,15.28,0.00,14.70,17.91,18.53,29.98,14.86,17.90,15.85,19.50,19.72,17.40,24.25,24.48,24.47,20.40,16.67,0.00,13.89,..,..,..,..,..,..,..,..,..,..
"Cassava for industrial use, fresh tubers",..REGION IX (ZAMBOANGA PENINSULA),0.00,0.00,0.00,0.00,0.00,0.00,0.00,0.00,0.00,0.00,0.00,0.00,0.00,0.00,0.00,0.00,0.00,0.00,0.00,0.00,0.00,0.00,0.00,0.00,0.00,0.00,0.00,0.00,0.00,0.00,0.00,0.00,0.00,0.00,0.00,0.00,0.00,0.00,0.00,0.00,0.00,0.00,0.00,0.00,0.00,0.00,0.00,0.00,0.00,0.00,0.00,0.00,0.00,0.00,0.00,0.00,0.00,0.00,0.00,0.00,0.00,0.00,0.00,0.00,0.00,0.00,0.00,0.00,0.00,0.00,0.00,0.00,0.00,0.00,0.00,0.00,0.00,0.00,0.00,0.00,0.00,0.00,0.00,0.00,0.00,0.00,0.00,0.00,0.00,0.00,0.00,5.11,4.67,5.74,5.41,5.65,5.16,4.44,4.54,4.42,4.35,4.37,4.15,4.83,4.10,4.54,4.19,2.92,2.90,2.87,2.86,2.91,3.23,5.17,4.70,3.33,3.64,5.31,5.44,6.66,6.28,6.58,8.09,6.88,5.66,6.88,6.71,6.70,7.03,6.52,5.94,6.05,7.02,7.22,7.63,8.82,7.61,5.13,6.66,6.33,6.31,6.29,6.75,7.15,7.80,8.17,9.28,6.93,6.58,5.76,5.66,5.64,6.66,5.44,5.83,6.74,6.82,7.56,6.97,7.82,7.59,7.10,8.85,8.17,7.05,7.62,7.95,7.86,7.61,8.69,8.04,9.19,8.92,7.80,7.67,6.99,7.63,8.71,8.25,8.30,7.76,8.16,10.00,9.97,10.00,9.00,9.00,9.00,8.50,8.50,8.50,0.00,0.00,0.00,9.16,0.00,0.00,0.00,10.46,10.00,7.00,0.00,10.00,22.47,15.50,16.00,12.00,12.93,16.00,17.50,15.00,..,..,..,..,..,..,..,..,..,..
"Cassava for industrial use, fresh tubers",..REGION X (NORTHERN MINDANAO),0.00,0.00,0.00,0.00,0.00,0.00,0.00,0.00,0.00,0.00,0.00,0.00,0.00,0.00,0.00,0.00,0.00,0.00,0.00,0.00,0.00,0.00,0.00,0.00,0.00,0.00,0.00,0.00,0.00,0.00,0.00,0.00,0.00,0.00,0.00,0.00,0.00,0.00,0.00,0.00,0.00,0.00,0.00,0.00,0.00,0.00,0.00,0.00,0.00,0.00,0.00,0.00,0.00,0.00,0.00,0.00,0.00,0.00,0.00,0.00,0.00,0.00,0.00,0.00,0.00,0.00,0.00,0.00,0.00,0.00,0.00,0.00,0.00,0.00,0.00,0.00,0.00,0.00,0.00,0.00,0.00,0.00,0.00,0.00,0.00,0.00,0.00,0.00,0.00,0.00,0.00,2.81,2.71,2.36,2.33,2.45,2.58,2.50,2.31,2.35,2.41,2.40,2.47,2.47,2.51,2.44,2.58,2.61,2.51,2.52,2.59,2.54,2.76,2.82,2.91,2.96,2.65,3.12,3.22,3.14,3.42,3.32,3.36,3.42,3.31,3.59,6.81,7.34,3.23,3.94,3.22,3.38,3.53,3.85,3.54,3.07,3.05,3.22,3.39,3.21,3.35,3.86,3.39,3.22,3.27,3.12,3.22,3.05,3.03,3.19,2.97,2.94,3.00,3.10,3.09,3.10,2.94,2.99,2.96,3.17,2.97,3.45,3.23,3.55,3.63,3.84,3.37,3.64,3.31,3.75,3.42,3.82,3.51,3.76,4.14,4.17,4.02,4.21,4.03,4.01,3.74,3.88,7.72,3.77,6.90,4.55,3.39,4.12,4.40,4.18,4.39,8.19,8.18,7.22,5.58,4.69,3.57,3.73,3.80,5.74,4.50,3.48,3.43,3.00,3.72,5.96,3.88,4.12,3.20,4.12,8.30,..,..,..,..,..,..,..,..,..,..
"Cassava for industrial use, fresh tubers",..REGION XI (DAVAO REGION),0.00,0.00,0.00,0.00,0.00,0.00,0.00,0.00,0.00,0.00,0.00,0.00,0.00,0.00,0.00,0.00,0.00,0.00,0.00,0.00,0.00,0.00,0.00,0.00,0.00,0.00,0.00,0.00,0.00,0.00,0.00,0.00,0.00,0.00,0.00,0.00,0.00,0.00,0.00,0.00,0.00,0.00,0.00,0.00,0.00,0.00,0.00,0.00,0.00,0.00,0.00,0.00,0.00,0.00,0.00,0.00,0.00,0.00,0.00,0.00,0.00,0.00,0.00,0.00,0.00,0.00,0.00,0.00,0.00,0.00,0.00,0.00,0.00,0.00,0.00,0.00,0.00,0.00,0.00,0.00,0.00,0.00,0.00,0.00,0.00,0.00,0.00,0.00,0.00,0.00,0.00,4.88,4.18,3.52,4.77,4.25,3.36,3.59,6.02,5.42,5.31,6.08,7.51,4.91,5.97,5.57,5.41,6.32,6.54,6.93,2.65,3.14,3.32,3.29,4.78,3.64,4.80,3.23,3.84,3.43,3.51,3.74,3.97,3.58,3.48,3.55,3.60,3.55,3.66,3.60,3.65,5.78,5.75,6.40,5.91,6.45,6.43,6.44,6.41,6.27,6.68,6.29,6.04,7.00,6.49,6.88,6.96,6.79,7.02,6.63,6.78,6.83,6.47,7.09,6.74,6.81,6.67,6.23,6.08,6.01,5.64,6.20,6.19,6.34,6.39,6.73,8.95,6.44,6.49,7.06,6.66,7.37,7.17,6.88,6.62,7.11,6.98,6.76,7.07,7.11,7.09,6.99,8.50,8.50,8.50,8.50,8.50,8.50,8.00,8.00,8.00,0.00,0.00,0.00,8.33,10.00,10.30,10.00,10.00,9.00,0.00,10.00,10.00,10.00,0.00,0.00,0.00,9.91,12.00,12.00,12.00,..,..,..,..,..,..,..,..,..,..
"Cassava for industrial use, fresh tubers",..REGION XII (SOCCSKSARGEN),0.00,0.00,0.00,0.00,0.00,0.00,0.00,0.00,0.00,0.00,0.00,0.00,0.00,0.00,0.00,0.00,0.00,0.00,0.00,0.00,0.00,0.00,0.00,0.00,0.00,0.00,0.00,0.00,0.00,0.00,0.00,0.00,0.00,0.00,0.00,0.00,0.00,0.00,0.00,0.00,0.00,0.00,0.00,0.00,0.00,0.00,0.00,0.00,0.00,0.00,0.00,0.00,0.00,0.00,0.00,0.00,0.00,0.00,0.00,0.00,0.00,0.00,0.00,0.00,0.00,0.00,0.00,0.00,0.00,0.00,0.00,0.00,0.00,0.00,0.00,0.00,0.00,0.00,0.00,0.00,0.00,0.00,0.00,0.00,0.00,0.00,0.00,0.00,0.00,0.00,0.00,2.45,2.25,2.12,2.23,2.28,2.02,2.14,1.93,2.04,1.97,2.21,1.70,2.11,1.68,1.66,1.79,1.79,1.67,1.80,1.78,2.00,1.99,1.96,2.11,1.99,1.85,2.13,2.64,2.78,3.13,2.47,2.84,2.17,2.81,2.69,3.52,2.89,2.89,2.75,3.22,2.96,3.79,4.17,3.59,3.60,3.50,3.38,3.14,3.20,3.70,3.40,3.47,3.40,2.97,2.40,0.00,2.24,2.24,2.60,2.94,3.00,2.80,2.76,2.60,2.72,2.33,2.44,2.75,2.32,2.52,2.70,2.42,3.04,3.18,0.00,3.69,3.53,2.81,0.00,2.06,3.68,0.00,0.00,3.71,0.00,0.00,3.97,0.00,0.00,0.00,3.36,5.30,4.93,4.33,3.25,3.00,3.00,3.00,3.00,3.45,10.90,0.00,0.00,4.42,3.60,2.35,4.63,15.00,9.93,10.29,3.60,0.00,1.70,4.10,6.00,9.52,6.43,10.00,5.65,15.00,..,..,..,..,..,..,..,..,..,..
"Cassava for industrial use, fresh tubers",..REGION XIII (CARAGA),0.00,0.00,0.00,0.00,0.00,0.00,0.00,0.00,0.00,0.00,0.00,0.00,0.00,0.00,0.00,0.00,0.00,0.00,0.00,0.00,0.00,0.00,0.00,0.00,0.00,0.00,0.00,0.00,0.00,0.00,0.00,0.00,0.00,0.00,0.00,0.00,0.00,0.00,0.00,0.00,0.00,0.00,0.00,0.00,0.00,0.00,0.00,0.00,0.00,0.00,0.00,0.00,0.00,0.00,0.00,0.00,0.00,0.00,0.00,0.00,0.00,0.00,0.00,0.00,0.00,0.00,0.00,0.00,0.00,0.00,0.00,0.00,0.00,0.00,0.00,0.00,0.00,0.00,0.00,0.00,0.00,0.00,0.00,0.00,0.00,0.00,0.00,0.00,0.00,0.00,0.00,0.00,0.00,0.00,0.00,0.00,0.00,0.00,0.00,0.00,0.00,0.00,0.00,0.00,0.00,0.00,0.00,0.00,0.00,0.00,0.00,0.00,0.00,0.00,0.00,0.00,0.00,0.00,0.00,0.00,0.00,0.00,0.00,0.00,0.00,0.00,0.00,0.00,0.00,0.00,0.00,0.00,0.00,0.00,0.00,0.00,0.00,0.00,0.00,0.00,0.00,0.00,0.00,0.00,0.00,0.00,0.00,0.00,0.00,0.00,0.00,0.00,0.00,0.00,0.00,0.00,0.00,0.00,0.00,0.00,0.00,0.00,0.00,0.00,0.00,0.00,0.00,0.00,0.00,0.00,0.00,0.00,0.00,0.00,0.00,0.00,0.00,0.00,0.00,0.00,0.00,0.00,0.00,0.00,0.00,0.00,0.00,0.00,0.00,0.00,0.00,20.00,11.17,0.00,15.58,0.00,0.00,0.00,0.00,30.00,11.44,0.00,0.00,0.00,10.00,0.00,0.00,17.15,5.00,5.30,5.30,..,..,..,..,..,..,..,..,..,..
"Cassava for industrial use, fresh tubers",..BANGSAMORO AUTONOMOUS REGION IN MUSLIM MINDANAO (BARMM) 1/,0.00,0.00,0.00,0.00,0.00,0.00,0.00,0.00,0.00,0.00,0.00,0.00,0.00,0.00,0.00,0.00,0.00,0.00,0.00,0.00,0.00,0.00,0.00,0.00,0.00,0.00,0.00,0.00,0.00,0.00,0.00,0.00,0.00,0.00,0.00,0.00,0.00,0.00,0.00,0.00,0.00,0.00,0.00,0.00,0.00,0.00,0.00,0.00,0.00,0.00,0.00,0.00,0.00,0.00,0.00,0.00,0.00,0.00,0.00,0.00,0.00,0.00,0.00,0.00,0.00,0.00,0.00,0.00,0.00,0.00,0.00,0.00,0.00,0.00,0.00,0.00,0.00,0.00,0.00,0.00,0.00,0.00,0.00,0.00,0.00,0.00,0.00,0.00,0.00,0.00,0.00,0.00,0.00,0.00,0.00,0.00,0.00,0.00,0.00,0.00,0.00,0.00,0.00,0.00,0.00,0.00,0.00,0.00,0.00,0.00,0.00,0.00,0.00,0.00,0.00,0.00,0.00,0.00,0.00,0.00,0.00,0.00,0.00,0.00,0.00,0.00,0.00,0.00,0.00,0.00,0.00,0.00,0.00,0.00,0.00,0.00,0.00,0.00,0.00,0.00,0.00,0.00,0.00,0.00,0.00,0.00,0.00,0.00,0.00,4.63,0.00,0.00,0.00,3.72,0.00,4.18,0.00,1.30,1.34,2.15,0.00,0.00,0.00,0.00,0.00,0.00,0.00,0.00,1.60,0.00,0.00,0.00,0.00,0.00,0.00,0.00,0.00,0.00,0.00,0.00,0.00,0.00,0.00,0.00,13.00,0.00,0.00,0.00,3.00,3.70,3.66,14.53,15.04,14.75,9.67,2.66,14.23,14.50,0.00,2.90,7.00,14.72,12.61,11.87,0.00,7.33,0.00,9.76,8.56,6.88,9.12,..,..,..,..,..,..,..,..,..,..
"Eggplant, long, purple",..REGION VII (CENTRAL VISAYAS),22.58,19.46,20.53,21.56,19.04,22.51,16.10,18.38,17.34,17.62,19.57,19.66,19.53,26.34,25.75,22.92,24.75,27.77,24.30,23.77,24.55,21.31,23.79,22.12,21.95,24.11,24.22,23.82,22.30,21.99,20.62,19.00,20.51,22.31,23.09,19.66,22.36,20.53,21.70,23.16,23.64,23.21,24.01,21.39,18.55,21.49,21.79,21.35,23.68,27.16,24.54,22.83,33.68,27.02,24.13,25.10,19.62,19.20,22.40,21.83,21.54,21.23,21.46,26.28,23.62,30.88,26.87,27.46,32.41,25.50,26.54,25.55,25.54,22.48,23.43,22.02,21.93,25.88,23.99,27.94,24.88,32.66,35.20,23.28,21.10,28.42,28.12,25.03,26.10,26.89,26.97,34.24,39.22,34.06,30.01,25.35,24.58,27.61,27.99,30.04,32.09,31.27,34.09,30.88,46.11,36.68,36.83,37.32,35.03,31.26,34.98,37.06,37.59,24.52,29.94,33.60,35.08,36.01,41.77,38.27,41.48,41.31,39.35,39.06,39.56,39.94,37.53,37.02,34.80,38.84,38.01,36.77,42.16,41.89,44.41,33.20,35.59,33.18,32.18,38.19,37.24,41.38,37.85,54.96,50.84,47.81,46.25,46.42,41.98,36.78,39.39,39.31,36.65,40.25,41.83,43.54,63.81,47.93,48.92,42.69,46.55,41.99,40.84,39.47,39.40,39.35,42.91,41.17,44.59,52.35,54.52,47.34,51.03,46.51,39.55,38.98,43.00,44.30,44.12,41.80,41.75,45.44,47.62,41.13,44.54,48.50,46.34,54.84,34.76,38.12,33.79,46.11,41.32,40.97,43.17,43.84,40.34,41.02,49.89,47.89,48.11,49.94,46.73,48.67,43.36,51.44,30.58,45.15,44.72,49.50,50.96,..,..,..,..,..,..,..,..,..,..
"Eggplant, long, purple",..REGION VIII (EASTERN VISAYAS),19.87,19.37,19.98,19.18,19.74,17.10,18.15,16.59,16.63,17.15,18.75,21.02,18.63,32.34,30.48,30.85,26.93,29.58,30.70,29.31,26.39,24.53,23.67,21.41,22.57,27.40,23.46,25.18,23.69,20.89,23.09,25.31,25.56,26.41,27.02,25.55,25.57,23.67,24.62,27.09,24.74,24.98,25.07,26.40,26.59,26.58,27.38,27.68,27.75,33.01,31.14,27.37,40.21,35.38,35.24,30.45,26.31,23.17,30.38,28.75,28.38,28.10,28.88,27.97,30.27,38.55,31.84,32.85,33.36,28.73,27.22,21.41,20.53,21.45,21.90,22.77,24.88,27.12,24.13,24.63,23.79,25.38,27.99,25.05,23.31,25.32,23.31,22.33,26.21,30.03,25.12,25.58,28.73,26.94,28.94,26.36,26.50,28.03,24.93,27.65,28.59,28.49,37.50,28.19,43.75,44.16,42.61,37.80,37.33,30.74,30.98,28.02,31.23,28.97,30.38,31.72,34.81,34.64,33.00,31.97,34.70,33.13,28.38,26.19,28.90,31.97,29.94,31.80,32.14,31.40,33.91,36.64,35.85,38.33,31.75,29.12,28.40,27.66,31.53,33.92,33.80,35.72,33.05,54.17,48.07,48.44,48.04,42.00,38.13,36.69,37.08,37.78,37.56,39.76,46.77,42.87,54.52,47.15,51.22,52.22,47.43,52.04,48.77,44.91,42.51,43.40,40.32,50.96,47.95,60.79,60.07,59.38,53.06,50.25,38.25,38.85,37.65,41.95,38.71,46.11,43.91,47.42,47.80,45.95,48.58,36.97,32.26,26.96,43.47,36.76,43.77,47.14,46.76,41.25,41.47,45.50,47.33,47.50,46.95,42.17,50.62,56.09,69.81,42.15,58.46,58.81,76.55,53.49,54.40,63.94,43.84,..,..,..,..,..,..,..,..,..,..
"Eggplant, long, purple",..REGION IX (ZAMBOANGA PENINSULA),13.36,12.18,12.58,11.78,10.22,9.65,9.48,9.01,9.97,11.59,13.66,13.59,11.42,14.12,20.17,15.50,17.22,17.39,17.20,19.05,19.45,18.17,17.80,16.81,16.49,17.45,16.75,17.86,15.23,11.61,13.53,11.85,14.67,14.37,13.95,16.57,17.94,17.99,15.19,20.44,17.39,15.52,13.06,13.28,13.27,14.69,15.48,13.42,16.38,14.67,15.25,15.24,19.72,24.19,19.18,18.88,13.64,14.41,13.65,15.20,15.67,17.01,17.22,20.15,17.41,17.97,17.82,18.46,18.72,17.02,12.84,15.68,15.79,15.95,13.61,15.53,15.43,16.24,17.73,20.60,21.90,21.15,18.98,17.38,17.04,16.10,15.91,16.06,16.86,18.25,18.16,17.38,19.40,22.13,24.11,20.30,18.38,20.15,24.36,21.76,23.71,23.97,24.72,21.70,27.22,22.10,23.39,20.85,17.05,19.49,20.88,19.15,20.46,18.37,20.71,21.09,20.90,23.41,26.13,28.42,26.44,22.63,21.74,22.13,21.44,21.74,23.39,21.00,22.04,23.38,23.26,26.21,25.47,29.35,28.57,22.37,20.51,22.71,23.55,27.25,28.77,32.62,25.89,36.75,37.11,34.58,35.94,31.54,33.29,27.45,28.01,27.52,29.03,28.28,35.08,32.05,39.15,36.08,34.12,33.02,33.17,31.95,34.09,33.08,34.16,33.40,35.79,37.20,34.60,45.66,39.97,35.30,32.16,31.37,28.18,27.30,30.44,29.47,29.89,31.18,32.89,32.82,31.28,29.40,32.40,39.29,38.50,35.00,17.62,27.13,25.28,30.12,36.59,0.00,31.15,34.75,33.42,31.14,36.69,34.18,27.71,40.83,39.07,37.93,34.39,39.79,34.65,35.38,38.67,39.32,32.59,..,..,..,..,..,..,..,..,..,..
"Eggplant, long, purple",..REGION X (NORTHERN MINDANAO),16.28,14.81,17.58,17.91,14.65,13.01,13.98,12.84,13.01,12.71,15.06,14.28,14.68,18.93,19.90,18.54,18.43,19.55,18.07,17.24,18.13,16.30,16.85,16.32,16.86,17.93,18.25,18.15,17.26,16.12,14.38,13.95,14.66,13.87,14.17,14.55,15.35,14.50,15.43,16.95,18.33,17.63,16.50,15.39,14.85,12.56,13.36,13.10,15.86,15.80,14.28,15.38,24.23,20.19,23.15,20.56,19.01,16.35,16.45,15.56,16.83,17.54,18.44,18.29,18.88,22.53,22.51,21.73,24.08,20.81,19.83,17.46,16.20,15.87,19.33,18.77,19.28,19.87,21.37,21.04,22.11,22.37,22.14,20.74,18.49,17.95,17.45,18.66,21.94,19.81,20.34,26.75,25.64,25.10,21.79,23.61,20.66,20.67,20.27,22.53,21.17,22.58,25.51,23.02,23.80,24.85,25.90,24.06,25.70,21.39,26.09,23.17,24.26,25.72,25.43,25.09,24.62,26.59,30.47,31.54,34.88,34.69,30.18,26.25,25.68,26.25,28.43,26.18,25.00,28.85,26.47,28.41,31.01,28.23,27.69,26.28,23.58,24.45,20.97,25.11,26.21,26.69,26.26,31.89,30.82,32.02,31.66,30.61,31.25,28.64,28.99,30.21,29.60,30.76,33.37,30.82,42.44,41.16,37.14,34.90,38.14,35.30,36.79,34.13,33.55,33.20,34.46,37.31,36.54,43.67,39.23,39.91,39.83,37.66,32.89,32.50,31.03,31.70,28.54,32.51,30.41,34.99,37.72,35.74,36.39,22.83,23.93,22.96,36.64,37.03,37.03,26.67,32.15,13.67,30.23,24.97,30.12,34.17,25.07,30.38,25.34,33.52,40.82,32.44,35.97,32.82,39.81,32.12,40.16,35.18,36.56,..,..,..,..,..,..,..,..,..,..
"Eggplant, long, purple",..REGION XI (DAVAO REGION),11.24,9.03,9.94,8.98,8.82,7.13,7.59,7.37,7.45,8.13,8.42,8.71,8.57,14.40,15.88,14.92,13.61,13.49,13.91,13.65,13.93,9.52,10.50,8.99,10.30,12.76,11.52,12.10,11.17,11.65,10.18,8.73,8.81,9.21,8.23,9.31,10.84,12.20,10.33,19.44,14.67,13.61,13.14,8.17,7.88,7.69,8.22,8.67,11.30,9.65,10.67,11.09,17.91,16.93,15.67,12.31,10.28,9.15,10.11,9.92,8.96,8.84,10.26,9.80,11.68,15.35,11.24,14.40,20.80,12.08,11.11,10.77,11.05,9.96,9.83,11.40,11.48,12.46,14.51,16.69,20.44,20.66,12.43,11.83,14.30,12.85,12.87,12.87,13.80,15.63,14.91,24.25,23.45,25.44,18.70,18.27,16.35,16.89,16.85,14.61,13.16,19.86,14.00,18.49,25.25,17.88,18.59,19.69,13.71,16.18,14.79,16.28,17.12,17.01,14.87,17.15,17.38,27.65,29.69,29.30,25.39,24.38,19.32,18.61,20.15,19.55,19.92,16.24,17.49,22.31,18.67,18.10,21.78,21.85,20.34,15.66,15.35,15.14,14.74,17.58,19.25,21.86,18.36,35.25,32.11,29.02,33.24,25.96,22.80,25.44,25.04,18.99,19.05,20.92,22.37,25.85,33.27,28.18,31.50,29.83,29.24,28.61,29.80,27.34,25.03,28.28,27.32,23.56,28.50,30.96,32.32,29.59,29.40,26.08,23.70,26.26,25.53,26.41,24.96,26.22,25.01,27.20,39.10,36.24,32.07,31.55,32.51,18.58,24.55,21.08,23.43,27.14,32.94,30.16,29.11,37.19,39.63,41.77,20.00,26.71,24.09,30.00,32.48,35.63,30.00,27.23,30.00,31.23,48.29,47.84,44.79,..,..,..,..,..,..,..,..,..,..
"Eggplant, long, purple",..REGION XII (SOCCSKSARGEN),13.89,11.34,12.62,13.57,11.07,8.51,8.46,7.88,7.62,8.23,9.79,9.95,10.24,13.08,14.57,12.35,12.64,11.37,13.97,14.67,14.25,11.81,11.26,12.77,12.74,12.96,11.97,11.09,9.81,11.10,11.57,11.84,11.62,11.20,11.41,11.04,11.62,12.57,11.40,15.43,12.96,12.23,12.93,12.24,12.22,12.26,11.10,10.99,11.49,13.87,13.45,12.60,18.07,15.13,14.42,12.56,12.71,12.28,12.22,13.40,12.64,12.73,12.18,13.40,13.48,15.51,15.62,18.91,23.97,16.78,13.86,13.62,14.13,12.35,11.10,12.89,13.06,15.15,17.77,17.68,18.45,21.14,12.09,13.13,14.18,12.48,14.01,13.53,15.30,13.87,15.30,17.33,18.76,20.85,13.63,18.96,19.19,20.33,17.66,18.25,17.75,22.56,18.40,18.64,20.93,18.16,19.73,19.02,17.21,17.57,19.78,20.21,19.25,20.70,18.50,20.28,19.28,27.23,28.16,25.93,25.04,21.53,21.97,23.60,23.08,23.12,19.39,17.50,18.38,22.91,19.14,16.70,19.68,19.73,19.85,13.33,15.27,13.33,13.54,15.42,21.11,23.23,17.53,38.77,26.23,27.32,28.51,25.48,24.53,26.41,24.07,24.04,20.05,23.25,24.45,26.09,31.06,25.99,25.43,24.90,24.45,22.35,26.60,24.12,24.02,23.00,28.11,25.28,25.44,32.99,24.57,24.47,23.16,22.50,19.47,21.52,21.16,23.80,22.62,24.61,22.71,23.63,29.19,28.06,28.29,25.37,20.90,25.49,30.00,25.18,25.78,24.50,30.56,24.50,26.48,30.00,28.66,31.37,31.03,28.31,26.06,22.02,17.82,20.01,29.46,34.65,30.00,27.45,30.11,24.86,30.34,..,..,..,..,..,..,..,..,..,..
"Eggplant, long, purple",..REGION XIII (CARAGA),12.28,9.22,10.60,15.02,12.96,13.76,12.58,12.61,13.50,13.49,14.00,14.97,12.92,22.37,18.14,21.64,22.96,25.96,26.11,22.67,19.83,17.90,16.75,15.41,17.46,20.60,19.78,19.07,16.50,19.55,18.64,18.77,18.36,15.64,18.36,17.06,18.15,16.60,18.04,20.93,20.90,19.63,19.27,19.70,14.90,13.00,15.59,14.48,15.76,17.25,14.39,17.15,25.80,28.02,20.10,28.21,21.91,19.05,18.61,16.65,16.36,15.23,15.91,17.33,20.27,23.96,16.77,19.42,23.53,21.00,17.86,19.52,17.56,16.08,17.05,21.03,19.03,19.40,17.16,21.32,16.90,18.48,14.60,16.09,15.53,18.44,19.00,18.09,20.36,23.53,18.29,28.15,34.22,30.91,28.48,29.03,25.78,24.92,24.59,24.07,23.82,24.32,25.07,26.95,29.51,29.29,28.19,27.99,26.82,28.45,25.02,26.64,27.22,24.93,26.29,24.77,27.09,27.90,34.35,31.38,31.03,31.99,32.31,30.80,31.02,28.84,28.89,28.28,25.21,30.17,28.85,27.70,29.37,28.83,25.48,26.22,22.87,25.92,25.41,28.58,27.68,32.53,27.45,44.51,45.72,39.99,41.01,39.29,35.34,32.04,32.36,30.28,29.53,33.74,32.94,36.40,43.94,38.61,54.14,46.61,42.90,42.05,40.47,41.47,36.49,32.62,41.53,39.43,41.69,47.81,48.34,42.12,45.58,35.90,32.63,32.30,31.13,35.51,34.77,32.65,37.29,38.00,45.32,53.14,50.05,47.31,39.86,35.02,36.62,34.96,43.72,45.27,40.97,32.50,42.06,43.03,44.95,42.58,45.00,38.00,46.48,39.90,39.29,37.54,45.65,44.13,47.10,42.80,64.82,46.40,47.89,..,..,..,..,..,..,..,..,..,..
"Eggplant, long, purple",..BANGSAMORO AUTONOMOUS REGION IN MUSLIM MINDANAO (BARMM) 1/,16.90,19.61,19.08,21.44,18.93,17.70,17.20,17.94,17.12,14.93,13.18,14.09,17.34,18.30,25.37,25.86,19.38,19.04,23.99,19.91,17.57,14.35,12.40,12.31,14.44,18.58,11.03,15.74,16.59,20.18,17.85,18.18,21.18,21.48,18.09,17.65,16.47,20.90,17.95,21.83,21.28,18.17,19.74,20.44,22.08,22.70,21.02,24.52,24.13,24.83,26.19,22.24,26.82,25.89,25.26,25.65,26.17,23.08,23.12,22.60,18.11,18.87,18.50,17.43,22.63,16.73,12.19,15.64,17.27,17.64,19.07,21.12,21.17,21.87,20.99,21.10,17.05,18.49,23.91,22.45,25.05,25.86,20.83,25.09,25.55,25.69,26.87,20.15,18.49,19.34,23.27,21.28,20.35,21.00,23.88,24.81,25.20,25.56,25.74,26.11,24.16,24.92,27.10,24.18,28.13,26.24,24.78,24.85,25.63,25.83,25.33,26.16,26.16,22.75,24.47,23.75,25.34,22.64,21.76,25.57,25.36,26.80,26.53,27.20,27.37,26.30,24.89,24.82,24.95,25.35,24.61,24.58,26.59,26.68,26.15,23.42,24.60,22.99,22.52,22.96,23.69,24.44,24.44,26.61,24.09,25.25,28.08,27.34,26.77,26.66,26.96,23.25,26.60,26.67,28.53,26.40,26.14,26.24,26.11,25.32,25.51,26.06,26.04,26.17,27.47,27.98,30.11,31.54,27.06,28.59,21.74,23.20,22.84,22.37,22.55,24.39,24.83,25.38,24.95,28.26,29.14,24.85,32.50,35.08,35.86,44.93,49.12,45.42,31.13,30.02,29.33,45.93,52.20,0.00,39.23,0.00,44.12,46.61,40.00,33.33,72.80,37.80,43.23,41.17,28.55,43.02,0.00,43.06,41.90,36.31,36.09,..,..,..,..,..,..,..,..,..,..
"Eggplant, native, long",..REGION VII (CENTRAL VISAYAS),0.00,0.00,0.00,0.00,0.00,0.00,0.00,0.00,0.00,0.00,0.00,0.00,0.00,0.00,0.00,0.00,0.00,0.00,0.00,0.00,0.00,0.00,0.00,0.00,0.00,0.00,0.00,0.00,0.00,0.00,0.00,0.00,0.00,0.00,0.00,0.00,0.00,0.00,0.00,0.00,0.00,0.00,0.00,0.00,0.00,0.00,0.00,0.00,0.00,0.00,0.00,0.00,0.00,0.00,0.00,0.00,0.00,0.00,0.00,0.00,0.00,0.00,0.00,0.00,0.00,0.00,0.00,0.00,0.00,0.00,0.00,0.00,0.00,0.00,0.00,0.00,0.00,0.00,0.00,0.00,0.00,0.00,0.00,0.00,0.00,0.00,0.00,0.00,0.00,0.00,0.00,0.00,0.00,0.00,0.00,0.00,0.00,0.00,0.00,0.00,0.00,0.00,0.00,0.00,0.00,0.00,0.00,0.00,0.00,0.00,0.00,0.00,0.00,0.00,0.00,0.00,0.00,0.00,0.00,0.00,0.00,0.00,0.00,0.00,0.00,0.00,0.00,0.00,0.00,0.00,0.00,0.00,0.00,0.00,0.00,0.00,0.00,0.00,0.00,0.00,0.00,0.00,0.00,0.00,0.00,0.00,0.00,0.00,0.00,0.00,0.00,0.00,0.00,0.00,0.00,0.00,0.00,0.00,0.00,0.00,0.00,0.00,0.00,0.00,0.00,0.00,0.00,0.00,0.00,0.00,0.00,0.00,0.00,0.00,0.00,0.00,0.00,0.00,0.00,0.00,0.00,0.00,40.00,38.75,43.07,36.37,36.03,37.21,40.29,42.73,41.51,46.32,49.42,0.00,41.06,55.77,41.39,37.40,45.00,55.75,48.48,43.15,46.88,40.65,48.32,36.14,40.00,44.91,40.00,40.00,40.00,..,..,..,..,..,..,..,..,..,..
"Eggplant, native, long",..REGION VIII (EASTERN VISAYAS),0.00,0.00,0.00,0.00,0.00,0.00,0.00,0.00,0.00,0.00,0.00,0.00,0.00,0.00,0.00,0.00,0.00,0.00,0.00,0.00,0.00,0.00,0.00,0.00,0.00,0.00,0.00,0.00,0.00,0.00,0.00,0.00,0.00,0.00,0.00,0.00,0.00,0.00,0.00,0.00,0.00,0.00,0.00,0.00,0.00,0.00,0.00,0.00,0.00,0.00,0.00,0.00,0.00,0.00,0.00,0.00,0.00,0.00,0.00,0.00,0.00,0.00,0.00,0.00,0.00,0.00,0.00,0.00,0.00,0.00,0.00,0.00,0.00,0.00,0.00,0.00,0.00,0.00,0.00,0.00,0.00,0.00,0.00,0.00,0.00,0.00,0.00,0.00,0.00,0.00,0.00,0.00,0.00,0.00,0.00,0.00,0.00,0.00,0.00,0.00,0.00,0.00,0.00,0.00,0.00,0.00,0.00,0.00,0.00,0.00,0.00,0.00,0.00,0.00,0.00,0.00,0.00,0.00,0.00,0.00,0.00,0.00,0.00,0.00,0.00,0.00,0.00,0.00,0.00,0.00,0.00,0.00,0.00,0.00,0.00,0.00,0.00,0.00,0.00,0.00,0.00,0.00,0.00,0.00,0.00,0.00,0.00,0.00,0.00,0.00,0.00,0.00,0.00,0.00,0.00,0.00,0.00,0.00,0.00,0.00,0.00,0.00,0.00,0.00,0.00,0.00,0.00,0.00,0.00,0.00,0.00,0.00,0.00,0.00,0.00,0.00,0.00,0.00,0.00,0.00,0.00,0.00,43.66,40.60,44.20,43.66,40.60,44.20,49.31,31.42,39.38,40.01,37.13,30.00,40.35,39.72,60.00,39.80,50.00,47.01,47.72,43.24,55.95,36.33,56.09,56.48,49.45,48.48,52.76,47.94,45.18,..,..,..,..,..,..,..,..,..,..
"Eggplant, native, long",..REGION IX (ZAMBOANGA PENINSULA),0.00,0.00,0.00,0.00,0.00,0.00,0.00,0.00,0.00,0.00,0.00,0.00,0.00,0.00,0.00,0.00,0.00,0.00,0.00,0.00,0.00,0.00,0.00,0.00,0.00,0.00,0.00,0.00,0.00,0.00,0.00,0.00,0.00,0.00,0.00,0.00,0.00,0.00,0.00,0.00,0.00,0.00,0.00,0.00,0.00,0.00,0.00,0.00,0.00,0.00,0.00,0.00,0.00,0.00,0.00,0.00,0.00,0.00,0.00,0.00,0.00,0.00,0.00,0.00,0.00,0.00,0.00,0.00,0.00,0.00,0.00,0.00,0.00,0.00,0.00,0.00,0.00,0.00,0.00,0.00,0.00,0.00,0.00,0.00,0.00,0.00,0.00,0.00,0.00,0.00,0.00,0.00,0.00,0.00,0.00,0.00,0.00,0.00,0.00,0.00,0.00,0.00,0.00,0.00,0.00,0.00,0.00,0.00,0.00,0.00,0.00,0.00,0.00,0.00,0.00,0.00,0.00,0.00,0.00,0.00,0.00,0.00,0.00,0.00,0.00,0.00,0.00,0.00,0.00,0.00,0.00,0.00,0.00,0.00,0.00,0.00,0.00,0.00,0.00,0.00,0.00,0.00,0.00,0.00,0.00,0.00,0.00,0.00,0.00,0.00,0.00,0.00,0.00,0.00,0.00,0.00,0.00,0.00,0.00,0.00,0.00,0.00,0.00,0.00,0.00,0.00,0.00,0.00,0.00,0.00,0.00,0.00,0.00,0.00,0.00,0.00,0.00,0.00,0.00,0.00,0.00,0.00,10.69,27.50,25.00,10.69,27.50,25.00,12.46,30.08,10.00,31.02,28.34,30.00,22.36,0.00,31.59,28.14,28.35,36.91,38.35,39.68,39.73,40.87,39.23,38.09,38.09,36.28,40.61,40.00,37.64,..,..,..,..,..,..,..,..,..,..
"Eggplant, native, long",..REGION X (NORTHERN MINDANAO),0.00,0.00,0.00,0.00,0.00,0.00,0.00,0.00,0.00,0.00,0.00,0.00,0.00,0.00,0.00,0.00,0.00,0.00,0.00,0.00,0.00,0.00,0.00,0.00,0.00,0.00,0.00,0.00,0.00,0.00,0.00,0.00,0.00,0.00,0.00,0.00,0.00,0.00,0.00,0.00,0.00,0.00,0.00,0.00,0.00,0.00,0.00,0.00,0.00,0.00,0.00,0.00,0.00,0.00,0.00,0.00,0.00,0.00,0.00,0.00,0.00,0.00,0.00,0.00,0.00,0.00,0.00,0.00,0.00,0.00,0.00,0.00,0.00,0.00,0.00,0.00,0.00,0.00,0.00,0.00,0.00,0.00,0.00,0.00,0.00,0.00,0.00,0.00,0.00,0.00,0.00,0.00,0.00,0.00,0.00,0.00,0.00,0.00,0.00,0.00,0.00,0.00,0.00,0.00,0.00,0.00,0.00,0.00,0.00,0.00,0.00,0.00,0.00,0.00,0.00,0.00,0.00,0.00,0.00,0.00,0.00,0.00,0.00,0.00,0.00,0.00,0.00,0.00,0.00,0.00,0.00,0.00,0.00,0.00,0.00,0.00,0.00,0.00,0.00,0.00,0.00,0.00,0.00,0.00,0.00,0.00,0.00,0.00,0.00,0.00,0.00,0.00,0.00,0.00,0.00,0.00,0.00,0.00,0.00,0.00,0.00,0.00,0.00,0.00,0.00,0.00,0.00,0.00,0.00,0.00,0.00,0.00,0.00,0.00,0.00,0.00,0.00,0.00,0.00,0.00,0.00,0.00,0.00,0.00,0.00,0.00,0.00,0.00,36.36,35.68,35.85,22.73,22.63,21.72,29.16,29.57,30.74,25.59,31.37,42.11,33.40,36.67,29.61,28.52,35.80,35.42,45.00,33.65,40.79,33.13,22.67,..,..,..,..,..,..,..,..,..,..
"Eggplant, native, long",..REGION XI (DAVAO REGION),0.00,0.00,0.00,0.00,0.00,0.00,0.00,0.00,0.00,0.00,0.00,0.00,0.00,0.00,0.00,0.00,0.00,0.00,0.00,0.00,0.00,0.00,0.00,0.00,0.00,0.00,0.00,0.00,0.00,0.00,0.00,0.00,0.00,0.00,0.00,0.00,0.00,0.00,0.00,0.00,0.00,0.00,0.00,0.00,0.00,0.00,0.00,0.00,0.00,0.00,0.00,0.00,0.00,0.00,0.00,0.00,0.00,0.00,0.00,0.00,0.00,0.00,0.00,0.00,0.00,0.00,0.00,0.00,0.00,0.00,0.00,0.00,0.00,0.00,0.00,0.00,0.00,0.00,0.00,0.00,0.00,0.00,0.00,0.00,0.00,0.00,0.00,0.00,0.00,0.00,0.00,0.00,0.00,0.00,0.00,0.00,0.00,0.00,0.00,0.00,0.00,0.00,0.00,0.00,0.00,0.00,0.00,0.00,0.00,0.00,0.00,0.00,0.00,0.00,0.00,0.00,0.00,0.00,0.00,0.00,0.00,0.00,0.00,0.00,0.00,0.00,0.00,0.00,0.00,0.00,0.00,0.00,0.00,0.00,0.00,0.00,0.00,0.00,0.00,0.00,0.00,0.00,0.00,0.00,0.00,0.00,0.00,0.00,0.00,0.00,0.00,0.00,0.00,0.00,0.00,0.00,0.00,0.00,0.00,0.00,0.00,0.00,0.00,0.00,0.00,0.00,0.00,0.00,0.00,0.00,0.00,0.00,0.00,0.00,0.00,0.00,0.00,0.00,0.00,0.00,0.00,0.00,50.00,50.00,50.00,50.00,50.00,50.00,23.73,27.81,23.22,31.93,24.96,19.00,37.55,39.93,39.93,38.53,40.00,31.93,34.42,32.50,33.46,33.16,25.33,24.30,25.57,33.26,40.00,42.74,28.84,..,..,..,..,..,..,..,..,..,..
"Eggplant, native, long",..REGION XII (SOCCSKSARGEN),0.00,0.00,0.00,0.00,0.00,0.00,0.00,0.00,0.00,0.00,0.00,0.00,0.00,0.00,0.00,0.00,0.00,0.00,0.00,0.00,0.00,0.00,0.00,0.00,0.00,0.00,0.00,0.00,0.00,0.00,0.00,0.00,0.00,0.00,0.00,0.00,0.00,0.00,0.00,0.00,0.00,0.00,0.00,0.00,0.00,0.00,0.00,0.00,0.00,0.00,0.00,0.00,0.00,0.00,0.00,0.00,0.00,0.00,0.00,0.00,0.00,0.00,0.00,0.00,0.00,0.00,0.00,0.00,0.00,0.00,0.00,0.00,0.00,0.00,0.00,0.00,0.00,0.00,0.00,0.00,0.00,0.00,0.00,0.00,0.00,0.00,0.00,0.00,0.00,0.00,0.00,0.00,0.00,0.00,0.00,0.00,0.00,0.00,0.00,0.00,0.00,0.00,0.00,0.00,0.00,0.00,0.00,0.00,0.00,0.00,0.00,0.00,0.00,0.00,0.00,0.00,0.00,0.00,0.00,0.00,0.00,0.00,0.00,0.00,0.00,0.00,0.00,0.00,0.00,0.00,0.00,0.00,0.00,0.00,0.00,0.00,0.00,0.00,0.00,0.00,0.00,0.00,0.00,0.00,0.00,0.00,0.00,0.00,0.00,0.00,0.00,0.00,0.00,0.00,0.00,0.00,0.00,0.00,0.00,0.00,0.00,0.00,0.00,0.00,0.00,0.00,0.00,0.00,0.00,0.00,0.00,0.00,0.00,0.00,0.00,0.00,0.00,0.00,0.00,0.00,0.00,0.00,0.00,24.43,24.67,0.00,24.43,24.67,20.00,15.00,22.50,32.32,31.50,31.97,25.15,0.00,18.00,24.03,30.00,0.00,18.00,28.00,28.00,28.00,23.20,20.00,20.00,23.72,20.00,20.00,20.00,..,..,..,..,..,..,..,..,..,..
"Eggplant, native, long",..REGION XIII (CARAGA),0.00,0.00,0.00,0.00,0.00,0.00,0.00,0.00,0.00,0.00,0.00,0.00,0.00,0.00,0.00,0.00,0.00,0.00,0.00,0.00,0.00,0.00,0.00,0.00,0.00,0.00,0.00,0.00,0.00,0.00,0.00,0.00,0.00,0.00,0.00,0.00,0.00,0.00,0.00,0.00,0.00,0.00,0.00,0.00,0.00,0.00,0.00,0.00,0.00,0.00,0.00,0.00,0.00,0.00,0.00,0.00,0.00,0.00,0.00,0.00,0.00,0.00,0.00,0.00,0.00,0.00,0.00,0.00,0.00,0.00,0.00,0.00,0.00,0.00,0.00,0.00,0.00,0.00,0.00,0.00,0.00,0.00,0.00,0.00,0.00,0.00,0.00,0.00,0.00,0.00,0.00,0.00,0.00,0.00,0.00,0.00,0.00,0.00,0.00,0.00,0.00,0.00,0.00,0.00,0.00,0.00,0.00,0.00,0.00,0.00,0.00,0.00,0.00,0.00,0.00,0.00,0.00,0.00,0.00,0.00,0.00,0.00,0.00,0.00,0.00,0.00,0.00,0.00,0.00,0.00,0.00,0.00,0.00,0.00,0.00,0.00,0.00,0.00,0.00,0.00,0.00,0.00,0.00,0.00,0.00,0.00,0.00,0.00,0.00,0.00,0.00,0.00,0.00,0.00,0.00,0.00,0.00,0.00,0.00,0.00,0.00,0.00,0.00,0.00,0.00,0.00,0.00,0.00,0.00,0.00,0.00,0.00,0.00,0.00,0.00,0.00,0.00,0.00,0.00,0.00,0.00,0.00,37.13,40.00,43.14,37.13,40.00,43.14,20.19,21.76,20.94,30.00,25.00,0.00,32.58,31.35,23.83,25.00,15.00,15.00,15.00,50.16,48.57,40.80,39.68,40.00,25.00,30.78,30.63,47.57,60.00,..,..,..,..,..,..,..,..,..,..
"Eggplant, native, long",..BANGSAMORO AUTONOMOUS REGION IN MUSLIM MINDANAO (BARMM) 1/,0.00,0.00,0.00,0.00,0.00,0.00,0.00,0.00,0.00,0.00,0.00,0.00,0.00,0.00,0.00,0.00,0.00,0.00,0.00,0.00,0.00,0.00,0.00,0.00,0.00,0.00,0.00,0.00,0.00,0.00,0.00,0.00,0.00,0.00,0.00,0.00,0.00,0.00,0.00,0.00,0.00,0.00,0.00,0.00,0.00,0.00,0.00,0.00,0.00,0.00,0.00,0.00,0.00,0.00,0.00,0.00,0.00,0.00,0.00,0.00,0.00,0.00,0.00,0.00,0.00,0.00,0.00,0.00,0.00,0.00,0.00,0.00,0.00,0.00,0.00,0.00,0.00,0.00,0.00,0.00,0.00,0.00,0.00,0.00,0.00,0.00,0.00,0.00,0.00,0.00,0.00,0.00,0.00,0.00,0.00,0.00,0.00,0.00,0.00,0.00,0.00,0.00,0.00,0.00,0.00,0.00,0.00,0.00,0.00,0.00,0.00,0.00,0.00,0.00,0.00,0.00,0.00,0.00,0.00,0.00,0.00,0.00,0.00,0.00,0.00,0.00,0.00,0.00,0.00,0.00,0.00,0.00,0.00,0.00,0.00,0.00,0.00,0.00,0.00,0.00,0.00,0.00,0.00,0.00,0.00,0.00,0.00,0.00,0.00,0.00,0.00,0.00,0.00,0.00,0.00,0.00,0.00,0.00,0.00,0.00,0.00,0.00,0.00,0.00,0.00,0.00,0.00,0.00,0.00,0.00,0.00,0.00,0.00,0.00,0.00,0.00,0.00,0.00,0.00,0.00,0.00,0.00,32.00,0.00,0.00,32.00,0.00,0.00,37.67,42.14,0.00,38.68,51.14,50.00,40.52,48.05,44.53,43.17,39.53,39.53,39.55,30.00,39.98,40.49,54.66,41.23,41.95,41.89,40.15,42.31,46.47,..,..,..,..,..,..,..,..,..,..
"Eggplant, native, round",..REGION VII (CENTRAL VISAYAS),0.00,0.00,0.00,0.00,0.00,0.00,0.00,0.00,0.00,0.00,0.00,0.00,0.00,0.00,0.00,0.00,0.00,0.00,0.00,0.00,0.00,0.00,0.00,0.00,0.00,0.00,0.00,0.00,0.00,0.00,0.00,0.00,0.00,0.00,0.00,0.00,0.00,0.00,0.00,0.00,0.00,0.00,0.00,0.00,0.00,0.00,0.00,0.00,0.00,0.00,0.00,0.00,0.00,0.00,0.00,0.00,0.00,0.00,0.00,0.00,0.00,0.00,0.00,0.00,0.00,0.00,0.00,0.00,0.00,0.00,0.00,0.00,0.00,0.00,0.00,0.00,0.00,0.00,0.00,0.00,0.00,0.00,0.00,0.00,0.00,0.00,0.00,0.00,0.00,0.00,0.00,0.00,0.00,0.00,0.00,0.00,0.00,0.00,0.00,0.00,0.00,0.00,0.00,0.00,0.00,0.00,0.00,0.00,0.00,0.00,0.00,0.00,0.00,0.00,0.00,0.00,0.00,0.00,0.00,0.00,0.00,0.00,0.00,0.00,0.00,0.00,0.00,0.00,0.00,0.00,0.00,0.00,0.00,0.00,0.00,0.00,0.00,0.00,0.00,0.00,0.00,0.00,0.00,0.00,0.00,0.00,0.00,0.00,0.00,0.00,0.00,0.00,0.00,0.00,0.00,0.00,0.00,0.00,0.00,0.00,0.00,0.00,0.00,0.00,0.00,0.00,0.00,0.00,0.00,0.00,0.00,0.00,0.00,0.00,0.00,0.00,0.00,0.00,0.00,0.00,0.00,0.00,0.00,0.00,0.00,45.00,50.00,30.00,34.42,30.00,0.00,45.81,45.00,0.00,40.03,0.00,0.00,0.00,0.00,0.00,0.00,20.00,25.00,0.00,0.00,0.00,45.00,30.00,0.00,0.00,0.00,..,..,..,..,..,..,..,..,..,..
"Eggplant, native, round",..REGION VIII (EASTERN VISAYAS),0.00,0.00,0.00,0.00,0.00,0.00,0.00,0.00,0.00,0.00,0.00,0.00,0.00,0.00,0.00,0.00,0.00,0.00,0.00,0.00,0.00,0.00,0.00,0.00,0.00,0.00,0.00,0.00,0.00,0.00,0.00,0.00,0.00,0.00,0.00,0.00,0.00,0.00,0.00,0.00,0.00,0.00,0.00,0.00,0.00,0.00,0.00,0.00,0.00,0.00,0.00,0.00,0.00,0.00,0.00,0.00,0.00,0.00,0.00,0.00,0.00,0.00,0.00,0.00,0.00,0.00,0.00,0.00,0.00,0.00,0.00,0.00,0.00,0.00,0.00,0.00,0.00,0.00,0.00,0.00,0.00,0.00,0.00,0.00,0.00,0.00,0.00,0.00,0.00,0.00,0.00,0.00,0.00,0.00,0.00,0.00,0.00,0.00,0.00,0.00,0.00,0.00,0.00,0.00,0.00,0.00,0.00,0.00,0.00,0.00,0.00,0.00,0.00,0.00,0.00,0.00,0.00,0.00,0.00,0.00,0.00,0.00,0.00,0.00,0.00,0.00,0.00,0.00,0.00,0.00,0.00,0.00,0.00,0.00,0.00,0.00,0.00,0.00,0.00,0.00,0.00,0.00,0.00,0.00,0.00,0.00,0.00,0.00,0.00,0.00,0.00,0.00,0.00,0.00,0.00,0.00,0.00,0.00,0.00,0.00,0.00,0.00,0.00,0.00,0.00,0.00,0.00,0.00,0.00,0.00,0.00,0.00,0.00,0.00,0.00,0.00,0.00,0.00,0.00,0.00,0.00,0.00,0.00,34.02,35.00,0.00,0.00,0.00,0.00,30.00,35.00,40.00,40.00,0.00,35.67,0.00,0.00,0.00,69.00,50.00,46.31,0.00,0.00,0.00,74.20,0.00,0.00,59.88,48.50,50.00,48.00,..,..,..,..,..,..,..,..,..,..
"Eggplant, native, round",..REGION IX (ZAMBOANGA PENINSULA),0.00,0.00,0.00,0.00,0.00,0.00,0.00,0.00,0.00,0.00,0.00,0.00,0.00,0.00,0.00,0.00,0.00,0.00,0.00,0.00,0.00,0.00,0.00,0.00,0.00,0.00,0.00,0.00,0.00,0.00,0.00,0.00,0.00,0.00,0.00,0.00,0.00,0.00,0.00,0.00,0.00,0.00,0.00,0.00,0.00,0.00,0.00,0.00,0.00,0.00,0.00,0.00,0.00,0.00,0.00,0.00,0.00,0.00,0.00,0.00,0.00,0.00,0.00,0.00,0.00,0.00,0.00,0.00,0.00,0.00,0.00,0.00,0.00,0.00,0.00,0.00,0.00,0.00,0.00,0.00,0.00,0.00,0.00,0.00,0.00,0.00,0.00,0.00,0.00,0.00,0.00,0.00,0.00,0.00,0.00,0.00,0.00,0.00,0.00,0.00,0.00,0.00,0.00,0.00,0.00,0.00,0.00,0.00,0.00,0.00,0.00,0.00,0.00,0.00,0.00,0.00,0.00,0.00,0.00,0.00,0.00,0.00,0.00,0.00,0.00,0.00,0.00,0.00,0.00,0.00,0.00,0.00,0.00,0.00,0.00,0.00,0.00,0.00,0.00,0.00,0.00,0.00,0.00,0.00,0.00,0.00,0.00,0.00,0.00,0.00,0.00,0.00,0.00,0.00,0.00,0.00,0.00,0.00,0.00,0.00,0.00,0.00,0.00,0.00,0.00,0.00,0.00,0.00,0.00,0.00,0.00,0.00,0.00,0.00,0.00,0.00,0.00,0.00,0.00,0.00,0.00,0.00,0.00,0.00,0.00,12.00,12.00,15.00,0.00,0.00,0.00,30.00,28.88,30.00,21.31,0.00,20.00,20.00,32.27,33.26,33.26,0.00,0.00,0.00,0.00,0.00,0.00,27.76,0.00,39.00,0.00,..,..,..,..,..,..,..,..,..,..
"Eggplant, native, round",..REGION X (NORTHERN MINDANAO),0.00,0.00,0.00,0.00,0.00,0.00,0.00,0.00,0.00,0.00,0.00,0.00,0.00,0.00,0.00,0.00,0.00,0.00,0.00,0.00,0.00,0.00,0.00,0.00,0.00,0.00,0.00,0.00,0.00,0.00,0.00,0.00,0.00,0.00,0.00,0.00,0.00,0.00,0.00,0.00,0.00,0.00,0.00,0.00,0.00,0.00,0.00,0.00,0.00,0.00,0.00,0.00,0.00,0.00,0.00,0.00,0.00,0.00,0.00,0.00,0.00,0.00,0.00,0.00,0.00,0.00,0.00,0.00,0.00,0.00,0.00,0.00,0.00,0.00,0.00,0.00,0.00,0.00,0.00,0.00,0.00,0.00,0.00,0.00,0.00,0.00,0.00,0.00,0.00,0.00,0.00,0.00,0.00,0.00,0.00,0.00,0.00,0.00,0.00,0.00,0.00,0.00,0.00,0.00,0.00,0.00,0.00,0.00,0.00,0.00,0.00,0.00,0.00,0.00,0.00,0.00,0.00,0.00,0.00,0.00,0.00,0.00,0.00,0.00,0.00,0.00,0.00,0.00,0.00,0.00,0.00,0.00,0.00,0.00,0.00,0.00,0.00,0.00,0.00,0.00,0.00,0.00,0.00,0.00,0.00,0.00,0.00,0.00,0.00,0.00,0.00,0.00,0.00,0.00,0.00,0.00,0.00,0.00,0.00,0.00,0.00,0.00,0.00,0.00,0.00,0.00,0.00,0.00,0.00,0.00,0.00,0.00,0.00,0.00,0.00,0.00,0.00,0.00,0.00,0.00,0.00,0.00,0.00,0.00,0.00,52.50,50.00,30.00,35.57,38.25,38.75,20.00,30.00,20.00,35.01,33.19,34.73,43.31,32.50,34.17,31.25,24.00,24.48,26.86,30.00,27.99,30.00,31.04,25.00,25.00,28.83,..,..,..,..,..,..,..,..,..,..
"Eggplant, native, round",..REGION XI (DAVAO REGION),0.00,0.00,0.00,0.00,0.00,0.00,0.00,0.00,0.00,0.00,0.00,0.00,0.00,0.00,0.00,0.00,0.00,0.00,0.00,0.00,0.00,0.00,0.00,0.00,0.00,0.00,0.00,0.00,0.00,0.00,0.00,0.00,0.00,0.00,0.00,0.00,0.00,0.00,0.00,0.00,0.00,0.00,0.00,0.00,0.00,0.00,0.00,0.00,0.00,0.00,0.00,0.00,0.00,0.00,0.00,0.00,0.00,0.00,0.00,0.00,0.00,0.00,0.00,0.00,0.00,0.00,0.00,0.00,0.00,0.00,0.00,0.00,0.00,0.00,0.00,0.00,0.00,0.00,0.00,0.00,0.00,0.00,0.00,0.00,0.00,0.00,0.00,0.00,0.00,0.00,0.00,0.00,0.00,0.00,0.00,0.00,0.00,0.00,0.00,0.00,0.00,0.00,0.00,0.00,0.00,0.00,0.00,0.00,0.00,0.00,0.00,0.00,0.00,0.00,0.00,0.00,0.00,0.00,0.00,0.00,0.00,0.00,0.00,0.00,0.00,0.00,0.00,0.00,0.00,0.00,0.00,0.00,0.00,0.00,0.00,0.00,0.00,0.00,0.00,0.00,0.00,0.00,0.00,0.00,0.00,0.00,0.00,0.00,0.00,0.00,0.00,0.00,0.00,0.00,0.00,0.00,0.00,0.00,0.00,0.00,0.00,0.00,0.00,0.00,0.00,0.00,0.00,0.00,0.00,0.00,0.00,0.00,0.00,0.00,0.00,0.00,0.00,0.00,0.00,0.00,0.00,0.00,0.00,0.00,0.00,36.76,0.00,0.00,0.00,0.00,0.00,0.00,0.00,0.00,36.76,0.00,0.00,0.00,0.00,0.00,0.00,30.00,0.00,0.00,0.00,0.00,0.00,30.00,0.00,0.00,0.00,..,..,..,..,..,..,..,..,..,..
"Eggplant, native, round",..REGION XII (SOCCSKSARGEN),0.00,0.00,0.00,0.00,0.00,0.00,0.00,0.00,0.00,0.00,0.00,0.00,0.00,0.00,0.00,0.00,0.00,0.00,0.00,0.00,0.00,0.00,0.00,0.00,0.00,0.00,0.00,0.00,0.00,0.00,0.00,0.00,0.00,0.00,0.00,0.00,0.00,0.00,0.00,0.00,0.00,0.00,0.00,0.00,0.00,0.00,0.00,0.00,0.00,0.00,0.00,0.00,0.00,0.00,0.00,0.00,0.00,0.00,0.00,0.00,0.00,0.00,0.00,0.00,0.00,0.00,0.00,0.00,0.00,0.00,0.00,0.00,0.00,0.00,0.00,0.00,0.00,0.00,0.00,0.00,0.00,0.00,0.00,0.00,0.00,0.00,0.00,0.00,0.00,0.00,0.00,0.00,0.00,0.00,0.00,0.00,0.00,0.00,0.00,0.00,0.00,0.00,0.00,0.00,0.00,0.00,0.00,0.00,0.00,0.00,0.00,0.00,0.00,0.00,0.00,0.00,0.00,0.00,0.00,0.00,0.00,0.00,0.00,0.00,0.00,0.00,0.00,0.00,0.00,0.00,0.00,0.00,0.00,0.00,0.00,0.00,0.00,0.00,0.00,0.00,0.00,0.00,0.00,0.00,0.00,0.00,0.00,0.00,0.00,0.00,0.00,0.00,0.00,0.00,0.00,0.00,0.00,0.00,0.00,0.00,0.00,0.00,0.00,0.00,0.00,0.00,0.00,0.00,0.00,0.00,0.00,0.00,0.00,0.00,0.00,0.00,0.00,0.00,0.00,0.00,0.00,0.00,0.00,0.00,22.00,0.00,0.00,0.00,0.00,0.00,0.00,0.00,0.00,0.00,22.00,0.00,0.00,0.00,0.00,0.00,0.00,0.00,0.00,0.00,0.00,0.00,0.00,0.00,0.00,0.00,0.00,..,..,..,..,..,..,..,..,..,..
"Eggplant, native, round",..REGION XIII (CARAGA),0.00,0.00,0.00,0.00,0.00,0.00,0.00,0.00,0.00,0.00,0.00,0.00,0.00,0.00,0.00,0.00,0.00,0.00,0.00,0.00,0.00,0.00,0.00,0.00,0.00,0.00,0.00,0.00,0.00,0.00,0.00,0.00,0.00,0.00,0.00,0.00,0.00,0.00,0.00,0.00,0.00,0.00,0.00,0.00,0.00,0.00,0.00,0.00,0.00,0.00,0.00,0.00,0.00,0.00,0.00,0.00,0.00,0.00,0.00,0.00,0.00,0.00,0.00,0.00,0.00,0.00,0.00,0.00,0.00,0.00,0.00,0.00,0.00,0.00,0.00,0.00,0.00,0.00,0.00,0.00,0.00,0.00,0.00,0.00,0.00,0.00,0.00,0.00,0.00,0.00,0.00,0.00,0.00,0.00,0.00,0.00,0.00,0.00,0.00,0.00,0.00,0.00,0.00,0.00,0.00,0.00,0.00,0.00,0.00,0.00,0.00,0.00,0.00,0.00,0.00,0.00,0.00,0.00,0.00,0.00,0.00,0.00,0.00,0.00,0.00,0.00,0.00,0.00,0.00,0.00,0.00,0.00,0.00,0.00,0.00,0.00,0.00,0.00,0.00,0.00,0.00,0.00,0.00,0.00,0.00,0.00,0.00,0.00,0.00,0.00,0.00,0.00,0.00,0.00,0.00,0.00,0.00,0.00,0.00,0.00,0.00,0.00,0.00,0.00,0.00,0.00,0.00,0.00,0.00,0.00,0.00,0.00,0.00,0.00,0.00,0.00,0.00,0.00,0.00,0.00,0.00,0.00,0.00,35.00,0.00,0.00,0.00,0.00,0.00,0.00,0.00,0.00,0.00,0.00,35.00,0.00,0.00,0.00,0.00,0.00,0.00,0.00,0.00,0.00,0.00,0.00,0.00,0.00,0.00,0.00,0.00,..,..,..,..,..,..,..,..,..,..
"Eggplant, native, round",..BANGSAMORO AUTONOMOUS REGION IN MUSLIM MINDANAO (BARMM) 1/,14.75,16.02,15.81,16.57,15.37,15.78,14.11,11.80,13.45,14.68,14.84,15.19,14.86,13.38,14.81,14.31,14.64,14.09,14.14,13.65,13.72,13.17,12.47,12.93,14.52,13.82,12.16,11.80,12.21,13.09,14.38,13.62,13.73,13.43,12.50,11.12,10.62,9.64,12.36,9.87,12.90,13.83,12.83,15.49,14.73,14.77,14.05,12.90,13.37,13.84,14.17,13.56,14.85,13.85,13.59,14.57,14.22,14.10,13.78,14.84,15.40,14.67,14.26,14.81,14.41,15.58,16.77,16.99,17.57,17.93,18.24,17.19,14.96,15.71,17.37,17.20,19.54,17.09,18.25,19.01,19.14,19.24,19.98,21.02,21.86,22.19,22.68,21.64,22.37,28.38,21.31,21.42,21.26,21.46,21.30,21.55,21.46,21.41,21.37,21.42,21.58,21.38,21.47,21.42,21.70,22.28,22.30,21.79,21.77,21.60,21.46,21.72,22.03,21.88,21.80,21.43,21.81,20.43,21.00,20.89,22.17,21.31,20.88,21.96,17.88,17.89,19.33,21.37,0.00,20.46,21.71,26.21,18.16,18.32,18.44,16.98,19.15,17.70,17.49,21.97,18.65,0.00,19.53,19.39,20.00,23.29,21.98,20.37,20.06,16.35,16.65,16.57,16.04,15.62,0.00,18.76,0.00,0.00,0.00,0.00,0.00,0.00,0.00,0.00,0.00,0.00,0.00,0.00,0.00,0.00,0.00,0.00,0.00,0.00,0.00,0.00,0.00,0.00,0.00,0.00,0.00,0.00,0.00,0.00,0.00,0.00,0.00,0.00,0.00,0.00,0.00,43.71,45.00,0.00,44.35,0.00,0.00,0.00,39.60,0.00,0.00,0.00,0.00,0.00,0.00,0.00,0.00,39.60,0.00,0.00,0.00,..,..,..,..,..,..,..,..,..,..
"Mongo [Mungbean], green, labo",..REGION VII (CENTRAL VISAYAS),46.74,51.47,52.02,52.26,53.64,52.72,53.88,54.25,52.86,52.51,53.54,55.80,52.64,56.96,59.87,56.25,60.74,59.13,64.85,59.05,59.46,59.87,53.20,60.99,59.77,59.18,59.55,59.94,61.59,57.34,57.54,57.57,57.72,50.67,52.81,51.14,50.97,53.38,55.85,52.07,53.01,55.88,52.76,56.06,56.27,47.32,51.37,53.04,53.41,54.92,56.61,53.56,61.02,58.27,57.43,57.03,55.20,55.64,55.17,57.20,54.14,58.34,61.74,62.64,57.82,67.16,64.78,62.45,53.54,61.51,57.79,62.00,59.01,64.52,64.46,61.67,60.25,61.60,61.92,61.59,61.87,60.60,66.29,60.00,51.00,59.23,66.22,61.20,65.49,72.01,62.29,58.53,60.01,60.34,62.21,62.40,61.71,50.64,60.00,60.49,56.53,60.42,66.59,59.99,60.88,61.15,58.05,63.24,58.64,59.40,52.44,48.15,43.68,63.93,61.48,44.01,56.25,58.06,59.86,59.20,60.57,60.00,0.00,57.50,60.00,66.31,58.76,57.68,56.04,59.45,51.76,55.94,55.44,79.72,67.44,60.16,52.50,70.48,65.25,58.14,60.00,59.62,61.37,60.00,49.87,72.00,75.65,68.64,74.00,76.00,80.00,85.00,80.00,71.43,58.00,70.88,60.00,59.85,43.48,55.00,63.08,55.00,60.00,72.45,60.00,56.90,65.51,60.14,59.28,100.00,70.00,70.00,70.00,65.00,57.96,60.00,0.00,0.00,0.00,0.00,0.00,70.42,80.00,80.00,65.00,0.00,80.00,0.00,0.00,82.50,0.00,72.35,0.00,0.00,76.64,0.00,0.00,0.00,0.00,0.00,55.00,0.00,0.00,0.00,69.78,0.00,0.00,62.39,75.45,76.80,65.00,..,..,..,..,..,..,..,..,..,..
"Mongo [Mungbean], green, labo",..REGION VIII (EASTERN VISAYAS),0.00,0.00,0.00,42.98,41.99,42.54,0.00,0.00,0.00,0.00,0.00,0.00,42.50,0.00,0.00,0.00,0.00,0.00,0.00,0.00,0.00,0.00,0.00,0.00,0.00,0.00,0.00,0.00,0.00,51.42,53.51,53.53,0.00,0.00,0.00,0.00,0.00,0.00,52.82,0.00,0.00,0.00,58.38,58.43,56.56,0.00,0.00,0.00,0.00,0.00,0.00,57.79,0.00,0.00,0.00,42.77,47.87,47.62,0.00,0.00,0.00,0.00,0.00,0.00,46.09,0.00,0.00,0.00,48.17,48.15,50.00,0.00,0.00,0.00,0.00,0.00,0.00,48.77,0.00,0.00,0.00,50.00,67.51,72.49,0.00,0.00,0.00,0.00,0.00,0.00,63.33,0.00,0.00,0.00,65.43,55.85,65.81,0.00,0.00,0.00,0.00,0.00,0.00,62.36,0.00,0.00,0.00,74.03,46.51,58.83,0.00,0.00,0.00,0.00,0.00,0.00,59.79,0.00,0.00,0.00,65.38,67.80,68.75,0.00,0.00,0.00,0.00,0.00,0.00,67.31,0.00,0.00,25.00,35.00,37.16,55.40,0.00,0.00,0.00,0.00,0.00,0.00,38.14,0.00,0.00,0.00,59.30,59.00,0.00,0.00,0.00,0.00,0.00,0.00,0.00,59.15,0.00,0.00,0.00,0.00,0.00,0.00,0.00,0.00,0.00,0.00,0.00,0.00,0.00,58.71,60.30,60.00,60.48,68.94,60.00,60.00,61.50,61.91,61.95,60.00,69.75,61.96,61.40,60.00,65.00,65.00,0.00,70.00,0.00,0.00,0.00,100.00,67.11,0.00,69.79,0.00,0.00,75.00,0.00,0.00,0.00,0.00,0.00,0.00,0.00,0.00,0.00,75.00,0.00,0.00,0.00,..,..,..,..,..,..,..,..,..,..
"Mongo [Mungbean], green, labo",..REGION IX (ZAMBOANGA PENINSULA),46.96,48.69,46.97,46.44,47.50,48.47,50.01,49.71,51.47,57.45,68.03,63.19,52.07,68.99,69.22,65.66,66.46,67.07,68.10,69.03,69.61,67.29,68.33,69.44,70.40,68.30,70.96,69.28,62.70,58.18,53.02,55.78,58.91,55.71,51.84,54.62,52.21,50.71,57.83,47.17,49.49,45.90,42.93,45.35,49.18,53.40,56.01,58.29,57.81,59.98,61.10,52.22,73.30,72.20,71.91,67.27,61.54,64.66,66.11,68.51,70.94,73.03,74.76,72.45,69.72,46.67,48.71,55.52,56.05,61.14,41.80,42.64,43.49,50.20,53.92,48.09,48.89,49.76,80.11,71.05,69.29,67.12,72.58,76.82,78.45,64.27,62.87,61.67,64.40,71.00,69.97,50.20,63.12,54.54,57.75,59.10,57.72,60.64,61.08,62.04,63.23,62.10,60.38,59.33,60.86,61.69,63.65,60.35,63.15,61.72,62.64,65.47,59.06,63.65,67.46,65.80,62.96,62.15,67.83,56.12,61.21,66.18,58.66,65.95,55.90,46.77,49.52,60.43,56.86,58.97,60.32,62.55,62.42,61.74,61.65,59.67,66.44,60.41,64.90,66.73,59.51,67.50,62.82,58.43,56.86,55.31,56.57,56.64,55.41,56.17,53.27,54.74,58.00,58.58,63.51,56.96,62.67,61.90,58.80,56.44,58.58,63.09,61.45,59.55,59.81,64.48,66.00,69.14,61.83,73.86,69.31,69.15,68.43,67.48,65.51,65.42,66.11,63.84,64.75,64.41,69.19,67.29,60.00,70.13,70.00,60.00,65.00,75.00,63.75,68.75,67.50,0.00,0.00,0.00,66.68,66.00,74.44,0.00,52.50,72.50,70.00,61.67,60.00,61.67,60.00,80.00,60.43,65.38,55.00,73.33,58.81,..,..,..,..,..,..,..,..,..,..
"Mongo [Mungbean], green, labo",..REGION X (NORTHERN MINDANAO),0.00,0.00,0.00,0.00,0.00,0.00,0.00,0.00,0.00,0.00,0.00,0.00,0.00,0.00,0.00,0.00,0.00,0.00,0.00,0.00,0.00,0.00,0.00,0.00,0.00,0.00,0.00,0.00,0.00,0.00,0.00,0.00,0.00,0.00,0.00,0.00,0.00,0.00,0.00,0.00,0.00,0.00,0.00,0.00,0.00,0.00,0.00,0.00,0.00,0.00,0.00,0.00,0.00,0.00,0.00,0.00,0.00,0.00,0.00,0.00,0.00,0.00,0.00,0.00,0.00,0.00,0.00,0.00,0.00,0.00,0.00,0.00,0.00,0.00,0.00,0.00,0.00,0.00,0.00,0.00,0.00,0.00,0.00,0.00,0.00,0.00,0.00,0.00,0.00,0.00,0.00,0.00,0.00,0.00,0.00,0.00,0.00,0.00,0.00,0.00,0.00,0.00,0.00,0.00,0.00,0.00,0.00,0.00,0.00,0.00,0.00,0.00,0.00,0.00,0.00,0.00,0.00,0.00,0.00,0.00,0.00,0.00,0.00,0.00,0.00,0.00,0.00,0.00,0.00,0.00,0.00,0.00,0.00,0.00,0.00,0.00,0.00,0.00,0.00,0.00,0.00,0.00,0.00,0.00,0.00,0.00,0.00,0.00,0.00,0.00,0.00,0.00,0.00,0.00,0.00,0.00,0.00,0.00,0.00,0.00,0.00,0.00,0.00,0.00,0.00,0.00,0.00,0.00,0.00,0.00,0.00,0.00,0.00,0.00,0.00,0.00,0.00,0.00,0.00,0.00,0.00,0.00,50.00,50.00,50.00,67.50,67.00,65.00,81.25,71.25,71.25,80.00,80.00,80.00,67.77,76.23,68.99,100.00,40.00,60.00,56.25,67.50,65.00,67.50,68.75,58.50,68.75,66.46,67.50,65.17,76.88,..,..,..,..,..,..,..,..,..,..
"Mongo [Mungbean], green, labo",..REGION XI (DAVAO REGION),56.95,63.24,61.46,63.08,60.44,56.11,61.55,63.05,55.60,53.07,63.07,64.09,60.14,66.57,65.96,69.29,67.85,63.92,62.57,63.77,63.87,64.72,64.63,63.50,59.02,64.64,58.02,60.63,59.18,55.09,40.90,43.69,42.25,43.58,37.18,36.22,37.91,36.76,45.95,54.47,59.31,60.30,58.13,53.24,52.10,53.49,59.51,60.27,49.25,52.40,52.86,55.44,62.86,67.55,59.37,62.55,62.05,62.66,58.86,59.05,57.18,56.99,59.97,55.92,60.42,60.36,62.35,63.05,60.40,60.45,58.19,58.88,55.80,61.85,61.13,62.39,60.00,60.40,60.00,65.71,61.62,59.41,50.00,60.00,53.47,55.31,52.50,51.18,56.78,60.26,57.19,61.61,66.97,65.64,67.68,62.38,71.68,64.14,57.20,69.43,74.81,63.46,55.45,65.04,66.86,50.56,72.64,51.58,65.35,51.88,58.88,55.63,58.91,54.80,54.07,51.16,57.69,57.16,58.26,67.75,73.58,51.31,43.85,50.09,46.23,60.43,63.77,55.18,53.40,56.75,56.81,48.60,50.36,41.05,42.94,48.20,59.67,56.32,40.61,35.97,40.67,49.03,47.52,52.63,45.17,48.03,59.04,54.28,46.00,49.53,51.10,65.37,49.77,54.90,51.99,52.32,66.52,67.24,62.96,59.66,74.83,59.86,61.09,76.16,57.44,65.61,57.70,60.00,64.09,77.50,62.02,66.48,54.31,66.58,67.32,68.45,67.68,60.76,53.91,60.78,59.94,63.81,68.66,63.40,63.40,63.40,63.40,63.40,0.00,0.00,0.00,0.00,0.00,0.00,64.28,50.00,50.00,50.00,50.00,50.00,50.00,50.00,50.00,50.00,55.00,55.00,55.00,51.25,40.00,40.00,40.00,..,..,..,..,..,..,..,..,..,..
"Mongo [Mungbean], green, labo",..REGION XII (SOCCSKSARGEN),48.21,49.14,49.56,49.44,48.34,47.07,48.75,52.96,52.71,53.37,54.27,53.90,50.64,0.00,0.00,0.00,0.00,0.00,0.00,0.00,0.00,0.00,0.00,0.00,0.00,0.00,45.12,46.99,44.75,46.50,42.93,46.65,46.53,46.05,39.96,42.54,43.93,42.31,44.52,38.95,40.47,41.99,40.76,38.89,36.80,36.69,36.37,40.78,39.08,40.22,37.77,39.06,38.86,39.75,39.79,38.65,38.13,40.61,42.22,44.74,44.33,45.85,45.54,44.19,41.89,48.28,52.91,47.79,45.72,47.50,49.03,48.13,51.39,54.66,55.63,56.76,51.60,50.78,50.12,54.22,41.85,39.80,42.18,44.53,58.09,45.81,42.03,41.00,0.00,42.94,45.69,50.38,60.59,55.81,46.61,43.47,44.54,48.57,0.00,49.54,47.85,53.50,67.50,51.67,75.27,56.98,45.04,37.85,45.90,43.64,42.70,45.56,0.00,0.00,0.00,60.00,50.33,0.00,54.06,40.49,34.04,38.21,48.30,0.00,44.94,0.00,0.00,0.00,41.27,43.04,48.12,49.35,40.78,39.53,39.22,51.82,0.00,0.00,0.00,0.00,0.00,0.00,44.80,50.00,54.02,50.28,47.84,42.85,46.11,49.86,51.47,56.36,80.82,0.00,80.00,55.42,66.21,66.78,45.25,46.93,44.56,46.42,60.00,0.00,0.00,0.00,0.00,0.00,53.74,0.00,46.00,44.98,44.51,56.59,70.00,0.00,0.00,0.00,0.00,0.00,57.76,53.31,37.41,39.43,41.82,0.00,34.33,0.00,80.00,57.50,80.00,0.00,0.00,0.00,52.93,0.00,0.00,0.00,0.00,0.00,50.00,60.00,75.00,75.00,75.00,75.00,80.00,70.00,63.80,70.00,0.00,..,..,..,..,..,..,..,..,..,..
"Mongo [Mungbean], green, labo",..REGION XIII (CARAGA),0.00,0.00,0.00,0.00,0.00,0.00,0.00,0.00,0.00,0.00,0.00,0.00,0.00,0.00,0.00,0.00,0.00,0.00,0.00,0.00,0.00,0.00,0.00,0.00,0.00,0.00,0.00,0.00,0.00,0.00,0.00,0.00,0.00,0.00,0.00,0.00,0.00,0.00,0.00,0.00,0.00,0.00,0.00,0.00,0.00,0.00,0.00,0.00,0.00,0.00,0.00,0.00,0.00,0.00,0.00,0.00,0.00,0.00,0.00,0.00,0.00,0.00,0.00,0.00,0.00,0.00,0.00,0.00,0.00,0.00,0.00,0.00,0.00,0.00,0.00,0.00,0.00,0.00,0.00,0.00,0.00,0.00,0.00,0.00,0.00,0.00,0.00,0.00,0.00,0.00,0.00,0.00,0.00,0.00,0.00,0.00,0.00,0.00,0.00,0.00,0.00,0.00,0.00,0.00,0.00,0.00,0.00,0.00,0.00,0.00,0.00,0.00,0.00,0.00,0.00,0.00,0.00,0.00,0.00,0.00,0.00,0.00,0.00,0.00,0.00,0.00,0.00,0.00,0.00,0.00,0.00,0.00,0.00,0.00,0.00,0.00,0.00,0.00,0.00,0.00,0.00,0.00,0.00,0.00,0.00,0.00,0.00,0.00,0.00,0.00,0.00,0.00,0.00,0.00,51.74,51.74,0.00,0.00,0.00,0.00,0.00,0.00,0.00,0.00,0.00,0.00,0.00,0.00,0.00,0.00,0.00,0.00,0.00,0.00,0.00,0.00,0.00,0.00,0.00,0.00,0.00,0.00,0.00,0.00,0.00,60.00,60.00,80.00,70.00,64.15,60.00,80.00,0.00,0.00,67.74,0.00,0.00,0.00,0.00,0.00,60.00,0.00,80.00,80.00,60.00,70.00,70.00,70.00,80.00,80.00,80.00,..,..,..,..,..,..,..,..,..,..
"Mongo [Mungbean], green, labo",..BANGSAMORO AUTONOMOUS REGION IN MUSLIM MINDANAO (BARMM) 1/,21.00,20.50,21.25,20.75,20.25,21.00,20.00,20.50,20.00,20.50,20.00,20.50,20.52,0.00,0.00,0.00,0.00,0.00,0.00,0.00,0.00,0.00,0.00,0.00,0.00,0.00,0.00,0.00,0.00,0.00,0.00,0.00,0.00,0.00,0.00,0.00,0.00,0.00,0.00,0.00,0.00,0.00,0.00,0.00,0.00,0.00,0.00,0.00,0.00,0.00,0.00,0.00,0.00,0.00,0.00,0.00,0.00,0.00,0.00,0.00,0.00,0.00,0.00,0.00,0.00,0.00,0.00,0.00,0.00,0.00,0.00,0.00,0.00,0.00,0.00,0.00,0.00,0.00,60.25,61.60,61.60,61.57,61.58,62.58,62.58,61.58,61.57,0.00,0.00,0.00,61.66,0.00,0.00,0.00,62.06,62.08,62.12,62.50,62.50,62.60,62.60,62.65,62.68,62.42,57.29,57.35,56.85,56.87,58.24,58.24,0.00,0.00,0.00,57.92,58.78,57.96,57.72,59.06,59.73,58.72,57.69,57.31,58.48,65.00,0.00,0.00,59.23,62.50,0.00,59.75,0.00,43.33,0.00,0.00,0.00,0.00,0.00,0.00,0.00,0.00,0.00,0.00,43.33,0.00,0.00,0.00,0.00,0.00,0.00,0.00,0.00,0.00,0.00,0.00,0.00,0.00,0.00,0.00,0.00,0.00,0.00,0.00,0.00,0.00,40.00,0.00,0.00,0.00,40.00,0.00,0.00,0.00,0.00,0.00,0.00,0.00,0.00,0.00,0.00,0.00,0.00,0.00,0.00,0.00,0.00,0.00,0.00,0.00,67.58,73.11,0.00,67.00,67.25,0.00,68.74,0.00,77.25,0.00,0.00,79.49,77.50,74.50,0.00,79.44,78.33,76.00,0.00,77.50,0.00,81.70,81.00,..,..,..,..,..,..,..,..,..,..
"Mongo [Mungbean], green, shiny",..REGION VII (CENTRAL VISAYAS),0.00,0.00,0.00,0.00,39.35,40.00,40.00,50.00,0.00,0.00,0.00,0.00,42.34,0.00,0.00,0.00,35.00,35.00,50.00,40.00,0.00,0.00,0.00,0.00,0.00,40.00,0.00,0.00,40.00,0.00,50.00,0.00,50.00,0.00,0.00,0.00,0.00,0.00,46.67,0.00,0.00,0.00,45.14,49.18,0.00,0.00,0.00,0.00,0.00,0.00,0.00,47.16,0.00,0.00,0.00,0.00,63.11,40.00,0.00,0.00,0.00,0.00,0.00,0.00,51.56,0.00,60.00,0.00,0.00,60.60,0.00,0.00,0.00,0.00,0.00,0.00,0.00,60.30,0.00,44.95,57.92,69.26,66.49,48.89,45.00,68.97,60.15,60.94,58.24,63.16,58.54,58.51,0.00,73.90,0.00,63.21,50.82,60.00,60.01,0.00,0.00,75.00,0.00,63.06,0.00,0.00,72.34,57.86,59.93,50.13,51.66,57.06,0.00,60.25,63.22,70.00,60.27,0.00,0.00,0.00,0.00,0.00,0.00,0.00,0.00,0.00,0.00,0.00,0.00,0.00,0.00,0.00,0.00,0.00,0.00,0.00,63.75,62.98,60.60,68.65,73.57,73.87,67.24,70.46,66.16,65.90,67.88,72.00,77.00,70.34,68.03,66.33,68.75,69.73,77.05,69.97,67.46,67.28,78.00,74.48,61.42,60.72,78.82,74.98,78.56,71.03,72.40,74.90,71.67,72.28,59.74,63.50,67.93,61.10,61.89,64.97,66.34,71.34,76.94,70.56,74.54,67.59,0.00,0.00,0.00,44.77,0.00,57.49,0.00,0.00,0.00,0.00,0.00,0.00,51.13,50.00,0.00,0.00,0.00,0.00,0.00,0.00,0.00,0.00,0.00,0.00,0.00,50.00,80.00,80.00,80.00,..,..,..,..,..,..,..,..,..,..
"Mongo [Mungbean], green, shiny",..REGION VIII (EASTERN VISAYAS),0.00,0.00,0.00,0.00,0.00,0.00,0.00,0.00,0.00,0.00,0.00,0.00,0.00,0.00,0.00,0.00,0.00,0.00,0.00,0.00,0.00,0.00,0.00,0.00,0.00,0.00,0.00,0.00,0.00,0.00,0.00,0.00,0.00,0.00,0.00,0.00,0.00,0.00,0.00,0.00,0.00,0.00,0.00,0.00,0.00,0.00,0.00,0.00,0.00,0.00,0.00,0.00,0.00,0.00,0.00,0.00,0.00,0.00,0.00,0.00,0.00,0.00,0.00,0.00,0.00,0.00,0.00,0.00,0.00,0.00,0.00,0.00,0.00,0.00,0.00,0.00,0.00,0.00,0.00,0.00,0.00,0.00,0.00,0.00,0.00,0.00,0.00,0.00,0.00,0.00,0.00,0.00,0.00,0.00,0.00,0.00,0.00,0.00,0.00,0.00,0.00,0.00,0.00,0.00,0.00,0.00,0.00,0.00,0.00,0.00,0.00,0.00,0.00,0.00,0.00,0.00,0.00,0.00,0.00,0.00,0.00,0.00,0.00,0.00,0.00,0.00,0.00,0.00,0.00,0.00,0.00,0.00,0.00,0.00,0.00,0.00,0.00,0.00,0.00,0.00,0.00,0.00,0.00,0.00,0.00,0.00,0.00,0.00,0.00,0.00,0.00,0.00,0.00,0.00,0.00,0.00,0.00,0.00,0.00,0.00,0.00,0.00,0.00,0.00,0.00,0.00,0.00,0.00,0.00,0.00,0.00,0.00,0.00,0.00,0.00,0.00,0.00,0.00,0.00,0.00,0.00,0.00,66.67,0.00,0.00,0.00,0.00,0.00,0.00,0.00,0.00,0.00,0.00,0.00,66.67,0.00,0.00,0.00,0.00,0.00,0.00,0.00,0.00,0.00,0.00,0.00,0.00,0.00,0.00,0.00,0.00,..,..,..,..,..,..,..,..,..,..
"Mongo [Mungbean], green, shiny",..REGION IX (ZAMBOANGA PENINSULA),32.63,32.92,33.15,33.18,36.34,36.83,32.02,32.79,32.23,36.07,39.80,36.82,34.57,36.47,34.05,39.73,40.58,37.93,37.96,37.12,38.10,38.27,38.39,38.91,36.45,37.83,38.30,37.65,38.76,37.14,39.63,39.47,38.24,37.88,40.00,40.14,38.92,36.81,38.58,38.47,35.60,38.62,37.85,39.56,36.85,47.21,37.15,39.15,41.73,40.91,40.56,39.47,40.30,39.08,40.64,39.38,38.52,40.36,38.57,38.00,36.94,37.32,38.49,41.91,39.13,42.13,40.33,40.14,40.59,41.86,42.41,42.50,41.98,41.93,43.22,42.85,43.67,41.97,45.00,45.60,45.25,47.20,44.59,47.51,48.00,47.08,47.63,46.87,48.69,46.18,46.63,45.45,47.15,46.97,46.23,46.96,46.93,47.20,48.44,46.90,52.04,64.29,58.75,49.78,52.70,50.63,50.66,58.99,52.96,56.99,61.73,59.53,0.00,0.00,33.31,52.45,53.00,52.75,47.59,43.00,0.00,55.00,0.00,0.00,47.71,45.93,52.22,51.16,51.41,49.64,0.00,0.00,0.00,0.00,0.00,0.00,0.00,0.00,0.00,0.00,0.00,0.00,0.00,0.00,0.00,0.00,0.00,0.00,0.00,0.00,0.00,0.00,0.00,0.00,0.00,0.00,0.00,0.00,0.00,0.00,0.00,0.00,0.00,0.00,0.00,0.00,0.00,0.00,0.00,0.00,0.00,0.00,0.00,0.00,0.00,0.00,0.00,0.00,0.00,0.00,0.00,0.00,0.00,0.00,0.00,0.00,0.00,0.00,0.00,0.00,0.00,0.00,0.00,0.00,0.00,0.00,0.00,0.00,0.00,0.00,0.00,0.00,0.00,0.00,0.00,0.00,0.00,0.00,54.00,54.00,54.00,..,..,..,..,..,..,..,..,..,..
"Mongo [Mungbean], green, shiny",..REGION X (NORTHERN MINDANAO),25.38,25.71,27.00,28.44,29.70,30.75,30.57,31.62,29.54,28.56,29.66,30.80,28.98,30.66,33.02,33.29,33.38,34.08,33.01,32.49,33.59,32.97,30.60,30.47,31.31,32.41,30.47,32.24,33.41,31.97,31.04,31.25,30.27,30.60,30.11,30.03,31.18,31.32,31.16,32.59,34.88,36.60,36.20,37.61,37.79,33.68,34.16,34.17,33.62,32.42,33.54,34.77,34.60,34.43,35.15,32.77,31.00,32.64,32.58,32.12,31.51,31.68,31.92,32.04,32.70,31.64,31.56,30.08,32.28,30.51,28.74,30.39,32.79,33.55,33.36,32.54,32.14,31.63,34.78,34.35,34.93,33.38,55.71,44.73,48.36,38.35,35.22,32.79,32.78,32.01,38.12,29.42,59.34,59.98,60.82,43.59,48.10,50.00,48.73,54.91,54.16,45.91,46.23,50.10,45.00,55.82,55.81,51.49,53.02,52.45,54.20,58.03,58.51,60.00,60.00,62.21,55.55,59.50,62.03,61.52,57.18,59.54,58.14,55.12,60.06,60.00,53.72,55.59,71.43,59.49,52.65,59.04,59.05,66.65,64.64,66.01,59.03,56.46,54.72,66.51,60.69,57.29,60.23,61.44,59.70,57.40,71.04,70.63,65.29,69.55,61.28,60.74,64.61,63.89,65.01,64.22,70.73,63.18,61.29,61.98,59.52,69.74,61.69,59.82,59.59,58.99,56.29,69.01,62.65,78.05,83.90,82.05,84.21,80.24,73.07,73.92,78.86,80.00,64.33,64.80,60.00,75.29,40.00,60.00,63.00,0.00,40.00,54.33,50.00,50.00,55.13,50.00,50.00,50.00,51.13,60.00,0.00,65.00,60.00,60.00,60.00,60.00,60.00,60.00,60.00,60.00,60.00,60.45,40.00,51.50,57.00,..,..,..,..,..,..,..,..,..,..
"Mongo [Mungbean], green, shiny",..REGION XI (DAVAO REGION),57.55,53.04,55.45,49.45,47.46,48.00,50.00,40.05,43.62,40.88,45.65,48.15,48.28,49.71,47.02,74.17,63.49,61.25,61.86,70.39,61.41,63.16,60.51,62.59,63.06,61.55,56.59,60.98,63.46,52.77,47.08,66.23,66.40,50.76,38.79,38.90,41.60,41.50,52.09,46.90,54.50,59.88,46.93,43.24,47.83,46.91,43.52,43.14,47.27,45.58,47.17,47.74,46.48,41.11,40.84,49.63,48.94,53.53,52.05,49.33,48.70,53.71,52.44,54.04,49.23,58.55,57.11,58.98,57.74,52.33,57.22,60.15,52.34,56.05,52.70,49.47,51.38,55.34,55.87,65.91,68.79,59.05,56.32,51.89,49.51,44.68,45.53,46.44,49.78,49.84,53.63,58.20,63.89,62.26,62.05,54.62,54.19,49.88,59.39,57.88,58.78,52.80,63.58,58.13,53.00,57.98,56.35,56.91,47.39,47.67,53.55,54.45,51.84,51.96,53.19,54.91,53.27,53.27,53.76,56.59,55.40,42.32,46.91,46.31,53.53,54.86,46.14,48.99,50.48,50.71,46.57,46.83,52.31,56.94,58.81,56.03,52.93,52.23,50.15,50.63,52.38,53.74,52.46,58.73,60.57,58.41,60.44,60.41,58.12,57.77,54.28,54.39,54.26,55.91,55.94,57.44,55.61,55.67,56.29,56.72,65.96,51.74,52.21,56.15,50.76,58.33,58.89,56.79,56.26,54.80,49.64,50.84,47.33,48.03,46.44,49.91,48.52,53.76,55.73,57.74,52.17,51.24,52.00,51.00,51.00,50.00,50.00,50.00,24.40,45.00,34.40,0.00,0.00,0.00,45.31,52.00,55.00,55.00,47.50,0.00,73.35,49.30,45.00,62.50,0.00,0.00,0.00,54.96,50.00,50.00,60.00,..,..,..,..,..,..,..,..,..,..
"Mongo [Mungbean], green, shiny",..REGION XII (SOCCSKSARGEN),54.86,57.67,54.18,47.44,48.82,50.28,49.18,49.53,52.65,53.49,54.26,53.55,52.16,54.73,52.75,53.11,53.35,50.37,57.62,64.42,49.93,50.55,45.20,45.49,47.05,52.05,39.82,36.17,38.55,37.68,36.52,36.40,34.62,34.38,32.08,31.73,30.51,30.32,34.90,31.83,33.17,34.59,31.55,31.72,30.31,29.31,31.19,33.07,35.22,37.19,38.38,33.13,37.78,40.30,39.71,42.82,44.14,42.83,40.89,40.02,41.69,43.08,45.60,47.66,42.21,48.18,49.78,45.42,45.50,44.86,43.51,41.95,39.52,41.53,42.63,41.89,41.67,43.87,43.31,45.09,44.06,46.38,40.56,40.15,44.54,50.26,52.17,53.93,52.24,45.66,46.53,49.25,51.03,50.15,42.96,48.64,47.52,48.21,50.28,48.61,55.95,49.36,58.19,50.01,55.63,54.65,50.31,44.57,40.20,35.91,37.26,37.94,42.60,45.98,46.10,44.61,44.65,44.29,42.83,43.74,36.48,42.07,38.24,38.37,38.02,45.48,45.40,46.43,41.66,41.92,44.19,48.33,49.34,39.70,39.23,48.58,50.70,63.60,48.41,68.13,57.69,57.62,51.29,55.89,61.39,57.38,46.59,51.69,54.50,51.71,58.57,78.25,88.38,72.50,84.25,63.43,70.09,52.01,59.75,50.86,36.54,39.26,46.15,44.73,45.76,47.52,38.26,49.31,48.35,0.00,0.00,0.00,0.00,0.00,0.00,0.00,0.00,0.00,0.00,0.00,0.00,0.00,49.11,60.75,60.00,46.67,0.00,0.00,80.00,61.50,72.00,0.00,0.00,0.00,61.43,0.00,0.00,0.00,40.85,0.00,0.00,0.00,0.00,0.00,0.00,78.00,0.00,59.43,0.00,80.00,0.00,..,..,..,..,..,..,..,..,..,..
"Mongo [Mungbean], green, shiny",..REGION XIII (CARAGA),0.00,0.00,0.00,0.00,0.00,0.00,0.00,0.00,0.00,0.00,0.00,0.00,0.00,0.00,0.00,0.00,0.00,0.00,0.00,0.00,0.00,0.00,0.00,0.00,0.00,0.00,0.00,0.00,0.00,0.00,0.00,0.00,0.00,0.00,0.00,0.00,0.00,0.00,0.00,0.00,0.00,0.00,0.00,0.00,0.00,0.00,0.00,0.00,0.00,0.00,0.00,0.00,0.00,0.00,0.00,0.00,0.00,0.00,0.00,0.00,0.00,0.00,0.00,0.00,0.00,0.00,0.00,0.00,0.00,0.00,0.00,0.00,0.00,0.00,0.00,0.00,0.00,0.00,0.00,0.00,0.00,0.00,0.00,0.00,0.00,0.00,0.00,0.00,0.00,0.00,0.00,0.00,0.00,0.00,0.00,0.00,0.00,0.00,0.00,0.00,0.00,0.00,0.00,0.00,0.00,0.00,0.00,0.00,0.00,0.00,0.00,0.00,0.00,0.00,0.00,0.00,0.00,0.00,0.00,0.00,0.00,0.00,0.00,0.00,0.00,0.00,0.00,0.00,0.00,0.00,37.43,38.20,63.20,58.60,56.60,55.00,57.40,48.25,57.20,54.05,57.40,0.00,53.03,67.50,0.00,64.00,63.75,68.70,61.93,63.84,65.88,65.92,64.13,63.90,0.00,64.96,54.25,55.56,57.00,54.56,55.16,58.52,57.57,0.00,54.83,61.65,62.92,66.67,58.06,0.00,53.08,0.00,54.02,50.00,53.30,63.43,67.13,68.24,60.00,0.00,0.00,58.65,0.00,60.00,60.00,0.00,60.00,0.00,0.00,0.00,0.00,80.00,0.00,0.00,65.00,0.00,0.00,0.00,60.00,60.00,100.00,60.00,60.00,80.00,100.00,0.00,100.00,77.50,100.00,0.00,100.00,..,..,..,..,..,..,..,..,..,..
"Mongo [Mungbean], green, shiny",..BANGSAMORO AUTONOMOUS REGION IN MUSLIM MINDANAO (BARMM) 1/,0.00,0.00,0.00,0.00,0.00,0.00,0.00,0.00,0.00,0.00,0.00,0.00,0.00,0.00,0.00,0.00,0.00,0.00,0.00,0.00,0.00,0.00,0.00,0.00,0.00,0.00,0.00,43.75,41.68,0.00,0.00,0.00,0.00,0.00,0.00,0.00,0.00,0.00,42.72,0.00,0.00,0.00,0.00,0.00,0.00,0.00,0.00,0.00,0.00,0.00,0.00,0.00,0.00,0.00,0.00,0.00,0.00,0.00,0.00,0.00,0.00,0.00,0.00,0.00,0.00,0.00,0.00,0.00,0.00,0.00,0.00,0.00,0.00,0.00,0.00,0.00,0.00,0.00,0.00,0.00,0.00,41.50,51.65,54.93,54.96,56.82,46.80,56.74,57.21,58.45,53.23,58.17,49.60,47.83,49.86,51.89,50.04,51.77,50.14,41.10,42.50,42.36,43.00,48.19,46.06,40.70,44.82,44.95,44.08,46.96,43.05,29.89,45.21,48.30,58.43,50.44,45.24,0.00,0.00,0.00,0.00,0.00,0.00,0.00,0.00,0.00,0.00,0.00,0.00,0.00,0.00,0.00,0.00,0.00,0.00,0.00,0.00,0.00,0.00,0.00,0.00,0.00,0.00,0.00,0.00,0.00,0.00,0.00,0.00,0.00,0.00,0.00,0.00,0.00,0.00,0.00,0.00,0.00,0.00,0.00,0.00,0.00,0.00,0.00,0.00,0.00,0.00,0.00,0.00,0.00,0.00,0.00,0.00,0.00,0.00,0.00,0.00,0.00,0.00,0.00,0.00,0.00,0.00,0.00,0.00,36.00,0.00,0.00,0.00,0.00,0.00,0.00,0.00,0.00,36.00,0.00,0.00,0.00,63.00,63.35,63.00,0.00,0.00,0.00,57.50,54.00,0.00,60.17,0.00,0.00,0.00,..,..,..,..,..,..,..,..,..,..
"Mongo [Mungbean], yellow, shiny",..REGION VII (CENTRAL VISAYAS),0.00,0.00,0.00,0.00,0.00,0.00,0.00,0.00,0.00,0.00,0.00,0.00,0.00,0.00,0.00,0.00,0.00,0.00,0.00,0.00,0.00,0.00,0.00,0.00,0.00,0.00,0.00,0.00,0.00,0.00,0.00,0.00,0.00,0.00,0.00,0.00,0.00,0.00,0.00,0.00,0.00,0.00,0.00,0.00,0.00,0.00,0.00,0.00,0.00,0.00,0.00,0.00,0.00,0.00,0.00,0.00,0.00,0.00,0.00,0.00,0.00,0.00,0.00,0.00,0.00,0.00,0.00,0.00,0.00,0.00,0.00,0.00,0.00,0.00,0.00,0.00,0.00,0.00,0.00,0.00,0.00,0.00,0.00,0.00,0.00,0.00,0.00,0.00,0.00,0.00,0.00,0.00,0.00,0.00,0.00,0.00,0.00,0.00,0.00,0.00,0.00,0.00,0.00,0.00,0.00,0.00,0.00,0.00,0.00,0.00,0.00,0.00,0.00,0.00,0.00,0.00,0.00,0.00,0.00,0.00,0.00,0.00,0.00,0.00,0.00,0.00,0.00,0.00,0.00,0.00,0.00,0.00,0.00,0.00,0.00,0.00,0.00,0.00,0.00,0.00,0.00,0.00,0.00,0.00,0.00,0.00,0.00,0.00,0.00,0.00,0.00,0.00,0.00,0.00,0.00,0.00,0.00,0.00,0.00,0.00,0.00,0.00,0.00,0.00,0.00,0.00,0.00,0.00,0.00,0.00,0.00,0.00,0.00,0.00,0.00,0.00,0.00,0.00,0.00,0.00,0.00,0.00,0.00,0.00,0.00,0.00,0.00,0.00,0.00,0.00,0.00,0.00,0.00,0.00,0.00,0.00,0.00,0.00,0.00,0.00,0.00,0.00,0.00,0.00,0.00,0.00,0.00,0.00,0.00,0.00,0.00,..,..,..,..,..,..,..,..,..,..
"Mongo [Mungbean], yellow, shiny",..REGION VIII (EASTERN VISAYAS),0.00,0.00,0.00,0.00,0.00,0.00,0.00,0.00,0.00,0.00,0.00,0.00,0.00,0.00,0.00,0.00,0.00,0.00,0.00,0.00,0.00,0.00,0.00,0.00,0.00,0.00,0.00,0.00,0.00,0.00,0.00,0.00,0.00,0.00,0.00,0.00,0.00,0.00,0.00,0.00,0.00,0.00,0.00,0.00,0.00,0.00,0.00,0.00,0.00,0.00,0.00,0.00,0.00,0.00,0.00,0.00,0.00,0.00,0.00,0.00,0.00,0.00,0.00,0.00,0.00,0.00,0.00,0.00,0.00,0.00,0.00,0.00,0.00,0.00,0.00,0.00,0.00,0.00,0.00,0.00,0.00,0.00,0.00,0.00,0.00,0.00,0.00,0.00,0.00,0.00,0.00,0.00,0.00,0.00,0.00,0.00,0.00,0.00,0.00,0.00,0.00,0.00,0.00,0.00,0.00,0.00,0.00,0.00,0.00,0.00,0.00,0.00,0.00,0.00,0.00,0.00,0.00,0.00,0.00,0.00,0.00,0.00,0.00,0.00,0.00,0.00,0.00,0.00,0.00,0.00,0.00,0.00,0.00,0.00,0.00,0.00,0.00,0.00,0.00,0.00,0.00,0.00,0.00,0.00,0.00,0.00,0.00,0.00,0.00,0.00,0.00,0.00,0.00,0.00,0.00,0.00,0.00,0.00,0.00,0.00,0.00,0.00,0.00,0.00,0.00,0.00,0.00,0.00,0.00,0.00,0.00,0.00,0.00,0.00,0.00,0.00,0.00,0.00,0.00,0.00,0.00,0.00,0.00,0.00,0.00,0.00,0.00,0.00,0.00,0.00,0.00,0.00,0.00,0.00,0.00,0.00,0.00,0.00,0.00,0.00,0.00,0.00,0.00,0.00,0.00,0.00,0.00,0.00,0.00,0.00,0.00,..,..,..,..,..,..,..,..,..,..
"Mongo [Mungbean], yellow, shiny",..REGION IX (ZAMBOANGA PENINSULA),0.00,0.00,0.00,0.00,0.00,0.00,0.00,0.00,0.00,0.00,0.00,0.00,0.00,0.00,0.00,0.00,0.00,0.00,0.00,0.00,0.00,0.00,0.00,0.00,0.00,0.00,0.00,0.00,0.00,0.00,0.00,0.00,0.00,0.00,0.00,0.00,0.00,0.00,0.00,0.00,0.00,0.00,0.00,0.00,0.00,0.00,0.00,0.00,0.00,0.00,0.00,0.00,0.00,0.00,0.00,0.00,0.00,0.00,0.00,0.00,0.00,0.00,0.00,0.00,0.00,0.00,0.00,0.00,0.00,0.00,0.00,0.00,0.00,0.00,0.00,0.00,0.00,0.00,0.00,0.00,0.00,0.00,0.00,0.00,0.00,0.00,0.00,0.00,0.00,0.00,0.00,0.00,0.00,0.00,0.00,0.00,0.00,0.00,0.00,0.00,0.00,0.00,0.00,0.00,0.00,0.00,0.00,0.00,0.00,0.00,0.00,0.00,0.00,0.00,0.00,0.00,0.00,0.00,0.00,0.00,0.00,0.00,0.00,0.00,0.00,0.00,0.00,0.00,0.00,0.00,0.00,0.00,0.00,0.00,0.00,0.00,0.00,0.00,0.00,0.00,0.00,0.00,0.00,0.00,0.00,0.00,0.00,0.00,0.00,0.00,0.00,0.00,0.00,0.00,0.00,0.00,0.00,0.00,0.00,0.00,0.00,0.00,0.00,0.00,0.00,0.00,0.00,0.00,0.00,0.00,0.00,0.00,0.00,0.00,0.00,0.00,0.00,0.00,0.00,0.00,0.00,0.00,0.00,0.00,0.00,0.00,0.00,0.00,0.00,0.00,0.00,0.00,0.00,0.00,0.00,0.00,0.00,0.00,0.00,0.00,0.00,0.00,0.00,0.00,0.00,0.00,0.00,0.00,0.00,0.00,0.00,..,..,..,..,..,..,..,..,..,..
"Mongo [Mungbean], yellow, shiny",..REGION X (NORTHERN MINDANAO),0.00,0.00,0.00,0.00,0.00,0.00,0.00,0.00,0.00,0.00,0.00,0.00,0.00,0.00,0.00,0.00,0.00,0.00,0.00,0.00,0.00,0.00,0.00,0.00,0.00,0.00,0.00,0.00,0.00,0.00,0.00,0.00,0.00,0.00,0.00,0.00,0.00,0.00,0.00,0.00,0.00,0.00,0.00,0.00,0.00,0.00,0.00,0.00,0.00,0.00,0.00,0.00,0.00,0.00,0.00,0.00,0.00,0.00,0.00,0.00,0.00,0.00,0.00,0.00,0.00,0.00,0.00,0.00,0.00,0.00,0.00,0.00,0.00,0.00,0.00,0.00,0.00,0.00,0.00,0.00,0.00,0.00,0.00,0.00,0.00,0.00,0.00,0.00,0.00,0.00,0.00,0.00,0.00,0.00,0.00,0.00,0.00,0.00,0.00,0.00,0.00,0.00,0.00,0.00,0.00,0.00,0.00,0.00,0.00,0.00,0.00,0.00,0.00,0.00,0.00,0.00,0.00,0.00,0.00,0.00,0.00,0.00,0.00,0.00,0.00,0.00,0.00,0.00,0.00,0.00,0.00,0.00,0.00,0.00,0.00,0.00,0.00,0.00,0.00,0.00,0.00,0.00,0.00,0.00,0.00,0.00,0.00,0.00,0.00,0.00,0.00,0.00,0.00,0.00,0.00,0.00,0.00,0.00,0.00,0.00,0.00,0.00,0.00,0.00,0.00,0.00,0.00,0.00,0.00,0.00,0.00,0.00,0.00,0.00,0.00,0.00,0.00,0.00,0.00,0.00,0.00,0.00,0.00,0.00,0.00,0.00,0.00,0.00,0.00,0.00,0.00,0.00,0.00,0.00,0.00,0.00,0.00,0.00,0.00,0.00,0.00,0.00,0.00,0.00,0.00,0.00,0.00,0.00,0.00,0.00,0.00,..,..,..,..,..,..,..,..,..,..
"Mongo [Mungbean], yellow, shiny",..REGION XI (DAVAO REGION),0.00,0.00,0.00,0.00,0.00,0.00,0.00,0.00,0.00,0.00,0.00,0.00,0.00,0.00,0.00,0.00,0.00,0.00,0.00,0.00,0.00,0.00,0.00,0.00,0.00,0.00,0.00,0.00,0.00,0.00,0.00,0.00,0.00,0.00,0.00,0.00,0.00,0.00,0.00,0.00,0.00,0.00,0.00,0.00,0.00,0.00,0.00,0.00,0.00,0.00,0.00,0.00,0.00,0.00,0.00,0.00,0.00,0.00,0.00,0.00,0.00,0.00,0.00,0.00,0.00,0.00,0.00,0.00,0.00,0.00,0.00,0.00,0.00,0.00,0.00,0.00,0.00,0.00,0.00,0.00,0.00,0.00,0.00,0.00,0.00,0.00,0.00,0.00,0.00,0.00,0.00,0.00,0.00,0.00,0.00,0.00,0.00,0.00,0.00,0.00,0.00,0.00,0.00,0.00,0.00,0.00,0.00,0.00,0.00,0.00,0.00,0.00,0.00,0.00,0.00,0.00,0.00,0.00,0.00,0.00,0.00,0.00,0.00,0.00,0.00,0.00,0.00,0.00,0.00,0.00,0.00,0.00,0.00,0.00,0.00,0.00,0.00,0.00,0.00,0.00,0.00,0.00,0.00,0.00,0.00,0.00,0.00,0.00,0.00,0.00,0.00,0.00,0.00,0.00,0.00,0.00,0.00,0.00,0.00,0.00,0.00,0.00,0.00,0.00,0.00,0.00,0.00,0.00,0.00,0.00,0.00,0.00,0.00,0.00,0.00,0.00,0.00,0.00,0.00,0.00,0.00,0.00,0.00,0.00,0.00,0.00,0.00,0.00,0.00,0.00,0.00,0.00,0.00,0.00,0.00,0.00,0.00,0.00,0.00,0.00,0.00,0.00,0.00,0.00,0.00,77.50,77.50,77.50,78.00,78.00,78.00,..,..,..,..,..,..,..,..,..,..
"Mongo [Mungbean], yellow, shiny",..REGION XII (SOCCSKSARGEN),0.00,0.00,0.00,0.00,0.00,0.00,0.00,0.00,0.00,0.00,0.00,0.00,0.00,0.00,0.00,0.00,0.00,0.00,0.00,0.00,0.00,0.00,0.00,0.00,0.00,0.00,0.00,0.00,0.00,0.00,0.00,0.00,0.00,0.00,0.00,0.00,0.00,0.00,0.00,0.00,0.00,0.00,0.00,0.00,0.00,0.00,0.00,0.00,0.00,0.00,0.00,0.00,0.00,0.00,0.00,0.00,0.00,0.00,0.00,0.00,0.00,0.00,0.00,0.00,0.00,0.00,0.00,0.00,0.00,0.00,0.00,0.00,0.00,0.00,0.00,0.00,0.00,0.00,0.00,0.00,0.00,0.00,0.00,0.00,0.00,0.00,0.00,0.00,0.00,0.00,0.00,0.00,0.00,0.00,0.00,0.00,0.00,0.00,0.00,0.00,0.00,0.00,0.00,0.00,0.00,0.00,0.00,0.00,0.00,0.00,0.00,0.00,0.00,0.00,0.00,0.00,0.00,0.00,0.00,0.00,0.00,0.00,0.00,0.00,0.00,0.00,0.00,0.00,0.00,0.00,0.00,0.00,0.00,0.00,0.00,0.00,0.00,0.00,0.00,0.00,0.00,0.00,0.00,0.00,0.00,0.00,0.00,0.00,0.00,0.00,0.00,0.00,0.00,0.00,0.00,0.00,0.00,0.00,0.00,0.00,0.00,0.00,0.00,0.00,0.00,0.00,0.00,0.00,0.00,0.00,0.00,0.00,0.00,0.00,0.00,0.00,0.00,0.00,0.00,0.00,0.00,0.00,0.00,0.00,0.00,0.00,0.00,0.00,0.00,0.00,0.00,0.00,0.00,0.00,0.00,0.00,0.00,0.00,0.00,0.00,0.00,0.00,0.00,0.00,0.00,0.00,0.00,0.00,0.00,0.00,0.00,..,..,..,..,..,..,..,..,..,..
"Mongo [Mungbean], yellow, shiny",..REGION XIII (CARAGA),0.00,0.00,0.00,0.00,0.00,0.00,0.00,0.00,0.00,0.00,0.00,0.00,0.00,0.00,0.00,0.00,0.00,0.00,0.00,0.00,0.00,0.00,0.00,0.00,0.00,0.00,0.00,0.00,0.00,0.00,0.00,0.00,0.00,0.00,0.00,0.00,0.00,0.00,0.00,0.00,0.00,0.00,0.00,0.00,0.00,0.00,0.00,0.00,0.00,0.00,0.00,0.00,0.00,0.00,0.00,0.00,0.00,0.00,0.00,0.00,0.00,0.00,0.00,0.00,0.00,0.00,0.00,0.00,0.00,0.00,0.00,0.00,0.00,0.00,0.00,0.00,0.00,0.00,0.00,0.00,0.00,0.00,0.00,0.00,0.00,0.00,0.00,0.00,0.00,0.00,0.00,0.00,0.00,0.00,0.00,0.00,0.00,0.00,0.00,0.00,0.00,0.00,0.00,0.00,0.00,0.00,0.00,0.00,0.00,0.00,0.00,0.00,0.00,0.00,0.00,0.00,0.00,0.00,0.00,0.00,0.00,0.00,0.00,0.00,0.00,0.00,0.00,0.00,0.00,0.00,0.00,0.00,0.00,0.00,0.00,0.00,0.00,0.00,0.00,0.00,0.00,0.00,0.00,0.00,0.00,0.00,0.00,0.00,0.00,0.00,0.00,0.00,0.00,0.00,0.00,0.00,0.00,0.00,0.00,0.00,0.00,0.00,0.00,0.00,0.00,0.00,0.00,0.00,0.00,0.00,0.00,0.00,0.00,0.00,0.00,0.00,0.00,0.00,0.00,0.00,0.00,0.00,0.00,0.00,0.00,0.00,0.00,0.00,0.00,0.00,0.00,0.00,0.00,0.00,0.00,0.00,0.00,0.00,0.00,0.00,0.00,0.00,0.00,0.00,0.00,0.00,0.00,0.00,0.00,0.00,0.00,..,..,..,..,..,..,..,..,..,..
"Mongo [Mungbean], yellow, shiny",..BANGSAMORO AUTONOMOUS REGION IN MUSLIM MINDANAO (BARMM) 1/,0.00,0.00,0.00,0.00,0.00,0.00,0.00,0.00,0.00,0.00,0.00,0.00,0.00,0.00,0.00,0.00,0.00,0.00,0.00,0.00,0.00,0.00,0.00,0.00,0.00,0.00,0.00,0.00,0.00,0.00,0.00,0.00,0.00,0.00,0.00,0.00,0.00,0.00,0.00,0.00,0.00,0.00,0.00,0.00,0.00,0.00,0.00,0.00,0.00,0.00,0.00,0.00,0.00,0.00,0.00,0.00,0.00,0.00,0.00,0.00,0.00,0.00,0.00,0.00,0.00,0.00,0.00,0.00,0.00,0.00,0.00,0.00,0.00,0.00,0.00,0.00,0.00,0.00,0.00,0.00,0.00,0.00,0.00,0.00,0.00,0.00,0.00,0.00,0.00,0.00,0.00,0.00,0.00,0.00,0.00,0.00,0.00,0.00,0.00,0.00,0.00,0.00,0.00,0.00,0.00,0.00,0.00,0.00,0.00,0.00,0.00,0.00,0.00,0.00,0.00,0.00,0.00,0.00,0.00,0.00,0.00,0.00,0.00,0.00,0.00,0.00,0.00,0.00,0.00,0.00,0.00,0.00,0.00,0.00,0.00,0.00,0.00,0.00,0.00,0.00,0.00,0.00,0.00,0.00,0.00,0.00,0.00,0.00,0.00,0.00,0.00,0.00,0.00,0.00,0.00,0.00,0.00,0.00,0.00,0.00,0.00,0.00,0.00,0.00,0.00,0.00,0.00,0.00,0.00,0.00,0.00,0.00,0.00,0.00,0.00,0.00,0.00,0.00,0.00,0.00,0.00,0.00,0.00,0.00,0.00,0.00,0.00,0.00,0.00,0.00,0.00,0.00,0.00,0.00,0.00,0.00,0.00,0.00,0.00,0.00,0.00,0.00,0.00,0.00,0.00,0.00,0.00,0.00,0.00,0.00,0.00,..,..,..,..,..,..,..,..,..,..
"Onion, yellow granex (Bermuda white)",..REGION VII (CENTRAL VISAYAS),0.00,0.00,0.00,0.00,0.00,0.00,0.00,0.00,0.00,0.00,0.00,0.00,0.00,0.00,0.00,0.00,0.00,0.00,0.00,0.00,0.00,0.00,0.00,0.00,0.00,0.00,0.00,0.00,0.00,0.00,0.00,0.00,0.00,0.00,0.00,0.00,0.00,0.00,0.00,66.67,0.00,0.00,0.00,60.00,0.00,0.00,0.00,0.00,0.00,0.00,0.00,63.34,0.00,0.00,80.00,76.37,60.36,0.00,0.00,0.00,0.00,0.00,0.00,40.00,64.18,0.00,0.00,0.00,0.00,0.00,0.00,0.00,0.00,0.00,0.00,0.00,0.00,0.00,0.00,0.00,0.00,0.00,0.00,0.00,0.00,0.00,0.00,0.00,0.00,0.00,0.00,0.00,0.00,0.00,0.00,0.00,0.00,0.00,0.00,0.00,0.00,0.00,0.00,0.00,0.00,0.00,0.00,0.00,0.00,0.00,0.00,0.00,0.00,0.00,0.00,0.00,0.00,0.00,0.00,0.00,0.00,0.00,0.00,0.00,0.00,0.00,0.00,0.00,0.00,0.00,0.00,0.00,0.00,0.00,0.00,0.00,0.00,0.00,0.00,0.00,0.00,0.00,0.00,0.00,0.00,0.00,0.00,0.00,0.00,0.00,0.00,0.00,0.00,0.00,0.00,0.00,0.00,0.00,0.00,0.00,0.00,0.00,0.00,0.00,0.00,0.00,0.00,0.00,0.00,0.00,0.00,0.00,0.00,0.00,0.00,0.00,0.00,0.00,0.00,0.00,0.00,0.00,0.00,0.00,0.00,0.00,0.00,0.00,0.00,0.00,0.00,0.00,0.00,0.00,0.00,0.00,0.00,0.00,0.00,0.00,0.00,0.00,0.00,0.00,0.00,0.00,0.00,0.00,0.00,0.00,0.00,..,..,..,..,..,..,..,..,..,..
"Onion, yellow granex (Bermuda white)",..REGION VIII (EASTERN VISAYAS),0.00,0.00,0.00,0.00,0.00,0.00,0.00,0.00,0.00,0.00,0.00,0.00,0.00,0.00,0.00,0.00,0.00,0.00,0.00,0.00,0.00,0.00,0.00,0.00,0.00,0.00,0.00,0.00,0.00,0.00,0.00,0.00,0.00,0.00,0.00,0.00,0.00,0.00,0.00,0.00,0.00,0.00,0.00,0.00,0.00,0.00,0.00,0.00,0.00,0.00,0.00,0.00,0.00,0.00,0.00,0.00,0.00,0.00,0.00,0.00,0.00,0.00,0.00,0.00,0.00,0.00,0.00,0.00,0.00,0.00,0.00,0.00,0.00,0.00,0.00,0.00,0.00,0.00,0.00,0.00,0.00,0.00,0.00,0.00,0.00,0.00,0.00,0.00,0.00,0.00,0.00,0.00,0.00,0.00,0.00,0.00,0.00,0.00,0.00,0.00,0.00,0.00,0.00,0.00,0.00,0.00,0.00,0.00,0.00,0.00,0.00,0.00,0.00,0.00,0.00,0.00,0.00,0.00,0.00,0.00,0.00,0.00,0.00,0.00,0.00,0.00,0.00,0.00,0.00,0.00,0.00,0.00,0.00,0.00,0.00,0.00,0.00,0.00,0.00,0.00,0.00,0.00,0.00,0.00,0.00,0.00,0.00,0.00,0.00,0.00,0.00,0.00,0.00,0.00,0.00,0.00,0.00,0.00,0.00,0.00,0.00,0.00,0.00,0.00,0.00,0.00,0.00,0.00,0.00,0.00,0.00,0.00,0.00,0.00,0.00,0.00,0.00,0.00,0.00,0.00,0.00,0.00,0.00,0.00,0.00,0.00,0.00,0.00,0.00,0.00,0.00,0.00,0.00,0.00,0.00,0.00,0.00,0.00,0.00,0.00,0.00,0.00,0.00,0.00,0.00,0.00,0.00,0.00,0.00,0.00,0.00,..,..,..,..,..,..,..,..,..,..
"Onion, yellow granex (Bermuda white)",..REGION IX (ZAMBOANGA PENINSULA),0.00,0.00,0.00,0.00,0.00,0.00,0.00,0.00,0.00,0.00,0.00,0.00,0.00,0.00,0.00,0.00,0.00,0.00,0.00,0.00,0.00,0.00,0.00,0.00,0.00,0.00,0.00,0.00,0.00,0.00,0.00,0.00,0.00,0.00,0.00,0.00,0.00,0.00,0.00,0.00,0.00,0.00,0.00,0.00,0.00,0.00,0.00,0.00,0.00,0.00,0.00,0.00,0.00,0.00,0.00,0.00,0.00,0.00,0.00,0.00,0.00,0.00,0.00,0.00,0.00,0.00,0.00,0.00,0.00,0.00,0.00,0.00,0.00,0.00,0.00,0.00,0.00,0.00,0.00,0.00,0.00,0.00,0.00,0.00,0.00,0.00,0.00,0.00,0.00,0.00,0.00,0.00,0.00,0.00,0.00,0.00,0.00,0.00,0.00,0.00,0.00,0.00,0.00,0.00,0.00,0.00,0.00,0.00,0.00,0.00,0.00,0.00,0.00,0.00,0.00,0.00,0.00,0.00,0.00,0.00,0.00,0.00,0.00,0.00,0.00,0.00,0.00,0.00,0.00,0.00,0.00,0.00,0.00,0.00,0.00,0.00,0.00,0.00,0.00,0.00,0.00,0.00,0.00,0.00,0.00,0.00,0.00,0.00,0.00,0.00,0.00,0.00,0.00,0.00,0.00,0.00,0.00,0.00,0.00,0.00,0.00,0.00,0.00,0.00,0.00,0.00,0.00,0.00,0.00,0.00,0.00,0.00,0.00,0.00,0.00,0.00,0.00,0.00,0.00,0.00,0.00,0.00,0.00,0.00,0.00,0.00,0.00,0.00,0.00,0.00,0.00,0.00,0.00,0.00,0.00,0.00,0.00,0.00,0.00,0.00,0.00,0.00,0.00,0.00,0.00,0.00,0.00,0.00,0.00,0.00,0.00,..,..,..,..,..,..,..,..,..,..
"Onion, yellow granex (Bermuda white)",..REGION X (NORTHERN MINDANAO),0.00,0.00,0.00,0.00,0.00,0.00,0.00,0.00,0.00,0.00,0.00,0.00,0.00,0.00,0.00,0.00,0.00,0.00,0.00,0.00,0.00,0.00,0.00,0.00,0.00,0.00,0.00,0.00,0.00,0.00,0.00,0.00,0.00,0.00,0.00,0.00,0.00,0.00,0.00,0.00,0.00,0.00,0.00,0.00,0.00,0.00,0.00,0.00,0.00,0.00,0.00,0.00,0.00,0.00,0.00,0.00,0.00,0.00,0.00,0.00,0.00,0.00,0.00,0.00,0.00,0.00,0.00,0.00,0.00,0.00,0.00,0.00,0.00,0.00,0.00,0.00,0.00,0.00,0.00,0.00,0.00,0.00,0.00,0.00,0.00,0.00,0.00,0.00,0.00,0.00,0.00,0.00,0.00,0.00,0.00,0.00,0.00,0.00,0.00,0.00,0.00,0.00,0.00,0.00,0.00,0.00,0.00,0.00,0.00,0.00,0.00,0.00,0.00,0.00,0.00,0.00,0.00,0.00,0.00,0.00,0.00,0.00,0.00,0.00,0.00,0.00,0.00,0.00,0.00,0.00,0.00,0.00,0.00,0.00,0.00,0.00,0.00,0.00,0.00,0.00,0.00,0.00,0.00,0.00,0.00,0.00,0.00,0.00,0.00,0.00,0.00,0.00,0.00,0.00,0.00,0.00,0.00,0.00,0.00,0.00,0.00,0.00,0.00,0.00,0.00,0.00,0.00,0.00,0.00,0.00,0.00,0.00,0.00,0.00,0.00,0.00,0.00,0.00,0.00,0.00,0.00,0.00,0.00,0.00,0.00,0.00,0.00,0.00,0.00,0.00,0.00,0.00,0.00,0.00,0.00,0.00,0.00,0.00,0.00,0.00,0.00,0.00,0.00,0.00,0.00,0.00,0.00,0.00,0.00,0.00,0.00,..,..,..,..,..,..,..,..,..,..
"Onion, yellow granex (Bermuda white)",..REGION XI (DAVAO REGION),0.00,0.00,0.00,0.00,0.00,0.00,0.00,0.00,0.00,0.00,0.00,0.00,0.00,0.00,0.00,0.00,0.00,0.00,0.00,0.00,0.00,0.00,0.00,0.00,0.00,0.00,0.00,0.00,0.00,0.00,0.00,0.00,0.00,0.00,0.00,0.00,0.00,0.00,0.00,0.00,0.00,0.00,0.00,0.00,0.00,0.00,0.00,0.00,0.00,0.00,0.00,0.00,0.00,0.00,0.00,0.00,0.00,0.00,0.00,0.00,0.00,0.00,0.00,0.00,0.00,0.00,0.00,0.00,0.00,0.00,0.00,0.00,0.00,0.00,0.00,0.00,0.00,0.00,0.00,0.00,0.00,0.00,0.00,0.00,0.00,0.00,0.00,0.00,0.00,0.00,0.00,0.00,0.00,0.00,0.00,0.00,0.00,0.00,0.00,0.00,0.00,0.00,0.00,0.00,0.00,0.00,0.00,0.00,0.00,0.00,0.00,0.00,0.00,0.00,0.00,0.00,0.00,0.00,0.00,0.00,0.00,0.00,0.00,0.00,0.00,0.00,0.00,0.00,0.00,0.00,0.00,0.00,0.00,0.00,0.00,0.00,0.00,0.00,0.00,0.00,0.00,0.00,0.00,0.00,0.00,0.00,0.00,0.00,0.00,0.00,0.00,0.00,0.00,0.00,0.00,0.00,0.00,0.00,0.00,0.00,0.00,0.00,0.00,0.00,0.00,0.00,0.00,0.00,0.00,0.00,0.00,0.00,0.00,0.00,0.00,0.00,0.00,0.00,0.00,0.00,0.00,0.00,0.00,0.00,0.00,0.00,0.00,0.00,0.00,0.00,0.00,0.00,0.00,0.00,0.00,0.00,0.00,0.00,0.00,0.00,0.00,0.00,0.00,0.00,0.00,0.00,0.00,0.00,0.00,0.00,0.00,..,..,..,..,..,..,..,..,..,..
"Onion, yellow granex (Bermuda white)",..REGION XII (SOCCSKSARGEN),0.00,0.00,0.00,0.00,0.00,0.00,0.00,0.00,0.00,0.00,0.00,0.00,0.00,0.00,0.00,0.00,0.00,0.00,0.00,0.00,0.00,0.00,0.00,0.00,0.00,0.00,0.00,0.00,0.00,0.00,0.00,0.00,0.00,0.00,0.00,0.00,0.00,0.00,0.00,0.00,0.00,0.00,0.00,0.00,0.00,0.00,0.00,0.00,0.00,0.00,0.00,0.00,0.00,0.00,0.00,0.00,0.00,0.00,0.00,0.00,0.00,0.00,0.00,0.00,0.00,0.00,0.00,0.00,0.00,0.00,0.00,0.00,0.00,0.00,0.00,0.00,0.00,0.00,0.00,0.00,0.00,0.00,0.00,0.00,0.00,0.00,0.00,0.00,0.00,0.00,0.00,0.00,0.00,0.00,0.00,0.00,0.00,0.00,0.00,0.00,0.00,0.00,0.00,0.00,0.00,0.00,0.00,0.00,0.00,0.00,0.00,0.00,0.00,0.00,0.00,0.00,0.00,0.00,0.00,0.00,0.00,0.00,0.00,0.00,0.00,0.00,0.00,0.00,0.00,0.00,0.00,0.00,0.00,0.00,0.00,0.00,0.00,0.00,0.00,0.00,0.00,0.00,0.00,0.00,0.00,0.00,0.00,0.00,0.00,0.00,0.00,0.00,0.00,0.00,0.00,0.00,0.00,0.00,0.00,0.00,0.00,0.00,0.00,0.00,0.00,0.00,0.00,0.00,0.00,0.00,0.00,0.00,0.00,0.00,0.00,0.00,0.00,0.00,0.00,0.00,0.00,0.00,0.00,0.00,0.00,0.00,0.00,0.00,0.00,0.00,0.00,0.00,0.00,0.00,0.00,0.00,0.00,0.00,0.00,0.00,0.00,0.00,0.00,0.00,0.00,0.00,0.00,0.00,0.00,0.00,0.00,..,..,..,..,..,..,..,..,..,..
"Onion, yellow granex (Bermuda white)",..REGION XIII (CARAGA),0.00,0.00,0.00,0.00,0.00,0.00,0.00,0.00,0.00,0.00,0.00,0.00,0.00,0.00,0.00,0.00,0.00,0.00,0.00,0.00,0.00,0.00,0.00,0.00,0.00,0.00,0.00,0.00,0.00,0.00,0.00,0.00,0.00,0.00,0.00,0.00,0.00,0.00,0.00,0.00,0.00,0.00,0.00,0.00,0.00,0.00,0.00,0.00,0.00,0.00,0.00,0.00,0.00,0.00,0.00,0.00,0.00,0.00,0.00,0.00,0.00,0.00,0.00,0.00,0.00,0.00,0.00,0.00,0.00,0.00,0.00,0.00,0.00,0.00,0.00,0.00,0.00,0.00,0.00,0.00,0.00,0.00,0.00,0.00,0.00,0.00,0.00,0.00,0.00,0.00,0.00,0.00,0.00,0.00,0.00,0.00,0.00,0.00,0.00,0.00,0.00,0.00,0.00,0.00,0.00,0.00,0.00,0.00,0.00,0.00,0.00,0.00,0.00,0.00,0.00,0.00,0.00,0.00,0.00,0.00,0.00,0.00,0.00,0.00,0.00,0.00,0.00,0.00,0.00,0.00,0.00,0.00,0.00,0.00,0.00,0.00,0.00,0.00,0.00,0.00,0.00,0.00,0.00,0.00,0.00,0.00,0.00,0.00,0.00,0.00,0.00,0.00,0.00,0.00,0.00,0.00,0.00,0.00,0.00,0.00,0.00,0.00,0.00,0.00,0.00,0.00,0.00,0.00,0.00,0.00,0.00,0.00,0.00,0.00,0.00,0.00,0.00,0.00,0.00,0.00,0.00,0.00,0.00,0.00,0.00,0.00,0.00,0.00,0.00,0.00,0.00,0.00,0.00,0.00,0.00,0.00,0.00,0.00,0.00,0.00,0.00,0.00,0.00,0.00,0.00,0.00,0.00,0.00,0.00,0.00,0.00,..,..,..,..,..,..,..,..,..,..
"Onion, yellow granex (Bermuda white)",..BANGSAMORO AUTONOMOUS REGION IN MUSLIM MINDANAO (BARMM) 1/,0.00,0.00,0.00,0.00,0.00,0.00,0.00,0.00,0.00,0.00,0.00,0.00,0.00,0.00,0.00,0.00,0.00,0.00,0.00,0.00,0.00,0.00,0.00,0.00,0.00,0.00,0.00,0.00,0.00,0.00,0.00,0.00,0.00,0.00,0.00,0.00,0.00,0.00,0.00,0.00,0.00,0.00,0.00,0.00,0.00,0.00,0.00,0.00,0.00,0.00,0.00,0.00,0.00,0.00,0.00,0.00,0.00,0.00,0.00,0.00,0.00,0.00,0.00,0.00,0.00,0.00,0.00,0.00,0.00,0.00,0.00,0.00,0.00,0.00,0.00,0.00,0.00,0.00,0.00,0.00,0.00,0.00,0.00,0.00,0.00,0.00,0.00,0.00,0.00,0.00,0.00,0.00,0.00,0.00,0.00,0.00,0.00,0.00,0.00,0.00,0.00,0.00,0.00,0.00,0.00,0.00,0.00,0.00,0.00,0.00,0.00,0.00,0.00,0.00,0.00,0.00,0.00,0.00,0.00,0.00,0.00,0.00,0.00,0.00,0.00,0.00,0.00,0.00,0.00,0.00,0.00,0.00,0.00,0.00,0.00,0.00,0.00,0.00,0.00,0.00,0.00,0.00,0.00,0.00,0.00,0.00,0.00,0.00,0.00,0.00,0.00,0.00,0.00,0.00,0.00,0.00,0.00,0.00,0.00,0.00,0.00,0.00,0.00,0.00,0.00,0.00,0.00,0.00,0.00,0.00,0.00,0.00,0.00,0.00,0.00,0.00,0.00,0.00,0.00,0.00,0.00,0.00,0.00,0.00,0.00,0.00,0.00,0.00,0.00,0.00,0.00,0.00,0.00,0.00,0.00,0.00,0.00,0.00,0.00,0.00,0.00,0.00,0.00,0.00,0.00,0.00,0.00,0.00,0.00,0.00,0.00,..,..,..,..,..,..,..,..,..,..
"Onion, red creole (Bermuda red)",..REGION VII (CENTRAL VISAYAS),0.00,0.00,0.00,0.00,0.00,0.00,0.00,0.00,0.00,0.00,0.00,0.00,0.00,0.00,0.00,0.00,0.00,0.00,0.00,0.00,0.00,0.00,0.00,0.00,0.00,0.00,0.00,0.00,0.00,0.00,0.00,0.00,0.00,0.00,0.00,0.00,0.00,0.00,0.00,60.00,0.00,0.00,0.00,60.00,0.00,0.00,64.17,0.00,0.00,70.00,0.00,63.54,0.00,80.00,80.00,80.00,72.33,0.00,0.00,0.00,70.00,0.00,50.00,56.74,69.87,0.00,0.00,0.00,50.00,58.60,0.00,0.00,0.00,0.00,0.00,0.00,80.00,62.87,80.00,0.00,0.00,0.00,0.00,0.00,0.00,0.00,0.00,0.00,0.00,0.00,80.00,0.00,0.00,0.00,0.00,0.00,0.00,0.00,0.00,0.00,0.00,0.00,0.00,0.00,0.00,0.00,0.00,0.00,0.00,0.00,0.00,0.00,0.00,0.00,0.00,0.00,0.00,0.00,0.00,0.00,0.00,0.00,0.00,0.00,0.00,0.00,0.00,0.00,0.00,0.00,0.00,0.00,0.00,0.00,0.00,0.00,0.00,0.00,0.00,0.00,0.00,0.00,0.00,0.00,0.00,0.00,0.00,0.00,0.00,0.00,0.00,0.00,0.00,0.00,0.00,0.00,0.00,0.00,0.00,0.00,0.00,0.00,0.00,0.00,0.00,0.00,0.00,0.00,0.00,0.00,0.00,0.00,0.00,0.00,0.00,0.00,0.00,0.00,0.00,0.00,0.00,0.00,0.00,0.00,0.00,0.00,0.00,0.00,0.00,0.00,0.00,0.00,0.00,0.00,0.00,0.00,0.00,0.00,0.00,0.00,0.00,0.00,0.00,0.00,0.00,0.00,0.00,0.00,0.00,0.00,0.00,..,..,..,..,..,..,..,..,..,..
"Onion, red creole (Bermuda red)",..REGION VIII (EASTERN VISAYAS),0.00,0.00,0.00,0.00,0.00,0.00,0.00,0.00,0.00,0.00,0.00,0.00,0.00,0.00,0.00,0.00,0.00,0.00,0.00,0.00,0.00,0.00,0.00,0.00,0.00,0.00,0.00,0.00,0.00,0.00,0.00,0.00,0.00,0.00,0.00,0.00,0.00,0.00,0.00,0.00,0.00,0.00,0.00,0.00,0.00,0.00,0.00,0.00,0.00,0.00,0.00,0.00,0.00,0.00,0.00,0.00,0.00,0.00,0.00,0.00,0.00,0.00,0.00,0.00,0.00,0.00,0.00,0.00,0.00,0.00,0.00,0.00,0.00,0.00,0.00,0.00,0.00,0.00,0.00,0.00,0.00,0.00,0.00,0.00,0.00,0.00,0.00,0.00,0.00,0.00,0.00,0.00,0.00,0.00,0.00,0.00,0.00,0.00,0.00,0.00,0.00,0.00,0.00,0.00,0.00,0.00,0.00,0.00,0.00,0.00,0.00,0.00,0.00,0.00,0.00,0.00,0.00,0.00,0.00,0.00,0.00,0.00,0.00,0.00,0.00,0.00,0.00,0.00,0.00,0.00,0.00,0.00,0.00,0.00,0.00,0.00,0.00,0.00,0.00,0.00,0.00,0.00,0.00,0.00,0.00,0.00,0.00,0.00,0.00,0.00,0.00,0.00,0.00,0.00,0.00,0.00,0.00,0.00,0.00,0.00,0.00,0.00,0.00,0.00,0.00,0.00,0.00,0.00,0.00,0.00,0.00,0.00,0.00,0.00,0.00,0.00,0.00,0.00,0.00,0.00,0.00,0.00,0.00,0.00,0.00,0.00,0.00,0.00,0.00,0.00,0.00,0.00,0.00,0.00,0.00,0.00,0.00,0.00,0.00,0.00,0.00,0.00,0.00,0.00,0.00,0.00,0.00,0.00,0.00,0.00,0.00,..,..,..,..,..,..,..,..,..,..
"Onion, red creole (Bermuda red)",..REGION IX (ZAMBOANGA PENINSULA),0.00,0.00,0.00,0.00,0.00,0.00,0.00,0.00,0.00,0.00,0.00,0.00,0.00,0.00,0.00,0.00,0.00,0.00,0.00,0.00,0.00,0.00,0.00,0.00,0.00,0.00,0.00,0.00,0.00,0.00,0.00,0.00,0.00,0.00,0.00,0.00,0.00,0.00,0.00,0.00,0.00,0.00,0.00,0.00,0.00,0.00,0.00,0.00,0.00,0.00,0.00,0.00,0.00,0.00,0.00,0.00,0.00,0.00,0.00,0.00,0.00,0.00,0.00,0.00,0.00,0.00,0.00,0.00,0.00,0.00,0.00,0.00,0.00,0.00,0.00,0.00,0.00,0.00,0.00,0.00,0.00,0.00,0.00,0.00,0.00,0.00,0.00,0.00,0.00,0.00,0.00,0.00,0.00,0.00,0.00,0.00,0.00,0.00,0.00,0.00,0.00,0.00,0.00,0.00,0.00,0.00,0.00,0.00,0.00,0.00,0.00,0.00,0.00,0.00,0.00,0.00,0.00,0.00,0.00,0.00,0.00,0.00,0.00,0.00,0.00,0.00,0.00,0.00,0.00,0.00,0.00,0.00,0.00,0.00,0.00,0.00,0.00,0.00,0.00,0.00,0.00,0.00,0.00,0.00,0.00,0.00,0.00,0.00,0.00,0.00,0.00,0.00,0.00,0.00,0.00,0.00,0.00,0.00,0.00,0.00,0.00,0.00,0.00,0.00,0.00,0.00,0.00,0.00,0.00,0.00,0.00,0.00,0.00,0.00,0.00,0.00,0.00,0.00,0.00,0.00,0.00,0.00,0.00,0.00,0.00,0.00,0.00,0.00,0.00,0.00,0.00,0.00,0.00,0.00,0.00,0.00,0.00,0.00,0.00,0.00,0.00,0.00,0.00,0.00,0.00,0.00,0.00,0.00,0.00,0.00,0.00,..,..,..,..,..,..,..,..,..,..
"Onion, red creole (Bermuda red)",..REGION X (NORTHERN MINDANAO),0.00,0.00,0.00,0.00,0.00,0.00,0.00,0.00,0.00,0.00,0.00,0.00,0.00,0.00,0.00,0.00,0.00,0.00,0.00,0.00,0.00,0.00,0.00,0.00,0.00,0.00,0.00,0.00,0.00,0.00,0.00,0.00,0.00,0.00,0.00,0.00,0.00,0.00,0.00,0.00,0.00,0.00,0.00,0.00,0.00,0.00,0.00,0.00,0.00,0.00,0.00,0.00,0.00,0.00,0.00,0.00,0.00,0.00,0.00,0.00,0.00,0.00,0.00,0.00,0.00,0.00,0.00,0.00,0.00,0.00,0.00,0.00,0.00,0.00,0.00,0.00,0.00,0.00,0.00,0.00,0.00,0.00,0.00,0.00,0.00,0.00,0.00,0.00,0.00,0.00,0.00,0.00,0.00,0.00,0.00,0.00,0.00,0.00,0.00,0.00,0.00,0.00,0.00,0.00,0.00,0.00,0.00,0.00,0.00,0.00,0.00,0.00,0.00,0.00,0.00,0.00,0.00,0.00,0.00,0.00,0.00,0.00,0.00,0.00,0.00,0.00,0.00,0.00,0.00,0.00,0.00,0.00,0.00,0.00,0.00,0.00,0.00,0.00,0.00,0.00,0.00,0.00,0.00,0.00,0.00,0.00,0.00,0.00,0.00,0.00,0.00,0.00,0.00,0.00,0.00,0.00,0.00,0.00,0.00,0.00,0.00,0.00,0.00,0.00,0.00,0.00,0.00,0.00,0.00,0.00,0.00,0.00,0.00,0.00,0.00,0.00,0.00,0.00,0.00,0.00,0.00,0.00,0.00,0.00,0.00,0.00,0.00,0.00,0.00,0.00,0.00,0.00,0.00,0.00,0.00,0.00,0.00,0.00,0.00,0.00,0.00,0.00,0.00,0.00,0.00,0.00,0.00,0.00,0.00,0.00,0.00,..,..,..,..,..,..,..,..,..,..
"Onion, red creole (Bermuda red)",..REGION XI (DAVAO REGION),0.00,0.00,0.00,0.00,0.00,0.00,0.00,0.00,0.00,0.00,0.00,0.00,0.00,0.00,0.00,0.00,0.00,0.00,0.00,0.00,0.00,0.00,0.00,0.00,0.00,0.00,0.00,0.00,0.00,0.00,0.00,0.00,0.00,0.00,0.00,0.00,0.00,0.00,0.00,0.00,0.00,0.00,0.00,0.00,0.00,0.00,0.00,0.00,0.00,0.00,0.00,0.00,0.00,0.00,0.00,0.00,0.00,0.00,0.00,0.00,0.00,0.00,0.00,0.00,0.00,0.00,0.00,0.00,0.00,0.00,0.00,0.00,0.00,0.00,0.00,0.00,0.00,0.00,0.00,0.00,0.00,0.00,0.00,0.00,0.00,0.00,0.00,0.00,0.00,0.00,0.00,0.00,0.00,0.00,0.00,0.00,0.00,0.00,0.00,0.00,0.00,0.00,0.00,0.00,0.00,0.00,0.00,0.00,0.00,0.00,0.00,0.00,0.00,0.00,0.00,0.00,0.00,0.00,0.00,0.00,0.00,0.00,0.00,0.00,0.00,0.00,0.00,0.00,0.00,0.00,0.00,0.00,0.00,0.00,0.00,0.00,0.00,0.00,0.00,0.00,0.00,0.00,0.00,0.00,0.00,0.00,0.00,0.00,0.00,0.00,0.00,0.00,0.00,0.00,0.00,0.00,0.00,0.00,0.00,0.00,0.00,0.00,0.00,0.00,0.00,0.00,0.00,0.00,0.00,0.00,0.00,0.00,0.00,0.00,0.00,0.00,0.00,0.00,0.00,0.00,0.00,0.00,0.00,0.00,0.00,0.00,0.00,0.00,0.00,0.00,0.00,0.00,0.00,0.00,0.00,0.00,0.00,0.00,0.00,0.00,0.00,0.00,0.00,0.00,0.00,0.00,0.00,0.00,0.00,0.00,0.00,..,..,..,..,..,..,..,..,..,..
"Onion, red creole (Bermuda red)",..REGION XII (SOCCSKSARGEN),0.00,0.00,0.00,0.00,0.00,0.00,0.00,0.00,0.00,0.00,0.00,0.00,0.00,0.00,0.00,0.00,0.00,0.00,0.00,0.00,0.00,0.00,0.00,0.00,0.00,0.00,0.00,0.00,0.00,0.00,0.00,0.00,0.00,0.00,0.00,0.00,0.00,0.00,0.00,0.00,0.00,0.00,0.00,0.00,0.00,0.00,0.00,0.00,0.00,0.00,0.00,0.00,0.00,0.00,0.00,0.00,0.00,0.00,0.00,0.00,0.00,0.00,0.00,0.00,0.00,0.00,0.00,0.00,0.00,0.00,0.00,0.00,0.00,0.00,0.00,0.00,0.00,0.00,0.00,0.00,0.00,0.00,0.00,0.00,0.00,0.00,0.00,0.00,0.00,0.00,0.00,0.00,0.00,0.00,0.00,0.00,0.00,0.00,0.00,0.00,0.00,0.00,0.00,0.00,0.00,0.00,0.00,0.00,0.00,0.00,0.00,0.00,0.00,0.00,0.00,0.00,0.00,0.00,0.00,0.00,0.00,0.00,0.00,0.00,0.00,0.00,0.00,0.00,0.00,0.00,0.00,0.00,0.00,0.00,0.00,0.00,0.00,0.00,0.00,0.00,0.00,0.00,0.00,0.00,0.00,0.00,0.00,0.00,0.00,0.00,0.00,0.00,0.00,0.00,0.00,0.00,0.00,0.00,0.00,0.00,0.00,0.00,0.00,0.00,0.00,0.00,0.00,0.00,0.00,0.00,0.00,0.00,0.00,0.00,0.00,0.00,0.00,0.00,0.00,0.00,0.00,0.00,80.00,80.00,80.00,0.00,0.00,0.00,0.00,0.00,0.00,0.00,0.00,0.00,80.00,0.00,0.00,0.00,0.00,0.00,0.00,0.00,0.00,0.00,0.00,0.00,0.00,0.00,0.00,0.00,0.00,..,..,..,..,..,..,..,..,..,..
"Onion, red creole (Bermuda red)",..REGION XIII (CARAGA),0.00,0.00,0.00,0.00,0.00,0.00,0.00,0.00,0.00,0.00,0.00,0.00,0.00,0.00,0.00,0.00,0.00,0.00,0.00,0.00,0.00,0.00,0.00,0.00,0.00,0.00,0.00,0.00,0.00,0.00,0.00,0.00,0.00,0.00,0.00,0.00,0.00,0.00,0.00,0.00,0.00,0.00,0.00,0.00,0.00,0.00,0.00,0.00,0.00,0.00,0.00,0.00,0.00,0.00,0.00,0.00,0.00,0.00,0.00,0.00,0.00,0.00,0.00,0.00,0.00,0.00,0.00,0.00,0.00,0.00,0.00,0.00,0.00,0.00,0.00,0.00,0.00,0.00,0.00,0.00,0.00,0.00,0.00,0.00,0.00,0.00,0.00,0.00,0.00,0.00,0.00,0.00,0.00,0.00,0.00,0.00,0.00,0.00,0.00,0.00,0.00,0.00,0.00,0.00,0.00,0.00,0.00,0.00,0.00,0.00,0.00,0.00,0.00,0.00,0.00,0.00,0.00,0.00,0.00,0.00,0.00,0.00,0.00,0.00,0.00,0.00,0.00,0.00,0.00,0.00,0.00,0.00,0.00,0.00,0.00,0.00,0.00,0.00,0.00,0.00,0.00,0.00,0.00,0.00,0.00,0.00,0.00,0.00,0.00,0.00,0.00,0.00,0.00,0.00,0.00,0.00,0.00,0.00,0.00,0.00,0.00,0.00,0.00,0.00,0.00,0.00,0.00,0.00,0.00,0.00,0.00,0.00,0.00,0.00,0.00,0.00,0.00,0.00,0.00,0.00,0.00,0.00,0.00,0.00,0.00,0.00,0.00,0.00,0.00,0.00,0.00,0.00,0.00,0.00,0.00,0.00,0.00,0.00,0.00,0.00,0.00,0.00,0.00,0.00,0.00,0.00,0.00,0.00,0.00,0.00,0.00,..,..,..,..,..,..,..,..,..,..
"Onion, red creole (Bermuda red)",..BANGSAMORO AUTONOMOUS REGION IN MUSLIM MINDANAO (BARMM) 1/,0.00,0.00,0.00,0.00,0.00,0.00,0.00,0.00,0.00,0.00,0.00,0.00,0.00,0.00,0.00,0.00,0.00,0.00,0.00,0.00,0.00,0.00,0.00,0.00,0.00,0.00,0.00,0.00,0.00,0.00,0.00,0.00,0.00,0.00,0.00,0.00,0.00,0.00,0.00,0.00,0.00,0.00,0.00,0.00,0.00,0.00,0.00,0.00,0.00,0.00,0.00,0.00,0.00,0.00,0.00,0.00,0.00,0.00,0.00,0.00,0.00,0.00,0.00,0.00,0.00,0.00,0.00,0.00,0.00,0.00,0.00,0.00,0.00,0.00,0.00,0.00,0.00,0.00,0.00,0.00,0.00,0.00,0.00,0.00,0.00,0.00,0.00,0.00,0.00,0.00,0.00,0.00,0.00,0.00,0.00,0.00,0.00,0.00,0.00,0.00,0.00,0.00,0.00,0.00,0.00,0.00,0.00,0.00,0.00,0.00,0.00,0.00,0.00,0.00,0.00,0.00,0.00,0.00,0.00,0.00,0.00,0.00,0.00,0.00,0.00,0.00,0.00,0.00,0.00,0.00,0.00,0.00,0.00,0.00,0.00,0.00,0.00,0.00,0.00,0.00,0.00,0.00,0.00,0.00,0.00,0.00,0.00,0.00,0.00,0.00,0.00,0.00,0.00,0.00,0.00,0.00,0.00,0.00,0.00,0.00,0.00,0.00,0.00,0.00,0.00,0.00,0.00,0.00,0.00,0.00,0.00,0.00,0.00,0.00,0.00,0.00,0.00,0.00,0.00,0.00,0.00,0.00,0.00,0.00,0.00,0.00,0.00,0.00,0.00,0.00,0.00,0.00,0.00,0.00,0.00,0.00,0.00,0.00,0.00,0.00,0.00,0.00,0.00,0.00,0.00,0.00,0.00,0.00,0.00,97.00,0.00,..,..,..,..,..,..,..,..,..,..
"Onion, red shallot (Sibuyas Tagalog)",..REGION VII (CENTRAL VISAYAS),0.00,0.00,0.00,0.00,0.00,0.00,0.00,0.00,0.00,0.00,0.00,0.00,0.00,0.00,0.00,0.00,0.00,0.00,0.00,0.00,0.00,0.00,0.00,0.00,0.00,0.00,0.00,0.00,0.00,0.00,0.00,0.00,0.00,0.00,0.00,0.00,0.00,0.00,0.00,0.00,0.00,0.00,0.00,0.00,0.00,0.00,0.00,0.00,0.00,0.00,0.00,0.00,0.00,0.00,0.00,0.00,0.00,0.00,0.00,0.00,0.00,0.00,0.00,0.00,0.00,0.00,0.00,0.00,0.00,0.00,0.00,0.00,0.00,0.00,0.00,0.00,0.00,0.00,0.00,0.00,0.00,0.00,0.00,0.00,0.00,0.00,0.00,0.00,0.00,0.00,0.00,0.00,0.00,0.00,0.00,0.00,0.00,0.00,0.00,0.00,0.00,0.00,0.00,0.00,0.00,0.00,0.00,0.00,0.00,0.00,0.00,0.00,0.00,0.00,0.00,0.00,0.00,0.00,0.00,0.00,0.00,0.00,0.00,0.00,0.00,0.00,0.00,0.00,0.00,0.00,0.00,0.00,0.00,0.00,0.00,0.00,0.00,0.00,0.00,0.00,0.00,0.00,0.00,0.00,0.00,0.00,0.00,0.00,0.00,0.00,0.00,0.00,0.00,0.00,0.00,0.00,0.00,0.00,0.00,0.00,0.00,0.00,0.00,0.00,0.00,0.00,0.00,0.00,0.00,0.00,0.00,0.00,0.00,0.00,0.00,0.00,0.00,0.00,0.00,0.00,0.00,0.00,0.00,0.00,0.00,0.00,0.00,0.00,0.00,0.00,0.00,0.00,0.00,0.00,0.00,0.00,0.00,0.00,0.00,0.00,0.00,0.00,0.00,0.00,0.00,0.00,0.00,0.00,0.00,0.00,0.00,..,..,..,..,..,..,..,..,..,..
"Onion, red shallot (Sibuyas Tagalog)",..REGION VIII (EASTERN VISAYAS),0.00,0.00,0.00,0.00,0.00,0.00,0.00,0.00,0.00,0.00,0.00,0.00,0.00,0.00,0.00,0.00,0.00,0.00,0.00,0.00,0.00,0.00,0.00,0.00,0.00,0.00,0.00,0.00,0.00,0.00,0.00,0.00,0.00,0.00,0.00,0.00,0.00,0.00,0.00,0.00,0.00,0.00,0.00,0.00,0.00,0.00,0.00,0.00,0.00,0.00,0.00,0.00,0.00,0.00,0.00,0.00,0.00,0.00,0.00,0.00,0.00,0.00,0.00,0.00,0.00,0.00,0.00,0.00,0.00,0.00,0.00,0.00,0.00,0.00,0.00,0.00,0.00,0.00,0.00,0.00,0.00,0.00,0.00,0.00,0.00,0.00,0.00,0.00,0.00,0.00,0.00,0.00,0.00,0.00,0.00,0.00,0.00,0.00,0.00,0.00,0.00,0.00,0.00,0.00,0.00,0.00,0.00,0.00,0.00,0.00,0.00,0.00,0.00,0.00,0.00,0.00,0.00,0.00,0.00,0.00,0.00,0.00,0.00,0.00,0.00,0.00,0.00,0.00,0.00,0.00,0.00,0.00,0.00,0.00,0.00,0.00,0.00,0.00,0.00,0.00,0.00,0.00,0.00,0.00,0.00,0.00,0.00,0.00,0.00,0.00,0.00,0.00,0.00,0.00,0.00,0.00,0.00,0.00,0.00,0.00,0.00,0.00,0.00,0.00,0.00,0.00,0.00,0.00,0.00,0.00,0.00,0.00,0.00,0.00,0.00,0.00,0.00,0.00,0.00,0.00,0.00,0.00,96.56,79.40,78.00,0.00,0.00,100.00,0.00,0.00,0.00,0.00,80.00,0.00,86.79,0.00,0.00,0.00,40.00,0.00,35.00,80.00,0.00,0.00,95.84,51.23,0.00,60.41,60.00,0.00,70.00,..,..,..,..,..,..,..,..,..,..
"Onion, red shallot (Sibuyas Tagalog)",..REGION IX (ZAMBOANGA PENINSULA),0.00,0.00,0.00,0.00,0.00,0.00,0.00,0.00,0.00,0.00,0.00,0.00,0.00,0.00,0.00,0.00,0.00,0.00,0.00,0.00,0.00,0.00,0.00,0.00,0.00,0.00,0.00,0.00,0.00,0.00,0.00,0.00,0.00,0.00,0.00,0.00,0.00,0.00,0.00,0.00,0.00,0.00,0.00,0.00,0.00,0.00,0.00,0.00,0.00,0.00,0.00,0.00,0.00,0.00,0.00,0.00,0.00,0.00,0.00,0.00,0.00,0.00,0.00,0.00,0.00,0.00,0.00,0.00,0.00,0.00,0.00,0.00,0.00,0.00,0.00,0.00,0.00,0.00,0.00,0.00,0.00,0.00,0.00,0.00,0.00,0.00,0.00,0.00,0.00,0.00,0.00,0.00,0.00,0.00,0.00,0.00,0.00,0.00,0.00,0.00,0.00,0.00,0.00,0.00,0.00,0.00,0.00,0.00,0.00,0.00,0.00,0.00,0.00,0.00,0.00,0.00,0.00,0.00,0.00,0.00,0.00,0.00,0.00,0.00,0.00,0.00,0.00,0.00,0.00,0.00,0.00,0.00,0.00,0.00,0.00,0.00,0.00,0.00,0.00,0.00,0.00,0.00,0.00,0.00,0.00,0.00,0.00,0.00,0.00,0.00,0.00,0.00,0.00,0.00,0.00,0.00,0.00,0.00,0.00,0.00,0.00,0.00,0.00,0.00,0.00,0.00,0.00,0.00,0.00,0.00,0.00,0.00,0.00,0.00,0.00,0.00,0.00,0.00,0.00,0.00,0.00,0.00,40.00,50.00,45.00,50.00,50.00,50.00,0.00,45.00,50.00,0.00,0.00,0.00,47.50,0.00,0.00,40.00,0.00,0.00,0.00,73.67,65.00,0.00,75.00,50.00,75.00,63.11,65.00,0.00,80.00,..,..,..,..,..,..,..,..,..,..
"Onion, red shallot (Sibuyas Tagalog)",..REGION X (NORTHERN MINDANAO),0.00,0.00,0.00,0.00,0.00,0.00,0.00,0.00,0.00,0.00,0.00,0.00,0.00,0.00,0.00,0.00,0.00,0.00,0.00,0.00,0.00,0.00,0.00,0.00,0.00,0.00,0.00,0.00,0.00,0.00,0.00,0.00,0.00,0.00,0.00,0.00,0.00,0.00,0.00,0.00,0.00,0.00,0.00,0.00,0.00,0.00,0.00,0.00,0.00,0.00,0.00,0.00,0.00,0.00,0.00,0.00,0.00,0.00,0.00,0.00,0.00,0.00,0.00,0.00,0.00,0.00,0.00,0.00,0.00,0.00,0.00,0.00,0.00,0.00,0.00,0.00,0.00,0.00,0.00,0.00,0.00,0.00,0.00,0.00,0.00,0.00,0.00,0.00,0.00,0.00,0.00,0.00,0.00,0.00,0.00,0.00,0.00,0.00,0.00,0.00,0.00,0.00,0.00,0.00,0.00,0.00,0.00,0.00,0.00,0.00,0.00,0.00,0.00,0.00,0.00,0.00,0.00,0.00,0.00,0.00,0.00,0.00,0.00,0.00,0.00,0.00,0.00,0.00,0.00,0.00,0.00,0.00,0.00,0.00,0.00,0.00,0.00,0.00,0.00,0.00,0.00,0.00,0.00,0.00,0.00,0.00,0.00,0.00,0.00,0.00,0.00,0.00,0.00,0.00,0.00,0.00,0.00,0.00,0.00,0.00,0.00,0.00,0.00,0.00,0.00,0.00,0.00,0.00,0.00,0.00,0.00,0.00,0.00,0.00,0.00,0.00,0.00,0.00,0.00,0.00,0.00,0.00,61.64,49.95,63.18,100.00,0.00,0.00,55.00,58.02,54.26,0.00,53.49,51.68,60.80,50.00,60.00,60.00,56.33,58.39,62.61,57.50,57.50,60.00,68.75,68.75,68.75,60.72,80.00,68.75,68.75,..,..,..,..,..,..,..,..,..,..
"Onion, red shallot (Sibuyas Tagalog)",..REGION XI (DAVAO REGION),0.00,0.00,0.00,0.00,0.00,0.00,0.00,0.00,0.00,0.00,0.00,0.00,0.00,0.00,0.00,0.00,0.00,0.00,0.00,0.00,0.00,0.00,0.00,0.00,0.00,0.00,0.00,0.00,0.00,0.00,0.00,0.00,0.00,0.00,0.00,0.00,0.00,0.00,0.00,0.00,0.00,0.00,0.00,0.00,0.00,0.00,0.00,0.00,0.00,0.00,0.00,0.00,0.00,0.00,0.00,0.00,0.00,0.00,0.00,0.00,0.00,0.00,0.00,0.00,0.00,0.00,0.00,0.00,0.00,0.00,0.00,0.00,0.00,0.00,0.00,0.00,0.00,0.00,0.00,0.00,0.00,0.00,0.00,0.00,0.00,0.00,0.00,0.00,0.00,0.00,0.00,0.00,0.00,0.00,0.00,0.00,0.00,0.00,0.00,0.00,0.00,0.00,0.00,0.00,0.00,0.00,0.00,0.00,0.00,0.00,0.00,0.00,0.00,0.00,0.00,0.00,0.00,0.00,0.00,0.00,0.00,0.00,0.00,0.00,0.00,0.00,0.00,0.00,0.00,0.00,0.00,0.00,0.00,0.00,0.00,0.00,0.00,0.00,0.00,0.00,0.00,0.00,0.00,0.00,0.00,0.00,0.00,0.00,0.00,0.00,0.00,0.00,0.00,0.00,0.00,0.00,0.00,0.00,0.00,0.00,0.00,0.00,0.00,0.00,0.00,0.00,0.00,0.00,0.00,0.00,0.00,0.00,0.00,0.00,0.00,0.00,0.00,0.00,0.00,0.00,0.00,0.00,0.00,0.00,49.33,0.00,0.00,0.00,33.50,33.50,50.00,0.00,40.00,0.00,41.27,120.00,120.00,120.00,120.00,120.00,120.00,30.00,30.00,30.00,30.00,30.00,30.00,75.00,100.00,100.00,100.00,..,..,..,..,..,..,..,..,..,..
"Onion, red shallot (Sibuyas Tagalog)",..REGION XII (SOCCSKSARGEN),0.00,0.00,0.00,0.00,0.00,0.00,0.00,0.00,0.00,0.00,0.00,0.00,0.00,0.00,0.00,0.00,0.00,0.00,0.00,0.00,0.00,0.00,0.00,0.00,0.00,0.00,0.00,0.00,0.00,0.00,0.00,0.00,0.00,0.00,0.00,0.00,0.00,0.00,0.00,0.00,0.00,0.00,0.00,0.00,0.00,0.00,0.00,0.00,0.00,0.00,0.00,0.00,0.00,0.00,0.00,0.00,0.00,0.00,0.00,0.00,0.00,0.00,0.00,0.00,0.00,0.00,0.00,0.00,0.00,0.00,0.00,0.00,0.00,0.00,0.00,0.00,0.00,0.00,0.00,0.00,0.00,0.00,0.00,0.00,0.00,0.00,0.00,0.00,0.00,0.00,0.00,0.00,0.00,0.00,0.00,0.00,0.00,0.00,0.00,0.00,0.00,0.00,0.00,0.00,0.00,0.00,0.00,0.00,0.00,0.00,0.00,0.00,0.00,0.00,0.00,0.00,0.00,0.00,0.00,0.00,0.00,0.00,0.00,0.00,0.00,0.00,0.00,0.00,0.00,0.00,0.00,0.00,0.00,0.00,0.00,0.00,0.00,0.00,0.00,0.00,0.00,0.00,0.00,0.00,0.00,0.00,0.00,0.00,0.00,0.00,0.00,0.00,0.00,0.00,0.00,0.00,0.00,0.00,0.00,0.00,0.00,0.00,0.00,0.00,0.00,0.00,0.00,0.00,0.00,0.00,0.00,0.00,0.00,0.00,0.00,0.00,0.00,0.00,0.00,0.00,0.00,0.00,0.00,0.00,0.00,0.00,60.00,0.00,0.00,0.00,0.00,60.00,0.00,0.00,60.00,0.00,0.00,0.00,0.00,0.00,0.00,0.00,0.00,0.00,0.00,0.00,0.00,0.00,0.00,0.00,0.00,..,..,..,..,..,..,..,..,..,..
"Onion, red shallot (Sibuyas Tagalog)",..REGION XIII (CARAGA),0.00,0.00,0.00,0.00,0.00,0.00,0.00,0.00,0.00,0.00,0.00,0.00,0.00,0.00,0.00,0.00,0.00,0.00,0.00,0.00,0.00,0.00,0.00,0.00,0.00,0.00,0.00,0.00,0.00,0.00,0.00,0.00,0.00,0.00,0.00,0.00,0.00,0.00,0.00,0.00,0.00,0.00,0.00,0.00,0.00,0.00,0.00,0.00,0.00,0.00,0.00,0.00,0.00,0.00,0.00,0.00,0.00,0.00,0.00,0.00,0.00,0.00,0.00,0.00,0.00,0.00,0.00,0.00,0.00,0.00,0.00,0.00,0.00,0.00,0.00,0.00,0.00,0.00,0.00,0.00,0.00,0.00,0.00,0.00,0.00,0.00,0.00,0.00,0.00,0.00,0.00,0.00,0.00,0.00,0.00,0.00,0.00,0.00,0.00,0.00,0.00,0.00,0.00,0.00,0.00,0.00,0.00,0.00,0.00,0.00,0.00,0.00,0.00,0.00,0.00,0.00,0.00,0.00,0.00,0.00,0.00,0.00,0.00,0.00,0.00,0.00,0.00,0.00,0.00,0.00,0.00,0.00,0.00,0.00,0.00,0.00,0.00,0.00,0.00,0.00,0.00,0.00,0.00,0.00,0.00,0.00,0.00,0.00,0.00,0.00,0.00,0.00,0.00,0.00,0.00,0.00,0.00,0.00,0.00,0.00,0.00,0.00,0.00,0.00,0.00,0.00,0.00,0.00,0.00,0.00,0.00,0.00,0.00,0.00,0.00,0.00,0.00,0.00,0.00,0.00,0.00,0.00,0.00,47.14,0.00,0.00,0.00,0.00,0.00,0.00,0.00,0.00,0.00,0.00,47.14,0.00,100.00,0.00,100.00,100.00,82.50,60.00,60.00,60.00,80.00,108.00,120.00,87.05,105.00,95.00,100.00,..,..,..,..,..,..,..,..,..,..
"Onion, red shallot (Sibuyas Tagalog)",..BANGSAMORO AUTONOMOUS REGION IN MUSLIM MINDANAO (BARMM) 1/,0.00,0.00,0.00,0.00,0.00,0.00,0.00,0.00,0.00,0.00,0.00,0.00,0.00,0.00,0.00,0.00,0.00,0.00,0.00,0.00,0.00,0.00,0.00,0.00,0.00,0.00,0.00,0.00,0.00,0.00,0.00,0.00,0.00,0.00,0.00,0.00,0.00,0.00,0.00,0.00,0.00,0.00,0.00,0.00,0.00,0.00,0.00,0.00,0.00,0.00,0.00,0.00,0.00,0.00,0.00,0.00,0.00,0.00,0.00,0.00,0.00,0.00,0.00,0.00,0.00,0.00,0.00,0.00,0.00,0.00,0.00,0.00,0.00,0.00,0.00,0.00,0.00,0.00,0.00,0.00,0.00,0.00,0.00,0.00,0.00,0.00,0.00,0.00,0.00,0.00,0.00,0.00,0.00,0.00,0.00,0.00,0.00,0.00,0.00,0.00,0.00,0.00,0.00,0.00,0.00,0.00,0.00,0.00,0.00,0.00,0.00,0.00,0.00,0.00,0.00,0.00,0.00,0.00,0.00,0.00,0.00,0.00,0.00,0.00,0.00,0.00,0.00,0.00,0.00,0.00,0.00,0.00,0.00,0.00,0.00,0.00,0.00,0.00,0.00,0.00,0.00,0.00,0.00,0.00,0.00,0.00,0.00,0.00,0.00,0.00,0.00,0.00,0.00,0.00,0.00,0.00,0.00,0.00,0.00,0.00,0.00,0.00,0.00,0.00,0.00,0.00,0.00,0.00,0.00,0.00,0.00,0.00,0.00,0.00,0.00,0.00,0.00,0.00,0.00,0.00,0.00,0.00,100.59,72.09,0.00,0.00,0.00,0.00,0.00,0.00,0.00,42.00,0.00,0.00,71.56,0.00,112.08,128.00,0.00,59.52,0.00,0.00,99.20,0.00,85.49,41.50,0.00,87.63,0.00,113.79,71.83,..,..,..,..,..,..,..,..,..,..
Tomato,..REGION VII (CENTRAL VISAYAS),16.34,15.70,14.82,17.25,17.57,17.59,22.86,26.72,18.21,18.44,21.89,21.49,19.07,27.41,27.44,20.48,19.87,9.07,12.98,20.60,19.30,23.26,22.81,29.51,23.02,21.31,21.14,20.43,24.09,23.99,19.82,15.84,17.76,19.75,18.55,20.63,16.90,19.50,19.87,22.72,21.90,17.26,16.47,18.06,28.10,35.89,28.55,22.30,24.25,21.90,21.96,23.28,24.30,21.33,19.40,20.94,19.15,12.40,21.38,18.69,26.22,30.38,30.76,28.53,22.79,27.65,22.27,20.44,19.76,22.48,20.56,22.70,24.45,24.89,31.37,31.74,33.73,25.17,28.09,24.59,26.13,30.37,28.30,32.31,30.84,24.92,27.92,35.56,27.55,25.39,28.50,32.47,30.99,23.67,19.27,14.67,26.95,32.53,28.80,33.19,35.89,36.63,31.16,28.85,29.28,29.00,28.16,30.15,27.45,28.76,33.90,29.77,38.37,25.22,28.45,29.00,29.79,31.50,29.52,27.32,27.64,32.73,36.65,33.75,33.59,31.95,31.79,33.86,33.96,32.02,34.15,31.34,28.95,28.65,30.22,31.56,32.55,32.68,32.45,42.19,61.20,55.37,36.78,50.69,42.71,27.37,25.83,25.76,30.95,47.48,39.41,49.21,42.19,40.93,43.51,38.84,50.36,46.86,44.31,44.79,38.87,36.99,28.74,36.84,41.58,42.56,44.08,48.31,42.02,53.15,42.34,41.96,34.27,29.35,46.56,52.74,59.16,53.01,50.36,50.99,39.96,46.15,39.22,54.84,60.00,43.81,44.18,69.88,38.97,65.00,38.85,58.37,64.82,66.13,53.67,73.95,72.74,40.72,60.83,69.04,65.63,48.90,48.98,41.94,43.79,64.00,59.84,57.53,49.84,50.00,40.40,..,..,..,..,..,..,..,..,..,..
Tomato,..REGION VIII (EASTERN VISAYAS),24.41,22.00,21.05,21.79,21.51,22.59,23.53,25.38,25.73,23.25,22.43,23.30,23.08,33.51,34.14,33.21,33.35,32.15,28.90,33.53,29.96,29.14,28.11,28.90,28.62,31.13,27.03,26.51,27.39,28.22,28.59,29.18,23.72,23.05,22.48,23.42,24.48,25.19,25.77,24.02,24.65,24.64,24.01,23.64,25.37,32.91,34.34,34.25,28.65,25.48,26.80,27.40,27.50,27.88,28.15,28.89,26.42,27.35,27.46,27.39,27.10,28.45,31.00,31.75,28.28,30.80,29.77,28.84,29.26,30.08,29.80,29.97,28.33,26.92,27.80,27.63,30.80,29.17,30.07,30.37,25.16,27.72,26.32,29.35,31.23,26.53,25.75,26.74,26.25,29.37,27.91,22.23,27.83,26.15,25.94,22.79,22.25,27.05,26.90,25.13,25.48,30.33,33.22,26.28,28.66,29.36,35.69,41.83,24.67,23.73,29.28,32.86,27.09,28.77,26.61,27.37,29.66,26.15,25.79,29.20,28.95,28.68,29.82,31.69,33.43,31.26,33.68,32.52,30.76,30.16,31.56,32.61,29.28,28.06,22.97,24.71,26.76,25.04,24.36,29.78,36.31,32.04,28.62,48.70,37.57,36.28,33.35,29.90,29.52,35.59,33.95,32.50,32.65,37.23,46.84,36.17,55.49,38.79,40.03,46.83,39.64,44.91,39.18,38.45,37.95,38.09,38.13,46.67,42.01,49.24,47.44,47.06,39.66,37.40,33.21,30.24,38.94,40.36,40.58,44.22,47.43,41.32,43.39,46.24,46.75,52.45,45.34,42.84,43.37,51.67,53.33,33.55,38.93,13.33,42.60,50.74,35.48,35.00,70.00,40.78,40.44,60.00,33.93,34.20,35.26,23.64,0.00,41.77,0.00,60.00,46.23,..,..,..,..,..,..,..,..,..,..
Tomato,..REGION IX (ZAMBOANGA PENINSULA),15.07,12.99,12.80,14.98,17.46,18.97,19.60,24.35,20.01,16.54,19.42,18.13,17.53,19.09,21.47,22.66,19.89,14.19,16.34,18.82,17.05,15.17,18.32,19.91,17.05,18.33,14.69,15.00,16.87,18.47,22.62,20.44,16.06,15.33,15.84,17.63,15.54,17.75,17.19,22.17,19.24,18.27,15.29,17.85,21.72,24.26,25.13,22.69,18.91,17.72,18.05,20.11,23.35,22.38,16.48,17.77,19.25,17.97,15.26,17.40,17.86,19.63,19.69,20.04,18.92,22.15,16.80,17.67,21.52,18.02,17.65,19.51,20.98,23.02,23.38,23.91,25.69,20.86,26.07,25.52,25.27,26.32,26.68,25.34,25.22,17.07,21.25,24.33,23.20,23.55,24.15,18.33,17.53,19.10,19.68,17.11,21.45,18.62,22.23,21.30,21.96,22.28,24.10,20.31,23.32,21.88,21.99,23.78,25.82,23.17,25.02,23.51,27.86,19.00,23.19,23.92,23.54,23.81,27.33,29.15,27.94,28.44,30.50,28.29,24.23,22.52,24.32,20.94,23.05,25.88,21.70,21.79,22.59,24.00,24.31,25.57,25.93,25.29,25.27,35.59,38.80,37.60,27.37,38.15,28.98,22.07,23.36,21.96,22.60,28.61,26.14,28.15,27.62,30.30,31.83,27.48,36.06,28.84,30.89,35.55,37.90,35.42,28.05,27.81,26.90,27.31,30.45,34.04,31.60,33.42,32.08,32.24,28.45,27.94,30.24,32.62,33.52,35.40,34.87,33.86,34.37,32.42,20.00,30.00,22.50,49.87,30.00,28.63,33.33,32.67,33.33,46.92,28.63,34.00,32.49,50.00,26.05,26.35,49.90,50.06,33.78,35.00,34.58,43.95,36.05,32.96,35.00,37.81,30.00,36.00,50.00,..,..,..,..,..,..,..,..,..,..
Tomato,..REGION X (NORTHERN MINDANAO),9.64,8.38,11.01,12.51,10.78,10.26,15.58,19.86,13.03,9.88,13.41,15.81,12.51,23.37,18.79,16.40,14.61,8.24,10.34,11.00,11.88,13.06,12.30,17.78,18.28,14.67,14.62,14.28,14.46,17.14,17.45,11.76,11.07,11.97,11.81,12.30,11.22,12.17,13.35,14.14,15.41,12.99,9.90,11.82,19.34,20.90,17.96,14.40,13.45,13.83,14.40,14.88,15.69,15.03,13.02,13.24,10.40,10.38,11.35,12.88,16.33,16.71,19.42,20.11,14.55,18.96,15.55,15.11,18.28,15.65,14.38,13.92,12.42,12.71,18.74,19.84,26.94,16.88,20.96,20.36,19.38,21.48,23.31,20.72,18.36,13.87,22.78,24.20,20.24,20.38,20.50,22.57,20.22,17.66,18.14,13.77,15.08,19.20,17.76,20.97,26.65,24.68,23.11,19.98,22.37,22.66,20.61,20.95,22.32,24.92,29.54,22.24,23.15,21.39,22.33,21.72,22.85,26.56,25.40,22.92,23.96,29.72,29.10,25.76,20.37,22.36,20.69,19.54,22.70,24.09,20.21,20.44,25.24,21.16,22.57,23.11,22.47,22.33,24.65,41.30,40.80,40.89,27.10,30.38,27.52,22.60,19.01,20.76,25.44,29.85,28.57,33.80,27.07,24.56,33.24,26.90,39.76,35.46,36.25,42.00,35.49,27.82,20.96,31.17,31.03,26.95,25.46,41.65,32.83,34.35,34.69,30.63,26.15,24.68,37.69,35.10,40.30,46.73,42.22,38.97,37.28,35.73,44.54,34.55,44.69,24.45,24.10,22.00,32.76,29.47,28.89,25.96,26.13,10.50,29.00,27.63,50.31,66.47,41.85,40.28,41.62,37.70,38.34,28.66,39.00,41.34,34.50,40.64,71.25,72.10,70.80,..,..,..,..,..,..,..,..,..,..
Tomato,..REGION XI (DAVAO REGION),9.76,9.18,8.95,11.88,13.60,12.79,11.30,11.03,11.25,9.84,9.36,10.71,10.80,15.78,16.58,14.31,9.90,6.98,8.79,14.28,13.19,9.59,9.36,12.53,18.80,12.51,15.70,11.24,11.08,14.63,12.63,10.68,8.61,9.12,10.15,11.22,11.30,12.50,11.57,20.54,26.09,11.46,13.15,10.22,12.20,20.31,19.89,9.86,9.91,12.19,11.99,14.82,12.40,12.42,10.91,11.28,11.99,10.81,11.40,11.29,15.09,15.76,17.34,14.79,12.96,18.67,11.47,8.86,14.99,13.32,18.38,11.21,9.06,11.54,17.05,17.42,21.19,14.43,19.39,15.35,18.80,18.29,16.21,18.97,16.45,10.59,18.57,17.74,11.13,14.31,16.32,14.35,19.80,12.64,11.86,10.81,11.33,18.79,16.00,16.28,18.35,22.61,14.15,15.58,17.76,16.22,14.55,20.10,18.30,22.66,19.66,16.33,20.53,12.60,13.41,13.98,17.18,16.04,21.23,20.33,20.17,30.25,24.54,24.94,19.27,17.54,22.26,19.96,19.76,21.36,18.78,15.90,15.42,18.52,16.76,24.45,18.29,14.57,21.99,34.25,43.23,36.70,23.24,32.74,26.94,21.10,20.73,13.71,21.80,26.84,21.88,30.37,26.12,22.90,32.01,24.76,37.75,22.81,29.63,39.69,29.65,15.30,16.12,19.59,24.13,18.01,22.95,27.42,25.25,23.50,23.03,23.94,22.54,19.07,24.13,32.92,34.93,37.65,36.83,31.87,26.30,28.06,33.64,33.40,27.79,10.00,30.00,21.33,16.00,15.31,16.90,20.00,25.00,23.00,22.70,40.00,25.25,28.72,25.00,25.67,28.00,33.07,23.34,34.39,31.83,28.97,32.19,29.70,45.00,35.87,35.59,..,..,..,..,..,..,..,..,..,..
Tomato,..REGION XII (SOCCSKSARGEN),13.47,11.14,12.44,18.82,21.73,20.46,18.84,20.04,16.75,13.34,12.91,12.59,16.04,19.67,17.47,13.24,9.92,9.09,12.69,26.73,22.11,16.19,14.32,13.56,15.55,15.88,16.73,10.59,9.65,10.88,14.73,14.50,12.20,11.76,12.48,12.92,12.70,12.85,12.67,20.50,20.48,12.85,12.16,12.76,15.81,16.12,17.80,13.33,12.58,11.38,11.67,14.79,17.57,14.14,12.35,16.06,17.93,17.87,15.10,12.67,14.34,14.48,18.29,17.16,15.66,14.22,13.42,11.42,13.61,16.11,20.95,16.58,10.09,10.38,14.83,15.79,21.70,14.93,20.91,17.51,14.46,20.51,24.87,27.08,22.97,7.65,19.46,18.34,11.49,14.90,18.35,17.63,17.06,11.50,10.18,11.02,15.19,21.79,18.86,18.89,24.38,26.41,21.73,17.89,17.79,13.46,15.78,17.76,19.80,22.41,25.38,20.40,20.42,10.59,13.25,13.77,17.57,16.16,23.85,19.96,21.75,32.39,26.23,28.99,23.00,17.55,19.56,18.39,16.51,22.03,18.14,16.02,12.93,16.08,18.30,29.39,23.41,15.51,19.91,32.06,46.33,37.39,23.79,35.84,16.00,10.38,14.56,13.24,23.20,32.89,18.56,29.11,22.73,19.37,29.84,22.14,34.64,20.12,30.59,42.61,18.86,16.38,10.06,17.21,22.01,17.09,19.19,33.87,23.55,20.40,20.37,13.58,12.87,18.81,30.89,40.17,47.43,36.63,31.92,28.26,16.59,26.49,25.75,22.50,17.34,29.13,27.52,34.78,17.77,14.87,17.28,39.01,52.08,0.00,27.09,14.07,33.16,22.77,15.54,28.31,15.18,18.72,21.43,23.45,21.06,19.79,27.54,21.75,38.27,30.89,41.77,..,..,..,..,..,..,..,..,..,..
Tomato,..REGION XIII (CARAGA),9.37,11.02,10.92,13.92,15.03,13.51,12.02,17.10,15.56,11.68,10.98,16.09,13.10,18.61,21.17,18.68,15.25,9.42,15.55,18.07,17.15,13.70,16.09,22.09,15.75,16.79,17.07,15.69,16.91,22.31,19.24,19.19,12.12,12.72,18.56,16.64,15.20,15.79,16.79,19.08,21.26,15.97,13.93,16.23,17.42,23.66,23.25,15.60,17.89,14.16,15.15,17.80,19.89,15.49,17.32,16.08,14.29,13.48,14.95,13.91,17.55,18.90,18.20,12.69,16.06,15.59,15.73,15.80,15.38,14.18,21.65,15.99,13.07,14.25,22.40,20.47,26.49,17.58,21.42,19.19,20.34,21.49,20.15,22.28,18.53,14.98,19.50,20.76,16.67,20.48,19.65,21.58,26.03,21.33,15.59,14.82,19.66,22.76,21.96,20.97,22.53,23.20,13.62,20.34,22.54,21.12,17.35,20.91,20.15,20.14,24.04,23.67,25.05,18.63,23.68,18.45,21.31,21.14,24.20,17.69,21.73,28.92,24.73,25.89,28.28,24.47,25.85,26.43,27.68,24.75,24.83,16.45,20.11,22.01,24.30,21.01,22.40,29.27,23.86,28.78,30.11,30.21,24.45,40.50,46.00,29.89,21.31,21.69,24.95,25.21,25.98,26.08,28.72,28.29,30.99,29.13,32.79,34.61,37.94,44.77,45.42,32.24,31.82,33.50,34.30,27.70,30.70,30.35,34.68,35.91,34.68,35.46,33.92,31.69,26.14,34.48,35.47,36.46,34.39,37.18,36.43,34.35,30.00,30.00,50.00,30.00,30.00,30.00,46.33,44.75,32.64,43.00,24.50,0.00,35.57,30.89,31.47,31.57,50.00,50.00,20.59,44.16,38.72,43.40,35.35,39.39,50.00,38.80,40.00,38.00,55.00,..,..,..,..,..,..,..,..,..,..
Tomato,..BANGSAMORO AUTONOMOUS REGION IN MUSLIM MINDANAO (BARMM) 1/,21.97,20.09,18.72,19.05,17.89,16.98,15.96,16.52,18.31,18.59,19.31,20.96,18.70,23.70,24.70,25.01,26.59,23.63,23.02,19.36,17.00,16.83,16.53,17.31,14.70,20.70,13.74,14.18,15.41,17.56,18.41,18.93,19.73,19.93,17.39,19.44,17.92,17.22,17.49,18.19,20.56,18.27,18.42,17.94,18.52,23.70,23.84,25.02,22.43,22.61,23.87,21.11,23.36,20.69,19.32,19.79,20.28,20.29,19.01,17.89,18.84,17.46,16.76,15.94,19.14,15.96,15.86,15.85,17.02,18.04,18.87,20.35,19.23,19.93,20.44,18.90,22.86,18.61,26.19,26.63,26.82,26.33,26.78,28.95,29.00,28.70,28.62,20.72,21.49,22.08,26.03,22.79,22.72,24.18,29.41,29.42,29.30,29.37,29.55,29.28,28.97,28.96,29.12,27.76,28.42,29.42,29.32,29.00,28.91,28.71,28.08,27.84,28.14,27.99,28.23,27.66,28.48,27.56,29.96,29.25,28.29,27.80,29.18,31.17,24.98,24.14,30.74,26.35,24.01,27.79,21.74,20.76,23.57,21.23,21.31,19.33,21.97,19.13,20.74,21.56,22.34,24.05,21.48,27.96,22.70,25.08,21.85,16.89,17.35,24.20,20.02,23.04,20.97,20.24,21.98,21.86,20.57,18.84,20.38,21.61,21.89,22.46,23.01,23.15,23.24,23.53,25.96,24.13,22.40,22.47,21.80,22.60,22.93,24.77,23.31,24.27,26.59,26.81,28.16,29.31,28.54,25.13,29.18,29.98,38.33,34.32,34.62,47.50,33.25,45.79,39.51,35.85,49.60,0.00,37.99,39.70,36.46,42.79,28.04,37.40,40.97,42.86,44.09,39.32,34.29,39.74,49.43,39.59,37.99,43.90,45.29,..,..,..,..,..,..,..,..,..,..
Potato,..REGION VII (CENTRAL VISAYAS),0.00,0.00,0.00,0.00,0.00,0.00,0.00,0.00,0.00,0.00,0.00,0.00,0.00,0.00,0.00,0.00,0.00,0.00,0.00,0.00,0.00,0.00,0.00,0.00,0.00,0.00,0.00,0.00,0.00,0.00,0.00,0.00,0.00,0.00,0.00,0.00,0.00,0.00,0.00,0.00,0.00,0.00,0.00,0.00,0.00,0.00,0.00,0.00,0.00,0.00,0.00,0.00,0.00,0.00,0.00,0.00,0.00,0.00,0.00,0.00,0.00,0.00,0.00,0.00,0.00,0.00,0.00,0.00,0.00,0.00,0.00,0.00,0.00,0.00,0.00,0.00,0.00,0.00,0.00,0.00,0.00,0.00,0.00,0.00,0.00,0.00,0.00,0.00,0.00,0.00,0.00,0.00,0.00,0.00,0.00,0.00,0.00,0.00,0.00,0.00,0.00,0.00,0.00,0.00,0.00,0.00,0.00,0.00,0.00,0.00,0.00,0.00,0.00,0.00,0.00,0.00,0.00,0.00,0.00,0.00,0.00,0.00,0.00,0.00,0.00,0.00,0.00,0.00,0.00,0.00,0.00,0.00,0.00,0.00,0.00,0.00,0.00,0.00,0.00,0.00,0.00,0.00,0.00,0.00,0.00,0.00,0.00,0.00,0.00,0.00,0.00,0.00,0.00,0.00,0.00,0.00,0.00,0.00,0.00,0.00,0.00,0.00,0.00,0.00,0.00,0.00,0.00,0.00,0.00,0.00,0.00,0.00,0.00,0.00,0.00,0.00,0.00,0.00,0.00,0.00,0.00,0.00,0.00,0.00,0.00,0.00,0.00,0.00,0.00,0.00,0.00,0.00,0.00,0.00,0.00,0.00,0.00,0.00,0.00,0.00,0.00,0.00,0.00,0.00,0.00,0.00,0.00,0.00,0.00,0.00,0.00,..,..,..,..,..,..,..,..,..,..
Potato,..REGION VIII (EASTERN VISAYAS),0.00,0.00,0.00,0.00,0.00,0.00,0.00,0.00,0.00,0.00,0.00,0.00,0.00,0.00,0.00,0.00,0.00,0.00,0.00,0.00,0.00,0.00,0.00,0.00,0.00,0.00,0.00,0.00,0.00,0.00,0.00,0.00,0.00,0.00,0.00,0.00,0.00,0.00,0.00,0.00,0.00,0.00,0.00,0.00,0.00,0.00,0.00,0.00,0.00,0.00,0.00,0.00,0.00,0.00,0.00,0.00,0.00,0.00,0.00,0.00,0.00,0.00,0.00,0.00,0.00,0.00,0.00,0.00,0.00,0.00,0.00,0.00,0.00,0.00,0.00,0.00,0.00,0.00,0.00,0.00,0.00,0.00,0.00,0.00,0.00,0.00,0.00,0.00,0.00,0.00,0.00,0.00,0.00,0.00,0.00,0.00,0.00,0.00,0.00,0.00,0.00,0.00,0.00,0.00,0.00,0.00,0.00,0.00,0.00,0.00,0.00,0.00,0.00,0.00,0.00,0.00,0.00,0.00,0.00,0.00,0.00,0.00,0.00,0.00,0.00,0.00,0.00,0.00,0.00,0.00,0.00,0.00,0.00,0.00,0.00,0.00,0.00,0.00,0.00,0.00,0.00,0.00,0.00,0.00,0.00,0.00,0.00,0.00,0.00,0.00,0.00,0.00,0.00,0.00,0.00,0.00,0.00,0.00,0.00,0.00,0.00,0.00,0.00,0.00,0.00,0.00,0.00,0.00,0.00,0.00,0.00,0.00,0.00,0.00,0.00,0.00,0.00,0.00,0.00,0.00,0.00,0.00,0.00,0.00,20.00,0.00,0.00,0.00,0.00,30.74,28.51,0.00,0.00,0.00,26.42,0.00,0.00,0.00,0.00,0.00,0.00,0.00,0.00,0.00,0.00,0.00,0.00,0.00,0.00,0.00,0.00,..,..,..,..,..,..,..,..,..,..
Potato,..REGION IX (ZAMBOANGA PENINSULA),0.00,0.00,0.00,0.00,0.00,0.00,0.00,0.00,0.00,0.00,0.00,0.00,0.00,0.00,0.00,0.00,0.00,0.00,0.00,0.00,0.00,0.00,0.00,0.00,0.00,0.00,0.00,0.00,0.00,0.00,0.00,0.00,0.00,0.00,0.00,0.00,0.00,0.00,0.00,0.00,0.00,0.00,0.00,0.00,0.00,0.00,0.00,0.00,0.00,0.00,0.00,0.00,0.00,0.00,0.00,0.00,0.00,0.00,0.00,0.00,0.00,0.00,0.00,0.00,0.00,0.00,0.00,0.00,0.00,0.00,0.00,0.00,0.00,0.00,0.00,0.00,0.00,0.00,0.00,0.00,0.00,0.00,0.00,0.00,0.00,0.00,0.00,0.00,0.00,0.00,0.00,0.00,0.00,0.00,0.00,0.00,0.00,0.00,0.00,0.00,0.00,0.00,0.00,0.00,0.00,0.00,0.00,0.00,0.00,0.00,0.00,0.00,0.00,0.00,0.00,0.00,0.00,0.00,0.00,0.00,0.00,0.00,0.00,0.00,0.00,0.00,0.00,0.00,0.00,0.00,0.00,0.00,0.00,0.00,0.00,0.00,0.00,0.00,0.00,0.00,0.00,0.00,0.00,0.00,0.00,0.00,0.00,0.00,0.00,0.00,0.00,0.00,0.00,0.00,0.00,0.00,0.00,0.00,0.00,0.00,0.00,0.00,0.00,0.00,0.00,0.00,0.00,0.00,0.00,0.00,0.00,0.00,0.00,0.00,0.00,0.00,0.00,0.00,0.00,0.00,0.00,0.00,0.00,0.00,0.00,0.00,0.00,0.00,0.00,0.00,0.00,0.00,0.00,0.00,0.00,0.00,0.00,0.00,0.00,0.00,0.00,0.00,0.00,0.00,0.00,0.00,0.00,0.00,0.00,0.00,0.00,..,..,..,..,..,..,..,..,..,..
Potato,..REGION X (NORTHERN MINDANAO),32.98,26.18,30.85,35.26,47.33,35.23,24.78,32.76,25.64,28.15,34.80,43.03,33.08,55.22,37.15,30.66,30.80,28.46,24.99,24.46,30.84,32.30,29.61,30.01,35.87,32.53,26.06,26.72,35.90,31.12,29.17,31.54,34.88,31.60,33.07,32.37,28.77,28.28,30.79,31.11,31.58,31.27,41.69,30.52,30.50,35.79,29.79,33.26,39.56,39.68,51.24,35.50,50.40,49.29,49.80,34.87,29.66,28.00,27.97,31.91,32.83,34.12,32.99,33.68,36.29,31.46,27.87,34.89,30.24,34.98,35.66,33.00,27.41,31.48,25.70,34.07,46.31,32.76,47.46,49.81,51.28,38.26,56.49,38.94,37.76,35.79,38.38,56.62,78.04,54.10,48.58,47.58,46.56,43.34,31.34,34.24,28.78,36.06,39.32,47.67,34.60,44.08,41.75,39.61,42.76,40.01,40.68,36.58,38.89,42.11,41.08,41.78,38.39,37.07,48.00,50.53,41.49,43.39,50.14,32.37,28.67,37.08,37.48,42.19,33.62,32.61,38.51,36.97,36.56,37.47,41.25,54.81,36.34,50.06,45.82,40.54,52.28,34.03,42.11,33.88,39.77,55.76,43.89,51.55,58.26,34.39,20.46,23.39,15.67,24.41,39.32,33.18,40.66,48.84,57.19,37.28,48.85,49.50,37.65,34.44,37.66,37.11,36.60,39.33,37.31,43.08,39.36,72.11,42.75,92.81,89.93,67.63,67.12,66.70,67.59,82.99,77.02,88.81,124.67,82.20,96.43,83.66,31.00,31.00,42.00,78.75,78.75,78.75,34.42,48.13,38.98,50.00,44.67,50.00,50.54,20.00,38.46,47.91,35.00,41.40,55.63,60.00,62.45,47.75,106.00,93.44,58.24,55.52,44.85,38.33,40.73,..,..,..,..,..,..,..,..,..,..
Potato,..REGION XI (DAVAO REGION),35.41,33.85,36.47,42.77,48.73,46.56,47.46,42.25,40.15,39.89,38.51,45.33,41.45,53.08,52.25,51.30,45.13,45.08,44.18,37.98,43.26,45.27,43.09,48.57,46.56,46.31,44.34,45.25,43.59,43.17,38.20,42.68,35.70,42.06,41.07,32.48,33.43,37.01,39.92,32.42,29.26,35.01,36.05,39.66,40.90,40.79,39.89,34.00,43.20,40.46,49.67,38.44,53.02,41.39,36.46,35.53,36.83,41.62,36.53,32.91,34.00,45.86,45.01,40.98,40.01,38.02,36.13,39.32,40.74,31.49,36.62,34.95,39.60,39.12,36.46,31.73,36.47,36.72,47.22,54.45,62.74,41.67,58.32,61.57,52.73,42.01,46.30,43.45,52.98,0.00,51.22,61.11,49.88,36.84,34.36,31.10,30.48,54.37,47.90,46.16,55.12,40.97,45.80,44.51,53.74,40.75,38.58,46.19,48.02,43.87,41.73,35.00,33.49,36.23,48.41,48.49,42.88,55.71,55.88,43.82,39.24,38.92,37.16,37.00,40.17,45.69,42.61,41.78,41.84,43.32,39.01,50.22,47.52,47.61,49.20,47.45,42.69,35.01,33.34,34.93,34.09,39.86,41.74,44.08,42.21,46.36,39.66,41.75,28.03,31.88,34.13,34.41,49.61,52.59,62.92,42.30,52.08,35.84,45.17,38.13,38.02,54.16,22.27,69.05,49.21,49.72,54.91,77.66,48.85,53.57,68.37,59.31,68.35,44.61,53.93,60.02,65.98,74.39,81.76,87.31,95.02,67.72,63.57,63.57,63.57,65.00,65.00,65.00,75.00,75.00,60.00,0.00,0.00,38.17,63.39,43.75,42.75,27.50,35.00,30.00,30.00,60.00,60.00,55.00,83.00,0.00,0.00,46.70,30.00,73.44,30.00,..,..,..,..,..,..,..,..,..,..
Potato,..REGION XII (SOCCSKSARGEN),23.01,23.33,21.94,27.55,31.69,29.56,27.72,28.21,27.50,29.32,25.78,29.90,27.13,29.82,28.11,33.84,25.76,29.64,31.07,26.06,27.19,23.98,29.73,29.28,31.89,28.86,28.76,25.74,25.98,26.53,24.35,27.39,27.87,24.39,26.49,26.28,24.12,29.04,26.41,33.83,31.86,33.72,32.95,30.62,32.93,32.20,34.03,35.79,35.75,34.85,42.17,34.23,42.11,41.39,41.79,42.69,41.17,37.18,29.93,37.06,38.57,36.82,32.19,36.69,38.13,33.32,35.92,32.55,37.65,40.36,31.19,29.34,31.74,29.47,30.02,34.59,34.74,33.41,36.83,41.44,48.22,44.93,62.18,50.63,40.01,37.39,33.55,44.26,50.47,70.00,46.66,64.21,52.75,44.43,36.54,32.27,22.80,36.71,42.53,39.74,38.02,33.74,32.40,39.68,31.98,30.00,51.98,43.50,29.66,56.84,30.26,0.00,37.38,25.05,24.07,34.00,35.88,33.54,25.71,36.23,36.49,31.78,30.98,31.96,34.08,29.98,33.91,29.78,29.69,32.01,29.00,37.83,41.09,38.59,37.00,34.63,34.70,29.63,23.00,27.00,31.20,27.59,32.61,37.74,43.04,33.88,34.49,34.31,28.84,35.38,35.18,34.44,36.01,38.30,49.68,36.77,54.78,55.70,32.56,44.78,36.67,39.48,51.26,51.06,41.44,47.96,43.10,54.68,46.12,59.66,57.94,63.97,48.70,45.00,43.74,50.78,63.75,53.78,75.08,59.74,74.82,58.08,54.00,54.00,57.50,60.00,52.50,55.00,60.00,60.00,60.00,0.00,0.00,0.00,57.00,0.00,0.00,0.00,0.00,0.00,21.00,20.00,0.00,0.00,0.00,50.00,0.00,30.33,0.00,50.00,0.00,..,..,..,..,..,..,..,..,..,..
Potato,..REGION XIII (CARAGA),0.00,0.00,0.00,0.00,0.00,0.00,0.00,0.00,0.00,0.00,0.00,0.00,0.00,0.00,0.00,0.00,0.00,0.00,0.00,0.00,0.00,0.00,0.00,0.00,0.00,0.00,0.00,0.00,0.00,0.00,0.00,0.00,0.00,0.00,0.00,0.00,0.00,0.00,0.00,0.00,0.00,0.00,0.00,0.00,0.00,0.00,0.00,0.00,0.00,0.00,0.00,0.00,0.00,0.00,0.00,0.00,0.00,0.00,0.00,0.00,0.00,0.00,0.00,0.00,0.00,0.00,0.00,0.00,0.00,0.00,0.00,0.00,0.00,0.00,0.00,0.00,0.00,0.00,0.00,0.00,0.00,0.00,0.00,0.00,0.00,0.00,0.00,0.00,0.00,0.00,0.00,0.00,0.00,0.00,0.00,0.00,0.00,0.00,0.00,0.00,0.00,0.00,0.00,0.00,0.00,0.00,0.00,0.00,0.00,0.00,0.00,0.00,0.00,0.00,0.00,0.00,0.00,0.00,0.00,0.00,0.00,0.00,0.00,0.00,0.00,0.00,0.00,0.00,0.00,0.00,0.00,0.00,0.00,0.00,0.00,0.00,0.00,0.00,0.00,0.00,0.00,0.00,0.00,0.00,0.00,0.00,0.00,0.00,0.00,0.00,0.00,0.00,0.00,0.00,0.00,0.00,0.00,0.00,0.00,0.00,0.00,0.00,0.00,0.00,0.00,0.00,0.00,0.00,0.00,0.00,0.00,0.00,0.00,0.00,0.00,0.00,0.00,0.00,0.00,0.00,0.00,0.00,0.00,0.00,0.00,0.00,0.00,0.00,0.00,0.00,0.00,0.00,0.00,0.00,0.00,0.00,0.00,0.00,100.00,100.00,100.00,0.00,0.00,0.00,0.00,0.00,0.00,100.00,0.00,0.00,0.00,..,..,..,..,..,..,..,..,..,..
Potato,..BANGSAMORO AUTONOMOUS REGION IN MUSLIM MINDANAO (BARMM) 1/,0.00,0.00,0.00,0.00,0.00,0.00,0.00,0.00,0.00,0.00,0.00,0.00,0.00,0.00,0.00,0.00,0.00,0.00,0.00,0.00,0.00,0.00,0.00,0.00,0.00,0.00,0.00,0.00,0.00,0.00,0.00,0.00,0.00,0.00,0.00,0.00,0.00,0.00,0.00,0.00,0.00,0.00,0.00,0.00,0.00,0.00,0.00,0.00,0.00,0.00,0.00,0.00,0.00,0.00,0.00,0.00,0.00,0.00,0.00,0.00,0.00,0.00,0.00,0.00,0.00,0.00,0.00,0.00,0.00,0.00,0.00,0.00,0.00,0.00,0.00,0.00,0.00,0.00,0.00,0.00,0.00,0.00,0.00,0.00,0.00,0.00,0.00,0.00,0.00,0.00,0.00,0.00,0.00,0.00,0.00,0.00,0.00,0.00,0.00,0.00,0.00,0.00,0.00,0.00,0.00,0.00,0.00,0.00,0.00,0.00,0.00,0.00,0.00,0.00,0.00,0.00,0.00,0.00,0.00,0.00,0.00,0.00,0.00,0.00,0.00,0.00,0.00,0.00,0.00,0.00,0.00,0.00,0.00,0.00,0.00,0.00,0.00,0.00,0.00,0.00,0.00,0.00,0.00,0.00,0.00,0.00,0.00,0.00,0.00,0.00,0.00,0.00,0.00,0.00,0.00,0.00,0.00,0.00,0.00,0.00,0.00,0.00,0.00,0.00,0.00,0.00,0.00,0.00,0.00,0.00,0.00,0.00,0.00,0.00,0.00,0.00,0.00,0.00,0.00,0.00,0.00,0.00,0.00,90.00,0.00,0.00,0.00,0.00,0.00,27.50,47.50,34.56,42.37,0.00,48.39,0.00,40.00,0.00,0.00,0.00,0.00,49.75,49.27,39.50,0.00,39.75,0.00,43.65,41.05,40.82,39.22,..,..,..,..,..,..,..,..,..,..
