Region/Province,Commodity,2012 January,2012 February,2012 March,2012 April,2012 May,2012 June,2012 July,2012 August,2012 September,2012 October,2012 November,2012 December,2012 Annual,2013 January,2013 February,2013 March,2013 April,2013 May,2013 June,2013 July,2013 August,2013 September,2013 October,2013 November,2013 December,2013 Annual,2014 January,2014 February,2014 March,2014 April,2014 May,2014 June,2014 July,2014 August,2014 September,2014 October,2014 November,2014 December,2014 Annual,2015 January,2015 February,2015 March,2015 April,2015 May,2015 June,2015 July,2015 August,2015 September,2015 October,2015 November,2015 December,2015 Annual,2016 January,2016 February,2016 March,2016 April,2016 May,2016 June,2016 July,2016 August,2016 September,2016 October,2016 November,2016 December,2016 Annual,2017 January,2017 February,2017 March,2017 April,2017 May,2017 June,2017 July,2017 August,2017 September,2017 October,2017 November,2017 December,2017 Annual,2018 January,2018 February,2018 March,2018 April,2018 May,2018 June,2018 July,2018 August,2018 September,2018 October,2018 November,2018 December,2018 Annual,2019 January,2019 February,2019 March,2019 April,2019 May,2019 June,2019 July,2019 August,2019 September,2019 October,2019 November,2019 December,2019 Annual,2020 January,2020 February,2020 March,2020 April,2020 May,2020 June,2020 July,2020 August,2020 September,2020 October,2020 November,2020 December,2020 Annual,2021 January,2021 February,2021 March,2021 April,2021 May,2021 June,2021 July,2021 August,2021 September,2021 October,2021 November,2021 December,2021 Annual
PHILIPPINES,"RAW PEANUT, SHELLED, 1 KG",85.41,85.54,84.55,85.80,86.24,87.65,87.50,87.76,87.70,87.82,87.91,88.08,86.83,87.87,88.30,88.02,88.00,88.37,88.25,87.62,88.02,88.27,88.34,88.87,89.79,88.31,90.22,90.88,90.37,90.35,90.11,90.24,90.48,90.36,90.67,91.15,91.32,92.16,90.69,93.34,93.37,93.62,93.53,94.00,94.28,94.45,94.30,94.66,95.17,95.40,95.71,94.32,96.84,95.79,96.05,95.82,94.78,95.60,96.34,96.75,96.99,97.94,97.87,98.37,96.60,98.53,98.34,97.16,96.48,97.00,97.08,97.75,98.20,97.86,99.89,99.57,100.04,98.16,99.51,99.39,99.31,98.87,98.33,99.16,98.85,99.19,99.45,99.28,99.08,99.24,99.14,97.28,97.55,96.70,96.93,97.13,97.60,99.01,99.80,100.06,100.23,100.56,101.36,98.68,100.33,100.13,99.90,99.98,99.65,99.34,100.34,101.14,101.24,101.40,101.70,101.90,100.59,101.91,101.50,99.95,99.54,99.39,99.41,100.11,100.20,100.22,100.41,101.08,101.51,100.44
PHILIPPINES,"RAW PEANUT, UNSHELLED, 1 KG",70.69,71.58,70.28,70.18,70.39,70.63,70.42,70.47,71.47,71.66,72.80,73.32,71.16,72.60,72.34,72.35,70.68,69.55,72.25,72.37,72.31,71.77,71.56,72.67,73.70,72.01,73.80,74.37,73.81,74.83,74.69,74.62,75.11,74.59,76.43,76.37,76.02,76.33,75.08,76.50,77.22,77.46,76.26,75.19,75.26,74.66,74.65,73.40,73.30,73.92,76.90,75.39,75.82,76.51,76.07,77.86,78.94,79.28,77.18,78.17,78.41,76.63,75.70,75.04,77.13,75.36,76.30,74.95,75.05,74.44,74.00,72.12,73.53,77.75,77.83,78.65,80.42,75.87,79.47,78.47,79.44,80.48,80.16,80.54,79.40,79.61,79.96,79.39,81.04,80.78,79.90,81.06,80.52,80.17,81.27,81.44,81.79,82.04,82.20,82.42,82.64,82.82,83.27,81.80,83.83,84.79,82.19,83.66,84.27,83.74,83.25,85.02,84.27,83.51,85.05,84.52,84.01,84.97,84.52,82.71,81.14,82.79,83.42,83.31,84.47,85.07,84.73,85.76,86.67,84.13
PHILIPPINES,"BAGUIO BEANS, 1 KG",57.01,55.35,55.31,54.11,50.28,51.30,50.74,58.11,60.31,55.00,54.84,54.53,54.74,57.78,52.26,51.60,51.91,54.21,55.82,53.73,50.09,59.51,67.59,59.52,60.11,56.18,57.67,60.19,55.96,56.94,55.03,55.70,56.90,64.29,60.32,57.23,55.33,55.18,57.56,59.99,58.05,54.53,55.69,59.77,60.66,63.02,65.61,64.18,61.13,82.58,73.28,63.21,66.30,63.34,61.87,62.38,73.22,74.84,66.33,62.16,68.24,71.79,83.39,74.26,69.01,67.89,68.38,64.59,62.92,62.93,66.65,66.82,66.13,71.04,73.23,73.01,76.84,68.37,80.76,77.45,72.03,68.55,69.61,72.87,77.20,76.38,79.89,93.26,83.86,77.57,77.45,77.75,76.26,73.33,77.76,86.35,81.44,76.01,77.37,83.33,82.50,79.81,78.99,79.24,76.33,73.84,74.44,79.40,81.28,86.10,70.21,67.21,75.37,89.39,105.02,111.35,82.50,109.71,91.03,82.63,79.28,77.38,93.80,85.02,87.10,84.88,85.17,97.80,90.14,88.66
PHILIPPINES,"MONGGO, GREEN, 1 KG",79.88,79.20,78.78,78.41,76.29,73.58,75.69,75.85,77.09,75.96,74.98,74.14,76.65,73.59,73.34,73.16,73.23,73.89,72.61,73.54,73.35,74.10,74.95,76.29,77.35,74.12,78.46,79.12,77.09,77.63,78.12,78.45,78.60,80.85,82.31,83.89,84.54,87.67,80.56,88.35,88.67,88.95,88.73,88.61,88.71,88.30,88.14,88.31,88.24,89.33,89.88,88.69,89.73,89.59,88.89,89.16,88.44,88.55,88.71,88.53,88.65,88.75,90.17,90.94,89.18,91.45,92.07,91.66,91.90,92.58,92.29,91.22,90.93,91.35,91.97,91.37,91.29,91.67,91.03,91.32,90.48,90.29,90.39,90.61,88.47,88.35,88.18,88.46,88.22,87.96,89.48,88.42,88.67,88.98,89.67,87.79,87.43,87.20,87.43,88.01,89.07,89.21,89.29,88.43,89.91,89.56,89.68,92.52,94.18,93.20,93.14,93.08,92.63,92.68,92.56,93.83,92.25,94.74,96.02,98.31,98.30,97.91,96.50,97.16,98.01,98.64,99.81,99.64,100.11,97.93
PHILIPPINES,"STRING BEANS, 1 KG",33.52,32.10,32.46,30.65,29.81,30.06,31.02,32.00,33.73,33.50,31.71,31.09,31.80,32.17,32.08,31.85,31.03,30.90,31.48,31.78,31.28,32.72,33.81,34.54,34.40,32.34,34.58,36.17,35.33,35.53,34.63,34.13,34.22,34.82,34.79,35.06,35.54,35.97,35.06,39.81,39.12,37.94,38.18,38.08,36.52,37.57,38.38,36.27,34.36,37.51,38.21,37.66,39.91,37.04,37.48,37.36,38.73,39.72,39.45,35.51,36.50,37.67,40.98,40.23,38.38,43.36,42.93,40.78,39.07,37.41,37.93,37.40,37.21,37.37,38.83,39.71,40.59,39.38,45.31,47.73,46.27,43.90,43.41,44.09,45.06,46.41,48.06,51.49,52.81,51.92,47.21,52.89,54.56,54.81,56.76,56.02,53.93,53.34,52.05,53.00,52.78,54.83,56.95,54.33,55.66,56.57,56.62,59.25,58.76,58.66,52.11,47.65,48.76,53.76,62.59,67.91,56.53,72.75,68.36,60.40,56.98,54.19,56.90,53.94,59.12,59.63,57.75,57.81,62.78,60.05
..NATIONAL CAPITAL REGION (NCR),"RAW PEANUT, SHELLED, 1 KG",86.36,86.36,86.36,86.36,86.36,85.97,85.34,85.34,85.34,85.34,85.34,85.34,85.82,85.34,85.34,85.34,85.34,85.34,85.34,85.34,85.39,85.55,85.80,84.06,83.65,85.15,83.65,83.65,83.65,83.65,83.65,83.98,84.30,84.30,84.30,84.30,84.30,84.30,84.00,84.16,81.17,79.35,80.05,81.70,82.61,83.58,87.75,86.88,87.04,85.10,85.10,83.71,85.10,78.99,73.86,72.70,70.59,79.49,79.75,86.61,90.09,91.00,91.40,91.19,82.56,87.95,85.95,81.89,77.29,77.19,76.25,76.50,76.50,77.20,80.00,85.25,88.80,80.90,88.45,83.41,82.73,80.45,79.43,82.27,80.96,81.41,82.04,80.56,79.07,80.56,81.78,81.07,80.14,81.03,81.28,82.17,84.46,84.50,83.13,84.46,85.06,88.64,92.03,84.00,88.31,87.57,90.07,90.06,89.45,89.26,88.60,89.12,90.12,95.22,94.63,94.32,90.56,95.50,94.93,90.39,90.16,87.18,85.77,87.10,87.10,87.98,88.93,92.44,93.46,90.08
..NATIONAL CAPITAL REGION (NCR),"RAW PEANUT, UNSHELLED, 1 KG",..,..,..,..,..,..,..,..,..,..,..,..,..,..,..,..,..,..,..,..,..,..,..,..,..,..,..,..,..,..,..,..,..,..,..,..,..,..,..,..,..,..,..,..,..,..,..,..,..,..,..,..,..,..,..,..,..,..,..,..,..,..,..,..,..,..,..,..,..,..,..,..,..,..,..,..,..,..,..,..,..,..,..,..,..,..,..,..,..,..,..,..,..,..,..,..,..,..,..,..,..,..,..,..,..,..,..,..,..,..,..,..,..,..,..,..,..,..,..,..,..,..,..,..,..,..,..,..,..,..
..NATIONAL CAPITAL REGION (NCR),"BAGUIO BEANS, 1 KG",55.83,61.00,58.93,49.82,51.57,55.56,52.34,81.18,61.50,48.11,58.79,58.93,57.80,65.92,44.85,51.88,49.80,62.17,58.96,48.30,56.83,83.05,89.21,65.43,57.50,61.16,54.09,53.77,54.65,64.43,61.49,63.31,63.19,72.01,60.52,60.38,53.41,60.48,60.14,61.62,53.42,53.47,56.38,67.55,71.62,83.38,68.39,71.63,78.99,131.00,77.00,72.87,61.64,62.22,60.55,64.35,71.73,74.84,61.38,65.27,85.14,92.00,108.18,80.46,73.98,65.92,68.69,63.22,66.40,70.48,75.94,72.53,68.13,79.29,82.03,75.18,91.53,73.28,90.62,75.08,71.42,62.25,69.26,93.36,88.89,74.47,104.00,110.69,84.67,75.89,83.38,82.42,71.94,68.53,89.93,100.31,74.56,75.38,81.58,94.25,90.02,83.31,85.44,83.14,76.36,73.28,77.55,90.00,104.67,83.69,66.89,74.67,92.27,109.61,144.44,157.67,95.93,100.58,79.25,74.49,74.33,76.64,124.24,93.19,93.98,82.51,100.06,105.36,81.28,90.49
..NATIONAL CAPITAL REGION (NCR),"MONGGO, GREEN, 1 KG",88.79,87.09,86.56,85.52,84.84,84.84,83.01,81.83,81.14,79.65,77.79,78.05,83.26,77.24,76.54,77.06,77.06,76.12,75.76,76.31,78.01,82.01,89.01,92.77,93.11,80.92,92.64,92.69,90.60,88.68,89.20,90.27,91.47,91.64,91.52,92.10,91.79,91.83,91.20,91.78,90.88,89.64,90.01,90.09,90.89,93.87,94.28,93.16,92.43,93.85,93.55,92.04,92.68,91.11,91.07,90.74,89.80,89.09,88.94,88.36,87.94,88.00,89.13,89.45,89.69,88.75,89.52,91.16,91.43,91.50,90.72,90.13,90.98,91.36,90.57,88.89,88.62,90.30,88.60,88.28,88.07,87.63,87.19,88.90,90.52,90.86,88.86,89.09,90.22,88.82,88.92,88.60,88.12,88.14,87.41,87.44,88.66,89.31,90.19,90.52,91.01,91.86,91.64,89.41,92.50,92.56,92.24,101.70,107.72,107.42,104.89,104.67,105.87,103.36,102.47,101.49,101.41,102.17,102.87,102.35,102.49,102.20,102.44,101.33,101.31,100.08,107.35,106.13,105.46,103.02
..NATIONAL CAPITAL REGION (NCR),"STRING BEANS, 1 KG",..,..,..,..,..,..,..,..,..,..,..,..,..,..,..,..,..,..,..,..,..,..,..,..,..,..,..,..,..,..,..,..,..,..,..,..,..,..,..,..,..,..,..,..,..,..,..,..,..,..,..,..,..,..,..,..,..,..,..,..,..,..,..,..,..,..,..,..,..,..,..,..,..,..,..,..,..,..,..,..,..,..,..,..,..,..,..,..,..,..,..,..,..,..,..,..,..,..,..,..,..,..,..,..,..,..,..,..,..,..,..,..,..,..,..,..,..,..,..,..,..,..,..,..,..,..,..,..,..,..
..CORDILLERA ADMINISTRATIVE REGION (CAR),"RAW PEANUT, SHELLED, 1 KG",155.77,155.77,155.77,158.33,163.42,179.62,179.62,179.35,181.32,181.99,179.35,182.18,171.04,179.68,179.68,178.57,178.57,181.96,185.36,175.18,178.57,178.57,180.24,185.79,190.24,181.03,190.24,190.24,190.24,189.96,189.68,189.68,190.24,190.24,190.24,190.24,190.24,190.24,190.12,193.85,193.01,193.01,198.85,195.79,195.79,195.79,195.79,195.79,195.12,194.84,195.40,195.25,197.06,195.95,192.62,192.62,192.90,195.12,195.12,195.12,195.12,195.12,194.70,194.29,194.65,194.29,194.29,195.12,194.29,195.95,199.29,199.29,199.29,199.29,210.40,210.40,210.40,200.19,209.70,209.70,207.62,207.62,207.62,207.62,197.86,195.71,190.89,184.44,182.59,180.09,198.46,178.19,178.19,174.38,178.90,176.34,174.26,174.26,172.11,172.59,176.28,172.95,175.38,175.32,169.08,167.62,161.40,157.46,145.38,138.01,139.18,139.68,139.43,140.88,142.99,140.82,148.49,141.74,144.64,140.88,143.40,141.98,145.07,133.63,133.63,133.63,133.25,128.49,130.69,137.59
..CORDILLERA ADMINISTRATIVE REGION (CAR),"RAW PEANUT, UNSHELLED, 1 KG",..,..,..,..,..,..,..,..,..,..,..,..,..,..,..,..,..,..,..,..,..,..,..,..,..,..,..,..,..,..,..,..,..,..,..,..,..,..,..,..,..,..,..,..,..,..,..,..,..,..,..,..,..,..,..,..,..,..,..,..,..,..,..,..,..,..,..,..,..,..,..,..,..,..,..,..,..,..,..,..,..,..,..,..,..,..,..,..,..,..,..,..,..,..,..,..,..,..,..,..,..,..,..,..,..,..,..,..,..,..,..,..,..,..,..,..,..,..,..,..,..,..,..,..,..,..,..,..,..,..
..CORDILLERA ADMINISTRATIVE REGION (CAR),"BAGUIO BEANS, 1 KG",49.94,46.25,42.16,41.63,38.86,37.07,39.02,44.28,56.84,44.86,42.34,40.30,43.63,45.63,41.93,41.63,41.86,37.62,39.84,44.02,38.79,47.65,52.52,48.34,50.22,44.17,43.32,46.36,44.80,44.51,40.93,38.99,39.06,42.64,43.22,40.02,36.52,33.48,41.15,41.07,39.82,37.75,39.80,38.10,41.09,42.70,45.49,51.18,47.92,59.26,53.17,44.78,44.29,41.43,40.25,38.71,42.66,45.20,41.68,35.36,46.10,48.76,87.63,61.25,47.78,44.96,41.90,39.53,36.03,37.03,43.69,44.31,46.59,51.16,56.38,49.15,48.48,44.93,49.38,49.42,46.81,46.70,44.51,47.35,54.11,58.28,63.46,80.20,65.87,53.44,54.96,50.00,46.81,47.77,49.06,66.50,54.18,49.00,56.47,63.95,71.65,61.59,61.27,56.52,55.22,50.92,47.17,59.67,55.92,56.07,40.96,40.41,45.67,50.96,69.15,87.77,54.99,78.86,58.55,52.48,47.55,46.12,60.22,67.10,67.68,67.10,63.83,81.25,65.85,63.05
..CORDILLERA ADMINISTRATIVE REGION (CAR),"MONGGO, GREEN, 1 KG",97.27,94.68,95.34,105.30,78.60,73.98,68.96,76.89,93.64,83.80,91.24,90.12,87.49,84.00,79.63,75.50,82.96,87.37,87.93,86.60,86.03,90.02,87.56,92.24,95.71,86.30,100.66,102.31,97.73,100.26,101.26,105.80,100.04,95.98,96.09,99.73,101.30,116.68,101.49,114.58,118.47,116.87,116.87,118.47,119.19,118.00,118.51,118.44,115.20,117.13,118.72,117.54,118.72,117.47,117.64,120.99,119.19,121.86,121.86,121.86,121.15,120.29,127.50,127.62,121.35,126.69,127.54,127.65,126.83,126.83,126.83,120.69,112.48,112.05,111.76,119.53,120.25,121.59,121.52,121.52,122.37,121.94,122.41,123.97,114.10,109.50,97.11,99.19,100.94,99.67,112.85,108.73,104.53,107.78,106.82,102.85,103.64,104.07,104.39,104.05,104.76,105.34,104.98,105.16,106.57,105.43,106.14,108.07,108.59,103.45,106.82,107.86,106.82,108.43,110.46,118.22,108.07,118.22,117.38,114.67,110.95,110.19,109.89,107.44,107.08,108.48,109.16,109.11,109.41,111.00
..CORDILLERA ADMINISTRATIVE REGION (CAR),"STRING BEANS, 1 KG",41.42,37.73,36.23,36.55,33.25,31.82,34.30,36.60,48.40,41.89,35.82,34.49,37.38,35.26,32.04,31.87,31.54,28.86,30.53,32.69,31.17,36.02,37.28,37.77,38.72,33.65,35.52,36.08,36.35,36.02,34.43,34.76,36.41,37.97,36.59,40.62,40.18,38.50,36.95,42.02,36.71,37.07,39.20,40.76,39.74,41.09,48.41,49.16,42.04,48.15,46.16,42.54,45.72,39.67,40.14,41.49,47.37,47.63,46.42,46.34,50.60,48.04,60.52,54.56,47.38,55.88,47.81,44.99,43.43,44.64,47.20,48.12,46.89,48.71,49.12,49.91,51.32,48.17,51.14,52.83,53.06,51.79,50.41,52.13,54.08,59.28,61.08,68.83,64.84,59.03,56.54,57.61,52.69,48.79,50.59,53.75,52.39,52.88,51.88,55.16,55.00,57.03,57.81,53.80,57.35,58.75,56.72,61.80,60.00,56.41,48.60,46.25,48.82,50.63,66.41,82.03,57.81,84.85,69.69,57.97,52.66,48.28,53.44,53.13,62.00,61.25,58.28,56.16,61.38,59.92
....Abra,"RAW PEANUT, SHELLED, 1 KG",..,..,..,..,..,..,..,..,..,..,..,..,..,..,..,..,..,..,..,..,..,..,..,..,..,..,..,..,..,..,..,..,..,..,..,..,..,..,..,..,..,..,..,..,..,..,..,..,..,..,..,..,..,..,..,..,..,..,..,..,..,..,..,..,..,..,..,..,..,..,..,..,..,..,..,..,..,..,..,..,..,..,..,..,..,..,..,..,..,..,..,..,..,..,..,..,..,..,..,..,..,..,..,..,..,..,..,..,..,..,..,..,..,..,..,..,..,..,..,..,..,..,..,..,..,..,..,..,..,..
....Abra,"RAW PEANUT, UNSHELLED, 1 KG",..,..,..,..,..,..,..,..,..,..,..,..,..,..,..,..,..,..,..,..,..,..,..,..,..,..,..,..,..,..,..,..,..,..,..,..,..,..,..,..,..,..,..,..,..,..,..,..,..,..,..,..,..,..,..,..,..,..,..,..,..,..,..,..,..,..,..,..,..,..,..,..,..,..,..,..,..,..,..,..,..,..,..,..,..,..,..,..,..,..,..,..,..,..,..,..,..,..,..,..,..,..,..,..,..,..,..,..,..,..,..,..,..,..,..,..,..,..,..,..,..,..,..,..,..,..,..,..,..,..
....Abra,"BAGUIO BEANS, 1 KG",..,..,..,..,..,..,..,..,..,..,..,..,..,..,..,..,..,..,..,..,..,..,..,..,..,..,..,..,..,..,..,..,..,..,..,..,..,..,..,..,..,..,..,..,..,..,..,..,..,..,..,..,..,..,..,..,..,..,..,..,..,..,..,..,..,..,..,..,..,..,..,..,..,..,..,..,..,..,..,..,..,..,..,..,..,..,..,..,..,..,..,..,..,..,..,..,..,..,..,..,..,..,..,..,..,..,..,..,..,..,..,..,..,..,..,..,..,..,..,..,..,..,..,..,..,..,..,..,..,..
....Abra,"MONGGO, GREEN, 1 KG",109.27,95.28,95.28,83.79,75.57,65.72,65.72,75.57,131.44,92.02,124.86,121.58,94.68,92.02,75.57,57.51,65.72,64.08,65.72,72.29,72.29,82.16,72.29,82.97,98.58,75.10,115.00,118.30,70.64,83.79,89.54,108.44,88.72,85.43,85.86,85.43,91.71,91.43,92.86,92.00,94.00,87.57,87.57,94.00,96.86,94.14,94.14,93.86,95.00,95.43,95.43,93.33,95.43,95.43,95.43,99.71,99.71,98.29,98.29,98.29,95.43,92.00,92.00,95.71,96.31,92.86,92.86,92.86,90.00,90.00,90.00,90.00,90.00,90.00,90.00,90.00,92.86,90.95,92.86,92.86,92.86,92.86,92.86,95.71,97.50,97.50,95.00,95.00,95.00,93.75,94.48,92.50,90.00,90.00,91.25,91.25,91.25,92.50,92.50,93.13,93.75,93.75,93.75,92.14,92.50,92.50,92.50,93.33,95.63,93.75,93.75,96.25,93.75,96.25,103.75,132.50,98.04,132.50,126.25,116.25,106.25,96.25,93.75,95.00,95.00,95.00,95.00,95.00,95.00,103.44
....Abra,"STRING BEANS, 1 KG",67.05,62.14,62.14,55.93,47.10,47.10,47.10,45.14,80.47,67.71,50.05,49.07,56.75,41.22,37.29,37.29,36.31,36.31,41.22,41.22,37.29,40.07,41.71,47.03,47.43,40.37,53.98,48.66,49.07,51.52,49.48,52.75,53.98,55.62,53.17,66.25,62.98,56.02,54.46,57.66,51.53,53.98,55.62,56.43,55.62,53.17,72.80,69.52,44.98,58.07,58.88,57.36,57.24,44.16,48.25,53.16,68.69,67.88,60.52,61.33,75.24,62.15,85.06,79.33,63.58,88.33,66.66,61.75,55.62,61.34,59.70,69.52,65.44,70.35,67.90,67.49,62.99,66.42,60.54,63.81,68.72,63.00,55.64,55.64,75.28,79.36,85.91,90.82,83.46,77.74,71.66,76.92,67.10,55.65,54.83,67.11,69.57,68.75,68.75,72.50,65.00,73.75,72.50,67.70,71.25,76.25,71.25,78.39,76.25,66.25,61.25,60.00,66.25,68.75,85.00,105.00,73.82,105.00,78.75,71.25,65.00,62.50,66.25,63.75,68.75,73.75,72.50,70.00,76.25,72.81
....Apayao,"RAW PEANUT, SHELLED, 1 KG",..,..,..,..,..,..,..,..,..,..,..,..,..,..,..,..,..,..,..,..,..,..,..,..,..,..,..,..,..,..,..,..,..,..,..,..,..,..,..,..,..,..,..,..,..,..,..,..,..,..,..,..,..,..,..,..,..,..,..,..,..,..,..,..,..,..,..,..,..,..,..,..,..,..,..,..,..,..,..,..,..,..,..,..,..,..,..,..,..,..,..,..,..,..,..,..,..,..,..,..,..,..,..,..,..,..,..,..,..,..,..,..,..,..,..,..,..,..,..,..,..,..,..,..,..,..,..,..,..,..
....Apayao,"RAW PEANUT, UNSHELLED, 1 KG",..,..,..,..,..,..,..,..,..,..,..,..,..,..,..,..,..,..,..,..,..,..,..,..,..,..,..,..,..,..,..,..,..,..,..,..,..,..,..,..,..,..,..,..,..,..,..,..,..,..,..,..,..,..,..,..,..,..,..,..,..,..,..,..,..,..,..,..,..,..,..,..,..,..,..,..,..,..,..,..,..,..,..,..,..,..,..,..,..,..,..,..,..,..,..,..,..,..,..,..,..,..,..,..,..,..,..,..,..,..,..,..,..,..,..,..,..,..,..,..,..,..,..,..,..,..,..,..,..,..
....Apayao,"BAGUIO BEANS, 1 KG",..,..,..,..,..,..,..,..,..,..,..,..,..,..,..,..,..,..,..,..,..,..,..,..,..,..,..,..,..,..,..,..,..,..,..,..,..,..,..,..,..,..,..,..,..,..,..,..,..,..,..,..,..,..,..,..,..,..,..,..,..,..,..,..,..,..,..,..,..,..,..,..,..,..,..,..,..,..,..,..,..,..,..,..,..,..,..,..,..,..,..,..,..,..,..,..,..,..,..,..,..,..,..,..,..,..,..,..,..,..,..,..,..,..,..,..,..,..,..,..,..,..,..,..,..,..,..,..,..,..
....Apayao,"MONGGO, GREEN, 1 KG",108.38,97.14,89.91,144.51,84.56,79.22,79.22,85.10,84.04,90.97,89.91,85.64,93.22,85.64,85.64,85.64,96.34,115.61,128.45,118.82,118.82,118.82,118.82,125.23,128.45,110.52,125.23,125.23,138.08,128.45,128.45,117.53,117.53,116.25,116.25,116.25,116.25,183.75,127.44,165.63,181.25,181.25,181.25,181.25,181.25,181.25,181.25,181.25,181.25,181.25,181.25,179.95,181.25,181.25,181.25,181.25,181.25,181.25,181.25,181.25,181.25,181.25,181.25,181.25,181.25,181.25,181.25,181.67,181.25,181.25,181.25,181.25,181.25,181.25,186.88,189.38,189.38,183.11,189.38,189.38,189.38,189.38,189.38,191.25,160.17,150.22,107.50,109.38,108.75,108.75,156.91,108.75,110.00,110.00,110.00,111.25,111.25,111.25,111.25,111.25,111.25,111.88,111.88,110.83,111.88,110.63,110.63,114.17,110.63,110.63,98.75,98.75,98.75,99.38,100.00,100.63,105.40,100.63,100.63,100.63,100.63,101.88,104.38,100.00,101.88,105.00,106.88,105.00,102.50,102.50
....Apayao,"STRING BEANS, 1 KG",31.52,31.26,32.31,32.18,34.81,34.81,34.28,35.59,37.55,39.39,36.76,36.76,34.77,36.23,36.23,34.92,34.92,32.82,34.13,36.76,36.76,36.76,36.76,38.07,38.07,36.04,38.07,40.70,42.01,40.70,40.70,39.39,39.39,39.39,40.05,41.23,40.84,38.60,40.09,37.29,37.82,39.92,39.92,40.97,39.57,39.92,42.72,42.72,41.31,42.01,42.01,40.52,43.76,42.01,41.31,39.91,42.01,42.01,42.01,42.01,42.01,42.01,42.01,42.01,41.92,43.32,43.32,43.32,43.32,42.22,42.22,41.69,41.48,43.23,44.19,44.63,47.26,43.35,53.38,56.89,56.01,61.26,61.26,66.51,61.26,63.01,63.01,95.38,84.01,77.01,66.58,73.51,71.76,68.26,70.01,64.76,61.25,66.50,61.25,60.63,62.50,62.50,62.50,65.45,66.25,66.25,63.75,63.39,65.00,61.25,54.38,49.38,50.88,55.63,73.75,82.50,62.70,82.50,81.25,70.63,61.25,56.25,60.00,51.88,56.75,58.75,61.88,60.00,58.75,63.32
....Benguet,"RAW PEANUT, SHELLED, 1 KG",125.00,125.00,125.00,140.00,147.50,155.00,155.00,155.00,157.50,157.50,155.00,160.00,146.46,160.00,160.00,160.00,160.00,165.00,170.00,155.00,160.00,160.00,160.00,160.00,160.00,160.83,160.00,160.00,160.00,160.00,160.00,160.00,160.00,160.00,160.00,160.00,160.00,160.00,160.00,160.00,150.00,150.00,150.00,150.00,150.00,150.00,150.00,150.00,150.00,150.00,150.00,150.83,150.00,145.00,135.00,135.00,122.50,122.50,122.50,122.50,122.50,122.50,121.25,120.00,128.44,120.00,120.00,122.50,120.00,125.00,135.00,135.00,135.00,135.00,135.00,135.00,135.00,129.38,135.00,135.00,135.00,135.00,135.00,135.00,150.00,157.50,157.50,157.50,155.00,147.50,144.58,147.50,147.50,147.50,152.50,146.25,140.00,140.00,135.00,135.00,135.00,135.00,128.00,140.77,120.00,120.00,116.00,110.00,104.00,96.00,92.00,93.50,94.00,93.00,92.00,92.00,101.88,92.00,95.00,93.00,92.00,92.00,92.00,89.00,89.00,89.00,87.85,87.85,83.26,90.16
....Benguet,"RAW PEANUT, UNSHELLED, 1 KG",..,..,..,..,..,..,..,..,..,..,..,..,..,..,..,..,..,..,..,..,..,..,..,..,..,..,..,..,..,..,..,..,..,..,..,..,..,..,..,..,..,..,..,..,..,..,..,..,..,..,..,..,..,..,..,..,..,..,..,..,..,..,..,..,..,..,..,..,..,..,..,..,..,..,..,..,..,..,..,..,..,..,..,..,..,..,..,..,..,..,..,..,..,..,..,..,..,..,..,..,..,..,..,..,..,..,..,..,..,..,..,..,..,..,..,..,..,..,..,..,..,..,..,..,..,..,..,..,..,..
....Benguet,"BAGUIO BEANS, 1 KG",50.10,42.13,39.33,48.21,38.57,36.43,47.14,60.00,60.71,46.43,42.86,42.14,46.17,45.71,39.29,41.43,41.43,32.14,31.43,40.00,40.00,53.57,59.29,52.14,55.00,44.29,33.57,40.00,42.86,42.86,40.00,38.57,42.86,48.57,50.00,43.57,36.43,25.00,40.36,36.43,40.71,40.71,46.43,34.29,35.00,39.29,37.86,47.86,42.14,39.29,37.86,39.82,33.57,31.43,33.57,32.71,35.00,44.29,41.43,33.57,57.14,62.14,80.71,53.57,44.93,47.14,41.43,36.43,26.43,28.57,34.29,37.86,40.71,42.14,52.14,49.29,52.86,40.77,48.57,46.43,42.86,44.29,39.29,45.00,41.43,48.57,58.57,64.29,48.57,34.29,46.85,32.86,35.00,38.57,37.14,45.63,46.88,48.13,46.25,65.63,82.50,67.50,64.38,50.87,60.00,45.63,48.75,58.33,51.88,43.75,33.75,31.88,38.13,43.13,48.75,63.75,47.31,56.88,45.63,43.13,45.00,46.88,50.00,52.50,77.50,81.25,70.00,87.50,81.25,61.46
....Benguet,"MONGGO, GREEN, 1 KG",..,..,..,..,..,..,..,..,..,..,..,..,..,..,..,..,..,..,..,..,..,..,..,..,..,..,..,..,..,..,..,..,..,..,..,..,..,..,..,..,..,..,..,..,..,..,..,..,..,..,..,..,..,..,..,..,..,..,..,..,..,..,..,..,..,..,..,..,..,..,..,..,..,..,..,..,..,..,..,..,..,..,..,..,..,..,..,..,..,..,..,..,..,..,..,..,..,..,..,..,..,..,..,..,..,..,..,..,..,..,..,..,..,..,..,..,..,..,..,..,..,..,..,..,..,..,..,..,..,..
....Benguet,"STRING BEANS, 1 KG",42.93,36.11,33.71,41.32,34.17,30.47,40.63,50.79,52.63,41.55,37.85,36.93,39.92,40.63,35.09,36.02,35.09,28.63,28.16,33.25,33.25,46.17,51.71,48.94,50.79,38.98,29.55,33.25,35.09,35.09,33.25,32.32,36.02,40.63,36.25,37.50,38.75,41.88,35.80,55.63,40.00,37.50,43.75,45.00,43.13,46.88,56.25,57.50,55.00,65.63,57.50,50.31,55.63,45.63,45.63,48.13,53.13,53.75,57.50,56.25,60.63,65.00,79.38,70.00,57.56,65.00,56.88,51.25,53.13,51.88,61.88,56.25,56.25,56.25,60.00,63.13,63.13,57.92,60.00,58.75,58.75,52.50,55.00,56.25,48.13,63.75,66.25,58.75,55.63,47.50,56.77,45.00,36.88,37.50,46.25,53.75,48.75,46.25,47.50,56.25,62.50,60.00,57.50,49.84,55.00,53.75,50.63,61.67,55.63,59.38,43.13,42.50,44.38,46.25,51.88,60.63,52.07,64.38,56.25,47.50,50.00,46.25,48.75,56.88,78.75,71.88,66.25,63.38,67.38,59.80
....Ifugao,"RAW PEANUT, SHELLED, 1 KG",129.46,129.46,129.46,145.00,152.77,160.54,160.54,160.54,163.13,163.13,160.54,165.71,151.69,165.71,165.71,165.71,165.71,170.89,176.07,160.54,165.71,165.71,165.71,165.71,165.71,166.57,165.71,165.71,165.71,165.71,165.71,165.71,165.71,165.71,165.71,165.71,165.71,165.71,165.71,165.71,165.71,165.71,165.71,165.71,165.71,165.71,165.71,165.71,162.86,162.86,162.86,165.00,162.86,162.86,162.86,162.86,162.86,162.86,162.86,162.86,162.86,162.86,162.86,162.86,162.86,162.86,162.86,162.86,162.86,162.86,162.86,162.86,162.86,162.86,162.86,162.86,162.86,162.86,162.86,162.86,162.86,162.86,162.86,162.86,168.57,177.14,191.43,191.43,187.14,187.14,173.33,181.43,181.43,170.00,178.57,177.14,177.14,177.14,175.71,177.14,175.71,165.71,180.00,176.43,172.86,172.86,165.71,165.71,132.14,114.29,104.29,104.29,104.29,107.14,115.71,108.57,130.66,115.71,121.43,117.14,125.71,121.43,125.71,128.57,128.57,128.57,128.57,114.29,117.14,122.74
....Ifugao,"RAW PEANUT, UNSHELLED, 1 KG",..,..,..,..,..,..,..,..,..,..,..,..,..,..,..,..,..,..,..,..,..,..,..,..,..,..,..,..,..,..,..,..,..,..,..,..,..,..,..,..,..,..,..,..,..,..,..,..,..,..,..,..,..,..,..,..,..,..,..,..,..,..,..,..,..,..,..,..,..,..,..,..,..,..,..,..,..,..,..,..,..,..,..,..,..,..,..,..,..,..,..,..,..,..,..,..,..,..,..,..,..,..,..,..,..,..,..,..,..,..,..,..,..,..,..,..,..,..,..,..,..,..,..,..,..,..,..,..,..,..
....Ifugao,"BAGUIO BEANS, 1 KG",54.76,49.14,49.14,42.11,40.71,39.31,39.31,42.11,47.74,40.71,40.71,40.71,43.87,40.71,40.71,40.71,39.31,35.09,42.11,47.74,36.50,40.71,43.52,43.52,46.33,41.41,46.33,44.92,46.33,51.95,43.52,40.71,36.50,40.71,37.86,32.14,32.14,26.43,39.96,37.86,33.57,32.14,32.14,37.86,42.86,45.00,40.71,42.86,39.29,60.00,60.00,42.02,40.00,35.71,34.29,37.14,40.00,37.14,37.14,32.86,32.86,37.14,48.57,61.43,39.52,31.43,36.43,33.57,36.43,36.43,48.57,50.00,50.00,50.00,57.14,33.57,38.57,41.85,41.43,40.00,40.00,40.00,40.00,40.00,40.00,51.43,47.14,67.14,64.29,55.71,47.26,47.14,47.86,45.00,47.86,77.86,58.57,42.86,62.14,56.43,54.71,55.71,55.71,54.32,47.14,44.29,39.29,47.86,39.29,64.29,40.71,42.86,41.43,45.71,72.86,88.57,51.19,68.57,58.57,54.29,51.43,40.71,62.14,87.14,65.71,57.14,49.69,85.00,52.14,61.04
....Ifugao,"MONGGO, GREEN, 1 KG",94.06,108.92,118.82,115.52,82.51,79.21,69.31,85.82,99.01,92.42,89.12,89.12,93.65,89.12,89.12,82.51,92.42,92.42,92.42,89.12,85.82,85.82,85.82,87.47,82.51,87.88,89.12,92.42,108.92,115.52,105.61,105.61,102.31,95.71,95.71,110.71,110.71,105.00,103.11,105.00,105.00,105.00,105.00,105.00,105.00,105.00,105.00,105.00,87.86,96.43,96.43,102.14,96.43,91.43,101.43,107.14,95.71,107.14,107.14,107.14,107.14,107.14,107.14,107.14,103.51,107.14,107.14,107.14,107.14,107.14,107.14,84.29,78.57,78.57,78.57,107.14,107.14,98.09,107.14,107.14,107.14,107.14,107.14,107.14,107.14,107.14,98.57,107.14,107.14,107.14,106.43,135.71,121.43,135.71,135.71,118.57,118.57,117.14,117.14,117.14,115.71,115.71,114.29,121.90,118.57,118.57,121.43,121.43,121.43,98.57,121.43,121.43,121.43,121.43,121.43,121.43,119.05,121.43,124.29,124.29,118.57,124.29,121.43,121.43,121.43,121.43,121.43,121.43,124.29,122.15
....Ifugao,"STRING BEANS, 1 KG",..,..,..,..,..,..,..,..,..,..,..,..,..,..,..,..,..,..,..,..,..,..,..,..,..,..,..,..,..,..,..,..,..,..,..,..,..,..,..,..,..,..,..,..,..,..,..,..,..,..,..,..,..,..,..,..,..,..,..,..,..,..,..,..,..,..,..,..,..,..,..,..,..,..,..,..,..,..,..,..,..,..,..,..,..,..,..,..,..,..,..,..,..,..,..,..,..,..,..,..,..,..,..,..,..,..,..,..,..,..,..,..,..,..,..,..,..,..,..,..,..,..,..,..,..,..,..,..,..,..
....Kalinga,"RAW PEANUT, SHELLED, 1 KG",..,..,..,..,..,..,..,..,..,..,..,..,..,..,..,..,..,..,..,..,..,..,..,..,..,..,..,..,..,..,..,..,..,..,..,..,..,..,..,..,..,..,..,..,..,..,..,..,..,..,..,..,..,..,..,..,..,..,..,..,..,..,..,..,..,..,..,..,..,..,..,..,..,..,..,..,..,..,..,..,..,..,..,..,..,..,..,..,..,..,..,..,..,..,..,..,..,..,..,..,..,..,..,..,..,..,..,..,..,..,..,..,..,..,..,..,..,..,..,..,..,..,..,..,..,..,..,..,..,..
....Kalinga,"RAW PEANUT, UNSHELLED, 1 KG",..,..,..,..,..,..,..,..,..,..,..,..,..,..,..,..,..,..,..,..,..,..,..,..,..,..,..,..,..,..,..,..,..,..,..,..,..,..,..,..,..,..,..,..,..,..,..,..,..,..,..,..,..,..,..,..,..,..,..,..,..,..,..,..,..,..,..,..,..,..,..,..,..,..,..,..,..,..,..,..,..,..,..,..,..,..,..,..,..,..,..,..,..,..,..,..,..,..,..,..,..,..,..,..,..,..,..,..,..,..,..,..,..,..,..,..,..,..,..,..,..,..,..,..,..,..,..,..,..,..
....Kalinga,"BAGUIO BEANS, 1 KG",66.05,58.42,45.72,45.72,46.15,40.64,41.48,40.64,62.66,51.65,50.80,41.48,49.28,62.66,53.35,52.50,54.19,48.26,50.80,53.35,47.42,57.58,51.65,46.57,50.80,52.43,55.89,59.26,52.50,45.72,38.95,39.80,44.38,44.38,43.13,41.88,41.25,43.75,45.91,51.25,41.25,35.00,40.00,40.25,42.75,47.75,56.50,56.50,56.50,56.50,58.57,48.57,58.57,58.57,40.63,40.00,47.50,48.75,43.13,38.13,40.63,39.50,113.75,61.25,52.53,53.75,39.75,36.88,37.50,38.13,43.13,40.63,44.38,47.50,48.75,48.75,48.75,43.99,51.25,57.50,50.63,43.75,45.00,48.13,67.50,60.63,59.38,68.13,70.00,57.50,56.62,48.75,50.63,46.25,52.50,82.50,60.00,60.00,65.00,57.50,69.38,59.38,73.75,60.47,56.25,57.50,46.25,75.00,70.00,63.75,58.75,49.38,48.13,53.75,72.50,100.00,62.61,96.25,63.75,50.00,45.63,45.63,61.25,63.75,66.25,57.50,61.25,68.13,56.25,61.30
....Kalinga,"MONGGO, GREEN, 1 KG",77.36,77.36,77.36,77.36,71.76,71.76,61.58,61.07,60.05,59.80,61.07,64.12,68.39,69.21,68.19,76.33,77.35,77.35,65.14,66.16,67.18,73.29,73.29,73.29,73.29,71.67,73.29,73.29,73.29,73.29,81.43,91.61,91.61,86.52,86.52,86.52,86.52,86.52,82.53,95.68,93.64,93.64,93.64,93.64,93.64,91.60,93.64,93.64,96.69,95.42,101.78,94.72,101.78,101.78,92.45,95.85,100.08,100.76,100.76,100.76,100.76,100.76,129.59,126.37,104.31,125.52,128.92,128.92,128.92,128.92,128.92,127.22,100.08,98.39,91.60,91.60,91.60,114.22,96.69,96.69,100.08,98.39,100.25,101.78,91.60,83.12,87.35,85.23,92.86,89.04,93.59,97.94,96.67,95.40,90.31,90.31,93.50,95.40,96.67,94.67,98.33,100.00,100.00,95.77,103.33,100.00,100.00,103.33,106.67,110.83,113.33,115.00,113.33,116.67,116.67,118.33,109.79,118.33,118.33,117.50,118.33,118.33,120.00,113.33,110.00,112.50,113.33,115.00,115.83,115.90
....Kalinga,"STRING BEANS, 1 KG",24.19,21.40,16.75,16.75,16.90,14.89,15.19,14.89,22.95,18.92,18.60,15.19,18.05,22.95,19.53,19.23,19.85,17.68,18.60,19.53,17.37,21.09,18.92,17.05,18.60,19.20,20.46,21.71,19.23,16.75,14.27,14.57,16.25,16.25,16.88,17.50,18.13,17.50,17.46,17.50,17.50,16.88,17.50,20.63,20.63,24.38,21.88,26.88,26.88,26.88,26.25,21.98,26.25,26.88,25.38,24.75,25.63,26.88,25.63,25.75,24.50,23.00,35.63,26.88,26.43,26.88,24.38,23.63,21.63,23.13,25.00,25.00,24.38,25.00,24.38,24.38,31.88,24.97,30.63,31.88,28.75,30.38,29.75,30.13,31.63,31.00,29.13,30.38,36.25,33.88,31.15,35.00,35.00,33.75,31.25,29.38,30.00,30.00,30.00,31.25,30.00,31.88,38.75,32.19,36.88,38.75,41.25,43.75,43.13,38.75,35.63,33.13,33.75,31.88,55.00,80.00,42.66,87.50,62.50,42.50,34.38,28.13,38.75,40.00,43.75,40.63,32.50,31.25,43.13,43.75
....Mountain Province,"RAW PEANUT, SHELLED, 1 KG",212.85,212.85,212.85,190.00,190.00,223.33,223.33,222.50,223.33,225.33,222.50,220.83,214.98,213.33,213.33,210.00,210.00,210.00,210.00,210.00,210.00,210.00,215.00,231.67,245.00,215.69,245.00,245.00,245.00,244.17,243.33,243.33,245.00,245.00,245.00,245.00,245.00,245.00,244.65,255.83,263.33,263.33,280.83,271.67,271.67,271.67,271.67,271.67,272.50,271.67,273.33,269.93,278.33,280.00,280.00,280.00,293.33,300.00,300.00,300.00,300.00,300.00,300.00,300.00,292.64,300.00,300.00,300.00,300.00,300.00,300.00,300.00,300.00,300.00,333.33,333.33,333.33,308.33,331.25,331.25,325.00,325.00,325.00,325.00,275.00,252.50,223.75,204.38,205.63,205.63,277.45,205.63,205.63,205.63,205.63,205.63,205.63,205.63,205.63,205.63,218.13,218.13,218.13,208.76,214.38,210.00,202.50,196.67,200.00,203.75,221.25,221.25,220.00,222.50,221.25,221.88,212.95,217.50,217.50,212.50,212.50,212.50,217.50,183.33,183.33,183.33,183.33,183.33,191.67,199.86
....Mountain Province,"RAW PEANUT, UNSHELLED, 1 KG",..,..,..,..,..,..,..,..,..,..,..,..,..,..,..,..,..,..,..,..,..,..,..,..,..,..,..,..,..,..,..,..,..,..,..,..,..,..,..,..,..,..,..,..,..,..,..,..,..,..,..,..,..,..,..,..,..,..,..,..,..,..,..,..,..,..,..,..,..,..,..,..,..,..,..,..,..,..,..,..,..,..,..,..,..,..,..,..,..,..,..,..,..,..,..,..,..,..,..,..,..,..,..,..,..,..,..,..,..,..,..,..,..,..,..,..,..,..,..,..,..,..,..,..,..,..,..,..,..,..
....Mountain Province,"BAGUIO BEANS, 1 KG",28.86,35.32,34.45,30.47,30.00,31.88,28.13,34.38,56.25,40.63,35.00,36.88,35.19,33.44,34.38,31.88,32.50,35.00,35.00,35.00,31.25,38.75,55.63,51.13,48.75,38.56,37.50,41.25,37.50,37.50,41.25,36.88,32.50,36.88,41.88,42.50,36.25,38.75,38.39,38.75,43.75,43.13,40.63,40.00,43.75,38.75,46.88,57.50,53.75,81.25,56.25,48.70,45.00,40.00,52.50,45.00,48.13,50.63,45.00,36.88,53.75,56.25,107.50,68.75,54.12,47.50,50.00,51.25,43.75,45.00,48.75,48.75,51.25,65.00,67.50,65.00,53.75,53.13,56.25,53.75,53.75,58.75,53.75,56.25,67.50,72.50,88.75,121.25,80.63,66.25,69.12,71.25,53.75,61.25,58.75,60.00,51.25,45.00,52.50,76.25,80.00,63.75,51.25,60.42,57.50,56.25,54.38,57.50,62.50,52.50,30.63,37.50,55.00,61.25,82.50,98.75,58.86,93.75,66.25,62.50,48.13,51.25,67.50,65.00,61.25,72.50,74.38,84.38,73.75,68.39
....Mountain Province,"MONGGO, GREEN, 1 KG",..,..,..,..,..,..,..,..,..,..,..,..,..,..,..,..,..,..,..,..,..,..,..,..,..,..,..,..,..,..,..,..,..,..,..,..,..,..,..,..,..,..,..,..,..,..,..,..,..,..,..,..,..,..,..,..,..,..,..,..,..,..,..,..,..,..,..,..,..,..,..,..,..,..,..,..,..,..,..,..,..,..,..,..,..,..,..,..,..,..,..,..,..,..,..,..,..,..,..,..,..,..,..,..,..,..,..,..,..,..,..,..,..,..,..,..,..,..,..,..,..,..,..,..,..,..,..,..,..,..
....Mountain Province,"STRING BEANS, 1 KG",..,..,..,..,..,..,..,..,..,..,..,..,..,..,..,..,..,..,..,..,..,..,..,..,..,..,..,..,..,..,..,..,..,..,..,..,..,..,..,..,..,..,..,..,..,..,..,..,..,..,..,..,..,..,..,..,..,..,..,..,..,..,..,..,..,..,..,..,..,..,..,..,..,..,..,..,..,..,..,..,..,..,..,..,..,..,..,..,..,..,..,..,..,..,..,..,..,..,..,..,..,..,..,..,..,..,..,..,..,..,..,..,..,..,..,..,..,..,..,..,..,..,..,..,..,..,..,..,..,..
..REGION I (ILOCOS REGION),"RAW PEANUT, SHELLED, 1 KG",78.12,78.61,77.82,76.49,76.96,77.03,76.64,78.51,79.35,79.89,79.68,80.15,78.27,82.27,81.51,80.06,80.59,80.74,80.43,80.61,80.56,80.25,82.95,90.09,91.46,82.63,90.11,92.37,93.89,95.87,95.83,96.01,96.59,97.58,99.41,100.66,100.86,101.31,96.71,101.19,102.62,102.84,101.30,101.70,101.70,101.43,90.60,89.88,92.29,92.31,92.51,97.53,92.97,93.29,92.13,89.23,87.56,89.33,89.86,90.17,90.17,90.79,90.63,91.55,90.64,91.19,92.08,92.05,91.61,90.78,91.87,91.87,91.96,92.38,92.79,93.77,94.61,92.25,94.36,94.58,90.00,90.89,91.10,94.03,95.22,95.26,95.26,95.26,95.58,95.58,93.93,93.73,93.58,92.92,92.92,95.34,96.88,96.88,94.38,94.38,95.63,95.63,96.88,94.93,94.91,94.91,93.81,96.11,95.63,95.04,95.82,96.19,96.19,96.04,103.85,104.00,96.88,104.00,102.85,98.66,98.63,98.78,99.10,99.57,100.22,101.19,99.88,100.88,101.03,100.40
..REGION I (ILOCOS REGION),"RAW PEANUT, UNSHELLED, 1 KG",..,..,..,..,..,..,..,..,..,..,..,..,..,..,..,..,..,..,..,..,..,..,..,..,..,..,..,..,..,..,..,..,..,..,..,..,..,..,..,..,..,..,..,..,..,..,..,..,..,..,..,..,..,..,..,..,..,..,..,..,..,..,..,..,..,..,..,..,..,..,..,..,..,..,..,..,..,..,..,..,..,..,..,..,..,..,..,..,..,..,..,..,..,..,..,..,..,..,..,..,..,..,..,..,..,..,..,..,..,..,..,..,..,..,..,..,..,..,..,..,..,..,..,..,..,..,..,..,..,..
..REGION I (ILOCOS REGION),"BAGUIO BEANS, 1 KG",50.88,55.87,57.83,54.07,45.01,50.63,52.50,73.75,68.75,66.25,63.13,61.88,58.38,60.63,50.94,47.82,45.94,53.13,55.32,54.38,50.63,77.50,97.19,66.88,50.94,59.28,51.25,52.50,50.94,51.88,57.51,59.38,52.50,69.07,66.25,62.82,58.13,55.00,57.27,50.00,51.57,50.63,53.13,57.50,56.57,63.75,76.25,77.50,59.38,75.00,77.50,62.40,76.88,76.25,72.82,68.75,78.13,78.13,70.00,66.25,73.75,76.25,90.63,82.50,75.86,70.00,63.76,58.75,60.94,62.19,68.13,68.75,75.63,76.88,85.63,85.63,85.63,71.83,78.13,73.13,71.88,71.25,71.88,75.00,71.88,86.25,86.57,110.00,110.63,105.63,84.35,106.88,93.13,79.38,75.63,84.38,73.75,73.75,84.38,89.38,88.75,89.38,86.88,85.47,71.25,65.94,64.69,77.08,76.25,89.38,75.00,70.00,75.63,96.88,114.38,123.75,83.35,127.50,96.25,76.88,80.63,75.63,120.63,86.88,113.13,102.50,110.63,135.63,96.25,101.88
..REGION I (ILOCOS REGION),"MONGGO, GREEN, 1 KG",79.08,79.08,79.08,79.08,79.08,77.68,79.08,79.08,79.54,76.61,79.08,76.57,78.59,77.47,77.47,79.98,78.59,79.98,79.98,79.98,79.98,79.98,80.68,79.63,78.38,79.34,77.89,77.73,78.18,79.54,79.64,81.94,83.82,80.13,80.55,82.25,83.09,83.38,80.68,82.13,83.38,83.79,83.59,82.92,81.04,81.17,82.42,81.63,80.92,80.81,81.67,82.12,81.46,84.09,84.09,84.08,84.29,87.42,87.29,83.33,84.79,84.58,89.79,88.17,85.28,88.33,88.54,86.67,88.54,88.54,88.33,86.88,90.63,90.63,89.79,89.17,89.17,88.77,87.29,84.44,80.42,81.25,82.92,84.58,83.13,85.63,87.29,87.30,87.09,87.09,84.87,86.88,87.09,84.38,87.29,85.63,84.85,83.96,86.58,89.17,89.21,89.42,91.09,87.13,93.38,92.71,92.08,95.83,94.88,94.04,91.25,92.09,93.07,92.29,91.46,93.75,93.07,95.42,92.92,98.54,96.25,92.67,95.00,95.83,97.18,98.72,98.30,99.12,99.12,96.59
..REGION I (ILOCOS REGION),"STRING BEANS, 1 KG",39.97,31.80,39.50,35.22,33.66,33.82,35.37,37.56,44.85,42.40,39.27,35.73,37.43,34.48,33.13,33.55,32.92,33.86,35.58,34.48,32.87,42.92,46.05,43.86,38.65,36.86,39.27,36.72,35.37,32.92,33.23,36.86,39.88,34.98,31.02,36.20,35.73,37.50,35.81,41.59,37.89,35.50,36.85,36.49,36.42,40.07,49.27,46.91,34.22,50.25,53.44,41.58,61.04,43.86,41.51,42.40,44.06,45.11,45.26,43.13,52.35,55.73,69.38,64.85,50.72,68.96,58.80,50.06,44.27,42.40,44.74,43.65,44.69,48.02,48.55,46.50,44.63,48.77,46.36,47.50,46.62,43.80,45.83,47.97,59.89,61.72,73.75,72.19,76.04,60.31,56.83,58.13,53.13,51.15,49.22,54.17,54.64,47.92,47.35,58.13,60.63,65.19,69.06,55.73,57.50,58.13,53.75,52.71,54.06,55.63,53.75,46.72,48.44,61.41,75.32,79.38,58.07,85.63,62.50,44.22,48.75,47.19,62.66,57.19,83.27,68.23,63.18,54.15,64.61,61.80
....Ilocos Norte,"RAW PEANUT, SHELLED, 1 KG",72.50,75.83,73.33,70.83,71.88,71.88,71.88,74.38,78.13,78.13,80.00,81.88,75.05,82.50,82.50,82.50,82.50,82.50,81.25,81.25,81.25,81.25,81.88,81.88,81.88,81.93,81.88,81.88,81.88,88.75,90.00,90.00,91.25,91.25,92.50,92.50,92.50,92.50,88.91,92.50,92.50,92.50,91.25,91.25,91.25,91.25,90.00,90.00,90.00,90.00,89.38,90.99,87.86,85.00,82.50,82.50,82.50,82.50,80.00,80.00,80.00,80.00,80.00,82.25,82.09,82.25,84.38,85.00,85.00,85.00,86.88,86.88,87.25,87.50,86.88,86.88,86.88,85.90,88.75,90.83,90.83,94.38,94.38,94.38,94.38,96.88,96.88,96.88,96.88,96.88,94.36,98.75,98.75,98.13,98.13,100.00,100.00,100.00,100.00,100.00,100.00,100.00,100.00,99.48,102.50,102.50,97.50,105.00,104.75,104.75,101.00,100.00,100.00,100.00,100.00,100.00,101.50,100.00,100.00,99.50,98.75,100.00,100.00,100.00,100.00,100.00,100.00,100.00,100.00,99.85
....Ilocos Norte,"RAW PEANUT, UNSHELLED, 1 KG",..,..,..,..,..,..,..,..,..,..,..,..,..,..,..,..,..,..,..,..,..,..,..,..,..,..,..,..,..,..,..,..,..,..,..,..,..,..,..,..,..,..,..,..,..,..,..,..,..,..,..,..,..,..,..,..,..,..,..,..,..,..,..,..,..,..,..,..,..,..,..,..,..,..,..,..,..,..,..,..,..,..,..,..,..,..,..,..,..,..,..,..,..,..,..,..,..,..,..,..,..,..,..,..,..,..,..,..,..,..,..,..,..,..,..,..,..,..,..,..,..,..,..,..,..,..,..,..,..,..
....Ilocos Norte,"BAGUIO BEANS, 1 KG",..,..,..,..,..,..,..,..,..,..,..,..,..,..,..,..,..,..,..,..,..,..,..,..,..,..,..,..,..,..,..,..,..,..,..,..,..,..,..,..,..,..,..,..,..,..,..,..,..,..,..,..,..,..,..,..,..,..,..,..,..,..,..,..,..,..,..,..,..,..,..,..,..,..,..,..,..,..,..,..,..,..,..,..,..,..,..,..,..,..,..,..,..,..,..,..,..,..,..,..,..,..,..,..,..,..,..,..,..,..,..,..,..,..,..,..,..,..,..,..,..,..,..,..,..,..,..,..,..,..
....Ilocos Norte,"MONGGO, GREEN, 1 KG",66.96,66.96,66.96,66.96,66.96,65.67,66.96,66.96,67.29,64.58,66.96,64.64,66.49,65.28,65.28,67.60,66.32,67.60,67.60,67.60,67.60,67.60,68.25,67.47,66.32,67.04,65.67,65.33,65.65,66.62,67.48,69.42,71.35,68.13,68.13,68.13,70.63,70.63,68.10,70.63,70.63,70.63,70.63,70.63,70.63,71.88,76.25,73.75,73.75,70.63,74.38,72.04,74.38,74.38,74.38,73.75,75.00,75.00,75.63,73.75,79.38,77.50,80.63,76.25,75.84,76.25,74.38,73.75,74.38,74.38,73.75,69.38,76.88,76.88,76.88,76.88,76.88,75.06,84.38,80.83,81.88,81.88,78.75,78.75,81.88,83.13,83.75,84.38,84.38,84.38,82.36,84.38,84.38,83.13,81.88,80.00,79.17,80.63,82.25,81.88,80.75,80.75,83.88,81.92,83.88,86.88,85.00,88.33,87.50,87.50,87.50,87.50,88.57,87.50,86.25,87.50,86.99,87.50,88.75,89.38,88.75,90.00,90.00,88.75,89.98,94.91,94.91,94.91,94.91,91.06
....Ilocos Norte,"STRING BEANS, 1 KG",42.50,33.33,45.00,45.00,45.00,40.00,40.83,40.83,42.50,43.33,43.33,40.42,41.84,40.42,38.75,39.17,39.17,39.17,39.17,40.42,44.58,46.67,47.92,54.17,47.08,43.06,49.58,48.75,49.58,42.92,42.92,39.92,43.25,39.92,40.33,41.67,41.67,45.00,43.79,46.67,50.00,46.67,43.33,45.00,43.33,41.67,43.33,48.33,42.50,66.17,62.50,48.29,76.67,56.67,51.67,53.33,55.00,56.67,61.67,55.00,70.00,69.17,75.00,90.00,64.24,98.33,88.33,73.33,65.83,58.33,58.33,50.83,55.00,58.33,61.67,62.50,55.00,65.48,51.67,55.00,55.83,50.83,50.83,52.50,73.30,72.50,90.00,95.00,96.67,77.50,68.47,62.50,55.00,53.33,46.25,56.67,61.67,55.42,53.75,65.00,76.25,82.00,90.00,63.15,80.00,68.75,45.00,48.33,53.75,57.50,57.50,53.75,59.38,91.25,78.13,86.25,64.97,86.25,72.50,55.63,53.75,55.00,75.00,67.50,80.00,75.00,52.50,53.75,60.00,65.57
....Ilocos Sur,"RAW PEANUT, SHELLED, 1 KG",79.01,78.00,78.00,78.00,78.00,79.43,78.71,83.69,82.98,85.12,83.69,83.69,80.69,81.55,82.26,82.26,84.40,85.83,85.83,86.55,85.12,85.12,86.55,85.12,82.26,84.40,82.26,77.98,76.55,75.12,73.69,74.40,75.12,76.55,80.12,85.12,85.12,84.40,78.87,81.43,86.29,84.86,82.43,84.29,84.29,85.71,85.71,82.86,87.14,88.57,90.00,85.30,90.00,90.00,92.86,81.25,73.75,80.00,83.75,85.00,85.00,90.00,90.00,91.43,86.09,90.00,91.43,95.71,91.43,91.43,91.43,91.43,91.43,92.86,94.29,95.71,95.71,92.74,92.86,85.00,86.25,86.25,86.25,98.00,98.57,91.25,91.25,91.25,92.50,92.50,90.99,92.50,91.88,91.88,91.88,92.50,92.50,92.50,93.75,93.75,93.75,93.75,93.75,92.87,90.63,90.63,91.25,91.67,93.13,94.38,94.38,95.63,95.63,94.38,94.38,94.38,93.37,94.38,94.38,94.38,93.75,93.13,94.38,94.38,94.38,94.38,94.38,94.38,94.38,94.22
....Ilocos Sur,"RAW PEANUT, UNSHELLED, 1 KG",..,..,..,..,..,..,..,..,..,..,..,..,..,..,..,..,..,..,..,..,..,..,..,..,..,..,..,..,..,..,..,..,..,..,..,..,..,..,..,..,..,..,..,..,..,..,..,..,..,..,..,..,..,..,..,..,..,..,..,..,..,..,..,..,..,..,..,..,..,..,..,..,..,..,..,..,..,..,..,..,..,..,..,..,..,..,..,..,..,..,..,..,..,..,..,..,..,..,..,..,..,..,..,..,..,..,..,..,..,..,..,..,..,..,..,..,..,..,..,..,..,..,..,..,..,..,..,..,..,..
....Ilocos Sur,"BAGUIO BEANS, 1 KG",58.80,58.80,58.80,61.25,51.88,52.50,51.25,70.00,65.00,58.75,58.75,57.50,58.61,68.75,46.88,48.13,45.00,52.50,55.63,55.00,48.75,72.50,107.50,78.75,51.25,60.89,55.00,52.50,51.25,55.00,53.13,57.50,53.75,70.63,72.50,66.88,58.75,60.00,58.91,53.75,52.50,52.50,53.13,60.00,53.75,58.75,80.00,73.75,52.50,87.50,75.00,62.76,83.75,75.00,73.13,65.00,81.25,75.00,60.00,57.50,72.50,81.25,90.00,95.00,75.78,81.25,75.63,67.50,66.88,61.88,66.25,68.75,68.75,80.00,87.50,86.25,86.25,74.74,75.00,71.25,72.50,70.00,66.25,67.50,50.00,52.50,70.63,100.00,100.00,91.25,73.91,93.75,77.50,70.00,72.50,71.25,71.25,66.25,68.75,72.50,72.50,72.50,73.75,73.54,71.25,70.63,68.13,80.83,78.75,85.00,81.25,76.25,82.50,98.75,117.50,120.00,85.90,137.50,122.50,83.75,83.75,78.75,112.50,93.75,111.25,106.25,111.25,128.75,85.00,104.58
....Ilocos Sur,"MONGGO, GREEN, 1 KG",84.88,84.88,84.88,84.88,84.88,83.63,84.88,84.88,85.50,82.88,84.88,82.63,84.47,83.88,83.88,86.13,84.88,86.13,86.13,86.13,86.13,86.13,86.75,85.38,84.25,85.48,84.25,84.54,85.17,87.04,85.38,87.88,89.13,85.38,86.63,91.13,91.13,92.63,87.52,89.50,93.25,94.50,93.88,91.88,86.25,85.38,84.75,85.38,82.25,84.38,84.38,87.98,83.75,85.63,85.63,86.25,85.63,95.00,92.50,82.50,81.25,82.50,95.00,97.50,87.76,95.00,97.50,92.50,97.50,97.50,97.50,97.50,97.50,98.75,96.25,94.38,94.38,96.36,81.25,76.25,64.38,67.50,75.00,80.00,71.25,77.50,81.25,80.63,80.00,80.00,76.25,80.00,80.63,80.00,83.75,80.63,80.63,77.50,82.50,88.13,86.88,87.50,88.13,83.02,95.00,93.75,93.75,102.50,95.63,93.13,88.13,90.63,91.88,90.63,90.63,96.25,93.49,101.25,98.75,108.75,101.25,98.25,97.50,101.25,102.50,103.75,102.50,106.25,106.25,102.35
....Ilocos Sur,"STRING BEANS, 1 KG",36.49,30.00,37.30,30.00,31.88,36.88,41.25,45.63,46.25,40.63,38.13,33.75,37.35,34.38,37.50,36.88,30.63,36.25,38.13,30.00,23.13,52.50,57.50,52.50,44.38,39.48,46.25,41.25,35.00,30.63,31.88,46.25,53.75,37.50,31.25,47.50,46.25,47.50,41.25,55.00,46.25,42.50,36.88,38.75,40.00,41.25,66.25,65.00,38.13,38.65,58.75,47.28,66.25,48.75,43.75,46.25,55.00,47.50,45.00,38.75,52.50,67.50,85.00,67.50,55.31,83.75,73.75,59.38,45.63,48.13,50.63,55.63,56.88,75.00,68.13,58.75,58.75,61.20,61.25,66.25,56.25,53.75,57.50,60.00,57.50,75.00,95.00,88.75,92.50,68.75,69.38,67.50,67.50,58.75,56.25,61.25,61.25,42.50,48.75,61.25,65.00,70.00,68.75,60.73,63.75,61.25,62.50,50.00,53.75,61.25,63.75,52.50,41.88,55.00,92.50,86.25,62.03,98.75,73.75,43.13,48.13,50.63,70.00,58.75,105.75,71.81,79.64,60.06,67.89,69.02
....La Union,"RAW PEANUT, SHELLED, 1 KG",90.00,87.50,88.50,90.00,90.00,90.50,90.50,90.50,90.00,90.00,88.75,88.75,89.58,98.75,100.00,100.00,100.00,100.00,100.00,100.00,101.25,100.00,108.75,138.75,146.25,107.81,140.00,152.50,162.50,165.00,165.00,165.00,165.00,167.50,170.00,170.00,170.00,172.50,163.75,177.50,177.50,175.00,172.50,172.50,172.50,170.00,125.00,125.00,130.00,130.00,130.00,154.79,130.00,130.00,125.00,125.00,127.50,127.50,127.50,127.50,127.50,125.00,125.00,125.00,126.88,125.00,125.00,122.50,125.00,122.50,125.00,125.00,125.00,125.00,125.00,125.00,125.00,124.58,125.00,125.00,116.25,116.25,116.25,116.25,116.25,111.25,111.25,111.25,111.25,111.25,115.63,102.00,102.00,100.00,100.00,107.17,113.33,113.33,107.50,107.50,112.50,112.50,117.50,107.94,111.25,111.25,111.25,112.50,109.38,104.38,103.13,103.13,103.13,103.13,135.00,135.00,111.88,135.00,135.00,118.75,118.75,118.75,118.75,121.25,121.25,121.25,121.25,121.25,121.25,122.71
....La Union,"RAW PEANUT, UNSHELLED, 1 KG",..,..,..,..,..,..,..,..,..,..,..,..,..,..,..,..,..,..,..,..,..,..,..,..,..,..,..,..,..,..,..,..,..,..,..,..,..,..,..,..,..,..,..,..,..,..,..,..,..,..,..,..,..,..,..,..,..,..,..,..,..,..,..,..,..,..,..,..,..,..,..,..,..,..,..,..,..,..,..,..,..,..,..,..,..,..,..,..,..,..,..,..,..,..,..,..,..,..,..,..,..,..,..,..,..,..,..,..,..,..,..,..,..,..,..,..,..,..,..,..,..,..,..,..,..,..,..,..,..,..
....La Union,"BAGUIO BEANS, 1 KG",42.96,52.94,56.85,46.88,38.13,48.75,53.75,77.50,72.50,73.75,67.50,66.25,58.15,52.50,55.00,47.50,46.88,53.75,55.00,53.75,52.50,82.50,86.88,55.00,50.63,57.66,47.50,52.50,50.63,48.75,61.88,61.25,51.25,67.50,60.00,58.75,57.50,50.00,55.63,46.25,50.63,48.75,53.13,55.00,59.38,68.75,72.50,81.25,66.25,62.50,80.00,62.03,70.00,77.50,72.50,72.50,75.00,81.25,80.00,75.00,75.00,71.25,91.25,70.00,75.94,58.75,51.88,50.00,55.00,62.50,70.00,68.75,82.50,73.75,83.75,85.00,85.00,68.91,81.25,75.00,71.25,72.50,77.50,82.50,93.75,120.00,102.50,120.00,121.25,120.00,94.79,120.00,108.75,88.75,78.75,97.50,76.25,81.25,100.00,106.25,105.00,106.25,100.00,97.40,71.25,61.25,61.25,73.33,73.75,93.75,68.75,63.75,68.75,95.00,111.25,127.50,80.80,117.50,70.00,70.00,77.50,72.50,128.75,80.00,115.00,98.75,110.00,142.50,107.50,99.17
....La Union,"MONGGO, GREEN, 1 KG",..,..,..,..,..,..,..,..,..,..,..,..,..,..,..,..,..,..,..,..,..,..,..,..,..,..,..,..,..,..,..,..,..,..,..,..,..,..,..,..,..,..,..,..,..,..,..,..,..,..,..,..,..,..,..,..,..,..,..,..,..,..,..,..,..,..,..,..,..,..,..,..,..,..,..,..,..,..,..,..,..,..,..,..,..,..,..,..,..,..,..,..,..,..,..,..,..,..,..,..,..,..,..,..,..,..,..,..,..,..,..,..,..,..,..,..,..,..,..,..,..,..,..,..,..,..,..,..,..,..
....La Union,"STRING BEANS, 1 KG",36.20,28.95,38.32,38.75,30.63,35.00,37.50,41.88,66.25,61.25,50.63,41.25,42.22,35.63,29.38,31.88,35.63,33.75,39.38,37.50,33.75,43.75,48.13,38.13,35.63,36.88,36.88,33.13,32.50,33.75,35.63,38.13,38.75,37.50,32.50,33.13,34.38,35.63,35.16,43.75,33.13,31.88,45.00,38.75,40.00,53.75,53.75,45.00,31.88,61.25,56.25,44.53,70.00,38.75,35.63,39.38,36.25,42.50,42.50,48.75,54.38,53.75,76.25,63.75,50.16,56.25,40.63,36.88,35.00,31.88,36.25,36.88,38.13,31.88,39.38,39.75,39.75,38.56,46.25,42.50,48.13,44.38,48.75,53.13,72.50,67.50,76.25,67.50,76.25,57.50,58.39,57.50,45.00,45.00,46.88,51.25,48.13,56.88,50.63,61.25,53.75,65.00,62.50,53.65,38.75,46.25,48.75,55.83,53.75,50.00,43.75,31.25,36.25,40.63,65.63,77.50,49.03,90.00,39.38,30.63,45.63,41.88,56.25,55.00,85.00,62.50,51.25,50.00,63.13,55.89
....Pangasinan,"RAW PEANUT, SHELLED, 1 KG",70.96,73.12,71.46,67.12,67.96,66.29,65.46,65.46,66.29,66.29,66.29,66.29,67.75,66.29,61.29,55.46,55.46,54.62,54.62,54.62,54.62,54.62,54.62,54.62,55.46,56.36,56.29,57.12,54.62,54.62,54.62,54.62,55.00,55.00,55.00,55.00,55.83,55.83,55.30,53.33,54.17,59.00,59.00,58.75,58.75,58.75,61.67,61.67,62.00,60.67,60.67,59.04,64.00,68.17,68.17,68.17,66.50,67.33,68.17,68.17,68.17,68.17,67.50,67.50,67.50,67.50,67.50,65.00,65.00,64.17,64.17,64.17,64.17,64.17,65.00,67.50,70.83,65.77,70.83,77.50,66.67,66.67,67.50,67.50,71.67,81.67,81.67,81.67,81.67,81.67,74.72,81.67,81.67,81.67,81.67,81.67,81.67,81.67,76.25,76.25,76.25,76.25,76.25,79.41,75.25,75.25,75.25,75.25,75.25,76.63,84.75,86.00,86.00,86.63,86.00,86.63,80.74,86.63,82.00,82.00,83.25,83.25,83.25,82.63,85.25,89.13,83.88,87.88,88.50,84.80
....Pangasinan,"RAW PEANUT, UNSHELLED, 1 KG",..,..,..,..,..,..,..,..,..,..,..,..,..,..,..,..,..,..,..,..,..,..,..,..,..,..,..,..,..,..,..,..,..,..,..,..,..,..,..,..,..,..,..,..,..,..,..,..,..,..,..,..,..,..,..,..,..,..,..,..,..,..,..,..,..,..,..,..,..,..,..,..,..,..,..,..,..,..,..,..,..,..,..,..,..,..,..,..,..,..,..,..,..,..,..,..,..,..,..,..,..,..,..,..,..,..,..,..,..,..,..,..,..,..,..,..,..,..,..,..,..,..,..,..,..,..,..,..,..,..
....Pangasinan,"BAGUIO BEANS, 1 KG",..,..,..,..,..,..,..,..,..,..,..,..,..,..,..,..,..,..,..,..,..,..,..,..,..,..,..,..,..,..,..,..,..,..,..,..,..,..,..,..,..,..,..,..,..,..,..,..,..,..,..,..,..,..,..,..,..,..,..,..,..,..,..,..,..,..,..,..,..,..,..,..,..,..,..,..,..,..,..,..,..,..,..,..,..,..,..,..,..,..,..,..,..,..,..,..,..,..,..,..,..,..,..,..,..,..,..,..,..,..,..,..,..,..,..,..,..,..,..,..,..,..,..,..,..,..,..,..,..,..
....Pangasinan,"MONGGO, GREEN, 1 KG",85.41,85.41,85.41,85.41,85.41,83.75,85.41,85.41,85.82,82.36,85.40,82.44,84.80,83.25,83.25,86.21,84.57,86.21,86.21,86.21,86.21,86.21,87.04,86.05,84.57,85.50,83.74,83.31,83.72,84.96,86.05,88.52,90.99,86.88,86.88,87.50,87.50,86.88,86.41,86.25,86.25,86.25,86.25,86.25,86.25,86.25,86.25,85.75,86.75,87.42,86.25,86.35,86.25,92.25,92.25,92.25,92.25,92.25,93.75,93.75,93.75,93.75,93.75,90.75,92.25,93.75,93.75,93.75,93.75,93.75,93.75,93.75,97.50,96.25,96.25,96.25,96.25,94.90,96.25,96.25,95.00,94.38,95.00,95.00,96.25,96.25,96.88,96.88,96.88,96.88,95.99,96.25,96.25,90.00,96.25,96.25,94.75,93.75,95.00,97.50,100.00,100.00,101.25,96.44,101.25,97.50,97.50,96.67,101.50,101.50,98.13,98.13,98.75,98.75,97.50,97.50,98.72,97.50,91.25,97.50,98.75,89.75,97.50,97.50,99.05,97.50,97.50,96.21,96.21,96.35
....Pangasinan,"STRING BEANS, 1 KG",44.67,34.92,37.36,27.13,27.13,23.38,21.88,21.88,24.38,24.38,25.00,27.50,28.30,27.50,26.88,26.25,26.25,26.25,25.63,30.00,30.00,28.75,30.63,30.63,27.50,28.02,24.38,23.75,24.38,24.38,22.50,23.13,23.75,25.00,20.00,22.50,20.63,21.88,23.02,20.94,22.19,20.94,22.19,23.44,22.33,23.59,33.73,29.30,24.37,34.93,36.25,26.18,31.25,31.25,35.00,30.63,30.00,33.75,31.88,30.00,32.50,32.50,41.25,38.13,33.18,37.50,32.50,30.63,30.63,31.25,33.75,31.25,28.75,26.88,25.00,25.00,25.00,29.85,26.25,26.25,26.25,26.25,26.25,26.25,36.25,31.88,33.75,37.50,38.75,37.50,31.09,45.00,45.00,47.50,47.50,47.50,47.50,36.88,36.25,45.00,47.50,43.75,55.00,45.37,47.50,56.25,58.75,56.67,55.00,53.75,50.00,49.38,56.25,58.75,65.00,67.50,56.23,67.50,64.38,47.50,47.50,41.25,49.38,47.50,62.34,63.61,69.34,52.80,67.43,56.71
..REGION II (CAGAYAN VALLEY),"RAW PEANUT, SHELLED, 1 KG",94.60,94.04,93.77,97.01,96.17,92.30,91.06,90.68,91.06,90.50,90.55,90.55,92.69,90.55,91.22,90.83,90.83,91.11,91.38,91.38,91.66,93.34,93.34,94.86,94.86,92.11,94.86,94.86,94.17,94.17,93.62,93.62,93.62,91.36,94.97,94.97,95.18,95.83,94.27,95.83,99.17,100.00,100.21,100.63,101.46,102.71,102.92,105.00,105.00,105.42,104.79,101.93,107.35,105.21,106.04,106.04,96.04,98.54,95.21,94.38,94.79,94.79,95.63,98.13,99.35,99.38,99.38,97.71,97.71,97.29,94.38,94.38,103.13,103.75,103.54,102.71,102.29,99.64,91.46,91.46,92.29,92.29,92.29,93.13,98.75,99.08,101.46,107.86,102.65,102.65,97.11,103.58,104.00,104.42,103.77,104.04,103.21,103.00,103.42,103.42,102.03,104.39,104.39,103.64,104.31,109.86,114.38,114.65,114.86,123.13,127.57,130.97,130.56,128.89,128.89,129.93,121.50,129.52,123.54,122.92,122.50,123.75,123.75,125.00,125.00,128.33,127.23,126.38,126.38,125.36
..REGION II (CAGAYAN VALLEY),"RAW PEANUT, UNSHELLED, 1 KG",45.01,43.20,42.99,44.60,44.60,44.22,44.13,44.13,44.13,43.51,42.90,43.22,43.89,43.22,43.21,43.22,43.84,43.84,43.84,43.84,43.84,43.91,44.54,45.81,45.81,44.08,45.03,45.03,48.63,48.63,48.94,48.94,49.56,46.77,53.91,53.91,52.97,53.28,49.63,55.47,55.16,56.72,58.06,58.42,58.77,58.86,58.55,55.32,55.00,54.69,63.75,57.40,61.72,62.80,61.25,59.53,60.00,58.44,56.72,55.47,55.32,51.25,53.13,53.44,57.42,53.28,56.25,51.25,51.41,51.41,51.88,51.56,53.75,53.91,54.72,53.53,53.69,53.05,53.75,54.07,56.72,57.07,57.66,58.91,49.17,54.33,61.36,63.86,59.43,58.33,57.06,58.96,58.54,57.29,59.27,59.06,59.06,62.97,62.66,63.41,65.26,65.05,65.26,61.40,64.64,63.29,63.29,64.16,64.39,64.49,64.28,64.17,65.42,64.48,64.48,64.48,64.30,63.65,63.65,61.77,61.77,62.55,63.49,62.71,63.20,63.83,63.15,63.17,63.17,63.01
..REGION II (CAGAYAN VALLEY),"BAGUIO BEANS, 1 KG",45.27,43.86,44.58,39.64,40.13,37.15,41.63,48.81,51.80,47.34,45.49,45.58,44.27,45.27,41.70,43.28,43.24,46.70,48.47,47.60,43.11,51.76,50.53,47.92,48.54,46.51,45.43,42.77,38.13,39.32,41.51,44.96,44.88,48.30,48.53,46.35,41.43,37.40,43.25,40.34,43.09,38.04,38.63,39.28,43.53,53.40,64.37,61.02,53.63,69.58,60.70,50.47,42.57,43.68,42.56,41.69,47.02,51.74,46.57,36.14,46.38,50.95,84.96,62.06,49.69,50.91,49.97,42.48,38.84,41.18,51.43,55.03,48.69,58.15,59.58,53.20,61.46,50.91,63.74,59.52,52.13,46.20,48.68,55.17,68.62,70.35,64.49,92.08,72.41,63.68,63.09,61.94,56.85,44.36,57.78,68.74,61.56,59.05,57.92,68.54,65.83,58.54,52.92,59.50,55.63,51.88,51.79,57.21,60.96,70.21,50.63,47.29,64.17,83.75,112.08,99.58,67.10,100.00,60.83,57.08,61.25,56.46,89.58,67.08,61.67,60.81,60.85,93.39,67.37,69.70
..REGION II (CAGAYAN VALLEY),"MONGGO, GREEN, 1 KG",88.46,88.46,88.46,69.41,70.16,73.22,76.27,74.73,79.31,82.37,77.79,77.79,78.87,79.31,80.85,79.31,79.31,79.31,64.06,70.16,70.16,68.64,66.35,63.92,68.64,72.50,68.64,67.12,36.61,45.76,53.39,59.49,61.01,85.83,90.00,90.00,90.00,90.00,69.82,90.00,90.00,90.00,87.50,87.50,90.00,87.50,86.25,87.50,87.50,87.50,90.00,88.44,90.00,90.00,90.00,90.00,83.75,82.50,82.50,82.50,82.50,82.50,82.50,82.50,85.10,82.50,82.50,82.50,82.50,82.50,82.50,82.50,81.25,82.50,82.50,82.50,82.50,82.40,82.50,82.50,82.50,82.50,82.50,82.50,66.67,66.67,68.33,68.33,68.33,68.33,75.14,68.33,73.33,73.33,82.50,82.50,82.50,81.25,80.63,80.63,83.75,83.75,83.75,79.69,83.75,82.50,84.38,85.63,96.88,91.88,89.38,88.13,88.13,87.50,88.13,85.63,87.66,86.88,83.13,88.13,86.25,86.25,85.63,90.63,90.63,81.63,89.34,91.92,90.63,87.59
..REGION II (CAGAYAN VALLEY),"STRING BEANS, 1 KG",32.88,30.95,28.31,28.49,25.85,24.66,24.76,23.96,23.75,23.64,24.42,25.50,26.43,25.64,26.03,24.65,23.50,24.63,26.93,25.37,23.15,26.93,27.44,28.60,30.73,26.13,32.14,28.19,27.43,29.48,26.99,27.53,26.80,23.96,22.36,23.38,23.76,23.79,26.32,28.59,27.57,26.10,25.00,24.08,25.15,26.74,27.91,26.22,23.99,37.85,32.10,27.61,39.88,33.05,34.15,31.20,32.35,32.03,31.53,27.71,31.36,31.04,43.10,39.50,33.91,40.54,42.30,34.54,28.92,27.83,32.06,30.66,28.58,31.12,29.90,35.05,40.29,33.48,44.32,46.78,40.64,31.85,32.26,36.81,46.21,49.27,37.55,50.08,56.79,54.98,43.96,58.80,45.99,32.26,39.83,45.75,42.14,40.99,38.25,43.88,46.00,41.00,44.63,43.29,43.96,45.33,41.84,46.79,42.67,57.84,54.09,52.34,50.34,58.75,80.67,97.50,56.01,106.41,84.04,63.06,46.70,52.79,73.18,64.23,60.26,53.23,54.87,62.66,75.48,66.41
....Cagayan,"RAW PEANUT, SHELLED, 1 KG",97.25,97.25,97.25,106.98,106.98,104.37,103.75,103.75,103.75,103.75,103.90,103.90,102.74,103.90,103.83,103.90,103.90,103.90,103.90,103.90,103.90,104.37,104.37,108.92,108.92,104.81,108.92,108.92,108.92,108.92,108.92,108.92,108.92,106.67,117.50,117.50,117.50,117.50,111.59,117.50,126.25,126.25,126.25,126.25,125.00,126.25,126.25,132.50,132.50,133.75,133.75,127.71,141.43,135.00,137.50,137.50,122.50,127.50,117.50,115.00,115.00,115.00,117.50,125.00,125.54,127.50,127.50,122.50,122.50,122.50,111.25,111.25,111.25,111.25,111.25,108.75,108.75,116.35,108.75,108.75,111.25,111.25,111.25,111.25,111.00,112.00,112.00,129.88,114.25,114.25,112.99,117.75,119.00,120.25,120.25,120.25,117.75,116.50,117.75,117.75,117.75,117.75,117.75,118.38,117.50,117.50,114.38,114.38,116.25,116.88,116.88,115.00,115.00,112.50,112.50,113.13,115.16,113.13,113.13,110.00,111.25,113.75,110.00,113.75,113.75,113.75,110.45,109.13,109.13,111.77
....Cagayan,"RAW PEANUT, UNSHELLED, 1 KG",55.91,55.91,55.91,61.50,61.50,60.01,59.64,59.64,59.64,59.64,59.73,59.73,59.06,59.73,59.69,59.73,59.73,59.73,59.73,59.73,59.73,60.01,60.01,62.62,62.62,60.26,62.62,62.62,62.62,62.62,62.62,62.62,62.62,51.43,80.00,80.00,80.00,80.00,67.48,80.00,80.00,80.00,82.86,84.29,85.71,88.57,88.57,75.63,74.38,73.13,73.13,80.52,70.00,71.80,66.25,66.25,68.75,68.75,66.25,65.63,66.25,66.25,66.25,65.00,67.29,66.25,70.00,65.00,65.00,65.00,65.00,63.75,63.75,63.75,63.75,63.75,63.75,64.90,63.75,65.00,75.63,75.63,75.63,75.63,60.00,61.25,61.25,71.25,71.25,71.25,68.96,73.75,68.75,63.75,63.75,63.75,63.75,63.75,62.50,65.00,65.00,65.00,65.00,65.31,62.50,64.62,64.62,68.08,68.99,72.74,73.56,73.75,73.75,70.00,70.00,70.00,69.38,70.00,70.00,66.25,66.88,69.38,73.13,69.38,71.35,71.35,69.38,68.73,68.73,69.55
....Cagayan,"BAGUIO BEANS, 1 KG",..,..,..,..,..,..,..,..,..,..,..,..,..,..,..,..,..,..,..,..,..,..,..,..,..,..,..,..,..,..,..,..,..,..,..,..,..,..,..,..,..,..,..,..,..,..,..,..,..,..,..,..,..,..,..,..,..,..,..,..,..,..,..,..,..,..,..,..,..,..,..,..,..,..,..,..,..,..,..,..,..,..,..,..,..,..,..,..,..,..,..,..,..,..,..,..,..,..,..,..,..,..,..,..,..,..,..,..,..,..,..,..,..,..,..,..,..,..,..,..,..,..,..,..,..,..,..,..,..,..
....Cagayan,"MONGGO, GREEN, 1 KG",..,..,..,..,..,..,..,..,..,..,..,..,..,..,..,..,..,..,..,..,..,..,..,..,..,..,..,..,..,..,..,..,..,..,..,..,..,..,..,..,..,..,..,..,..,..,..,..,..,..,..,..,..,..,..,..,..,..,..,..,..,..,..,..,..,..,..,..,..,..,..,..,..,..,..,..,..,..,..,..,..,..,..,..,..,..,..,..,..,..,..,..,..,..,..,..,..,..,..,..,..,..,..,..,..,..,..,..,..,..,..,..,..,..,..,..,..,..,..,..,..,..,..,..,..,..,..,..,..,..
....Cagayan,"STRING BEANS, 1 KG",43.37,41.60,33.92,40.05,39.65,34.72,35.05,31.81,30.84,31.02,31.00,30.84,35.32,31.08,30.03,29.55,29.39,29.23,28.66,29.23,24.63,25.03,24.23,23.82,23.58,27.37,26.00,24.88,24.07,23.67,21.97,21.32,21.48,18.33,17.27,17.68,17.60,17.75,21.00,27.84,25.83,25.83,23.00,22.27,21.79,23.41,20.99,20.99,23.81,27.05,26.24,24.09,38.68,37.14,46.02,42.79,37.95,40.37,41.98,38.75,38.75,38.75,37.54,36.33,39.59,39.56,41.59,38.76,38.76,37.14,36.34,37.14,36.34,37.96,37.96,37.96,39.57,38.26,43.61,44.09,37.14,33.75,30.84,34.40,43.61,40.38,40.38,62.19,69.46,56.53,44.70,62.99,58.14,38.76,37.14,37.95,42.79,40.77,38.75,43.13,46.25,42.50,46.88,44.67,50.00,53.75,43.75,53.75,53.75,54.38,45.63,44.38,33.75,66.88,100.00,119.38,59.95,119.38,80.00,49.38,46.00,50.00,57.50,49.38,50.00,47.50,48.75,48.75,57.50,58.68
....Isabela,"RAW PEANUT, SHELLED, 1 KG",..,..,..,..,..,..,..,..,..,..,..,..,..,..,..,..,..,..,..,..,..,..,..,..,..,..,..,..,..,..,..,..,..,..,..,..,..,..,..,..,..,..,..,..,..,..,..,..,..,..,..,..,..,..,..,..,..,..,..,..,..,..,..,..,..,..,..,..,..,..,..,..,..,..,..,..,..,..,..,..,..,..,..,..,..,..,..,..,..,..,..,..,..,..,..,..,..,..,..,..,..,..,..,..,..,..,..,..,..,..,..,..,..,..,..,..,..,..,..,..,..,..,..,..,..,..,..,..,..,..
....Isabela,"RAW PEANUT, UNSHELLED, 1 KG",25.00,25.00,25.00,25.00,25.00,25.00,25.00,25.00,25.00,25.00,25.00,25.00,25.00,25.00,25.00,25.00,25.00,25.00,25.00,25.00,25.00,25.00,25.00,25.00,25.00,25.00,25.00,25.00,25.00,25.00,25.00,25.00,25.00,25.00,25.00,25.00,20.00,20.00,24.17,30.00,30.00,30.00,30.00,30.00,30.00,30.00,30.00,30.00,30.00,30.00,30.00,30.00,30.00,30.00,29.38,26.25,28.13,30.63,30.63,30.63,31.88,31.88,31.88,35.63,30.58,36.25,36.25,36.25,36.88,36.88,38.75,38.75,37.50,38.13,38.13,37.86,37.86,37.46,39.38,39.38,39.38,38.75,40.00,40.63,31.67,31.67,31.67,31.67,50.00,50.00,38.68,50.00,50.00,50.00,56.25,56.25,56.25,71.25,71.25,71.75,72.50,72.50,72.50,62.54,72.50,65.00,65.00,65.00,65.00,65.00,60.00,60.00,65.00,65.00,65.00,65.00,64.79,65.00,65.00,60.00,60.00,60.00,60.00,60.00,60.00,60.00,60.00,60.00,60.00,60.83
....Isabela,"BAGUIO BEANS, 1 KG",46.04,45.71,47.39,45.06,45.05,39.13,40.74,48.91,59.03,55.66,50.60,53.13,48.04,48.07,48.07,51.44,49.76,53.13,58.19,58.19,54.82,59.03,55.66,55.66,55.66,53.97,55.66,53.97,53.97,55.66,55.66,55.66,55.66,45.54,45.54,45.54,37.95,32.89,49.48,32.89,39.64,39.64,39.64,39.64,39.64,49.76,59.88,59.88,59.88,59.88,67.47,48.99,63.25,57.35,52.29,48.91,54.82,58.70,57.69,41.75,49.77,49.77,77.60,67.48,56.62,62.42,59.89,50.61,48.08,47.24,53.98,54.83,54.83,67.48,70.85,59.04,67.31,58.05,70.85,70.01,67.48,54.83,53.14,59.04,64.78,71.87,78.96,85.03,74.91,67.82,68.23,66.81,62.76,57.70,62.43,80.99,72.56,65.81,67.50,71.25,68.75,57.50,61.25,66.28,57.50,58.75,52.88,54.13,61.63,77.50,57.50,57.50,77.50,100.00,135.00,96.25,73.85,96.25,63.75,66.25,70.00,61.25,92.50,77.50,68.75,71.25,65.00,100.00,91.88,77.03
....Isabela,"MONGGO, GREEN, 1 KG",..,..,..,..,..,..,..,..,..,..,..,..,..,..,..,..,..,..,..,..,..,..,..,..,..,..,..,..,..,..,..,..,..,..,..,..,..,..,..,..,..,..,..,..,..,..,..,..,..,..,..,..,..,..,..,..,..,..,..,..,..,..,..,..,..,..,..,..,..,..,..,..,..,..,..,..,..,..,..,..,..,..,..,..,..,..,..,..,..,..,..,..,..,..,..,..,..,..,..,..,..,..,..,..,..,..,..,..,..,..,..,..,..,..,..,..,..,..,..,..,..,..,..,..,..,..,..,..,..,..
....Isabela,"STRING BEANS, 1 KG",22.36,19.02,19.41,17.50,17.50,17.13,16.67,18.63,18.29,18.29,18.88,18.88,18.55,18.88,17.88,16.88,18.88,17.63,18.25,17.00,17.63,19.38,19.38,16.25,16.25,17.86,20.63,20.13,19.00,25.00,24.38,24.38,25.00,25.00,15.00,15.00,20.00,20.00,21.13,20.00,15.00,15.00,15.00,15.00,15.00,15.00,15.00,15.00,15.00,20.00,20.00,16.25,20.63,20.00,18.75,19.38,21.88,20.00,21.25,19.38,20.63,15.25,30.63,25.00,21.07,25.00,31.25,23.75,15.00,15.63,18.13,17.50,17.50,20.63,20.00,23.75,26.88,21.25,29.38,33.13,28.75,21.25,20.00,30.00,43.13,55.00,43.13,44.38,71.88,72.50,41.04,70.00,40.00,24.38,43.13,57.50,43.13,51.88,45.63,60.63,52.50,39.38,48.75,48.08,48.13,47.50,38.75,46.67,45.00,43.75,41.25,38.13,40.63,38.13,62.50,97.50,49.00,120.00,66.25,39.38,23.75,38.75,68.75,51.25,48.11,36.61,42.36,37.13,49.69,51.84
....Nueva Vizcaya,"RAW PEANUT, SHELLED, 1 KG",86.90,86.90,86.90,86.90,86.90,84.62,82.33,81.19,82.33,82.33,82.33,82.33,84.33,82.33,82.33,82.33,82.33,82.33,82.33,82.33,82.33,86.90,86.90,86.90,86.90,83.85,86.90,86.90,82.33,82.33,82.33,82.33,82.33,81.17,81.17,81.17,81.17,83.75,82.82,83.75,83.75,83.75,83.75,83.75,85.00,85.00,85.00,85.00,85.00,85.00,83.13,84.32,83.13,83.13,83.13,83.13,68.13,74.38,74.38,74.38,74.38,74.38,74.38,74.38,76.78,74.38,74.38,74.38,74.38,74.38,74.38,74.38,101.88,103.75,103.13,103.13,103.13,86.31,70.63,70.63,70.63,70.63,70.63,73.13,96.67,96.67,96.67,98.00,98.00,98.00,84.19,98.00,98.00,98.00,96.67,97.50,97.50,97.50,97.50,97.50,93.33,99.17,99.17,97.49,99.17,115.83,132.50,133.33,133.33,155.00,168.33,181.67,181.67,181.67,181.67,181.67,153.82,181.67,165.00,165.00,165.00,165.00,165.00,165.00,165.00,165.00,165.00,165.00,165.00,166.39
....Nueva Vizcaya,"RAW PEANUT, UNSHELLED, 1 KG",74.13,66.88,66.88,66.88,66.88,66.88,66.88,66.88,66.88,64.38,61.88,61.88,66.44,61.88,61.88,61.88,61.88,61.88,61.88,61.88,61.88,61.88,64.38,66.88,66.88,62.92,66.88,66.88,81.25,81.25,81.25,81.25,81.25,81.25,81.25,81.25,81.25,81.25,78.86,81.25,81.25,87.50,90.00,90.00,90.00,87.50,85.00,85.00,85.00,85.00,122.50,89.17,118.75,120.00,120.00,117.50,115.00,106.25,101.25,100.00,97.50,82.50,90.00,88.75,104.79,85.63,93.75,78.75,78.75,78.75,78.75,78.75,88.75,88.75,92.00,87.50,87.50,84.80,86.25,86.25,86.25,88.75,90.63,91.88,78.75,77.50,77.50,77.50,70.83,70.83,81.91,70.83,74.17,74.17,75.83,75.00,75.00,75.00,75.00,75.00,81.67,80.83,81.67,76.18,81.67,81.67,81.67,81.67,81.67,78.33,81.67,81.67,81.67,81.67,81.67,81.67,81.39,78.33,78.33,78.33,78.33,78.33,78.33,78.33,78.33,78.33,77.57,78.33,78.33,78.27
....Nueva Vizcaya,"BAGUIO BEANS, 1 KG",48.59,48.59,48.59,38.13,38.75,41.25,43.75,43.13,46.25,48.75,43.75,43.75,44.44,45.00,46.25,45.00,45.00,45.00,36.25,40.00,40.00,38.75,36.88,34.88,37.50,40.88,37.50,36.25,20.00,25.00,30.00,33.75,35.00,50.00,50.63,46.88,44.38,41.25,37.55,45.00,50.00,38.75,36.25,36.25,41.25,53.75,68.75,63.75,57.50,58.75,52.50,50.21,25.63,36.25,33.75,33.75,33.75,34.38,30.00,29.38,35.00,42.50,82.50,55.00,39.32,36.25,39.38,30.63,26.88,31.25,46.88,48.13,36.25,45.00,45.00,40.00,48.75,39.53,51.25,48.75,40.00,35.63,41.25,41.25,61.88,71.25,62.50,82.50,63.13,61.88,55.11,60.00,55.00,35.00,55.00,60.00,50.00,50.00,55.00,62.50,65.00,55.63,37.50,53.39,44.38,45.63,42.50,57.50,53.75,44.38,41.88,33.13,36.25,51.25,66.25,83.75,50.05,85.00,56.25,51.25,51.88,49.38,71.25,48.75,48.75,49.94,48.16,82.04,56.48,58.26
....Nueva Vizcaya,"MONGGO, GREEN, 1 KG",88.46,88.46,88.46,69.41,70.16,73.22,76.27,74.73,79.31,82.37,77.79,77.79,78.87,79.31,80.85,79.31,79.31,79.31,64.06,70.16,70.16,68.64,66.35,63.92,68.64,72.50,68.64,67.12,36.61,45.76,53.39,59.49,61.01,85.83,90.00,90.00,90.00,90.00,69.82,90.00,90.00,90.00,87.50,87.50,90.00,87.50,86.25,87.50,87.50,87.50,90.00,88.44,90.00,90.00,90.00,90.00,83.75,82.50,82.50,82.50,82.50,82.50,82.50,82.50,85.10,82.50,82.50,82.50,82.50,82.50,82.50,82.50,81.25,82.50,82.50,82.50,82.50,82.40,82.50,82.50,82.50,82.50,82.50,82.50,66.67,66.67,68.33,68.33,68.33,68.33,75.14,68.33,73.33,73.33,82.50,82.50,82.50,81.25,80.63,80.63,83.75,83.75,83.75,79.69,83.75,82.50,84.38,85.63,96.88,91.88,89.38,88.13,88.13,87.50,88.13,85.63,87.66,86.88,83.13,88.13,86.25,86.25,85.63,90.63,90.63,81.63,89.34,91.92,90.63,87.59
....Nueva Vizcaya,"STRING BEANS, 1 KG",39.07,40.36,38.64,38.64,30.22,30.83,29.54,29.36,29.62,29.62,30.47,30.90,33.11,32.62,40.34,41.19,29.17,29.60,38.61,35.60,34.75,37.76,38.61,44.19,46.33,37.40,47.18,40.32,40.32,43.75,38.60,39.45,36.88,36.46,42.03,45.47,41.18,41.18,41.07,39.46,42.03,39.03,42.02,36.87,37.73,40.30,45.44,42.00,41.15,63.44,48.01,43.12,55.72,43.72,41.58,39.43,39.43,36.00,31.29,29.14,34.28,35.57,61.72,57.43,42.11,53.15,56.14,44.57,37.72,33.86,37.72,34.28,33.43,33.86,33.43,45.43,53.14,41.39,61.71,68.57,60.42,48.00,45.43,40.29,57.43,63.44,54.86,69.44,62.58,60.87,57.75,59.15,57.43,39.43,42.00,51.43,52.28,45.43,45.00,49.38,53.75,49.38,53.75,49.87,45.00,50.00,51.88,58.75,50.00,46.88,39.38,37.50,47.50,68.75,78.75,82.50,54.74,82.50,73.75,53.75,46.88,52.50,61.25,58.75,52.50,50.00,50.63,51.88,54.38,57.40
....Quirino,"RAW PEANUT, SHELLED, 1 KG",99.65,97.98,97.15,97.15,94.63,87.92,87.09,87.09,87.09,85.42,85.42,85.42,91.00,85.42,87.51,86.25,86.25,87.09,87.92,87.92,88.76,88.76,88.76,88.76,88.76,87.68,88.76,88.76,91.27,91.27,89.61,89.61,89.61,86.25,86.25,86.25,86.88,86.25,88.40,86.25,87.50,90.00,90.63,91.88,94.38,96.88,97.50,97.50,97.50,97.50,97.50,93.75,97.50,97.50,97.50,97.50,97.50,93.75,93.75,93.75,95.00,95.00,95.00,95.00,95.73,96.25,96.25,96.25,96.25,95.00,97.50,97.50,96.25,96.25,96.25,96.25,95.00,96.25,95.00,95.00,95.00,95.00,95.00,95.00,88.57,88.57,95.71,95.71,95.71,95.71,94.17,95.00,95.00,95.00,94.38,94.38,94.38,95.00,95.00,95.00,95.00,96.25,96.25,95.05,96.25,96.25,96.25,96.25,95.00,97.50,97.50,96.25,95.00,92.50,92.50,95.00,95.52,93.75,92.50,93.75,91.25,92.50,96.25,96.25,96.25,106.25,106.25,105.00,105.00,97.92
....Quirino,"RAW PEANUT, UNSHELLED, 1 KG",25.00,25.00,24.17,25.00,25.00,25.00,25.00,25.00,25.00,25.00,25.00,26.25,25.04,26.25,26.25,26.25,28.75,28.75,28.75,28.75,28.75,28.75,28.75,28.75,28.75,28.13,25.63,25.63,25.63,25.63,26.88,26.88,29.38,29.38,29.38,29.38,30.63,31.88,28.03,30.63,29.38,29.38,29.38,29.38,29.38,29.38,30.63,30.63,30.63,30.63,29.38,29.90,28.13,29.38,29.38,28.13,28.13,28.13,28.75,25.63,25.63,24.38,24.38,24.38,27.04,25.00,25.00,25.00,25.00,25.00,25.00,25.00,25.00,25.00,25.00,25.00,25.63,25.05,25.63,25.63,25.63,25.13,24.38,27.50,26.25,46.88,75.00,75.00,45.63,41.25,38.66,41.25,41.25,41.25,41.25,41.25,41.25,41.88,41.88,41.88,41.88,41.88,41.88,41.57,41.88,41.88,41.88,41.88,41.88,41.88,41.88,41.25,41.25,41.25,41.25,41.25,41.62,41.25,41.25,42.50,41.88,42.50,42.50,43.13,43.13,45.63,45.63,45.63,45.63,43.39
....Quirino,"BAGUIO BEANS, 1 KG",41.18,37.29,37.76,35.74,36.60,31.08,40.40,54.39,50.12,37.61,42.12,39.86,40.35,42.73,30.77,33.41,34.97,41.96,50.98,44.60,34.50,57.51,59.06,53.23,52.46,44.68,43.13,38.08,40.41,37.30,38.86,45.46,43.99,49.35,49.42,46.62,41.96,38.07,42.72,43.12,39.62,35.73,40.01,41.95,49.71,56.70,64.47,59.42,43.50,90.10,62.14,52.21,38.84,37.44,41.63,42.40,52.49,62.13,52.03,37.28,54.37,60.59,94.77,63.69,53.14,54.06,50.64,46.21,41.55,45.04,53.43,62.13,54.98,61.97,62.90,60.57,68.33,55.15,69.11,59.79,48.92,48.15,51.64,65.22,79.20,67.94,52.02,108.71,79.20,61.34,65.94,59.01,52.80,40.37,55.90,65.22,62.12,61.34,51.25,71.88,63.75,62.50,60.00,58.85,65.00,51.25,60.00,60.00,67.50,88.75,52.50,51.25,78.75,100.00,135.00,118.75,77.40,118.75,62.50,53.75,61.88,58.75,105.00,75.00,67.50,61.25,69.38,98.13,53.75,73.80
....Quirino,"MONGGO, GREEN, 1 KG",..,..,..,..,..,..,..,..,..,..,..,..,..,..,..,..,..,..,..,..,..,..,..,..,..,..,..,..,..,..,..,..,..,..,..,..,..,..,..,..,..,..,..,..,..,..,..,..,..,..,..,..,..,..,..,..,..,..,..,..,..,..,..,..,..,..,..,..,..,..,..,..,..,..,..,..,..,..,..,..,..,..,..,..,..,..,..,..,..,..,..,..,..,..,..,..,..,..,..,..,..,..,..,..,..,..,..,..,..,..,..,..,..,..,..,..,..,..,..,..,..,..,..,..,..,..,..,..,..,..
....Quirino,"STRING BEANS, 1 KG",43.33,37.50,33.33,30.00,25.63,24.38,26.29,22.50,21.25,23.00,26.75,33.75,28.98,32.50,28.75,20.00,22.13,26.25,31.63,27.50,21.25,35.00,30.00,33.75,42.50,29.27,41.88,33.13,35.00,35.00,30.00,32.50,33.13,26.25,27.50,28.75,27.50,27.50,31.51,38.13,36.25,31.88,26.25,27.50,32.50,36.25,39.38,34.38,21.25,60.00,47.50,35.94,65.63,42.50,42.50,32.50,40.63,41.88,41.25,29.38,40.00,41.25,60.00,53.13,44.22,59.38,56.88,40.00,27.50,26.88,42.50,38.75,30.00,37.50,32.50,42.50,56.25,40.89,61.25,62.50,51.25,30.63,39.38,53.75,61.25,61.88,23.75,46.25,51.88,56.88,50.05,73.75,48.13,32.50,51.25,58.75,50.00,44.38,38.13,41.25,52.50,48.75,48.75,49.01,50.00,48.75,48.13,48.13,43.75,42.50,42.50,40.00,38.13,35.00,73.75,98.13,50.73,108.75,68.75,45.63,26.88,31.25,71.25,57.50,53.75,41.25,39.38,36.88,61.25,53.54
....Batanes,"RAW PEANUT, SHELLED, 1 KG",..,..,..,..,..,..,..,..,..,..,..,..,..,..,..,..,..,..,..,..,..,..,..,..,..,..,..,..,..,..,..,..,..,..,..,..,..,..,..,..,..,..,..,..,..,..,..,..,..,..,..,..,..,..,..,..,..,..,..,..,..,..,..,..,..,..,..,..,..,..,..,..,..,..,..,..,..,..,..,..,..,..,..,..,..,..,..,..,..,..,..,..,..,..,..,..,..,..,..,..,..,..,..,..,..,..,..,..,..,..,..,..,..,..,..,..,..,..,..,..,..,..,..,..,..,..,..,..,..,..
....Batanes,"RAW PEANUT, UNSHELLED, 1 KG",..,..,..,..,..,..,..,..,..,..,..,..,..,..,..,..,..,..,..,..,..,..,..,..,..,..,..,..,..,..,..,..,..,..,..,..,..,..,..,..,..,..,..,..,..,..,..,..,..,..,..,..,..,..,..,..,..,..,..,..,..,..,..,..,..,..,..,..,..,..,..,..,..,..,..,..,..,..,..,..,..,..,..,..,..,..,..,..,..,..,..,..,..,..,..,..,..,..,..,..,..,..,..,..,..,..,..,..,..,..,..,..,..,..,..,..,..,..,..,..,..,..,..,..,..,..,..,..,..,..
....Batanes,"BAGUIO BEANS, 1 KG",..,..,..,..,..,..,..,..,..,..,..,..,..,..,..,..,..,..,..,..,..,..,..,..,..,..,..,..,..,..,..,..,..,..,..,..,..,..,..,..,..,..,..,..,..,..,..,..,..,..,..,..,..,..,..,..,..,..,..,..,..,..,..,..,..,..,..,..,..,..,..,..,..,..,..,..,..,..,..,..,..,..,..,..,..,..,..,..,..,..,..,..,..,..,..,..,..,..,..,..,..,..,..,..,..,..,..,..,..,..,..,..,..,..,..,..,..,..,..,..,..,..,..,..,..,..,..,..,..,..
....Batanes,"MONGGO, GREEN, 1 KG",..,..,..,..,..,..,..,..,..,..,..,..,..,..,..,..,..,..,..,..,..,..,..,..,..,..,..,..,..,..,..,..,..,..,..,..,..,..,..,..,..,..,..,..,..,..,..,..,..,..,..,..,..,..,..,..,..,..,..,..,..,..,..,..,..,..,..,..,..,..,..,..,..,..,..,..,..,..,..,..,..,..,..,..,..,..,..,..,..,..,..,..,..,..,..,..,..,..,..,..,..,..,..,..,..,..,..,..,..,..,..,..,..,..,..,..,..,..,..,..,..,..,..,..,..,..,..,..,..,..
....Batanes,"STRING BEANS, 1 KG",16.25,16.25,16.25,16.25,16.25,16.25,16.25,17.50,18.75,16.25,15.00,13.13,16.20,13.13,13.13,15.63,17.93,20.44,17.50,17.50,17.50,17.50,25.00,25.00,25.00,18.77,25.00,22.50,18.75,20.00,20.00,20.00,17.50,13.75,10.00,10.00,12.50,12.50,16.88,17.50,18.75,18.75,18.75,18.75,18.75,18.75,18.75,18.75,18.75,18.75,18.75,18.65,18.75,21.88,21.88,21.88,21.88,21.88,21.88,21.88,23.13,24.38,25.63,25.63,22.56,25.63,25.63,25.63,25.63,25.63,25.63,25.63,25.63,25.63,25.63,25.63,25.63,25.63,25.63,25.63,25.63,25.63,25.63,25.63,25.63,25.63,25.63,28.13,28.13,28.13,26.26,28.13,26.25,26.25,25.63,23.13,22.50,22.50,23.75,25.00,25.00,25.00,25.00,24.85,26.67,26.67,26.67,26.67,20.83,101.67,101.67,101.67,91.67,85.00,88.33,90.00,65.63,101.43,131.43,127.14,90.00,91.43,107.14,104.29,96.93,90.79,93.25,138.64,154.59,110.59
..REGION III (CENTRAL LUZON),"RAW PEANUT, SHELLED, 1 KG",64.87,62.19,63.06,64.83,64.72,65.01,67.01,68.15,69.24,69.92,70.83,70.23,66.67,70.54,71.59,71.11,69.07,68.78,69.93,69.75,69.77,70.92,70.65,69.38,70.08,70.13,69.19,69.71,68.85,68.23,67.96,68.33,68.23,68.71,69.57,67.72,69.63,68.59,68.73,68.91,68.89,69.04,68.52,68.02,67.66,67.89,67.96,69.11,69.16,70.23,71.98,68.95,74.48,76.03,76.07,75.72,73.31,73.43,73.47,73.39,73.96,74.51,74.84,74.94,74.51,74.88,75.13,74.44,74.26,73.71,73.99,74.64,75.46,75.91,76.42,77.00,77.96,75.32,75.55,74.04,75.20,75.89,74.85,73.51,73.76,78.56,78.88,77.78,79.11,78.69,76.32,77.15,77.02,77.21,77.59,76.31,76.27,75.50,76.48,77.40,77.61,78.13,81.25,77.33,79.79,78.97,77.73,77.66,78.87,80.40,78.66,79.60,79.81,80.92,84.08,83.52,80.00,84.04,84.24,80.77,80.76,81.49,80.90,82.44,83.67,84.32,84.53,83.73,83.44,82.86
..REGION III (CENTRAL LUZON),"RAW PEANUT, UNSHELLED, 1 KG",61.67,60.83,60.00,55.00,54.38,57.50,59.38,57.50,60.00,58.75,60.63,63.13,59.06,58.75,55.63,55.63,51.25,50.63,53.75,53.75,52.50,51.25,50.00,55.63,60.00,54.06,58.75,54.38,53.13,56.25,55.00,56.25,58.75,56.25,58.75,56.88,58.13,60.00,56.88,54.38,60.63,60.00,56.88,56.88,57.50,56.25,60.00,58.75,56.25,60.00,61.25,58.23,62.50,59.38,59.38,60.00,60.00,60.00,60.00,60.00,60.00,60.00,60.00,60.00,60.11,60.00,60.00,60.00,60.00,60.00,60.00,60.00,60.00,89.38,89.38,89.38,89.38,69.79,89.38,89.38,89.38,89.38,89.38,89.38,89.38,89.38,89.38,89.38,89.38,89.38,89.38,89.38,89.38,85.63,85.13,85.13,85.13,85.13,86.38,87.63,88.25,88.25,88.75,87.01,92.50,93.75,90.00,90.00,90.00,93.13,91.25,96.25,96.88,98.13,106.88,105.63,95.37,107.50,107.50,103.75,93.75,97.50,103.75,101.25,99.59,94.06,89.63,90.74,94.62,98.64
..REGION III (CENTRAL LUZON),"BAGUIO BEANS, 1 KG",56.44,57.41,59.59,57.66,50.03,52.28,54.06,65.37,75.47,59.69,56.88,54.69,58.30,62.50,48.28,47.19,51.88,58.82,65.47,66.50,54.38,72.66,85.31,74.53,61.25,62.40,60.00,55.63,53.60,57.35,57.56,63.75,65.00,81.88,68.75,70.78,65.63,52.19,62.68,60.58,53.60,53.13,57.19,60.32,67.81,75.47,94.22,80.32,63.91,152.66,98.81,76.50,71.72,60.00,54.38,60.94,83.28,77.19,64.06,58.91,79.06,85.94,133.13,98.44,77.25,72.81,67.19,65.00,67.66,65.94,69.85,72.66,74.06,80.94,81.88,82.81,82.19,73.58,87.50,80.00,70.32,69.85,67.50,77.82,90.78,94.60,100.00,129.85,100.47,87.66,88.03,84.69,75.63,68.97,76.53,92.72,82.19,78.44,79.85,90.47,90.47,86.88,80.32,82.26,79.06,73.91,70.31,81.15,80.47,90.16,70.31,65.00,68.28,90.63,115.63,146.25,85.93,122.97,96.10,76.41,75.72,68.28,103.28,97.66,97.63,90.62,93.96,122.67,92.68,94.83
..REGION III (CENTRAL LUZON),"MONGGO, GREEN, 1 KG",79.99,79.39,78.98,82.17,80.55,79.78,85.80,86.49,90.71,84.37,83.28,81.88,82.78,81.05,77.61,77.02,78.26,79.63,79.36,80.45,78.55,82.21,91.48,90.86,89.04,82.13,89.67,86.82,88.43,87.69,88.01,86.14,91.13,94.36,95.21,96.84,96.34,93.69,91.19,93.67,94.30,94.07,92.97,92.14,92.65,91.58,93.56,92.49,91.33,93.60,92.22,92.88,93.18,91.65,89.11,89.77,90.58,92.21,90.66,91.11,92.96,91.52,92.75,91.41,91.41,92.48,92.53,93.57,93.77,92.43,93.02,90.48,90.11,89.27,91.38,92.02,92.35,91.95,92.49,92.67,92.31,91.90,91.32,90.86,92.35,90.96,90.77,90.63,90.54,90.10,91.41,89.42,89.02,88.76,87.31,88.03,88.38,87.21,88.66,89.38,90.45,89.50,90.48,88.88,91.79,92.68,92.77,99.99,106.06,99.64,102.06,105.98,103.43,104.02,101.43,103.39,100.27,103.75,102.72,101.96,101.61,101.61,100.00,100.00,101.71,102.41,100.00,100.20,102.32,101.52
..REGION III (CENTRAL LUZON),"STRING BEANS, 1 KG",42.17,42.55,42.87,34.26,31.00,32.44,35.07,41.26,40.63,45.94,36.88,33.88,38.25,41.53,36.94,39.38,36.57,34.38,34.07,34.69,37.50,40.63,46.25,50.32,45.63,39.82,46.57,51.25,49.69,45.94,45.32,44.07,43.44,44.07,37.82,37.50,37.57,39.44,43.56,56.25,52.50,51.25,53.44,60.42,61.51,66.25,68.13,42.50,43.75,52.38,47.50,54.66,55.32,46.26,42.00,42.82,42.50,44.69,49.69,46.88,50.00,55.44,55.00,53.75,48.70,60.00,45.00,40.63,40.32,41.88,41.88,44.69,42.32,39.76,38.82,32.82,34.00,41.84,41.07,41.07,40.00,43.75,41.88,39.38,47.13,61.25,68.43,79.38,82.19,77.82,55.28,75.94,70.50,75.63,71.88,75.32,71.88,71.57,67.82,72.50,76.57,77.82,85.63,74.42,85.94,85.63,83.13,101.67,93.44,88.75,64.38,57.82,61.88,59.69,77.82,105.32,80.46,125.00,93.13,66.57,65.32,57.19,62.82,55.63,78.69,74.59,74.48,67.92,83.61,75.41
....Aurora,"RAW PEANUT, SHELLED, 1 KG",59.16,59.16,59.16,59.16,62.44,59.16,59.16,59.16,65.74,65.74,65.74,65.74,61.63,65.74,73.14,73.14,73.14,73.14,75.61,76.43,76.43,76.43,73.96,73.96,73.96,73.76,73.96,75.61,72.32,72.32,70.68,70.68,70.68,72.32,73.97,76.60,78.08,78.08,73.78,78.08,79.39,79.39,79.39,79.39,78.40,78.57,79.06,79.06,79.39,79.56,83.83,79.46,86.30,86.30,87.95,87.95,89.59,89.19,88.78,87.96,88.78,90.43,91.25,91.25,88.81,91.25,91.25,91.25,89.60,88.78,91.25,91.25,89.60,89.60,89.60,89.60,90.43,90.29,90.43,90.43,90.43,89.60,90.43,90.43,81.38,85.49,86.31,83.84,85.49,86.31,87.55,87.13,85.49,85.49,85.82,84.83,84.34,82.86,82.86,84.38,85.00,85.63,85.63,84.96,87.50,85.71,85.71,84.29,85.71,86.14,85.71,85.71,85.71,86.14,85.71,85.00,85.75,85.00,84.29,85.00,86.43,86.43,87.86,87.86,88.88,88.75,88.75,88.75,89.38,87.28
....Aurora,"RAW PEANUT, UNSHELLED, 1 KG",..,..,..,..,..,..,..,..,..,..,..,..,..,..,..,..,..,..,..,..,..,..,..,..,..,..,..,..,..,..,..,..,..,..,..,..,..,..,..,..,..,..,..,..,..,..,..,..,..,..,..,..,..,..,..,..,..,..,..,..,..,..,..,..,..,..,..,..,..,..,..,..,..,..,..,..,..,..,..,..,..,..,..,..,..,..,..,..,..,..,..,..,..,..,..,..,..,..,..,..,..,..,..,..,..,..,..,..,..,..,..,..,..,..,..,..,..,..,..,..,..,..,..,..,..,..,..,..,..,..
....Aurora,"BAGUIO BEANS, 1 KG",55.99,55.99,59.20,60.00,51.25,57.50,68.75,73.75,77.50,61.25,55.00,46.25,60.20,60.00,45.00,40.00,47.50,57.50,66.25,77.50,55.00,68.75,80.00,72.50,61.25,60.94,55.00,51.25,53.75,56.25,57.50,65.00,80.00,77.50,72.50,65.00,65.00,42.50,61.77,64.17,51.25,52.50,55.00,56.25,68.75,82.50,92.50,92.50,57.50,190.00,95.00,79.83,67.50,56.25,55.00,55.00,97.50,80.00,65.00,63.75,90.00,95.00,190.00,121.25,86.35,72.50,72.50,72.50,72.50,72.50,75.00,78.13,73.75,82.50,78.75,76.25,82.50,75.78,82.50,80.00,73.13,63.75,66.25,82.50,93.75,100.00,105.00,140.00,92.50,77.50,88.07,86.25,82.50,70.00,68.75,95.00,80.00,78.75,81.25,77.50,85.00,86.88,71.88,80.31,73.75,71.25,72.50,73.75,78.75,91.25,65.00,66.25,77.50,92.50,107.50,158.75,85.73,131.25,81.25,75.00,71.25,65.00,91.25,101.25,97.50,97.50,93.75,117.50,93.75,93.02
....Aurora,"MONGGO, GREEN, 1 KG",75.66,75.66,79.99,81.07,60.54,73.52,92.97,96.21,101.61,80.00,75.67,62.69,79.63,75.66,58.37,51.88,62.69,77.82,88.63,103.76,73.50,86.48,108.09,96.20,82.14,80.44,73.50,67.01,71.33,73.50,75.65,86.47,103.75,103.75,97.50,98.75,97.50,97.50,87.18,97.50,95.00,98.75,98.75,97.50,96.25,98.75,98.75,98.75,98.75,98.75,98.75,98.02,98.75,98.75,98.75,98.75,98.75,96.88,98.13,100.00,97.50,97.50,97.50,95.00,98.02,96.25,96.25,96.25,96.25,96.25,95.00,97.50,82.50,82.50,100.00,100.00,100.00,94.90,100.00,100.00,100.00,100.00,100.00,100.00,97.50,100.00,100.00,100.00,100.00,100.00,99.79,97.50,97.50,97.50,97.50,97.50,98.75,100.00,100.00,100.00,100.00,96.50,96.50,98.27,98.75,98.75,98.75,101.25,110.00,108.75,112.50,122.50,112.50,115.00,112.50,110.00,108.44,112.50,120.00,115.00,115.00,112.50,112.50,112.50,112.50,112.50,116.25,118.75,117.50,114.79
....Aurora,"STRING BEANS, 1 KG",..,..,..,..,..,..,..,..,..,..,..,..,..,..,..,..,..,..,..,..,..,..,..,..,..,..,..,..,..,..,..,..,..,..,..,..,..,..,..,..,..,..,..,..,..,..,..,..,..,..,..,..,..,..,..,..,..,..,..,..,..,..,..,..,..,..,..,..,..,..,..,..,..,..,..,..,..,..,..,..,..,..,..,..,..,..,..,..,..,..,..,..,..,..,..,..,..,..,..,..,..,..,..,..,..,..,..,..,..,..,..,..,..,..,..,..,..,..,..,..,..,..,..,..,..,..,..,..,..,..
....Bataan,"RAW PEANUT, SHELLED, 1 KG",66.97,66.15,70.58,66.97,66.97,69.11,69.11,68.94,68.94,68.94,70.99,71.40,68.76,71.40,71.40,69.76,68.94,68.12,71.89,71.89,69.92,69.92,68.94,64.02,66.97,69.43,66.58,65.60,65.60,65.01,65.01,66.00,66.00,66.00,66.99,66.40,66.40,66.40,66.00,65.19,68.15,72.25,71.43,71.43,71.76,71.43,70.12,73.89,73.89,73.89,73.89,71.44,73.89,73.89,70.61,70.61,70.61,70.61,70.61,70.61,70.61,70.61,72.25,72.25,71.43,72.25,72.25,72.25,73.90,71.44,70.62,69.79,70.62,70.62,72.26,74.72,78.01,72.39,77.18,73.08,73.08,75.54,75.54,75.54,73.89,73.89,73.89,74.71,74.71,75.54,74.72,75.54,74.71,82.10,82.93,83.75,83.75,83.75,83.75,83.75,83.75,83.75,83.75,82.11,76.88,76.88,79.38,80.00,80.00,81.25,80.63,83.75,83.13,83.13,94.38,93.13,82.71,93.13,91.88,86.88,90.63,90.63,90.63,95.63,89.88,91.13,91.13,89.38,85.00,90.49
....Bataan,"RAW PEANUT, UNSHELLED, 1 KG",..,..,..,..,..,..,..,..,..,..,..,..,..,..,..,..,..,..,..,..,..,..,..,..,..,..,..,..,..,..,..,..,..,..,..,..,..,..,..,..,..,..,..,..,..,..,..,..,..,..,..,..,..,..,..,..,..,..,..,..,..,..,..,..,..,..,..,..,..,..,..,..,..,..,..,..,..,..,..,..,..,..,..,..,..,..,..,..,..,..,..,..,..,..,..,..,..,..,..,..,..,..,..,..,..,..,..,..,..,..,..,..,..,..,..,..,..,..,..,..,..,..,..,..,..,..,..,..,..,..
....Bataan,"BAGUIO BEANS, 1 KG",55.70,57.32,55.70,58.13,51.25,52.50,48.75,71.25,70.00,55.63,55.00,61.25,57.71,71.25,48.13,45.63,53.13,56.88,67.50,67.88,50.00,76.25,97.50,64.38,53.75,62.69,48.75,52.50,51.88,56.25,60.00,62.50,57.50,80.00,67.50,60.63,62.50,50.00,59.17,60.00,55.00,53.13,56.25,61.88,68.75,75.63,80.63,86.88,68.75,198.75,118.75,82.03,63.75,58.75,53.13,57.50,80.63,78.75,66.25,56.88,81.25,93.75,131.25,100.00,76.82,77.50,61.25,71.25,67.50,65.63,73.13,78.75,78.75,86.25,86.25,82.50,78.75,75.63,90.00,72.50,68.75,76.25,72.50,78.13,105.00,106.25,101.25,125.00,101.25,93.75,90.89,90.00,76.25,73.75,86.25,103.75,97.50,81.25,73.13,86.88,86.88,85.63,83.13,85.37,85.00,76.25,70.00,101.67,102.50,100.00,81.25,68.75,72.50,82.50,136.25,161.25,94.83,116.88,106.88,91.25,86.88,78.13,114.38,100.63,98.42,86.26,90.68,133.59,100.63,100.38
....Bataan,"MONGGO, GREEN, 1 KG",90.23,84.22,82.50,82.50,82.50,72.50,73.13,76.25,80.00,78.75,79.38,80.00,80.16,75.63,75.00,75.63,73.13,74.38,63.13,62.50,64.38,73.75,93.75,98.13,100.63,77.50,93.75,95.63,103.75,96.88,94.38,81.88,88.75,93.13,93.75,97.50,100.63,91.67,94.31,100.00,99.38,95.63,93.75,88.75,88.13,88.75,92.50,93.13,89.38,90.00,93.75,92.76,91.88,93.75,81.25,85.00,95.00,95.00,91.25,94.75,95.00,92.50,93.13,93.75,91.86,100.00,95.00,92.50,93.13,91.25,95.00,88.75,95.00,96.25,92.50,92.50,93.75,93.80,93.75,93.75,92.50,93.75,92.50,92.50,93.75,92.50,96.25,94.38,95.00,91.25,93.49,91.25,89.38,90.63,91.88,91.88,91.25,90.00,92.50,92.50,91.88,95.00,95.00,91.93,97.50,97.50,95.00,121.67,134.29,100.00,95.00,106.25,108.75,107.50,111.25,102.50,106.43,108.75,106.25,105.00,101.88,106.88,102.50,104.38,105.62,108.09,108.09,115.50,113.03,107.16
....Bataan,"STRING BEANS, 1 KG",..,..,..,..,..,..,..,..,..,..,..,..,..,..,..,..,..,..,..,..,..,..,..,..,..,..,..,..,..,..,..,..,..,..,..,..,..,..,..,..,..,..,..,..,..,..,..,..,..,..,..,..,..,..,..,..,..,..,..,..,..,..,..,..,..,..,..,..,..,..,..,..,..,..,..,..,..,..,..,..,..,..,..,..,..,..,..,..,..,..,..,..,..,..,..,..,..,..,..,..,..,..,..,..,..,..,..,..,..,..,..,..,..,..,..,..,..,..,..,..,..,..,..,..,..,..,..,..,..,..
....Bulacan,"RAW PEANUT, SHELLED, 1 KG",56.67,48.87,48.87,75.29,75.29,75.29,75.29,75.29,75.29,75.29,75.29,75.29,69.34,75.29,75.29,75.29,75.29,78.14,78.14,78.14,78.14,78.14,78.14,78.14,78.14,77.19,78.14,78.14,78.14,78.14,78.14,78.14,78.14,78.14,78.14,78.14,78.14,76.40,78.00,78.14,78.14,78.14,77.14,77.14,77.14,77.14,77.14,77.14,77.14,77.14,77.14,77.39,76.57,77.14,77.14,76.71,68.88,68.75,69.38,70.00,70.00,70.00,70.00,70.63,72.10,71.25,75.00,73.75,71.88,71.88,71.88,73.75,74.38,74.38,72.50,72.50,72.50,72.97,72.50,72.50,72.50,72.50,72.50,64.50,64.50,78.75,78.75,78.75,78.75,78.75,73.77,79.50,79.50,80.63,77.63,73.50,73.75,68.75,68.75,71.25,71.25,71.25,76.25,74.33,75.00,73.75,67.50,70.00,70.00,70.00,71.25,71.25,72.50,72.50,72.50,72.50,71.56,72.50,73.75,67.50,68.75,66.88,65.63,65.63,66.06,66.06,66.06,66.06,66.06,67.58
....Bulacan,"RAW PEANUT, UNSHELLED, 1 KG",..,..,..,..,..,..,..,..,..,..,..,..,..,..,..,..,..,..,..,..,..,..,..,..,..,..,..,..,..,..,..,..,..,..,..,..,..,..,..,..,..,..,..,..,..,..,..,..,..,..,..,..,..,..,..,..,..,..,..,..,..,..,..,..,..,..,..,..,..,..,..,..,..,..,..,..,..,..,..,..,..,..,..,..,..,..,..,..,..,..,..,..,..,..,..,..,..,..,..,..,..,..,..,..,..,..,..,..,..,..,..,..,..,..,..,..,..,..,..,..,..,..,..,..,..,..,..,..,..,..
....Bulacan,"BAGUIO BEANS, 1 KG",..,..,..,..,..,..,..,..,..,..,..,..,..,..,..,..,..,..,..,..,..,..,..,..,..,..,..,..,..,..,..,..,..,..,..,..,..,..,..,..,..,..,..,..,..,..,..,..,..,..,..,..,..,..,..,..,..,..,..,..,..,..,..,..,..,..,..,..,..,..,..,..,..,..,..,..,..,..,..,..,..,..,..,..,..,..,..,..,..,..,..,..,..,..,..,..,..,..,..,..,..,..,..,..,..,..,..,..,..,..,..,..,..,..,..,..,..,..,..,..,..,..,..,..,..,..,..,..,..,..
....Bulacan,"MONGGO, GREEN, 1 KG",70.68,70.68,70.68,76.54,86.87,86.87,93.96,92.85,113.40,113.40,108.26,101.95,90.51,101.95,103.06,103.06,100.72,100.72,99.22,98.38,98.38,98.38,98.38,98.38,98.94,99.96,98.94,98.94,98.94,98.94,97.71,97.71,97.71,96.88,97.50,97.50,97.50,97.50,97.98,96.50,93.63,93.63,93.63,93.63,93.63,93.63,93.63,93.63,93.63,93.63,93.63,93.87,93.63,93.63,93.63,91.63,89.63,105.00,100.00,95.63,97.50,98.75,105.00,102.50,97.21,102.50,103.75,102.50,102.50,102.50,102.50,98.75,98.75,94.13,94.63,96.63,96.63,99.65,96.63,96.63,96.63,95.63,90.63,105.00,97.50,92.50,90.00,91.25,92.50,91.25,94.68,93.13,90.00,87.50,81.88,80.00,81.25,81.25,81.25,88.13,89.38,86.25,88.75,85.73,91.25,91.88,90.63,103.33,107.50,105.00,103.75,105.00,102.75,101.25,98.75,100.00,100.09,101.25,102.75,101.25,100.00,100.00,98.75,98.75,98.75,98.75,98.75,97.59,100.50,99.76
....Bulacan,"STRING BEANS, 1 KG",..,..,..,..,..,..,..,..,..,..,..,..,..,..,..,..,..,..,..,..,..,..,..,..,..,..,..,..,..,..,..,..,..,..,..,..,..,..,..,..,..,..,..,..,..,..,..,..,..,..,..,..,..,..,..,..,..,..,..,..,..,..,..,..,..,..,..,..,..,..,..,..,..,..,..,..,..,..,..,..,..,..,..,..,..,..,..,..,..,..,..,..,..,..,..,..,..,..,..,..,..,..,..,..,..,..,..,..,..,..,..,..,..,..,..,..,..,..,..,..,..,..,..,..,..,..,..,..,..,..
....Nueva Ecija,"RAW PEANUT, SHELLED, 1 KG",70.50,64.57,64.57,59.72,59.72,59.72,66.72,67.54,63.43,63.43,65.07,57.66,63.55,58.90,60.97,60.97,57.02,57.02,57.67,57.67,58.50,58.50,58.50,57.67,57.67,58.42,39.55,39.55,39.55,39.55,39.55,39.55,39.55,39.55,39.55,39.55,39.55,39.55,39.55,39.55,39.55,39.55,39.55,39.55,39.55,39.55,39.55,39.55,39.55,42.02,44.49,40.17,44.49,44.49,51.08,49.43,46.14,46.14,46.14,46.14,46.14,47.78,47.78,47.78,46.96,47.78,47.78,47.78,47.78,47.78,47.78,50.67,58.91,58.50,61.79,61.79,63.44,53.48,54.79,52.32,61.79,61.79,60.97,60.97,60.97,72.09,72.50,67.56,67.56,67.56,63.41,66.74,68.39,67.56,72.50,72.50,72.50,72.50,72.50,72.50,72.50,73.75,85.00,72.41,81.88,77.50,81.88,80.00,82.50,83.75,75.63,79.38,79.38,79.38,79.38,79.88,80.05,79.88,82.38,78.38,78.13,75.63,76.88,79.25,78.63,81.50,82.38,74.13,71.63,78.23
....Nueva Ecija,"RAW PEANUT, UNSHELLED, 1 KG",..,..,..,..,..,..,..,..,..,..,..,..,..,..,..,..,..,..,..,..,..,..,..,..,..,..,..,..,..,..,..,..,..,..,..,..,..,..,..,..,..,..,..,..,..,..,..,..,..,..,..,..,..,..,..,..,..,..,..,..,..,..,..,..,..,..,..,..,..,..,..,..,..,..,..,..,..,..,..,..,..,..,..,..,..,..,..,..,..,..,..,..,..,..,..,..,..,..,..,..,..,..,..,..,..,..,..,..,..,..,..,..,..,..,..,..,..,..,..,..,..,..,..,..,..,..,..,..,..,..
....Nueva Ecija,"BAGUIO BEANS, 1 KG",..,..,..,..,..,..,..,..,..,..,..,..,..,..,..,..,..,..,..,..,..,..,..,..,..,..,..,..,..,..,..,..,..,..,..,..,..,..,..,..,..,..,..,..,..,..,..,..,..,..,..,..,..,..,..,..,..,..,..,..,..,..,..,..,..,..,..,..,..,..,..,..,..,..,..,..,..,..,..,..,..,..,..,..,..,..,..,..,..,..,..,..,..,..,..,..,..,..,..,..,..,..,..,..,..,..,..,..,..,..,..,..,..,..,..,..,..,..,..,..,..,..,..,..,..,..,..,..,..,..
....Nueva Ecija,"MONGGO, GREEN, 1 KG",57.27,57.27,57.27,61.25,75.67,75.50,74.88,75.63,70.00,70.63,68.13,72.88,68.03,72.17,71.88,72.25,73.13,75.63,73.75,73.75,74.38,74.38,74.38,74.38,74.38,73.71,74.38,74.38,74.38,74.38,74.38,74.38,75.00,76.25,77.50,77.50,77.50,76.67,75.56,78.75,80.00,80.00,80.00,80.00,80.00,80.00,80.00,80.00,80.00,80.00,80.00,79.90,80.00,80.63,81.25,81.25,81.25,82.50,82.50,82.50,82.50,80.00,80.00,80.00,81.20,80.00,80.00,80.00,80.00,80.00,80.00,80.00,80.00,81.25,82.50,82.50,81.88,80.68,81.25,82.50,81.25,80.63,81.25,63.75,80.00,80.38,80.38,80.00,80.00,81.88,79.44,81.88,81.25,81.88,81.88,81.88,82.50,82.50,81.88,81.25,83.75,83.75,85.63,82.50,85.63,89.38,91.25,90.00,101.25,102.50,100.63,100.63,100.63,101.25,88.75,101.25,96.10,97.50,97.50,91.25,93.75,96.25,93.75,95.63,96.25,98.13,95.63,95.63,98.75,95.84
....Nueva Ecija,"STRING BEANS, 1 KG",20.58,20.58,25.73,10.38,9.50,9.88,10.13,19.38,11.25,10.00,10.00,9.00,13.87,8.67,9.50,15.00,10.00,10.00,10.00,10.00,10.00,15.00,15.00,15.00,13.75,11.83,10.63,10.00,11.25,10.00,10.00,10.00,13.75,15.00,10.00,5.00,5.13,7.00,9.81,15.00,13.75,15.00,13.75,40.83,46.13,52.50,56.25,10.00,12.50,28.50,15.00,26.60,23.13,15.63,14.00,13.13,10.00,10.00,11.88,5.00,10.00,10.88,10.00,10.00,11.97,18.75,10.00,10.00,10.00,10.00,10.00,10.63,10.88,11.38,11.13,12.50,14.25,11.63,14.63,14.63,15.00,15.00,15.00,15.00,15.50,40.00,40.61,50.00,66.88,70.63,31.07,68.13,68.50,76.25,68.75,74.38,73.75,78.13,71.88,81.25,84.38,85.63,86.25,76.44,86.88,91.25,88.75,96.67,84.38,78.75,47.50,44.38,50.00,53.13,80.63,88.13,74.20,122.50,86.25,76.88,73.75,67.50,75.63,60.63,80.63,80.63,87.50,76.25,98.75,82.24
....Pampanga,"RAW PEANUT, SHELLED, 1 KG",62.78,60.14,60.14,72.50,73.00,74.00,74.00,73.33,76.13,79.25,79.75,80.63,72.14,82.50,82.50,83.13,83.13,83.13,83.13,83.13,83.13,85.00,85.00,85.00,85.63,83.70,85.63,85.63,85.63,85.63,85.63,85.63,85.63,85.63,85.63,85.63,86.25,86.75,85.78,87.50,87.50,88.00,88.00,87.50,88.50,90.00,90.00,90.00,89.38,90.00,90.00,88.87,91.25,91.25,91.25,91.25,86.25,87.50,87.50,87.25,87.25,87.25,87.25,87.25,88.54,87.25,86.00,83.13,83.13,83.13,83.13,83.13,80.00,83.13,83.13,83.13,83.13,83.45,83.13,83.13,83.13,83.13,83.13,83.13,83.13,83.13,83.13,83.13,83.13,83.13,83.13,83.13,83.13,79.75,78.88,78.88,78.88,78.88,79.75,80.63,81.25,80.63,80.63,80.37,80.00,85.00,81.25,81.67,82.50,86.25,83.75,85.00,85.63,88.13,96.25,95.00,85.87,96.25,93.13,93.75,86.88,91.25,91.25,90.63,100.43,104.10,105.32,107.16,110.83,97.58
....Pampanga,"RAW PEANUT, UNSHELLED, 1 KG",61.67,60.83,60.00,55.00,54.38,57.50,59.38,57.50,60.00,58.75,60.63,63.13,59.06,58.75,55.63,55.63,51.25,50.63,53.75,53.75,52.50,51.25,50.00,55.63,60.00,54.06,58.75,54.38,53.13,56.25,55.00,56.25,58.75,56.25,58.75,56.88,58.13,60.00,56.88,54.38,60.63,60.00,56.88,56.88,57.50,56.25,60.00,58.75,56.25,60.00,61.25,58.23,62.50,59.38,59.38,60.00,60.00,60.00,60.00,60.00,60.00,60.00,60.00,60.00,60.11,60.00,60.00,60.00,60.00,60.00,60.00,60.00,60.00,89.38,89.38,89.38,89.38,69.79,89.38,89.38,89.38,89.38,89.38,89.38,89.38,89.38,89.38,89.38,89.38,89.38,89.38,89.38,89.38,85.63,85.13,85.13,85.13,85.13,86.38,87.63,88.25,88.25,88.75,87.01,92.50,93.75,90.00,90.00,90.00,93.13,91.25,96.25,96.88,98.13,106.88,105.63,95.37,107.50,107.50,103.75,93.75,97.50,103.75,101.25,99.59,94.06,89.63,90.74,94.62,98.64
....Pampanga,"BAGUIO BEANS, 1 KG",54.76,50.07,56.33,60.63,42.63,47.88,42.50,45.83,67.50,50.00,55.00,48.75,51.82,51.25,47.50,52.50,50.63,47.13,58.13,56.88,50.00,74.38,77.50,81.25,51.25,58.20,67.50,60.00,53.75,54.38,50.25,58.75,50.00,90.00,63.75,85.00,65.00,52.50,62.57,46.25,45.00,46.25,51.88,58.75,66.25,70.00,125.00,63.75,61.25,97.50,92.50,68.70,78.13,65.00,54.38,65.00,78.75,72.50,58.75,55.00,80.00,67.50,131.25,90.00,74.69,60.00,72.50,51.25,70.00,63.13,60.00,62.50,70.00,65.00,76.25,95.00,85.00,69.22,90.00,80.00,64.38,64.38,65.00,66.88,69.38,75.88,86.25,93.13,88.13,79.38,76.90,66.25,61.25,58.38,67.38,75.88,71.25,72.50,77.50,85.00,87.50,87.50,82.50,74.41,76.25,74.38,66.25,65.00,66.25,82.50,61.25,57.50,53.13,87.50,87.50,128.75,75.52,117.50,85.00,71.88,76.00,66.25,117.50,111.25,108.30,96.53,108.30,123.60,77.69,96.65
....Pampanga,"MONGGO, GREEN, 1 KG",94.77,101.54,101.54,110.00,91.25,83.00,91.25,93.33,98.75,80.50,84.25,86.75,93.08,81.75,81.13,83.00,84.38,76.88,79.25,74.13,82.50,83.00,89.38,91.25,90.00,83.05,93.75,92.50,88.13,90.00,88.13,84.38,89.38,98.75,110.00,110.00,106.25,105.00,96.36,86.25,92.50,95.00,97.50,97.50,102.50,90.00,90.00,89.38,85.00,95.63,90.00,92.61,90.00,90.00,88.75,90.00,92.50,93.75,90.00,91.25,97.50,88.75,86.25,78.75,89.79,78.75,78.75,86.88,86.88,86.88,86.88,86.88,83.75,80.00,80.00,80.00,80.00,82.97,80.00,80.00,80.00,80.00,80.00,80.00,80.63,80.00,80.00,80.00,80.00,80.00,80.05,80.00,80.00,80.00,80.00,81.25,81.25,81.25,81.25,81.25,81.88,82.50,85.00,81.30,85.63,85.00,85.63,85.83,85.63,91.25,101.88,104.38,97.50,100.63,93.75,103.75,93.41,97.50,88.13,90.00,92.50,93.13,90.00,90.00,99.60,99.60,96.00,92.40,96.60,93.79
....Pampanga,"STRING BEANS, 1 KG",..,..,..,..,..,..,..,..,..,..,..,..,..,..,..,..,..,..,..,..,..,..,..,..,..,..,..,..,..,..,..,..,..,..,..,..,..,..,..,..,..,..,..,..,..,..,..,..,..,..,..,..,..,..,..,..,..,..,..,..,..,..,..,..,..,..,..,..,..,..,..,..,..,..,..,..,..,..,..,..,..,..,..,..,..,..,..,..,..,..,..,..,..,..,..,..,..,..,..,..,..,..,..,..,..,..,..,..,..,..,..,..,..,..,..,..,..,..,..,..,..,..,..,..,..,..,..,..,..,..
....Tarlac,"RAW PEANUT, SHELLED, 1 KG",73.16,74.23,75.01,55.33,50.88,52.75,57.75,64.63,65.88,66.88,68.13,70.63,64.61,69.38,66.25,64.38,56.88,53.13,53.13,51.25,52.50,57.50,59.38,57.50,58.13,58.28,71.25,73.75,71.88,68.75,68.75,70.00,69.38,70.63,73.13,60.00,69.38,64.38,69.27,65.00,60.63,56.88,55.63,53.13,50.63,50.63,51.88,55.00,55.63,58.75,62.50,56.36,74.38,83.13,78.38,78.38,78.38,78.38,78.38,78.38,81.00,81.00,80.50,80.50,79.23,79.50,78.50,78.50,79.25,79.25,79.25,79.25,79.25,79.25,79.25,80.25,80.25,79.31,75.25,72.75,70.25,72.75,66.50,66.50,78.67,78.00,78.67,78.67,85.00,80.83,75.32,70.83,70.88,67.75,67.75,64.38,64.38,66.25,71.25,71.88,71.88,73.75,76.25,69.77,77.50,75.00,70.63,70.00,72.50,75.00,75.00,72.50,72.50,76.25,76.25,75.63,74.06,77.50,80.00,73.13,73.75,78.13,73.13,75.63,78.15,74.37,73.53,76.89,77.73,76.00
....Tarlac,"RAW PEANUT, UNSHELLED, 1 KG",..,..,..,..,..,..,..,..,..,..,..,..,..,..,..,..,..,..,..,..,..,..,..,..,..,..,..,..,..,..,..,..,..,..,..,..,..,..,..,..,..,..,..,..,..,..,..,..,..,..,..,..,..,..,..,..,..,..,..,..,..,..,..,..,..,..,..,..,..,..,..,..,..,..,..,..,..,..,..,..,..,..,..,..,..,..,..,..,..,..,..,..,..,..,..,..,..,..,..,..,..,..,..,..,..,..,..,..,..,..,..,..,..,..,..,..,..,..,..,..,..,..,..,..,..,..,..,..,..,..
....Tarlac,"BAGUIO BEANS, 1 KG",..,..,..,..,..,..,..,..,..,..,..,..,..,..,..,..,..,..,..,..,..,..,..,..,..,..,..,..,..,..,..,..,..,..,..,..,..,..,..,..,..,..,..,..,..,..,..,..,..,..,..,..,..,..,..,..,..,..,..,..,..,..,..,..,..,..,..,..,..,..,..,..,..,..,..,..,..,..,..,..,..,..,..,..,..,..,..,..,..,..,..,..,..,..,..,..,..,..,..,..,..,..,..,..,..,..,..,..,..,..,..,..,..,..,..,..,..,..,..,..,..,..,..,..,..,..,..,..,..,..
....Tarlac,"MONGGO, GREEN, 1 KG",86.90,82.39,73.67,78.22,81.02,81.06,79.11,79.11,79.11,75.22,75.22,75.22,78.85,72.18,70.66,70.15,70.62,68.83,67.94,66.66,72.73,75.49,88.37,88.84,88.37,75.07,94.87,88.84,87.98,88.06,87.32,86.11,84.79,90.00,85.25,93.25,93.25,85.75,88.79,90.88,94.63,92.13,83.75,85.00,86.25,88.13,97.50,90.00,90.00,96.25,92.50,90.59,96.25,86.25,80.00,80.00,80.00,76.25,75.00,77.50,86.25,86.25,95.00,97.50,84.69,97.50,97.50,97.50,97.50,90.00,90.00,83.75,92.25,92.25,94.75,97.25,97.25,93.96,97.25,97.25,97.25,94.75,94.75,96.25,95.63,93.13,91.88,91.88,89.38,89.38,94.07,86.88,88.13,86.88,84.38,90.00,90.00,85.00,92.50,88.75,90.00,88.75,91.25,88.54,91.25,91.25,91.88,99.17,108.75,95.00,98.13,100.63,99.38,97.50,100.00,101.25,97.85,103.75,101.88,107.50,103.75,95.00,95.00,96.25,96.78,97.30,97.30,97.30,99.39,99.27
....Tarlac,"STRING BEANS, 1 KG",..,..,..,..,..,..,..,..,..,..,..,..,..,..,..,..,..,..,..,..,..,..,..,..,..,..,..,..,..,..,..,..,..,..,..,..,..,..,..,..,..,..,..,..,..,..,..,..,..,..,..,..,..,..,..,..,..,..,..,..,..,..,..,..,..,..,..,..,..,..,..,..,..,..,..,..,..,..,..,..,..,..,..,..,..,..,..,..,..,..,..,..,..,..,..,..,..,..,..,..,..,..,..,..,..,..,..,..,..,..,..,..,..,..,..,..,..,..,..,..,..,..,..,..,..,..,..,..,..,..
....Zambales,"RAW PEANUT, SHELLED, 1 KG",..,..,..,..,..,..,..,..,..,..,..,..,..,..,..,..,..,..,..,..,..,..,..,..,..,..,..,..,..,..,..,..,..,..,..,..,..,..,..,..,..,..,..,..,..,..,..,..,..,..,..,..,..,..,..,..,..,..,..,..,..,..,..,..,..,..,..,..,..,..,..,..,..,..,..,..,..,..,..,..,..,..,..,..,..,..,..,..,..,..,..,..,..,..,..,..,..,..,..,..,..,..,..,..,..,..,..,..,..,..,..,..,..,..,..,..,..,..,..,..,..,..,..,..,..,..,..,..,..,..
....Zambales,"RAW PEANUT, UNSHELLED, 1 KG",..,..,..,..,..,..,..,..,..,..,..,..,..,..,..,..,..,..,..,..,..,..,..,..,..,..,..,..,..,..,..,..,..,..,..,..,..,..,..,..,..,..,..,..,..,..,..,..,..,..,..,..,..,..,..,..,..,..,..,..,..,..,..,..,..,..,..,..,..,..,..,..,..,..,..,..,..,..,..,..,..,..,..,..,..,..,..,..,..,..,..,..,..,..,..,..,..,..,..,..,..,..,..,..,..,..,..,..,..,..,..,..,..,..,..,..,..,..,..,..,..,..,..,..,..,..,..,..,..,..
....Zambales,"BAGUIO BEANS, 1 KG",59.29,66.26,67.14,51.88,55.00,51.25,56.25,70.63,86.88,71.88,62.50,62.50,63.46,67.50,52.50,50.63,56.25,73.75,70.00,63.75,62.50,71.25,86.25,80.00,78.75,67.76,68.75,58.75,55.00,62.50,62.50,68.75,72.50,80.00,71.25,72.50,70.00,63.75,67.19,71.88,63.13,60.63,65.63,64.38,67.50,73.75,78.75,78.13,68.13,124.38,89.00,75.44,77.50,60.00,55.00,66.25,76.25,77.50,66.25,60.00,65.00,87.50,80.00,82.50,71.15,81.25,62.50,65.00,60.63,62.50,71.25,71.25,73.75,90.00,86.25,77.50,82.50,73.70,87.50,87.50,75.00,75.00,66.25,83.75,95.00,96.25,107.50,161.25,120.00,100.00,96.25,96.25,82.50,73.75,83.75,96.25,80.00,81.25,87.50,112.50,102.50,87.50,83.75,88.96,81.25,73.75,72.50,84.17,74.38,86.88,73.75,67.50,70.00,100.00,131.25,136.25,87.64,126.25,111.25,67.50,68.75,63.75,90.00,77.50,86.30,82.18,83.12,115.98,98.66,89.27
....Zambales,"MONGGO, GREEN, 1 KG",84.40,84.00,87.23,85.61,86.02,86.02,95.30,92.07,92.07,92.07,92.07,93.69,89.21,88.03,83.18,83.18,83.18,83.18,83.59,84.00,84.00,84.00,88.03,88.84,88.84,85.17,98.53,90.45,94.49,92.07,98.53,92.07,98.53,101.76,104.99,103.38,101.76,101.76,98.19,105.80,104.99,103.38,103.38,102.57,101.77,101.77,102.57,102.57,102.57,100.96,96.92,102.44,101.77,98.54,100.15,101.77,96.92,96.12,97.73,96.12,94.50,96.92,92.39,92.39,97.11,92.39,96.43,99.34,100.14,100.14,101.76,97.72,98.53,98.53,95.29,95.29,96.91,97.71,98.53,98.53,98.53,98.53,100.14,98.53,101.44,98.20,96.91,96.91,96.91,96.91,98.34,95.29,96.91,96.91,93.68,93.68,93.68,90.44,91.25,93.75,96.25,93.75,91.25,93.90,92.50,95.00,96.25,98.67,95.00,95.00,102.50,102.50,102.50,105.00,105.00,105.00,99.58,105.00,102.50,103.75,104.38,107.50,107.50,102.50,102.50,102.50,88.00,84.25,90.50,100.07
....Zambales,"STRING BEANS, 1 KG",63.75,64.51,60.01,58.13,52.50,55.00,60.00,63.13,70.00,81.88,63.75,58.75,62.62,74.38,64.38,63.75,63.13,58.75,58.13,59.38,65.00,66.25,77.50,85.63,77.50,67.82,82.50,92.50,88.13,81.88,80.63,78.13,73.13,73.13,65.63,70.00,70.00,71.88,77.30,97.50,91.25,87.50,93.13,80.00,76.88,80.00,80.00,75.00,75.00,76.25,80.00,82.71,87.50,76.88,70.00,72.50,75.00,79.38,87.50,88.75,90.00,100.00,100.00,97.50,85.42,101.25,80.00,71.25,70.63,73.75,73.75,78.75,73.75,68.13,66.50,53.13,53.75,72.05,67.50,67.50,65.00,72.50,68.75,63.75,78.75,82.50,96.25,108.75,97.50,85.00,79.48,83.75,72.50,75.00,75.00,76.25,70.00,65.00,63.75,63.75,68.75,70.00,85.00,72.40,85.00,80.00,77.50,106.67,102.50,98.75,81.25,71.25,73.75,66.25,75.00,122.50,86.70,127.50,100.00,56.25,56.88,46.88,50.00,50.63,76.74,68.55,61.45,59.59,68.46,68.58
..REGION IV-A (CALABARZON),"RAW PEANUT, SHELLED, 1 KG",74.57,78.78,74.82,76.25,77.82,78.75,78.75,79.00,79.32,79.19,78.25,79.13,77.89,79.13,80.19,80.25,79.94,80.44,80.44,76.13,75.88,76.19,75.88,75.63,75.63,77.98,75.63,75.63,74.88,73.82,73.19,73.38,74.00,74.19,74.00,74.00,74.38,76.25,74.45,77.25,77.25,79.38,77.50,78.25,78.13,78.13,78.13,78.13,78.88,79.50,79.50,78.34,79.50,79.50,79.50,79.19,79.50,79.50,79.50,81.13,81.44,81.38,81.38,81.38,80.24,81.38,81.38,79.82,80.13,83.07,84.63,84.63,84.63,84.63,84.63,84.63,85.88,83.29,85.88,86.50,87.13,85.13,84.50,84.50,82.50,82.50,83.32,83.32,83.63,81.76,84.22,80.51,80.51,80.51,80.51,80.51,80.82,80.94,82.94,82.88,82.88,82.88,85.19,81.76,86.26,87.44,86.38,86.25,88.25,88.25,89.07,88.88,88.82,88.50,88.50,91.00,88.13,91.63,92.44,92.00,92.00,92.00,92.32,92.32,92.32,92.89,94.03,95.18,95.75,92.91
..REGION IV-A (CALABARZON),"RAW PEANUT, UNSHELLED, 1 KG",72.65,72.65,72.65,76.13,76.25,76.00,76.13,76.25,76.25,76.25,76.25,76.25,75.31,76.25,76.25,76.25,68.75,61.25,76.25,76.25,76.25,75.00,74.38,74.38,74.38,73.80,74.38,76.88,68.88,73.75,73.13,73.13,73.13,73.75,73.75,73.75,73.75,73.75,73.50,73.75,72.50,71.25,65.63,61.25,61.20,61.19,61.19,64.94,66.19,66.19,66.19,65.96,66.19,66.19,69.31,72.44,72.41,72.44,72.44,72.44,74.31,66.19,58.06,53.13,67.96,53.13,53.13,51.88,51.88,51.88,51.25,53.13,53.13,53.13,53.13,53.13,54.38,52.77,54.38,55.63,57.50,57.50,57.50,57.50,57.50,58.13,58.13,58.13,71.88,71.88,59.64,71.88,71.00,68.88,68.88,68.88,68.88,68.88,68.88,68.88,68.88,68.88,71.00,69.48,71.00,71.00,72.25,74.17,72.50,72.50,76.25,83.13,83.13,81.88,83.13,81.88,76.90,85.00,81.25,80.75,81.25,80.00,80.00,79.38,81.36,82.80,82.80,84.24,85.68,82.04
..REGION IV-A (CALABARZON),"BAGUIO BEANS, 1 KG",60.06,60.77,64.22,65.00,53.37,52.11,54.55,67.16,68.11,55.64,66.06,55.58,60.22,65.16,50.78,54.59,54.45,64.55,64.94,59.21,47.05,65.71,80.02,67.92,62.36,61.40,65.92,56.63,59.04,64.41,59.45,62.08,65.24,77.81,59.69,53.24,54.59,49.07,60.60,61.87,56.23,54.44,57.92,60.06,66.39,67.31,61.75,65.71,55.41,114.69,89.36,67.60,77.77,67.33,58.71,60.09,79.15,82.57,66.99,53.42,74.19,79.18,100.42,94.65,74.54,74.22,68.89,62.90,59.99,62.92,75.94,77.91,67.71,77.22,80.18,74.69,73.56,71.34,82.73,80.38,71.41,67.91,66.40,78.19,106.97,83.04,81.72,108.80,95.73,83.70,83.92,82.35,78.51,72.43,82.76,100.82,77.77,77.77,80.63,90.13,85.50,82.75,82.88,82.86,86.20,76.13,73.00,87.29,85.50,97.88,70.25,68.58,92.63,127.00,154.75,132.50,95.98,129.13,91.13,84.25,79.75,76.75,124.50,107.25,100.78,89.70,89.95,123.00,95.60,99.32
..REGION IV-A (CALABARZON),"MONGGO, GREEN, 1 KG",..,..,..,..,..,..,..,..,..,..,..,..,..,..,..,..,..,..,..,..,..,..,..,..,..,..,..,..,..,..,..,..,..,..,..,..,..,..,..,..,..,..,..,..,..,..,..,..,..,..,..,..,..,..,..,..,..,..,..,..,..,..,..,..,..,..,..,..,..,..,..,..,..,..,..,..,..,..,..,..,..,..,..,..,..,..,..,..,..,..,..,..,..,..,..,..,..,..,..,..,..,..,..,..,..,..,..,..,..,..,..,..,..,..,..,..,..,..,..,..,..,..,..,..,..,..,..,..,..,..
..REGION IV-A (CALABARZON),"STRING BEANS, 1 KG",..,..,..,..,..,..,..,..,..,..,..,..,..,..,..,..,..,..,..,..,..,..,..,..,..,..,..,..,..,..,..,..,..,..,..,..,..,..,..,..,..,..,..,..,..,..,..,..,..,..,..,..,..,..,..,..,..,..,..,..,..,..,..,..,..,..,..,..,..,..,..,..,..,..,..,..,..,..,..,..,..,..,..,..,..,..,..,..,..,..,..,..,..,..,..,..,..,..,..,..,..,..,..,..,..,..,..,..,..,..,..,..,..,..,..,..,..,..,..,..,..,..,..,..,..,..,..,..,..,..
....Batangas,"RAW PEANUT, SHELLED, 1 KG",..,..,..,..,..,..,..,..,..,..,..,..,..,..,..,..,..,..,..,..,..,..,..,..,..,..,..,..,..,..,..,..,..,..,..,..,..,..,..,..,..,..,..,..,..,..,..,..,..,..,..,..,..,..,..,..,..,..,..,..,..,..,..,..,..,..,..,..,..,..,..,..,..,..,..,..,..,..,..,..,..,..,..,..,..,..,..,..,..,..,..,..,..,..,..,..,..,..,..,..,..,..,..,..,..,..,..,..,..,..,..,..,..,..,..,..,..,..,..,..,..,..,..,..,..,..,..,..,..,..
....Batangas,"RAW PEANUT, UNSHELLED, 1 KG",..,..,..,..,..,..,..,..,..,..,..,..,..,..,..,..,..,..,..,..,..,..,..,..,..,..,..,..,..,..,..,..,..,..,..,..,..,..,..,..,..,..,..,..,..,..,..,..,..,..,..,..,..,..,..,..,..,..,..,..,..,..,..,..,..,..,..,..,..,..,..,..,..,..,..,..,..,..,..,..,..,..,..,..,..,..,..,..,..,..,..,..,..,..,..,..,..,..,..,..,..,..,..,..,..,..,..,..,..,..,..,..,..,..,..,..,..,..,..,..,..,..,..,..,..,..,..,..,..,..
....Batangas,"BAGUIO BEANS, 1 KG",70.45,70.45,70.45,73.80,65.00,62.50,63.80,71.30,71.30,71.30,70.00,66.30,68.89,73.10,61.90,63.10,63.10,64.40,62.50,58.10,48.10,63.10,80.60,75.60,72.50,65.51,79.40,68.80,66.30,64.40,69.40,68.80,75.00,74.40,66.90,62.50,58.80,49.40,67.01,64.40,62.50,58.10,56.30,58.38,66.63,63.50,68.50,77.90,66.00,109.10,93.50,70.40,72.90,61.60,64.10,61.60,66.60,84.80,71.00,59.10,72.90,81.60,99.10,96.60,74.33,91.60,82.90,69.10,65.40,69.10,79.10,79.10,66.30,72.50,80.00,71.30,69.10,74.63,94.10,70.60,70.40,69.10,65.40,71.90,117.50,86.25,110.00,115.00,111.25,90.00,89.29,93.75,76.25,77.50,75.00,95.00,75.00,92.50,88.75,93.75,87.50,92.50,91.25,86.56,88.75,86.25,76.25,83.33,80.00,90.00,78.75,57.50,62.50,85.00,130.63,140.00,88.25,123.13,96.25,88.13,80.00,86.25,116.25,105.00,111.88,105.38,108.50,140.63,120.63,106.84
....Batangas,"MONGGO, GREEN, 1 KG",..,..,..,..,..,..,..,..,..,..,..,..,..,..,..,..,..,..,..,..,..,..,..,..,..,..,..,..,..,..,..,..,..,..,..,..,..,..,..,..,..,..,..,..,..,..,..,..,..,..,..,..,..,..,..,..,..,..,..,..,..,..,..,..,..,..,..,..,..,..,..,..,..,..,..,..,..,..,..,..,..,..,..,..,..,..,..,..,..,..,..,..,..,..,..,..,..,..,..,..,..,..,..,..,..,..,..,..,..,..,..,..,..,..,..,..,..,..,..,..,..,..,..,..,..,..,..,..,..,..
....Batangas,"STRING BEANS, 1 KG",..,..,..,..,..,..,..,..,..,..,..,..,..,..,..,..,..,..,..,..,..,..,..,..,..,..,..,..,..,..,..,..,..,..,..,..,..,..,..,..,..,..,..,..,..,..,..,..,..,..,..,..,..,..,..,..,..,..,..,..,..,..,..,..,..,..,..,..,..,..,..,..,..,..,..,..,..,..,..,..,..,..,..,..,..,..,..,..,..,..,..,..,..,..,..,..,..,..,..,..,..,..,..,..,..,..,..,..,..,..,..,..,..,..,..,..,..,..,..,..,..,..,..,..,..,..,..,..,..,..
....Cavite,"RAW PEANUT, SHELLED, 1 KG",..,..,..,..,..,..,..,..,..,..,..,..,..,..,..,..,..,..,..,..,..,..,..,..,..,..,..,..,..,..,..,..,..,..,..,..,..,..,..,..,..,..,..,..,..,..,..,..,..,..,..,..,..,..,..,..,..,..,..,..,..,..,..,..,..,..,..,..,..,..,..,..,..,..,..,..,..,..,..,..,..,..,..,..,..,..,..,..,..,..,..,..,..,..,..,..,..,..,..,..,..,..,..,..,..,..,..,..,..,..,..,..,..,..,..,..,..,..,..,..,..,..,..,..,..,..,..,..,..,..
....Cavite,"RAW PEANUT, UNSHELLED, 1 KG",..,..,..,..,..,..,..,..,..,..,..,..,..,..,..,..,..,..,..,..,..,..,..,..,..,..,..,..,..,..,..,..,..,..,..,..,..,..,..,..,..,..,..,..,..,..,..,..,..,..,..,..,..,..,..,..,..,..,..,..,..,..,..,..,..,..,..,..,..,..,..,..,..,..,..,..,..,..,..,..,..,..,..,..,..,..,..,..,..,..,..,..,..,..,..,..,..,..,..,..,..,..,..,..,..,..,..,..,..,..,..,..,..,..,..,..,..,..,..,..,..,..,..,..,..,..,..,..,..,..
....Cavite,"BAGUIO BEANS, 1 KG",56.86,54.31,64.08,64.08,55.17,51.35,53.04,64.93,61.54,51.61,73.67,51.77,58.53,71.30,50.50,51.36,55.18,62.82,61.96,61.11,50.08,64.09,62.82,61.12,60.27,59.38,59.41,57.72,55.17,68.74,64.49,69.16,65.76,83.16,63.64,50.91,60.66,49.63,62.37,64.06,56.42,55.99,69.14,65.32,76.77,74.23,50.05,69.13,54.71,110.86,80.58,68.94,71.25,58.10,54.71,58.10,83.55,84.40,70.82,51.32,78.04,87.79,115.36,96.27,75.81,75.91,63.19,65.32,61.92,67.87,79.74,86.53,72.96,83.48,93.33,84.84,86.11,76.77,101.38,88.24,69.57,75.93,69.57,85.70,107.34,97.16,83.16,124.30,103.09,96.39,91.82,80.61,80.61,71.70,91.04,115.81,83.82,69.57,81.88,89.38,88.13,80.63,80.63,84.48,91.00,77.50,78.75,84.38,76.25,76.88,76.88,80.38,93.13,122.50,152.50,150.00,96.68,150.00,103.75,96.25,85.00,85.00,123.75,96.88,106.63,95.63,87.50,95.63,95.00,101.75
....Cavite,"MONGGO, GREEN, 1 KG",..,..,..,..,..,..,..,..,..,..,..,..,..,..,..,..,..,..,..,..,..,..,..,..,..,..,..,..,..,..,..,..,..,..,..,..,..,..,..,..,..,..,..,..,..,..,..,..,..,..,..,..,..,..,..,..,..,..,..,..,..,..,..,..,..,..,..,..,..,..,..,..,..,..,..,..,..,..,..,..,..,..,..,..,..,..,..,..,..,..,..,..,..,..,..,..,..,..,..,..,..,..,..,..,..,..,..,..,..,..,..,..,..,..,..,..,..,..,..,..,..,..,..,..,..,..,..,..,..,..
....Cavite,"STRING BEANS, 1 KG",..,..,..,..,..,..,..,..,..,..,..,..,..,..,..,..,..,..,..,..,..,..,..,..,..,..,..,..,..,..,..,..,..,..,..,..,..,..,..,..,..,..,..,..,..,..,..,..,..,..,..,..,..,..,..,..,..,..,..,..,..,..,..,..,..,..,..,..,..,..,..,..,..,..,..,..,..,..,..,..,..,..,..,..,..,..,..,..,..,..,..,..,..,..,..,..,..,..,..,..,..,..,..,..,..,..,..,..,..,..,..,..,..,..,..,..,..,..,..,..,..,..,..,..,..,..,..,..,..,..
....Laguna,"RAW PEANUT, SHELLED, 1 KG",71.97,75.36,73.66,74.00,76.50,79.00,79.00,79.00,79.00,80.00,79.00,79.00,77.12,79.00,79.00,79.00,79.00,79.00,79.00,79.00,79.00,79.00,79.00,79.00,79.00,79.00,79.00,79.00,79.00,79.00,79.25,79.25,79.25,79.63,79.25,79.25,79.25,79.25,79.20,79.25,79.25,79.25,79.25,79.25,79.00,79.00,79.00,79.00,79.00,79.00,79.00,79.10,79.00,79.00,79.00,78.38,79.00,79.00,79.00,78.38,79.00,79.00,79.00,79.00,78.90,79.00,79.00,80.88,80.88,81.75,81.75,81.75,81.75,81.75,81.75,81.75,82.75,81.23,82.75,84.00,85.25,82.50,82.50,82.50,82.50,82.50,82.50,82.50,83.13,83.13,82.98,83.13,83.13,83.13,83.13,83.13,83.75,83.75,83.75,83.75,83.75,83.75,86.25,83.70,86.88,86.88,86.25,85.83,86.25,86.25,87.88,88.50,89.38,88.75,88.75,93.75,87.95,95.00,95.63,93.75,93.75,93.75,94.38,94.38,94.38,95.52,97.81,100.10,101.24,95.81
....Laguna,"RAW PEANUT, UNSHELLED, 1 KG",72.65,72.65,72.65,76.13,76.25,76.00,76.13,76.25,76.25,76.25,76.25,76.25,75.31,76.25,76.25,76.25,68.75,61.25,76.25,76.25,76.25,75.00,74.38,74.38,74.38,73.80,74.38,76.88,68.88,73.75,73.13,73.13,73.13,73.75,73.75,73.75,73.75,73.75,73.50,73.75,72.50,71.25,65.63,61.25,61.20,61.19,61.19,64.94,66.19,66.19,66.19,65.96,66.19,66.19,69.31,72.44,72.41,72.44,72.44,72.44,74.31,66.19,58.06,53.13,67.96,53.13,53.13,51.88,51.88,51.88,51.25,53.13,53.13,53.13,53.13,53.13,54.38,52.77,54.38,55.63,57.50,57.50,57.50,57.50,57.50,58.13,58.13,58.13,71.88,71.88,59.64,71.88,71.00,68.88,68.88,68.88,68.88,68.88,68.88,68.88,68.88,68.88,71.00,69.48,71.00,71.00,72.25,74.17,72.50,72.50,76.25,83.13,83.13,81.88,83.13,81.88,76.90,85.00,81.25,80.75,81.25,80.00,80.00,79.38,81.36,82.80,82.80,84.24,85.68,82.04
....Laguna,"BAGUIO BEANS, 1 KG",59.17,57.50,63.33,64.17,51.67,50.00,50.00,57.50,73.33,51.67,58.33,51.67,57.36,59.17,53.33,51.67,55.00,62.50,67.08,54.17,42.50,64.17,80.00,68.33,59.17,59.76,56.67,47.92,52.08,56.67,49.58,51.67,52.08,69.17,55.83,53.33,50.83,49.17,53.75,54.17,54.17,50.83,50.00,58.33,60.83,65.00,60.00,60.00,55.00,105.00,76.67,62.50,70.00,67.50,59.17,60.83,78.33,78.33,60.00,50.83,63.33,68.33,88.33,88.33,69.44,55.00,56.67,56.67,48.33,53.33,70.00,67.50,54.17,65.00,63.33,55.83,67.50,59.44,68.33,83.33,65.00,63.33,59.17,63.33,93.33,72.50,67.50,115.00,88.33,78.33,76.46,77.50,76.67,60.00,75.00,84.17,68.33,65.00,70.00,72.50,73.13,70.63,78.13,72.59,70.00,65.00,67.50,92.50,82.50,103.75,61.88,55.00,81.25,130.00,151.25,118.75,89.95,118.75,80.00,76.25,67.50,63.75,115.00,100.00,87.50,78.75,77.50,116.25,87.50,89.06
....Laguna,"MONGGO, GREEN, 1 KG",..,..,..,..,..,..,..,..,..,..,..,..,..,..,..,..,..,..,..,..,..,..,..,..,..,..,..,..,..,..,..,..,..,..,..,..,..,..,..,..,..,..,..,..,..,..,..,..,..,..,..,..,..,..,..,..,..,..,..,..,..,..,..,..,..,..,..,..,..,..,..,..,..,..,..,..,..,..,..,..,..,..,..,..,..,..,..,..,..,..,..,..,..,..,..,..,..,..,..,..,..,..,..,..,..,..,..,..,..,..,..,..,..,..,..,..,..,..,..,..,..,..,..,..,..,..,..,..,..,..
....Laguna,"STRING BEANS, 1 KG",..,..,..,..,..,..,..,..,..,..,..,..,..,..,..,..,..,..,..,..,..,..,..,..,..,..,..,..,..,..,..,..,..,..,..,..,..,..,..,..,..,..,..,..,..,..,..,..,..,..,..,..,..,..,..,..,..,..,..,..,..,..,..,..,..,..,..,..,..,..,..,..,..,..,..,..,..,..,..,..,..,..,..,..,..,..,..,..,..,..,..,..,..,..,..,..,..,..,..,..,..,..,..,..,..,..,..,..,..,..,..,..,..,..,..,..,..,..,..,..,..,..,..,..,..,..,..,..,..,..
....Quezon,"RAW PEANUT, SHELLED, 1 KG",77.16,82.19,75.98,78.50,79.13,78.50,78.50,79.00,79.63,78.38,77.50,79.25,78.64,79.25,81.38,81.50,80.88,81.88,81.88,73.25,72.75,73.38,72.75,72.25,72.25,76.95,72.25,72.25,70.75,68.63,67.13,67.50,68.75,68.75,68.75,68.75,69.50,73.25,69.69,75.25,75.25,79.50,75.75,77.25,77.25,77.25,77.25,77.25,78.75,80.00,80.00,77.56,80.00,80.00,80.00,80.00,80.00,80.00,80.00,83.88,83.88,83.75,83.75,83.75,81.58,83.75,83.75,78.75,79.38,84.38,87.50,87.50,87.50,87.50,87.50,87.50,89.00,85.33,89.00,89.00,89.00,87.75,86.50,86.50,82.50,82.50,84.13,84.13,84.13,80.38,85.46,77.88,77.88,77.88,77.88,77.88,77.88,78.13,82.13,82.00,82.00,82.00,84.13,79.81,85.63,88.00,86.50,86.67,90.25,90.25,90.25,89.25,88.25,88.25,88.25,88.25,88.32,88.25,89.25,90.25,90.25,90.25,90.25,90.25,90.25,90.25,90.25,90.25,90.25,90.00
....Quezon,"RAW PEANUT, UNSHELLED, 1 KG",..,..,..,..,..,..,..,..,..,..,..,..,..,..,..,..,..,..,..,..,..,..,..,..,..,..,..,..,..,..,..,..,..,..,..,..,..,..,..,..,..,..,..,..,..,..,..,..,..,..,..,..,..,..,..,..,..,..,..,..,..,..,..,..,..,..,..,..,..,..,..,..,..,..,..,..,..,..,..,..,..,..,..,..,..,..,..,..,..,..,..,..,..,..,..,..,..,..,..,..,..,..,..,..,..,..,..,..,..,..,..,..,..,..,..,..,..,..,..,..,..,..,..,..,..,..,..,..,..,..
....Quezon,"BAGUIO BEANS, 1 KG",62.92,60.83,60.00,61.67,47.42,45.83,54.17,70.00,66.67,52.50,58.33,50.00,57.53,58.33,42.50,53.00,50.00,66.67,65.00,65.00,47.50,61.67,72.50,62.50,60.83,58.79,73.33,58.33,60.00,76.67,56.67,60.00,70.00,83.33,51.67,46.67,45.00,50.00,60.97,63.33,56.67,56.67,58.33,58.33,60.00,60.00,63.33,63.33,43.33,100.00,83.33,63.89,116.67,80.00,60.00,60.00,80.00,75.00,76.67,60.00,73.33,80.00,93.33,100.00,79.58,80.00,80.00,60.00,60.00,60.00,68.33,80.00,80.00,80.00,80.00,83.33,60.00,72.64,71.67,83.33,80.00,60.00,66.67,86.67,113.33,73.33,75.00,93.33,90.00,80.00,81.11,80.00,80.00,80.00,83.33,106.67,78.33,76.67,80.00,97.50,87.50,91.25,90.00,85.94,105.00,82.50,71.25,90.00,97.50,110.00,68.75,72.50,107.50,140.00,190.00,130.00,105.42,130.00,87.50,87.50,92.50,72.50,136.25,123.75,100.00,80.00,87.50,116.25,90.00,100.31
....Quezon,"MONGGO, GREEN, 1 KG",..,..,..,..,..,..,..,..,..,..,..,..,..,..,..,..,..,..,..,..,..,..,..,..,..,..,..,..,..,..,..,..,..,..,..,..,..,..,..,..,..,..,..,..,..,..,..,..,..,..,..,..,..,..,..,..,..,..,..,..,..,..,..,..,..,..,..,..,..,..,..,..,..,..,..,..,..,..,..,..,..,..,..,..,..,..,..,..,..,..,..,..,..,..,..,..,..,..,..,..,..,..,..,..,..,..,..,..,..,..,..,..,..,..,..,..,..,..,..,..,..,..,..,..,..,..,..,..,..,..
....Quezon,"STRING BEANS, 1 KG",..,..,..,..,..,..,..,..,..,..,..,..,..,..,..,..,..,..,..,..,..,..,..,..,..,..,..,..,..,..,..,..,..,..,..,..,..,..,..,..,..,..,..,..,..,..,..,..,..,..,..,..,..,..,..,..,..,..,..,..,..,..,..,..,..,..,..,..,..,..,..,..,..,..,..,..,..,..,..,..,..,..,..,..,..,..,..,..,..,..,..,..,..,..,..,..,..,..,..,..,..,..,..,..,..,..,..,..,..,..,..,..,..,..,..,..,..,..,..,..,..,..,..,..,..,..,..,..,..,..
....Rizal,"RAW PEANUT, SHELLED, 1 KG",..,..,..,..,..,..,..,..,..,..,..,..,..,..,..,..,..,..,..,..,..,..,..,..,..,..,..,..,..,..,..,..,..,..,..,..,..,..,..,..,..,..,..,..,..,..,..,..,..,..,..,..,..,..,..,..,..,..,..,..,..,..,..,..,..,..,..,..,..,..,..,..,..,..,..,..,..,..,..,..,..,..,..,..,..,..,..,..,..,..,..,..,..,..,..,..,..,..,..,..,..,..,..,..,..,..,..,..,..,..,..,..,..,..,..,..,..,..,..,..,..,..,..,..,..,..,..,..,..,..
....Rizal,"RAW PEANUT, UNSHELLED, 1 KG",..,..,..,..,..,..,..,..,..,..,..,..,..,..,..,..,..,..,..,..,..,..,..,..,..,..,..,..,..,..,..,..,..,..,..,..,..,..,..,..,..,..,..,..,..,..,..,..,..,..,..,..,..,..,..,..,..,..,..,..,..,..,..,..,..,..,..,..,..,..,..,..,..,..,..,..,..,..,..,..,..,..,..,..,..,..,..,..,..,..,..,..,..,..,..,..,..,..,..,..,..,..,..,..,..,..,..,..,..,..,..,..,..,..,..,..,..,..,..,..,..,..,..,..,..,..,..,..,..,..
....Rizal,"BAGUIO BEANS, 1 KG",50.88,60.78,63.22,61.30,47.59,50.88,51.76,72.08,67.73,51.14,69.99,58.17,58.79,63.90,45.67,53.84,48.97,66.34,68.16,57.65,47.06,75.54,104.19,72.07,59.05,63.54,60.78,50.36,61.66,55.57,57.13,60.78,63.38,79.01,60.43,52.79,57.65,47.15,58.89,63.39,51.41,50.63,55.84,59.92,67.73,73.81,66.87,58.18,58.01,148.49,112.72,72.25,58.01,69.47,55.57,59.92,87.28,90.32,56.45,45.85,83.37,78.16,105.96,92.06,73.54,68.61,61.67,63.40,64.28,64.28,82.52,76.43,65.14,85.12,84.24,78.16,85.11,73.25,78.16,76.42,72.08,71.20,71.20,83.36,103.34,85.97,72.94,96.38,85.96,73.80,80.90,79.89,79.01,72.94,89.44,102.47,83.37,85.11,82.50,97.50,91.25,78.75,74.38,84.72,76.25,69.38,71.25,86.25,91.25,108.75,65.00,77.50,118.75,157.50,149.38,123.75,99.58,123.75,88.13,73.13,73.75,76.25,131.25,110.63,97.88,88.75,88.75,146.25,84.88,98.62
....Rizal,"MONGGO, GREEN, 1 KG",..,..,..,..,..,..,..,..,..,..,..,..,..,..,..,..,..,..,..,..,..,..,..,..,..,..,..,..,..,..,..,..,..,..,..,..,..,..,..,..,..,..,..,..,..,..,..,..,..,..,..,..,..,..,..,..,..,..,..,..,..,..,..,..,..,..,..,..,..,..,..,..,..,..,..,..,..,..,..,..,..,..,..,..,..,..,..,..,..,..,..,..,..,..,..,..,..,..,..,..,..,..,..,..,..,..,..,..,..,..,..,..,..,..,..,..,..,..,..,..,..,..,..,..,..,..,..,..,..,..
....Rizal,"STRING BEANS, 1 KG",..,..,..,..,..,..,..,..,..,..,..,..,..,..,..,..,..,..,..,..,..,..,..,..,..,..,..,..,..,..,..,..,..,..,..,..,..,..,..,..,..,..,..,..,..,..,..,..,..,..,..,..,..,..,..,..,..,..,..,..,..,..,..,..,..,..,..,..,..,..,..,..,..,..,..,..,..,..,..,..,..,..,..,..,..,..,..,..,..,..,..,..,..,..,..,..,..,..,..,..,..,..,..,..,..,..,..,..,..,..,..,..,..,..,..,..,..,..,..,..,..,..,..,..,..,..,..,..,..,..
..MIMAROPA REGION,"RAW PEANUT, SHELLED, 1 KG",72.70,76.22,76.59,77.05,77.88,78.01,78.05,78.28,78.28,78.56,78.97,78.97,77.46,78.97,80.46,80.46,80.98,80.37,80.16,80.16,80.04,80.36,80.48,80.64,80.74,80.32,81.05,81.05,81.21,81.21,81.21,81.21,81.21,81.21,81.46,81.83,82.84,83.67,81.60,83.67,84.60,84.46,84.46,84.71,85.04,85.04,85.04,85.04,85.04,85.04,85.86,84.83,86.99,87.16,87.32,87.32,87.32,87.45,88.06,88.06,88.06,88.06,88.06,88.06,87.66,87.65,87.60,87.10,85.56,85.27,84.57,87.59,87.84,87.96,86.96,87.34,87.46,86.91,87.26,87.96,87.39,87.14,89.06,90.39,84.72,83.63,84.85,85.18,85.25,85.25,86.51,85.49,86.77,86.77,86.84,87.09,86.95,86.66,86.12,86.45,87.23,89.75,89.12,87.10,89.71,90.61,89.97,90.65,96.90,94.00,92.99,94.40,94.94,93.90,93.90,95.53,93.13,97.75,96.20,99.13,92.70,95.18,91.18,95.13,96.73,98.26,97.69,94.49,97.26,95.98
..MIMAROPA REGION,"RAW PEANUT, UNSHELLED, 1 KG",..,..,..,..,..,..,..,..,..,..,..,..,..,..,..,..,..,..,..,..,..,..,..,..,..,..,..,..,..,..,..,..,..,..,..,..,..,..,..,..,..,..,..,..,..,..,..,..,..,..,..,..,..,..,..,..,..,..,..,..,..,..,..,..,..,..,..,..,..,..,..,..,..,..,..,..,..,..,..,..,..,..,..,..,..,..,..,..,..,..,..,..,..,..,..,..,..,..,..,..,..,..,..,..,..,..,..,..,..,..,..,..,..,..,..,..,..,..,..,..,..,..,..,..,..,..,..,..,..,..
..MIMAROPA REGION,"BAGUIO BEANS, 1 KG",86.08,79.95,77.08,80.05,69.06,72.94,72.70,87.26,105.30,91.32,82.16,80.05,82.00,71.60,73.24,71.52,74.06,71.88,77.43,78.22,73.05,73.48,94.27,88.04,89.83,78.05,85.61,83.03,79.10,78.91,81.38,84.90,86.62,93.37,93.41,79.55,79.94,81.16,83.92,75.84,72.54,72.46,75.83,79.34,85.67,87.16,94.18,81.24,84.20,101.75,98.64,84.07,92.39,92.89,91.95,92.05,98.30,100.80,101.53,102.49,93.93,96.32,98.41,98.84,96.66,96.82,90.00,86.88,78.75,86.88,91.88,88.78,88.78,107.22,115.03,120.66,121.88,97.80,123.16,116.28,122.53,110.16,116.91,116.57,121.88,118.44,144.38,154.38,143.50,127.50,126.31,121.25,120.75,116.25,113.13,123.13,129.13,120.63,112.50,124.38,133.75,127.50,125.63,122.34,114.38,125.63,118.13,120.00,128.75,156.88,126.25,110.00,116.25,150.00,158.13,181.88,133.86,179.38,136.25,125.00,126.88,111.57,125.94,115.00,120.61,139.04,116.95,116.95,143.44,129.75
..MIMAROPA REGION,"MONGGO, GREEN, 1 KG",84.39,76.93,75.48,76.30,76.77,77.75,75.78,77.48,79.17,80.46,79.35,75.47,77.94,76.33,74.88,73.18,73.12,75.24,75.71,75.96,75.46,78.01,83.34,83.34,86.12,77.56,84.19,81.32,81.35,82.32,83.04,82.55,79.16,83.76,83.38,86.07,87.23,88.23,83.55,88.00,89.21,88.31,88.08,87.17,88.38,87.97,88.34,88.09,88.99,90.64,90.73,88.66,89.77,89.32,88.20,87.71,86.46,86.71,87.43,88.08,88.41,88.08,87.01,87.01,87.85,87.98,91.10,85.30,86.05,87.55,85.68,86.05,87.93,86.55,88.00,90.98,90.65,87.82,90.58,92.83,90.80,90.35,90.93,91.95,90.85,91.60,94.85,93.23,89.68,89.13,91.40,90.35,89.23,89.10,91.35,89.60,90.35,89.18,87.25,90.50,91.00,89.75,88.63,89.69,92.68,92.60,92.60,98.73,101.40,97.78,97.73,96.58,97.79,97.95,97.08,97.03,96.66,98.35,98.58,104.40,105.15,99.90,98.65,104.78,109.83,107.44,109.51,110.52,115.34,105.20
..MIMAROPA REGION,"STRING BEANS, 1 KG",..,..,..,..,..,..,..,..,..,..,..,..,..,..,..,..,..,..,..,..,..,..,..,..,..,..,..,..,..,..,..,..,..,..,..,..,..,..,..,..,..,..,..,..,..,..,..,..,..,..,..,..,..,..,..,..,..,..,..,..,..,..,..,..,..,..,..,..,..,..,..,..,..,..,..,..,..,..,..,..,..,..,..,..,..,..,..,..,..,..,..,..,..,..,..,..,..,..,..,..,..,..,..,..,..,..,..,..,..,..,..,..,..,..,..,..,..,..,..,..,..,..,..,..,..,..,..,..,..,..
....Marinduque,"RAW PEANUT, SHELLED, 1 KG",70.96,78.21,80.63,80.63,80.63,80.63,80.63,80.63,80.63,80.63,80.63,80.63,79.62,80.63,80.63,80.63,80.63,80.63,80.63,80.63,80.63,80.63,80.63,80.63,80.63,80.63,80.63,80.63,80.63,80.63,80.63,80.63,80.63,80.63,81.88,81.25,85.00,87.50,81.72,87.50,92.14,91.43,91.43,91.43,91.43,91.43,91.43,91.43,91.43,91.43,91.43,91.16,91.43,91.43,91.43,91.43,91.43,91.43,91.43,91.43,91.43,91.43,91.43,91.43,91.43,91.43,91.43,91.43,91.43,91.43,91.43,105.71,105.71,105.71,105.71,105.71,105.71,98.57,105.71,105.71,105.71,105.71,105.71,105.71,83.57,84.29,85.00,85.00,85.00,85.00,95.18,85.71,85.71,85.71,88.57,88.57,87.86,86.43,85.71,82.86,87.14,92.86,92.86,87.50,91.43,84.29,88.57,92.00,114.29,108.75,99.38,94.50,94.50,94.50,93.88,92.63,95.73,98.13,105.63,99.38,99.38,113.75,106.25,105.00,101.86,101.86,101.86,93.32,93.32,101.64
....Marinduque,"RAW PEANUT, UNSHELLED, 1 KG",..,..,..,..,..,..,..,..,..,..,..,..,..,..,..,..,..,..,..,..,..,..,..,..,..,..,..,..,..,..,..,..,..,..,..,..,..,..,..,..,..,..,..,..,..,..,..,..,..,..,..,..,..,..,..,..,..,..,..,..,..,..,..,..,..,..,..,..,..,..,..,..,..,..,..,..,..,..,..,..,..,..,..,..,..,..,..,..,..,..,..,..,..,..,..,..,..,..,..,..,..,..,..,..,..,..,..,..,..,..,..,..,..,..,..,..,..,..,..,..,..,..,..,..,..,..,..,..,..,..
....Marinduque,"BAGUIO BEANS, 1 KG",..,..,..,..,..,..,..,..,..,..,..,..,..,..,..,..,..,..,..,..,..,..,..,..,..,..,..,..,..,..,..,..,..,..,..,..,..,..,..,..,..,..,..,..,..,..,..,..,..,..,..,..,..,..,..,..,..,..,..,..,..,..,..,..,..,..,..,..,..,..,..,..,..,..,..,..,..,..,..,..,..,..,..,..,..,..,..,..,..,..,..,..,..,..,..,..,..,..,..,..,..,..,..,..,..,..,..,..,..,..,..,..,..,..,..,..,..,..,..,..,..,..,..,..,..,..,..,..,..,..
....Marinduque,"MONGGO, GREEN, 1 KG",87.08,78.07,75.49,76.36,74.64,76.36,78.94,80.65,84.08,81.93,81.51,74.64,79.15,75.08,72.50,69.50,72.93,72.07,73.79,73.79,73.79,78.07,87.51,87.51,92.65,77.43,89.23,84.08,82.37,84.08,85.79,84.93,78.93,87.50,87.50,87.50,90.00,91.25,86.10,95.00,100.00,98.75,100.00,100.00,100.00,98.75,98.75,97.50,97.50,97.50,97.50,98.44,98.75,96.25,96.25,96.25,96.25,96.25,96.25,96.25,96.25,96.25,96.25,96.25,96.46,92.50,87.50,88.13,86.25,95.00,95.00,90.00,92.50,90.63,95.00,90.00,92.50,91.25,94.38,96.88,93.75,95.00,90.63,93.13,90.00,97.50,102.50,90.00,92.50,88.13,93.70,90.00,87.50,84.38,87.50,82.50,82.50,82.50,82.50,83.75,85.00,85.00,86.25,84.95,87.50,91.25,93.75,105.00,108.75,105.00,101.88,100.63,102.50,102.50,101.25,103.75,100.31,102.50,107.50,101.25,100.00,101.25,101.25,100.00,100.00,100.00,94.17,94.17,88.33,99.20
....Marinduque,"STRING BEANS, 1 KG",..,..,..,..,..,..,..,..,..,..,..,..,..,..,..,..,..,..,..,..,..,..,..,..,..,..,..,..,..,..,..,..,..,..,..,..,..,..,..,..,..,..,..,..,..,..,..,..,..,..,..,..,..,..,..,..,..,..,..,..,..,..,..,..,..,..,..,..,..,..,..,..,..,..,..,..,..,..,..,..,..,..,..,..,..,..,..,..,..,..,..,..,..,..,..,..,..,..,..,..,..,..,..,..,..,..,..,..,..,..,..,..,..,..,..,..,..,..,..,..,..,..,..,..,..,..,..,..,..,..
....Occidental Mindoro,"RAW PEANUT, SHELLED, 1 KG",77.55,79.08,78.57,79.18,80.20,80.20,79.18,79.18,79.18,80.61,82.65,82.65,79.85,82.65,85.71,85.71,86.73,83.67,82.65,82.65,82.65,82.65,82.65,82.65,83.16,83.63,84.69,84.69,84.69,84.69,84.69,84.69,84.69,84.69,84.69,84.69,82.65,82.65,84.35,82.65,82.65,82.65,82.65,82.65,82.65,82.65,82.65,82.65,82.65,82.65,86.73,82.99,84.69,84.69,84.69,84.69,84.69,84.69,87.75,87.75,87.75,87.75,87.75,87.75,86.22,85.71,85.71,85.71,82.86,84.29,81.43,82.86,82.86,82.86,82.86,82.86,82.86,83.57,82.86,82.86,80.00,80.00,80.00,80.00,77.50,72.86,77.50,78.75,80.00,80.00,79.36,82.50,85.00,85.00,85.00,85.00,85.00,85.00,85.00,87.50,86.50,90.88,87.75,85.84,90.88,90.88,84.00,85.25,85.25,85.25,85.25,82.75,84.00,81.50,82.75,84.00,85.15,84.00,84.00,91.50,82.13,76.13,64.88,74.63,68.92,87.20,87.20,80.85,80.85,80.19
....Occidental Mindoro,"RAW PEANUT, UNSHELLED, 1 KG",..,..,..,..,..,..,..,..,..,..,..,..,..,..,..,..,..,..,..,..,..,..,..,..,..,..,..,..,..,..,..,..,..,..,..,..,..,..,..,..,..,..,..,..,..,..,..,..,..,..,..,..,..,..,..,..,..,..,..,..,..,..,..,..,..,..,..,..,..,..,..,..,..,..,..,..,..,..,..,..,..,..,..,..,..,..,..,..,..,..,..,..,..,..,..,..,..,..,..,..,..,..,..,..,..,..,..,..,..,..,..,..,..,..,..,..,..,..,..,..,..,..,..,..,..,..,..,..,..,..
....Occidental Mindoro,"BAGUIO BEANS, 1 KG",103.41,89.62,86.17,91.34,81.87,89.62,87.90,112.02,131.85,105.14,93.07,91.34,96.95,84.45,82.73,79.28,81.87,81.87,90.48,93.93,83.59,84.45,119.78,108.58,103.41,91.20,99.97,94.80,84.45,85.31,89.62,94.80,98.24,115.48,118.06,99.10,97.38,101.68,98.24,94.80,84.45,86.17,87.90,86.17,91.34,93.07,114.61,99.97,96.51,130.99,119.78,98.81,119.78,112.02,105.14,99.10,99.10,99.10,105.56,106.85,99.10,105.14,118.06,118.92,107.32,113.75,103.75,95.00,88.75,85.00,88.75,101.31,97.56,118.81,126.31,118.81,113.75,104.30,120.06,120.06,116.31,111.31,106.31,108.13,121.25,123.13,137.50,157.50,136.25,117.50,122.94,106.25,109.00,106.25,106.25,107.50,117.50,117.50,116.25,115.00,125.00,125.00,117.50,114.08,107.50,116.25,103.75,108.75,121.25,131.25,111.25,95.00,105.00,117.50,135.00,183.75,119.69,193.75,137.50,122.50,131.25,110.63,123.13,110.00,107.56,124.67,100.22,100.22,121.25,123.56
....Occidental Mindoro,"MONGGO, GREEN, 1 KG",83.74,75.07,72.60,73.43,71.78,73.43,75.91,77.55,80.86,78.79,78.38,71.78,76.11,72.19,69.72,66.83,70.12,69.30,70.96,70.96,70.96,75.07,84.15,84.15,89.10,74.46,85.81,80.86,79.20,80.86,82.50,81.68,75.91,84.15,84.15,93.23,99.00,99.00,85.53,92.40,92.40,86.63,83.33,77.55,76.73,75.91,75.91,75.91,82.50,90.76,89.10,83.26,89.93,89.93,87.45,84.98,84.98,84.98,88.28,90.76,92.40,90.76,84.15,84.15,87.73,82.50,81.25,78.75,82.50,81.25,80.00,80.00,81.25,82.50,82.50,90.00,88.75,82.60,93.75,96.25,95.00,91.25,87.50,87.50,85.00,86.25,90.00,96.25,85.63,83.13,89.79,91.88,87.50,82.50,80.00,76.25,76.25,82.50,83.75,84.38,84.38,83.75,83.13,83.02,87.50,85.00,82.50,83.75,85.00,82.50,84.38,86.25,89.38,88.75,87.50,91.25,86.15,91.25,90.00,91.25,86.25,87.50,85.00,90.00,87.43,87.43,91.29,93.86,91.29,89.38
....Occidental Mindoro,"STRING BEANS, 1 KG",..,..,..,..,..,..,..,..,..,..,..,..,..,..,..,..,..,..,..,..,..,..,..,..,..,..,..,..,..,..,..,..,..,..,..,..,..,..,..,..,..,..,..,..,..,..,..,..,..,..,..,..,..,..,..,..,..,..,..,..,..,..,..,..,..,..,..,..,..,..,..,..,..,..,..,..,..,..,..,..,..,..,..,..,..,..,..,..,..,..,..,..,..,..,..,..,..,..,..,..,..,..,..,..,..,..,..,..,..,..,..,..,..,..,..,..,..,..,..,..,..,..,..,..,..,..,..,..,..,..
....Oriental Mindoro,"RAW PEANUT, SHELLED, 1 KG",71.91,78.63,78.13,78.13,78.75,79.38,80.63,81.75,81.75,81.75,81.75,81.75,79.53,81.75,83.63,83.63,83.63,83.63,83.63,83.63,83.63,83.63,84.25,84.25,84.25,83.63,84.25,84.25,84.25,84.25,84.25,84.25,84.25,84.25,84.25,84.25,84.25,84.25,84.25,84.25,84.25,84.25,84.25,85.50,85.50,85.50,85.50,85.50,85.50,85.50,85.50,85.08,86.75,86.75,86.75,86.75,86.75,86.75,86.75,86.75,86.75,86.75,86.75,86.75,86.75,86.74,86.50,83.99,80.37,78.75,78.75,78.13,78.75,78.75,78.75,78.75,78.75,80.58,77.75,78.75,78.75,79.38,81.88,82.75,84.38,83.50,83.00,83.38,82.50,82.50,81.54,82.50,82.50,82.50,82.50,82.50,82.50,82.50,82.50,82.50,82.50,82.50,82.50,82.50,82.50,85.00,85.00,85.00,85.00,86.25,90.63,88.75,88.75,88.75,88.75,96.25,87.55,100.63,93.13,90.63,90.63,91.88,91.25,90.00,86.56,74.52,74.52,73.39,82.29,86.62
....Oriental Mindoro,"RAW PEANUT, UNSHELLED, 1 KG",..,..,..,..,..,..,..,..,..,..,..,..,..,..,..,..,..,..,..,..,..,..,..,..,..,..,..,..,..,..,..,..,..,..,..,..,..,..,..,..,..,..,..,..,..,..,..,..,..,..,..,..,..,..,..,..,..,..,..,..,..,..,..,..,..,..,..,..,..,..,..,..,..,..,..,..,..,..,..,..,..,..,..,..,..,..,..,..,..,..,..,..,..,..,..,..,..,..,..,..,..,..,..,..,..,..,..,..,..,..,..,..,..,..,..,..,..,..,..,..,..,..,..,..,..,..,..,..,..,..
....Oriental Mindoro,"BAGUIO BEANS, 1 KG",..,..,..,..,..,..,..,..,..,..,..,..,..,..,..,..,..,..,..,..,..,..,..,..,..,..,..,..,..,..,..,..,..,..,..,..,..,..,..,..,..,..,..,..,..,..,..,..,..,..,..,..,..,..,..,..,..,..,..,..,..,..,..,..,..,..,..,..,..,..,..,..,..,..,..,..,..,..,..,..,..,..,..,..,..,..,..,..,..,..,..,..,..,..,..,..,..,..,..,..,..,..,..,..,..,..,..,..,..,..,..,..,..,..,..,..,..,..,..,..,..,..,..,..,..,..,..,..,..,..
....Oriental Mindoro,"MONGGO, GREEN, 1 KG",75.24,67.45,65.23,65.98,64.49,65.98,68.20,69.68,72.65,70.79,70.43,64.50,68.39,64.87,62.65,60.06,63.02,62.28,63.77,63.77,63.77,67.47,75.63,75.63,80.08,66.92,77.12,72.67,71.18,72.67,74.15,73.41,68.22,75.63,73.75,75.63,75.63,75.63,73.81,75.63,76.25,78.75,78.75,82.50,92.75,92.75,92.75,92.75,92.75,92.75,92.75,86.76,80.25,80.50,80.50,80.50,80.50,80.50,80.50,81.25,81.25,81.25,81.88,81.88,80.90,91.88,106.88,89.38,92.50,95.63,86.25,89.38,94.38,93.75,93.75,92.50,93.75,93.34,93.13,88.75,88.75,93.75,89.38,91.88,91.88,86.88,90.00,83.75,81.88,91.25,89.27,78.13,79.38,84.38,93.75,93.75,97.50,97.50,96.25,96.25,96.25,88.75,82.50,90.37,95.63,91.25,90.00,100.00,97.50,90.00,96.88,95.00,95.00,95.00,95.00,95.00,94.69,96.00,98.75,97.50,97.50,97.50,91.25,98.75,97.51,89.43,95.64,98.12,104.33,96.86
....Oriental Mindoro,"STRING BEANS, 1 KG",..,..,..,..,..,..,..,..,..,..,..,..,..,..,..,..,..,..,..,..,..,..,..,..,..,..,..,..,..,..,..,..,..,..,..,..,..,..,..,..,..,..,..,..,..,..,..,..,..,..,..,..,..,..,..,..,..,..,..,..,..,..,..,..,..,..,..,..,..,..,..,..,..,..,..,..,..,..,..,..,..,..,..,..,..,..,..,..,..,..,..,..,..,..,..,..,..,..,..,..,..,..,..,..,..,..,..,..,..,..,..,..,..,..,..,..,..,..,..,..,..,..,..,..,..,..,..,..,..,..
....Palawan,"RAW PEANUT, SHELLED, 1 KG",84.48,86.61,87.04,88.75,91.25,91.25,91.25,91.25,91.25,91.25,91.25,91.25,89.74,91.25,93.75,93.75,93.75,93.75,93.75,93.75,93.13,93.13,93.13,93.13,93.13,93.28,93.13,93.13,93.13,93.13,93.13,93.13,93.13,93.13,93.13,93.13,93.13,93.13,93.13,93.13,93.13,93.13,93.13,93.13,93.13,93.13,93.13,93.13,93.13,93.13,93.13,93.13,93.75,93.75,93.75,93.75,93.75,94.38,94.38,94.38,94.38,94.38,94.38,94.38,94.12,94.38,94.38,94.38,93.13,91.88,91.25,91.25,91.88,92.50,87.50,89.38,90.00,91.83,90.00,92.50,92.50,89.38,96.44,102.25,96.88,96.25,97.50,97.50,97.50,97.50,95.52,95.50,99.38,99.38,96.88,98.13,98.13,98.13,96.13,96.88,97.50,100.63,100.63,98.11,101.88,111.00,110.38,109.13,118.06,107.88,107.81,124.13,125.56,122.88,121.63,121.63,115.16,122.88,121.63,119.13,105.38,106.63,107.88,107.88,128.18,129.60,126.76,126.76,131.72,119.54
....Palawan,"RAW PEANUT, UNSHELLED, 1 KG",..,..,..,..,..,..,..,..,..,..,..,..,..,..,..,..,..,..,..,..,..,..,..,..,..,..,..,..,..,..,..,..,..,..,..,..,..,..,..,..,..,..,..,..,..,..,..,..,..,..,..,..,..,..,..,..,..,..,..,..,..,..,..,..,..,..,..,..,..,..,..,..,..,..,..,..,..,..,..,..,..,..,..,..,..,..,..,..,..,..,..,..,..,..,..,..,..,..,..,..,..,..,..,..,..,..,..,..,..,..,..,..,..,..,..,..,..,..,..,..,..,..,..,..,..,..,..,..,..,..
....Palawan,"BAGUIO BEANS, 1 KG",68.75,70.28,67.99,68.75,56.25,56.25,57.50,62.50,78.75,77.50,71.25,68.75,67.04,58.75,63.75,63.75,66.25,61.88,64.38,62.50,62.50,62.50,68.75,67.50,76.25,64.90,71.25,71.25,73.75,72.50,73.13,75.00,75.00,71.25,68.75,60.00,62.50,60.63,69.58,56.88,60.63,58.75,63.75,72.50,80.00,81.25,73.75,62.50,71.88,72.50,77.50,69.32,65.00,73.75,78.75,85.00,97.50,102.50,97.50,98.13,88.75,87.50,78.75,78.75,85.99,79.88,76.25,78.75,68.75,88.75,95.00,76.25,80.00,95.63,103.75,122.50,130.00,91.29,126.25,112.50,128.75,109.00,127.50,125.00,122.50,113.75,151.25,151.25,150.75,137.50,129.67,136.25,132.50,126.25,120.00,138.75,140.75,123.75,108.75,133.75,142.50,130.00,133.75,130.58,121.25,135.00,132.50,131.25,136.25,182.50,141.25,125.00,127.50,182.50,181.25,180.00,148.02,165.00,135.00,127.50,122.50,112.50,128.75,120.00,133.67,153.42,133.67,133.67,165.63,135.94
....Palawan,"MONGGO, GREEN, 1 KG",89.17,88.36,88.36,90.00,85.00,86.25,86.25,86.25,85.00,97.50,93.13,93.13,89.03,96.25,96.25,96.25,86.25,98.75,96.25,97.50,95.00,95.63,95.63,95.63,95.00,95.37,95.00,93.75,98.75,98.75,97.50,97.50,97.50,96.25,96.25,98.75,96.25,97.50,96.98,98.75,96.25,96.25,93.75,91.25,91.25,91.25,93.13,93.13,93.13,93.13,93.13,93.70,98.75,98.75,95.63,95.63,89.38,90.63,90.63,90.63,90.63,90.63,91.25,91.25,92.82,91.25,98.13,88.63,88.63,86.75,86.75,88.00,89.88,89.63,91.88,103.88,100.38,91.98,93.13,103.13,97.38,91.25,106.63,106.75,106.75,106.75,107.38,108.63,104.00,101.88,102.81,107.38,107.38,108.63,106.75,106.75,106.75,97.13,87.50,101.25,102.50,103.13,103.13,103.19,103.38,106.13,107.38,115.50,126.38,121.75,115.25,111.38,112.44,113.88,111.38,106.38,112.60,105.13,106.38,106.38,113.88,108.88,111.38,105.13,114.83,113.46,113.46,113.46,115.59,110.66
....Palawan,"STRING BEANS, 1 KG",..,..,..,..,..,..,..,..,..,..,..,..,..,..,..,..,..,..,..,..,..,..,..,..,..,..,..,..,..,..,..,..,..,..,..,..,..,..,..,..,..,..,..,..,..,..,..,..,..,..,..,..,..,..,..,..,..,..,..,..,..,..,..,..,..,..,..,..,..,..,..,..,..,..,..,..,..,..,..,..,..,..,..,..,..,..,..,..,..,..,..,..,..,..,..,..,..,..,..,..,..,..,..,..,..,..,..,..,..,..,..,..,..,..,..,..,..,..,..,..,..,..,..,..,..,..,..,..,..,..
....Romblon,"RAW PEANUT, SHELLED, 1 KG",58.58,58.58,58.58,58.58,58.58,58.58,58.58,58.58,58.58,58.58,58.58,58.58,58.58,58.58,58.58,58.58,60.16,60.16,60.16,60.16,60.16,61.74,61.74,62.53,62.53,60.42,62.53,62.53,63.33,63.33,63.33,63.33,63.33,63.33,63.33,65.83,69.17,70.83,64.52,70.83,70.83,70.83,70.83,70.83,72.50,72.50,72.50,72.50,72.50,72.50,72.50,71.80,78.33,79.17,80.00,80.00,80.00,80.00,80.00,80.00,80.00,80.00,80.00,80.00,79.79,80.00,80.00,80.00,80.00,80.00,80.00,80.00,80.00,80.00,80.00,80.00,80.00,80.00,80.00,80.00,80.00,81.25,81.25,81.25,81.25,81.25,81.25,81.25,81.25,81.25,80.94,81.25,81.25,81.25,81.25,81.25,81.25,81.25,81.25,82.50,82.50,81.88,81.88,81.56,81.88,81.88,81.88,81.88,81.88,81.88,81.88,81.88,81.88,81.88,82.50,83.13,82.04,83.13,76.63,95.00,86.00,87.50,85.63,98.13,98.13,98.13,98.13,98.13,98.13,91.89
....Romblon,"RAW PEANUT, UNSHELLED, 1 KG",..,..,..,..,..,..,..,..,..,..,..,..,..,..,..,..,..,..,..,..,..,..,..,..,..,..,..,..,..,..,..,..,..,..,..,..,..,..,..,..,..,..,..,..,..,..,..,..,..,..,..,..,..,..,..,..,..,..,..,..,..,..,..,..,..,..,..,..,..,..,..,..,..,..,..,..,..,..,..,..,..,..,..,..,..,..,..,..,..,..,..,..,..,..,..,..,..,..,..,..,..,..,..,..,..,..,..,..,..,..,..,..,..,..,..,..,..,..,..,..,..,..,..,..,..,..,..,..,..,..
....Romblon,"BAGUIO BEANS, 1 KG",..,..,..,..,..,..,..,..,..,..,..,..,..,..,..,..,..,..,..,..,..,..,..,..,..,..,..,..,..,..,..,..,..,..,..,..,..,..,..,..,..,..,..,..,..,..,..,..,..,..,..,..,..,..,..,..,..,..,..,..,..,..,..,..,..,..,..,..,..,..,..,..,..,..,..,..,..,..,..,..,..,..,..,..,..,..,..,..,..,..,..,..,..,..,..,..,..,..,..,..,..,..,..,..,..,..,..,..,..,..,..,..,..,..,..,..,..,..,..,..,..,..,..,..,..,..,..,..,..,..
....Romblon,"MONGGO, GREEN, 1 KG",86.72,75.72,75.72,75.72,87.95,86.72,69.62,73.28,73.28,73.28,73.28,73.28,77.05,73.28,73.28,73.28,73.28,73.79,73.79,73.79,73.79,73.79,73.79,73.79,73.79,73.62,73.79,75.25,75.25,75.25,75.25,75.25,75.25,75.25,75.25,75.25,75.25,77.79,75.34,78.21,81.17,81.17,84.55,84.55,81.17,81.17,81.17,81.17,79.06,79.06,81.17,81.14,81.17,81.17,81.17,81.17,81.17,81.17,81.50,81.50,81.50,81.50,81.50,81.50,81.34,81.75,81.75,81.63,80.38,79.13,80.38,82.88,81.63,76.25,76.88,78.50,77.88,79.92,78.50,79.13,79.13,80.50,80.50,80.50,80.63,80.63,84.38,87.50,84.38,81.25,81.42,84.38,84.38,85.63,88.75,88.75,88.75,86.25,86.25,86.88,86.88,88.13,88.13,86.93,89.38,89.38,89.38,89.38,89.38,89.63,90.25,89.63,89.63,89.63,90.25,88.75,89.56,96.88,90.25,125.63,128.13,104.38,104.38,130.00,149.38,146.88,153.00,153.00,177.16,129.92
....Romblon,"STRING BEANS, 1 KG",..,..,..,..,..,..,..,..,..,..,..,..,..,..,..,..,..,..,..,..,..,..,..,..,..,..,..,..,..,..,..,..,..,..,..,..,..,..,..,..,..,..,..,..,..,..,..,..,..,..,..,..,..,..,..,..,..,..,..,..,..,..,..,..,..,..,..,..,..,..,..,..,..,..,..,..,..,..,..,..,..,..,..,..,..,..,..,..,..,..,..,..,..,..,..,..,..,..,..,..,..,..,..,..,..,..,..,..,..,..,..,..,..,..,..,..,..,..,..,..,..,..,..,..,..,..,..,..,..,..
..REGION V (BICOL REGION),"RAW PEANUT, SHELLED, 1 KG",60.92,63.06,65.00,67.66,65.94,64.41,64.93,65.71,66.11,65.82,66.09,66.13,65.15,65.60,64.72,65.52,65.57,65.57,65.23,64.42,64.52,66.65,66.29,66.45,67.33,65.66,67.34,67.05,66.71,67.11,66.91,67.23,67.11,66.81,66.80,67.54,67.47,67.61,67.14,70.32,70.79,69.81,70.15,70.15,70.11,70.47,71.09,70.82,70.83,71.06,70.99,70.55,70.19,70.03,70.23,69.88,66.63,66.29,68.38,66.14,66.29,66.94,66.96,66.61,67.88,66.74,67.08,67.27,68.05,68.25,67.60,69.22,66.10,68.16,68.92,69.33,68.54,67.94,68.68,74.43,74.73,74.71,73.16,73.22,74.22,74.00,75.37,70.04,69.95,71.72,72.85,71.27,74.22,74.35,76.54,76.41,78.28,80.29,81.28,81.40,81.34,81.65,81.68,78.23,82.79,84.60,86.66,89.75,87.62,89.04,84.13,84.92,82.63,83.04,86.28,86.26,85.64,89.99,90.70,91.06,90.30,91.34,91.11,90.46,92.37,87.81,86.73,87.66,90.82,90.03
..REGION V (BICOL REGION),"RAW PEANUT, UNSHELLED, 1 KG",63.78,64.19,61.88,61.88,61.88,61.07,61.07,63.98,66.73,69.48,69.48,70.07,64.62,70.31,70.31,70.31,70.78,70.96,70.96,70.96,70.96,68.78,67.61,67.61,67.92,69.79,67.92,67.92,69.64,68.82,69.40,69.40,69.99,71.04,71.04,71.25,72.30,70.78,69.96,72.28,72.70,71.45,68.95,65.20,68.01,68.01,65.51,65.51,64.70,65.63,76.21,68.68,69.20,73.88,64.70,75.60,77.15,77.15,64.12,71.54,71.54,71.23,71.23,71.23,71.55,72.35,72.37,71.44,69.57,66.77,68.87,56.83,63.90,63.90,63.63,63.63,70.32,66.97,70.00,60.00,60.32,61.57,59.69,59.69,65.82,71.00,76.46,74.98,74.15,71.98,67.14,73.32,71.98,72.92,72.92,73.65,73.65,73.96,74.63,75.36,74.42,77.13,77.44,74.28,77.44,77.57,65.23,69.79,78.86,76.88,70.94,78.44,72.61,74.48,74.42,74.88,74.30,80.51,80.51,78.94,78.94,84.07,76.88,77.51,84.01,90.81,85.25,85.72,85.90,82.42
..REGION V (BICOL REGION),"BAGUIO BEANS, 1 KG",72.98,63.92,61.76,61.25,59.73,61.09,60.96,62.39,71.15,68.93,64.02,64.06,64.35,61.57,60.35,59.08,62.04,58.57,62.95,63.12,53.08,59.46,66.73,65.98,64.80,61.48,64.65,58.91,58.47,57.56,54.01,56.96,67.40,83.37,74.35,64.20,65.18,67.11,64.35,68.67,66.50,59.32,59.62,57.50,58.14,61.06,60.14,67.57,68.63,77.33,82.65,65.59,80.88,74.97,71.20,68.37,77.44,75.30,74.29,69.96,72.83,73.76,78.37,81.56,74.91,82.66,83.47,70.99,71.11,70.04,72.44,72.82,69.90,69.90,71.22,73.63,77.29,73.79,86.80,95.38,85.12,74.89,72.15,73.19,84.88,86.05,79.65,93.45,87.45,79.62,83.22,81.19,81.39,76.18,88.50,94.79,87.22,75.51,81.86,87.60,80.80,84.47,84.49,83.67,87.64,84.29,78.93,77.92,76.88,91.04,74.04,70.81,77.50,102.66,136.72,149.10,92.29,141.38,110.38,91.32,81.91,83.07,88.94,85.82,88.24,94.55,86.62,104.98,96.44,96.14
..REGION V (BICOL REGION),"MONGGO, GREEN, 1 KG",76.94,79.22,79.26,76.57,76.89,76.07,78.80,78.16,77.85,77.24,75.33,75.18,77.29,73.89,74.52,72.29,72.50,73.57,73.13,72.51,71.82,73.25,73.50,74.47,78.17,73.64,77.47,78.17,78.27,75.47,78.37,78.09,77.25,80.46,80.37,81.80,81.90,82.51,79.18,82.54,84.53,85.00,85.11,85.45,85.97,78.59,79.02,81.72,81.47,82.84,87.27,83.29,88.24,85.37,87.43,86.47,87.43,85.83,83.36,83.15,84.91,85.09,86.83,86.65,85.90,88.18,86.78,87.60,86.63,87.83,89.33,86.29,85.64,88.04,87.85,89.00,88.54,87.64,86.87,87.32,86.61,86.85,87.62,87.67,87.95,87.92,87.91,87.52,86.43,86.95,87.30,86.02,86.40,87.22,87.06,85.75,83.52,83.30,83.76,84.40,84.29,85.34,85.67,85.23,86.48,86.27,85.54,94.06,97.23,98.84,96.64,95.31,98.39,100.23,102.00,110.75,95.98,113.46,112.83,112.08,110.75,108.88,107.63,108.88,110.30,111.11,111.04,110.72,115.07,111.06
..REGION V (BICOL REGION),"STRING BEANS, 1 KG",39.52,34.68,33.62,33.30,32.65,30.48,30.35,31.36,31.28,32.90,32.50,32.59,32.94,34.70,37.50,36.33,34.23,34.34,34.50,36.42,33.36,32.60,33.75,36.92,38.04,35.22,38.68,45.36,46.33,47.12,36.20,34.86,37.56,49.90,45.61,42.56,40.92,40.59,42.14,55.08,51.11,46.19,44.73,39.74,36.36,36.10,39.97,38.86,41.13,44.63,45.58,43.29,51.65,47.60,45.85,42.68,44.21,44.15,41.54,39.18,39.74,44.11,48.48,48.75,44.83,62.60,62.24,56.80,56.38,48.16,44.02,42.30,40.97,43.58,46.85,50.14,50.01,50.34,57.08,61.67,64.28,64.80,56.08,53.70,53.57,55.57,54.41,52.34,51.20,50.69,56.28,58.25,65.77,68.56,73.31,66.65,59.64,59.31,54.84,57.17,54.38,54.00,70.25,61.84,70.25,71.13,71.13,67.42,58.78,56.35,50.38,51.03,54.88,74.58,90.65,106.00,68.55,91.05,80.75,73.10,68.55,60.80,57.58,53.33,61.48,64.10,53.42,60.43,62.42,65.58
....Albay,"RAW PEANUT, SHELLED, 1 KG",51.18,51.18,51.18,51.18,51.18,49.51,49.51,49.51,49.51,50.01,50.01,49.51,50.29,49.51,49.51,49.51,49.51,49.51,49.51,49.51,49.51,50.35,50.35,50.35,50.85,49.83,50.85,50.85,50.85,50.85,50.85,50.85,50.85,50.85,53.70,52.03,52.03,52.03,51.38,65.79,66.46,66.46,67.47,67.14,65.46,66.30,67.98,68.82,67.98,66.30,67.15,66.94,64.63,62.95,62.95,62.95,62.95,62.95,62.11,62.11,60.43,60.43,60.43,60.43,62.11,60.43,61.44,62.62,62.12,62.12,62.12,62.12,62.12,65.47,65.47,65.47,65.47,63.08,65.47,65.47,65.47,65.47,63.79,63.79,75.55,75.55,82.27,80.59,80.59,80.59,72.05,80.59,82.27,82.60,83.44,83.94,83.94,85.62,85.37,88.31,88.13,86.25,88.75,84.93,88.75,89.63,86.75,90.00,90.00,88.75,80.00,86.25,81.25,84.38,84.75,85.75,86.36,85.75,86.88,87.38,87.38,94.25,91.63,90.63,93.25,93.50,94.13,92.00,92.00,90.73
....Albay,"RAW PEANUT, UNSHELLED, 1 KG",57.05,57.88,57.88,57.88,57.88,57.88,57.88,57.88,63.38,68.88,68.88,68.88,61.02,68.88,68.88,68.88,69.13,69.50,69.50,69.50,69.50,65.13,65.13,65.13,65.75,67.91,65.75,65.75,66.38,66.38,66.38,66.38,66.38,66.38,66.38,65.63,65.63,65.63,66.09,68.63,70.63,68.13,63.13,55.63,61.25,61.25,56.25,56.25,54.63,56.50,49.63,60.16,49.63,49.63,54.63,54.63,54.63,54.63,54.63,49.63,49.63,49.00,49.00,49.00,51.56,51.24,52.73,50.86,47.13,41.53,45.73,45.73,41.54,41.54,41.01,41.01,54.38,46.20,53.75,53.75,54.38,54.38,53.13,53.13,53.75,53.75,55.71,55.63,55.63,55.63,54.39,55.63,55.63,57.50,57.50,60.63,60.63,61.25,61.25,61.88,60.00,66.25,66.88,60.42,66.88,67.13,67.13,63.33,69.38,73.75,71.88,74.38,71.88,75.63,77.50,80.00,71.57,79.38,80.63,80.00,80.63,85.00,75.63,76.88,85.85,98.66,98.02,98.02,96.74,86.29
....Albay,"BAGUIO BEANS, 1 KG",65.38,67.89,58.67,53.64,51.97,57.00,54.49,57.84,57.01,62.87,57.84,60.35,58.75,60.35,60.35,53.64,51.97,55.32,50.29,50.29,50.29,50.29,50.29,50.29,57.00,53.36,61.18,59.51,59.51,57.00,53.64,54.48,61.18,76.27,62.03,56.16,56.16,56.16,59.44,68.73,58.67,54.49,49.46,51.13,49.46,54.49,51.13,49.46,49.46,55.32,53.64,53.79,60.35,58.67,54.49,51.13,68.73,64.55,61.19,55.33,62.88,63.72,66.24,70.86,61.51,80.50,78.82,64.57,53.66,57.02,60.37,59.53,59.53,59.53,62.04,62.04,68.74,63.86,84.68,88.87,82.17,75.46,67.08,68.75,75.46,75.46,64.56,78.81,78.81,70.43,75.88,80.49,72.11,72.11,68.75,80.49,73.78,57.02,72.11,82.17,76.25,70.00,86.88,74.35,83.75,71.25,65.00,66.67,56.25,77.50,57.50,63.75,83.75,126.25,138.13,120.00,84.15,120.00,91.25,83.13,73.13,66.88,71.25,65.63,83.13,93.13,76.25,90.00,81.88,82.97
....Albay,"MONGGO, GREEN, 1 KG",55.19,62.28,63.68,63.68,63.68,77.82,77.82,77.82,77.82,77.82,75.35,74.30,70.61,74.30,74.30,74.30,74.30,74.30,74.30,79.95,79.95,78.54,80.33,82.07,83.52,77.51,83.52,83.52,85.64,85.64,85.64,85.64,82.07,89.17,89.17,89.17,89.17,89.17,86.46,89.17,89.17,89.17,92.50,96.67,96.67,70.00,70.00,70.00,70.00,70.00,96.67,83.34,96.67,96.67,101.67,101.67,101.67,101.67,95.00,95.00,95.00,95.00,95.00,95.00,97.50,95.00,95.00,95.00,98.55,102.99,102.99,96.23,96.23,96.23,96.23,96.23,95.71,97.20,95.71,95.71,95.71,95.71,95.71,95.71,96.88,95.00,100.00,97.50,97.50,95.00,96.35,95.00,96.25,95.63,95.00,95.00,95.00,97.50,96.25,93.75,97.50,95.63,98.13,95.89,100.00,100.00,100.00,110.00,117.50,118.75,112.50,113.75,107.50,115.00,116.25,116.25,110.63,117.50,115.00,116.25,116.25,112.50,112.50,111.25,117.67,127.82,121.40,118.83,125.89,117.74
....Albay,"STRING BEANS, 1 KG",46.30,47.20,42.74,41.85,39.18,32.94,32.94,34.72,34.72,36.50,34.72,36.50,38.36,36.50,43.61,43.61,37.38,36.49,32.04,32.93,27.59,31.16,32.93,38.27,38.27,35.90,34.71,39.16,42.72,42.72,34.71,34.18,35.96,60.52,54.28,49.84,40.93,37.37,42.26,51.60,47.16,44.49,39.15,36.48,33.81,37.36,40.91,39.14,39.14,40.91,39.14,40.77,49.81,49.45,46.96,43.58,45.36,42.69,40.91,39.14,38.24,41.80,43.57,45.35,43.91,57.80,57.80,56.02,59.57,50.68,52.46,52.46,52.46,52.46,52.46,48.90,56.02,54.09,70.24,73.80,79.13,80.90,80.90,63.13,65.80,65.80,56.90,50.68,50.68,42.68,65.05,49.80,64.42,66.07,69.37,59.46,54.51,59.46,53.69,57.81,46.25,47.50,76.25,58.72,72.50,63.75,66.88,63.33,53.75,47.50,47.50,45.00,55.00,121.25,113.75,98.75,70.75,98.75,81.25,74.38,61.25,58.75,53.75,50.00,67.50,78.13,58.75,68.13,71.25,68.49
....Camarines Norte,"RAW PEANUT, SHELLED, 1 KG",63.82,63.82,63.82,58.99,58.99,53.79,54.49,52.99,53.99,52.09,54.09,53.89,57.06,52.39,53.59,53.39,53.39,53.39,54.39,52.69,52.99,52.74,52.79,52.79,52.89,53.12,52.99,52.99,51.99,54.99,54.99,55.24,54.99,53.99,50.74,50.99,52.24,52.24,53.20,52.99,54.49,53.24,53.24,52.62,53.24,53.24,55.24,53.24,53.24,54.49,54.49,53.65,55.74,55.74,55.74,55.24,51.99,51.24,50.74,52.74,51.99,51.99,51.99,54.49,53.30,54.49,54.49,54.24,57.49,57.49,54.99,52.49,53.74,60.62,64.99,66.24,63.74,57.92,66.24,66.24,66.24,66.24,66.87,59.37,57.49,57.49,59.99,57.49,59.99,59.99,61.97,59.99,60.62,61.24,60.62,60.62,60.62,59.38,60.00,60.00,60.00,60.00,61.67,60.40,63.33,63.33,66.67,66.67,68.33,65.83,62.50,62.50,60.00,57.50,64.17,64.17,63.75,64.17,65.83,67.50,66.67,66.67,66.67,65.00,74.83,63.33,63.33,66.67,69.17,66.65
....Camarines Norte,"RAW PEANUT, UNSHELLED, 1 KG",..,..,..,..,..,..,..,..,..,..,..,..,..,..,..,..,..,..,..,..,..,..,..,..,..,..,..,..,..,..,..,..,..,..,..,..,..,..,..,..,..,..,..,..,..,..,..,..,..,..,..,..,..,..,..,..,..,..,..,..,..,..,..,..,..,..,..,..,..,..,..,..,..,..,..,..,..,..,..,..,..,..,..,..,..,..,..,..,..,..,..,..,..,..,..,..,..,..,..,..,..,..,..,..,..,..,..,..,..,..,..,..,..,..,..,..,..,..,..,..,..,..,..,..,..,..,..,..,..,..
....Camarines Norte,"BAGUIO BEANS, 1 KG",85.27,72.66,75.81,80.54,90.01,75.81,77.40,85.27,94.74,85.27,75.81,75.37,81.16,72.66,70.28,67.93,87.70,77.44,68.77,73.50,64.79,79.03,93.27,87.78,80.66,76.98,85.03,75.93,69.60,66.46,71.19,69.60,75.93,91.36,98.20,78.31,74.57,71.71,77.32,71.71,78.55,62.16,72.11,72.11,72.11,72.11,72.11,104.40,104.40,104.40,104.40,82.55,104.40,104.40,104.40,104.40,104.40,104.40,104.40,104.40,104.40,104.40,104.40,104.40,104.40,104.40,114.35,90.48,104.96,105.00,105.00,105.00,105.00,105.00,105.00,105.00,105.00,104.52,106.25,105.00,92.50,84.38,100.00,97.50,125.00,120.00,120.00,146.25,114.38,107.50,109.90,105.00,102.50,97.50,109.38,121.25,107.50,107.50,112.50,112.50,113.75,106.25,103.75,108.28,106.25,98.75,92.50,100.00,107.25,114.50,101.50,92.00,93.75,117.50,136.25,168.88,110.76,168.00,126.50,112.75,100.75,96.63,123.25,126.38,117.32,111.20,114.76,127.99,111.58,119.76
....Camarines Norte,"MONGGO, GREEN, 1 KG",116.97,124.90,120.94,117.97,118.96,115.00,118.96,118.96,118.96,113.01,113.01,113.01,117.55,111.02,113.01,99.13,100.62,101.12,101.12,100.62,101.12,107.07,105.08,108.55,113.01,105.12,107.56,106.07,111.42,108.04,103.69,105.07,101.11,108.04,108.04,113.99,111.02,111.52,107.96,104.68,118.96,118.96,119.55,118.56,116.97,114.59,118.56,122.91,118.95,118.95,122.91,117.88,122.91,114.99,120.94,118.95,118.95,118.95,118.95,115.98,116.97,120.94,124.90,122.91,119.70,124.90,118.95,120.94,114.99,118.95,122.91,118.95,113.00,116.96,118.95,118.95,118.95,118.95,118.95,119.15,117.37,119.34,118.95,118.95,118.95,122.91,122.91,116.96,118.95,118.95,119.36,113.99,113.99,118.95,114.37,107.09,100.00,100.00,100.00,100.00,100.00,100.00,100.00,105.70,100.00,100.00,99.38,109.38,120.88,125.88,121.38,114.38,118.13,118.13,115.63,118.75,113.49,118.75,118.75,116.25,118.75,118.75,115.00,115.00,114.25,111.38,110.00,110.00,111.25,114.84
....Camarines Norte,"STRING BEANS, 1 KG",37.38,32.98,33.35,32.98,30.24,28.04,26.39,28.04,26.39,26.94,26.39,25.29,29.53,27.49,35.19,28.05,30.79,26.95,30.25,26.40,26.73,23.65,22.00,28.05,35.19,28.40,39.04,43.44,47.28,38.48,21.99,23.42,26.38,37.37,29.68,24.74,29.68,32.43,32.83,41.77,47.27,42.87,45.07,32.43,26.93,27.48,29.13,29.13,23.08,28.57,32.97,33.89,41.76,32.97,34.07,32.43,35.17,26.93,30.23,21.10,28.57,30.77,42.31,38.46,32.90,49.54,56.06,50.85,53.46,38.47,31.95,35.86,25.03,33.90,36.51,50.20,45.63,42.29,52.50,65.63,66.25,62.50,32.50,28.75,35.00,47.50,39.38,38.13,41.25,43.75,46.10,49.38,59.38,72.50,82.50,76.25,55.63,51.88,43.13,46.25,48.75,51.25,65.63,58.54,68.13,69.38,72.50,58.75,48.88,42.38,33.13,43.25,48.75,50.38,91.38,118.75,62.14,94.00,90.63,81.13,80.25,54.00,59.13,49.75,56.98,43.33,43.10,55.48,59.61,63.95
....Camarines Sur,"RAW PEANUT, SHELLED, 1 KG",36.79,45.24,56.05,74.37,74.37,74.37,74.25,75.43,77.20,77.20,77.20,78.14,68.38,78.14,78.14,78.14,78.14,78.14,76.49,76.49,76.49,80.61,81.09,78.73,76.37,78.08,76.37,76.37,76.02,75.43,74.25,74.25,75.43,76.61,76.61,76.61,76.61,76.61,75.93,77.79,77.79,78.96,78.96,78.96,78.96,78.96,78.96,78.96,77.79,77.79,80.74,78.72,77.79,80.14,78.73,78.26,61.76,63.06,75.43,63.06,63.06,63.06,63.06,63.06,69.21,64.03,64.03,65.00,65.00,65.00,65.00,77.75,65.00,65.00,65.00,65.00,65.00,65.90,65.00,65.00,65.00,66.88,66.25,66.25,66.63,66.14,67.14,57.86,58.57,57.14,63.99,60.00,67.86,66.25,67.50,67.50,77.50,77.88,70.13,68.13,68.13,68.75,68.75,69.03,73.75,80.00,90.63,96.67,85.00,99.38,101.13,98.00,90.50,90.00,97.50,95.63,91.52,95.38,95.38,96.00,96.00,96.88,96.88,96.88,98.58,94.05,94.05,94.05,94.05,95.68
....Camarines Sur,"RAW PEANUT, UNSHELLED, 1 KG",70.50,70.50,65.88,65.88,65.88,64.25,64.25,70.08,70.08,70.08,70.08,71.26,68.23,71.73,71.73,71.73,72.42,72.42,72.42,72.42,72.42,72.42,70.08,70.08,70.08,71.66,70.08,70.08,72.89,71.26,72.42,72.42,73.60,75.69,75.69,76.87,78.96,75.93,73.82,75.93,74.76,74.76,74.76,74.76,74.76,74.76,74.76,74.76,74.76,74.76,102.79,77.19,88.77,98.12,74.76,96.57,99.67,99.67,73.60,93.45,93.45,93.45,93.45,93.45,91.53,93.45,92.01,92.01,92.01,92.01,92.01,67.93,86.25,86.25,86.25,86.25,86.25,87.72,86.25,66.25,66.25,68.75,66.25,66.25,77.88,88.25,97.20,94.33,92.67,88.33,79.89,91.00,88.33,88.33,88.33,86.67,86.67,86.67,88.00,88.83,88.83,88.00,88.00,88.14,88.00,88.00,63.33,76.25,88.33,80.00,70.00,82.50,73.33,73.33,71.33,69.75,77.01,81.63,80.38,77.88,77.25,83.13,78.13,78.13,82.16,82.96,72.47,73.42,75.05,78.55
....Camarines Sur,"BAGUIO BEANS, 1 KG",86.34,65.24,63.54,61.83,49.94,61.83,67.85,63.09,83.70,77.36,72.92,68.48,68.51,63.41,63.41,63.41,66.58,62.78,88.78,82.44,51.85,60.24,69.75,71.34,69.75,67.81,63.41,58.34,58.82,59.92,53.58,62.78,83.39,118.58,90.59,72.47,76.09,86.96,73.74,79.72,76.09,70.65,68.85,61.60,65.23,72.47,68.85,65.23,72.47,92.40,114.14,75.64,101.46,85.61,72.92,69.75,84.82,79.26,83.39,71.34,71.34,74.51,85.61,91.95,81.00,84.29,80.46,74.71,72.80,65.14,68.97,72.56,62.07,62.07,64.83,74.48,80.00,71.87,91.25,108.75,88.75,66.25,62.50,67.50,81.25,88.75,76.25,88.75,93.75,78.75,82.71,80.00,83.75,78.75,102.50,100.00,87.50,70.00,71.25,90.00,67.50,98.75,78.75,84.06,86.25,80.00,82.50,70.00,70.00,100.00,70.00,66.25,62.50,87.50,102.50,167.50,87.08,137.50,111.25,80.00,75.00,87.50,87.50,77.50,77.50,92.63,75.45,95.69,88.53,90.50
....Camarines Sur,"MONGGO, GREEN, 1 KG",21.08,20.91,20.91,20.91,20.79,20.66,20.17,20.17,20.30,20.59,20.34,20.50,20.61,20.18,20.18,20.67,20.67,20.50,19.68,19.68,19.51,19.68,19.36,19.36,19.36,19.90,20.18,20.18,20.24,19.36,20.18,20.24,20.31,20.31,20.47,20.63,21.25,21.25,20.38,21.25,21.41,21.56,21.56,21.56,21.56,21.56,21.56,29.63,29.63,29.63,29.63,24.21,29.63,29.63,29.63,29.63,29.63,22.75,17.75,17.75,17.75,17.75,17.75,17.75,23.12,17.75,17.88,18.01,18.01,18.01,18.01,14.05,14.05,14.05,14.05,14.05,14.05,16.00,14.05,14.05,14.05,14.05,14.05,15.25,15.25,15.25,17.30,24.63,24.63,25.25,17.32,24.63,25.25,34.75,35.01,34.38,35.01,34.94,33.69,34.88,34.88,35.00,35.00,33.12,35.00,34.38,33.59,38.33,35.00,35.00,33.96,33.96,33.96,38.75,37.61,105.00,41.21,110.00,116.25,120.00,117.50,107.50,102.50,110.00,110.12,107.67,107.67,107.67,113.79,110.89
....Camarines Sur,"STRING BEANS, 1 KG",25.40,9.93,9.93,9.93,9.93,8.62,8.36,9.14,11.23,16.18,15.66,15.40,12.48,15.40,15.40,16.71,16.39,19.15,19.47,19.83,18.79,18.79,22.76,26.10,27.67,19.71,22.97,25.37,30.54,31.95,20.88,21.15,21.93,41.25,41.25,41.25,41.25,41.25,31.75,60.00,55.00,53.75,51.25,42.50,32.50,33.75,41.25,41.25,39.38,46.25,46.25,45.26,46.25,51.25,47.50,38.75,38.13,47.50,38.13,40.63,40.63,57.50,57.50,53.38,46.43,77.64,71.17,69.55,66.32,55.00,42.06,33.76,35.97,35.97,50.91,50.91,47.26,53.04,47.26,47.26,47.26,61.43,56.25,60.00,55.00,53.75,58.75,53.75,56.25,57.50,54.54,76.25,71.25,70.00,83.75,63.75,57.50,61.25,57.50,56.25,56.25,56.88,73.75,65.37,76.25,77.50,72.50,71.67,63.75,55.63,40.00,48.13,50.63,56.25,86.88,145.00,70.35,100.00,85.00,66.25,68.75,60.00,48.75,48.75,56.78,55.40,47.44,53.28,54.74,62.10
....Catanduanes,"RAW PEANUT, SHELLED, 1 KG",50.00,50.00,50.00,50.00,47.50,45.00,45.00,50.00,50.00,50.00,50.00,50.00,48.96,50.00,50.00,50.00,50.00,50.00,50.00,50.00,50.00,50.00,50.00,50.00,50.00,50.00,50.00,50.00,54.00,54.00,54.00,54.00,54.00,54.00,54.00,54.00,54.00,54.00,53.33,54.00,54.00,54.00,54.00,54.00,54.00,54.00,54.00,54.00,54.00,54.00,50.00,53.67,50.00,50.00,50.00,50.00,50.00,50.00,50.00,50.00,50.00,50.00,50.00,50.00,50.00,50.00,50.00,50.00,50.00,50.00,50.00,50.00,50.00,50.00,50.00,50.00,50.00,50.00,50.00,81.50,77.00,77.00,72.50,75.00,78.00,78.00,78.50,60.00,56.25,65.00,70.73,65.00,67.50,67.50,80.00,77.50,76.25,87.50,100.00,100.00,100.00,102.50,99.00,85.23,99.00,106.50,106.50,111.00,110.00,109.25,87.50,86.25,87.50,91.50,95.75,91.50,98.52,98.50,98.50,98.50,98.50,98.50,98.50,98.50,98.50,86.91,82.34,89.20,93.77,95.02
....Catanduanes,"RAW PEANUT, UNSHELLED, 1 KG",..,..,..,..,..,..,..,..,..,..,..,..,..,..,..,..,..,..,..,..,..,..,..,..,..,..,..,..,..,..,..,..,..,..,..,..,..,..,..,..,..,..,..,..,..,..,..,..,..,..,..,..,..,..,..,..,..,..,..,..,..,..,..,..,..,..,..,..,..,..,..,..,..,..,..,..,..,..,..,..,..,..,..,..,..,..,..,..,..,..,..,..,..,..,..,..,..,..,..,..,..,..,..,..,..,..,..,..,..,..,..,..,..,..,..,..,..,..,..,..,..,..,..,..,..,..,..,..,..,..
....Catanduanes,"BAGUIO BEANS, 1 KG",54.93,49.87,49.00,49.00,46.98,49.73,44.09,43.37,49.15,50.23,49.51,52.04,48.99,49.87,47.34,51.32,41.92,38.74,43.94,46.25,45.38,48.27,53.60,54.50,51.79,47.74,48.96,41.86,45.95,46.85,37.64,40.96,49.09,47.28,46.56,49.87,53.90,53.60,46.88,54.50,52.69,49.98,48.05,45.16,45.76,45.16,48.47,51.18,48.17,57.20,58.40,50.39,57.32,51.18,52.99,48.18,51.79,52.99,48.18,48.78,52.70,52.40,57.22,59.03,52.73,61.44,60.23,54.21,53.00,53.00,55.41,54.20,52.99,52.99,52.99,52.99,55.40,54.90,65.03,78.88,77.07,73.46,59.01,59.01,57.80,59.97,57.80,59.97,62.86,61.78,64.39,59.25,67.20,56.36,73.36,77.41,80.11,67.51,71.56,65.71,65.71,62.86,68.57,67.97,74.29,87.14,75.71,75.00,74.00,72.14,67.14,61.25,70.00,79.38,170.00,140.00,87.17,140.00,112.50,89.38,78.75,81.25,73.75,73.75,75.00,81.25,80.00,106.25,103.75,91.30
....Catanduanes,"MONGGO, GREEN, 1 KG",75.13,74.61,75.88,71.56,66.81,61.83,67.49,66.36,65.22,66.36,62.51,62.51,68.02,62.51,62.51,62.51,61.37,64.77,64.77,61.83,60.36,62.51,62.62,62.96,72.02,63.40,72.24,75.41,71.56,64.09,75.19,74.96,75.19,76.55,75.87,78.36,81.30,84.47,75.43,82.66,82.66,84.70,82.66,81.53,90.59,75.99,73.38,75.87,78.36,84.70,83.79,81.41,88.32,84.70,85.61,81.08,88.10,85.38,82.21,85.15,87.87,85.61,88.32,89.23,85.97,87.32,87.32,89.47,87.32,86.12,95.69,92.14,95.43,98.48,95.94,98.99,100.00,92.85,92.50,95.00,92.50,94.50,94.50,93.00,96.00,96.25,93.50,93.50,90.00,92.50,93.65,97.50,97.88,91.50,95.50,93.00,88.50,87.25,86.25,90.13,89.50,93.25,92.75,91.92,97.63,95.75,91.50,98.33,100.00,99.67,94.50,94.75,94.50,97.00,102.50,100.75,97.24,102.00,99.50,105.00,102.00,102.00,104.50,104.50,104.63,102.04,102.04,100.56,99.08,102.32
....Catanduanes,"STRING BEANS, 1 KG",..,..,..,..,..,..,..,..,..,..,..,..,..,..,..,..,..,..,..,..,..,..,..,..,..,..,..,..,..,..,..,..,..,..,..,..,..,..,..,..,..,..,..,..,..,..,..,..,..,..,..,..,..,..,..,..,..,..,..,..,..,..,..,..,..,..,..,..,..,..,..,..,..,..,..,..,..,..,..,..,..,..,..,..,..,..,..,..,..,..,..,..,..,..,..,..,..,..,..,..,..,..,..,..,..,..,..,..,..,..,..,..,..,..,..,..,..,..,..,..,..,..,..,..,..,..,..,..,..,..
....Masbate,"RAW PEANUT, SHELLED, 1 KG",84.80,84.80,85.62,88.10,88.71,89.33,89.94,89.94,89.94,89.94,88.71,88.71,88.21,90.82,90.82,90.82,90.82,90.82,89.41,86.24,86.24,85.63,85.01,85.01,86.24,88.16,86.24,86.24,86.24,86.24,86.24,86.24,84.60,84.40,84.40,85.63,85.63,85.63,85.64,86.24,86.87,86.87,86.87,86.87,86.87,86.87,86.87,86.87,88.10,87.85,87.60,87.06,87.85,85.63,86.87,86.87,86.87,87.48,88.10,84.16,86.00,89.08,89.33,88.10,87.20,88.73,89.36,89.36,89.36,89.37,89.37,90.00,85.97,87.85,91.01,91.26,90.00,89.30,90.00,92.50,98.13,98.13,95.00,100.00,93.75,93.75,91.25,91.25,91.25,91.25,93.86,90.63,95.63,96.25,96.25,97.50,97.50,97.50,97.50,97.25,96.25,96.25,96.25,96.23,96.25,92.50,92.50,94.17,93.13,92.50,91.88,95.63,95.63,95.63,95.63,98.13,94.47,113.75,113.75,113.75,110.00,110.00,111.25,111.25,108.54,108.54,108.54,108.54,108.54,110.54
....Masbate,"RAW PEANUT, UNSHELLED, 1 KG",..,..,..,..,..,..,..,..,..,..,..,..,..,..,..,..,..,..,..,..,..,..,..,..,..,..,..,..,..,..,..,..,..,..,..,..,..,..,..,..,..,..,..,..,..,..,..,..,..,..,..,..,..,..,..,..,..,..,..,..,..,..,..,..,..,..,..,..,..,..,..,..,..,..,..,..,..,..,..,..,..,..,..,..,..,..,..,..,..,..,..,..,..,..,..,..,..,..,..,..,..,..,..,..,..,..,..,..,..,..,..,..,..,..,..,..,..,..,..,..,..,..,..,..,..,..,..,..,..,..
....Masbate,"BAGUIO BEANS, 1 KG",..,..,..,..,..,..,..,..,..,..,..,..,..,..,..,..,..,..,..,..,..,..,..,..,..,..,..,..,..,..,..,..,..,..,..,..,..,..,..,..,..,..,..,..,..,..,..,..,..,..,..,..,..,..,..,..,..,..,..,..,..,..,..,..,..,..,..,..,..,..,..,..,..,..,..,..,..,..,..,..,..,..,..,..,..,..,..,..,..,..,..,..,..,..,..,..,..,..,..,..,..,..,..,..,..,..,..,..,..,..,..,..,..,..,..,..,..,..,..,..,..,..,..,..,..,..,..,..,..,..
....Masbate,"MONGGO, GREEN, 1 KG",101.59,101.59,101.59,97.98,108.52,103.43,101.60,99.82,99.82,99.82,99.82,99.82,101.28,94.37,96.15,96.15,97.98,97.98,96.15,94.37,92.54,92.54,92.54,92.54,92.54,94.65,92.54,92.54,92.54,92.54,92.54,88.93,94.38,94.38,94.38,94.38,94.38,94.38,93.16,101.25,101.25,101.88,101.88,101.88,97.50,99.38,99.38,100.00,100.00,100.00,96.88,100.11,94.38,91.25,94.25,92.50,91.25,91.25,91.25,91.25,96.25,96.25,97.50,97.50,93.74,104.60,104.60,105.25,105.25,105.26,100.73,100.73,100.73,106.25,106.25,107.63,105.00,104.36,102.50,102.50,105.00,100.00,105.00,105.00,102.50,100.00,93.75,95.00,92.50,95.00,99.90,90.00,90.00,87.50,87.50,87.50,92.50,92.50,96.25,95.00,91.25,92.50,92.50,91.25,90.00,90.00,90.00,101.67,103.75,105.00,107.50,107.50,117.50,113.75,120.00,110.00,104.72,112.50,107.50,105.00,100.00,105.00,105.00,107.50,110.12,112.74,115.36,112.74,125.85,109.94
....Masbate,"STRING BEANS, 1 KG",44.46,44.46,43.24,40.13,46.32,46.32,46.32,46.32,46.32,46.32,46.32,46.32,45.24,46.32,46.32,46.32,46.32,46.32,47.54,56.81,47.54,44.46,46.61,48.16,46.31,47.42,55.57,71.03,67.91,77.18,64.84,58.65,61.76,52.50,52.50,52.50,52.50,52.50,59.95,60.00,57.50,48.75,48.75,48.75,47.50,45.00,47.50,50.00,56.25,51.25,52.50,51.15,52.50,48.13,51.25,50.00,53.75,55.00,53.13,54.38,54.38,51.25,56.25,56.25,53.02,64.29,61.61,52.23,52.23,52.23,50.89,49.16,50.32,50.32,47.42,52.05,50.00,52.73,50.00,51.25,55.00,48.75,51.25,56.25,50.00,48.75,55.00,53.75,52.50,47.50,51.67,48.75,55.00,53.75,53.75,55.00,55.00,52.50,50.00,50.00,50.00,55.00,61.25,53.33,56.25,65.00,58.75,66.67,63.75,63.75,63.75,62.50,62.50,62.50,60.00,65.00,62.54,60.00,60.63,57.50,60.00,61.25,60.00,60.63,53.62,53.62,52.79,57.74,59.02,58.07
....Sorsogon,"RAW PEANUT, SHELLED, 1 KG",78.94,83.32,83.32,83.32,74.89,74.47,76.37,76.37,76.04,75.70,76.53,76.53,77.98,72.72,66.27,71.23,71.57,71.57,71.57,71.57,71.90,80.58,78.52,81.82,87.60,74.74,87.60,85.86,81.15,81.15,81.15,82.81,82.81,81.00,81.33,85.96,84.30,85.12,83.35,85.12,85.12,79.34,80.33,81.32,82.14,83.47,83.47,83.05,83.87,85.94,85.94,83.26,85.11,85.70,87.10,85.95,86.20,82.98,83.88,84.79,86.28,87.10,86.94,83.55,85.47,82.73,83.14,82.40,84.30,85.54,84.13,82.98,79.76,80.01,77.03,78.02,77.03,81.42,75.37,75.87,76.53,74.55,74.55,74.88,73.89,73.07,73.07,73.07,73.07,76.37,74.52,71.41,71.41,72.23,71.41,71.41,73.86,73.86,74.68,74.68,75.50,76.13,75.63,73.52,75.63,75.63,76.88,80.00,79.25,78.50,81.75,80.88,80.88,79.25,79.88,82.38,79.24,82.38,83.88,83.25,83.25,81.75,81.75,80.50,80.50,80.50,78.00,75.50,87.38,81.55
....Sorsogon,"RAW PEANUT, UNSHELLED, 1 KG",..,..,..,..,..,..,..,..,..,..,..,..,..,..,..,..,..,..,..,..,..,..,..,..,..,..,..,..,..,..,..,..,..,..,..,..,..,..,..,..,..,..,..,..,..,..,..,..,..,..,..,..,..,..,..,..,..,..,..,..,..,..,..,..,..,..,..,..,..,..,..,..,..,..,..,..,..,..,..,..,..,..,..,..,..,..,..,..,..,..,..,..,..,..,..,..,..,..,..,..,..,..,..,..,..,..,..,..,..,..,..,..,..,..,..,..,..,..,..,..,..,..,..,..,..,..,..,..,..,..
....Sorsogon,"BAGUIO BEANS, 1 KG",..,..,..,..,..,..,..,..,..,..,..,..,..,..,..,..,..,..,..,..,..,..,..,..,..,..,..,..,..,..,..,..,..,..,..,..,..,..,..,..,..,..,..,..,..,..,..,..,..,..,..,..,..,..,..,..,..,..,..,..,..,..,..,..,..,..,..,..,..,..,..,..,..,..,..,..,..,..,..,..,..,..,..,..,..,..,..,..,..,..,..,..,..,..,..,..,..,..,..,..,..,..,..,..,..,..,..,..,..,..,..,..,..,..,..,..,..,..,..,..,..,..,..,..,..,..,..,..,..,..
....Sorsogon,"MONGGO, GREEN, 1 KG",91.67,91.02,92.57,87.31,82.58,77.68,86.77,85.85,84.95,85.85,80.95,80.95,85.68,80.95,80.95,80.95,80.05,82.77,82.77,78.60,77.41,79.14,81.05,81.33,88.59,81.21,88.77,91.31,88.23,83.14,92.95,93.68,90.41,94.29,94.29,94.29,94.29,94.29,91.66,96.25,93.75,93.75,92.50,92.50,92.50,90.00,91.25,91.88,91.88,93.75,93.75,92.81,97.50,95.00,92.50,95.00,95.00,95.00,95.00,93.75,95.63,95.00,97.50,97.50,95.37,99.53,96.94,96.94,95.65,95.65,95.65,95.65,94.39,96.28,95.65,98.17,97.50,96.50,97.50,97.50,95.00,97.50,97.50,98.13,98.13,98.13,100.00,97.50,95.00,95.00,97.24,95.00,95.00,95.00,95.00,97.50,90.13,87.63,90.13,92.63,92.63,95.63,95.63,93.49,96.25,97.50,98.75,106.67,106.25,108.75,110.00,107.50,118.75,118.75,120.00,113.75,108.58,120.00,120.00,110.00,110.00,107.50,106.25,105.00,105.00,105.00,109.77,114.54,114.54,110.63
....Sorsogon,"STRING BEANS, 1 KG",44.08,38.85,38.85,41.60,37.57,36.48,37.74,38.58,37.74,38.58,39.43,39.43,39.08,47.81,46.97,46.97,40.26,42.78,43.20,46.13,46.13,44.96,44.46,44.04,42.78,44.71,41.10,47.81,43.20,45.29,38.58,36.91,41.77,57.87,50.32,44.45,40.25,39.41,43.91,62.05,48.63,41.08,39.41,38.56,41.07,36.89,41.08,34.79,47.79,56.17,57.02,45.38,67.92,56.18,49.48,48.63,48.63,48.63,45.28,40.67,36.90,39.24,42.76,50.31,47.89,63.72,64.57,55.34,50.31,44.44,42.76,40.24,41.07,45.27,46.95,48.62,51.13,49.54,65.38,70.41,73.76,70.41,59.52,60.35,62.03,62.03,62.03,65.38,55.32,62.03,64.05,67.06,78.79,80.47,77.17,78.79,75.54,71.48,69.86,75.54,70.63,59.38,74.38,73.26,78.13,80.00,85.00,76.67,63.75,72.50,67.50,56.25,57.50,82.50,101.25,102.50,76.96,102.50,86.25,86.25,72.50,70.00,66.25,57.50,72.50,90.00,65.00,67.50,67.50,75.31
..REGION VI (WESTERN VISAYAS),"RAW PEANUT, SHELLED, 1 KG",94.77,94.77,88.45,90.03,92.40,99.98,99.51,99.51,91.29,91.29,93.58,93.58,94.10,88.49,91.57,90.39,89.21,89.21,90.39,81.62,82.80,82.80,81.14,82.80,86.70,86.43,86.70,91.67,89.30,89.30,85.04,85.04,85.04,84.09,84.09,84.09,84.09,92.62,86.76,94.51,95.22,91.43,89.77,89.77,91.43,91.79,92.14,92.61,94.50,94.50,94.33,92.67,95.17,91.50,96.50,96.50,96.17,96.17,97.83,99.50,100.17,99.67,100.00,100.83,97.50,100.17,95.67,92.17,89.17,89.83,89.83,89.83,93.50,93.50,95.17,95.83,97.50,93.51,93.50,93.50,93.50,95.17,87.33,85.00,85.00,85.00,86.67,88.50,89.33,88.75,89.27,89.17,88.75,86.67,84.38,85.60,86.67,91.69,92.98,93.98,95.15,98.98,100.15,91.18,94.17,84.79,86.14,85.71,88.57,87.14,87.43,89.14,89.14,90.00,90.71,90.43,88.61,89.71,89.14,92.43,89.43,88.43,87.57,88.43,87.43,87.14,90.86,91.43,90.00,89.33
..REGION VI (WESTERN VISAYAS),"RAW PEANUT, UNSHELLED, 1 KG",76.84,77.69,77.69,76.48,77.69,77.69,77.35,77.35,79.06,79.06,85.04,85.04,78.92,84.19,85.04,85.04,84.19,84.19,84.19,84.19,84.19,84.19,84.19,84.19,85.89,84.47,88.63,94.88,94.88,94.88,94.88,92.38,92.13,92.13,92.13,92.13,92.13,92.13,92.78,90.88,92.13,92.13,92.50,93.75,92.50,92.50,92.50,92.50,93.13,93.13,93.13,92.57,91.25,90.63,91.88,89.38,89.38,89.38,89.38,89.38,89.38,89.38,90.00,90.00,89.95,91.25,91.25,89.75,91.88,90.63,90.63,89.38,90.00,90.00,90.00,91.25,91.25,90.61,91.25,91.25,92.50,92.50,92.50,92.50,91.25,92.50,92.50,92.50,94.38,95.00,92.55,95.00,95.00,98.75,98.75,98.75,98.75,98.75,98.75,98.75,98.75,98.75,98.75,98.13,97.50,97.50,95.00,95.00,93.75,87.50,87.50,87.50,86.25,86.25,86.25,86.25,90.52,86.25,86.25,86.25,87.50,87.50,89.38,90.63,90.63,90.63,90.63,90.63,90.63,88.91
..REGION VI (WESTERN VISAYAS),"BAGUIO BEANS, 1 KG",63.88,59.62,62.82,65.70,63.89,63.89,55.12,59.51,54.17,56.99,59.03,61.17,60.48,60.60,56.66,57.19,58.56,51.45,54.35,48.72,46.29,59.08,74.97,49.01,85.75,58.55,70.76,74.07,49.54,46.34,41.19,40.41,38.16,63.71,61.27,55.29,55.76,68.89,55.45,80.80,60.09,53.69,52.39,50.30,47.35,48.58,52.73,55.94,58.99,67.60,79.93,59.03,69.71,64.75,56.64,61.13,85.75,96.65,72.54,70.35,75.44,73.72,72.65,70.50,72.49,70.94,71.39,71.25,69.69,70.50,70.28,66.78,65.96,68.67,67.00,76.67,80.11,70.77,92.92,83.89,80.12,70.87,69.29,61.99,66.27,71.39,72.00,85.81,78.57,74.49,75.63,73.03,76.74,82.71,82.71,87.11,79.44,74.03,84.93,101.81,94.03,79.72,88.06,83.69,88.82,87.50,88.54,87.71,84.10,85.35,74.31,75.28,81.94,89.31,94.86,90.42,85.68,110.69,95.69,83.47,76.11,81.81,76.67,87.36,94.13,83.71,83.91,113.42,120.66,92.30
..REGION VI (WESTERN VISAYAS),"MONGGO, GREEN, 1 KG",78.52,78.52,78.52,81.29,78.52,46.16,69.26,69.26,69.26,69.26,55.41,55.41,69.12,55.41,55.41,55.41,55.41,55.41,55.41,64.66,64.66,64.66,60.00,60.00,55.41,58.49,55.41,55.41,55.41,55.41,55.41,55.41,55.41,60.00,58.75,60.00,60.00,85.00,59.30,87.50,85.00,91.25,91.25,91.25,91.25,91.88,88.13,88.13,90.63,90.63,90.63,89.79,90.63,89.38,89.38,84.38,84.38,84.38,84.38,84.38,84.38,85.00,85.63,93.75,86.67,93.75,93.75,93.75,96.25,96.25,96.25,96.25,96.25,96.25,97.50,97.50,97.50,95.94,97.50,102.50,105.00,107.50,110.00,110.00,101.25,97.50,103.75,106.25,101.25,103.75,103.85,103.75,107.50,108.75,103.75,90.42,93.75,93.75,92.50,93.75,102.50,100.00,100.00,99.20,100.00,98.75,98.75,98.75,94.75,93.50,94.75,94.38,93.13,93.13,93.13,86.25,94.94,86.25,100.00,106.25,102.50,102.50,90.00,90.00,95.00,92.50,95.00,95.00,92.50,95.63
..REGION VI (WESTERN VISAYAS),"STRING BEANS, 1 KG",31.04,28.45,28.45,27.66,23.13,24.43,30.43,33.05,34.35,30.43,29.13,29.13,29.14,30.43,29.13,29.24,27.93,27.93,30.54,29.24,29.24,28.62,28.87,28.87,28.87,29.08,25.09,26.00,26.10,26.10,27.13,19.83,19.30,24.53,25.68,26.26,25.68,24.53,24.69,26.26,26.55,26.55,28.29,26.84,26.84,25.40,25.68,23.37,23.99,23.99,24.57,25.69,24.86,24.86,25.44,25.85,25.68,25.68,28.18,26.28,31.03,31.03,31.03,30.53,27.54,30.53,29.59,29.79,29.07,28.44,28.44,28.75,28.44,29.69,30.53,32.07,33.63,29.91,38.94,41.75,40.50,32.71,33.34,36.67,38.75,39.58,37.09,37.50,33.06,38.75,37.39,37.92,41.67,50.95,55.60,55.36,59.77,66.91,62.62,55.36,48.93,48.10,47.98,52.60,48.54,48.44,50.63,58.75,60.84,61.88,61.25,54.38,55.11,56.78,61.04,55.94,56.13,55.73,63.75,59.38,62.29,61.88,62.09,62.71,61.76,65.50,62.35,79.13,81.43,64.83
....Aklan,"RAW PEANUT, SHELLED, 1 KG",..,..,..,..,..,..,..,..,..,..,..,..,..,..,..,..,..,..,..,..,..,..,..,..,..,..,..,..,..,..,..,..,..,..,..,..,..,..,..,..,..,..,..,..,..,..,..,..,..,..,..,..,..,..,..,..,..,..,..,..,..,..,..,..,..,..,..,..,..,..,..,..,..,..,..,..,..,..,..,..,..,..,..,..,..,..,..,..,..,..,..,..,..,..,..,..,..,..,..,..,..,..,..,..,..,..,..,..,..,..,..,..,..,..,..,..,..,..,..,..,..,..,..,..,..,..,..,..,..,..
....Aklan,"RAW PEANUT, UNSHELLED, 1 KG",..,..,..,..,..,..,..,..,..,..,..,..,..,..,..,..,..,..,..,..,..,..,..,..,..,..,..,..,..,..,..,..,..,..,..,..,..,..,..,..,..,..,..,..,..,..,..,..,..,..,..,..,..,..,..,..,..,..,..,..,..,..,..,..,..,..,..,..,..,..,..,..,..,..,..,..,..,..,..,..,..,..,..,..,..,..,..,..,..,..,..,..,..,..,..,..,..,..,..,..,..,..,..,..,..,..,..,..,..,..,..,..,..,..,..,..,..,..,..,..,..,..,..,..,..,..,..,..,..,..
....Aklan,"BAGUIO BEANS, 1 KG",..,..,..,..,..,..,..,..,..,..,..,..,..,..,..,..,..,..,..,..,..,..,..,..,..,..,..,..,..,..,..,..,..,..,..,..,..,..,..,..,..,..,..,..,..,..,..,..,..,..,..,..,..,..,..,..,..,..,..,..,..,..,..,..,..,..,..,..,..,..,..,..,..,..,..,..,..,..,..,..,..,..,..,..,..,..,..,..,..,..,..,..,..,..,..,..,..,..,..,..,..,..,..,..,..,..,..,..,..,..,..,..,..,..,..,..,..,..,..,..,..,..,..,..,..,..,..,..,..,..
....Aklan,"MONGGO, GREEN, 1 KG",78.52,78.52,78.52,81.29,78.52,46.16,69.26,69.26,69.26,69.26,55.41,55.41,69.12,55.41,55.41,55.41,55.41,55.41,55.41,64.66,64.66,64.66,60.00,60.00,55.41,58.49,55.41,55.41,55.41,55.41,55.41,55.41,55.41,60.00,58.75,60.00,60.00,85.00,59.30,87.50,85.00,91.25,91.25,91.25,91.25,91.88,88.13,88.13,90.63,90.63,90.63,89.79,90.63,89.38,89.38,84.38,84.38,84.38,84.38,84.38,84.38,85.00,85.63,93.75,86.67,93.75,93.75,93.75,96.25,96.25,96.25,96.25,96.25,96.25,97.50,97.50,97.50,95.94,97.50,102.50,105.00,107.50,110.00,110.00,101.25,97.50,103.75,106.25,101.25,103.75,103.85,103.75,107.50,108.75,103.75,90.42,93.75,93.75,92.50,93.75,102.50,100.00,100.00,99.20,100.00,98.75,98.75,98.75,94.75,93.50,94.75,94.38,93.13,93.13,93.13,86.25,94.94,86.25,100.00,106.25,102.50,102.50,90.00,90.00,95.00,92.50,95.00,95.00,92.50,95.63
....Aklan,"STRING BEANS, 1 KG",..,..,..,..,..,..,..,..,..,..,..,..,..,..,..,..,..,..,..,..,..,..,..,..,..,..,..,..,..,..,..,..,..,..,..,..,..,..,..,..,..,..,..,..,..,..,..,..,..,..,..,..,..,..,..,..,..,..,..,..,..,..,..,..,..,..,..,..,..,..,..,..,..,..,..,..,..,..,..,..,..,..,..,..,..,..,..,..,..,..,..,..,..,..,..,..,..,..,..,..,..,..,..,..,..,..,..,..,..,..,..,..,..,..,..,..,..,..,..,..,..,..,..,..,..,..,..,..,..,..
....Antique,"RAW PEANUT, SHELLED, 1 KG",..,..,..,..,..,..,..,..,..,..,..,..,..,..,..,..,..,..,..,..,..,..,..,..,..,..,..,..,..,..,..,..,..,..,..,..,..,..,..,..,..,..,..,..,..,..,..,..,..,..,..,..,..,..,..,..,..,..,..,..,..,..,..,..,..,..,..,..,..,..,..,..,..,..,..,..,..,..,..,..,..,..,..,..,..,..,..,..,..,..,..,..,..,..,..,..,..,..,..,..,..,..,..,..,..,..,..,..,..,..,..,..,..,..,..,..,..,..,..,..,..,..,..,..,..,..,..,..,..,..
....Antique,"RAW PEANUT, UNSHELLED, 1 KG",..,..,..,..,..,..,..,..,..,..,..,..,..,..,..,..,..,..,..,..,..,..,..,..,..,..,..,..,..,..,..,..,..,..,..,..,..,..,..,..,..,..,..,..,..,..,..,..,..,..,..,..,..,..,..,..,..,..,..,..,..,..,..,..,..,..,..,..,..,..,..,..,..,..,..,..,..,..,..,..,..,..,..,..,..,..,..,..,..,..,..,..,..,..,..,..,..,..,..,..,..,..,..,..,..,..,..,..,..,..,..,..,..,..,..,..,..,..,..,..,..,..,..,..,..,..,..,..,..,..
....Antique,"BAGUIO BEANS, 1 KG",..,..,..,..,..,..,..,..,..,..,..,..,..,..,..,..,..,..,..,..,..,..,..,..,..,..,..,..,..,..,..,..,..,..,..,..,..,..,..,..,..,..,..,..,..,..,..,..,..,..,..,..,..,..,..,..,..,..,..,..,..,..,..,..,..,..,..,..,..,..,..,..,..,..,..,..,..,..,..,..,..,..,..,..,..,..,..,..,..,..,..,..,..,..,..,..,..,..,..,..,..,..,..,..,..,..,..,..,..,..,..,..,..,..,..,..,..,..,..,..,..,..,..,..,..,..,..,..,..,..
....Antique,"MONGGO, GREEN, 1 KG",..,..,..,..,..,..,..,..,..,..,..,..,..,..,..,..,..,..,..,..,..,..,..,..,..,..,..,..,..,..,..,..,..,..,..,..,..,..,..,..,..,..,..,..,..,..,..,..,..,..,..,..,..,..,..,..,..,..,..,..,..,..,..,..,..,..,..,..,..,..,..,..,..,..,..,..,..,..,..,..,..,..,..,..,..,..,..,..,..,..,..,..,..,..,..,..,..,..,..,..,..,..,..,..,..,..,..,..,..,..,..,..,..,..,..,..,..,..,..,..,..,..,..,..,..,..,..,..,..,..
....Antique,"STRING BEANS, 1 KG",..,..,..,..,..,..,..,..,..,..,..,..,..,..,..,..,..,..,..,..,..,..,..,..,..,..,..,..,..,..,..,..,..,..,..,..,..,..,..,..,..,..,..,..,..,..,..,..,..,..,..,..,..,..,..,..,..,..,..,..,..,..,..,..,..,..,..,..,..,..,..,..,..,..,..,..,..,..,..,..,..,..,..,..,..,..,..,..,..,..,..,..,..,..,..,..,..,..,..,..,..,..,..,..,..,..,..,..,..,..,..,..,..,..,..,..,..,..,..,..,..,..,..,..,..,..,..,..,..,..
....Capiz,"RAW PEANUT, SHELLED, 1 KG",..,..,..,..,..,..,..,..,..,..,..,..,..,..,..,..,..,..,..,..,..,..,..,..,..,..,..,..,..,..,..,..,..,..,..,..,..,..,..,..,..,..,..,..,..,..,..,..,..,..,..,..,..,..,..,..,..,..,..,..,..,..,..,..,..,..,..,..,..,..,..,..,..,..,..,..,..,..,..,..,..,..,..,..,..,..,..,..,..,..,..,..,..,..,..,..,..,..,..,..,..,..,..,..,..,..,..,..,..,..,..,..,..,..,..,..,..,..,..,..,..,..,..,..,..,..,..,..,..,..
....Capiz,"RAW PEANUT, UNSHELLED, 1 KG",76.84,77.69,77.69,76.48,77.69,77.69,77.35,77.35,79.06,79.06,85.04,85.04,78.92,84.19,85.04,85.04,84.19,84.19,84.19,84.19,84.19,84.19,84.19,84.19,85.89,84.47,88.63,94.88,94.88,94.88,94.88,92.38,92.13,92.13,92.13,92.13,92.13,92.13,92.78,90.88,92.13,92.13,92.50,93.75,92.50,92.50,92.50,92.50,93.13,93.13,93.13,92.57,91.25,90.63,91.88,89.38,89.38,89.38,89.38,89.38,89.38,89.38,90.00,90.00,89.95,91.25,91.25,89.75,91.88,90.63,90.63,89.38,90.00,90.00,90.00,91.25,91.25,90.61,91.25,91.25,92.50,92.50,92.50,92.50,91.25,92.50,92.50,92.50,94.38,95.00,92.55,95.00,95.00,98.75,98.75,98.75,98.75,98.75,98.75,98.75,98.75,98.75,98.75,98.13,97.50,97.50,95.00,95.00,93.75,87.50,87.50,87.50,86.25,86.25,86.25,86.25,90.52,86.25,86.25,86.25,87.50,87.50,89.38,90.63,90.63,90.63,90.63,90.63,90.63,88.91
....Capiz,"BAGUIO BEANS, 1 KG",..,..,..,..,..,..,..,..,..,..,..,..,..,..,..,..,..,..,..,..,..,..,..,..,..,..,..,..,..,..,..,..,..,..,..,..,..,..,..,..,..,..,..,..,..,..,..,..,..,..,..,..,..,..,..,..,..,..,..,..,..,..,..,..,..,..,..,..,..,..,..,..,..,..,..,..,..,..,..,..,..,..,..,..,..,..,..,..,..,..,..,..,..,..,..,..,..,..,..,..,..,..,..,..,..,..,..,..,..,..,..,..,..,..,..,..,..,..,..,..,..,..,..,..,..,..,..,..,..,..
....Capiz,"MONGGO, GREEN, 1 KG",..,..,..,..,..,..,..,..,..,..,..,..,..,..,..,..,..,..,..,..,..,..,..,..,..,..,..,..,..,..,..,..,..,..,..,..,..,..,..,..,..,..,..,..,..,..,..,..,..,..,..,..,..,..,..,..,..,..,..,..,..,..,..,..,..,..,..,..,..,..,..,..,..,..,..,..,..,..,..,..,..,..,..,..,..,..,..,..,..,..,..,..,..,..,..,..,..,..,..,..,..,..,..,..,..,..,..,..,..,..,..,..,..,..,..,..,..,..,..,..,..,..,..,..,..,..,..,..,..,..
....Capiz,"STRING BEANS, 1 KG",..,..,..,..,..,..,..,..,..,..,..,..,..,..,..,..,..,..,..,..,..,..,..,..,..,..,..,..,..,..,..,..,..,..,..,..,..,..,..,..,..,..,..,..,..,..,..,..,..,..,..,..,..,..,..,..,..,..,..,..,..,..,..,..,..,..,..,..,..,..,..,..,..,..,..,..,..,..,..,..,..,..,..,..,..,..,..,..,..,..,..,..,..,..,..,..,..,..,..,..,..,..,..,..,..,..,..,..,..,..,..,..,..,..,..,..,..,..,..,..,..,..,..,..,..,..,..,..,..,..
....Guimaras,"RAW PEANUT, SHELLED, 1 KG",..,..,..,..,..,..,..,..,..,..,..,..,..,..,..,..,..,..,..,..,..,..,..,..,..,..,..,..,..,..,..,..,..,..,..,..,..,..,..,..,..,..,..,..,..,..,..,..,..,..,..,..,..,..,..,..,..,..,..,..,..,..,..,..,..,..,..,..,..,..,..,..,..,..,..,..,..,..,..,..,..,..,..,..,..,..,..,..,..,..,..,..,..,..,..,..,..,..,..,..,..,..,..,..,..,..,..,..,..,..,..,..,..,..,..,..,..,..,..,..,..,..,..,..,..,..,..,..,..,..
....Guimaras,"RAW PEANUT, UNSHELLED, 1 KG",..,..,..,..,..,..,..,..,..,..,..,..,..,..,..,..,..,..,..,..,..,..,..,..,..,..,..,..,..,..,..,..,..,..,..,..,..,..,..,..,..,..,..,..,..,..,..,..,..,..,..,..,..,..,..,..,..,..,..,..,..,..,..,..,..,..,..,..,..,..,..,..,..,..,..,..,..,..,..,..,..,..,..,..,..,..,..,..,..,..,..,..,..,..,..,..,..,..,..,..,..,..,..,..,..,..,..,..,..,..,..,..,..,..,..,..,..,..,..,..,..,..,..,..,..,..,..,..,..,..
....Guimaras,"BAGUIO BEANS, 1 KG",77.94,77.94,77.94,81.18,77.94,77.94,68.20,73.07,68.20,69.42,73.07,73.07,74.66,81.59,75.50,75.50,77.94,63.33,60.89,58.45,56.01,77.92,90.10,60.88,121.76,74.99,94.97,104.71,60.88,60.88,53.57,56.01,46.27,85.24,82.80,73.06,68.19,84.02,72.55,98.63,84.02,73.06,75.50,65.76,56.02,56.02,58.46,65.77,63.33,79.17,89.17,72.08,85.00,72.50,61.67,67.50,72.50,108.33,90.00,101.67,88.33,84.17,78.33,77.50,82.29,78.33,81.67,85.00,78.33,80.00,80.00,78.33,80.00,80.00,80.00,85.00,88.33,81.25,121.67,101.67,95.00,78.33,75.00,61.67,76.67,96.67,85.00,96.67,78.89,75.56,86.90,82.22,83.33,90.00,87.04,93.70,88.33,83.33,96.67,121.67,113.33,76.67,96.67,92.75,93.33,90.00,90.00,85.00,81.67,86.67,66.67,68.33,83.33,86.67,93.33,90.00,84.58,113.33,98.33,76.67,63.33,86.67,70.00,83.33,90.28,83.33,72.91,108.50,130.20,89.74
....Guimaras,"MONGGO, GREEN, 1 KG",..,..,..,..,..,..,..,..,..,..,..,..,..,..,..,..,..,..,..,..,..,..,..,..,..,..,..,..,..,..,..,..,..,..,..,..,..,..,..,..,..,..,..,..,..,..,..,..,..,..,..,..,..,..,..,..,..,..,..,..,..,..,..,..,..,..,..,..,..,..,..,..,..,..,..,..,..,..,..,..,..,..,..,..,..,..,..,..,..,..,..,..,..,..,..,..,..,..,..,..,..,..,..,..,..,..,..,..,..,..,..,..,..,..,..,..,..,..,..,..,..,..,..,..,..,..,..,..,..,..
....Guimaras,"STRING BEANS, 1 KG",6.25,6.25,6.25,6.25,5.00,5.00,5.00,5.00,5.00,5.00,5.00,5.00,5.42,5.00,5.00,6.25,6.25,6.25,6.25,6.25,6.25,5.00,5.00,5.00,5.00,5.63,5.00,5.00,6.25,6.25,6.25,6.25,6.25,6.25,6.25,6.25,6.25,6.25,6.04,6.25,6.25,6.25,6.25,6.25,6.25,6.25,6.25,6.25,7.50,7.50,7.50,6.56,7.50,7.50,7.50,8.33,9.17,9.17,10.00,9.17,9.17,9.17,9.17,9.17,8.75,9.17,9.17,10.83,12.50,12.50,12.50,12.50,12.50,12.50,14.17,13.50,13.50,12.11,13.50,16.00,16.00,16.67,16.67,18.33,22.50,25.83,29.17,36.67,32.50,30.83,22.89,34.17,36.67,48.33,53.33,55.00,56.67,66.67,66.67,55.00,40.00,43.33,41.67,49.79,43.33,45.00,45.00,52.50,59.17,62.50,55.00,45.00,48.33,51.67,58.33,55.00,51.74,53.33,57.50,60.00,60.00,60.00,61.67,61.67,61.67,69.15,65.40,69.14,69.14,62.39
....Iloilo,"RAW PEANUT, SHELLED, 1 KG",94.77,94.77,88.45,90.03,92.40,99.98,99.51,99.51,91.29,91.29,93.58,93.58,94.10,88.49,91.57,90.39,89.21,89.21,90.39,81.62,82.80,82.80,81.14,82.80,86.70,86.43,86.70,91.67,89.30,89.30,85.04,85.04,85.04,84.09,84.09,84.09,84.09,92.62,86.76,94.51,95.22,91.43,89.77,89.77,91.43,91.79,92.14,92.61,94.50,94.50,94.33,92.67,95.17,91.50,96.50,96.50,96.17,96.17,97.83,99.50,100.17,99.67,100.00,100.83,97.50,100.17,95.67,92.17,89.17,89.83,89.83,89.83,93.50,93.50,95.17,95.83,97.50,93.51,93.50,93.50,93.50,95.17,87.33,85.00,85.00,85.00,86.67,88.50,89.33,88.75,89.27,89.17,88.75,86.67,84.38,85.60,86.67,91.69,92.98,93.98,95.15,98.98,100.15,91.18,94.17,84.79,86.14,85.71,88.57,87.14,87.43,89.14,89.14,90.00,90.71,90.43,88.61,89.71,89.14,92.43,89.43,88.43,87.57,88.43,87.43,87.14,90.86,91.43,90.00,89.33
....Iloilo,"RAW PEANUT, UNSHELLED, 1 KG",..,..,..,..,..,..,..,..,..,..,..,..,..,..,..,..,..,..,..,..,..,..,..,..,..,..,..,..,..,..,..,..,..,..,..,..,..,..,..,..,..,..,..,..,..,..,..,..,..,..,..,..,..,..,..,..,..,..,..,..,..,..,..,..,..,..,..,..,..,..,..,..,..,..,..,..,..,..,..,..,..,..,..,..,..,..,..,..,..,..,..,..,..,..,..,..,..,..,..,..,..,..,..,..,..,..,..,..,..,..,..,..,..,..,..,..,..,..,..,..,..,..,..,..,..,..,..,..,..,..
....Iloilo,"BAGUIO BEANS, 1 KG",52.88,52.88,52.88,55.08,52.88,52.88,46.27,49.58,46.27,47.10,49.58,49.58,50.66,55.37,51.24,51.24,52.89,42.97,41.32,39.66,38.01,52.88,61.15,41.32,82.64,50.89,64.46,71.07,41.32,41.32,36.37,38.02,31.41,57.86,56.20,49.59,46.28,57.03,49.24,66.94,57.03,49.59,51.25,53.13,55.63,48.13,58.13,61.25,65.63,65.63,90.63,60.25,68.13,73.75,56.25,66.88,108.75,105.63,75.63,64.38,80.00,80.00,80.63,80.00,78.34,82.50,82.50,78.75,78.75,77.50,77.50,70.00,61.88,70.00,65.00,85.00,90.00,76.62,93.75,70.00,72.50,70.00,70.00,70.00,65.00,57.50,68.13,81.25,72.03,70.78,71.75,56.88,66.88,71.88,74.84,85.13,68.75,61.25,76.88,102.50,85.00,81.25,83.75,76.25,89.38,88.75,88.75,85.00,83.75,83.75,72.50,73.75,76.25,97.50,107.50,102.50,87.45,130.00,91.25,85.00,80.00,78.75,82.50,83.75,94.61,75.30,81.33,131.77,131.77,95.50
....Iloilo,"MONGGO, GREEN, 1 KG",..,..,..,..,..,..,..,..,..,..,..,..,..,..,..,..,..,..,..,..,..,..,..,..,..,..,..,..,..,..,..,..,..,..,..,..,..,..,..,..,..,..,..,..,..,..,..,..,..,..,..,..,..,..,..,..,..,..,..,..,..,..,..,..,..,..,..,..,..,..,..,..,..,..,..,..,..,..,..,..,..,..,..,..,..,..,..,..,..,..,..,..,..,..,..,..,..,..,..,..,..,..,..,..,..,..,..,..,..,..,..,..,..,..,..,..,..,..,..,..,..,..,..,..,..,..,..,..,..,..
....Iloilo,"STRING BEANS, 1 KG",..,..,..,..,..,..,..,..,..,..,..,..,..,..,..,..,..,..,..,..,..,..,..,..,..,..,..,..,..,..,..,..,..,..,..,..,..,..,..,..,..,..,..,..,..,..,..,..,..,..,..,..,..,..,..,..,..,..,..,..,..,..,..,..,..,..,..,..,..,..,..,..,..,..,..,..,..,..,..,..,..,..,..,..,..,..,..,..,..,..,..,..,..,..,..,..,..,..,..,..,..,..,..,..,..,..,..,..,..,..,..,..,..,..,..,..,..,..,..,..,..,..,..,..,..,..,..,..,..,..
....Negros Occidental,"RAW PEANUT, SHELLED, 1 KG",..,..,..,..,..,..,..,..,..,..,..,..,..,..,..,..,..,..,..,..,..,..,..,..,..,..,..,..,..,..,..,..,..,..,..,..,..,..,..,..,..,..,..,..,..,..,..,..,..,..,..,..,..,..,..,..,..,..,..,..,..,..,..,..,..,..,..,..,..,..,..,..,..,..,..,..,..,..,..,..,..,..,..,..,..,..,..,..,..,..,..,..,..,..,..,..,..,..,..,..,..,..,..,..,..,..,..,..,..,..,..,..,..,..,..,..,..,..,..,..,..,..,..,..,..,..,..,..,..,..
....Negros Occidental,"RAW PEANUT, UNSHELLED, 1 KG",..,..,..,..,..,..,..,..,..,..,..,..,..,..,..,..,..,..,..,..,..,..,..,..,..,..,..,..,..,..,..,..,..,..,..,..,..,..,..,..,..,..,..,..,..,..,..,..,..,..,..,..,..,..,..,..,..,..,..,..,..,..,..,..,..,..,..,..,..,..,..,..,..,..,..,..,..,..,..,..,..,..,..,..,..,..,..,..,..,..,..,..,..,..,..,..,..,..,..,..,..,..,..,..,..,..,..,..,..,..,..,..,..,..,..,..,..,..,..,..,..,..,..,..,..,..,..,..,..,..
....Negros Occidental,"BAGUIO BEANS, 1 KG",60.83,48.03,57.64,60.84,60.84,60.84,50.88,55.87,48.04,54.45,54.45,60.85,56.13,44.84,43.24,44.84,44.84,48.04,60.85,48.04,44.84,46.43,73.66,44.84,52.84,49.78,52.84,46.43,46.43,36.82,33.62,27.21,36.81,48.02,44.82,43.22,52.82,65.62,44.56,76.83,39.21,38.41,30.41,32.00,30.41,41.60,41.60,40.80,48.00,58.00,60.00,44.77,56.00,48.00,52.00,49.00,76.00,76.00,52.00,45.00,58.00,57.00,59.00,54.00,56.83,52.00,50.00,50.00,52.00,54.00,53.33,52.00,56.00,56.00,56.00,60.00,62.00,54.44,63.33,80.00,72.86,64.29,62.86,54.29,57.14,60.00,62.86,79.52,84.78,77.14,68.26,80.00,80.00,86.25,86.25,82.50,81.25,77.50,81.25,81.25,83.75,81.25,83.75,82.08,83.75,83.75,86.88,93.13,86.88,85.63,83.75,83.75,86.25,83.75,83.75,78.75,85.00,88.75,97.50,88.75,85.00,80.00,77.50,95.00,97.50,92.50,97.50,100.00,100.00,91.67
....Negros Occidental,"MONGGO, GREEN, 1 KG",..,..,..,..,..,..,..,..,..,..,..,..,..,..,..,..,..,..,..,..,..,..,..,..,..,..,..,..,..,..,..,..,..,..,..,..,..,..,..,..,..,..,..,..,..,..,..,..,..,..,..,..,..,..,..,..,..,..,..,..,..,..,..,..,..,..,..,..,..,..,..,..,..,..,..,..,..,..,..,..,..,..,..,..,..,..,..,..,..,..,..,..,..,..,..,..,..,..,..,..,..,..,..,..,..,..,..,..,..,..,..,..,..,..,..,..,..,..,..,..,..,..,..,..,..,..,..,..,..,..
....Negros Occidental,"STRING BEANS, 1 KG",55.83,50.64,50.64,49.07,41.25,43.86,55.86,61.09,63.69,55.85,53.25,53.25,52.86,55.85,53.25,52.23,49.60,49.60,54.83,52.23,52.23,52.23,52.73,52.73,52.73,52.52,45.18,46.99,45.95,45.95,48.01,33.41,32.35,42.80,45.11,46.27,45.11,42.80,43.33,46.27,46.85,46.85,50.32,47.43,47.43,44.54,45.11,40.48,40.48,40.48,41.63,44.82,42.21,42.21,43.37,43.37,42.19,42.19,46.35,43.38,52.89,52.89,52.89,51.88,46.32,51.88,50.00,48.75,45.63,44.38,44.38,45.00,44.38,46.88,46.88,50.63,53.75,47.71,64.38,67.50,65.00,48.75,50.00,55.00,55.00,53.33,45.00,38.33,33.61,46.67,51.88,41.67,46.67,53.57,57.86,55.71,62.86,67.14,58.57,55.71,57.86,52.86,54.29,55.40,53.75,51.88,56.25,65.00,62.50,61.25,67.50,63.75,61.88,61.88,63.75,56.88,60.52,58.13,70.00,58.75,64.58,63.75,62.50,63.75,61.84,61.84,59.29,89.12,93.71,67.27
..REGION VII (CENTRAL VISAYAS),"RAW PEANUT, SHELLED, 1 KG",65.58,64.98,66.25,66.71,65.23,67.15,66.55,66.32,68.84,69.19,69.33,68.96,67.09,69.19,65.85,67.69,68.41,68.58,68.69,68.95,69.23,69.77,69.96,69.57,69.81,68.81,71.14,73.01,71.64,71.95,74.50,73.01,73.54,73.78,75.24,75.51,77.08,77.27,73.97,78.12,78.22,78.53,78.87,78.19,78.72,78.68,79.04,80.05,80.25,80.06,79.80,79.04,80.83,81.87,80.52,82.34,82.40,81.96,82.80,83.82,80.74,87.37,86.76,88.10,83.29,88.93,89.43,91.35,90.75,90.30,90.25,88.85,89.33,85.90,88.37,89.68,89.88,89.42,91.32,90.23,91.28,92.82,91.82,95.20,95.67,94.40,97.32,98.35,96.41,102.33,94.76,99.61,101.26,101.61,99.29,98.96,100.01,100.68,100.77,101.58,100.80,99.80,100.24,100.38,100.81,101.53,100.91,100.38,99.66,99.19,98.57,98.10,99.21,98.87,98.83,103.48,99.96,103.17,103.48,99.45,100.83,100.80,102.39,102.09,101.07,100.94,102.09,102.71,103.08,101.84
..REGION VII (CENTRAL VISAYAS),"RAW PEANUT, UNSHELLED, 1 KG",..,..,..,..,..,..,..,..,..,..,..,..,..,..,..,..,..,..,..,..,..,..,..,..,..,..,..,..,..,..,..,..,..,..,..,..,..,..,..,..,..,..,..,..,..,..,..,..,..,..,..,..,..,..,..,..,..,..,..,..,..,..,..,..,..,..,..,..,..,..,..,..,..,..,..,..,..,..,..,..,..,..,..,..,..,..,..,..,..,..,..,..,..,..,..,..,..,..,..,..,..,..,..,..,..,..,..,..,..,..,..,..,..,..,..,..,..,..,..,..,..,..,..,..,..,..,..,..,..,..
..REGION VII (CENTRAL VISAYAS),"BAGUIO BEANS, 1 KG",52.73,51.50,53.12,50.82,48.01,49.69,44.94,43.63,42.19,47.57,44.76,47.82,48.07,57.51,54.19,48.44,49.38,50.63,50.94,46.88,42.19,41.88,49.69,48.75,52.82,49.44,52.38,61.25,63.13,61.25,53.44,51.57,52.19,50.00,50.32,49.38,45.94,46.88,53.14,52.50,71.25,65.63,61.26,73.13,61.26,57.82,64.38,57.19,57.50,55.63,62.50,61.67,65.94,59.69,65.63,61.88,93.13,90.63,74.69,66.25,60.94,60.94,57.82,52.19,67.48,61.57,70.63,71.25,64.07,58.44,58.13,61.57,61.88,64.07,64.38,63.13,68.44,63.96,75.94,78.13,63.75,63.44,65.19,66.13,61.13,57.82,63.13,68.75,64.38,64.07,65.99,66.88,72.50,80.32,75.00,81.57,81.57,77.19,66.57,64.69,68.13,70.63,68.13,72.77,66.88,65.63,71.57,72.92,80.63,84.69,61.57,52.50,61.57,65.00,74.07,75.00,69.34,100.63,94.38,90.63,83.13,88.44,82.82,76.75,82.15,83.31,76.63,71.93,84.91,84.64
..REGION VII (CENTRAL VISAYAS),"MONGGO, GREEN, 1 KG",65.97,66.17,64.56,65.77,65.15,63.19,62.56,62.69,61.94,63.73,63.66,63.38,64.06,63.39,63.71,64.34,64.64,65.16,65.36,64.04,63.96,63.59,63.79,64.73,66.28,64.42,71.11,74.53,75.04,75.08,75.93,75.81,75.23,75.24,76.46,77.81,80.16,80.47,76.07,81.57,82.72,81.59,82.95,82.95,82.96,82.80,82.74,82.31,82.19,82.55,80.64,82.33,79.95,79.56,78.57,78.71,78.93,78.47,77.74,78.59,77.10,77.89,78.26,77.69,78.46,77.83,78.59,78.77,79.60,80.04,79.82,80.03,79.80,80.52,80.47,80.46,79.67,79.63,80.36,80.31,80.80,80.99,79.08,80.44,81.14,80.53,78.51,79.56,80.07,80.73,80.21,80.16,80.41,78.34,79.20,79.82,79.96,79.34,79.67,78.22,80.32,82.94,80.38,79.90,80.69,79.91,80.22,83.93,81.66,84.91,83.88,84.06,85.10,86.28,84.28,85.06,83.33,87.78,87.25,91.22,98.75,100.85,100.85,99.66,99.11,97.32,96.97,91.59,92.08,95.29
..REGION VII (CENTRAL VISAYAS),"STRING BEANS, 1 KG",30.79,31.35,30.93,27.13,27.63,27.38,26.63,26.13,27.20,27.87,27.26,25.50,27.98,27.24,26.58,26.50,24.96,26.07,25.71,26.15,25.65,26.41,26.52,27.17,28.07,26.42,28.89,28.91,29.67,29.60,29.84,28.62,29.20,28.32,32.94,32.35,30.31,30.05,29.89,32.99,35.27,31.05,32.42,32.46,32.66,32.04,31.84,30.39,28.58,29.11,31.90,31.73,32.56,31.11,31.14,31.63,32.40,32.98,32.08,31.69,27.07,26.77,27.62,29.08,30.51,28.01,30.14,31.81,34.47,36.13,34.51,32.12,31.83,31.87,36.57,39.22,39.53,33.85,43.72,50.52,50.19,43.57,40.93,44.75,44.72,46.32,48.00,53.44,53.07,59.69,48.24,61.57,72.07,75.32,75.69,75.01,70.63,74.07,72.38,69.13,68.32,85.13,87.75,73.92,67.19,69.69,77.25,75.67,90.63,92.88,89.19,73.51,66.26,67.44,79.94,80.51,77.51,95.82,94.63,89.94,75.69,67.63,67.82,61.44,65.68,84.59,81.20,75.79,70.43,77.56
....Bohol,"RAW PEANUT, SHELLED, 1 KG",81.83,79.41,77.15,77.15,78.44,79.09,79.09,79.09,79.09,78.28,78.28,78.28,78.77,78.28,76.02,76.82,76.82,76.82,80.05,79.24,79.24,79.24,77.63,78.43,78.43,78.09,79.23,80.04,78.74,74.38,74.71,68.25,68.33,69.87,72.45,72.45,74.87,74.87,74.02,71.65,76.98,78.11,75.36,75.36,76.98,76.82,77.63,79.40,80.20,80.20,79.40,77.34,81.82,85.86,81.82,84.24,84.24,83.11,83.59,82.79,81.82,83.11,81.66,83.28,83.11,80.06,79.58,83.12,84.74,85.54,87.16,87.16,85.54,83.93,81.51,83.12,83.12,83.72,81.91,77.55,77.31,82.15,82.15,81.35,81.35,83.77,83.77,83.77,79.90,81.67,81.39,81.67,81.83,81.99,83.60,83.60,83.60,84.41,87.63,87.63,87.25,87.25,86.38,84.74,88.25,87.63,86.38,85.50,86.38,86.38,86.38,83.25,86.25,86.75,88.50,89.75,86.78,89.75,89.75,91.13,93.50,91.50,92.50,92.50,92.50,92.50,92.50,92.50,92.50,91.93
....Bohol,"RAW PEANUT, UNSHELLED, 1 KG",..,..,..,..,..,..,..,..,..,..,..,..,..,..,..,..,..,..,..,..,..,..,..,..,..,..,..,..,..,..,..,..,..,..,..,..,..,..,..,..,..,..,..,..,..,..,..,..,..,..,..,..,..,..,..,..,..,..,..,..,..,..,..,..,..,..,..,..,..,..,..,..,..,..,..,..,..,..,..,..,..,..,..,..,..,..,..,..,..,..,..,..,..,..,..,..,..,..,..,..,..,..,..,..,..,..,..,..,..,..,..,..,..,..,..,..,..,..,..,..,..,..,..,..,..,..,..,..,..,..
....Bohol,"BAGUIO BEANS, 1 KG",56.77,52.60,55.83,50.38,45.38,50.00,49.88,48.50,45.63,56.38,47.63,50.00,50.75,68.13,61.50,52.50,54.38,56.88,55.63,52.50,45.00,45.00,59.38,57.50,60.00,55.70,58.13,68.75,77.50,75.00,64.38,60.63,63.13,53.75,56.88,55.63,48.13,47.50,60.78,52.50,75.00,68.75,66.88,87.50,76.88,71.88,75.00,59.38,61.25,61.25,70.00,68.86,80.00,67.50,73.13,73.75,120.00,115.00,91.25,86.25,78.13,73.75,70.63,60.00,82.45,67.50,76.88,83.75,74.38,70.63,70.00,71.25,71.88,71.25,70.00,67.50,78.13,72.76,91.88,91.25,71.25,68.75,72.25,76.00,71.00,65.00,68.75,68.75,71.25,72.50,74.05,76.25,78.75,85.63,80.00,89.38,89.38,83.13,70.00,69.38,76.25,80.00,76.25,79.53,76.25,72.50,81.88,84.17,93.75,99.38,73.13,62.50,71.25,73.75,85.63,86.25,80.04,128.75,106.25,98.75,100.00,95.00,86.88,78.50,78.96,87.73,80.84,71.44,88.36,91.79
....Bohol,"MONGGO, GREEN, 1 KG",55.00,53.00,55.00,57.00,56.00,54.00,55.00,56.00,54.25,61.00,61.00,59.13,56.37,60.63,61.88,61.70,62.88,62.88,62.88,62.25,62.25,61.63,64.13,66.63,69.13,63.24,77.38,78.63,79.25,79.85,78.63,78.00,78.00,76.56,80.38,82.25,83.50,82.88,79.61,84.25,84.25,83.75,86.13,86.13,83.63,85.50,83.00,82.63,83.00,86.63,81.88,84.23,81.75,79.88,78.00,77.13,78.00,76.13,73.63,74.88,73.00,75.50,75.50,75.25,76.55,73.38,74.25,74.38,75.00,76.13,75.38,77.25,76.63,77.25,77.25,77.88,76.50,75.94,76.38,75.75,75.75,74.88,73.88,74.50,75.75,74.50,74.50,74.50,77.00,77.63,75.42,75.75,77.00,77.13,78.38,78.38,75.25,73.97,75.94,70.13,79.13,76.63,73.88,75.96,75.13,74.50,74.50,83.00,75.75,79.00,76.50,79.00,79.00,85.25,81.50,80.25,78.62,89.25,84.50,88.25,96.63,106.63,105.13,101.88,105.61,96.16,92.07,88.71,88.71,95.29
....Bohol,"STRING BEANS, 1 KG",22.33,23.45,22.61,15.00,16.00,15.50,14.00,13.00,15.15,16.48,15.26,12.99,16.81,16.22,16.27,16.36,13.29,14.25,13.54,14.42,13.05,13.48,13.71,14.81,16.61,14.67,18.25,18.29,17.08,16.70,15.04,12.60,13.77,12.00,18.75,17.57,15.36,14.85,15.86,18.59,25.03,17.72,18.33,20.29,19.57,18.32,19.18,17.40,13.78,11.47,17.04,18.06,17.11,15.47,15.64,16.51,18.05,19.20,17.41,16.75,14.63,14.03,14.36,14.41,16.13,12.52,14.03,14.74,14.93,14.12,13.89,14.11,14.02,14.11,14.39,16.69,17.31,14.57,17.80,18.65,18.13,16.64,16.23,17.00,18.18,21.38,28.75,33.13,38.75,51.25,24.66,53.75,65.63,78.75,81.25,86.88,72.50,70.63,63.13,54.75,64.38,76.25,77.50,70.45,58.13,66.88,73.75,69.17,87.50,86.88,83.13,61.88,60.63,68.13,78.75,81.88,73.06,100.00,97.50,75.00,69.38,55.00,62.50,56.25,62.36,62.36,74.34,74.34,65.80,71.24
....Cebu,"RAW PEANUT, SHELLED, 1 KG",55.20,55.20,55.20,55.20,55.20,55.20,58.36,58.36,58.93,58.36,58.93,58.93,56.92,58.93,58.93,59.49,60.84,61.51,61.51,61.51,63.54,64.78,66.24,64.78,66.69,62.40,70.29,70.29,61.95,66.35,66.01,65.78,65.78,66.50,69.75,70.00,73.88,74.63,68.43,75.63,77.13,76.63,76.63,76.13,76.63,76.63,76.63,76.63,76.63,76.63,76.63,76.55,76.63,76.75,76.63,80.25,80.25,80.25,83.13,88.00,76.63,88.50,88.50,91.00,82.21,94.63,100.00,103.29,101.00,97.86,96.41,92.86,95.00,76.67,88.33,95.71,97.14,94.91,97.86,97.86,99.29,100.00,106.13,112.71,112.71,112.71,124.14,127.00,127.00,127.00,112.03,127.00,128.43,128.43,128.43,127.71,128.80,128.80,128.80,128.80,129.80,129.80,129.80,128.72,129.00,129.00,129.00,129.00,129.00,129.00,129.00,129.00,127.33,127.33,127.33,148.43,130.20,148.43,148.43,128.43,128.43,128.43,131.29,132.71,124.91,126.47,126.47,126.47,126.47,131.41
....Cebu,"RAW PEANUT, UNSHELLED, 1 KG",..,..,..,..,..,..,..,..,..,..,..,..,..,..,..,..,..,..,..,..,..,..,..,..,..,..,..,..,..,..,..,..,..,..,..,..,..,..,..,..,..,..,..,..,..,..,..,..,..,..,..,..,..,..,..,..,..,..,..,..,..,..,..,..,..,..,..,..,..,..,..,..,..,..,..,..,..,..,..,..,..,..,..,..,..,..,..,..,..,..,..,..,..,..,..,..,..,..,..,..,..,..,..,..,..,..,..,..,..,..,..,..,..,..,..,..,..,..,..,..,..,..,..,..,..,..,..,..,..,..
....Cebu,"BAGUIO BEANS, 1 KG",..,..,..,..,..,..,..,..,..,..,..,..,..,..,..,..,..,..,..,..,..,..,..,..,..,..,..,..,..,..,..,..,..,..,..,..,..,..,..,..,..,..,..,..,..,..,..,..,..,..,..,..,..,..,..,..,..,..,..,..,..,..,..,..,..,..,..,..,..,..,..,..,..,..,..,..,..,..,..,..,..,..,..,..,..,..,..,..,..,..,..,..,..,..,..,..,..,..,..,..,..,..,..,..,..,..,..,..,..,..,..,..,..,..,..,..,..,..,..,..,..,..,..,..,..,..,..,..,..,..
....Cebu,"MONGGO, GREEN, 1 KG",55.95,55.95,55.95,55.95,58.96,58.96,61.30,61.30,62.81,62.81,62.81,62.81,59.63,62.81,62.81,62.81,62.81,63.64,63.64,63.64,63.81,63.98,63.98,63.98,63.98,63.49,63.98,63.98,63.98,63.98,65.99,65.99,65.99,65.99,65.99,65.99,71.18,71.18,66.19,72.19,72.19,72.36,73.19,73.19,74.95,74.95,75.95,75.95,75.95,79.72,79.72,75.03,79.72,79.72,79.72,79.72,78.89,78.89,78.89,80.98,78.39,78.56,80.23,80.07,79.48,82.33,83.59,84.25,85.25,85.25,86.26,87.94,87.94,89.15,89.12,89.12,89.12,86.61,89.12,89.12,88.45,88.45,88.45,87.44,87.77,87.77,84.59,89.61,89.77,90.77,88.44,90.36,90.27,85.42,85.42,85.42,86.25,86.25,86.25,86.25,86.25,99.88,92.38,88.37,92.38,94.88,94.88,97.38,98.13,105.38,102.50,98.50,100.13,100.13,97.63,99.75,98.47,99.75,98.63,103.00,109.50,106.38,106.38,108.88,104.50,120.38,119.38,103.25,102.00,106.84
....Cebu,"STRING BEANS, 1 KG",39.25,39.25,39.25,39.25,39.25,39.25,39.25,39.25,39.25,39.25,39.25,38.00,39.15,38.25,36.88,36.63,36.63,37.88,37.88,37.88,38.25,39.33,39.33,39.53,39.53,38.17,39.53,39.53,42.25,42.50,44.63,44.63,44.63,44.63,47.13,47.13,45.25,45.25,43.92,47.38,45.50,44.38,46.50,44.63,45.75,45.75,44.50,43.38,43.38,46.75,46.75,45.39,48.00,46.75,46.63,46.75,46.75,46.75,46.75,46.63,39.50,39.50,40.88,43.75,44.89,43.50,46.25,48.88,54.00,58.13,55.13,50.13,49.63,49.63,58.75,61.75,61.75,53.13,69.63,82.38,82.25,70.50,65.63,72.50,71.25,71.25,67.25,73.75,67.38,68.13,71.83,69.38,78.50,71.88,70.13,63.13,68.75,77.50,81.63,83.50,72.25,94.00,98.00,77.39,76.25,72.50,80.75,82.17,93.75,98.88,95.25,85.13,71.88,66.75,81.13,79.13,81.96,91.63,91.75,104.88,82.00,80.25,73.13,66.63,69.00,106.82,88.05,77.23,75.06,83.87
....Negros Oriental,"RAW PEANUT, SHELLED, 1 KG",44.82,44.82,53.53,55.37,48.15,55.56,50.00,49.08,57.97,57.97,57.97,56.48,52.64,57.41,46.30,46.30,47.22,47.22,44.44,46.30,45.37,46.30,47.22,46.30,45.37,47.15,46.30,53.70,57.87,59.08,69.26,69.26,71.30,70.00,70.00,70.83,70.83,70.83,64.94,70.83,72.50,72.50,77.00,75.00,75.00,75.00,75.00,71.67,71.67,71.67,71.67,73.29,72.86,72.86,72.86,72.86,72.86,72.86,72.86,72.86,72.86,85.50,84.63,85.25,75.93,86.63,85.00,87.00,85.38,86.29,86.29,85.13,87.88,91.88,92.50,92.50,91.25,88.14,97.88,97.88,99.50,101.13,92.00,99.75,100.38,92.88,94.50,91.38,87.50,92.50,95.61,91.88,93.13,94.38,92.50,91.88,95.00,95.63,92.75,96.00,93.25,90.25,90.88,93.13,91.25,93.75,92.50,91.25,87.50,85.63,83.13,84.38,87.50,88.13,87.50,85.00,88.13,83.75,85.00,88.75,91.88,93.13,93.25,90.00,93.75,93.13,96.25,98.75,98.75,92.20
....Negros Oriental,"RAW PEANUT, UNSHELLED, 1 KG",..,..,..,..,..,..,..,..,..,..,..,..,..,..,..,..,..,..,..,..,..,..,..,..,..,..,..,..,..,..,..,..,..,..,..,..,..,..,..,..,..,..,..,..,..,..,..,..,..,..,..,..,..,..,..,..,..,..,..,..,..,..,..,..,..,..,..,..,..,..,..,..,..,..,..,..,..,..,..,..,..,..,..,..,..,..,..,..,..,..,..,..,..,..,..,..,..,..,..,..,..,..,..,..,..,..,..,..,..,..,..,..,..,..,..,..,..,..,..,..,..,..,..,..,..,..,..,..,..,..
....Negros Oriental,"BAGUIO BEANS, 1 KG",48.69,50.40,50.40,51.25,50.63,49.38,40.00,38.75,38.75,38.75,41.88,45.63,45.38,46.88,46.88,44.38,44.38,44.38,46.25,41.25,39.38,38.75,40.00,40.00,45.63,43.18,46.63,53.75,48.75,47.50,42.50,42.50,41.25,46.25,43.75,43.13,43.75,46.25,45.50,52.50,67.50,62.50,55.63,58.75,45.63,43.75,53.75,55.00,53.75,50.00,55.00,54.48,51.88,51.88,58.13,50.00,66.25,66.25,58.13,46.25,43.75,48.13,45.00,44.38,52.50,55.63,64.38,58.75,53.75,46.25,46.25,51.88,51.88,56.88,58.75,58.75,58.75,55.16,60.00,65.00,56.25,58.13,58.13,56.25,51.25,50.63,57.50,68.75,57.50,55.63,57.92,57.50,66.25,75.00,70.00,73.75,73.75,71.25,63.13,60.00,60.00,61.25,60.00,65.99,57.50,58.75,61.25,61.67,67.50,70.00,50.00,42.50,51.88,56.25,62.50,63.75,58.63,72.50,82.50,82.50,66.25,81.88,78.75,75.00,85.34,78.88,72.41,72.41,81.47,77.49
....Negros Oriental,"MONGGO, GREEN, 1 KG",77.00,80.45,76.64,79.50,80.13,72.00,68.50,67.63,67.63,67.63,67.13,67.88,72.68,67.25,67.25,68.50,68.50,69.75,69.75,66.25,66.25,68.13,65.63,66.88,70.00,67.85,71.88,76.88,77.50,78.75,78.75,78.75,76.25,77.75,79.63,82.50,83.00,84.88,78.88,85.25,89.88,86.50,87.75,87.75,88.50,86.00,87.25,86.25,85.38,81.88,79.63,86.00,77.00,77.00,76.38,78.13,79.13,80.00,78.75,79.38,78.13,78.13,78.75,76.88,78.14,76.25,76.25,76.50,78.13,78.75,78.75,76.88,76.88,76.63,76.63,76.63,75.63,76.99,78.13,78.13,77.50,77.50,72.50,77.50,78.75,78.75,78.75,78.75,78.13,77.50,77.66,78.75,79.38,78.75,76.88,79.38,79.38,79.38,78.75,78.75,78.75,78.75,78.75,78.80,78.75,76.25,77.50,76.67,76.25,78.75,80.00,78.75,81.25,78.75,78.75,80.00,78.47,81.88,83.13,88.13,98.13,95.63,94.38,91.88,89.08,88.10,85.67,85.67,88.10,89.15
....Negros Oriental,"STRING BEANS, 1 KG",..,..,..,..,..,..,..,..,..,..,..,..,..,..,..,..,..,..,..,..,..,..,..,..,..,..,..,..,..,..,..,..,..,..,..,..,..,..,..,..,..,..,..,..,..,..,..,..,..,..,..,..,..,..,..,..,..,..,..,..,..,..,..,..,..,..,..,..,..,..,..,..,..,..,..,..,..,..,..,..,..,..,..,..,..,..,..,..,..,..,..,..,..,..,..,..,..,..,..,..,..,..,..,..,..,..,..,..,..,..,..,..,..,..,..,..,..,..,..,..,..,..,..,..,..,..,..,..,..,..
....Siquijor,"RAW PEANUT, SHELLED, 1 KG",80.48,80.48,79.13,79.13,79.13,78.75,78.75,78.75,79.38,82.13,82.13,82.13,80.03,82.13,82.13,88.13,88.75,88.75,88.75,88.75,88.75,88.75,88.75,88.75,88.75,87.60,88.75,88.00,88.00,88.00,88.00,88.75,88.75,88.75,88.75,88.75,88.75,88.75,88.50,94.38,86.25,86.88,86.50,86.25,86.25,86.25,86.88,92.50,92.50,91.75,91.50,88.99,92.00,92.00,90.75,92.00,92.25,91.63,91.63,91.63,91.63,92.38,92.25,92.88,91.92,94.38,93.13,92.00,91.88,91.50,91.13,90.25,88.88,91.13,91.13,87.38,88.00,90.90,87.63,87.63,89.00,88.00,87.00,87.00,88.25,88.25,86.88,91.25,91.25,108.13,90.02,97.88,101.63,101.63,92.63,92.63,92.63,93.88,93.88,93.88,92.88,91.88,93.88,94.94,94.75,95.75,95.75,95.75,95.75,95.75,95.75,95.75,95.75,93.25,92.00,90.75,94.73,90.75,90.75,89.50,89.50,90.13,92.50,93.13,93.13,91.65,93.13,93.13,94.61,91.83
....Siquijor,"RAW PEANUT, UNSHELLED, 1 KG",..,..,..,..,..,..,..,..,..,..,..,..,..,..,..,..,..,..,..,..,..,..,..,..,..,..,..,..,..,..,..,..,..,..,..,..,..,..,..,..,..,..,..,..,..,..,..,..,..,..,..,..,..,..,..,..,..,..,..,..,..,..,..,..,..,..,..,..,..,..,..,..,..,..,..,..,..,..,..,..,..,..,..,..,..,..,..,..,..,..,..,..,..,..,..,..,..,..,..,..,..,..,..,..,..,..,..,..,..,..,..,..,..,..,..,..,..,..,..,..,..,..,..,..,..,..,..,..,..,..
....Siquijor,"BAGUIO BEANS, 1 KG",..,..,..,..,..,..,..,..,..,..,..,..,..,..,..,..,..,..,..,..,..,..,..,..,..,..,..,..,..,..,..,..,..,..,..,..,..,..,..,..,..,..,..,..,..,..,..,..,..,..,..,..,..,..,..,..,..,..,..,..,..,..,..,..,..,..,..,..,..,..,..,..,..,..,..,..,..,..,..,..,..,..,..,..,..,..,..,..,..,..,..,..,..,..,..,..,..,..,..,..,..,..,..,..,..,..,..,..,..,..,..,..,..,..,..,..,..,..,..,..,..,..,..,..,..,..,..,..,..,..
....Siquijor,"MONGGO, GREEN, 1 KG",75.92,75.27,70.63,70.63,65.50,67.78,65.42,65.82,63.05,63.46,63.70,63.70,67.57,62.88,62.88,64.35,64.35,64.35,65.17,64.03,63.54,60.61,61.42,61.42,62.00,63.08,71.20,78.62,79.43,77.72,80.33,80.49,80.66,80.66,79.85,80.50,82.94,82.94,79.61,84.57,84.57,83.76,84.74,84.74,84.74,84.74,84.74,84.41,84.41,81.97,81.32,84.06,81.32,81.64,80.17,79.85,79.68,78.87,79.68,79.11,78.87,79.36,78.54,78.54,79.64,79.36,80.25,79.93,80.01,80.01,78.88,78.06,77.74,79.04,78.88,78.22,77.41,78.98,77.81,78.22,81.48,83.11,81.48,82.30,82.30,81.08,76.19,75.37,75.37,77.00,79.31,75.78,74.97,72.04,76.11,76.11,78.97,77.75,77.75,77.75,77.13,76.50,76.50,76.45,76.50,74.00,74.00,78.67,76.50,76.50,76.50,80.00,80.00,81.00,79.25,80.25,77.76,80.25,82.75,85.50,90.75,94.75,97.50,96.00,97.25,84.63,90.75,88.75,89.50,89.87
....Siquijor,"STRING BEANS, 1 KG",..,..,..,..,..,..,..,..,..,..,..,..,..,..,..,..,..,..,..,..,..,..,..,..,..,..,..,..,..,..,..,..,..,..,..,..,..,..,..,..,..,..,..,..,..,..,..,..,..,..,..,..,..,..,..,..,..,..,..,..,..,..,..,..,..,..,..,..,..,..,..,..,..,..,..,..,..,..,..,..,..,..,..,..,..,..,..,..,..,..,..,..,..,..,..,..,..,..,..,..,..,..,..,..,..,..,..,..,..,..,..,..,..,..,..,..,..,..,..,..,..,..,..,..,..,..,..,..,..,..
..REGION VIII (EASTERN VISAYAS),"RAW PEANUT, SHELLED, 1 KG",74.76,74.76,76.04,76.97,77.30,77.42,77.42,76.30,78.22,78.00,80.56,76.71,77.04,79.28,80.24,80.56,80.09,80.09,76.24,76.88,77.86,78.35,77.42,77.75,79.28,78.67,81.06,81.91,81.72,82.65,85.03,87.13,91.49,90.75,90.75,91.12,90.79,91.16,87.13,92.11,87.49,92.49,93.19,93.55,94.17,94.17,94.38,95.25,96.29,96.29,97.62,93.92,100.12,99.80,103.44,104.58,106.66,106.87,108.80,109.36,112.35,117.96,117.76,117.96,108.81,120.18,121.95,123.30,123.90,119.50,120.64,121.27,122.20,121.58,124.07,124.07,124.07,122.23,124.07,124.18,124.18,124.07,123.91,123.91,122.04,124.54,124.54,124.70,126.41,128.28,124.57,129.53,129.53,129.53,130.78,135.94,138.44,139.69,139.69,139.69,140.00,140.00,140.00,136.07,143.13,146.81,146.81,144.34,148.62,149.40,147.52,146.90,145.65,141.65,139.47,136.61,144.74,136.65,136.65,136.03,135.09,136.03,136.81,137.95,136.74,136.74,136.74,136.74,136.74,136.58
..REGION VIII (EASTERN VISAYAS),"RAW PEANUT, UNSHELLED, 1 KG",102.50,102.50,102.50,102.50,102.50,102.50,102.50,102.50,102.50,102.50,102.50,102.50,102.50,102.50,102.50,102.50,102.50,102.50,102.50,102.50,102.50,102.50,102.50,102.50,102.50,102.50,102.50,102.50,102.50,102.50,102.50,102.50,102.50,102.50,102.50,102.50,102.50,102.50,102.50,102.50,102.50,102.50,102.50,102.50,102.50,102.50,102.50,102.50,102.50,102.50,102.50,102.50,102.50,102.50,102.50,102.50,102.50,102.50,102.50,102.50,102.50,102.50,102.50,102.50,102.50,102.50,102.50,102.50,102.50,102.50,102.50,102.50,102.50,102.50,102.50,102.50,102.50,102.50,102.50,102.50,102.50,102.50,102.50,102.50,99.38,99.38,99.38,99.38,100.63,101.88,101.25,101.88,101.88,101.88,108.13,108.75,111.25,108.75,108.75,108.75,108.75,107.50,107.50,106.98,106.25,106.25,106.25,106.25,106.25,105.00,105.00,98.13,98.13,91.88,91.88,91.88,101.10,91.88,92.50,92.50,88.13,91.25,93.75,95.00,95.00,95.00,95.00,95.00,95.00,93.33
..REGION VIII (EASTERN VISAYAS),"BAGUIO BEANS, 1 KG",66.97,69.47,69.47,67.00,69.83,69.99,67.16,62.85,65.87,66.30,68.02,69.22,67.68,70.94,73.94,71.81,66.80,69.94,71.44,67.89,70.06,69.98,71.83,73.64,78.36,71.39,77.40,90.78,78.23,81.15,77.09,77.12,80.56,79.80,78.72,78.79,78.88,81.49,80.00,90.23,86.21,78.66,77.70,81.27,83.13,83.13,80.75,75.69,74.82,80.96,81.78,81.19,84.28,81.22,79.47,79.45,82.44,90.88,92.25,91.19,84.94,86.44,88.07,92.41,86.09,94.13,95.08,90.14,94.39,92.44,91.00,92.25,91.88,91.57,92.88,95.13,95.13,93.00,107.50,105.32,102.07,97.82,98.44,99.07,96.25,97.32,88.44,90.94,90.00,89.69,96.91,90.32,96.88,94.69,93.44,93.13,100.00,93.44,91.25,94.07,90.63,94.38,100.00,94.35,97.50,90.63,95.00,93.34,95.32,95.63,92.50,88.75,92.50,94.38,97.50,103.44,94.71,113.75,125.63,119.38,103.75,103.13,105.63,96.88,96.24,92.67,95.13,96.36,99.86,104.03
..REGION VIII (EASTERN VISAYAS),"MONGGO, GREEN, 1 KG",85.47,85.62,85.86,83.56,82.05,82.10,84.88,84.41,84.52,82.91,83.68,83.47,84.04,83.19,82.23,82.61,78.51,79.98,79.67,80.06,80.41,77.43,76.71,79.73,83.52,80.34,84.94,87.54,88.62,88.83,88.06,87.55,87.26,88.65,88.79,91.18,92.36,91.35,88.76,93.93,93.53,93.91,93.66,94.28,92.36,93.61,93.40,93.72,94.11,96.21,96.21,94.08,97.21,96.94,96.46,96.84,96.77,98.23,100.38,99.02,99.65,101.11,102.71,103.81,99.09,105.21,107.25,101.36,103.65,104.69,104.44,103.61,103.71,104.67,106.96,107.88,106.42,104.99,106.42,106.21,105.06,105.79,106.86,105.90,104.61,107.06,104.46,103.90,103.27,101.61,105.10,99.42,101.09,102.96,104.00,103.27,103.06,101.61,101.40,102.62,103.24,103.45,104.91,102.59,105.12,102.20,100.62,103.61,104.69,104.90,105.94,102.92,94.79,91.67,93.54,95.11,100.43,95.73,96.98,97.61,98.54,99.17,99.06,98.75,101.61,103.44,103.60,103.38,102.13,100.00
..REGION VIII (EASTERN VISAYAS),"STRING BEANS, 1 KG",22.50,22.61,22.50,22.32,22.67,24.75,26.17,24.90,26.52,27.12,24.53,24.35,24.25,23.43,23.43,23.73,22.18,23.43,23.82,23.72,23.72,24.83,25.18,26.66,31.32,24.62,33.90,37.10,38.70,37.39,37.70,35.45,35.62,36.08,42.53,42.53,45.21,51.23,39.45,53.91,53.61,50.93,47.25,39.92,35.96,37.01,37.28,35.89,35.34,39.79,42.43,42.44,43.13,42.99,42.78,43.75,43.47,44.31,44.03,42.50,41.80,42.36,42.36,43.75,43.10,50.42,53.75,55.63,48.13,46.88,40.21,39.79,45.63,44.79,45.21,48.13,46.04,47.05,62.71,70.63,67.71,53.13,51.46,48.54,49.38,48.13,47.92,48.96,48.75,48.75,53.84,64.38,67.24,66.92,60.47,55.19,54.99,52.90,50.92,53.52,54.56,54.56,53.73,57.45,58.73,59.98,58.52,58.52,58.93,54.98,49.77,50.39,51.42,55.19,64.17,70.42,57.59,77.92,83.75,93.96,89.58,89.38,78.54,73.33,74.98,79.82,85.72,80.45,87.66,82.92
....Biliran,"RAW PEANUT, SHELLED, 1 KG",102.50,102.50,107.63,110.19,110.19,110.19,110.19,105.06,112.75,110.19,120.44,105.06,108.91,115.31,119.16,120.44,117.88,117.88,102.50,105.06,107.63,107.63,102.50,102.50,102.50,110.08,107.63,110.19,102.50,102.50,110.19,107.63,107.63,102.50,102.50,100.00,100.00,100.00,104.44,100.00,80.00,100.00,100.00,100.00,100.00,100.00,100.00,100.00,100.00,100.00,100.00,98.33,110.00,100.00,100.00,100.00,100.00,100.00,100.00,100.00,95.00,100.00,90.00,91.25,98.85,86.00,86.00,86.00,78.00,60.00,60.00,60.00,60.00,60.00,60.00,60.00,60.00,68.00,60.00,60.00,60.00,60.00,60.00,60.00,60.00,60.00,60.00,60.00,60.00,65.00,60.42,70.00,70.00,70.00,75.00,90.00,95.00,100.00,100.00,100.00,100.00,100.00,100.00,89.17,100.00,102.86,102.86,105.71,105.71,105.71,105.71,105.71,105.71,102.86,102.86,101.43,103.93,102.86,102.86,102.86,102.86,102.86,102.86,104.29,99.44,99.44,99.44,99.44,99.44,101.55
....Biliran,"RAW PEANUT, UNSHELLED, 1 KG",..,..,..,..,..,..,..,..,..,..,..,..,..,..,..,..,..,..,..,..,..,..,..,..,..,..,..,..,..,..,..,..,..,..,..,..,..,..,..,..,..,..,..,..,..,..,..,..,..,..,..,..,..,..,..,..,..,..,..,..,..,..,..,..,..,..,..,..,..,..,..,..,..,..,..,..,..,..,..,..,..,..,..,..,..,..,..,..,..,..,..,..,..,..,..,..,..,..,..,..,..,..,..,..,..,..,..,..,..,..,..,..,..,..,..,..,..,..,..,..,..,..,..,..,..,..,..,..,..,..
....Biliran,"BAGUIO BEANS, 1 KG",..,..,..,..,..,..,..,..,..,..,..,..,..,..,..,..,..,..,..,..,..,..,..,..,..,..,..,..,..,..,..,..,..,..,..,..,..,..,..,..,..,..,..,..,..,..,..,..,..,..,..,..,..,..,..,..,..,..,..,..,..,..,..,..,..,..,..,..,..,..,..,..,..,..,..,..,..,..,..,..,..,..,..,..,..,..,..,..,..,..,..,..,..,..,..,..,..,..,..,..,..,..,..,..,..,..,..,..,..,..,..,..,..,..,..,..,..,..,..,..,..,..,..,..,..,..,..,..,..,..
....Biliran,"MONGGO, GREEN, 1 KG",84.20,82.98,82.98,77.31,77.72,77.31,85.00,82.98,81.77,80.55,82.57,77.72,81.09,78.52,77.72,77.31,71.64,74.07,72.86,76.09,75.70,74.07,72.05,79.34,82.57,76.00,84.59,89.45,89.86,93.91,92.29,89.45,88.65,91.88,95.00,101.88,92.50,93.75,91.93,97.50,95.00,98.75,93.13,94.38,92.50,91.25,88.75,89.38,91.25,96.25,90.63,93.23,95.00,93.75,91.25,91.25,90.63,85.00,85.63,87.50,86.25,88.75,85.00,85.00,88.75,83.75,86.25,85.00,86.25,92.50,98.75,88.75,90.63,90.00,87.50,95.00,92.50,89.74,98.75,100.00,96.25,93.75,100.00,86.88,78.75,91.25,92.50,93.75,92.50,87.50,92.66,85.00,87.50,93.75,93.75,92.50,97.50,95.00,91.25,97.50,92.50,93.75,97.50,93.13,98.75,97.50,92.50,93.75,93.75,87.50,98.75,100.00,100.00,100.00,102.50,101.25,97.19,101.25,100.00,103.75,100.00,100.00,93.75,100.63,100.01,100.01,97.54,101.24,101.24,99.95
....Biliran,"STRING BEANS, 1 KG",..,..,..,..,..,..,..,..,..,..,..,..,..,..,..,..,..,..,..,..,..,..,..,..,..,..,..,..,..,..,..,..,..,..,..,..,..,..,..,..,..,..,..,..,..,..,..,..,..,..,..,..,..,..,..,..,..,..,..,..,..,..,..,..,..,..,..,..,..,..,..,..,..,..,..,..,..,..,..,..,..,..,..,..,..,..,..,..,..,..,..,..,..,..,..,..,..,..,..,..,..,..,..,..,..,..,..,..,..,..,..,..,..,..,..,..,..,..,..,..,..,..,..,..,..,..,..,..,..,..
....Eastern Samar,"RAW PEANUT, SHELLED, 1 KG",..,..,..,..,..,..,..,..,..,..,..,..,..,..,..,..,..,..,..,..,..,..,..,..,..,..,..,..,..,..,..,..,..,..,..,..,..,..,..,..,..,..,..,..,..,..,..,..,..,..,..,..,..,..,..,..,..,..,..,..,..,..,..,..,..,..,..,..,..,..,..,..,..,..,..,..,..,..,..,..,..,..,..,..,..,..,..,..,..,..,..,..,..,..,..,..,..,..,..,..,..,..,..,..,..,..,..,..,..,..,..,..,..,..,..,..,..,..,..,..,..,..,..,..,..,..,..,..,..,..
....Eastern Samar,"RAW PEANUT, UNSHELLED, 1 KG",..,..,..,..,..,..,..,..,..,..,..,..,..,..,..,..,..,..,..,..,..,..,..,..,..,..,..,..,..,..,..,..,..,..,..,..,..,..,..,..,..,..,..,..,..,..,..,..,..,..,..,..,..,..,..,..,..,..,..,..,..,..,..,..,..,..,..,..,..,..,..,..,..,..,..,..,..,..,..,..,..,..,..,..,..,..,..,..,..,..,..,..,..,..,..,..,..,..,..,..,..,..,..,..,..,..,..,..,..,..,..,..,..,..,..,..,..,..,..,..,..,..,..,..,..,..,..,..,..,..
....Eastern Samar,"BAGUIO BEANS, 1 KG",67.22,72.40,72.40,70.67,79.29,79.29,74.12,65.50,71.54,72.40,75.84,77.57,73.19,81.01,86.18,81.01,70.14,75.84,78.43,75.84,75.58,75.58,79.29,82.74,91.35,79.42,87.91,113.77,87.91,93.42,84.47,80.67,86.88,85.32,82.74,82.74,82.74,87.91,88.04,105.15,97.22,81.88,77.14,84.29,87.50,87.50,83.75,75.00,72.50,85.00,87.50,85.37,92.50,85.00,81.25,82.50,87.50,102.50,102.50,100.00,87.50,87.50,90.00,97.50,91.35,97.50,97.50,87.50,96.25,91.25,90.00,92.50,90.00,88.75,90.00,95.00,95.00,92.60,102.50,102.50,101.25,97.50,97.50,100.00,93.75,95.00,91.25,95.00,95.00,95.00,97.19,95.00,100.00,100.00,102.50,96.25,102.50,100.00,100.00,105.00,105.00,107.50,110.00,101.98,107.50,105.00,105.00,105.00,105.00,107.50,107.50,102.50,107.50,105.00,112.50,112.50,106.88,122.50,132.50,125.00,107.50,117.50,115.00,105.00,105.49,98.36,103.28,105.74,109.18,112.25
....Eastern Samar,"MONGGO, GREEN, 1 KG",96.26,97.11,97.11,97.94,89.57,89.57,96.26,92.08,92.08,92.08,92.08,88.73,93.41,85.38,85.38,87.89,84.59,87.06,84.55,83.70,86.47,84.63,82.04,87.06,97.11,86.32,95.43,97.11,101.28,97.94,95.43,92.08,92.08,93.75,94.59,96.76,97.94,91.24,95.47,99.62,96.26,93.75,93.75,92.50,93.75,95.00,96.25,98.57,95.63,91.25,95.00,95.11,96.88,93.75,93.75,90.00,90.00,92.50,93.75,90.00,92.50,93.75,93.75,90.00,92.55,90.00,90.00,90.00,92.50,90.00,91.25,93.75,93.75,93.75,92.50,90.00,90.00,91.46,91.25,88.75,87.50,92.50,92.50,88.75,90.00,91.25,96.25,97.50,87.50,92.50,91.35,92.50,92.50,90.00,92.50,95.00,92.50,93.75,95.00,97.50,97.50,95.00,96.25,94.17,95.00,90.00,90.00,93.33,97.50,100.00,98.75,102.50,100.00,100.00,100.00,100.00,97.26,100.00,102.50,100.00,100.00,100.00,107.50,105.00,103.92,103.92,105.00,105.00,105.00,103.15
....Eastern Samar,"STRING BEANS, 1 KG",14.21,14.53,14.21,14.84,15.89,20.13,24.38,20.56,25.43,25.43,22.79,22.26,19.56,19.50,19.50,19.50,19.50,19.50,20.66,20.35,20.35,20.35,21.41,24.17,28.19,21.08,31.80,33.92,31.80,29.67,33.92,35.51,43.46,38.15,44.18,44.18,52.21,70.28,40.76,78.32,78.32,70.28,64.26,46.02,43.51,46.02,44.35,45.18,43.51,49.37,53.55,55.22,56.90,57.73,55.22,51.88,51.04,53.55,50.20,46.86,46.02,47.69,47.69,51.88,51.39,51.88,61.88,82.50,65.00,60.00,57.50,56.25,57.50,53.75,55.00,55.00,55.00,59.27,80.00,103.75,95.00,56.25,66.25,62.50,60.00,61.25,60.63,63.75,62.50,62.50,69.53,78.75,90.00,87.50,73.75,62.50,61.25,55.00,48.75,60.00,65.00,65.00,60.00,67.29,75.00,80.00,73.75,73.75,73.75,61.88,46.25,48.13,48.75,60.00,68.75,77.50,65.63,81.25,90.00,110.00,100.00,87.50,75.00,70.00,69.35,75.00,84.13,81.96,83.92,84.01
....Leyte,"RAW PEANUT, SHELLED, 1 KG",71.25,71.25,71.25,72.40,72.40,72.86,72.86,72.86,72.86,72.86,72.86,72.86,72.38,72.86,72.86,72.86,72.86,72.86,72.86,72.86,72.86,72.86,72.86,72.86,72.86,72.86,72.86,72.86,72.86,72.86,72.86,72.86,72.86,72.86,72.86,72.86,72.86,72.86,72.86,72.86,72.86,72.86,72.86,74.29,74.29,74.29,74.29,74.29,74.29,74.29,74.29,73.81,74.29,74.29,74.29,74.29,74.29,74.29,74.29,70.71,74.17,75.83,77.50,77.50,74.65,80.00,80.00,85.00,85.00,85.00,85.00,86.25,86.25,86.25,86.25,86.25,86.25,84.79,86.25,86.25,86.25,86.25,83.13,83.13,83.13,83.13,83.13,83.13,85.00,86.88,84.64,86.88,86.88,86.88,86.88,92.50,97.50,97.50,97.50,97.50,98.75,98.75,98.75,93.86,98.75,98.75,98.75,95.83,103.75,106.88,106.88,104.38,104.38,98.75,98.75,100.00,101.32,98.75,98.75,98.75,94.38,98.13,101.88,104.38,104.38,104.38,104.38,104.38,104.38,101.41
....Leyte,"RAW PEANUT, UNSHELLED, 1 KG",102.50,102.50,102.50,102.50,102.50,102.50,102.50,102.50,102.50,102.50,102.50,102.50,102.50,102.50,102.50,102.50,102.50,102.50,102.50,102.50,102.50,102.50,102.50,102.50,102.50,102.50,102.50,102.50,102.50,102.50,102.50,102.50,102.50,102.50,102.50,102.50,102.50,102.50,102.50,102.50,102.50,102.50,102.50,102.50,102.50,102.50,102.50,102.50,102.50,102.50,102.50,102.50,102.50,102.50,102.50,102.50,102.50,102.50,102.50,102.50,102.50,102.50,102.50,102.50,102.50,102.50,102.50,102.50,102.50,102.50,102.50,102.50,102.50,102.50,102.50,102.50,102.50,102.50,102.50,102.50,102.50,102.50,102.50,102.50,99.38,99.38,99.38,99.38,100.63,101.88,101.25,101.88,101.88,101.88,108.13,108.75,111.25,108.75,108.75,108.75,108.75,107.50,107.50,106.98,106.25,106.25,106.25,106.25,106.25,105.00,105.00,98.13,98.13,91.88,91.88,91.88,101.10,91.88,92.50,92.50,88.13,91.25,93.75,95.00,95.00,95.00,95.00,95.00,95.00,93.33
....Leyte,"BAGUIO BEANS, 1 KG",..,..,..,..,..,..,..,..,..,..,..,..,..,..,..,..,..,..,..,..,..,..,..,..,..,..,..,..,..,..,..,..,..,..,..,..,..,..,..,..,..,..,..,..,..,..,..,..,..,..,..,..,..,..,..,..,..,..,..,..,..,..,..,..,..,..,..,..,..,..,..,..,..,..,..,..,..,..,..,..,..,..,..,..,..,..,..,..,..,..,..,..,..,..,..,..,..,..,..,..,..,..,..,..,..,..,..,..,..,..,..,..,..,..,..,..,..,..,..,..,..,..,..,..,..,..,..,..,..,..
....Leyte,"MONGGO, GREEN, 1 KG",93.69,92.85,91.20,90.36,90.36,88.71,88.71,88.71,87.88,87.88,84.56,84.56,89.12,83.74,82.90,82.08,82.90,82.90,82.90,82.90,82.90,82.90,82.90,82.90,86.22,83.18,86.22,86.22,86.22,86.22,82.90,82.90,81.25,81.25,80.63,80.63,80.63,80.63,82.98,80.63,81.88,81.88,81.88,83.13,83.13,80.63,80.63,80.63,80.63,80.63,81.88,81.46,81.88,81.88,81.88,81.88,81.88,81.88,81.88,81.88,81.88,81.88,81.25,81.25,81.78,81.25,81.25,81.25,81.25,81.25,81.25,81.25,81.25,83.13,83.13,83.13,83.13,81.88,83.13,83.13,83.13,83.13,81.25,81.25,82.50,80.00,76.88,73.75,78.75,73.75,80.05,80.63,90.00,89.38,93.13,85.00,81.25,81.25,81.25,81.25,81.25,81.25,81.25,83.91,80.00,80.00,80.00,85.83,81.88,83.75,83.75,83.75,81.88,80.63,86.25,89.38,83.09,95.63,96.88,98.13,105.00,105.00,98.13,98.13,118.81,129.78,129.78,129.78,130.48,111.29
....Leyte,"STRING BEANS, 1 KG",..,..,..,..,..,..,..,..,..,..,..,..,..,..,..,..,..,..,..,..,..,..,..,..,..,..,..,..,..,..,..,..,..,..,..,..,..,..,..,..,..,..,..,..,..,..,..,..,..,..,..,..,..,..,..,..,..,..,..,..,..,..,..,..,..,..,..,..,..,..,..,..,..,..,..,..,..,..,..,..,..,..,..,..,..,..,..,..,..,..,..,..,..,..,..,..,..,..,..,..,..,..,..,..,..,..,..,..,..,..,..,..,..,..,..,..,..,..,..,..,..,..,..,..,..,..,..,..,..,..
....Northern Samar,"RAW PEANUT, SHELLED, 1 KG",41.25,41.25,41.25,41.25,41.25,41.25,41.25,41.25,41.25,41.25,41.25,41.25,41.25,41.25,41.25,41.25,41.25,41.25,41.25,41.25,41.25,41.25,42.65,43.98,48.10,42.17,48.10,48.10,55.03,58.41,58.41,68.73,82.50,82.50,82.50,82.50,80.00,80.00,68.90,80.00,80.00,80.00,80.00,80.00,80.00,80.00,80.00,80.00,85.00,85.00,85.00,81.25,85.00,86.25,86.25,88.75,96.25,96.25,105.63,105.63,112.50,112.50,120.00,120.00,101.25,120.00,120.00,120.00,120.00,120.00,120.00,121.25,125.00,122.50,125.00,125.00,125.00,121.98,125.00,125.00,125.00,125.00,125.00,125.00,117.50,127.50,127.50,128.13,128.13,128.75,125.63,128.75,128.75,128.75,128.75,128.75,128.75,128.75,128.75,128.75,128.75,128.75,128.75,128.75,141.25,153.13,153.13,143.33,152.50,152.50,145.00,145.00,140.00,132.50,123.75,112.50,141.22,112.50,112.50,110.00,110.63,110.63,110.00,110.63,110.63,110.63,110.63,110.63,110.63,110.84
....Northern Samar,"RAW PEANUT, UNSHELLED, 1 KG",..,..,..,..,..,..,..,..,..,..,..,..,..,..,..,..,..,..,..,..,..,..,..,..,..,..,..,..,..,..,..,..,..,..,..,..,..,..,..,..,..,..,..,..,..,..,..,..,..,..,..,..,..,..,..,..,..,..,..,..,..,..,..,..,..,..,..,..,..,..,..,..,..,..,..,..,..,..,..,..,..,..,..,..,..,..,..,..,..,..,..,..,..,..,..,..,..,..,..,..,..,..,..,..,..,..,..,..,..,..,..,..,..,..,..,..,..,..,..,..,..,..,..,..,..,..,..,..,..,..
....Northern Samar,"BAGUIO BEANS, 1 KG",..,..,..,..,..,..,..,..,..,..,..,..,..,..,..,..,..,..,..,..,..,..,..,..,..,..,..,..,..,..,..,..,..,..,..,..,..,..,..,..,..,..,..,..,..,..,..,..,..,..,..,..,..,..,..,..,..,..,..,..,..,..,..,..,..,..,..,..,..,..,..,..,..,..,..,..,..,..,..,..,..,..,..,..,..,..,..,..,..,..,..,..,..,..,..,..,..,..,..,..,..,..,..,..,..,..,..,..,..,..,..,..,..,..,..,..,..,..,..,..,..,..,..,..,..,..,..,..,..,..
....Northern Samar,"MONGGO, GREEN, 1 KG",90.00,90.00,90.00,78.33,78.33,80.00,80.00,80.00,80.00,80.00,80.00,80.00,82.22,80.00,80.00,80.00,70.00,70.00,78.33,78.33,78.33,63.33,63.33,70.00,70.00,73.47,71.67,79.17,80.00,80.00,80.00,81.67,80.00,81.67,80.00,80.00,92.50,92.50,81.60,95.00,95.00,95.00,95.00,97.50,85.00,95.00,95.00,90.00,90.00,100.00,100.00,94.38,100.00,100.00,100.00,102.50,102.50,112.50,115.00,110.00,110.00,110.00,110.00,110.00,106.88,110.00,110.00,90.00,95.00,95.00,87.50,90.00,87.50,87.50,97.50,102.50,95.00,95.63,87.50,87.50,87.50,87.50,87.50,100.00,95.00,90.00,90.00,92.50,97.50,97.50,91.67,82.50,82.50,82.50,82.50,82.50,82.50,82.50,82.50,82.50,95.00,95.00,95.00,85.63,97.50,88.75,88.75,100.00,95.00,96.25,93.75,98.75,98.75,90.00,90.00,98.75,94.69,98.75,101.25,105.00,100.00,97.50,106.25,105.00,106.26,105.00,106.27,103.74,96.15,102.60
....Northern Samar,"STRING BEANS, 1 KG",42.50,42.50,42.50,41.33,41.33,43.33,43.33,43.33,43.33,43.33,40.00,40.00,42.23,40.00,40.00,40.00,36.25,40.00,40.00,40.00,40.00,43.33,43.33,45.00,49.58,41.46,54.58,56.67,60.00,60.00,56.67,48.33,40.00,46.67,60.00,60.00,60.00,60.00,55.24,60.00,60.00,60.00,55.00,51.25,41.88,42.50,43.75,40.00,40.00,46.25,50.00,49.22,50.00,50.00,50.00,56.25,56.25,56.25,58.75,58.75,60.00,60.00,60.00,60.00,56.35,80.00,80.00,65.00,60.00,61.25,42.50,42.50,56.25,57.50,57.50,66.25,60.00,60.73,85.00,85.00,85.00,80.00,65.00,60.00,65.00,60.00,60.00,60.00,60.00,60.00,68.75,87.50,80.00,80.00,80.00,75.00,72.50,72.50,72.50,72.50,70.00,70.00,70.00,75.21,70.00,68.75,71.25,71.25,71.25,71.25,71.25,72.50,71.25,68.75,61.25,66.25,69.58,67.50,71.25,81.88,82.50,88.13,86.88,85.00,85.60,80.71,89.27,84.38,99.05,83.51
....Western Samar,"RAW PEANUT, SHELLED, 1 KG",..,..,..,..,..,..,..,..,..,..,..,..,..,..,..,..,..,..,..,..,..,..,..,..,..,..,..,..,..,..,..,..,..,..,..,..,..,..,..,..,..,..,..,..,..,..,..,..,..,..,..,..,..,..,..,..,..,..,..,..,..,..,..,..,..,..,..,..,..,..,..,..,..,..,..,..,..,..,..,..,..,..,..,..,..,..,..,..,..,..,..,..,..,..,..,..,..,..,..,..,..,..,..,..,..,..,..,..,..,..,..,..,..,..,..,..,..,..,..,..,..,..,..,..,..,..,..,..,..,..
....Western Samar,"RAW PEANUT, UNSHELLED, 1 KG",..,..,..,..,..,..,..,..,..,..,..,..,..,..,..,..,..,..,..,..,..,..,..,..,..,..,..,..,..,..,..,..,..,..,..,..,..,..,..,..,..,..,..,..,..,..,..,..,..,..,..,..,..,..,..,..,..,..,..,..,..,..,..,..,..,..,..,..,..,..,..,..,..,..,..,..,..,..,..,..,..,..,..,..,..,..,..,..,..,..,..,..,..,..,..,..,..,..,..,..,..,..,..,..,..,..,..,..,..,..,..,..,..,..,..,..,..,..,..,..,..,..,..,..,..,..,..,..,..,..
....Western Samar,"BAGUIO BEANS, 1 KG",..,..,..,..,..,..,..,..,..,..,..,..,..,..,..,..,..,..,..,..,..,..,..,..,..,..,..,..,..,..,..,..,..,..,..,..,..,..,..,..,..,..,..,..,..,..,..,..,..,..,..,..,..,..,..,..,..,..,..,..,..,..,..,..,..,..,..,..,..,..,..,..,..,..,..,..,..,..,..,..,..,..,..,..,..,..,..,..,..,..,..,..,..,..,..,..,..,..,..,..,..,..,..,..,..,..,..,..,..,..,..,..,..,..,..,..,..,..,..,..,..,..,..,..,..,..,..,..,..,..
....Western Samar,"MONGGO, GREEN, 1 KG",81.43,83.55,85.68,81.43,81.43,81.43,81.43,84.82,86.52,78.04,83.98,89.91,83.30,91.61,86.52,86.52,78.04,81.10,74.31,74.31,74.02,74.02,74.31,73.46,78.89,78.93,84.82,84.82,84.82,84.82,84.82,83.13,84.82,86.52,84.82,89.91,91.61,91.61,86.38,91.61,94.16,95.00,95.00,95.00,95.00,95.00,95.00,95.00,95.00,95.00,95.00,94.65,95.00,95.00,92.50,92.50,91.25,88.75,90.00,88.75,91.25,90.00,93.75,96.25,92.08,96.25,96.25,95.00,96.25,95.00,91.25,91.25,87.50,88.75,96.25,96.25,97.50,93.96,97.50,97.50,98.75,97.50,97.50,95.00,95.00,97.50,98.75,97.50,95.00,92.50,96.67,90.00,88.13,95.00,95.00,97.50,97.50,90.00,92.50,92.50,90.00,92.50,95.00,92.97,95.00,95.00,92.38,93.75,92.50,95.00,93.75,95.00,93.75,91.25,92.50,92.50,93.53,92.50,95.00,92.50,98.75,102.50,98.75,101.25,98.75,100.00,98.75,96.25,95.63,97.55
....Western Samar,"STRING BEANS, 1 KG",10.80,10.80,10.80,10.80,10.80,10.80,10.80,10.80,10.80,12.61,10.80,10.80,10.95,10.80,10.80,11.70,10.80,10.80,10.80,10.80,10.80,10.80,10.80,10.80,16.20,11.33,15.31,20.71,24.30,22.50,22.50,22.50,23.41,23.41,23.41,23.41,23.41,23.41,22.36,23.41,22.50,22.50,22.50,22.50,22.50,22.50,23.75,22.50,22.50,23.75,23.75,22.89,22.50,21.25,23.13,23.13,23.13,23.13,23.13,21.88,19.38,19.38,19.38,19.38,21.57,19.38,19.38,19.38,19.38,19.38,20.63,20.63,23.13,23.13,23.13,23.13,23.13,21.15,23.13,23.13,23.13,23.13,23.13,23.13,23.13,23.13,23.13,23.13,23.75,23.75,23.23,26.88,31.71,33.27,27.65,28.08,31.21,31.21,31.50,28.05,28.68,28.68,31.18,29.84,31.18,31.18,30.55,30.55,31.80,31.80,31.80,30.55,34.25,36.83,62.50,67.50,37.54,85.00,90.00,90.00,86.25,92.50,73.75,65.00,70.00,83.75,83.75,75.00,80.00,81.25
....Southern Leyte,"RAW PEANUT, SHELLED, 1 KG",84.02,84.02,84.02,84.02,85.36,85.36,85.36,86.02,86.02,87.68,87.68,87.68,85.60,87.68,87.68,87.68,88.35,88.35,88.35,88.35,89.68,91.67,91.67,91.67,93.66,89.57,95.65,96.48,96.48,96.82,98.64,99.31,102.96,105.12,105.12,109.11,110.28,111.77,102.31,115.59,117.08,117.08,119.90,119.90,122.39,122.39,123.23,126.72,125.88,125.88,131.20,122.27,131.20,138.67,153.20,155.27,156.11,156.94,155.28,161.10,167.74,183.52,183.52,183.10,160.47,194.73,201.79,202.21,212.58,213.00,217.56,217.56,217.56,217.56,225.03,225.03,225.03,214.14,225.03,225.45,225.45,225.03,227.52,227.52,227.52,227.52,227.52,227.52,232.50,232.50,227.59,232.50,232.50,232.50,232.50,232.50,232.50,232.50,232.50,232.50,232.50,232.50,232.50,232.50,232.50,232.50,232.50,232.50,232.50,232.50,232.50,232.50,232.50,232.50,232.50,232.50,232.50,232.50,232.50,232.50,232.50,232.50,232.50,232.50,232.50,232.50,232.50,232.50,232.50,232.50
....Southern Leyte,"RAW PEANUT, UNSHELLED, 1 KG",..,..,..,..,..,..,..,..,..,..,..,..,..,..,..,..,..,..,..,..,..,..,..,..,..,..,..,..,..,..,..,..,..,..,..,..,..,..,..,..,..,..,..,..,..,..,..,..,..,..,..,..,..,..,..,..,..,..,..,..,..,..,..,..,..,..,..,..,..,..,..,..,..,..,..,..,..,..,..,..,..,..,..,..,..,..,..,..,..,..,..,..,..,..,..,..,..,..,..,..,..,..,..,..,..,..,..,..,..,..,..,..,..,..,..,..,..,..,..,..,..,..,..,..,..,..,..,..,..,..
....Southern Leyte,"BAGUIO BEANS, 1 KG",66.71,66.53,66.53,63.33,60.36,60.69,60.19,60.19,60.19,60.19,60.19,60.86,62.16,60.86,61.69,62.61,63.45,64.03,64.45,59.93,64.53,64.37,64.37,64.53,65.37,63.35,66.88,67.79,68.54,68.88,69.71,73.56,74.23,74.28,74.69,74.83,75.01,75.06,71.96,75.31,75.19,75.44,78.25,78.25,78.75,78.75,77.75,76.38,77.13,76.92,76.06,77.02,76.06,77.44,77.69,76.39,77.38,79.25,82.00,82.38,82.38,85.38,86.13,87.31,80.82,90.75,92.66,92.78,92.53,93.63,92.00,92.00,93.75,94.38,95.75,95.25,95.25,93.39,112.50,108.13,102.88,98.13,99.38,98.13,98.75,99.63,85.63,86.88,85.00,84.38,96.62,85.63,93.75,89.38,84.38,90.00,97.50,86.88,82.50,83.13,76.25,81.25,90.00,86.72,87.50,76.25,85.00,81.67,85.63,83.75,77.50,75.00,77.50,83.75,82.50,94.38,82.54,105.00,118.75,113.75,100.00,88.75,96.25,88.75,86.98,86.98,86.98,86.98,90.53,95.81
....Southern Leyte,"MONGGO, GREEN, 1 KG",67.21,67.21,68.21,76.01,74.88,75.55,77.88,77.88,78.88,78.88,78.88,79.88,75.11,79.88,80.88,81.88,83.88,84.72,85.05,85.05,85.05,85.63,85.63,85.63,86.30,84.13,86.88,88.47,89.56,90.06,92.89,96.06,96.73,96.85,97.69,97.88,99.00,98.38,94.20,99.19,98.88,99.08,103.19,103.19,104.75,104.75,104.75,108.75,112.13,114.13,114.75,105.63,114.50,117.25,119.38,122.88,124.38,128.75,136.00,136.00,136.00,142.25,152.50,160.38,132.52,170.00,179.75,166.88,170.63,174.38,176.63,176.63,181.63,184.88,184.88,180.38,180.38,177.25,180.38,180.38,177.25,180.38,182.38,183.50,186.38,192.38,172.38,168.38,168.38,165.88,178.17,165.88,165.88,167.13,167.13,167.13,167.13,167.13,165.88,164.46,163.21,163.21,164.46,165.72,164.46,161.96,160.09,155.00,167.50,166.88,166.88,137.50,94.38,88.13,90.00,88.75,136.79,86.25,86.25,86.25,87.50,90.00,90.00,82.50,81.90,81.90,84.27,84.27,84.27,85.45
....Southern Leyte,"STRING BEANS, 1 KG",..,..,..,..,..,..,..,..,..,..,..,..,..,..,..,..,..,..,..,..,..,..,..,..,..,..,..,..,..,..,..,..,..,..,..,..,..,..,..,..,..,..,..,..,..,..,..,..,..,..,..,..,..,..,..,..,..,..,..,..,..,..,..,..,..,..,..,..,..,..,..,..,..,..,..,..,..,..,..,..,..,..,..,..,..,..,..,..,..,..,..,..,..,..,..,..,..,..,..,..,..,..,..,..,..,..,..,..,..,..,..,..,..,..,..,..,..,..,..,..,..,..,..,..,..,..,..,..,..,..
..REGION IX (ZAMBOANGA PENINSULA),"RAW PEANUT, SHELLED, 1 KG",76.66,76.66,77.18,77.96,79.17,79.29,79.26,79.07,78.50,80.02,80.07,80.69,78.71,82.29,85.43,84.00,84.48,86.07,85.91,88.78,89.50,89.50,87.75,83.69,86.65,86.17,90.41,92.85,92.38,90.69,90.93,90.80,89.00,88.92,89.42,90.17,90.21,90.63,90.53,90.71,90.83,90.83,90.63,90.86,93.01,91.96,91.77,93.01,93.86,92.40,93.86,91.98,93.86,89.52,88.13,87.59,87.38,86.05,87.26,87.59,86.34,86.34,86.17,86.38,87.72,87.54,88.96,87.92,88.79,84.54,84.63,86.08,86.33,88.83,88.41,87.09,87.09,87.18,92.84,94.25,97.58,95.67,97.33,97.33,97.33,96.08,95.04,95.88,95.79,95.79,95.91,94.13,94.13,96.63,94.96,89.59,89.46,89.34,94.03,89.74,89.74,89.86,89.86,91.79,88.07,89.95,91.03,90.74,89.99,89.78,96.11,96.67,97.00,100.27,100.27,102.14,94.34,101.72,101.14,94.72,90.69,93.19,94.31,93.89,93.89,90.00,89.26,90.09,91.41,93.69
..REGION IX (ZAMBOANGA PENINSULA),"RAW PEANUT, UNSHELLED, 1 KG",..,..,..,..,..,..,..,..,..,..,..,..,..,..,..,..,..,..,..,..,..,..,..,..,..,..,..,..,..,..,..,..,..,..,..,..,..,..,..,..,..,..,..,..,..,..,..,..,..,..,..,..,..,..,..,..,..,..,..,..,..,..,..,..,..,..,..,..,..,..,..,..,..,..,..,..,..,..,..,..,..,..,..,..,..,..,..,..,..,..,..,..,..,..,..,..,..,..,..,..,..,..,..,..,..,..,..,..,..,..,..,..,..,..,..,..,..,..,..,..,..,..,..,..,..,..,..,..,..,..
..REGION IX (ZAMBOANGA PENINSULA),"BAGUIO BEANS, 1 KG",..,..,..,..,..,..,..,..,..,..,..,..,..,..,..,..,..,..,..,..,..,..,..,..,..,..,..,..,..,..,..,..,..,..,..,..,..,..,..,..,..,..,..,..,..,..,..,..,..,..,..,..,..,..,..,..,..,..,..,..,..,..,..,..,..,..,..,..,..,..,..,..,..,..,..,..,..,..,..,..,..,..,..,..,..,..,..,..,..,..,..,..,..,..,..,..,..,..,..,..,..,..,..,..,..,..,..,..,..,..,..,..,..,..,..,..,..,..,..,..,..,..,..,..,..,..,..,..,..,..
..REGION IX (ZAMBOANGA PENINSULA),"MONGGO, GREEN, 1 KG",89.07,89.96,89.13,85.04,86.17,85.12,85.32,83.41,82.23,82.64,82.21,79.75,85.00,78.38,77.42,77.62,79.78,80.96,80.34,81.23,79.39,79.16,79.75,83.92,84.72,80.22,86.97,89.08,90.14,91.35,88.59,85.05,85.60,86.67,86.18,88.68,89.38,92.22,88.33,91.81,86.94,87.08,85.00,86.32,91.04,90.70,87.50,90.90,88.61,89.78,92.42,89.01,88.96,90.83,89.03,87.92,87.99,87.15,88.33,88.33,87.83,88.11,85.63,85.69,87.98,87.50,86.11,85.97,86.60,86.46,86.32,87.43,87.36,86.11,86.25,86.46,86.46,86.59,85.96,86.38,84.85,83.40,83.68,84.99,83.54,86.04,86.81,86.39,85.97,85.97,85.33,85.97,86.11,85.83,87.08,85.97,85.77,85.83,84.17,83.75,82.99,83.13,84.79,85.12,84.58,82.92,85.00,83.61,85.00,84.38,86.54,88.54,86.04,87.29,86.79,88.96,85.80,90.42,88.54,93.33,95.63,95.33,93.33,94.38,90.27,96.57,97.30,95.92,98.27,94.11
..REGION IX (ZAMBOANGA PENINSULA),"STRING BEANS, 1 KG",20.62,20.62,20.62,22.82,22.82,22.82,22.18,22.18,22.18,22.18,20.63,20.63,21.69,20.63,20.63,20.63,20.63,21.25,21.25,20.63,20.63,20.63,20.63,20.63,20.63,20.73,20.63,20.63,20.63,20.63,20.63,20.63,20.63,20.63,22.50,22.19,24.07,25.38,21.60,26.13,25.25,26.69,31.50,31.82,26.50,28.82,20.63,29.44,30.51,24.07,34.69,28.00,30.51,30.94,31.26,32.51,32.82,31.63,31.32,31.75,31.94,31.94,31.44,31.44,31.63,31.44,31.63,32.13,33.07,31.82,32.94,32.63,34.07,32.57,39.38,38.94,38.94,34.13,40.75,39.07,39.07,40.00,42.50,42.19,38.75,39.07,40.32,39.38,39.38,39.38,39.99,39.38,40.32,45.63,46.57,43.76,41.88,41.88,39.69,35.94,35.00,33.44,33.44,39.74,34.38,38.75,35.94,37.09,37.82,38.44,34.69,33.13,34.07,38.75,42.82,42.82,37.39,43.13,45.32,43.44,41.88,37.51,40.32,36.88,33.19,35.19,36.19,37.85,42.29,39.43
....Zamboanga del Norte,"RAW PEANUT, SHELLED, 1 KG",46.73,46.73,47.78,50.13,53.76,54.00,53.90,53.33,53.33,56.19,59.82,60.68,53.03,67.12,76.92,72.62,74.06,78.84,78.36,86.95,94.12,94.12,88.87,76.44,75.96,80.37,84.56,89.81,88.38,85.32,86.28,86.28,81.50,82.75,82.75,85.00,85.00,85.00,85.22,85.00,85.00,85.00,85.00,85.71,92.14,89.00,88.43,92.14,93.57,93.57,93.57,89.01,93.57,93.57,90.00,87.14,87.14,87.14,87.14,87.14,87.14,87.14,87.14,87.14,88.45,89.38,93.13,91.25,93.25,90.75,90.75,95.11,97.61,102.61,102.61,97.27,97.27,95.08,97.27,100.00,100.00,98.75,98.75,98.75,98.75,95.00,94.38,94.38,96.88,96.88,97.48,96.88,96.88,99.38,99.38,99.38,99.38,99.38,99.38,99.38,99.38,99.38,99.38,98.96,91.88,98.13,99.75,96.63,93.75,93.75,93.75,94.38,94.38,102.50,102.50,108.75,97.51,108.75,108.75,92.50,88.75,93.75,93.75,93.75,93.75,94.39,94.39,94.39,95.02,96.00
....Zamboanga del Norte,"RAW PEANUT, UNSHELLED, 1 KG",..,..,..,..,..,..,..,..,..,..,..,..,..,..,..,..,..,..,..,..,..,..,..,..,..,..,..,..,..,..,..,..,..,..,..,..,..,..,..,..,..,..,..,..,..,..,..,..,..,..,..,..,..,..,..,..,..,..,..,..,..,..,..,..,..,..,..,..,..,..,..,..,..,..,..,..,..,..,..,..,..,..,..,..,..,..,..,..,..,..,..,..,..,..,..,..,..,..,..,..,..,..,..,..,..,..,..,..,..,..,..,..,..,..,..,..,..,..,..,..,..,..,..,..,..,..,..,..,..,..
....Zamboanga del Norte,"BAGUIO BEANS, 1 KG",..,..,..,..,..,..,..,..,..,..,..,..,..,..,..,..,..,..,..,..,..,..,..,..,..,..,..,..,..,..,..,..,..,..,..,..,..,..,..,..,..,..,..,..,..,..,..,..,..,..,..,..,..,..,..,..,..,..,..,..,..,..,..,..,..,..,..,..,..,..,..,..,..,..,..,..,..,..,..,..,..,..,..,..,..,..,..,..,..,..,..,..,..,..,..,..,..,..,..,..,..,..,..,..,..,..,..,..,..,..,..,..,..,..,..,..,..,..,..,..,..,..,..,..,..,..,..,..,..,..
....Zamboanga del Norte,"MONGGO, GREEN, 1 KG",93.83,97.17,95.00,93.50,90.83,89.17,88.33,81.67,80.00,80.00,78.33,79.17,87.25,77.50,79.33,77.67,81.00,82.83,80.33,81.33,79.67,83.00,82.17,82.17,82.17,80.76,88.00,89.17,91.67,90.83,90.83,85.00,85.00,90.00,86.67,89.17,90.00,94.17,89.21,94.17,90.83,92.50,90.00,90.83,102.50,93.33,92.50,93.33,88.33,89.33,90.00,92.30,90.00,85.00,90.83,90.00,90.83,88.33,92.50,92.50,92.50,90.83,87.50,85.83,89.72,92.50,90.83,91.67,91.67,92.50,90.83,94.17,93.33,90.83,90.00,90.00,90.00,91.53,90.00,91.25,86.67,85.83,86.67,88.33,85.00,90.00,91.67,91.67,91.67,91.67,89.20,91.67,93.33,92.50,95.00,91.67,91.67,92.50,91.25,91.25,88.33,90.00,93.75,91.91,90.00,90.00,93.75,88.33,91.25,90.00,89.00,88.75,87.50,90.00,87.25,87.50,89.44,87.50,94.38,96.25,95.00,101.00,96.25,100.00,97.50,96.25,100.00,96.25,102.50,96.91
....Zamboanga del Norte,"STRING BEANS, 1 KG",..,..,..,..,..,..,..,..,..,..,..,..,..,..,..,..,..,..,..,..,..,..,..,..,..,..,..,..,..,..,..,..,..,..,..,..,..,..,..,..,..,..,..,..,..,..,..,..,..,..,..,..,..,..,..,..,..,..,..,..,..,..,..,..,..,..,..,..,..,..,..,..,..,..,..,..,..,..,..,..,..,..,..,..,..,..,..,..,..,..,..,..,..,..,..,..,..,..,..,..,..,..,..,..,..,..,..,..,..,..,..,..,..,..,..,..,..,..,..,..,..,..,..,..,..,..,..,..,..,..
....Zamboanga del Sur,"RAW PEANUT, SHELLED, 1 KG",..,..,..,..,..,..,..,..,..,..,..,..,..,..,..,..,..,..,..,..,..,..,..,..,..,..,..,..,..,..,..,..,..,..,..,..,..,..,..,..,..,..,..,..,..,..,..,..,..,..,..,..,..,..,..,..,..,..,..,..,..,..,..,..,..,..,..,..,..,..,..,..,..,..,..,..,..,..,..,..,..,..,..,..,..,..,..,..,..,..,..,..,..,..,..,..,..,..,..,..,..,..,..,..,..,..,..,..,..,..,..,..,..,..,..,..,..,..,..,..,..,..,..,..,..,..,..,..,..,..
....Zamboanga del Sur,"RAW PEANUT, UNSHELLED, 1 KG",..,..,..,..,..,..,..,..,..,..,..,..,..,..,..,..,..,..,..,..,..,..,..,..,..,..,..,..,..,..,..,..,..,..,..,..,..,..,..,..,..,..,..,..,..,..,..,..,..,..,..,..,..,..,..,..,..,..,..,..,..,..,..,..,..,..,..,..,..,..,..,..,..,..,..,..,..,..,..,..,..,..,..,..,..,..,..,..,..,..,..,..,..,..,..,..,..,..,..,..,..,..,..,..,..,..,..,..,..,..,..,..,..,..,..,..,..,..,..,..,..,..,..,..,..,..,..,..,..,..
....Zamboanga del Sur,"BAGUIO BEANS, 1 KG",..,..,..,..,..,..,..,..,..,..,..,..,..,..,..,..,..,..,..,..,..,..,..,..,..,..,..,..,..,..,..,..,..,..,..,..,..,..,..,..,..,..,..,..,..,..,..,..,..,..,..,..,..,..,..,..,..,..,..,..,..,..,..,..,..,..,..,..,..,..,..,..,..,..,..,..,..,..,..,..,..,..,..,..,..,..,..,..,..,..,..,..,..,..,..,..,..,..,..,..,..,..,..,..,..,..,..,..,..,..,..,..,..,..,..,..,..,..,..,..,..,..,..,..,..,..,..,..,..,..
....Zamboanga del Sur,"MONGGO, GREEN, 1 KG",79.83,78.85,78.53,75.75,78.38,76.88,77.50,75.00,73.13,74.38,74.75,75.38,76.53,72.25,71.63,73.88,75.38,75.38,76.00,75.63,75.63,76.25,79.38,86.25,87.00,77.06,85.00,90.00,90.00,89.38,86.88,83.75,83.75,85.00,86.88,88.13,88.13,92.50,87.45,93.75,86.25,83.75,81.88,82.50,85.00,89.38,85.00,90.00,90.00,90.00,91.25,87.40,89.38,87.50,85.00,85.00,86.88,86.88,88.75,88.75,87.50,90.00,88.75,88.75,87.76,90.00,88.13,88.75,88.75,87.50,88.75,88.13,88.13,87.50,88.75,89.38,89.38,88.60,87.88,87.88,87.88,84.38,84.38,86.63,86.88,88.13,88.75,87.50,86.25,86.25,86.90,86.25,86.25,86.25,86.25,86.25,85.63,83.75,81.25,80.63,81.25,80.63,81.88,83.86,83.75,80.00,81.25,82.50,83.75,83.13,90.63,94.38,90.63,91.88,93.13,98.13,87.76,98.75,92.50,97.50,100.63,97.50,97.50,98.75,85.49,101.34,102.34,100.25,101.05,97.80
....Zamboanga del Sur,"STRING BEANS, 1 KG",22.50,22.50,22.50,22.50,22.50,22.50,22.50,22.50,22.50,22.50,22.50,22.50,22.50,22.50,22.50,22.50,22.50,22.50,22.50,22.50,22.50,22.50,22.50,22.50,22.50,22.50,22.50,22.50,22.50,22.50,22.50,22.50,22.50,22.50,22.50,22.50,26.25,28.75,23.33,29.50,27.50,31.25,40.00,40.00,30.00,34.63,22.50,35.88,38.13,26.25,38.13,32.81,38.13,38.13,38.13,38.13,38.13,36.38,36.38,39.50,39.50,39.50,39.50,39.50,38.41,39.50,39.50,39.50,39.50,39.50,39.50,39.50,39.50,39.50,48.75,46.63,46.63,41.46,48.75,48.75,48.75,48.75,48.75,48.75,48.75,43.13,43.75,43.75,45.00,45.00,46.82,45.00,46.88,45.63,45.63,46.88,47.50,46.25,45.00,40.00,32.50,32.50,33.13,42.24,33.13,38.75,37.50,37.50,39.38,40.00,36.25,37.50,33.13,40.00,45.00,45.00,38.60,40.63,45.63,42.50,39.38,40.63,43.13,36.88,33.28,38.23,36.43,35.98,38.23,39.24
....Zamboanga Sibugay,"RAW PEANUT, SHELLED, 1 KG",93.24,93.24,93.75,93.75,93.75,93.88,93.88,93.88,92.17,93.88,90.38,91.38,93.10,89.75,89.38,89.38,89.38,89.38,89.38,89.38,84.38,84.38,84.38,84.63,84.00,87.32,86.67,88.75,88.75,88.75,87.50,88.13,87.50,86.00,87.50,87.50,87.63,88.88,87.80,89.13,88.50,89.50,88.88,88.88,88.88,88.88,88.88,88.88,90.00,85.63,90.00,88.84,90.00,90.00,89.38,90.63,90.00,86.00,89.63,90.63,86.38,86.38,86.38,87.00,88.53,88.25,88.75,87.50,88.13,87.88,88.13,88.13,86.38,86.38,86.63,88.00,88.00,87.68,91.25,92.75,92.75,93.25,93.25,93.25,93.25,93.25,90.75,93.25,90.50,90.50,92.33,85.50,85.50,85.50,85.50,86.38,86.38,86.38,86.63,87.00,87.00,87.38,87.38,86.38,89.50,88.88,89.00,91.25,91.88,91.25,91.25,93.13,92.88,94.13,94.13,93.50,91.73,92.25,90.50,92.50,92.50,93.75,95.00,93.75,93.75,81.45,78.38,78.38,78.38,88.38
....Zamboanga Sibugay,"RAW PEANUT, UNSHELLED, 1 KG",..,..,..,..,..,..,..,..,..,..,..,..,..,..,..,..,..,..,..,..,..,..,..,..,..,..,..,..,..,..,..,..,..,..,..,..,..,..,..,..,..,..,..,..,..,..,..,..,..,..,..,..,..,..,..,..,..,..,..,..,..,..,..,..,..,..,..,..,..,..,..,..,..,..,..,..,..,..,..,..,..,..,..,..,..,..,..,..,..,..,..,..,..,..,..,..,..,..,..,..,..,..,..,..,..,..,..,..,..,..,..,..,..,..,..,..,..,..,..,..,..,..,..,..,..,..,..,..,..,..
....Zamboanga Sibugay,"BAGUIO BEANS, 1 KG",..,..,..,..,..,..,..,..,..,..,..,..,..,..,..,..,..,..,..,..,..,..,..,..,..,..,..,..,..,..,..,..,..,..,..,..,..,..,..,..,..,..,..,..,..,..,..,..,..,..,..,..,..,..,..,..,..,..,..,..,..,..,..,..,..,..,..,..,..,..,..,..,..,..,..,..,..,..,..,..,..,..,..,..,..,..,..,..,..,..,..,..,..,..,..,..,..,..,..,..,..,..,..,..,..,..,..,..,..,..,..,..,..,..,..,..,..,..,..,..,..,..,..,..,..,..,..,..,..,..
....Zamboanga Sibugay,"MONGGO, GREEN, 1 KG",93.54,93.87,93.87,85.87,89.30,89.30,90.12,93.55,93.55,93.55,93.55,84.69,91.23,85.38,81.30,81.30,82.97,84.68,84.68,86.72,82.88,78.23,77.70,83.33,85.00,82.85,87.90,88.06,88.75,93.85,88.06,86.39,88.06,85.00,85.00,88.75,90.00,90.00,88.32,87.50,83.75,85.00,83.13,85.63,85.63,89.38,85.00,89.38,87.50,90.00,96.00,87.33,87.50,100.00,91.25,88.75,86.25,86.25,83.75,83.75,83.50,83.50,80.63,82.50,86.47,80.00,79.38,77.50,79.38,79.38,79.38,80.00,80.63,80.00,80.00,80.00,80.00,79.64,80.00,80.00,80.00,80.00,80.00,80.00,78.75,80.00,80.00,80.00,80.00,80.00,79.90,80.00,78.75,78.75,80.00,80.00,80.00,81.25,80.00,79.38,79.38,78.75,78.75,79.58,80.00,78.75,80.00,80.00,80.00,80.00,80.00,82.50,80.00,80.00,80.00,81.25,80.21,85.00,78.75,86.25,91.25,87.50,86.25,84.38,87.82,92.13,89.55,91.27,91.27,87.62
....Zamboanga Sibugay,"STRING BEANS, 1 KG",18.74,18.74,18.74,23.13,23.13,23.13,21.86,21.86,21.86,21.86,18.75,18.75,20.88,18.75,18.75,18.75,18.75,19.99,19.99,18.75,18.75,18.75,18.75,18.75,18.75,18.96,18.75,18.75,18.75,18.75,18.75,18.75,18.75,18.75,22.50,21.88,21.88,22.00,19.86,22.75,23.00,22.13,23.00,23.63,23.00,23.00,18.75,23.00,22.88,21.88,31.25,23.19,22.88,23.75,24.38,26.88,27.50,26.88,26.25,24.00,24.38,24.38,23.38,23.38,24.84,23.38,23.75,24.75,26.63,24.13,26.38,25.75,28.63,25.63,30.00,31.25,31.25,26.79,32.75,29.38,29.38,31.25,36.25,35.63,28.75,35.00,36.88,35.00,33.75,33.75,33.15,33.75,33.75,45.63,47.50,40.63,36.25,37.50,34.38,31.88,37.50,34.38,33.75,37.24,35.63,38.75,34.38,36.67,36.25,36.88,33.13,28.75,35.00,37.50,40.63,40.63,36.18,45.63,45.00,44.38,44.38,34.38,37.50,36.88,33.10,32.15,35.94,39.72,46.34,39.62
....Isabela City,"RAW PEANUT, SHELLED, 1 KG",90.00,90.00,90.00,90.00,90.00,90.00,90.00,90.00,90.00,90.00,90.00,90.00,90.00,90.00,90.00,90.00,90.00,90.00,90.00,90.00,90.00,90.00,90.00,90.00,100.00,90.83,100.00,100.00,100.00,98.00,99.00,98.00,98.00,98.00,98.00,98.00,98.00,98.00,98.58,98.00,99.00,98.00,98.00,98.00,98.00,98.00,98.00,98.00,98.00,98.00,98.00,98.08,98.00,85.00,85.00,85.00,85.00,85.00,85.00,85.00,85.50,85.50,85.00,85.00,86.17,85.00,85.00,85.00,85.00,75.00,75.00,75.00,75.00,77.50,76.00,76.00,76.00,78.79,90.00,90.00,100.00,95.00,100.00,100.00,100.00,100.00,100.00,100.00,100.00,100.00,97.92,100.00,100.00,105.00,100.00,83.00,82.63,82.25,96.07,82.83,82.83,82.83,82.83,90.02,82.83,82.83,84.33,84.33,84.33,84.33,103.33,102.50,103.75,104.17,104.17,104.17,93.76,104.17,104.17,99.17,90.83,92.08,94.17,94.17,94.17,94.17,95.00,97.50,100.83,96.70
....Isabela City,"RAW PEANUT, UNSHELLED, 1 KG",..,..,..,..,..,..,..,..,..,..,..,..,..,..,..,..,..,..,..,..,..,..,..,..,..,..,..,..,..,..,..,..,..,..,..,..,..,..,..,..,..,..,..,..,..,..,..,..,..,..,..,..,..,..,..,..,..,..,..,..,..,..,..,..,..,..,..,..,..,..,..,..,..,..,..,..,..,..,..,..,..,..,..,..,..,..,..,..,..,..,..,..,..,..,..,..,..,..,..,..,..,..,..,..,..,..,..,..,..,..,..,..,..,..,..,..,..,..,..,..,..,..,..,..,..,..,..,..,..,..
....Isabela City,"BAGUIO BEANS, 1 KG",..,..,..,..,..,..,..,..,..,..,..,..,..,..,..,..,..,..,..,..,..,..,..,..,..,..,..,..,..,..,..,..,..,..,..,..,..,..,..,..,..,..,..,..,..,..,..,..,..,..,..,..,..,..,..,..,..,..,..,..,..,..,..,..,..,..,..,..,..,..,..,..,..,..,..,..,..,..,..,..,..,..,..,..,..,..,..,..,..,..,..,..,..,..,..,..,..,..,..,..,..,..,..,..,..,..,..,..,..,..,..,..,..,..,..,..,..,..,..,..,..,..,..,..,..,..,..,..,..,..
....Isabela City,"MONGGO, GREEN, 1 KG",..,..,..,..,..,..,..,..,..,..,..,..,..,..,..,..,..,..,..,..,..,..,..,..,..,..,..,..,..,..,..,..,..,..,..,..,..,..,..,..,..,..,..,..,..,..,..,..,..,..,..,..,..,..,..,..,..,..,..,..,..,..,..,..,..,..,..,..,..,..,..,..,..,..,..,..,..,..,..,..,..,..,..,..,..,..,..,..,..,..,..,..,..,..,..,..,..,..,..,..,..,..,..,..,..,..,..,..,..,..,..,..,..,..,..,..,..,..,..,..,..,..,..,..,..,..,..,..,..,..
....Isabela City,"STRING BEANS, 1 KG",..,..,..,..,..,..,..,..,..,..,..,..,..,..,..,..,..,..,..,..,..,..,..,..,..,..,..,..,..,..,..,..,..,..,..,..,..,..,..,..,..,..,..,..,..,..,..,..,..,..,..,..,..,..,..,..,..,..,..,..,..,..,..,..,..,..,..,..,..,..,..,..,..,..,..,..,..,..,..,..,..,..,..,..,..,..,..,..,..,..,..,..,..,..,..,..,..,..,..,..,..,..,..,..,..,..,..,..,..,..,..,..,..,..,..,..,..,..,..,..,..,..,..,..,..,..,..,..,..,..
..REGION X (NORTHERN MINDANAO),"RAW PEANUT, SHELLED, 1 KG",82.35,82.35,82.35,82.35,82.35,84.37,85.73,85.06,85.06,85.06,80.99,83.02,83.42,81.66,81.66,81.66,81.66,81.66,81.66,87.77,87.77,87.77,87.77,87.77,87.77,84.72,89.13,88.86,86.14,88.86,87.50,88.86,87.50,87.50,87.50,90.00,90.00,90.00,88.49,95.00,92.50,92.50,90.00,92.50,92.50,92.50,92.50,92.50,93.75,93.75,93.75,92.81,93.75,93.75,93.75,92.50,92.50,90.00,92.50,92.50,90.00,92.50,92.50,92.50,92.40,92.50,92.50,90.00,90.00,90.00,91.25,91.25,91.25,91.25,91.25,91.25,91.25,91.15,91.25,91.25,91.25,89.17,89.17,89.17,89.17,89.17,88.75,87.50,87.50,87.50,89.24,87.50,87.50,87.50,87.50,89.17,89.17,90.00,91.67,90.83,90.83,89.17,89.17,89.17,89.17,90.83,89.17,90.00,89.17,89.17,87.17,86.33,87.17,84.67,75.50,77.17,86.29,77.17,75.00,75.00,80.83,75.00,77.50,81.67,85.00,86.67,86.67,90.27,91.27,81.84
..REGION X (NORTHERN MINDANAO),"RAW PEANUT, UNSHELLED, 1 KG",..,..,..,..,..,..,..,..,..,..,..,..,..,..,..,..,..,..,..,..,..,..,..,..,..,..,..,..,..,..,..,..,..,..,..,..,..,..,..,..,..,..,..,..,..,..,..,..,..,..,..,..,..,..,..,..,..,..,..,..,..,..,..,..,..,..,..,..,..,..,..,..,..,..,..,..,..,..,..,..,..,..,..,..,..,..,..,..,..,..,..,..,..,..,..,..,..,..,..,..,..,..,..,..,..,..,..,..,..,..,..,..,..,..,..,..,..,..,..,..,..,..,..,..,..,..,..,..,..,..
..REGION X (NORTHERN MINDANAO),"BAGUIO BEANS, 1 KG",27.91,27.32,26.86,24.26,23.32,24.65,24.44,26.88,28.38,25.07,24.94,28.19,26.02,37.38,30.69,25.13,29.82,33.44,32.88,31.13,31.69,33.13,33.63,33.26,34.19,32.20,35.51,50.32,44.07,45.00,42.26,36.69,36.50,36.57,35.00,33.69,32.75,33.94,38.53,40.32,42.57,37.69,42.57,55.32,48.75,43.19,44.19,41.75,43.63,53.32,48.01,45.11,45.82,46.57,55.63,55.00,57.50,56.25,48.13,41.51,47.82,59.69,49.00,46.50,50.79,45.94,56.25,51.57,49.44,40.32,42.50,38.94,44.88,48.44,44.07,44.07,53.13,46.63,55.63,53.75,51.25,51.88,53.76,47.69,47.19,47.82,47.19,49.38,50.32,50.07,50.49,50.63,57.19,54.38,58.75,66.25,62.50,60.00,56.25,55.63,56.26,56.57,55.32,57.48,58.13,53.75,62.19,59.59,60.63,57.19,51.57,51.26,55.94,58.44,56.88,66.88,57.70,71.88,68.75,65.00,63.44,64.38,62.50,57.00,54.50,55.66,55.57,55.88,60.39,61.25
..REGION X (NORTHERN MINDANAO),"MONGGO, GREEN, 1 KG",81.81,82.37,81.90,79.93,79.92,78.88,79.30,78.32,77.09,76.49,75.24,76.12,78.95,75.81,76.77,75.94,75.72,75.56,75.07,75.84,77.35,79.15,80.13,82.20,81.73,77.61,84.48,88.05,87.57,89.43,89.37,86.75,86.90,87.13,86.73,88.70,89.20,89.38,87.81,89.99,90.88,90.63,90.38,90.00,89.25,88.35,89.85,90.35,91.60,91.88,91.03,90.35,90.15,90.53,89.90,90.20,89.58,89.83,90.73,89.75,90.23,89.08,89.50,89.63,89.93,89.50,90.35,90.78,90.75,91.70,90.65,90.68,90.10,90.30,90.85,90.35,91.20,90.60,91.58,92.25,91.35,89.70,90.45,89.53,89.50,89.38,88.75,89.50,89.75,89.25,90.08,88.88,88.25,89.63,90.68,88.90,88.78,88.30,88.00,88.08,88.33,88.08,88.80,88.73,86.63,88.25,89.50,90.04,90.25,91.25,93.88,92.95,95.63,94.88,94.75,97.00,92.08,97.28,100.53,98.50,104.00,105.25,102.50,105.30,101.73,103.52,105.79,106.18,105.83,103.03
..REGION X (NORTHERN MINDANAO),"STRING BEANS, 1 KG",25.73,25.10,27.64,23.19,21.86,24.58,26.88,27.68,27.84,26.07,24.58,23.88,25.42,26.86,30.01,28.90,28.90,28.96,27.78,28.74,28.53,26.98,28.90,30.08,28.90,28.63,30.08,32.31,32.31,36.40,36.61,38.19,32.10,31.53,29.03,29.03,29.66,30.25,32.29,30.57,33.03,31.00,31.35,35.63,38.69,39.10,36.38,34.72,30.01,28.85,31.16,33.37,28.57,28.00,32.35,37.60,39.47,41.91,40.50,37.00,36.97,36.53,35.47,35.16,35.79,38.44,41.35,40.69,37.32,34.38,33.32,33.63,34.06,34.10,35.13,35.28,36.75,36.20,41.22,38.72,38.35,40.60,39.75,40.85,37.47,37.88,36.94,39.50,38.06,39.00,39.03,38.85,40.94,46.10,44.22,45.94,47.82,47.13,48.07,46.81,47.28,48.85,48.66,45.89,47.19,50.16,50.63,51.62,51.88,52.03,48.44,45.63,43.13,45.47,46.88,47.35,48.37,50.94,55.00,52.66,49.85,48.28,47.19,46.88,45.22,46.49,47.61,48.72,47.81,48.89
....Bukidnon,"RAW PEANUT, SHELLED, 1 KG",..,..,..,..,..,..,..,..,..,..,..,..,..,..,..,..,..,..,..,..,..,..,..,..,..,..,..,..,..,..,..,..,..,..,..,..,..,..,..,..,..,..,..,..,..,..,..,..,..,..,..,..,..,..,..,..,..,..,..,..,..,..,..,..,..,..,..,..,..,..,..,..,..,..,..,..,..,..,..,..,..,..,..,..,..,..,..,..,..,..,..,..,..,..,..,..,..,..,..,..,..,..,..,..,..,..,..,..,..,..,..,..,..,..,..,..,..,..,..,..,..,..,..,..,..,..,..,..,..,..
....Bukidnon,"RAW PEANUT, UNSHELLED, 1 KG",..,..,..,..,..,..,..,..,..,..,..,..,..,..,..,..,..,..,..,..,..,..,..,..,..,..,..,..,..,..,..,..,..,..,..,..,..,..,..,..,..,..,..,..,..,..,..,..,..,..,..,..,..,..,..,..,..,..,..,..,..,..,..,..,..,..,..,..,..,..,..,..,..,..,..,..,..,..,..,..,..,..,..,..,..,..,..,..,..,..,..,..,..,..,..,..,..,..,..,..,..,..,..,..,..,..,..,..,..,..,..,..,..,..,..,..,..,..,..,..,..,..,..,..,..,..,..,..,..,..
....Bukidnon,"BAGUIO BEANS, 1 KG",..,..,..,..,..,..,..,..,..,..,..,..,..,..,..,..,..,..,..,..,..,..,..,..,..,..,..,..,..,..,..,..,..,..,..,..,..,..,..,..,..,..,..,..,..,..,..,..,..,..,..,..,..,..,..,..,..,..,..,..,..,..,..,..,..,..,..,..,..,..,..,..,..,..,..,..,..,..,..,..,..,..,..,..,..,..,..,..,..,..,..,..,..,..,..,..,..,..,..,..,..,..,..,..,..,..,..,..,..,..,..,..,..,..,..,..,..,..,..,..,..,..,..,..,..,..,..,..,..,..
....Bukidnon,"MONGGO, GREEN, 1 KG",78.33,81.67,78.33,77.50,76.25,77.50,80.00,80.00,80.00,76.25,76.25,75.00,78.09,75.00,79.38,76.25,75.63,76.25,75.00,78.13,79.38,78.13,79.38,80.00,80.00,77.71,84.75,84.88,86.13,90.00,89.38,91.25,90.75,88.75,88.75,88.13,88.13,91.25,88.51,92.94,93.13,92.50,91.25,91.25,91.50,91.75,91.75,91.75,91.75,91.88,91.38,91.90,91.38,91.38,91.38,91.00,91.00,90.38,89.88,90.00,88.63,88.63,89.38,88.75,90.15,89.38,95.00,95.63,96.25,96.25,95.00,93.13,88.13,90.63,91.88,89.38,91.25,92.66,94.38,97.50,94.38,92.50,93.75,95.00,96.25,95.00,93.75,96.88,95.63,94.38,94.95,95.00,91.88,93.13,95.63,91.88,91.25,89.38,87.50,88.75,90.00,90.00,90.63,91.25,90.63,93.13,95.63,94.38,94.38,95.00,96.88,97.50,96.88,98.13,101.88,104.38,96.57,105.63,108.13,109.38,110.00,110.00,109.38,112.50,111.88,111.25,111.25,111.88,111.88,110.26
....Bukidnon,"STRING BEANS, 1 KG",31.39,30.58,33.83,28.13,26.25,29.38,32.50,33.13,33.75,31.88,29.38,28.13,30.69,33.13,36.25,35.00,35.00,34.38,33.13,34.38,34.38,32.50,35.00,36.25,35.00,34.53,36.25,40.00,40.00,45.00,46.25,48.75,39.75,37.50,36.25,36.13,36.13,40.00,40.17,40.16,45.00,43.13,43.13,46.50,47.38,45.50,44.63,44.25,42.75,39.88,38.00,43.36,38.00,37.75,39.13,39.88,42.50,42.50,43.88,44.38,44.63,43.13,41.00,38.75,41.29,37.50,36.25,36.88,38.13,37.50,37.50,38.75,40.00,40.00,43.13,43.75,40.00,39.12,41.88,40.63,41.25,45.00,45.63,47.50,44.38,42.50,39.38,45.00,42.50,43.75,43.28,45.63,48.13,48.75,47.50,51.88,53.13,50.63,45.63,46.25,48.13,48.13,46.88,48.39,46.25,47.50,49.38,50.63,51.88,50.00,46.88,41.25,41.88,40.63,42.50,43.75,46.04,48.75,53.75,50.63,45.63,43.75,43.75,45.63,46.25,45.00,45.00,45.03,43.71,46.41
....Camiguin,"RAW PEANUT, SHELLED, 1 KG",..,..,..,..,..,..,..,..,..,..,..,..,..,..,..,..,..,..,..,..,..,..,..,..,..,..,..,..,..,..,..,..,..,..,..,..,..,..,..,..,..,..,..,..,..,..,..,..,..,..,..,..,..,..,..,..,..,..,..,..,..,..,..,..,..,..,..,..,..,..,..,..,..,..,..,..,..,..,..,..,..,..,..,..,..,..,..,..,..,..,..,..,..,..,..,..,..,..,..,..,..,..,..,..,..,..,..,..,..,..,..,..,..,..,..,..,..,..,..,..,..,..,..,..,..,..,..,..,..,..
....Camiguin,"RAW PEANUT, UNSHELLED, 1 KG",..,..,..,..,..,..,..,..,..,..,..,..,..,..,..,..,..,..,..,..,..,..,..,..,..,..,..,..,..,..,..,..,..,..,..,..,..,..,..,..,..,..,..,..,..,..,..,..,..,..,..,..,..,..,..,..,..,..,..,..,..,..,..,..,..,..,..,..,..,..,..,..,..,..,..,..,..,..,..,..,..,..,..,..,..,..,..,..,..,..,..,..,..,..,..,..,..,..,..,..,..,..,..,..,..,..,..,..,..,..,..,..,..,..,..,..,..,..,..,..,..,..,..,..,..,..,..,..,..,..
....Camiguin,"BAGUIO BEANS, 1 KG",..,..,..,..,..,..,..,..,..,..,..,..,..,..,..,..,..,..,..,..,..,..,..,..,..,..,..,..,..,..,..,..,..,..,..,..,..,..,..,..,..,..,..,..,..,..,..,..,..,..,..,..,..,..,..,..,..,..,..,..,..,..,..,..,..,..,..,..,..,..,..,..,..,..,..,..,..,..,..,..,..,..,..,..,..,..,..,..,..,..,..,..,..,..,..,..,..,..,..,..,..,..,..,..,..,..,..,..,..,..,..,..,..,..,..,..,..,..,..,..,..,..,..,..,..,..,..,..,..,..
....Camiguin,"MONGGO, GREEN, 1 KG",95.63,96.59,96.59,93.15,94.10,90.28,91.14,89.32,87.22,86.45,85.30,86.84,91.05,85.30,84.73,85.30,83.20,81.28,83.58,86.07,89.13,92.76,89.89,92.76,92.00,87.17,92.76,96.88,99.36,101.65,99.46,95.63,95.63,95.63,93.13,95.63,95.63,96.25,96.47,95.00,100.00,101.25,101.25,100.00,100.00,92.50,100.00,100.00,100.00,100.00,100.00,99.17,100.00,100.00,100.00,100.00,100.00,100.00,100.00,100.00,100.00,97.50,100.00,100.00,99.79,100.00,100.00,100.00,97.50,100.00,97.50,98.75,100.00,100.00,100.00,100.00,100.00,99.48,98.75,98.75,99.38,99.38,98.75,96.25,99.38,100.00,98.75,95.63,96.88,95.63,98.13,93.13,96.25,98.75,100.00,98.75,100.00,100.00,100.00,100.00,100.00,95.00,95.00,98.07,95.00,95.00,100.00,100.00,102.50,102.50,100.00,100.00,100.00,97.50,98.75,102.50,99.48,102.50,102.50,98.75,106.25,115.00,105.00,110.00,95.00,110.00,116.67,116.67,116.67,107.92
....Camiguin,"STRING BEANS, 1 KG",28.01,27.29,30.20,25.11,23.65,26.92,29.47,30.56,30.56,28.38,26.92,25.47,27.71,28.38,32.38,30.56,30.56,30.93,29.47,30.56,30.20,28.38,30.56,32.02,30.56,30.38,32.02,34.21,34.21,39.30,40.02,41.48,35.00,35.00,33.75,33.75,36.25,35.00,35.83,36.25,41.25,35.00,35.00,42.50,53.75,61.25,60.00,53.75,42.50,42.50,53.75,46.46,41.88,36.25,53.75,70.00,70.00,80.00,75.00,63.75,58.75,57.50,60.00,57.50,60.37,66.25,77.50,75.00,60.00,60.00,60.00,62.50,61.25,62.50,62.50,62.50,62.50,64.38,70.00,60.00,55.00,60.00,56.00,58.50,58.75,58.50,58.50,56.00,54.75,57.25,58.60,53.50,57.50,67.50,60.00,60.00,62.50,62.50,62.50,62.50,58.75,60.00,57.50,60.40,57.50,58.75,60.00,60.00,58.75,60.00,60.00,56.25,47.50,56.25,58.75,58.75,57.71,58.75,66.25,62.50,65.00,62.50,62.50,61.25,56.41,59.73,64.16,66.37,65.26,62.56
....Lanao del Norte,"RAW PEANUT, SHELLED, 1 KG",82.35,82.35,82.35,82.35,82.35,84.37,85.73,85.06,85.06,85.06,80.99,83.02,83.42,81.66,81.66,81.66,81.66,81.66,81.66,87.77,87.77,87.77,87.77,87.77,87.77,84.72,89.13,88.86,86.14,88.86,87.50,88.86,87.50,87.50,87.50,90.00,90.00,90.00,88.49,95.00,92.50,92.50,90.00,92.50,92.50,92.50,92.50,92.50,93.75,93.75,93.75,92.81,93.75,93.75,93.75,92.50,92.50,90.00,92.50,92.50,90.00,92.50,92.50,92.50,92.40,92.50,92.50,90.00,90.00,90.00,91.25,91.25,91.25,91.25,91.25,91.25,91.25,91.15,91.25,91.25,91.25,89.17,89.17,89.17,89.17,89.17,88.75,87.50,87.50,87.50,89.24,87.50,87.50,87.50,87.50,89.17,89.17,90.00,91.67,90.83,90.83,89.17,89.17,89.17,89.17,90.83,89.17,90.00,89.17,89.17,87.17,86.33,87.17,84.67,75.50,77.17,86.29,77.17,75.00,75.00,80.83,75.00,77.50,81.67,85.00,86.67,86.67,90.27,91.27,81.84
....Lanao del Norte,"RAW PEANUT, UNSHELLED, 1 KG",..,..,..,..,..,..,..,..,..,..,..,..,..,..,..,..,..,..,..,..,..,..,..,..,..,..,..,..,..,..,..,..,..,..,..,..,..,..,..,..,..,..,..,..,..,..,..,..,..,..,..,..,..,..,..,..,..,..,..,..,..,..,..,..,..,..,..,..,..,..,..,..,..,..,..,..,..,..,..,..,..,..,..,..,..,..,..,..,..,..,..,..,..,..,..,..,..,..,..,..,..,..,..,..,..,..,..,..,..,..,..,..,..,..,..,..,..,..,..,..,..,..,..,..,..,..,..,..,..,..
....Lanao del Norte,"BAGUIO BEANS, 1 KG",..,..,..,..,..,..,..,..,..,..,..,..,..,..,..,..,..,..,..,..,..,..,..,..,..,..,..,..,..,..,..,..,..,..,..,..,..,..,..,..,..,..,..,..,..,..,..,..,..,..,..,..,..,..,..,..,..,..,..,..,..,..,..,..,..,..,..,..,..,..,..,..,..,..,..,..,..,..,..,..,..,..,..,..,..,..,..,..,..,..,..,..,..,..,..,..,..,..,..,..,..,..,..,..,..,..,..,..,..,..,..,..,..,..,..,..,..,..,..,..,..,..,..,..,..,..,..,..,..,..
....Lanao del Norte,"MONGGO, GREEN, 1 KG",80.72,81.54,81.54,78.63,79.25,76.13,76.00,74.25,72.75,73.00,71.50,72.88,76.52,71.50,70.75,71.50,70.00,68.75,72.38,73.75,76.50,81.25,78.75,81.25,80.25,74.72,81.25,83.75,84.88,86.63,85.00,82.50,82.50,82.50,86.75,89.75,91.00,88.75,85.44,88.88,88.13,88.13,87.50,88.75,86.25,87.50,88.75,91.88,91.88,91.88,91.88,89.28,89.38,90.63,88.13,85.63,84.38,86.25,87.50,83.75,86.25,83.75,84.38,85.63,86.31,85.00,85.00,86.25,87.13,87.25,87.25,87.25,88.88,88.63,89.63,89.63,91.25,87.76,90.00,91.50,90.75,88.38,88.38,87.50,87.50,87.50,87.50,88.13,87.50,87.50,88.51,88.13,88.13,89.38,89.63,83.38,82.75,80.88,81.88,81.63,81.63,81.63,87.13,84.68,86.25,85.63,84.38,83.33,85.63,88.13,88.13,86.88,87.50,87.50,81.88,88.75,86.17,87.50,91.25,89.38,97.50,96.25,94.38,97.50,96.49,94.62,99.26,101.77,102.41,95.69
....Lanao del Norte,"STRING BEANS, 1 KG",38.52,37.53,41.53,34.52,32.52,37.02,40.53,42.03,42.03,39.03,37.02,35.03,38.11,39.03,44.53,42.03,42.03,42.53,40.53,42.03,41.53,39.03,42.03,44.04,42.03,41.78,44.04,47.04,47.04,54.04,55.03,57.04,48.13,48.13,40.00,40.00,40.00,40.00,46.71,40.00,40.00,40.00,40.00,45.63,45.63,41.88,35.00,35.00,29.38,27.50,27.50,37.29,28.75,31.88,31.25,33.75,38.75,38.13,36.25,33.75,38.13,39.25,34.38,38.13,35.20,43.13,45.00,44.38,45.00,33.75,29.38,26.88,28.75,27.50,28.75,28.75,38.13,34.95,46.25,47.50,50.00,50.63,50.63,50.63,40.00,40.00,38.13,45.00,41.25,38.75,44.90,40.00,40.00,47.50,46.88,44.38,44.38,41.63,41.00,33.50,36.00,39.75,44.00,41.59,42.50,44.38,45.63,44.17,44.38,44.38,40.00,38.75,38.13,38.75,39.38,39.38,41.65,40.00,45.00,38.75,36.25,30.63,31.25,30.63,33.07,32.86,34.49,33.47,35.51,35.16
....Misamis Occidental,"RAW PEANUT, SHELLED, 1 KG",..,..,..,..,..,..,..,..,..,..,..,..,..,..,..,..,..,..,..,..,..,..,..,..,..,..,..,..,..,..,..,..,..,..,..,..,..,..,..,..,..,..,..,..,..,..,..,..,..,..,..,..,..,..,..,..,..,..,..,..,..,..,..,..,..,..,..,..,..,..,..,..,..,..,..,..,..,..,..,..,..,..,..,..,..,..,..,..,..,..,..,..,..,..,..,..,..,..,..,..,..,..,..,..,..,..,..,..,..,..,..,..,..,..,..,..,..,..,..,..,..,..,..,..,..,..,..,..,..,..
....Misamis Occidental,"RAW PEANUT, UNSHELLED, 1 KG",..,..,..,..,..,..,..,..,..,..,..,..,..,..,..,..,..,..,..,..,..,..,..,..,..,..,..,..,..,..,..,..,..,..,..,..,..,..,..,..,..,..,..,..,..,..,..,..,..,..,..,..,..,..,..,..,..,..,..,..,..,..,..,..,..,..,..,..,..,..,..,..,..,..,..,..,..,..,..,..,..,..,..,..,..,..,..,..,..,..,..,..,..,..,..,..,..,..,..,..,..,..,..,..,..,..,..,..,..,..,..,..,..,..,..,..,..,..,..,..,..,..,..,..,..,..,..,..,..,..
....Misamis Occidental,"BAGUIO BEANS, 1 KG",26.90,27.41,27.41,24.38,24.75,24.17,24.38,24.38,22.38,23.75,22.88,25.75,24.88,26.13,23.50,23.50,27.13,28.25,33.75,37.63,37.63,38.88,34.88,34.88,37.00,31.93,42.38,50.75,49.38,49.50,48.13,42.50,42.50,42.50,40.00,37.63,35.75,39.25,43.36,41.88,44.38,44.38,44.38,51.88,52.50,47.63,46.00,46.00,46.00,55.38,47.88,47.36,52.25,55.63,60.00,56.25,58.75,62.50,53.75,49.38,54.38,58.75,55.00,52.50,55.76,48.13,53.75,53.13,47.50,44.38,47.50,43.75,47.50,51.88,47.50,47.50,55.00,48.96,55.00,55.00,50.00,51.25,58.13,53.75,52.50,51.25,50.00,52.50,53.75,53.75,53.07,51.88,54.38,56.88,61.25,67.50,66.25,65.00,61.25,60.00,61.88,66.25,66.25,61.56,66.25,62.50,66.25,70.00,67.50,62.50,58.75,59.38,62.50,63.75,66.25,66.25,64.32,80.00,76.25,68.75,65.00,66.88,66.25,61.25,61.25,62.32,63.40,63.40,65.55,66.69
....Misamis Occidental,"MONGGO, GREEN, 1 KG",71.04,71.04,69.95,71.88,72.50,72.50,73.13,73.13,70.25,72.38,72.38,73.13,71.94,73.50,73.50,73.50,73.50,75.50,70.63,70.00,70.00,70.00,68.88,69.50,69.50,71.50,78.63,87.25,82.50,81.25,85.63,81.88,81.88,81.88,81.25,83.13,85.00,81.88,82.68,84.38,86.25,85.63,82.50,81.25,81.25,80.00,80.63,80.63,83.13,84.38,80.63,82.56,81.25,83.13,81.25,86.25,83.75,85.00,86.25,86.25,87.50,87.50,86.25,86.25,85.05,85.63,83.75,83.50,84.38,87.50,85.50,86.25,85.00,83.75,83.75,83.75,85.00,84.81,86.25,85.00,83.75,80.75,82.00,81.38,80.63,80.00,77.50,81.25,81.25,81.25,81.75,81.88,82.50,82.50,84.38,84.25,83.63,85.00,83.75,85.00,82.50,83.75,82.50,83.47,83.75,83.75,82.50,85.00,85.63,85.63,88.13,84.38,97.50,95.00,93.75,93.13,88.18,95.75,98.25,100.00,106.25,105.00,103.75,110.00,108.82,105.27,105.27,104.09,101.72,103.68
....Misamis Occidental,"STRING BEANS, 1 KG",5.00,5.00,5.00,5.00,5.00,5.00,5.00,5.00,5.00,5.00,5.00,6.88,5.16,6.88,6.88,8.00,8.00,8.00,8.00,8.00,8.00,8.00,8.00,8.00,8.00,7.81,8.00,8.00,8.00,7.25,5.13,5.50,5.50,5.50,6.13,6.25,6.25,6.00,6.46,5.88,5.88,5.88,7.25,7.88,8.00,7.75,5.88,5.88,5.39,5.50,5.38,6.38,5.63,6.13,5.25,6.75,6.63,7.00,6.88,6.13,6.38,6.25,6.50,6.25,6.32,6.88,6.63,6.50,6.13,6.25,6.38,6.38,6.25,6.38,6.13,6.13,6.38,6.37,6.75,6.75,7.13,6.75,6.75,6.75,6.75,10.50,11.75,12.00,13.75,16.25,9.32,16.25,18.13,20.63,22.50,27.50,31.25,33.75,43.13,45.00,46.25,47.50,46.25,33.18,42.50,50.00,47.50,51.67,52.50,53.75,46.88,46.25,45.00,46.25,46.88,47.50,48.06,56.25,55.00,58.75,52.50,56.25,51.25,50.00,45.16,48.38,46.77,50.00,46.77,51.42
....Misamis Oriental,"RAW PEANUT, SHELLED, 1 KG",..,..,..,..,..,..,..,..,..,..,..,..,..,..,..,..,..,..,..,..,..,..,..,..,..,..,..,..,..,..,..,..,..,..,..,..,..,..,..,..,..,..,..,..,..,..,..,..,..,..,..,..,..,..,..,..,..,..,..,..,..,..,..,..,..,..,..,..,..,..,..,..,..,..,..,..,..,..,..,..,..,..,..,..,..,..,..,..,..,..,..,..,..,..,..,..,..,..,..,..,..,..,..,..,..,..,..,..,..,..,..,..,..,..,..,..,..,..,..,..,..,..,..,..,..,..,..,..,..,..
....Misamis Oriental,"RAW PEANUT, UNSHELLED, 1 KG",..,..,..,..,..,..,..,..,..,..,..,..,..,..,..,..,..,..,..,..,..,..,..,..,..,..,..,..,..,..,..,..,..,..,..,..,..,..,..,..,..,..,..,..,..,..,..,..,..,..,..,..,..,..,..,..,..,..,..,..,..,..,..,..,..,..,..,..,..,..,..,..,..,..,..,..,..,..,..,..,..,..,..,..,..,..,..,..,..,..,..,..,..,..,..,..,..,..,..,..,..,..,..,..,..,..,..,..,..,..,..,..,..,..,..,..,..,..,..,..,..,..,..,..,..,..,..,..,..,..
....Misamis Oriental,"BAGUIO BEANS, 1 KG",28.91,27.23,26.31,24.13,21.88,25.13,24.50,29.38,34.38,26.38,27.00,30.63,27.16,48.63,37.88,26.75,32.50,38.63,32.00,24.63,25.75,27.38,32.38,31.63,31.38,32.46,28.63,49.88,38.75,40.50,36.38,30.88,30.50,30.63,30.00,29.75,29.75,28.63,33.69,38.75,40.75,31.00,40.75,58.75,45.00,38.75,42.38,37.50,41.25,51.25,48.13,42.86,39.38,37.50,51.25,53.75,56.25,50.00,42.50,33.63,41.25,60.63,43.00,40.50,45.80,43.75,58.75,50.00,51.38,36.25,37.50,34.13,42.25,45.00,40.63,40.63,51.25,44.29,56.25,52.50,52.50,52.50,49.38,41.63,41.88,44.38,44.38,46.25,46.88,46.38,47.91,49.38,60.00,51.88,56.25,65.00,58.75,55.00,51.25,51.25,50.63,46.88,44.38,53.39,50.00,45.00,58.13,49.17,53.75,51.88,44.38,43.13,49.38,53.13,47.50,67.50,51.08,63.75,61.25,61.25,61.88,61.88,58.75,52.74,47.74,48.99,47.74,48.36,55.24,55.80
....Misamis Oriental,"MONGGO, GREEN, 1 KG",83.35,81.01,83.10,78.50,77.50,78.00,76.25,74.88,75.25,74.38,70.75,72.75,77.14,73.75,75.50,73.13,76.25,76.00,73.75,71.25,71.75,73.63,83.75,87.50,86.88,76.93,85.00,87.50,85.00,87.63,87.38,82.50,83.75,86.88,83.75,86.88,86.25,88.75,85.94,88.75,86.88,85.63,89.38,88.75,87.25,90.00,88.13,87.50,91.25,91.25,91.25,88.84,88.75,87.50,88.75,88.13,88.75,87.50,90.00,88.75,88.75,88.00,87.50,87.50,88.32,87.50,88.00,88.50,88.50,87.50,88.00,88.00,88.50,88.50,89.00,89.00,88.50,88.29,88.50,88.50,88.50,87.50,89.38,87.50,83.75,84.38,86.25,85.63,87.50,87.50,87.07,86.25,82.50,84.38,83.75,86.25,86.25,86.25,86.88,85.00,87.50,90.00,88.75,86.15,77.50,83.75,85.00,87.50,83.13,85.00,96.25,96.00,96.25,96.25,97.50,96.25,90.03,95.00,102.50,95.00,100.00,100.00,100.00,96.48,96.48,96.48,96.48,96.48,96.48,97.62
....Misamis Oriental,"STRING BEANS, 1 KG",..,..,..,..,..,..,..,..,..,..,..,..,..,..,..,..,..,..,..,..,..,..,..,..,..,..,..,..,..,..,..,..,..,..,..,..,..,..,..,..,..,..,..,..,..,..,..,..,..,..,..,..,..,..,..,..,..,..,..,..,..,..,..,..,..,..,..,..,..,..,..,..,..,..,..,..,..,..,..,..,..,..,..,..,..,..,..,..,..,..,..,..,..,..,..,..,..,..,..,..,..,..,..,..,..,..,..,..,..,..,..,..,..,..,..,..,..,..,..,..,..,..,..,..,..,..,..,..,..,..
..REGION XI (DAVAO REGION),"RAW PEANUT, SHELLED, 1 KG",93.26,89.90,76.00,81.64,83.60,83.81,84.73,84.64,84.64,85.06,85.63,85.63,84.88,85.63,86.09,86.09,86.09,86.09,86.51,87.11,87.54,87.94,88.26,88.66,88.48,87.04,88.48,87.95,87.95,88.16,88.16,88.55,88.55,88.55,87.46,88.83,89.45,90.29,88.53,89.96,92.86,92.99,93.60,94.63,93.29,95.60,96.23,94.42,94.42,97.67,97.38,94.42,100.87,101.23,106.86,105.91,106.08,106.92,110.83,108.96,115.72,113.08,112.29,110.43,108.27,110.93,110.08,105.88,104.09,104.36,106.23,112.05,109.68,111.44,113.43,112.55,114.34,109.59,114.05,114.46,113.33,110.13,110.54,112.24,113.19,116.01,119.79,117.50,119.72,118.13,114.92,118.13,121.46,118.33,118.71,118.92,118.88,121.67,123.33,121.88,123.68,119.31,118.89,120.27,119.52,112.22,111.67,114.72,111.56,110.56,110.56,111.39,114.88,118.33,119.85,118.19,114.45,117.07,117.75,112.50,112.14,111.46,108.33,110.00,104.17,104.03,104.31,110.97,107.08,109.98
..REGION XI (DAVAO REGION),"RAW PEANUT, UNSHELLED, 1 KG",72.35,80.03,74.27,74.66,75.42,75.42,72.37,71.61,71.61,72.04,72.77,73.00,73.80,73.00,73.47,73.47,73.47,73.47,74.29,75.11,75.93,76.79,77.70,78.56,79.42,75.39,79.42,78.99,78.99,78.99,78.99,79.72,79.72,79.72,82.91,84.19,80.36,81.89,80.32,86.23,84.95,88.14,89.29,88.34,86.31,83.29,82.30,74.26,75.30,75.30,75.30,82.42,77.41,80.21,83.44,85.54,91.15,95.08,95.08,95.84,95.84,95.84,95.00,95.00,90.45,95.00,98.57,97.86,98.14,97.86,92.86,91.43,91.43,91.43,91.43,97.14,101.43,95.38,95.00,96.43,97.14,102.86,101.86,103.29,103.29,92.57,82.50,77.50,77.43,77.00,92.24,77.00,75.83,75.83,75.83,75.83,75.83,75.83,75.33,74.17,74.17,74.17,74.17,75.33,77.50,84.17,83.33,86.25,84.17,86.67,87.50,87.50,87.50,87.50,88.33,86.67,85.59,80.00,80.00,75.00,76.67,76.67,76.67,76.67,77.50,78.33,86.67,90.83,91.67,80.56
..REGION XI (DAVAO REGION),"BAGUIO BEANS, 1 KG",..,..,..,..,..,..,..,..,..,..,..,..,..,..,..,..,..,..,..,..,..,..,..,..,..,..,..,..,..,..,..,..,..,..,..,..,..,..,..,..,..,..,..,..,..,..,..,..,..,..,..,..,..,..,..,..,..,..,..,..,..,..,..,..,..,..,..,..,..,..,..,..,..,..,..,..,..,..,..,..,..,..,..,..,..,..,..,..,..,..,..,..,..,..,..,..,..,..,..,..,..,..,..,..,..,..,..,..,..,..,..,..,..,..,..,..,..,..,..,..,..,..,..,..,..,..,..,..,..,..
..REGION XI (DAVAO REGION),"MONGGO, GREEN, 1 KG",75.19,75.62,74.46,79.80,79.97,77.80,77.97,79.64,79.33,79.33,77.93,78.36,77.95,78.92,79.02,81.10,81.02,82.52,79.66,78.04,76.58,75.51,74.36,74.65,74.74,78.01,74.77,75.40,77.43,74.80,75.47,75.23,73.60,74.32,78.20,80.90,84.19,84.99,77.44,86.30,88.68,88.12,88.68,85.73,83.01,82.14,81.79,82.60,84.23,84.76,86.51,85.21,86.88,87.29,85.49,90.21,85.14,83.02,85.04,83.25,82.81,79.79,80.51,83.68,84.43,82.98,82.70,85.19,83.18,88.40,87.46,86.42,84.75,86.91,88.24,86.53,88.50,85.94,88.09,86.55,84.24,85.51,85.24,82.85,84.38,85.06,85.06,84.81,85.43,82.45,84.97,83.66,83.64,84.28,86.72,81.83,77.50,79.52,82.72,81.72,81.72,84.22,81.72,82.44,83.29,84.69,83.07,84.69,83.44,80.94,81.41,81.72,82.04,81.41,80.78,81.30,82.40,82.19,88.75,92.82,92.19,92.97,90.38,88.25,92.97,100.50,100.69,99.97,98.91,93.38
..REGION XI (DAVAO REGION),"STRING BEANS, 1 KG",49.11,49.23,48.88,47.95,47.61,47.65,47.83,47.28,47.56,50.38,50.33,50.82,48.72,51.32,56.22,55.30,54.27,53.32,53.32,53.32,53.32,52.58,53.24,52.53,51.58,53.36,53.45,55.08,53.66,54.82,54.56,54.30,54.05,53.79,58.11,56.63,60.81,61.12,55.87,61.43,59.72,59.72,57.94,57.52,56.03,54.71,55.32,54.81,55.60,56.74,57.53,57.26,56.47,62.25,66.05,54.89,57.69,56.17,56.22,45.48,40.61,41.88,43.48,40.06,51.77,43.26,53.70,50.00,48.93,38.92,40.68,35.79,40.66,40.06,40.06,40.09,40.94,42.76,44.07,43.44,41.25,41.88,45.32,45.01,42.19,36.88,40.01,42.82,47.19,47.82,43.16,46.25,59.38,50.63,60.32,50.00,43.44,40.00,36.57,38.13,35.63,42.19,39.38,45.16,44.07,43.13,44.07,49.59,52.50,51.57,37.82,25.94,31.57,44.69,47.19,42.82,42.91,45.94,55.94,44.69,44.69,42.82,46.63,47.44,54.76,51.88,49.82,45.94,54.07,48.72
....Davao de Oro,"RAW PEANUT, SHELLED, 1 KG",114.31,104.69,63.93,77.72,77.72,77.72,78.72,79.22,79.22,79.72,80.22,80.22,82.78,80.22,80.72,80.72,80.72,80.72,80.17,80.17,79.62,79.08,79.08,78.54,78.00,79.81,78.00,77.53,77.53,77.88,77.88,78.34,78.34,78.34,78.34,78.34,80.43,80.63,78.47,80.63,82.78,83.18,81.96,80.63,81.24,82.77,86.34,85.42,83.59,85.83,82.47,83.07,84.61,88.59,93.18,87.78,86.76,87.27,97.46,94.40,113.67,113.67,111.12,110.10,97.38,105.51,102.96,96.84,98.37,96.33,102.96,111.12,108.06,107.55,107.96,108.06,108.57,104.52,111.43,111.43,109.29,95.38,94.75,97.88,100.63,100.00,100.00,100.63,107.50,103.13,102.67,103.13,113.13,103.75,103.75,111.25,113.13,112.50,116.25,115.00,113.13,108.75,107.50,110.11,109.38,107.50,107.50,107.50,106.25,107.50,107.50,110.00,110.00,110.00,111.25,112.50,108.91,112.50,110.00,110.00,112.50,112.50,112.50,112.50,100.00,98.75,101.25,101.25,101.25,107.08
....Davao de Oro,"RAW PEANUT, UNSHELLED, 1 KG",..,..,..,..,..,..,..,..,..,..,..,..,..,..,..,..,..,..,..,..,..,..,..,..,..,..,..,..,..,..,..,..,..,..,..,..,..,..,..,..,..,..,..,..,..,..,..,..,..,..,..,..,..,..,..,..,..,..,..,..,..,..,..,..,..,..,..,..,..,..,..,..,..,..,..,..,..,..,..,..,..,..,..,..,..,..,..,..,..,..,..,..,..,..,..,..,..,..,..,..,..,..,..,..,..,..,..,..,..,..,..,..,..,..,..,..,..,..,..,..,..,..,..,..,..,..,..,..,..,..
....Davao de Oro,"BAGUIO BEANS, 1 KG",..,..,..,..,..,..,..,..,..,..,..,..,..,..,..,..,..,..,..,..,..,..,..,..,..,..,..,..,..,..,..,..,..,..,..,..,..,..,..,..,..,..,..,..,..,..,..,..,..,..,..,..,..,..,..,..,..,..,..,..,..,..,..,..,..,..,..,..,..,..,..,..,..,..,..,..,..,..,..,..,..,..,..,..,..,..,..,..,..,..,..,..,..,..,..,..,..,..,..,..,..,..,..,..,..,..,..,..,..,..,..,..,..,..,..,..,..,..,..,..,..,..,..,..,..,..,..,..,..,..
....Davao de Oro,"MONGGO, GREEN, 1 KG",78.44,79.71,74.64,71.63,77.99,75.26,74.02,77.03,77.42,78.45,80.22,81.02,77.15,81.82,80.61,82.33,80.21,80.21,80.62,80.62,81.03,78.00,78.00,75.08,72.27,79.23,67.94,70.06,66.91,62.92,68.51,68.77,74.88,80.49,82.51,80.17,83.88,84.97,74.33,84.97,88.90,90.60,90.94,90.86,83.32,85.61,85.78,82.13,80.78,81.46,83.83,85.77,88.48,88.06,85.52,91.44,81.28,82.98,85.09,82.98,80.44,85.52,85.52,96.95,86.19,91.44,84.66,93.13,94.82,91.94,89.74,85.51,86.35,88.05,90.08,87.29,93.13,89.68,85.63,88.13,81.88,81.25,83.75,80.63,83.13,83.75,83.75,85.00,87.50,78.75,83.60,81.25,82.50,83.13,86.25,78.75,73.75,82.50,82.50,82.50,81.25,85.00,80.00,81.62,81.88,81.25,83.75,88.75,83.75,83.75,81.88,80.00,80.63,81.25,80.00,80.63,82.29,88.75,91.25,95.00,95.00,100.00,97.50,97.50,111.25,116.25,113.75,115.00,112.50,102.81
....Davao de Oro,"STRING BEANS, 1 KG",..,..,..,..,..,..,..,..,..,..,..,..,..,..,..,..,..,..,..,..,..,..,..,..,..,..,..,..,..,..,..,..,..,..,..,..,..,..,..,..,..,..,..,..,..,..,..,..,..,..,..,..,..,..,..,..,..,..,..,..,..,..,..,..,..,..,..,..,..,..,..,..,..,..,..,..,..,..,..,..,..,..,..,..,..,..,..,..,..,..,..,..,..,..,..,..,..,..,..,..,..,..,..,..,..,..,..,..,..,..,..,..,..,..,..,..,..,..,..,..,..,..,..,..,..,..,..,..,..,..
....Davao del Norte,"RAW PEANUT, SHELLED, 1 KG",..,..,..,..,..,..,..,..,..,..,..,..,..,..,..,..,..,..,..,..,..,..,..,..,..,..,..,..,..,..,..,..,..,..,..,..,..,..,..,..,..,..,..,..,..,..,..,..,..,..,..,..,..,..,..,..,..,..,..,..,..,..,..,..,..,..,..,..,..,..,..,..,..,..,..,..,..,..,..,..,..,..,..,..,..,..,..,..,..,..,..,..,..,..,..,..,..,..,..,..,..,..,..,..,..,..,..,..,..,..,..,..,..,..,..,..,..,..,..,..,..,..,..,..,..,..,..,..,..,..
....Davao del Norte,"RAW PEANUT, UNSHELLED, 1 KG",72.35,80.03,74.27,74.66,75.42,75.42,72.37,71.61,71.61,72.04,72.77,73.00,73.80,73.00,73.47,73.47,73.47,73.47,74.29,75.11,75.93,76.79,77.70,78.56,79.42,75.39,79.42,78.99,78.99,78.99,78.99,79.72,79.72,79.72,82.91,84.19,80.36,81.89,80.32,86.23,84.95,88.14,89.29,88.34,86.31,83.29,82.30,74.26,75.30,75.30,75.30,82.42,77.41,80.21,83.44,85.54,91.15,95.08,95.08,95.84,95.84,95.84,95.00,95.00,90.45,95.00,98.57,97.86,98.14,97.86,92.86,91.43,91.43,91.43,91.43,97.14,101.43,95.38,95.00,96.43,97.14,102.86,101.86,103.29,103.29,92.57,82.50,77.50,77.43,77.00,92.24,77.00,75.83,75.83,75.83,75.83,75.83,75.83,75.33,74.17,74.17,74.17,74.17,75.33,77.50,84.17,83.33,86.25,84.17,86.67,87.50,87.50,87.50,87.50,88.33,86.67,85.59,80.00,80.00,75.00,76.67,76.67,76.67,76.67,77.50,78.33,86.67,90.83,91.67,80.56
....Davao del Norte,"BAGUIO BEANS, 1 KG",..,..,..,..,..,..,..,..,..,..,..,..,..,..,..,..,..,..,..,..,..,..,..,..,..,..,..,..,..,..,..,..,..,..,..,..,..,..,..,..,..,..,..,..,..,..,..,..,..,..,..,..,..,..,..,..,..,..,..,..,..,..,..,..,..,..,..,..,..,..,..,..,..,..,..,..,..,..,..,..,..,..,..,..,..,..,..,..,..,..,..,..,..,..,..,..,..,..,..,..,..,..,..,..,..,..,..,..,..,..,..,..,..,..,..,..,..,..,..,..,..,..,..,..,..,..,..,..,..,..
....Davao del Norte,"MONGGO, GREEN, 1 KG",53.63,54.07,54.07,80.23,80.23,80.23,80.23,80.57,80.97,84.05,78.13,78.47,73.74,79.26,79.79,81.10,80.23,79.37,77.60,75.87,74.18,72.53,70.92,69.34,67.79,75.67,67.51,69.62,68.07,68.20,68.20,67.52,67.52,67.52,72.92,74.58,81.48,82.53,71.31,83.60,91.34,92.61,91.93,86.62,86.46,87.55,85.02,83.50,84.34,88.14,88.31,87.45,84.01,91.10,90.67,93.63,84.35,80.98,85.20,84.35,87.73,84.86,88.57,86.04,86.79,85.71,89.42,87.23,84.70,87.74,84.70,87.74,81.16,84.78,89.76,85.71,86.88,86.29,85.00,81.50,80.25,82.50,80.63,82.50,84.00,84.38,82.75,81.25,82.50,81.50,82.40,82.13,82.50,81.88,80.00,80.00,80.00,78.38,79.63,80.63,82.50,79.38,80.00,80.59,81.88,82.50,81.63,84.17,83.13,82.50,83.75,80.00,80.63,81.25,78.75,81.43,81.80,77.50,83.75,86.25,87.50,85.00,86.25,85.00,86.25,91.25,92.50,92.50,92.50,87.19
....Davao del Norte,"STRING BEANS, 1 KG",..,..,..,..,..,..,..,..,..,..,..,..,..,..,..,..,..,..,..,..,..,..,..,..,..,..,..,..,..,..,..,..,..,..,..,..,..,..,..,..,..,..,..,..,..,..,..,..,..,..,..,..,..,..,..,..,..,..,..,..,..,..,..,..,..,..,..,..,..,..,..,..,..,..,..,..,..,..,..,..,..,..,..,..,..,..,..,..,..,..,..,..,..,..,..,..,..,..,..,..,..,..,..,..,..,..,..,..,..,..,..,..,..,..,..,..,..,..,..,..,..,..,..,..,..,..,..,..,..,..
....Davao del Sur,"RAW PEANUT, SHELLED, 1 KG",87.42,86.95,86.02,86.02,88.36,89.01,90.97,91.62,91.62,91.62,92.09,92.09,89.48,92.09,92.56,92.56,92.56,92.56,93.49,94.43,95.38,96.34,97.31,98.29,98.29,94.66,98.29,97.70,97.70,97.70,97.70,97.93,97.93,97.93,97.93,97.93,101.00,101.25,98.42,101.50,101.50,101.50,104.55,110.64,103.53,105.56,105.56,103.53,104.55,104.55,104.55,104.29,106.58,102.52,113.69,116.23,117.75,119.78,121.30,118.76,119.78,115.72,116.74,113.69,115.21,119.78,119.78,118.76,113.68,114.70,113.68,115.71,111.65,114.70,117.54,115.71,118.75,116.20,115.00,116.25,115.00,115.00,116.88,118.13,117.50,123.75,126.88,121.88,121.67,121.25,119.10,121.25,121.25,121.25,122.38,128.00,126.00,132.50,133.75,130.63,131.25,122.50,122.50,126.11,122.50,122.50,122.50,121.67,121.75,122.50,122.50,122.50,122.50,120.00,119.00,118.50,121.54,118.00,115.25,112.50,112.50,112.50,112.50,112.50,112.50,113.33,111.67,113.33,113.33,113.33
....Davao del Sur,"RAW PEANUT, UNSHELLED, 1 KG",..,..,..,..,..,..,..,..,..,..,..,..,..,..,..,..,..,..,..,..,..,..,..,..,..,..,..,..,..,..,..,..,..,..,..,..,..,..,..,..,..,..,..,..,..,..,..,..,..,..,..,..,..,..,..,..,..,..,..,..,..,..,..,..,..,..,..,..,..,..,..,..,..,..,..,..,..,..,..,..,..,..,..,..,..,..,..,..,..,..,..,..,..,..,..,..,..,..,..,..,..,..,..,..,..,..,..,..,..,..,..,..,..,..,..,..,..,..,..,..,..,..,..,..,..,..,..,..,..,..
....Davao del Sur,"BAGUIO BEANS, 1 KG",..,..,..,..,..,..,..,..,..,..,..,..,..,..,..,..,..,..,..,..,..,..,..,..,..,..,..,..,..,..,..,..,..,..,..,..,..,..,..,..,..,..,..,..,..,..,..,..,..,..,..,..,..,..,..,..,..,..,..,..,..,..,..,..,..,..,..,..,..,..,..,..,..,..,..,..,..,..,..,..,..,..,..,..,..,..,..,..,..,..,..,..,..,..,..,..,..,..,..,..,..,..,..,..,..,..,..,..,..,..,..,..,..,..,..,..,..,..,..,..,..,..,..,..,..,..,..,..,..,..
....Davao del Sur,"MONGGO, GREEN, 1 KG",83.01,83.01,83.79,83.01,80.11,73.90,77.78,78.94,79.33,75.64,73.70,74.68,78.91,75.42,75.64,76.61,81.46,86.61,82.54,78.65,74.95,76.65,78.38,80.17,85.24,79.36,82.49,85.06,86.97,83.57,80.66,80.66,77.84,75.11,81.12,79.01,81.57,82.63,81.39,83.70,81.53,82.37,83.21,78.20,75.69,74.86,72.36,74.86,75.44,74.77,77.53,77.88,75.19,70.18,68.51,78.53,77.70,76.02,75.19,71.01,71.85,74.77,73.94,77.70,74.22,75.61,77.53,81.21,79.20,77.95,77.28,76.45,78.53,81.88,81.88,81.88,81.88,79.27,81.88,81.88,81.88,81.88,81.88,78.75,80.00,80.00,82.50,80.00,78.75,80.00,80.78,80.00,80.00,80.00,82.50,82.50,65.00,62.50,77.50,75.00,71.88,78.75,78.13,76.15,80.63,80.00,76.88,77.50,78.13,72.50,75.00,80.00,76.25,74.38,75.00,78.13,77.03,77.50,85.00,89.38,88.75,86.88,81.50,81.75,81.88,97.00,96.50,99.88,98.13,88.68
....Davao del Sur,"STRING BEANS, 1 KG",71.61,70.41,70.41,69.36,68.32,68.32,68.32,68.32,68.74,72.71,70.46,71.14,69.84,71.82,74.08,72.77,70.52,68.42,68.42,68.42,68.42,68.42,69.73,69.73,67.64,69.87,69.63,71.72,70.41,71.88,70.83,69.78,68.74,67.69,73.13,71.30,78.47,79.52,71.93,80.57,78.58,78.58,74.18,74.18,74.18,72.40,69.78,69.78,74.18,77.22,75.91,74.96,75.91,80.25,77.64,69.78,71.98,69.78,73.29,59.31,46.23,45.39,48.42,47.12,63.76,47.12,48.00,42.30,41.88,40.15,37.53,37.53,43.61,39.26,39.26,41.88,41.88,41.70,45.00,45.00,45.00,47.50,48.75,51.88,46.25,33.13,38.13,45.00,51.88,54.38,45.99,50.00,60.00,57.50,63.75,55.00,42.50,41.25,35.00,35.00,31.25,36.88,38.13,45.52,40.63,38.75,43.75,45.00,51.25,50.63,38.13,21.25,29.38,39.38,45.00,41.25,40.37,43.13,43.13,40.63,40.63,40.63,44.50,53.00,63.88,58.75,54.63,48.75,59.38,49.25
....Davao Oriental,"RAW PEANUT, SHELLED, 1 KG",78.06,78.06,78.06,81.17,84.71,84.71,84.50,83.09,83.09,83.83,84.57,84.57,82.37,84.57,85.00,85.00,85.00,85.00,85.86,86.74,87.62,88.39,88.39,89.16,89.16,86.66,89.16,88.61,88.61,88.91,88.91,89.39,89.39,89.39,86.11,90.22,86.93,88.98,88.72,87.75,94.30,94.30,94.30,92.61,95.10,98.48,96.80,94.30,95.12,102.63,105.11,95.90,111.43,112.58,113.72,113.72,113.72,113.72,113.72,113.72,113.72,109.86,109.02,107.51,112.20,107.51,107.51,102.04,100.22,102.04,102.04,109.33,109.33,112.07,114.80,113.89,115.71,108.04,115.71,115.71,115.71,120.00,120.00,120.71,121.43,124.29,132.50,130.00,130.00,130.00,123.01,130.00,130.00,130.00,130.00,117.50,117.50,120.00,120.00,120.00,126.67,126.67,126.67,124.58,126.67,106.67,105.00,115.00,106.67,101.67,101.67,101.67,112.14,125.00,129.29,123.57,112.92,120.71,128.00,115.00,111.43,109.38,100.00,105.00,100.00,100.00,100.00,118.33,106.67,109.54
....Davao Oriental,"RAW PEANUT, UNSHELLED, 1 KG",..,..,..,..,..,..,..,..,..,..,..,..,..,..,..,..,..,..,..,..,..,..,..,..,..,..,..,..,..,..,..,..,..,..,..,..,..,..,..,..,..,..,..,..,..,..,..,..,..,..,..,..,..,..,..,..,..,..,..,..,..,..,..,..,..,..,..,..,..,..,..,..,..,..,..,..,..,..,..,..,..,..,..,..,..,..,..,..,..,..,..,..,..,..,..,..,..,..,..,..,..,..,..,..,..,..,..,..,..,..,..,..,..,..,..,..,..,..,..,..,..,..,..,..,..,..,..,..,..,..
....Davao Oriental,"BAGUIO BEANS, 1 KG",..,..,..,..,..,..,..,..,..,..,..,..,..,..,..,..,..,..,..,..,..,..,..,..,..,..,..,..,..,..,..,..,..,..,..,..,..,..,..,..,..,..,..,..,..,..,..,..,..,..,..,..,..,..,..,..,..,..,..,..,..,..,..,..,..,..,..,..,..,..,..,..,..,..,..,..,..,..,..,..,..,..,..,..,..,..,..,..,..,..,..,..,..,..,..,..,..,..,..,..,..,..,..,..,..,..,..,..,..,..,..,..,..,..,..,..,..,..,..,..,..,..,..,..,..,..,..,..,..,..
....Davao Oriental,"MONGGO, GREEN, 1 KG",85.69,85.69,85.35,84.32,81.56,81.82,79.84,82.00,79.58,79.16,79.68,79.25,82.00,79.17,80.03,84.34,82.18,83.90,77.88,77.01,76.15,74.86,70.13,74.00,73.65,77.78,81.14,76.84,87.76,84.49,84.49,83.97,74.16,74.16,76.23,89.83,89.83,89.83,82.73,92.93,92.93,86.91,88.62,87.23,86.56,80.54,83.98,89.92,96.37,94.66,96.37,89.75,99.82,99.82,97.24,97.24,97.24,92.08,94.66,94.66,91.21,74.01,74.01,74.01,90.50,79.17,79.17,79.17,74.01,95.96,98.11,95.96,92.94,92.94,91.22,91.22,92.09,88.50,99.84,94.68,92.96,96.40,94.69,89.53,90.39,92.12,91.25,92.98,92.98,89.54,93.11,91.25,89.54,92.12,98.14,86.08,91.25,94.70,91.25,88.75,91.25,93.75,88.75,91.40,88.75,95.00,90.00,88.33,88.75,85.00,85.00,86.88,90.63,88.75,89.38,85.00,88.46,85.00,95.00,100.63,97.50,100.00,96.25,88.75,92.50,97.50,100.00,92.50,92.50,94.84
....Davao Oriental,"STRING BEANS, 1 KG",26.61,28.05,27.34,26.54,26.90,26.97,27.33,26.24,26.38,28.04,30.20,30.50,27.59,30.81,38.35,37.82,38.02,38.21,38.21,38.21,38.21,36.74,36.74,35.33,35.51,36.85,37.26,38.43,36.90,37.76,38.28,38.82,39.35,39.89,43.08,41.96,43.14,42.71,39.80,42.29,40.85,40.85,41.70,40.85,37.87,37.02,40.85,39.83,37.02,36.25,39.14,39.54,37.02,44.25,54.46,40.00,43.40,42.55,39.14,31.65,34.98,38.36,38.54,33.00,39.78,39.39,59.39,57.69,55.98,37.69,43.83,34.04,37.70,40.85,40.85,38.29,40.00,43.81,43.13,41.88,37.50,36.25,41.88,38.13,38.13,40.63,41.88,40.63,42.50,41.25,40.32,42.50,58.75,43.75,56.88,45.00,44.38,38.75,38.13,41.25,40.00,47.50,40.63,44.79,47.50,47.50,44.38,54.17,53.75,52.50,37.50,30.63,33.75,50.00,49.38,44.38,45.45,48.75,68.75,48.75,48.75,45.00,48.75,41.88,45.63,45.00,45.00,43.13,48.75,48.18
..REGION XII (SOCCSKSARGEN),"RAW PEANUT, SHELLED, 1 KG",75.94,76.04,78.27,79.50,79.62,79.84,76.86,79.97,78.41,77.16,78.53,79.31,78.29,78.49,78.84,77.15,78.50,79.59,76.07,79.28,79.36,76.94,78.47,78.47,78.40,78.30,79.36,79.29,78.67,75.35,73.68,71.85,72.25,72.65,72.91,77.31,77.77,78.46,75.80,79.31,80.84,81.78,82.28,83.26,84.05,84.05,84.05,86.99,87.18,89.38,89.85,84.42,90.03,86.44,87.56,88.50,88.06,89.91,90.16,89.70,85.29,84.66,85.18,86.39,87.66,87.99,88.24,87.04,85.95,85.34,85.13,85.67,83.50,83.55,83.83,83.63,84.23,85.34,84.51,83.45,83.48,83.03,83.31,84.76,87.74,87.91,89.16,90.14,91.20,90.53,86.60,90.25,89.38,88.31,88.80,89.79,89.21,90.52,91.08,92.17,92.48,93.46,94.50,90.83,94.69,93.33,91.35,90.72,89.21,91.17,93.53,93.69,91.81,91.41,89.12,88.67,91.56,86.31,86.62,87.94,88.13,90.88,92.86,94.83,95.69,96.12,96.58,97.76,97.71,92.62
..REGION XII (SOCCSKSARGEN),"RAW PEANUT, UNSHELLED, 1 KG",..,..,..,..,..,..,..,..,..,..,..,..,..,..,..,..,..,..,..,..,..,..,..,..,..,..,..,..,..,..,..,..,..,..,..,..,..,..,..,..,..,..,..,..,..,..,..,..,..,..,..,..,..,..,..,..,..,..,..,..,..,..,..,..,..,..,..,..,..,..,..,..,..,..,..,..,..,..,..,..,..,..,..,..,..,..,..,..,..,..,..,..,..,..,..,..,..,..,..,..,..,..,..,..,..,..,..,..,..,..,..,..,..,..,..,..,..,..,..,..,..,..,..,..,..,..,..,..,..,..
..REGION XII (SOCCSKSARGEN),"BAGUIO BEANS, 1 KG",56.16,44.89,43.49,41.61,41.09,41.56,41.36,39.91,42.59,41.30,40.60,44.09,43.22,44.84,45.53,47.31,44.56,45.30,45.30,45.05,43.85,44.79,45.92,46.75,47.22,45.54,45.86,52.05,50.47,44.81,44.43,44.13,44.85,44.17,45.42,43.96,43.96,44.58,45.72,47.17,46.88,46.88,47.71,51.67,49.38,47.50,47.79,48.96,47.71,48.54,50.21,48.37,49.17,49.79,50.21,53.33,55.42,53.33,47.92,48.75,49.17,55.00,50.83,50.42,51.11,52.92,54.79,54.38,50.42,52.08,51.25,51.67,51.67,51.67,52.50,54.17,60.42,53.16,58.33,53.25,52.42,54.17,56.18,56.74,52.71,53.96,52.92,56.25,55.63,55.42,54.83,59.17,60.00,60.21,62.29,62.29,71.04,68.47,68.06,61.39,61.39,65.14,59.72,63.26,57.02,60.56,61.11,65.00,64.17,62.71,56.46,54.24,55.49,57.57,61.74,63.74,59.98,69.24,72.15,71.46,71.18,72.22,74.17,73.19,73.53,68.13,68.41,70.17,76.88,71.73
..REGION XII (SOCCSKSARGEN),"MONGGO, GREEN, 1 KG",68.04,67.15,66.71,66.60,62.27,61.18,67.14,64.61,61.88,61.25,62.00,60.82,64.14,61.70,63.42,64.67,61.12,57.90,57.10,56.97,59.43,59.58,59.41,61.08,64.11,60.54,64.52,64.36,65.57,67.94,64.95,63.73,64.67,65.63,76.88,77.66,78.07,81.10,69.59,82.00,83.60,82.97,80.16,77.03,76.41,78.00,78.38,76.81,77.13,80.39,80.44,79.44,82.18,80.34,81.37,80.55,80.74,78.93,79.58,79.46,79.87,80.30,81.30,84.27,80.74,83.65,85.27,85.30,79.46,78.34,79.12,78.08,79.84,80.62,82.40,82.77,82.24,81.42,81.93,81.99,82.90,80.52,77.18,76.55,79.34,78.05,77.43,79.21,79.49,79.12,79.48,79.99,79.59,80.52,79.27,77.40,75.00,74.73,76.39,77.54,77.95,79.89,80.42,78.22,79.33,78.39,78.98,76.88,76.67,75.64,76.36,78.17,77.08,78.58,78.18,79.63,77.82,80.49,83.01,88.39,81.64,81.09,80.67,82.80,84.08,84.80,86.51,86.61,87.02,83.93
..REGION XII (SOCCSKSARGEN),"STRING BEANS, 1 KG",36.78,36.78,36.78,32.31,36.78,37.70,36.78,38.62,40.39,40.39,40.39,40.39,37.84,40.39,37.70,36.78,37.70,36.78,38.61,40.38,40.38,40.38,40.38,40.38,40.38,39.19,40.38,39.46,36.77,38.60,40.37,40.37,40.37,40.37,40.37,40.37,40.37,40.37,39.85,40.37,40.37,40.37,40.37,40.37,31.71,37.29,33.88,34.50,38.00,35.60,35.60,37.37,35.27,31.02,37.02,41.07,43.38,53.06,49.26,22.13,21.49,23.53,27.41,33.12,34.81,36.84,43.67,38.83,35.99,36.36,45.76,45.76,41.10,37.61,41.41,37.80,38.55,39.97,44.13,46.58,43.35,44.19,44.83,52.09,37.74,35.50,35.47,34.38,42.19,40.73,41.77,42.53,38.84,37.90,46.55,50.41,47.77,44.01,46.25,45.63,46.88,45.00,45.00,44.73,48.13,46.25,51.33,54.86,49.38,49.38,40.50,30.50,31.88,29.88,31.50,28.25,40.99,30.38,25.38,22.63,20.88,21.63,27.29,28.04,30.81,27.91,21.90,19.66,24.14,25.05
....North Cotabato,"RAW PEANUT, SHELLED, 1 KG",..,..,..,..,..,..,..,..,..,..,..,..,..,..,..,..,..,..,..,..,..,..,..,..,..,..,..,..,..,..,..,..,..,..,..,..,..,..,..,..,..,..,..,..,..,..,..,..,..,..,..,..,..,..,..,..,..,..,..,..,..,..,..,..,..,..,..,..,..,..,..,..,..,..,..,..,..,..,..,..,..,..,..,..,..,..,..,..,..,..,..,..,..,..,..,..,..,..,..,..,..,..,..,..,..,..,..,..,..,..,..,..,..,..,..,..,..,..,..,..,..,..,..,..,..,..,..,..,..,..
....North Cotabato,"RAW PEANUT, UNSHELLED, 1 KG",..,..,..,..,..,..,..,..,..,..,..,..,..,..,..,..,..,..,..,..,..,..,..,..,..,..,..,..,..,..,..,..,..,..,..,..,..,..,..,..,..,..,..,..,..,..,..,..,..,..,..,..,..,..,..,..,..,..,..,..,..,..,..,..,..,..,..,..,..,..,..,..,..,..,..,..,..,..,..,..,..,..,..,..,..,..,..,..,..,..,..,..,..,..,..,..,..,..,..,..,..,..,..,..,..,..,..,..,..,..,..,..,..,..,..,..,..,..,..,..,..,..,..,..,..,..,..,..,..,..
....North Cotabato,"BAGUIO BEANS, 1 KG",45.21,46.82,44.40,38.75,42.50,41.25,43.75,39.38,41.88,43.13,41.88,43.75,42.73,43.13,42.50,48.75,43.13,46.25,46.25,43.75,41.88,42.50,41.88,44.38,46.25,44.22,44.38,57.63,52.00,41.25,41.88,42.75,44.00,43.75,47.50,44.38,44.38,45.00,45.74,52.75,48.13,48.13,50.00,60.00,51.88,48.75,52.13,50.63,46.88,49.38,48.13,50.57,48.75,50.63,54.38,61.25,67.50,61.25,47.50,50.00,50.00,62.50,51.25,51.25,54.69,58.75,64.38,63.13,52.50,55.00,48.75,50.00,51.25,52.50,55.00,60.00,73.75,57.08,62.50,55.00,53.75,55.00,56.88,55.63,50.63,59.38,60.00,61.25,63.13,61.25,57.87,67.50,67.50,66.25,66.25,67.50,70.00,67.50,67.50,61.25,66.25,71.25,62.50,66.77,60.00,63.75,67.50,67.50,65.00,64.38,46.88,45.63,49.38,51.88,58.75,62.50,58.60,63.75,72.50,75.00,66.25,61.25,68.75,60.00,60.00,61.58,60.53,62.64,65.27,64.79
....North Cotabato,"MONGGO, GREEN, 1 KG",..,..,..,..,..,..,..,..,..,..,..,..,..,..,..,..,..,..,..,..,..,..,..,..,..,..,..,..,..,..,..,..,..,..,..,..,..,..,..,..,..,..,..,..,..,..,..,..,..,..,..,..,..,..,..,..,..,..,..,..,..,..,..,..,..,..,..,..,..,..,..,..,..,..,..,..,..,..,..,..,..,..,..,..,..,..,..,..,..,..,..,..,..,..,..,..,..,..,..,..,..,..,..,..,..,..,..,..,..,..,..,..,..,..,..,..,..,..,..,..,..,..,..,..,..,..,..,..,..,..
....North Cotabato,"STRING BEANS, 1 KG",..,..,..,..,..,..,..,..,..,..,..,..,..,..,..,..,..,..,..,..,..,..,..,..,..,..,..,..,..,..,..,..,..,..,..,..,..,..,..,..,..,..,..,..,..,..,..,..,..,..,..,..,..,..,..,..,..,..,..,..,..,..,..,..,..,..,..,..,..,..,..,..,..,..,..,..,..,..,..,..,..,..,..,..,..,..,..,..,..,..,..,..,..,..,..,..,..,..,..,..,..,..,..,..,..,..,..,..,..,..,..,..,..,..,..,..,..,..,..,..,..,..,..,..,..,..,..,..,..,..
....Saranggani,"RAW PEANUT, SHELLED, 1 KG",63.75,63.75,74.75,74.75,73.22,73.99,74.76,74.76,74.76,74.76,77.72,77.72,73.22,75.47,75.47,75.47,75.47,75.47,74.75,77.00,79.20,78.48,76.23,76.23,77.00,76.35,77.72,79.97,79.97,78.49,75.48,76.25,76.25,76.25,76.25,76.25,76.25,76.25,77.12,76.25,77.00,77.00,79.00,77.00,77.00,77.00,77.00,81.00,81.00,81.00,82.50,78.56,81.00,81.00,81.00,81.00,81.00,81.00,81.00,81.00,81.00,84.17,84.17,84.17,81.79,84.17,84.17,84.17,84.17,84.17,85.83,85.83,85.83,86.67,86.67,86.67,86.67,85.42,86.67,86.67,86.67,86.67,86.67,87.00,92.50,91.67,94.17,93.33,93.33,90.00,89.61,91.67,91.67,90.00,90.00,90.00,90.00,90.00,91.25,92.50,91.25,92.50,92.50,91.11,92.50,92.50,92.50,92.50,89.38,94.38,97.50,97.50,97.50,100.00,97.50,97.50,95.11,95.00,95.00,96.00,94.75,94.75,95.00,95.00,97.50,95.63,95.63,100.53,101.34,96.34
....Saranggani,"RAW PEANUT, UNSHELLED, 1 KG",..,..,..,..,..,..,..,..,..,..,..,..,..,..,..,..,..,..,..,..,..,..,..,..,..,..,..,..,..,..,..,..,..,..,..,..,..,..,..,..,..,..,..,..,..,..,..,..,..,..,..,..,..,..,..,..,..,..,..,..,..,..,..,..,..,..,..,..,..,..,..,..,..,..,..,..,..,..,..,..,..,..,..,..,..,..,..,..,..,..,..,..,..,..,..,..,..,..,..,..,..,..,..,..,..,..,..,..,..,..,..,..,..,..,..,..,..,..,..,..,..,..,..,..,..,..,..,..,..,..
....Saranggani,"BAGUIO BEANS, 1 KG",83.28,47.85,46.07,46.07,40.76,43.44,40.34,40.34,45.24,40.77,39.92,47.87,46.83,51.40,54.08,53.19,50.55,49.66,49.66,51.41,49.66,51.87,55.87,55.87,55.40,52.39,53.19,58.51,59.40,53.19,51.40,49.65,50.54,48.75,48.75,47.50,47.50,48.75,51.43,48.75,52.50,52.50,53.13,55.00,56.25,53.75,51.25,56.25,56.25,56.25,62.50,54.53,58.75,58.75,56.25,58.75,58.75,58.75,56.25,56.25,57.50,62.50,61.25,60.00,58.65,60.00,60.00,60.00,58.75,61.25,65.00,65.00,63.75,62.50,62.50,62.50,67.50,62.40,72.50,64.75,63.50,67.50,66.25,63.75,67.50,62.50,58.75,67.50,63.75,65.00,65.27,70.00,72.50,74.38,80.63,79.38,80.63,78.75,77.50,73.75,68.75,75.00,67.50,74.90,61.88,68.75,65.00,72.50,72.50,68.75,67.50,66.25,66.25,70.00,75.63,77.88,69.41,93.13,93.13,83.13,80.63,80.00,76.25,78.75,75.00,60.00,61.88,66.25,83.75,77.66
....Saranggani,"MONGGO, GREEN, 1 KG",72.30,73.94,73.94,73.13,71.88,67.50,65.63,67.50,66.88,64.38,65.63,64.38,68.92,66.25,66.25,71.25,72.50,71.88,70.00,69.38,70.63,70.00,71.88,70.00,76.88,70.58,78.13,77.50,78.13,80.00,78.26,75.00,73.75,75.00,74.38,76.25,79.38,78.75,77.04,80.00,78.75,78.75,81.25,78.75,75.00,82.50,83.75,81.25,81.25,81.88,81.25,80.37,78.75,79.38,80.00,80.00,83.13,79.38,78.75,77.50,78.75,78.75,80.00,81.25,79.64,77.50,74.38,80.63,77.50,75.63,78.75,75.00,79.38,81.25,81.25,80.00,78.75,78.34,80.00,78.75,81.25,78.75,76.88,76.25,79.38,76.88,78.75,75.00,72.50,75.00,77.45,73.13,71.88,73.75,72.50,74.38,73.75,75.63,76.25,78.75,75.00,76.88,80.00,75.16,80.00,77.50,79.38,75.00,73.75,73.75,77.50,83.75,77.50,77.50,75.63,79.13,77.53,80.00,85.00,87.50,85.38,83.50,81.63,79.38,83.13,81.88,81.25,80.00,81.88,82.54
....Saranggani,"STRING BEANS, 1 KG",..,..,..,..,..,..,..,..,..,..,..,..,..,..,..,..,..,..,..,..,..,..,..,..,..,..,..,..,..,..,..,..,..,..,..,..,..,..,..,..,..,..,..,..,..,..,..,..,..,..,..,..,..,..,..,..,..,..,..,..,..,..,..,..,..,..,..,..,..,..,..,..,..,..,..,..,..,..,..,..,..,..,..,..,..,..,..,..,..,..,..,..,..,..,..,..,..,..,..,..,..,..,..,..,..,..,..,..,..,..,..,..,..,..,..,..,..,..,..,..,..,..,..,..,..,..,..,..,..,..
....South Cotabato,"RAW PEANUT, SHELLED, 1 KG",90.47,90.47,90.47,90.13,90.13,90.13,90.13,89.50,89.50,89.50,89.50,89.50,89.95,89.50,89.50,89.50,89.50,88.88,87.63,87.63,87.88,87.88,86.63,86.63,87.50,88.22,87.50,87.50,87.50,87.50,76.63,66.13,66.13,66.13,66.38,85.75,85.13,85.13,78.95,85.13,84.50,89.75,89.75,91.00,91.00,91.00,91.00,94.50,94.50,94.50,91.88,90.71,92.13,89.75,94.25,94.00,92.25,93.63,96.63,97.88,89.50,87.38,89.63,94.38,92.62,94.63,93.00,90.25,86.13,84.13,84.50,89.13,85.13,83.75,83.38,80.88,81.88,86.40,81.38,79.13,79.63,81.38,84.75,87.63,88.63,90.13,91.63,94.38,96.63,96.50,87.65,90.88,88.00,85.75,85.88,89.00,87.25,87.25,87.25,89.50,92.00,93.50,93.50,89.15,94.75,91.63,90.38,90.38,86.63,88.63,91.63,92.25,89.75,88.13,84.81,85.50,89.54,77.50,78.75,81.75,81.25,85.25,90.75,92.13,99.00,100.38,101.75,101.75,102.00,91.02
....South Cotabato,"RAW PEANUT, UNSHELLED, 1 KG",..,..,..,..,..,..,..,..,..,..,..,..,..,..,..,..,..,..,..,..,..,..,..,..,..,..,..,..,..,..,..,..,..,..,..,..,..,..,..,..,..,..,..,..,..,..,..,..,..,..,..,..,..,..,..,..,..,..,..,..,..,..,..,..,..,..,..,..,..,..,..,..,..,..,..,..,..,..,..,..,..,..,..,..,..,..,..,..,..,..,..,..,..,..,..,..,..,..,..,..,..,..,..,..,..,..,..,..,..,..,..,..,..,..,..,..,..,..,..,..,..,..,..,..,..,..,..,..,..,..
....South Cotabato,"BAGUIO BEANS, 1 KG",..,..,..,..,..,..,..,..,..,..,..,..,..,..,..,..,..,..,..,..,..,..,..,..,..,..,..,..,..,..,..,..,..,..,..,..,..,..,..,..,..,..,..,..,..,..,..,..,..,..,..,..,..,..,..,..,..,..,..,..,..,..,..,..,..,..,..,..,..,..,..,..,..,..,..,..,..,..,..,..,..,..,..,..,..,..,..,..,..,..,..,..,..,..,..,..,..,..,..,..,..,..,..,..,..,..,..,..,..,..,..,..,..,..,..,..,..,..,..,..,..,..,..,..,..,..,..,..,..,..
....South Cotabato,"MONGGO, GREEN, 1 KG",92.76,92.76,92.76,89.80,83.47,83.47,85.10,83.47,83.47,83.47,83.47,80.00,86.17,80.00,85.11,85.11,80.00,67.74,66.41,66.51,66.51,67.74,65.19,66.82,70.29,72.29,70.70,70.70,74.89,86.02,77.44,75.81,77.44,80.00,83.13,81.88,77.88,85.63,78.46,85.00,85.63,85.63,84.38,74.38,75.63,74.50,74.75,66.00,66.00,79.67,80.50,77.67,85.38,82.38,85.88,82.63,77.75,74.25,78.75,79.50,79.88,82.25,85.00,83.75,81.45,85.00,92.75,88.50,82.00,79.38,79.38,79.00,81.63,82.88,86.25,89.00,84.38,84.18,84.38,83.38,82.00,80.00,77.00,73.63,77.13,75.75,75.13,76.00,79.63,79.38,78.62,79.13,76.88,80.00,78.75,75.63,68.50,66.38,73.63,74.50,77.38,79.50,79.75,75.84,80.38,76.63,78.38,76.83,74.13,73.13,74.75,73.25,76.38,77.50,79.00,81.63,76.83,82.63,90.38,91.38,79.00,78.88,76.38,83.38,84.75,83.88,85.13,83.25,84.88,83.66
....South Cotabato,"STRING BEANS, 1 KG",36.78,36.78,36.78,32.31,36.78,37.70,36.78,38.62,40.39,40.39,40.39,40.39,37.84,40.39,37.70,36.78,37.70,36.78,38.61,40.38,40.38,40.38,40.38,40.38,40.38,39.19,40.38,39.46,36.77,38.60,40.37,40.37,40.37,40.37,40.37,40.37,40.37,40.37,39.85,40.37,40.37,40.37,40.37,40.37,31.71,37.29,33.88,34.50,38.00,35.60,35.60,37.37,35.27,31.02,37.02,41.07,43.38,53.06,49.26,22.13,21.49,23.53,27.41,33.12,34.81,36.84,43.67,38.83,35.99,36.36,45.76,45.76,41.10,37.61,41.41,37.80,38.55,39.97,44.13,46.58,43.35,44.19,44.83,52.09,37.74,35.50,35.47,34.38,42.19,40.73,41.77,42.53,38.84,37.90,46.55,50.41,47.77,44.01,46.25,45.63,46.88,45.00,45.00,44.73,48.13,46.25,51.33,54.86,49.38,49.38,40.50,30.50,31.88,29.88,31.50,28.25,40.99,30.38,25.38,22.63,20.88,21.63,27.29,28.04,30.81,27.91,21.90,19.66,24.14,25.05
....Sultan Kudarat,"RAW PEANUT, SHELLED, 1 KG",66.78,65.45,64.12,68.60,71.00,71.00,71.00,71.00,66.00,66.00,66.00,66.00,67.75,65.00,66.00,66.00,68.40,70.00,70.00,70.00,68.60,66.00,66.00,66.00,65.60,67.30,68.20,66.20,66.20,67.40,62.60,61.00,66.60,68.20,67.00,67.00,66.20,68.20,66.23,71.60,77.60,77.60,77.60,78.80,78.20,78.20,78.20,78.20,78.20,87.00,90.00,79.27,92.00,80.00,80.00,84.00,84.00,90.00,90.00,86.40,78.00,73.00,72.00,72.00,81.78,79.00,81.80,79.40,79.00,78.40,75.20,72.20,69.20,69.20,68.20,68.20,69.20,74.08,70.00,68.00,67.60,67.40,66.40,66.40,74.00,74.00,75.00,77.00,79.00,79.80,72.05,82.60,82.00,81.67,83.50,84.33,83.00,87.33,88.33,89.17,89.17,90.33,94.50,86.33,94.00,91.67,85.00,82.50,83.33,84.17,87.50,87.50,82.50,80.00,76.67,72.50,83.95,73.33,73.33,75.00,77.50,84.50,86.67,93.17,87.25,89.25,89.75,89.75,88.50,84.00
....Sultan Kudarat,"RAW PEANUT, UNSHELLED, 1 KG",..,..,..,..,..,..,..,..,..,..,..,..,..,..,..,..,..,..,..,..,..,..,..,..,..,..,..,..,..,..,..,..,..,..,..,..,..,..,..,..,..,..,..,..,..,..,..,..,..,..,..,..,..,..,..,..,..,..,..,..,..,..,..,..,..,..,..,..,..,..,..,..,..,..,..,..,..,..,..,..,..,..,..,..,..,..,..,..,..,..,..,..,..,..,..,..,..,..,..,..,..,..,..,..,..,..,..,..,..,..,..,..,..,..,..,..,..,..,..,..,..,..,..,..,..,..,..,..,..,..
....Sultan Kudarat,"BAGUIO BEANS, 1 KG",..,..,..,..,..,..,..,..,..,..,..,..,..,..,..,..,..,..,..,..,..,..,..,..,..,..,..,..,..,..,..,..,..,..,..,..,..,..,..,..,..,..,..,..,..,..,..,..,..,..,..,..,..,..,..,..,..,..,..,..,..,..,..,..,..,..,..,..,..,..,..,..,..,..,..,..,..,..,..,..,..,..,..,..,..,..,..,..,..,..,..,..,..,..,..,..,..,..,..,..,..,..,..,..,..,..,..,..,..,..,..,..,..,..,..,..,..,..,..,..,..,..,..,..,..,..,..,..,..,..
....Sultan Kudarat,"MONGGO, GREEN, 1 KG",74.08,68.91,67.15,75.72,63.74,63.74,87.81,77.48,67.15,67.15,68.91,68.91,70.90,70.56,72.32,72.32,61.99,61.99,61.99,61.99,70.57,70.57,70.57,77.49,79.25,69.30,79.25,79.25,79.25,75.74,74.09,74.09,77.50,77.50,75.00,76.25,80.00,85.00,77.74,85.00,90.00,87.50,75.00,75.00,75.00,75.00,75.00,80.00,81.25,80.00,80.00,79.90,81.25,76.25,76.25,76.25,78.75,78.75,77.50,77.50,77.50,76.88,76.88,88.75,78.54,88.75,90.63,88.75,75.00,75.00,75.00,75.00,75.00,75.00,78.75,78.75,82.50,79.84,80.00,82.50,85.00,80.00,68.75,67.50,77.50,76.25,72.50,82.50,82.50,78.75,77.81,84.38,86.25,85.00,82.50,76.25,76.25,76.25,75.00,76.25,78.75,82.50,81.25,80.05,76.25,78.75,77.50,75.00,78.13,75.00,72.50,75.00,73.75,78.63,81.25,82.50,77.02,82.50,87.50,95.00,80.00,75.63,77.50,81.25,81.25,86.25,92.50,95.63,93.75,85.73
....Sultan Kudarat,"STRING BEANS, 1 KG",..,..,..,..,..,..,..,..,..,..,..,..,..,..,..,..,..,..,..,..,..,..,..,..,..,..,..,..,..,..,..,..,..,..,..,..,..,..,..,..,..,..,..,..,..,..,..,..,..,..,..,..,..,..,..,..,..,..,..,..,..,..,..,..,..,..,..,..,..,..,..,..,..,..,..,..,..,..,..,..,..,..,..,..,..,..,..,..,..,..,..,..,..,..,..,..,..,..,..,..,..,..,..,..,..,..,..,..,..,..,..,..,..,..,..,..,..,..,..,..,..,..,..,..,..,..,..,..,..,..
....Cotabato City,"RAW PEANUT, SHELLED, 1 KG",82.75,84.50,83.75,84.50,84.13,84.25,71.56,84.63,83.38,78.38,80.88,84.00,82.23,84.00,84.38,77.63,80.63,84.00,71.88,82.50,81.75,75.38,85.00,85.00,83.50,81.30,84.00,83.50,81.00,68.00,80.00,84.00,80.00,80.00,82.00,80.25,83.50,84.25,80.88,84.25,84.25,82.75,82.75,86.25,90.00,90.00,90.00,94.25,95.00,95.00,95.00,89.13,95.00,95.00,95.00,95.00,95.00,95.00,93.00,93.50,92.67,94.08,94.92,95.00,94.43,94.17,94.00,94.33,94.50,94.67,95.00,95.50,93.83,94.58,97.08,98.75,99.17,95.47,100.00,100.00,100.00,96.67,95.42,98.00,95.83,95.83,95.83,95.83,95.83,95.83,97.09,95.83,95.83,95.83,95.83,95.83,96.58,97.50,97.50,97.50,97.50,97.50,97.50,96.73,97.50,97.50,97.50,97.50,97.50,97.50,97.50,97.50,97.50,97.50,97.50,99.17,97.64,99.40,99.40,99.00,99.00,99.00,99.00,99.00,99.00,99.20,99.20,99.00,99.00,99.10
....Cotabato City,"RAW PEANUT, UNSHELLED, 1 KG",..,..,..,..,..,..,..,..,..,..,..,..,..,..,..,..,..,..,..,..,..,..,..,..,..,..,..,..,..,..,..,..,..,..,..,..,..,..,..,..,..,..,..,..,..,..,..,..,..,..,..,..,..,..,..,..,..,..,..,..,..,..,..,..,..,..,..,..,..,..,..,..,..,..,..,..,..,..,..,..,..,..,..,..,..,..,..,..,..,..,..,..,..,..,..,..,..,..,..,..,..,..,..,..,..,..,..,..,..,..,..,..,..,..,..,..,..,..,..,..,..,..,..,..,..,..,..,..,..,..
....Cotabato City,"BAGUIO BEANS, 1 KG",40.00,40.00,40.00,40.00,40.00,40.00,40.00,40.00,40.64,40.00,40.00,40.64,40.11,40.00,40.00,40.00,40.00,40.00,40.00,40.00,40.00,40.00,40.00,40.00,40.00,40.00,40.00,40.00,40.00,40.00,40.00,40.00,40.00,40.00,40.00,40.00,40.00,40.00,40.00,40.00,40.00,40.00,40.00,40.00,40.00,40.00,40.00,40.00,40.00,40.00,40.00,40.00,40.00,40.00,40.00,40.00,40.00,40.00,40.00,40.00,40.00,40.00,40.00,40.00,40.00,40.00,40.00,40.00,40.00,40.00,40.00,40.00,40.00,40.00,40.00,40.00,40.00,40.00,40.00,40.00,40.00,40.00,45.42,50.83,40.00,40.00,40.00,40.00,40.00,40.00,41.35,40.00,40.00,40.00,40.00,40.00,62.50,59.17,59.17,49.17,49.17,49.17,49.17,48.13,49.17,49.17,50.83,55.00,55.00,55.00,55.00,50.83,50.83,50.83,50.83,50.83,51.94,50.83,50.83,56.25,66.67,75.42,77.50,80.83,85.58,82.81,82.81,81.62,81.62,72.73
....Cotabato City,"MONGGO, GREEN, 1 KG",33.00,33.00,33.00,27.75,30.00,30.00,30.00,30.00,30.00,30.00,30.00,30.00,30.56,30.00,30.00,30.00,30.00,30.00,30.00,30.00,30.00,30.00,30.00,30.00,30.00,30.00,30.00,30.00,30.00,30.00,30.00,30.00,30.00,30.00,75.00,76.25,75.00,75.00,45.10,78.00,80.00,80.00,80.00,80.00,80.00,80.00,80.00,80.00,80.00,80.00,80.00,79.83,83.33,83.33,83.33,83.33,83.33,83.33,83.33,83.33,83.33,83.33,83.33,83.33,83.33,83.33,83.33,83.33,83.33,83.33,83.33,83.33,83.33,83.33,83.33,83.33,83.33,83.33,83.33,83.33,83.33,83.33,86.08,88.83,83.33,83.33,83.33,83.33,83.33,83.33,84.02,83.33,83.33,83.33,83.33,83.33,81.50,80.67,80.67,80.67,80.67,80.67,80.67,81.85,80.67,80.67,80.67,80.67,80.67,80.67,80.67,80.67,80.67,80.67,76.83,75.25,79.90,76.83,69.17,79.67,82.17,86.33,87.17,87.17,87.17,87.17,87.17,87.56,87.56,83.76
....Cotabato City,"STRING BEANS, 1 KG",..,..,..,..,..,..,..,..,..,..,..,..,..,..,..,..,..,..,..,..,..,..,..,..,..,..,..,..,..,..,..,..,..,..,..,..,..,..,..,..,..,..,..,..,..,..,..,..,..,..,..,..,..,..,..,..,..,..,..,..,..,..,..,..,..,..,..,..,..,..,..,..,..,..,..,..,..,..,..,..,..,..,..,..,..,..,..,..,..,..,..,..,..,..,..,..,..,..,..,..,..,..,..,..,..,..,..,..,..,..,..,..,..,..,..,..,..,..,..,..,..,..,..,..,..,..,..,..,..,..
..REGION XIII (CARAGA),"RAW PEANUT, SHELLED, 1 KG",107.50,107.50,107.50,107.50,107.50,107.50,107.50,107.50,107.50,107.50,107.50,107.50,107.50,107.50,107.50,107.50,107.50,107.50,107.50,107.50,107.50,107.50,107.50,107.50,107.50,107.50,107.50,107.50,107.50,107.50,107.50,107.50,107.50,107.50,105.00,102.50,100.00,100.00,105.63,103.13,103.13,104.38,101.88,105.63,104.38,103.06,104.94,104.94,105.56,105.56,105.56,104.35,109.31,109.50,109.50,109.50,109.50,109.50,109.50,109.50,109.50,112.03,110.78,114.89,110.25,114.53,113.28,109.91,109.88,124.88,121.13,119.88,119.88,109.50,121.13,114.50,112.38,115.91,114.00,112.06,114.25,114.25,113.94,117.06,119.94,120.56,122.47,121.84,121.31,120.63,117.69,101.25,101.25,100.00,101.25,101.25,101.25,112.50,121.25,125.00,122.50,122.50,122.50,111.04,118.75,118.75,118.75,118.33,116.25,111.25,125.00,129.38,129.38,126.88,126.88,125.63,122.10,121.88,121.25,120.00,119.38,116.88,115.63,121.88,123.31,123.31,123.31,123.31,123.73,121.16
..REGION XIII (CARAGA),"RAW PEANUT, UNSHELLED, 1 KG",..,..,..,..,..,..,..,..,..,..,..,..,..,..,..,..,..,..,..,..,..,..,..,..,..,..,..,..,..,..,..,..,..,..,..,..,..,..,..,..,..,..,..,..,..,..,..,..,..,..,..,..,..,..,..,..,..,..,..,..,..,..,..,..,..,..,..,..,..,..,..,..,..,..,..,..,..,..,..,..,..,..,..,..,..,..,..,..,..,..,..,..,..,..,..,..,..,..,..,..,..,..,..,..,..,..,..,..,..,..,..,..,..,..,..,..,..,..,..,..,..,..,..,..,..,..,..,..,..,..
..REGION XIII (CARAGA),"BAGUIO BEANS, 1 KG",53.04,53.04,52.38,58.97,50.00,49.57,49.55,50.50,52.24,50.65,51.55,51.89,51.95,59.43,58.55,55.51,54.38,54.69,53.12,51.14,50.29,52.99,54.37,56.82,57.74,54.92,55.25,64.60,59.26,60.30,58.14,55.61,60.48,57.29,59.09,62.76,62.45,60.81,59.67,68.83,68.92,61.61,59.57,65.50,68.55,67.83,63.92,62.85,61.11,68.84,65.68,65.27,65.12,66.02,66.21,67.55,73.17,74.20,66.54,64.36,65.61,66.11,67.34,67.81,67.50,66.71,75.34,75.94,73.10,70.60,70.63,71.41,70.00,69.38,72.50,74.06,76.56,72.19,78.28,80.78,67.19,72.35,74.38,71.88,69.22,69.53,70.47,75.00,74.38,75.16,73.22,77.81,79.38,80.47,83.13,87.19,105.31,81.41,80.94,80.31,77.81,76.41,74.85,82.09,74.53,73.75,82.19,82.71,83.60,84.53,72.19,72.19,75.31,75.31,80.00,80.94,78.10,90.00,89.06,88.91,84.22,78.75,74.06,79.06,75.06,77.96,89.83,78.27,80.34,82.13
..REGION XIII (CARAGA),"MONGGO, GREEN, 1 KG",73.51,71.35,70.96,73.04,74.14,73.40,71.97,72.49,72.07,71.45,71.45,69.51,72.11,66.56,68.06,68.48,68.69,68.42,68.06,68.51,66.50,67.11,67.74,71.70,72.25,68.51,75.09,76.44,73.76,73.81,73.39,74.60,75.73,74.49,76.39,78.21,78.21,79.47,75.80,82.15,82.98,86.12,87.85,87.58,84.54,85.43,84.74,83.61,84.55,84.87,84.99,84.95,84.63,83.90,83.69,84.33,83.55,84.23,83.55,84.58,83.20,83.74,85.36,82.40,83.93,82.94,82.67,83.63,82.64,84.46,81.15,81.37,81.39,81.24,80.77,81.33,81.62,82.10,87.25,87.67,82.76,85.78,86.19,86.26,83.78,84.37,83.95,84.57,82.94,83.75,84.94,83.79,83.73,83.48,82.96,84.00,81.94,84.63,84.63,85.72,85.41,84.47,84.94,84.14,85.25,85.72,84.63,83.88,86.66,91.66,89.78,87.28,86.19,86.81,87.13,88.28,86.94,87.75,89.53,92.03,94.38,95.94,95.94,95.31,91.88,95.94,94.64,96.04,94.91,93.69
..REGION XIII (CARAGA),"STRING BEANS, 1 KG",35.08,35.98,35.74,35.48,36.09,36.09,35.43,35.53,35.46,35.87,36.21,36.32,35.77,36.18,36.62,35.84,35.74,35.50,34.60,35.53,34.60,34.60,34.76,35.56,35.96,35.46,34.64,43.21,37.10,36.67,36.15,36.31,36.75,34.44,33.36,32.30,32.44,31.21,35.38,33.31,39.94,40.30,37.91,36.90,36.35,36.22,37.73,36.74,34.69,33.73,33.00,36.40,33.60,34.79,35.29,35.42,37.22,36.84,36.32,37.16,36.31,38.05,37.71,37.84,36.38,39.21,40.55,45.53,47.11,46.33,45.34,43.75,39.38,38.88,39.13,41.38,43.88,42.54,45.88,53.00,49.24,49.10,49.18,43.30,45.75,45.78,54.38,53.75,56.75,56.38,50.21,54.43,65.90,66.21,69.17,61.75,55.38,55.50,59.50,58.13,55.88,60.13,59.00,60.08,59.00,61.63,62.38,58.17,58.38,53.54,46.08,45.96,50.29,54.96,56.00,57.75,55.35,71.00,88.50,79.17,76.17,68.63,63.13,58.46,58.16,61.72,58.99,59.98,63.06,67.25
....Agusan del Norte,"RAW PEANUT, SHELLED, 1 KG",..,..,..,..,..,..,..,..,..,..,..,..,..,..,..,..,..,..,..,..,..,..,..,..,..,..,..,..,..,..,..,..,..,..,..,..,..,..,..,..,..,..,..,..,..,..,..,..,..,..,..,..,..,..,..,..,..,..,..,..,..,..,..,..,..,..,..,..,..,..,..,..,..,..,..,..,..,..,..,..,..,..,..,..,..,..,..,..,..,..,..,..,..,..,..,..,..,..,..,..,..,..,..,..,..,..,..,..,..,..,..,..,..,..,..,..,..,..,..,..,..,..,..,..,..,..,..,..,..,..
....Agusan del Norte,"RAW PEANUT, UNSHELLED, 1 KG",..,..,..,..,..,..,..,..,..,..,..,..,..,..,..,..,..,..,..,..,..,..,..,..,..,..,..,..,..,..,..,..,..,..,..,..,..,..,..,..,..,..,..,..,..,..,..,..,..,..,..,..,..,..,..,..,..,..,..,..,..,..,..,..,..,..,..,..,..,..,..,..,..,..,..,..,..,..,..,..,..,..,..,..,..,..,..,..,..,..,..,..,..,..,..,..,..,..,..,..,..,..,..,..,..,..,..,..,..,..,..,..,..,..,..,..,..,..,..,..,..,..,..,..,..,..,..,..,..,..
....Agusan del Norte,"BAGUIO BEANS, 1 KG",43.36,43.36,42.57,45.72,38.63,39.42,40.61,42.97,46.52,42.57,42.57,44.15,42.70,68.59,59.92,44.15,45.72,49.67,45.72,42.57,39.81,45.72,50.46,54.40,47.30,49.50,36.26,64.65,48.88,54.40,47.30,39.42,37.84,40.99,39.42,40.99,40.99,42.57,44.48,62.75,66.23,48.88,42.57,55.19,49.67,46.52,40.99,43.36,43.36,56.77,53.62,50.83,48.88,51.25,52.50,53.75,63.75,66.25,56.25,49.38,52.50,55.63,58.75,58.75,55.64,56.25,70.00,70.00,66.25,61.25,60.00,55.63,53.13,55.00,51.25,55.00,52.50,58.86,53.75,71.88,55.00,70.00,71.25,65.00,56.25,58.75,57.50,71.25,68.75,69.38,64.06,68.75,71.25,78.13,80.00,78.75,78.75,73.75,72.50,67.50,62.50,61.88,61.88,71.30,68.13,65.63,71.25,65.83,67.50,71.25,58.75,63.75,62.50,66.25,66.25,70.00,66.42,71.25,76.25,78.75,83.75,72.50,61.25,67.50,55.86,61.79,49.29,49.23,56.83,65.35
....Agusan del Norte,"MONGGO, GREEN, 1 KG",77.95,76.30,75.46,82.93,80.78,78.29,72.57,74.64,72.97,70.49,70.49,71.32,75.35,66.35,72.15,73.81,74.64,73.56,72.15,73.81,67.17,68.83,71.32,77.12,75.88,72.23,86.25,91.23,82.93,82.93,81.27,79.61,84.59,79.61,79.61,79.61,79.61,80.44,82.31,89.56,92.88,87.08,91.23,91.23,83.34,83.34,80.86,79.61,82.10,82.93,81.27,85.45,82.93,82.93,82.93,82.93,80.44,82.93,81.27,86.25,83.26,87.40,91.23,86.25,84.23,85.63,86.25,88.75,85.00,86.25,81.88,81.25,81.88,82.50,79.38,80.63,82.25,83.47,95.00,94.38,81.88,94.38,92.00,92.25,77.25,82.25,79.75,82.25,79.75,79.75,85.91,79.75,79.50,79.75,79.75,79.50,79.75,87.25,87.25,87.25,83.50,87.25,87.25,83.15,87.25,84.75,84.75,83.00,84.75,102.25,97.25,96.63,94.75,92.25,92.25,94.38,91.19,92.25,96.88,101.25,102.50,102.50,95.00,93.75,92.50,100.00,99.81,97.28,92.13,97.15
....Agusan del Norte,"STRING BEANS, 1 KG",19.42,22.17,23.17,21.84,24.93,24.93,21.62,22.74,21.74,23.83,25.49,26.04,23.16,25.38,27.58,24.27,23.17,20.95,18.76,16.98,17.44,17.44,19.20,20.86,24.28,21.36,22.52,50.98,26.48,26.04,26.48,27.26,33.11,20.86,21.52,18.21,17.66,24.28,26.28,27.59,41.94,41.05,31.45,25.38,23.88,19.37,18.37,19.68,15.01,18.79,18.89,25.12,19.41,20.98,24.13,24.13,25.63,24.38,23.02,27.84,26.06,26.66,23.69,23.10,24.09,23.69,19.18,21.56,31.40,27.25,26.07,28.13,27.50,28.75,32.50,34.38,35.00,27.95,35.63,35.00,33.69,34.88,35.88,32.75,42.50,38.13,57.50,56.88,58.13,56.88,43.15,55.00,63.75,63.13,65.00,59.38,57.50,53.75,62.50,60.00,53.13,56.25,58.13,58.96,54.38,56.88,51.88,45.00,54.17,46.25,32.50,42.50,51.25,57.92,57.50,53.75,50.33,66.25,90.00,80.00,80.00,60.00,55.00,51.25,49.04,62.29,54.98,57.28,62.02,64.01
....Agusan del Sur,"RAW PEANUT, SHELLED, 1 KG",..,..,..,..,..,..,..,..,..,..,..,..,..,..,..,..,..,..,..,..,..,..,..,..,..,..,..,..,..,..,..,..,..,..,..,..,..,..,..,..,..,..,..,..,..,..,..,..,..,..,..,..,..,..,..,..,..,..,..,..,..,..,..,..,..,..,..,..,..,..,..,..,..,..,..,..,..,..,..,..,..,..,..,..,..,..,..,..,..,..,..,..,..,..,..,..,..,..,..,..,..,..,..,..,..,..,..,..,..,..,..,..,..,..,..,..,..,..,..,..,..,..,..,..,..,..,..,..,..,..
....Agusan del Sur,"RAW PEANUT, UNSHELLED, 1 KG",..,..,..,..,..,..,..,..,..,..,..,..,..,..,..,..,..,..,..,..,..,..,..,..,..,..,..,..,..,..,..,..,..,..,..,..,..,..,..,..,..,..,..,..,..,..,..,..,..,..,..,..,..,..,..,..,..,..,..,..,..,..,..,..,..,..,..,..,..,..,..,..,..,..,..,..,..,..,..,..,..,..,..,..,..,..,..,..,..,..,..,..,..,..,..,..,..,..,..,..,..,..,..,..,..,..,..,..,..,..,..,..,..,..,..,..,..,..,..,..,..,..,..,..,..,..,..,..,..,..
....Agusan del Sur,"BAGUIO BEANS, 1 KG",..,..,..,..,..,..,..,..,..,..,..,..,..,..,..,..,..,..,..,..,..,..,..,..,..,..,..,..,..,..,..,..,..,..,..,..,..,..,..,..,..,..,..,..,..,..,..,..,..,..,..,..,..,..,..,..,..,..,..,..,..,..,..,..,..,..,..,..,..,..,..,..,..,..,..,..,..,..,..,..,..,..,..,..,..,..,..,..,..,..,..,..,..,..,..,..,..,..,..,..,..,..,..,..,..,..,..,..,..,..,..,..,..,..,..,..,..,..,..,..,..,..,..,..,..,..,..,..,..,..
....Agusan del Sur,"MONGGO, GREEN, 1 KG",78.00,77.61,76.03,76.03,76.03,76.03,76.03,76.03,76.03,76.03,76.03,67.44,75.61,72.48,72.68,72.68,72.68,72.68,72.68,71.10,69.72,70.51,70.51,76.44,78.22,72.70,79.21,78.02,78.81,79.01,79.01,81.78,80.99,80.99,76.45,82.14,82.14,86.33,80.41,82.14,82.14,85.74,88.51,89.10,89.89,84.56,86.73,86.73,86.14,89.30,86.93,86.49,85.94,86.93,86.93,84.95,84.95,82.97,83.96,83.96,82.97,80.99,80.99,82.97,84.04,79.02,85.93,83.21,82.96,84.94,80.99,84.94,83.95,83.95,81.97,82.96,84.94,83.31,84.94,83.95,82.96,82.96,82.96,82.96,83.95,82.96,82.96,82.96,82.96,82.96,83.29,83.13,83.13,83.13,83.13,83.53,82.30,83.13,83.13,83.13,83.13,84.38,84.38,83.30,82.50,84.38,83.75,84.17,83.13,83.13,81.88,82.50,82.50,82.50,82.50,85.00,83.16,85.00,83.75,88.75,92.50,90.00,92.50,90.00,87.50,86.25,86.25,87.50,86.25,88.02
....Agusan del Sur,"STRING BEANS, 1 KG",34.89,36.64,34.89,34.89,34.89,34.89,34.89,34.89,34.89,34.89,34.89,34.89,35.04,34.89,34.89,34.89,34.89,34.89,33.08,39.54,34.90,34.90,33.96,36.30,34.90,35.17,30.02,44.44,38.40,36.65,33.65,33.65,30.02,30.71,28.57,28.57,28.57,28.57,32.65,34.29,42.86,44.29,37.86,37.14,36.43,37.14,38.57,38.57,30.00,30.00,30.00,36.43,30.00,30.00,32.50,30.00,37.50,37.50,37.50,37.50,35.63,37.50,37.50,40.00,35.26,45.00,45.00,62.50,53.75,56.25,52.50,43.75,38.75,38.75,37.50,42.50,42.50,46.56,45.63,60.00,56.25,56.25,53.75,41.25,40.00,42.50,46.25,46.25,50.63,48.13,48.91,41.88,60.00,57.50,62.50,53.75,42.50,47.50,47.50,51.25,47.50,55.00,50.00,51.41,49.38,53.75,53.75,45.00,41.88,38.13,43.75,36.88,41.88,49.38,45.00,53.13,45.99,60.00,86.25,75.00,68.75,60.00,60.00,50.00,50.00,45.88,44.70,39.41,41.17,56.76
....Surigao del Norte,"RAW PEANUT, SHELLED, 1 KG",..,..,..,..,..,..,..,..,..,..,..,..,..,..,..,..,..,..,..,..,..,..,..,..,..,..,..,..,..,..,..,..,..,..,..,..,..,..,..,..,..,..,..,..,..,..,..,..,..,..,..,..,..,..,..,..,..,..,..,..,..,..,..,..,..,..,..,..,..,..,..,..,..,..,..,..,..,..,..,..,..,..,..,..,..,..,..,..,..,..,..,..,..,..,..,..,..,..,..,..,..,..,..,..,..,..,..,..,..,..,..,..,..,..,..,..,..,..,..,..,..,..,..,..,..,..,..,..,..,..
....Surigao del Norte,"RAW PEANUT, UNSHELLED, 1 KG",..,..,..,..,..,..,..,..,..,..,..,..,..,..,..,..,..,..,..,..,..,..,..,..,..,..,..,..,..,..,..,..,..,..,..,..,..,..,..,..,..,..,..,..,..,..,..,..,..,..,..,..,..,..,..,..,..,..,..,..,..,..,..,..,..,..,..,..,..,..,..,..,..,..,..,..,..,..,..,..,..,..,..,..,..,..,..,..,..,..,..,..,..,..,..,..,..,..,..,..,..,..,..,..,..,..,..,..,..,..,..,..,..,..,..,..,..,..,..,..,..,..,..,..,..,..,..,..,..,..
....Surigao del Norte,"BAGUIO BEANS, 1 KG",51.19,51.19,51.19,51.64,46.64,44.76,45.01,46.01,49.39,46.26,46.26,47.51,48.09,52.51,56.26,56.26,53.76,52.51,53.76,51.88,51.25,53.75,51.25,55.00,56.88,53.76,59.38,62.51,61.26,58.76,56.88,60.01,80.64,61.26,68.76,81.26,82.51,71.88,67.09,77.51,75.63,62.50,61.25,71.25,81.25,86.25,76.88,69.38,61.25,78.75,67.50,72.45,69.38,65.00,67.50,70.38,83.63,85.00,66.25,63.75,68.75,67.50,66.25,65.00,69.87,62.50,71.25,70.00,68.75,68.75,70.00,71.25,70.00,71.25,72.50,75.00,80.00,70.94,85.00,85.00,71.25,71.25,81.25,75.00,77.50,72.50,75.00,82.50,75.00,76.25,77.29,82.50,82.50,83.75,86.25,96.25,172.50,98.75,96.25,95.00,83.75,83.75,77.50,94.90,70.00,74.38,90.00,90.00,95.00,88.75,72.50,70.00,77.50,65.00,82.50,82.50,79.84,92.50,90.00,90.00,80.00,81.25,75.00,87.50,83.75,90.00,140.00,85.00,91.25,90.52
....Surigao del Norte,"MONGGO, GREEN, 1 KG",67.81,67.01,66.20,65.40,68.63,69.84,69.84,69.84,69.84,69.84,69.84,69.84,68.66,64.60,64.60,64.60,64.60,64.60,64.60,62.98,62.98,62.98,62.98,62.98,62.98,63.79,62.98,64.60,61.36,61.36,61.36,64.60,64.60,64.60,75.90,77.52,77.52,77.52,67.83,77.52,77.52,89.80,89.80,89.80,87.21,95.28,93.67,92.05,90.60,86.24,90.76,88.35,90.28,87.21,87.21,88.42,89.47,91.65,89.63,88.74,87.21,87.21,88.01,77.52,87.71,81.56,79.14,81.56,79.94,83.17,81.56,79.94,80.35,79.14,82.37,82.37,80.75,80.99,87.21,87.21,86.00,85.59,89.63,88.83,90.44,90.44,91.25,91.25,87.21,90.44,88.79,90.44,90.44,90.04,91.25,95.28,88.01,91.25,91.25,88.75,91.25,83.75,87.50,89.93,90.63,91.25,88.75,93.33,95.00,95.00,93.75,87.50,85.00,90.00,90.00,90.00,90.85,90.00,92.50,93.13,96.88,103.75,107.50,107.50,97.50,105.00,102.50,107.50,107.50,100.94
....Surigao del Norte,"STRING BEANS, 1 KG",47.98,47.98,51.43,51.43,51.43,51.43,51.43,51.43,51.43,51.43,51.43,51.43,50.86,51.43,51.43,51.43,51.43,51.43,51.43,51.43,51.43,51.43,51.43,51.43,51.43,51.43,51.43,51.43,51.43,51.43,51.43,51.43,51.43,51.43,47.50,46.25,47.50,34.75,48.95,34.75,44.75,46.00,50.38,52.14,52.25,56.00,62.50,56.25,48.75,50.00,46.25,50.00,48.75,52.50,50.00,52.50,52.50,51.25,50.00,49.38,48.75,55.00,56.25,55.00,51.82,56.25,67.50,72.50,76.25,75.00,75.00,75.00,61.25,60.00,57.50,62.50,68.75,67.29,75.00,73.75,78.75,82.50,86.25,76.25,72.50,67.50,72.50,70.00,73.75,71.25,75.00,70.25,73.75,79.19,86.25,77.50,63.75,70.00,71.25,71.25,71.25,73.75,73.75,73.50,70.00,73.75,76.25,71.67,73.33,70.00,53.75,50.00,47.50,55.00,63.75,61.88,63.91,84.38,100.00,90.00,82.50,79.38,70.00,67.50,74.38,71.25,71.25,71.88,72.50,77.92
....Surigao del Sur,"RAW PEANUT, SHELLED, 1 KG",107.50,107.50,107.50,107.50,107.50,107.50,107.50,107.50,107.50,107.50,107.50,107.50,107.50,107.50,107.50,107.50,107.50,107.50,107.50,107.50,107.50,107.50,107.50,107.50,107.50,107.50,107.50,107.50,107.50,107.50,107.50,107.50,107.50,107.50,105.00,102.50,100.00,100.00,105.63,103.13,103.13,104.38,101.88,105.63,104.38,103.06,104.94,104.94,105.56,105.56,105.56,104.35,109.31,109.50,109.50,109.50,109.50,109.50,109.50,109.50,109.50,112.03,110.78,114.89,110.25,114.53,113.28,109.91,109.88,124.88,121.13,119.88,119.88,109.50,121.13,114.50,112.38,115.91,114.00,112.06,114.25,114.25,113.94,117.06,119.94,120.56,122.47,121.84,121.31,120.63,117.69,101.25,101.25,100.00,101.25,101.25,101.25,112.50,121.25,125.00,122.50,122.50,122.50,111.04,118.75,118.75,118.75,118.33,116.25,111.25,125.00,129.38,129.38,126.88,126.88,125.63,122.10,121.88,121.25,120.00,119.38,116.88,115.63,121.88,123.31,123.31,123.31,123.31,123.73,121.16
....Surigao del Sur,"RAW PEANUT, UNSHELLED, 1 KG",..,..,..,..,..,..,..,..,..,..,..,..,..,..,..,..,..,..,..,..,..,..,..,..,..,..,..,..,..,..,..,..,..,..,..,..,..,..,..,..,..,..,..,..,..,..,..,..,..,..,..,..,..,..,..,..,..,..,..,..,..,..,..,..,..,..,..,..,..,..,..,..,..,..,..,..,..,..,..,..,..,..,..,..,..,..,..,..,..,..,..,..,..,..,..,..,..,..,..,..,..,..,..,..,..,..,..,..,..,..,..,..,..,..,..,..,..,..,..,..,..,..,..,..,..,..,..,..,..,..
....Surigao del Sur,"BAGUIO BEANS, 1 KG",46.09,46.09,43.95,66.29,42.50,39.97,38.17,38.90,38.90,39.62,43.22,41.77,43.79,42.50,43.23,46.83,43.23,41.78,38.18,35.31,35.31,37.11,40.36,42.50,51.15,41.46,49.73,56.20,51.87,53.02,53.33,48.28,49.01,51.88,51.88,52.50,50.00,52.50,51.68,58.75,57.50,58.75,58.13,59.17,66.88,62.14,61.38,61.38,62.13,62.13,62.75,60.92,63.38,68.88,65.88,66.38,65.63,68.13,66.25,66.88,63.75,63.75,67.50,70.63,66.42,71.25,82.50,87.50,82.50,77.50,76.25,75.00,82.50,76.25,83.75,83.75,86.25,80.42,86.88,80.00,68.75,70.00,68.75,68.75,64.38,65.63,70.63,67.50,70.00,76.25,71.46,81.25,87.50,77.50,81.25,78.75,76.25,71.88,73.75,70.00,73.75,76.25,75.00,76.93,73.75,73.75,75.00,77.50,73.75,80.00,75.00,71.25,72.50,75.00,75.00,72.50,74.58,98.75,97.50,96.88,81.88,75.00,73.75,75.00,70.00,65.00,75.00,75.00,80.00,80.31
....Surigao del Sur,"MONGGO, GREEN, 1 KG",70.26,64.48,66.14,67.79,71.10,69.44,69.44,69.44,69.44,69.44,69.44,69.44,68.82,62.82,62.82,62.82,62.82,62.82,62.82,66.13,66.13,66.13,66.13,70.26,71.92,65.30,71.92,71.92,71.92,71.92,71.92,72.42,72.75,72.75,73.58,73.58,73.58,73.58,72.65,79.36,79.36,81.84,81.84,80.18,77.70,78.53,77.70,76.05,79.35,81.01,81.01,79.49,79.35,78.53,77.70,81.01,79.35,79.35,79.35,79.35,79.35,79.35,81.21,82.86,79.73,85.56,79.35,81.01,82.66,83.49,80.18,79.36,79.36,79.36,79.36,79.36,78.54,80.63,81.84,85.14,80.18,80.18,80.18,81.01,83.49,81.83,81.83,81.83,81.83,81.83,81.76,81.83,81.83,81.01,77.70,77.70,77.70,76.88,76.88,83.75,83.75,82.50,80.63,80.18,80.63,82.50,81.25,75.00,83.75,86.25,86.25,82.50,82.50,82.50,83.75,83.75,82.55,83.75,85.00,85.00,85.63,87.50,88.75,90.00,90.00,92.50,90.00,91.88,93.75,88.65
....Surigao del Sur,"STRING BEANS, 1 KG",10.01,10.01,10.01,10.01,10.01,10.01,10.01,9.38,10.01,10.01,10.01,10.01,9.96,10.01,10.01,9.38,10.00,11.00,10.50,10.50,10.00,10.00,10.00,10.00,10.00,10.12,10.00,10.00,10.00,10.00,10.00,10.00,10.00,10.00,10.00,9.25,9.25,9.25,9.81,10.69,10.94,10.94,10.63,10.63,10.00,9.38,10.00,10.00,10.63,10.63,10.63,10.43,10.63,11.25,10.63,11.25,11.25,11.88,11.88,11.88,11.88,11.88,11.88,11.88,11.51,11.88,11.88,11.88,11.88,11.88,11.88,11.88,11.88,11.88,11.88,11.25,11.88,11.83,11.88,12.50,12.50,11.88,11.25,11.25,16.25,23.25,36.88,36.88,42.50,48.13,22.93,47.50,62.50,60.00,66.25,55.63,49.38,43.13,53.75,45.63,44.38,52.50,50.63,52.61,55.00,56.25,62.50,63.33,57.50,48.75,42.50,43.75,48.13,51.25,55.00,58.75,53.56,75.00,81.25,72.50,73.75,66.25,61.88,61.88,52.69,54.53,52.08,56.98,64.33,64.43
....Dinagat Island,"RAW PEANUT, SHELLED, 1 KG",..,..,..,..,..,..,..,..,..,..,..,..,..,..,..,..,..,..,..,..,..,..,..,..,..,..,..,..,..,..,..,..,..,..,..,..,..,..,..,..,..,..,..,..,..,..,..,..,..,..,..,..,..,..,..,..,..,..,..,..,..,..,..,..,..,..,..,..,..,..,..,..,..,..,..,..,..,..,..,..,..,..,..,..,..,..,..,..,..,..,..,..,..,..,..,..,..,..,..,..,..,..,..,..,..,..,..,..,..,..,..,..,..,..,..,..,..,..,..,..,..,..,..,..,..,..,..,..,..,..
....Dinagat Island,"RAW PEANUT, UNSHELLED, 1 KG",..,..,..,..,..,..,..,..,..,..,..,..,..,..,..,..,..,..,..,..,..,..,..,..,..,..,..,..,..,..,..,..,..,..,..,..,..,..,..,..,..,..,..,..,..,..,..,..,..,..,..,..,..,..,..,..,..,..,..,..,..,..,..,..,..,..,..,..,..,..,..,..,..,..,..,..,..,..,..,..,..,..,..,..,..,..,..,..,..,..,..,..,..,..,..,..,..,..,..,..,..,..,..,..,..,..,..,..,..,..,..,..,..,..,..,..,..,..,..,..,..,..,..,..,..,..,..,..,..,..
....Dinagat Island,"BAGUIO BEANS, 1 KG",71.50,71.50,71.79,72.23,72.23,74.13,74.42,74.13,74.13,74.13,74.13,74.13,73.20,74.13,74.80,74.80,74.80,74.80,74.80,74.80,74.80,75.39,75.39,75.39,75.62,74.96,75.62,75.03,75.03,75.03,75.03,74.73,74.44,75.04,76.30,76.30,76.30,76.30,75.43,76.30,76.30,76.32,76.32,76.40,76.40,76.41,76.41,77.28,77.71,77.71,78.83,76.87,78.83,78.94,78.94,79.67,79.67,77.42,77.42,77.42,77.43,77.56,76.84,76.84,78.08,76.84,77.61,76.25,74.89,74.89,76.25,83.75,74.38,75.00,82.50,82.50,87.50,78.53,87.50,86.25,73.75,78.13,76.25,78.75,78.75,81.25,78.75,78.75,83.75,78.75,80.05,78.75,76.25,82.50,85.00,95.00,93.75,81.25,81.25,88.75,91.25,83.75,85.00,85.21,86.25,81.25,92.50,97.50,98.13,98.13,82.50,83.75,88.75,95.00,96.25,98.75,91.56,97.50,92.50,90.00,91.25,86.25,86.25,86.25,90.64,95.04,95.04,103.84,93.28,92.32
....Dinagat Island,"MONGGO, GREEN, 1 KG",..,..,..,..,..,..,..,..,..,..,..,..,..,..,..,..,..,..,..,..,..,..,..,..,..,..,..,..,..,..,..,..,..,..,..,..,..,..,..,..,..,..,..,..,..,..,..,..,..,..,..,..,..,..,..,..,..,..,..,..,..,..,..,..,..,..,..,..,..,..,..,..,..,..,..,..,..,..,..,..,..,..,..,..,..,..,..,..,..,..,..,..,..,..,..,..,..,..,..,..,..,..,..,..,..,..,..,..,..,..,..,..,..,..,..,..,..,..,..,..,..,..,..,..,..,..,..,..,..,..
....Dinagat Island,"STRING BEANS, 1 KG",63.12,63.12,59.21,59.21,59.21,59.21,59.21,59.21,59.21,59.21,59.21,59.21,59.86,59.21,59.21,59.21,59.21,59.21,59.21,59.21,59.21,59.21,59.21,59.21,59.21,59.21,59.21,59.21,59.21,59.21,59.21,59.21,59.21,59.21,59.21,59.21,59.21,59.21,59.21,59.21,59.21,59.21,59.21,59.21,59.21,59.21,59.21,59.21,69.04,59.21,59.21,60.03,59.21,59.21,59.21,59.21,59.21,59.21,59.21,59.21,59.21,59.21,59.21,59.21,59.21,59.21,59.21,59.21,62.27,61.25,61.25,60.00,57.50,55.00,56.25,56.25,61.25,59.05,61.25,83.75,65.00,60.00,58.75,55.00,57.50,57.50,58.75,58.75,58.75,57.50,61.04,57.50,69.50,71.25,65.83,62.50,63.75,63.13,62.50,62.50,63.13,63.13,62.50,63.94,66.25,67.50,67.50,65.83,65.00,64.58,57.92,56.67,62.71,61.25,58.75,61.25,62.93,69.38,85.00,78.33,75.83,77.50,68.75,61.67,64.70,74.67,71.95,74.37,75.28,73.12
..AUTONOMOUS REGION IN MUSLIM MINDANAO (ARMM),"RAW PEANUT, SHELLED, 1 KG",93.16,92.11,92.11,91.89,89.56,89.56,88.50,88.50,88.50,88.50,89.20,89.20,90.07,89.20,89.20,89.20,89.20,89.20,88.94,88.67,88.41,88.15,87.89,87.63,87.86,88.63,87.86,87.43,87.43,87.43,87.43,87.96,87.96,87.96,88.35,88.76,88.22,88.48,87.94,88.74,88.74,88.74,88.74,88.74,88.74,88.74,88.74,88.74,88.74,88.74,88.74,88.74,88.74,88.74,88.74,88.74,88.74,88.74,88.74,88.74,88.74,88.74,88.74,88.74,88.74,88.74,88.74,88.74,88.74,88.74,88.74,88.74,88.74,88.74,88.74,83.60,84.07,87.92,84.85,84.17,82.33,82.33,82.33,82.33,82.33,82.33,74.88,78.88,78.88,78.88,81.21,73.13,70.63,63.75,63.75,63.75,65.00,65.00,61.88,63.13,60.63,62.38,61.88,64.58,62.13,62.50,62.00,62.13,64.00,64.00,63.88,64.00,64.38,64.38,65.13,64.63,63.60,64.63,65.00,65.25,65.25,65.25,65.38,65.44,65.11,64.45,64.95,65.77,65.77,65.19
..AUTONOMOUS REGION IN MUSLIM MINDANAO (ARMM),"RAW PEANUT, UNSHELLED, 1 KG",..,..,..,..,..,..,..,..,..,..,..,..,..,..,..,..,..,..,..,..,..,..,..,..,..,..,..,..,..,..,..,..,..,..,..,..,..,..,..,..,..,..,..,..,..,..,..,..,..,..,..,..,..,..,..,..,..,..,..,..,..,..,..,..,..,..,..,..,..,..,..,..,..,..,..,..,..,..,..,..,..,..,..,..,..,..,..,..,..,..,..,..,..,..,..,..,..,..,..,..,..,..,..,..,..,..,..,..,..,..,..,..,..,..,..,..,..,..,..,..,..,..,..,..,..,..,..,..,..,..
..AUTONOMOUS REGION IN MUSLIM MINDANAO (ARMM),"BAGUIO BEANS, 1 KG",..,..,..,..,..,..,..,..,..,..,..,..,..,..,..,..,..,..,..,..,..,..,..,..,..,..,..,..,..,..,..,..,..,..,..,..,..,..,..,..,..,..,..,..,..,..,..,..,..,..,..,..,..,..,..,..,..,..,..,..,..,..,..,..,..,..,..,..,..,..,..,..,..,..,..,..,..,..,..,..,..,..,..,..,..,..,..,..,..,..,..,..,..,..,..,..,..,..,..,..,..,..,..,..,..,..,..,..,..,..,..,..,..,..,..,..,..,..,..,..,..,..,..,..,..,..,..,..,..,..
..AUTONOMOUS REGION IN MUSLIM MINDANAO (ARMM),"MONGGO, GREEN, 1 KG",65.57,65.62,65.19,65.19,65.54,66.09,64.95,64.14,63.70,63.76,64.21,64.42,64.87,64.84,65.88,66.10,65.03,65.17,65.16,65.32,65.31,65.32,65.40,65.40,65.65,65.38,66.95,68.96,68.71,65.77,65.77,66.79,69.32,69.32,71.46,70.25,69.37,72.42,68.76,75.68,73.57,73.83,75.54,78.90,80.46,81.28,81.28,81.43,81.00,81.81,81.00,78.82,81.00,85.62,80.85,83.67,86.52,86.92,87.56,90.67,90.61,94.97,98.38,101.23,89.00,104.88,107.93,107.32,112.47,113.70,114.99,112.59,112.59,114.53,116.30,96.50,94.93,109.06,87.48,87.77,87.56,82.98,82.73,82.73,82.42,82.45,87.07,85.94,90.19,90.66,85.83,90.69,90.60,91.13,91.28,91.28,91.28,89.19,87.94,88.03,88.13,86.25,86.41,89.35,86.56,87.38,88.41,90.88,90.96,90.92,88.89,88.65,88.64,89.02,89.32,89.36,89.08,89.67,91.31,90.63,91.75,91.83,92.08,91.28,93.39,93.81,91.73,91.86,92.79,91.84
..AUTONOMOUS REGION IN MUSLIM MINDANAO (ARMM),"STRING BEANS, 1 KG",21.61,21.61,22.43,22.39,22.30,22.20,22.05,21.86,21.86,21.86,21.92,22.10,22.02,22.33,23.15,23.26,23.40,23.29,23.49,23.58,23.78,23.99,24.06,24.27,24.17,23.56,24.89,26.01,24.46,25.77,25.66,25.97,27.03,26.93,29.08,28.86,30.78,29.60,27.09,28.89,28.20,28.48,28.20,30.18,27.36,25.10,24.82,24.25,19.17,19.98,19.26,25.32,20.09,22.10,19.77,19.69,19.56,19.93,19.99,19.91,19.75,20.86,20.77,20.81,20.27,20.97,20.46,19.48,19.63,19.56,19.93,21.90,22.38,22.45,22.92,28.67,29.69,22.34,32.90,34.64,33.45,33.45,33.90,33.90,35.23,33.57,37.53,48.31,49.77,53.60,38.35,46.48,49.39,51.27,51.27,51.27,52.60,51.64,52.54,52.46,53.88,55.17,55.04,51.92,57.04,55.04,55.42,54.83,53.33,51.50,50.54,53.54,54.54,54.46,55.88,54.63,54.23,54.63,54.63,54.83,54.75,54.58,53.96,56.46,57.45,60.38,60.48,60.48,60.48,56.93
....Basilan,"RAW PEANUT, SHELLED, 1 KG",..,..,..,..,..,..,..,..,..,..,..,..,..,..,..,..,..,..,..,..,..,..,..,..,..,..,..,..,..,..,..,..,..,..,..,..,..,..,..,..,..,..,..,..,..,..,..,..,..,..,..,..,..,..,..,..,..,..,..,..,..,..,..,..,..,..,..,..,..,..,..,..,..,..,..,..,..,..,..,..,..,..,..,..,..,..,..,..,..,..,..,..,..,..,..,..,..,..,..,..,..,..,..,..,..,..,..,..,..,..,..,..,..,..,..,..,..,..,..,..,..,..,..,..,..,..,..,..,..,..
....Basilan,"RAW PEANUT, UNSHELLED, 1 KG",..,..,..,..,..,..,..,..,..,..,..,..,..,..,..,..,..,..,..,..,..,..,..,..,..,..,..,..,..,..,..,..,..,..,..,..,..,..,..,..,..,..,..,..,..,..,..,..,..,..,..,..,..,..,..,..,..,..,..,..,..,..,..,..,..,..,..,..,..,..,..,..,..,..,..,..,..,..,..,..,..,..,..,..,..,..,..,..,..,..,..,..,..,..,..,..,..,..,..,..,..,..,..,..,..,..,..,..,..,..,..,..,..,..,..,..,..,..,..,..,..,..,..,..,..,..,..,..,..,..
....Basilan,"BAGUIO BEANS, 1 KG",..,..,..,..,..,..,..,..,..,..,..,..,..,..,..,..,..,..,..,..,..,..,..,..,..,..,..,..,..,..,..,..,..,..,..,..,..,..,..,..,..,..,..,..,..,..,..,..,..,..,..,..,..,..,..,..,..,..,..,..,..,..,..,..,..,..,..,..,..,..,..,..,..,..,..,..,..,..,..,..,..,..,..,..,..,..,..,..,..,..,..,..,..,..,..,..,..,..,..,..,..,..,..,..,..,..,..,..,..,..,..,..,..,..,..,..,..,..,..,..,..,..,..,..,..,..,..,..,..,..
....Basilan,"MONGGO, GREEN, 1 KG",56.04,56.15,56.25,56.25,56.25,58.22,59.16,59.16,59.16,59.16,58.95,59.42,57.85,60.01,60.40,60.71,61.92,63.16,63.48,63.80,64.13,64.46,64.46,64.79,66.08,63.12,68.06,71.12,77.03,73.12,73.12,76.28,78.18,78.18,84.44,82.33,76.09,80.65,76.55,85.49,82.06,82.06,82.06,82.06,82.06,82.06,82.06,82.06,82.06,82.06,82.06,82.35,82.06,86.99,81.24,84.55,84.55,85.54,87.78,91.36,91.36,92.44,96.21,100.13,88.68,104.21,112.86,122.24,127.22,129.78,131.30,126.33,126.33,129.63,130.56,78.33,78.33,116.43,80.00,80.00,78.33,60.00,60.00,60.00,60.00,60.00,71.88,71.88,85.63,87.50,71.27,89.38,93.13,91.25,91.88,91.88,91.88,85.00,80.00,80.00,80.00,80.00,80.00,86.20,80.00,80.00,80.00,90.00,91.57,89.29,83.57,83.57,83.57,83.57,83.57,83.57,84.36,84.29,86.25,86.25,86.25,86.88,87.50,87.50,93.05,93.05,84.72,84.72,84.72,87.10
....Basilan,"STRING BEANS, 1 KG",6.44,6.89,7.15,7.15,6.89,7.07,10.25,10.25,10.25,10.25,10.48,10.56,8.64,10.67,10.93,10.98,10.24,9.56,9.61,9.66,9.71,9.76,9.76,9.81,9.16,9.99,9.43,9.85,9.06,8.92,8.59,8.90,8.57,8.26,8.93,9.11,9.74,10.33,9.14,10.94,10.50,10.50,10.50,10.50,10.50,10.50,10.50,10.50,10.50,10.50,10.50,10.54,10.50,11.12,10.33,10.50,10.50,11.00,11.00,11.18,11.18,11.71,11.90,12.10,11.09,12.30,11.31,10.40,10.57,9.87,10.34,11.00,11.00,11.00,11.00,20.00,20.00,12.40,20.00,20.00,20.00,20.00,20.00,20.00,20.00,20.00,26.88,26.88,31.25,38.75,23.65,45.63,54.38,60.00,60.00,60.00,60.00,60.00,60.00,60.00,60.00,60.00,60.00,58.33,60.00,60.00,60.00,55.00,53.50,49.25,49.25,49.25,49.25,49.25,49.25,49.25,52.77,49.25,49.25,49.25,49.25,49.25,49.25,49.25,51.82,56.65,56.65,56.65,56.65,51.93
....Lanao del Sur,"RAW PEANUT, SHELLED, 1 KG",..,..,..,..,..,..,..,..,..,..,..,..,..,..,..,..,..,..,..,..,..,..,..,..,..,..,..,..,..,..,..,..,..,..,..,..,..,..,..,..,..,..,..,..,..,..,..,..,..,..,..,..,..,..,..,..,..,..,..,..,..,..,..,..,..,..,..,..,..,..,..,..,..,..,..,..,..,..,..,..,..,..,..,..,..,..,..,..,..,..,..,..,..,..,..,..,..,..,..,..,..,..,..,..,..,..,..,..,..,..,..,..,..,..,..,..,..,..,..,..,..,..,..,..,..,..,..,..,..,..
....Lanao del Sur,"RAW PEANUT, UNSHELLED, 1 KG",..,..,..,..,..,..,..,..,..,..,..,..,..,..,..,..,..,..,..,..,..,..,..,..,..,..,..,..,..,..,..,..,..,..,..,..,..,..,..,..,..,..,..,..,..,..,..,..,..,..,..,..,..,..,..,..,..,..,..,..,..,..,..,..,..,..,..,..,..,..,..,..,..,..,..,..,..,..,..,..,..,..,..,..,..,..,..,..,..,..,..,..,..,..,..,..,..,..,..,..,..,..,..,..,..,..,..,..,..,..,..,..,..,..,..,..,..,..,..,..,..,..,..,..,..,..,..,..,..,..
....Lanao del Sur,"BAGUIO BEANS, 1 KG",..,..,..,..,..,..,..,..,..,..,..,..,..,..,..,..,..,..,..,..,..,..,..,..,..,..,..,..,..,..,..,..,..,..,..,..,..,..,..,..,..,..,..,..,..,..,..,..,..,..,..,..,..,..,..,..,..,..,..,..,..,..,..,..,..,..,..,..,..,..,..,..,..,..,..,..,..,..,..,..,..,..,..,..,..,..,..,..,..,..,..,..,..,..,..,..,..,..,..,..,..,..,..,..,..,..,..,..,..,..,..,..,..,..,..,..,..,..,..,..,..,..,..,..,..,..,..,..,..,..
....Lanao del Sur,"MONGGO, GREEN, 1 KG",44.35,44.35,44.35,44.35,44.35,44.35,44.35,44.13,44.13,44.35,43.57,43.92,44.21,44.36,44.88,45.11,44.41,43.72,43.05,43.05,42.39,41.74,41.74,41.09,40.45,43.00,41.67,43.54,42.87,40.17,40.17,40.17,42.10,42.10,45.00,43.87,45.00,48.14,42.90,51.51,49.45,50.49,50.49,57.97,64.21,64.21,64.21,64.21,64.21,64.21,64.21,59.12,64.21,64.21,63.58,63.58,73.00,72.84,73.25,73.25,73.25,73.65,73.65,72.94,70.12,83.74,83.74,82.44,94.65,93.19,93.19,90.39,90.39,90.89,91.43,86.78,89.35,89.18,91.25,91.25,91.25,91.25,91.25,91.25,90.00,90.13,90.13,79.00,82.25,82.25,88.44,86.88,82.75,86.75,86.75,86.75,86.75,85.50,85.50,85.88,86.25,86.25,86.88,86.07,87.50,89.38,89.38,92.50,89.13,90.00,89.50,87.88,88.50,90.00,89.94,90.13,89.49,90.63,94.00,92.50,94.50,91.06,90.81,87.63,90.51,92.19,92.19,92.70,96.43,92.10
....Lanao del Sur,"STRING BEANS, 1 KG",..,..,..,..,..,..,..,..,..,..,..,..,..,..,..,..,..,..,..,..,..,..,..,..,..,..,..,..,..,..,..,..,..,..,..,..,..,..,..,..,..,..,..,..,..,..,..,..,..,..,..,..,..,..,..,..,..,..,..,..,..,..,..,..,..,..,..,..,..,..,..,..,..,..,..,..,..,..,..,..,..,..,..,..,..,..,..,..,..,..,..,..,..,..,..,..,..,..,..,..,..,..,..,..,..,..,..,..,..,..,..,..,..,..,..,..,..,..,..,..,..,..,..,..,..,..,..,..,..,..
....Maguindanao,"RAW PEANUT, SHELLED, 1 KG",..,..,..,..,..,..,..,..,..,..,..,..,..,..,..,..,..,..,..,..,..,..,..,..,..,..,..,..,..,..,..,..,..,..,..,..,..,..,..,..,..,..,..,..,..,..,..,..,..,..,..,..,..,..,..,..,..,..,..,..,..,..,..,..,..,..,..,..,..,..,..,..,..,..,..,..,..,..,..,..,..,..,..,..,..,..,..,..,..,..,..,..,..,..,..,..,..,..,..,..,..,..,..,..,..,..,..,..,..,..,..,..,..,..,..,..,..,..,..,..,..,..,..,..,..,..,..,..,..,..
....Maguindanao,"RAW PEANUT, UNSHELLED, 1 KG",..,..,..,..,..,..,..,..,..,..,..,..,..,..,..,..,..,..,..,..,..,..,..,..,..,..,..,..,..,..,..,..,..,..,..,..,..,..,..,..,..,..,..,..,..,..,..,..,..,..,..,..,..,..,..,..,..,..,..,..,..,..,..,..,..,..,..,..,..,..,..,..,..,..,..,..,..,..,..,..,..,..,..,..,..,..,..,..,..,..,..,..,..,..,..,..,..,..,..,..,..,..,..,..,..,..,..,..,..,..,..,..,..,..,..,..,..,..,..,..,..,..,..,..,..,..,..,..,..,..
....Maguindanao,"BAGUIO BEANS, 1 KG",..,..,..,..,..,..,..,..,..,..,..,..,..,..,..,..,..,..,..,..,..,..,..,..,..,..,..,..,..,..,..,..,..,..,..,..,..,..,..,..,..,..,..,..,..,..,..,..,..,..,..,..,..,..,..,..,..,..,..,..,..,..,..,..,..,..,..,..,..,..,..,..,..,..,..,..,..,..,..,..,..,..,..,..,..,..,..,..,..,..,..,..,..,..,..,..,..,..,..,..,..,..,..,..,..,..,..,..,..,..,..,..,..,..,..,..,..,..,..,..,..,..,..,..,..,..,..,..,..,..
....Maguindanao,"MONGGO, GREEN, 1 KG",..,..,..,..,..,..,..,..,..,..,..,..,..,..,..,..,..,..,..,..,..,..,..,..,..,..,..,..,..,..,..,..,..,..,..,..,..,..,..,..,..,..,..,..,..,..,..,..,..,..,..,..,..,..,..,..,..,..,..,..,..,..,..,..,..,..,..,..,..,..,..,..,..,..,..,..,..,..,..,..,..,..,..,..,..,..,..,..,..,..,..,..,..,..,..,..,..,..,..,..,..,..,..,..,..,..,..,..,..,..,..,..,..,..,..,..,..,..,..,..,..,..,..,..,..,..,..,..,..,..
....Maguindanao,"STRING BEANS, 1 KG",..,..,..,..,..,..,..,..,..,..,..,..,..,..,..,..,..,..,..,..,..,..,..,..,..,..,..,..,..,..,..,..,..,..,..,..,..,..,..,..,..,..,..,..,..,..,..,..,..,..,..,..,..,..,..,..,..,..,..,..,..,..,..,..,..,..,..,..,..,..,..,..,..,..,..,..,..,..,..,..,..,..,..,..,..,..,..,..,..,..,..,..,..,..,..,..,..,..,..,..,..,..,..,..,..,..,..,..,..,..,..,..,..,..,..,..,..,..,..,..,..,..,..,..,..,..,..,..,..,..
....Sulu,"RAW PEANUT, SHELLED, 1 KG",93.16,92.11,92.11,91.89,89.56,89.56,88.50,88.50,88.50,88.50,89.20,89.20,90.07,89.20,89.20,89.20,89.20,89.20,88.94,88.67,88.41,88.15,87.89,87.63,87.86,88.63,87.86,87.43,87.43,87.43,87.43,87.96,87.96,87.96,88.35,88.76,88.22,88.48,87.94,88.74,88.74,88.74,88.74,88.74,88.74,88.74,88.74,88.74,88.74,88.74,88.74,88.74,88.74,88.74,88.74,88.74,88.74,88.74,88.74,88.74,88.74,88.74,88.74,88.74,88.74,88.74,88.74,88.74,88.74,88.74,88.74,88.74,88.74,88.74,88.74,83.60,84.07,87.92,84.85,84.17,82.33,82.33,82.33,82.33,82.33,82.33,74.88,78.88,78.88,78.88,81.21,73.13,70.63,63.75,63.75,63.75,65.00,65.00,61.88,63.13,60.63,62.38,61.88,64.58,62.13,62.50,62.00,62.13,64.00,64.00,63.88,64.00,64.38,64.38,65.13,64.63,63.60,64.63,65.00,65.25,65.25,65.25,65.38,65.44,65.11,64.45,64.95,65.77,65.77,65.19
....Sulu,"RAW PEANUT, UNSHELLED, 1 KG",..,..,..,..,..,..,..,..,..,..,..,..,..,..,..,..,..,..,..,..,..,..,..,..,..,..,..,..,..,..,..,..,..,..,..,..,..,..,..,..,..,..,..,..,..,..,..,..,..,..,..,..,..,..,..,..,..,..,..,..,..,..,..,..,..,..,..,..,..,..,..,..,..,..,..,..,..,..,..,..,..,..,..,..,..,..,..,..,..,..,..,..,..,..,..,..,..,..,..,..,..,..,..,..,..,..,..,..,..,..,..,..,..,..,..,..,..,..,..,..,..,..,..,..,..,..,..,..,..,..
....Sulu,"BAGUIO BEANS, 1 KG",..,..,..,..,..,..,..,..,..,..,..,..,..,..,..,..,..,..,..,..,..,..,..,..,..,..,..,..,..,..,..,..,..,..,..,..,..,..,..,..,..,..,..,..,..,..,..,..,..,..,..,..,..,..,..,..,..,..,..,..,..,..,..,..,..,..,..,..,..,..,..,..,..,..,..,..,..,..,..,..,..,..,..,..,..,..,..,..,..,..,..,..,..,..,..,..,..,..,..,..,..,..,..,..,..,..,..,..,..,..,..,..,..,..,..,..,..,..,..,..,..,..,..,..,..,..,..,..,..,..
....Sulu,"MONGGO, GREEN, 1 KG",71.15,71.85,70.91,70.91,70.91,70.91,65.67,62.64,62.64,62.64,64.31,64.82,67.45,65.47,68.74,69.09,64.28,64.28,64.59,64.91,65.23,65.56,65.89,66.22,66.57,65.90,68.57,71.66,65.93,61.58,61.58,61.58,65.26,65.26,64.16,62.55,64.15,68.65,65.08,73.46,70.51,70.51,74.36,83.33,83.33,83.33,83.33,87.18,85.47,85.47,85.47,80.48,85.47,95.78,86.33,91.28,96.26,96.05,99.15,104.84,104.84,117.50,124.25,131.37,102.76,131.10,131.10,120.60,120.35,120.35,120.09,114.87,114.87,118.57,120.01,93.33,80.00,115.44,78.67,79.83,80.67,80.67,79.67,79.67,79.67,79.67,86.25,92.88,92.88,92.88,83.62,91.50,91.50,91.50,91.50,91.50,91.50,91.25,91.25,91.25,91.25,91.25,91.25,91.38,91.25,92.63,94.25,93.50,94.38,98.13,97.50,98.13,97.50,97.50,98.75,98.75,96.02,98.75,100.00,98.75,98.75,99.38,100.00,100.00,100.00,100.00,100.00,100.00,100.00,99.64
....Sulu,"STRING BEANS, 1 KG",44.22,43.96,43.96,43.83,43.83,43.83,40.21,40.21,40.21,40.21,39.54,39.86,41.99,40.27,42.28,42.49,43.34,43.34,43.55,43.76,43.97,44.18,44.40,44.62,44.86,43.42,46.20,48.28,44.42,47.24,47.24,46.96,49.55,49.55,53.51,52.18,57.67,54.78,49.80,52.04,49.96,50.80,49.96,55.88,47.42,40.64,39.80,38.10,22.86,22.86,22.86,41.10,22.86,25.57,24.55,24.14,23.74,24.01,24.54,24.13,23.63,26.43,25.99,25.56,24.60,25.85,25.31,23.28,23.54,23.54,23.81,27.55,27.63,28.24,28.24,36.50,39.54,27.75,49.17,53.93,50.36,50.36,51.70,51.70,51.70,51.70,51.70,83.05,83.05,83.05,59.29,58.80,58.80,58.80,58.80,58.80,58.80,55.93,58.63,58.38,58.63,62.50,62.13,59.08,68.13,62.13,63.25,66.50,63.50,62.25,59.38,59.38,59.38,59.13,59.38,59.63,61.84,59.63,59.63,60.25,60.00,59.50,57.63,58.00,58.38,57.57,57.86,57.86,57.86,58.68
....Tawi-Tawi,"RAW PEANUT, SHELLED, 1 KG",..,..,..,..,..,..,..,..,..,..,..,..,..,..,..,..,..,..,..,..,..,..,..,..,..,..,..,..,..,..,..,..,..,..,..,..,..,..,..,..,..,..,..,..,..,..,..,..,..,..,..,..,..,..,..,..,..,..,..,..,..,..,..,..,..,..,..,..,..,..,..,..,..,..,..,..,..,..,..,..,..,..,..,..,..,..,..,..,..,..,..,..,..,..,..,..,..,..,..,..,..,..,..,..,..,..,..,..,..,..,..,..,..,..,..,..,..,..,..,..,..,..,..,..,..,..,..,..,..,..
....Tawi-Tawi,"RAW PEANUT, UNSHELLED, 1 KG",..,..,..,..,..,..,..,..,..,..,..,..,..,..,..,..,..,..,..,..,..,..,..,..,..,..,..,..,..,..,..,..,..,..,..,..,..,..,..,..,..,..,..,..,..,..,..,..,..,..,..,..,..,..,..,..,..,..,..,..,..,..,..,..,..,..,..,..,..,..,..,..,..,..,..,..,..,..,..,..,..,..,..,..,..,..,..,..,..,..,..,..,..,..,..,..,..,..,..,..,..,..,..,..,..,..,..,..,..,..,..,..,..,..,..,..,..,..,..,..,..,..,..,..,..,..,..,..,..,..
....Tawi-Tawi,"BAGUIO BEANS, 1 KG",..,..,..,..,..,..,..,..,..,..,..,..,..,..,..,..,..,..,..,..,..,..,..,..,..,..,..,..,..,..,..,..,..,..,..,..,..,..,..,..,..,..,..,..,..,..,..,..,..,..,..,..,..,..,..,..,..,..,..,..,..,..,..,..,..,..,..,..,..,..,..,..,..,..,..,..,..,..,..,..,..,..,..,..,..,..,..,..,..,..,..,..,..,..,..,..,..,..,..,..,..,..,..,..,..,..,..,..,..,..,..,..,..,..,..,..,..,..,..,..,..,..,..,..,..,..,..,..,..,..
....Tawi-Tawi,"MONGGO, GREEN, 1 KG",90.75,90.13,89.25,89.25,90.63,90.88,90.63,90.63,88.88,88.88,90.00,89.50,89.95,89.50,89.50,89.50,89.50,89.50,89.50,89.50,89.50,89.50,89.50,89.50,89.50,89.50,89.50,89.50,89.00,88.19,88.19,89.13,91.75,91.75,92.25,92.25,92.25,92.25,90.50,92.25,92.25,92.25,95.25,92.25,92.25,95.50,95.50,92.25,92.25,95.50,92.25,93.31,92.25,95.50,92.25,95.25,92.25,93.23,90.06,93.23,93.00,96.28,99.41,100.47,94.43,100.47,104.01,104.01,107.67,111.46,115.38,118.77,118.77,119.02,123.21,127.55,132.04,115.20,100.00,100.00,100.00,100.00,100.00,100.00,100.00,100.00,100.00,100.00,100.00,100.00,100.00,95.00,95.00,95.00,95.00,95.00,95.00,95.00,95.00,95.00,95.00,87.50,87.50,93.75,87.50,87.50,90.00,87.50,88.75,86.25,85.00,85.00,85.00,85.00,85.00,85.00,86.46,85.00,85.00,85.00,87.50,90.00,90.00,90.00,90.00,90.00,90.00,90.00,90.00,88.54
....Tawi-Tawi,"STRING BEANS, 1 KG",14.18,13.99,16.18,16.18,16.18,15.70,15.70,15.13,15.13,15.13,15.75,15.88,15.43,16.04,16.23,16.32,16.63,16.98,17.31,17.31,17.67,18.03,18.03,18.39,18.48,17.29,19.03,19.89,19.89,21.14,21.14,22.06,22.97,22.97,24.80,25.28,24.92,23.68,22.31,23.68,24.15,24.15,24.15,24.15,24.15,24.15,24.15,24.15,24.15,26.59,24.43,24.34,26.90,29.61,24.43,24.43,24.43,24.77,24.43,24.43,24.43,24.43,24.43,24.77,25.12,24.77,24.77,24.77,24.77,25.27,25.63,27.14,28.50,28.11,29.52,29.52,29.52,26.86,29.52,30.00,30.00,30.00,30.00,30.00,34.00,29.00,34.00,35.00,35.00,39.00,32.13,35.00,35.00,35.00,35.00,35.00,39.00,39.00,39.00,39.00,43.00,43.00,43.00,38.33,43.00,43.00,43.00,43.00,43.00,43.00,43.00,52.00,55.00,55.00,59.00,55.00,48.08,55.00,55.00,55.00,55.00,55.00,55.00,62.14,62.14,66.92,66.92,66.92,66.92,60.16
