Region/Province,Commodity,2012 January,2012 February,2012 March,2012 April,2012 May,2012 June,2012 July,2012 August,2012 September,2012 October,2012 November,2012 December,2012 Annual,2013 January,2013 February,2013 March,2013 April,2013 May,2013 June,2013 July,2013 August,2013 September,2013 October,2013 November,2013 December,2013 Annual,2014 January,2014 February,2014 March,2014 April,2014 May,2014 June,2014 July,2014 August,2014 September,2014 October,2014 November,2014 December,2014 Annual,2015 January,2015 February,2015 March,2015 April,2015 May,2015 June,2015 July,2015 August,2015 September,2015 October,2015 November,2015 December,2015 Annual,2016 January,2016 February,2016 March,2016 April,2016 May,2016 June,2016 July,2016 August,2016 September,2016 October,2016 November,2016 December,2016 Annual,2017 January,2017 February,2017 March,2017 April,2017 May,2017 June,2017 July,2017 August,2017 September,2017 October,2017 November,2017 December,2017 Annual,2018 January,2018 February,2018 March,2018 April,2018 May,2018 June,2018 July,2018 August,2018 September,2018 October,2018 November,2018 December,2018 Annual,2019 January,2019 February,2019 March,2019 April,2019 May,2019 June,2019 July,2019 August,2019 September,2019 October,2019 November,2019 December,2019 Annual,2020 January,2020 February,2020 March,2020 April,2020 May,2020 June,2020 July,2020 August,2020 September,2020 October,2020 November,2020 December,2020 Annual,2021 January,2021 February,2021 March,2021 April,2021 May,2021 June,2021 July,2021 August,2021 September,2021 October,2021 November,2021 December,2021 Annual
PHILIPPINES,"GARLIC, NATIVE, 1 KG",133.73,126.71,128.51,123.16,121.51,126.98,133.51,135.34,134.72,132.79,131.93,130.24,129.93,130.23,129.95,130.53,129.88,130.16,131.81,129.90,127.55,128.98,130.62,133.26,139.18,131.00,143.57,145.01,143.58,150.76,167.70,226.73,259.10,199.57,193.10,187.66,181.53,180.89,181.60,182.15,182.00,169.99,165.19,161.40,157.23,155.84,152.33,150.71,148.86,148.67,150.11,160.37,157.28,153.75,151.96,158.01,163.40,175.82,175.84,175.04,173.06,177.63,181.96,181.50,168.77,187.26,185.99,185.81,182.32,192.54,195.87,186.01,178.09,178.45,178.02,174.99,173.71,183.26,174.42,170.21,167.54,163.68,159.65,156.99,153.97,155.47,155.81,155.02,152.63,151.77,159.76,152.31,150.57,150.89,153.16,151.04,157.70,160.24,160.75,159.72,158.92,159.15,163.97,156.54,167.85,187.38,186.03,186.72,187.64,177.43,168.06,163.24,164.66,166.54,167.47,169.45,174.37,170.80,170.84,168.29,163.44,162.29,159.37,159.34,159.28,160.94,161.49,165.37,167.14,164.05
PHILIPPINES,"ONION RED CREOLE (BERMUDA RED), 1 KG",87.85,82.22,77.07,74.71,74.15,78.73,81.79,84.16,89.48,91.24,90.60,88.08,83.34,86.87,84.15,77.91,73.51,71.71,73.65,74.14,74.37,76.17,77.25,79.68,89.93,78.28,93.85,95.08,83.83,76.68,69.69,65.84,68.90,71.74,74.19,73.74,73.36,73.72,76.72,75.03,72.93,65.33,63.42,64.00,66.54,68.61,71.21,73.00,78.53,88.52,95.01,73.51,101.76,94.16,81.73,83.51,89.32,98.02,101.25,109.06,113.18,114.55,106.93,97.41,99.24,93.74,92.93,87.80,82.51,78.79,80.57,80.42,81.12,85.61,88.88,91.53,109.14,87.75,123.86,108.69,96.12,92.55,92.69,97.31,103.22,106.64,111.35,104.16,99.86,98.43,102.91,97.12,94.42,87.91,80.85,76.93,76.95,78.81,80.76,81.39,84.41,98.93,147.07,90.46,189.75,152.40,122.00,118.35,115.99,113.27,111.65,113.08,129.71,156.90,177.33,176.29,139.73,147.89,130.37,137.14,121.01,116.08,114.63,120.02,121.45,125.56,132.66,145.85,169.50,131.85
PHILIPPINES,"ONION WHITE (YELLOW GRANEX), 1 KG",81.38,77.85,75.20,76.24,75.78,76.31,79.28,81.63,86.36,88.70,86.68,83.36,80.73,81.89,79.08,74.83,72.51,75.43,75.92,74.76,75.24,78.06,78.18,78.68,83.66,77.35,87.01,86.47,79.66,70.83,66.21,62.99,66.73,70.51,77.66,83.44,78.34,77.90,75.65,76.00,72.21,65.02,62.59,63.45,66.06,68.62,70.26,70.76,74.09,80.41,81.87,70.95,86.78,83.75,76.86,78.70,85.10,95.08,92.48,94.96,97.37,98.65,92.35,87.47,89.13,85.84,85.43,81.38,79.44,79.93,80.46,79.81,81.02,87.32,94.10,89.43,90.71,84.57,93.80,91.39,85.70,85.35,82.51,85.99,91.30,99.40,102.41,96.36,92.07,90.25,91.38,91.73,89.96,82.96,79.06,78.97,79.24,78.14,84.68,91.70,100.44,99.31,110.51,88.89,114.92,108.25,95.25,96.87,94.79,92.62,93.00,97.03,107.14,120.40,123.39,118.64,105.19,116.29,106.28,102.94,97.23,94.57,93.40,95.14,95.68,98.51,99.49,103.06,105.40,100.67
PHILIPPINES,"GINGER, 1 KG",71.27,69.26,71.05,68.03,67.99,66.85,66.02,66.53,66.38,66.79,66.45,66.57,67.77,66.72,65.56,65.27,65.46,68.17,71.46,74.60,75.10,78.03,79.11,80.71,78.72,72.41,79.53,80.02,82.85,92.61,109.63,132.29,135.96,132.10,133.03,124.38,119.72,112.33,111.20,109.61,103.21,100.16,115.77,130.38,150.62,152.40,148.26,139.05,127.49,123.13,115.93,126.33,106.26,100.32,94.68,93.79,94.22,95.36,93.96,92.43,89.61,91.37,90.87,87.16,94.17,86.64,83.57,79.51,76.48,74.94,73.63,72.44,71.83,72.66,74.93,75.28,74.50,76.37,71.90,71.01,68.68,66.95,68.17,69.38,69.83,71.18,74.45,76.31,77.73,77.03,71.89,77.99,78.00,77.54,82.46,96.04,108.09,109.22,115.25,114.73,113.27,110.96,110.10,99.47,112.18,109.96,112.77,150.49,155.45,163.74,159.41,155.64,150.05,148.33,144.32,138.96,141.78,134.26,125.25,119.97,118.55,119.34,120.40,124.90,124.34,123.28,120.03,118.08,113.86,121.86
PHILIPPINES,"GARLIC, IMPORTED, 1 KG",80.59,77.39,78.40,74.53,74.97,81.69,88.86,90.33,90.50,89.39,86.12,86.42,83.27,87.01,86.96,89.18,88.98,88.12,88.75,87.38,84.73,85.24,85.10,86.12,89.82,87.28,90.00,89.62,89.81,97.62,113.33,177.61,201.06,136.72,126.54,116.77,113.24,109.51,121.82,113.98,110.77,105.60,105.19,106.51,107.30,108.48,108.54,107.52,109.99,106.75,108.99,108.30,111.18,115.06,118.43,128.23,135.18,146.87,150.41,148.31,142.15,148.65,148.31,152.20,137.08,154.53,153.75,155.36,157.43,170.24,172.25,155.44,143.42,136.44,132.46,130.21,131.09,149.39,128.87,126.34,122.24,116.37,113.37,112.75,108.24,104.73,105.98,107.14,105.18,102.56,112.81,101.45,99.44,101.71,107.18,113.99,128.57,133.69,134.57,133.77,132.11,129.96,135.34,120.98,136.49,165.95,165.79,166.21,163.94,143.53,128.60,120.91,121.33,122.87,121.21,124.73,140.13,125.51,121.92,124.23,122.27,121.46,117.33,119.37,123.11,125.12,127.04,129.83,131.65,124.07
..NATIONAL CAPITAL REGION (NCR),"GARLIC, NATIVE, 1 KG",233.35,231.71,230.15,228.71,227.74,227.19,227.01,225.86,226.47,227.83,231.01,227.92,228.75,228.74,228.46,222.44,215.44,216.57,217.29,216.74,216.05,215.55,215.37,215.18,217.24,218.76,217.24,222.76,228.95,232.78,300.93,339.33,320.19,303.73,315.74,328.10,317.31,321.23,287.36,326.53,375.53,375.37,364.29,358.14,332.22,310.99,290.24,284.11,271.88,256.16,252.10,316.46,252.86,242.42,223.31,232.93,250.42,256.67,209.37,246.29,247.93,286.00,285.66,285.66,251.63,286.69,287.46,308.10,272.39,275.83,271.83,272.00,264.67,269.60,270.00,269.20,276.40,277.01,285.18,288.53,281.62,272.65,228.33,221.39,230.48,227.59,226.12,231.20,236.42,238.47,247.33,246.90,242.98,241.13,238.13,253.26,254.77,258.12,263.75,265.96,268.47,268.20,292.18,257.82,293.35,289.73,300.67,302.41,307.69,305.11,302.04,300.65,303.85,308.70,309.54,308.37,302.68,301.67,297.50,290.83,287.08,287.08,285.75,294.48,285.42,277.23,302.64,343.51,345.97,299.93
..NATIONAL CAPITAL REGION (NCR),"ONION RED CREOLE (BERMUDA RED), 1 KG",55.95,48.71,42.05,42.50,50.88,54.44,56.37,64.00,71.30,72.53,65.72,63.52,57.33,62.31,46.21,35.44,34.23,37.89,40.45,41.10,41.05,44.73,45.31,50.25,62.23,45.10,60.39,53.07,37.52,32.64,30.17,34.68,38.02,39.04,39.63,40.19,40.78,41.30,40.62,45.76,39.12,29.85,32.22,36.19,39.46,44.50,44.35,45.10,53.45,63.68,65.60,44.94,65.37,56.07,48.04,51.99,63.90,70.40,75.20,81.56,81.00,81.00,80.50,80.50,69.63,73.87,76.26,66.70,63.71,60.85,64.62,63.86,64.93,75.64,73.54,84.58,110.16,73.23,106.64,81.72,74.94,78.31,82.00,92.08,97.04,105.13,100.16,82.83,86.88,84.44,89.35,84.04,74.08,65.75,57.44,56.64,63.47,63.24,64.94,67.56,79.60,101.22,164.58,78.55,192.83,108.28,81.58,88.17,98.22,98.88,99.33,109.58,138.10,175.39,222.86,211.98,135.43,124.00,113.53,102.82,100.40,99.33,106.62,109.28,110.27,114.25,125.82,147.22,163.02,118.05
..NATIONAL CAPITAL REGION (NCR),"ONION WHITE (YELLOW GRANEX), 1 KG",57.63,50.04,47.11,48.75,55.42,60.02,70.69,72.67,69.88,66.43,61.55,60.35,60.05,60.60,53.36,43.71,44.59,49.93,52.77,52.81,57.89,64.66,63.84,64.78,65.24,56.18,60.27,45.45,37.53,34.29,35.95,41.01,44.11,48.15,63.73,101.30,54.58,52.94,51.61,52.83,40.77,37.76,43.08,48.85,53.09,63.45,64.54,62.51,62.77,63.52,64.50,54.81,69.09,63.85,56.85,65.52,80.03,79.71,74.72,70.17,66.79,63.00,63.27,63.27,68.02,60.72,62.49,59.41,58.06,55.97,57.76,57.75,63.60,92.67,87.66,63.78,61.62,65.12,60.62,57.58,54.61,57.33,58.55,68.72,79.44,106.38,85.56,67.13,67.83,65.36,69.09,66.67,59.92,54.67,57.09,61.19,61.50,62.04,73.03,95.58,100.76,69.08,81.31,70.24,87.89,81.83,70.25,74.63,77.11,74.93,73.50,78.28,94.38,97.42,99.00,94.62,83.65,85.92,79.42,71.82,74.40,74.78,77.64,77.22,76.00,76.74,79.36,83.46,78.59,77.95
..NATIONAL CAPITAL REGION (NCR),"GINGER, 1 KG",46.88,43.71,41.25,41.04,38.81,37.76,37.13,37.19,37.72,39.25,40.60,41.54,40.24,42.60,40.83,39.12,39.12,47.93,54.19,56.09,62.08,69.31,77.33,73.89,70.43,56.08,69.13,65.00,70.17,104.63,165.20,159.09,135.93,146.14,160.17,130.95,113.03,105.96,118.78,104.41,98.22,99.71,148.41,156.88,160.76,137.82,125.20,122.52,104.94,104.12,92.21,121.27,91.67,85.18,85.74,86.65,82.16,78.22,74.13,71.83,72.98,79.00,78.93,83.26,80.81,84.19,82.22,77.79,77.73,77.97,76.72,77.88,75.58,76.38,82.41,80.20,76.88,78.83,76.80,75.94,74.44,73.03,82.02,85.83,85.36,85.58,93.11,97.73,92.28,87.08,84.10,102.44,94.03,93.00,114.27,149.28,148.67,140.18,135.33,144.94,134.67,127.61,134.53,126.58,134.06,129.33,158.28,207.78,198.55,192.00,182.85,179.88,188.47,202.03,203.09,186.60,180.24,167.82,151.86,151.35,157.85,156.57,154.42,156.40,156.00,155.24,148.63,146.87,137.18,153.35
..NATIONAL CAPITAL REGION (NCR),"GARLIC, IMPORTED, 1 KG",47.97,47.51,48.64,49.37,50.61,72.02,79.76,84.53,79.52,75.62,73.20,73.66,65.20,74.77,75.88,76.31,76.31,77.26,76.79,70.25,64.60,63.37,63.18,68.07,71.01,71.48,69.71,68.79,74.87,94.78,147.92,239.85,200.26,98.42,89.62,84.70,80.05,79.04,110.67,81.03,77.86,75.96,75.27,75.54,75.86,79.29,77.62,79.19,81.69,84.38,88.54,79.35,100.54,101.36,114.55,113.57,128.10,136.16,131.06,128.66,125.54,127.00,128.89,126.52,121.83,131.42,139.75,140.80,159.63,176.45,161.72,122.44,105.91,108.42,105.44,101.67,100.47,129.51,99.29,95.44,92.44,90.78,89.36,89.11,85.40,80.53,81.59,80.60,82.53,82.06,87.43,83.47,85.50,95.25,101.62,124.22,133.44,129.91,129.06,127.56,124.71,121.50,127.20,115.29,127.97,158.44,155.98,162.47,148.83,121.33,104.39,98.33,98.71,97.64,101.06,104.22,123.28,104.08,104.22,104.36,105.61,105.17,105.78,105.33,108.31,110.41,107.43,107.12,105.60,106.12
..CORDILLERA ADMINISTRATIVE REGION (CAR),"GARLIC, NATIVE, 1 KG",108.10,101.28,107.44,105.17,103.20,111.57,115.25,118.83,124.09,127.16,125.19,125.15,114.37,125.82,120.49,117.00,113.81,114.20,114.87,108.24,106.46,110.94,111.77,111.98,113.67,114.10,115.28,116.93,117.65,115.70,109.63,155.77,217.77,189.59,163.05,165.50,147.82,150.03,147.06,148.52,162.66,145.27,139.03,136.32,138.52,143.76,125.78,125.69,127.14,128.02,127.60,137.36,137.15,132.42,131.00,133.20,136.35,162.56,162.91,173.98,170.02,164.38,166.55,171.76,153.52,170.02,167.40,161.12,162.59,183.90,184.47,154.25,144.90,141.93,140.53,140.46,137.54,157.43,137.09,137.71,133.72,124.08,120.29,120.10,139.25,140.47,132.20,133.17,129.40,122.11,130.80,123.52,120.49,117.28,119.10,131.77,140.97,148.57,145.48,142.46,146.31,145.63,145.66,135.60,148.63,152.44,166.70,175.53,178.13,168.36,170.02,166.62,167.11,168.99,166.22,162.98,165.98,169.71,171.31,165.01,156.49,154.67,153.84,152.04,157.40,158.49,153.51,158.73,157.80,159.08
..CORDILLERA ADMINISTRATIVE REGION (CAR),"ONION RED CREOLE (BERMUDA RED), 1 KG",75.07,70.92,71.17,71.42,69.33,74.65,80.14,86.87,94.45,98.89,99.45,91.64,82.00,92.73,89.08,85.92,79.53,72.75,78.75,77.34,74.53,79.72,77.44,77.44,79.34,80.38,81.35,83.76,82.01,74.22,58.68,56.09,70.93,73.54,75.52,78.10,78.63,82.19,74.59,84.77,81.65,73.53,66.71,66.64,70.66,70.84,71.30,72.66,79.14,87.85,93.35,76.59,100.38,99.75,89.42,87.69,93.78,100.46,104.15,104.27,112.38,114.67,118.46,103.98,102.45,100.00,97.71,92.78,87.72,86.10,88.42,85.18,88.97,90.30,90.90,91.85,102.50,91.87,110.12,105.04,99.26,96.16,96.68,98.90,103.06,107.60,110.54,109.86,104.63,102.90,103.73,102.09,97.17,98.16,89.97,82.55,82.74,84.76,88.35,87.49,91.22,101.43,114.55,93.37,147.52,139.49,123.78,122.28,112.42,109.38,108.96,110.27,115.45,130.42,153.63,164.73,128.19,155.95,134.91,123.22,114.08,114.97,113.53,117.80,125.17,131.06,127.56,137.38,152.85,129.04
..CORDILLERA ADMINISTRATIVE REGION (CAR),"ONION WHITE (YELLOW GRANEX), 1 KG",85.12,82.88,75.64,78.32,71.81,71.81,81.10,81.32,86.23,97.61,96.68,95.16,83.64,94.32,90.40,86.54,80.20,75.97,79.64,82.81,81.05,82.00,81.16,81.16,84.21,83.29,88.11,88.12,89.19,83.85,65.81,55.18,71.32,73.25,84.90,86.95,87.21,95.90,80.82,91.05,92.23,73.34,69.30,70.77,72.61,75.92,78.44,81.49,84.53,94.62,99.34,81.97,100.14,98.87,97.56,97.14,100.67,101.80,98.97,103.38,107.16,110.68,110.82,99.29,102.21,96.62,91.98,90.21,86.71,85.54,87.11,84.92,81.91,83.53,84.98,81.87,87.18,86.88,97.17,96.69,93.33,82.64,83.90,86.01,89.92,92.73,97.41,99.55,96.33,90.04,92.14,96.23,94.77,90.51,80.68,77.38,76.81,78.58,86.43,84.29,90.92,98.07,116.79,89.29,122.62,114.35,110.83,110.36,110.60,105.06,100.00,104.29,116.61,145.24,144.29,147.62,119.32,147.62,121.04,107.98,99.40,104.82,101.37,97.26,96.85,99.35,101.61,100.98,102.02,106.69
..CORDILLERA ADMINISTRATIVE REGION (CAR),"GINGER, 1 KG",75.26,74.16,71.46,71.56,67.93,71.02,70.09,69.08,68.20,67.19,68.19,65.17,69.94,66.28,65.65,63.31,64.23,63.39,66.35,67.09,66.30,67.76,67.65,68.73,67.88,66.22,71.75,71.41,69.31,77.22,83.74,102.75,125.59,117.89,135.95,136.65,140.09,121.03,104.45,125.20,114.90,115.49,123.57,131.25,148.05,156.39,148.68,145.19,140.50,140.10,139.29,135.72,125.67,118.45,114.48,105.46,108.75,111.97,117.34,114.67,112.61,113.97,116.49,104.94,113.73,104.74,102.52,97.64,89.09,87.95,86.48,75.83,70.36,70.92,72.75,75.23,79.05,84.38,76.61,75.85,79.32,76.65,77.33,73.99,75.56,75.18,75.75,76.82,78.49,75.99,76.46,75.82,73.11,72.00,72.63,76.52,82.94,86.00,87.94,94.11,104.22,106.85,111.76,86.99,110.06,104.75,101.01,118.24,131.92,147.45,148.44,142.77,146.53,156.35,163.15,154.99,135.47,147.91,140.82,128.82,123.16,123.26,136.14,136.66,133.76,142.69,142.32,140.66,133.83,135.84
..CORDILLERA ADMINISTRATIVE REGION (CAR),"GARLIC, IMPORTED, 1 KG",..,..,..,..,..,..,..,..,..,..,..,..,..,..,..,..,..,..,..,..,..,..,..,..,..,..,..,..,..,..,..,..,..,..,..,..,..,..,..,..,..,..,..,..,..,..,..,..,..,..,..,..,..,..,..,..,..,..,..,..,..,..,..,..,..,..,..,..,..,..,..,..,..,..,..,..,..,..,..,..,..,..,..,..,..,..,..,..,..,..,..,..,..,..,..,..,..,..,..,..,..,..,..,..,..,..,..,..,..,..,..,..,..,..,..,..,..,..,..,..,..,..,..,..,..,..,..,..,..,..
....Abra,"GARLIC, NATIVE, 1 KG",91.54,91.54,98.88,103.14,100.70,109.86,112.29,117.18,117.18,109.86,109.86,109.86,105.99,109.86,103.76,103.76,103.76,103.76,103.76,101.31,101.31,101.31,102.54,102.54,102.54,103.35,106.20,109.86,108.63,108.63,112.91,150.14,205.06,192.86,130.00,127.14,115.71,120.00,132.26,122.86,141.43,152.86,154.29,147.14,162.86,170.00,105.71,106.25,100.00,103.75,103.75,130.91,122.50,130.00,128.75,145.00,146.25,162.50,172.50,168.75,157.50,160.00,158.13,158.75,150.89,167.50,175.00,175.00,170.00,196.25,208.75,185.00,156.25,160.00,156.25,150.00,137.50,169.79,140.00,131.25,143.75,120.63,111.25,111.25,176.88,138.75,117.50,107.50,107.50,93.75,125.00,97.50,101.25,100.00,102.50,107.50,117.50,142.50,118.75,117.50,125.00,130.00,135.00,116.25,135.00,123.75,175.00,190.00,203.75,181.25,173.75,170.00,172.50,180.00,171.25,166.25,170.21,196.25,191.25,186.25,177.50,173.75,175.00,166.25,166.25,153.75,133.75,138.75,137.50,166.35
....Abra,"ONION RED CREOLE (BERMUDA RED), 1 KG",46.12,46.12,47.96,56.58,56.26,60.26,73.79,71.95,75.02,77.48,82.40,72.56,63.88,75.02,72.56,77.48,63.96,57.80,57.80,59.03,58.41,66.42,62.72,62.72,63.96,64.82,63.96,65.18,62.72,60.26,54.11,51.65,62.72,63.33,65.83,66.67,70.00,67.50,62.83,68.33,63.33,78.33,78.33,76.67,76.67,63.33,63.33,65.71,70.00,85.71,94.29,73.67,80.00,80.00,70.00,78.57,80.00,71.43,74.29,82.86,90.00,97.14,92.86,91.43,82.38,91.43,91.43,74.29,81.43,71.43,67.14,75.71,80.00,80.00,80.00,91.43,102.86,82.26,94.29,80.00,80.00,80.00,80.00,80.00,95.00,101.25,98.75,93.75,91.25,85.00,88.27,83.75,72.50,80.00,80.00,70.00,77.50,81.25,72.50,77.50,80.00,93.75,101.25,80.83,185.00,157.50,150.00,145.00,98.75,92.50,108.75,105.00,106.25,133.75,137.50,163.75,131.98,162.50,137.50,106.25,105.00,102.50,105.00,107.50,117.50,117.50,120.00,130.00,153.75,122.08
....Abra,"ONION WHITE (YELLOW GRANEX), 1 KG",..,..,..,..,..,..,..,..,..,..,..,..,..,..,..,..,..,..,..,..,..,..,..,..,..,..,..,..,..,..,..,..,..,..,..,..,..,..,..,..,..,..,..,..,..,..,..,..,..,..,..,..,..,..,..,..,..,..,..,..,..,..,..,..,..,..,..,..,..,..,..,..,..,..,..,..,..,..,..,..,..,..,..,..,..,..,..,..,..,..,..,..,..,..,..,..,..,..,..,..,..,..,..,..,..,..,..,..,..,..,..,..,..,..,..,..,..,..,..,..,..,..,..,..,..,..,..,..,..,..
....Abra,"GINGER, 1 KG",115.84,115.84,107.41,112.69,105.31,117.94,109.52,96.89,96.89,96.89,96.89,92.67,105.40,92.67,92.67,92.67,92.67,92.67,92.67,92.67,92.67,92.67,90.57,90.57,90.57,92.15,101.10,105.31,101.10,115.84,126.38,174.81,214.84,164.29,149.29,152.50,142.50,130.00,139.83,128.75,117.50,126.25,131.25,153.75,170.00,195.00,195.00,161.25,155.00,150.00,151.25,152.92,132.50,133.75,128.75,123.75,130.00,123.75,123.75,123.75,117.50,117.50,117.50,113.75,123.85,117.50,117.50,117.50,117.50,117.50,117.50,63.75,63.75,68.75,70.00,70.00,87.50,94.06,87.50,87.50,87.50,87.50,87.50,87.50,93.75,92.50,92.50,91.25,91.25,90.00,89.69,92.50,72.50,72.50,78.75,88.75,102.50,112.50,105.00,113.75,120.00,126.25,128.75,101.15,128.75,122.50,122.50,191.67,206.25,202.50,188.75,177.50,163.75,173.75,177.50,168.75,168.68,166.25,148.75,133.75,128.75,132.50,160.00,157.50,153.81,151.25,130.00,117.50,120.00,141.67
....Abra,"GARLIC, IMPORTED, 1 KG",..,..,..,..,..,..,..,..,..,..,..,..,..,..,..,..,..,..,..,..,..,..,..,..,..,..,..,..,..,..,..,..,..,..,..,..,..,..,..,..,..,..,..,..,..,..,..,..,..,..,..,..,..,..,..,..,..,..,..,..,..,..,..,..,..,..,..,..,..,..,..,..,..,..,..,..,..,..,..,..,..,..,..,..,..,..,..,..,..,..,..,..,..,..,..,..,..,..,..,..,..,..,..,..,..,..,..,..,..,..,..,..,..,..,..,..,..,..,..,..,..,..,..,..,..,..,..,..,..,..
....Apayao,"GARLIC, NATIVE, 1 KG",109.21,110.41,112.22,111.62,111.02,111.02,103.82,100.81,99.61,97.21,96.01,90.01,104.41,90.01,90.01,90.01,90.01,94.81,82.81,83.41,83.41,85.21,85.21,85.21,85.21,87.11,90.01,90.01,87.61,87.61,87.61,85.21,138.01,99.61,133.22,133.22,142.82,133.22,109.01,133.22,133.22,121.22,102.42,102.42,102.42,102.42,102.42,102.42,102.42,102.42,102.42,109.12,112.02,112.02,112.02,106.41,99.21,125.61,110.41,113.61,113.61,113.61,133.62,147.21,116.61,150.42,147.21,150.42,159.21,159.21,163.21,154.41,149.61,148.02,149.61,148.81,148.81,152.41,133.61,126.41,118.40,116.81,114.41,112.01,110.41,110.41,115.21,120.01,116.81,116.81,117.61,113.60,110.40,102.40,100.80,115.20,121.60,121.60,120.00,128.13,127.50,125.00,125.00,117.60,130.00,148.75,152.50,159.64,158.75,161.25,186.25,175.00,171.25,172.50,172.50,170.00,163.20,170.00,167.50,160.00,145.00,135.00,128.75,140.00,135.63,132.50,131.25,130.00,133.33,142.41
....Apayao,"ONION RED CREOLE (BERMUDA RED), 1 KG",85.32,84.03,82.74,84.03,83.39,83.39,82.10,82.74,84.03,84.03,84.03,84.03,83.66,84.03,84.03,81.44,81.44,71.10,76.27,76.27,76.27,76.27,76.27,76.27,81.44,78.43,87.90,90.49,90.49,80.15,64.64,64.64,116.35,111.18,111.83,111.18,95.67,126.70,95.94,126.70,126.70,90.50,62.06,62.06,77.57,84.47,77.57,77.57,77.57,81.01,77.57,85.11,95.67,84.47,79.30,72.40,110.33,115.50,110.33,110.33,110.33,110.33,115.50,103.43,101.49,99.99,99.99,99.99,99.99,99.99,98.26,94.82,87.92,88.78,93.95,98.26,99.99,96.83,108.61,105.17,103.44,101.71,101.71,105.16,105.16,105.16,113.78,113.78,112.05,112.05,107.32,108.61,103.44,100.00,100.00,100.00,100.00,100.00,100.00,98.75,98.75,100.00,101.25,100.90,113.75,118.75,122.50,120.36,126.25,127.50,127.50,127.50,133.75,146.25,158.75,158.75,131.80,158.75,140.00,123.75,115.00,113.75,106.25,112.50,115.63,115.63,116.88,118.75,125.63,121.88
....Apayao,"ONION WHITE (YELLOW GRANEX), 1 KG",84.93,84.93,82.32,84.93,84.28,84.28,84.28,84.93,84.93,91.46,91.46,91.46,86.18,91.46,91.46,94.07,94.07,88.84,91.45,91.45,91.45,91.45,91.45,91.45,91.45,91.67,91.45,94.06,94.06,86.22,70.54,70.54,121.49,107.12,119.53,119.53,101.89,137.16,101.13,131.67,135.20,109.72,99.27,99.27,101.02,101.02,101.02,101.02,101.02,101.02,101.02,106.86,106.25,99.28,104.50,104.50,109.73,113.21,113.21,113.21,113.21,113.21,109.73,105.81,108.82,105.81,104.50,105.81,105.81,105.81,105.81,102.55,93.53,94.92,99.28,94.05,99.27,101.43,102.75,99.27,99.27,96.66,96.66,100.14,99.27,101.02,104.50,111.47,107.98,106.25,102.10,106.25,109.73,104.50,101.02,107.98,104.50,104.50,106.25,106.25,107.50,110.00,111.25,106.64,120.00,121.25,123.75,119.11,125.00,126.25,125.00,126.25,127.50,130.00,132.50,138.75,126.28,138.75,123.13,107.50,103.75,97.50,97.50,91.25,90.00,93.75,100.00,93.13,98.75,102.92
....Apayao,"GINGER, 1 KG",78.24,77.00,77.00,77.00,73.00,70.00,72.00,76.00,76.00,79.00,80.00,76.00,75.94,72.00,72.00,72.00,75.00,75.00,77.00,80.00,80.00,78.00,76.00,80.00,80.00,76.42,80.00,80.00,75.83,74.17,75.83,76.43,87.86,87.86,94.29,93.13,85.63,81.88,82.74,85.63,85.00,85.00,85.00,85.00,85.00,85.00,85.00,83.13,83.13,83.13,83.75,84.48,83.13,83.13,81.88,83.75,82.50,84.38,84.38,85.00,85.00,85.00,89.38,89.38,84.74,88.13,90.00,86.67,85.00,85.00,81.88,79.38,73.75,78.13,84.38,85.00,88.75,83.84,95.00,90.00,92.50,86.25,78.75,73.75,77.50,77.50,78.75,80.00,77.50,77.50,82.08,78.75,77.50,72.50,71.25,81.25,78.13,80.00,89.38,91.25,95.00,97.50,118.13,85.89,126.25,125.00,113.75,116.67,121.88,127.50,138.13,143.75,149.38,153.75,161.88,173.13,137.59,163.75,154.38,146.25,136.88,131.88,131.25,143.13,140.00,142.50,142.50,140.00,135.63,142.35
....Apayao,"GARLIC, IMPORTED, 1 KG",..,..,..,..,..,..,..,..,..,..,..,..,..,..,..,..,..,..,..,..,..,..,..,..,..,..,..,..,..,..,..,..,..,..,..,..,..,..,..,..,..,..,..,..,..,..,..,..,..,..,..,..,..,..,..,..,..,..,..,..,..,..,..,..,..,..,..,..,..,..,..,..,..,..,..,..,..,..,..,..,..,..,..,..,..,..,..,..,..,..,..,..,..,..,..,..,..,..,..,..,..,..,..,..,..,..,..,..,..,..,..,..,..,..,..,..,..,..,..,..,..,..,..,..,..,..,..,..,..,..
....Benguet,"GARLIC, NATIVE, 1 KG",124.26,124.26,134.20,140.00,141.25,156.25,158.75,163.75,163.75,156.25,156.25,156.25,147.94,156.25,150.00,150.00,150.00,150.00,150.00,147.50,147.50,147.50,148.75,148.75,148.75,149.58,152.50,156.25,155.00,155.00,159.38,234.38,285.00,270.00,242.50,240.63,239.38,256.67,212.22,257.50,325.00,230.00,223.75,216.25,211.25,215.00,212.50,210.00,202.50,210.00,210.00,226.98,215.00,201.25,177.50,181.25,186.25,215.00,237.50,236.25,230.00,233.75,233.75,238.75,215.52,230.00,215.00,205.00,177.50,183.75,207.50,170.00,170.00,147.50,152.50,162.50,153.75,181.25,166.25,163.75,148.75,140.00,131.25,123.75,159.38,206.25,205.00,205.00,203.75,197.50,170.89,196.25,182.50,175.00,173.75,190.00,190.00,191.25,190.00,186.25,188.75,181.25,170.00,184.58,170.00,167.50,173.75,186.67,186.25,191.25,214.38,219.38,223.75,238.75,235.00,236.25,203.58,240.00,239.38,236.88,232.50,231.25,217.50,221.25,250.00,243.33,246.67,251.67,250.00,238.37
....Benguet,"ONION RED CREOLE (BERMUDA RED), 1 KG",63.18,63.18,65.70,77.50,76.88,82.50,101.25,97.50,102.50,105.00,110.00,97.50,86.89,102.50,100.00,105.00,90.00,82.50,82.50,83.75,82.50,90.00,85.00,86.25,87.50,89.79,87.50,88.75,86.25,81.25,70.00,65.00,81.25,81.25,77.50,73.13,73.75,76.67,78.53,92.50,82.50,77.50,71.88,73.75,75.63,78.13,78.13,73.13,77.50,76.88,85.00,78.54,93.75,96.88,85.00,78.75,81.25,104.38,98.75,100.00,105.00,102.50,110.00,105.00,96.77,98.13,92.50,90.00,77.50,81.25,86.25,75.00,81.25,86.25,88.75,92.50,100.00,87.45,103.75,106.25,103.75,98.75,102.50,105.00,106.25,109.38,122.50,120.00,115.00,115.00,109.01,113.75,103.13,105.00,88.75,75.63,72.50,72.50,76.25,78.75,80.00,87.50,92.50,87.19,115.00,128.75,103.75,115.00,109.00,103.75,96.25,101.25,103.75,106.25,110.00,113.75,108.88,111.25,107.50,109.38,100.00,98.13,103.13,110.00,140.00,138.75,132.50,145.25,150.50,120.53
....Benguet,"ONION WHITE (YELLOW GRANEX), 1 KG",..,..,..,..,..,..,..,..,..,..,..,..,..,..,..,..,..,..,..,..,..,..,..,..,..,..,..,..,..,..,..,..,..,..,..,..,..,..,..,..,..,..,..,..,..,..,..,..,..,..,..,..,..,..,..,..,..,..,..,..,..,..,..,..,..,..,..,..,..,..,..,..,..,..,..,..,..,..,..,..,..,..,..,..,..,..,..,..,..,..,..,..,..,..,..,..,..,..,..,..,..,..,..,..,..,..,..,..,..,..,..,..,..,..,..,..,..,..,..,..,..,..,..,..,..,..,..,..,..,..
....Benguet,"GINGER, 1 KG",93.55,93.55,86.74,91.00,84.00,94.00,86.00,74.00,74.00,74.00,76.00,72.00,83.24,72.00,72.00,72.00,72.00,72.00,72.00,72.00,72.00,72.00,71.00,71.00,71.00,71.75,80.00,84.00,80.00,94.00,102.00,146.00,174.00,132.00,204.00,214.00,192.00,153.33,137.94,176.00,172.00,166.00,182.00,162.00,178.00,174.00,174.00,174.00,164.00,167.00,158.00,170.58,124.00,122.00,122.00,123.60,124.00,124.00,156.00,162.00,156.00,152.00,160.00,140.00,138.80,118.00,108.00,112.00,70.00,80.00,82.00,78.00,76.00,72.00,68.00,76.00,80.00,85.00,90.00,86.00,90.00,84.00,82.00,86.00,76.67,76.67,78.33,78.33,78.33,78.33,82.06,75.00,75.00,78.33,80.83,76.67,78.33,80.00,78.33,83.33,83.33,90.00,92.50,80.97,91.67,93.33,90.00,102.50,100.00,101.67,117.50,121.67,132.50,129.17,116.67,115.00,109.31,113.33,110.00,113.33,105.00,96.67,101.67,121.67,131.79,166.50,173.75,168.75,155.00,129.79
....Benguet,"GARLIC, IMPORTED, 1 KG",..,..,..,..,..,..,..,..,..,..,..,..,..,..,..,..,..,..,..,..,..,..,..,..,..,..,..,..,..,..,..,..,..,..,..,..,..,..,..,..,..,..,..,..,..,..,..,..,..,..,..,..,..,..,..,..,..,..,..,..,..,..,..,..,..,..,..,..,..,..,..,..,..,..,..,..,..,..,..,..,..,..,..,..,..,..,..,..,..,..,..,..,..,..,..,..,..,..,..,..,..,..,..,..,..,..,..,..,..,..,..,..,..,..,..,..,..,..,..,..,..,..,..,..,..,..,..,..,..,..
....Ifugao,"GARLIC, NATIVE, 1 KG",156.06,120.59,141.87,117.04,109.95,134.78,148.96,156.06,184.43,198.62,187.98,184.43,153.40,184.43,170.25,156.06,148.96,148.96,166.70,131.23,120.59,141.87,141.87,141.87,141.87,149.56,141.87,141.87,156.06,141.87,99.31,88.67,88.67,102.86,102.86,118.57,118.57,118.57,118.31,118.57,118.57,118.57,108.57,105.71,105.71,108.57,102.86,104.29,122.86,115.71,115.71,112.14,115.71,110.00,121.43,121.43,130.00,151.43,130.00,145.71,145.71,151.43,145.71,135.71,133.69,132.86,132.86,105.71,135.71,228.57,150.00,117.14,117.14,117.14,117.14,120.00,120.00,132.86,120.00,137.14,120.00,117.14,120.00,120.00,120.00,125.71,117.14,118.57,110.00,101.43,118.93,111.43,111.43,111.43,108.57,130.00,124.29,117.14,132.86,132.86,132.86,140.00,151.43,125.36,164.29,167.14,171.43,171.43,160.00,131.43,125.71,132.86,131.43,121.43,118.57,112.86,142.38,112.86,134.29,128.57,121.43,124.29,125.71,121.43,131.43,145.71,142.54,145.71,152.86,132.24
....Ifugao,"ONION RED CREOLE (BERMUDA RED), 1 KG",85.71,66.23,77.92,64.29,61.43,77.14,82.86,85.71,105.71,111.43,105.71,102.86,85.58,102.86,94.29,85.71,82.86,82.86,92.86,75.71,65.71,80.00,80.00,80.00,80.00,83.57,80.00,80.00,85.71,74.29,51.43,47.14,47.14,58.57,58.57,75.71,82.86,80.00,68.45,85.71,85.71,85.71,70.71,70.71,70.71,70.71,67.86,69.29,77.86,92.86,92.86,78.39,92.86,107.14,92.86,101.43,98.57,111.43,117.14,114.29,121.43,131.43,134.29,120.00,111.91,108.57,98.57,94.29,94.29,91.43,95.71,94.29,97.14,94.29,91.43,91.43,97.14,95.72,124.29,112.57,107.14,97.14,97.14,105.71,105.71,118.57,115.71,112.86,105.71,102.86,108.78,111.43,111.43,111.43,88.57,77.14,81.43,78.57,95.71,94.29,108.57,118.57,148.57,102.14,155.71,135.71,121.43,120.00,114.29,120.00,100.00,102.86,111.43,130.00,184.29,197.14,132.74,195.71,145.71,134.29,115.71,128.57,124.29,124.29,132.86,145.71,132.86,147.14,182.86,142.50
....Ifugao,"ONION WHITE (YELLOW GRANEX), 1 KG",88.13,88.13,79.93,79.93,79.93,79.93,90.18,90.18,106.58,110.68,104.53,102.48,91.72,102.48,102.48,98.38,86.08,81.98,81.98,88.13,79.93,84.03,84.03,84.03,88.13,88.47,89.77,92.23,97.97,89.77,81.57,47.14,47.14,63.53,69.68,75.83,94.27,85.05,77.83,86.07,86.07,81.97,72.75,72.75,72.75,78.90,78.90,83.00,87.10,103.50,107.60,84.28,103.50,111.70,107.60,107.60,111.70,106.58,110.68,110.68,118.88,125.03,124.01,112.74,112.56,106.59,98.39,94.29,92.24,92.24,96.34,94.29,94.29,90.19,90.19,86.09,94.29,94.12,110.69,112.74,112.74,98.39,98.39,102.49,102.49,111.71,109.66,106.59,100.44,98.39,105.39,110.69,106.59,106.59,88.14,73.79,78.91,75.84,94.29,92.86,107.14,108.57,142.86,98.86,142.86,124.29,110.00,115.71,114.29,111.43,100.00,102.86,128.57,185.71,192.86,192.86,135.12,192.86,140.00,121.43,105.71,125.71,122.86,114.29,114.29,114.29,118.57,118.57,118.57,125.60
....Ifugao,"GINGER, 1 KG",54.15,46.27,40.37,36.43,39.29,38.57,50.00,48.57,48.57,45.00,45.00,42.86,44.59,51.43,52.86,47.14,47.14,47.14,42.86,41.43,41.43,42.86,41.43,41.43,37.14,44.52,40.00,40.00,42.86,44.29,44.29,55.71,62.86,65.71,111.43,108.57,170.00,124.29,75.83,120.00,105.71,105.71,107.14,107.14,145.71,171.43,171.43,168.57,168.57,168.57,168.57,142.38,168.57,144.29,127.14,100.00,102.86,109.29,109.29,97.86,102.14,103.57,103.57,97.14,113.81,88.57,87.14,84.29,81.43,66.43,50.00,55.71,54.29,57.86,62.86,72.86,64.29,68.81,57.14,62.86,67.14,57.14,55.71,48.57,48.57,60.00,64.29,65.71,75.71,75.71,61.55,74.29,74.29,74.29,74.29,71.43,74.29,72.86,69.29,75.71,75.71,88.57,84.29,75.78,84.29,81.43,78.57,78.57,97.14,114.29,120.00,114.29,108.57,151.43,172.86,174.29,114.64,142.86,154.29,121.43,111.43,122.86,131.43,121.43,115.71,117.14,141.43,141.43,108.57,127.50
....Ifugao,"GARLIC, IMPORTED, 1 KG",..,..,..,..,..,..,..,..,..,..,..,..,..,..,..,..,..,..,..,..,..,..,..,..,..,..,..,..,..,..,..,..,..,..,..,..,..,..,..,..,..,..,..,..,..,..,..,..,..,..,..,..,..,..,..,..,..,..,..,..,..,..,..,..,..,..,..,..,..,..,..,..,..,..,..,..,..,..,..,..,..,..,..,..,..,..,..,..,..,..,..,..,..,..,..,..,..,..,..,..,..,..,..,..,..,..,..,..,..,..,..,..,..,..,..,..,..,..,..,..,..,..,..,..,..,..,..,..,..,..
....Kalinga,"GARLIC, NATIVE, 1 KG",77.59,75.06,70.84,74.21,72.53,72.53,82.65,82.65,87.71,86.02,86.02,97.83,80.47,89.39,82.65,75.90,82.65,82.65,80.96,80.96,80.96,84.76,84.76,86.02,96.14,83.98,93.61,93.61,91.08,93.61,91.08,206.20,303.61,185.96,185.96,185.96,140.42,144.22,151.28,123.98,122.71,122.71,115.12,116.38,116.38,134.09,98.67,98.67,110.06,106.26,101.20,113.85,121.44,106.26,110.06,112.59,113.86,174.58,172.05,173.32,173.32,154.98,153.08,157.63,143.60,155.61,154.34,155.61,155.61,155.61,194.83,121.45,118.92,118.92,118.92,118.92,118.92,140.64,121.45,121.45,118.92,93.62,91.09,91.09,108.80,105.43,107.11,105.43,107.11,91.93,105.29,91.09,91.09,91.09,87.72,102.90,134.94,152.65,140.00,117.50,130.00,131.25,130.00,116.69,123.75,131.25,141.25,163.75,165.00,152.50,145.00,133.75,132.50,131.25,126.25,122.50,139.06,122.50,118.75,115.00,112.50,113.75,119.38,115.00,118.13,123.13,126.88,128.75,116.88,119.22
....Kalinga,"ONION RED CREOLE (BERMUDA RED), 1 KG",82.93,77.95,68.00,68.00,63.00,63.33,58.33,88.33,91.67,106.67,101.43,92.86,80.21,95.71,88.57,77.14,81.43,62.86,79.29,79.29,79.29,79.38,76.88,74.38,74.38,79.05,74.38,86.88,84.38,68.13,41.88,41.88,41.88,55.63,68.13,70.63,70.63,64.75,64.10,57.25,54.75,44.13,39.75,42.25,45.88,47.13,58.38,62.13,79.38,91.88,99.13,60.17,112.50,115.00,98.13,87.50,85.00,90.00,84.38,86.88,97.50,106.63,105.63,85.25,96.20,79.38,76.25,75.63,75.63,75.00,75.63,71.25,67.50,68.75,68.75,68.75,77.50,73.34,94.75,93.75,88.75,76.88,80.00,81.25,93.75,93.75,93.75,93.75,86.25,82.50,88.26,82.50,82.50,77.50,66.25,60.00,62.50,78.75,80.63,66.88,66.25,88.75,102.50,76.25,128.75,121.25,120.00,115.00,106.25,90.00,93.75,97.50,101.25,113.75,148.75,156.25,116.04,122.50,117.50,115.63,110.00,110.63,107.50,110.00,110.00,110.00,116.88,116.88,129.38,114.74
....Kalinga,"ONION WHITE (YELLOW GRANEX), 1 KG",82.29,75.57,64.66,70.11,51.22,51.22,68.85,68.85,67.18,90.69,94.05,91.53,73.02,89.01,77.26,67.18,60.46,57.10,65.49,68.84,71.78,70.52,68.00,68.00,73.04,69.72,83.11,78.07,75.55,75.55,45.33,47.85,45.33,49.11,65.48,65.48,65.48,65.48,63.49,55.41,55.41,28.34,35.89,40.29,44.07,47.85,55.40,60.44,65.48,79.33,89.40,54.78,90.66,85.62,80.58,79.32,80.58,85.62,73.03,86.26,89.40,93.81,98.72,79.33,85.24,77.45,73.04,70.52,62.09,58.56,59.18,57.92,57.92,65.47,65.47,65.47,67.99,65.09,78.06,78.06,67.99,52.88,56.66,55.40,67.99,65.47,78.06,80.58,80.58,65.47,68.93,71.76,67.98,60.43,52.88,50.36,47.01,55.40,58.75,53.75,58.13,75.63,96.25,62.36,105.00,97.50,98.75,96.25,92.50,77.50,75.00,83.75,93.75,120.00,107.50,111.25,96.56,111.25,100.00,95.00,88.75,91.25,83.75,86.25,86.25,90.00,86.25,91.25,88.75,91.56
....Kalinga,"GINGER, 1 KG",49.35,50.19,46.00,46.00,48.50,45.60,43.00,44.00,40.00,37.00,37.50,37.50,43.72,38.33,37.50,36.67,36.67,36.67,56.67,48.33,46.67,51.67,60.00,60.00,61.67,47.57,60.00,50.00,51.67,60.00,73.33,76.67,118.33,120.00,116.67,116.67,116.67,116.67,89.72,113.33,86.67,95.00,106.67,133.33,148.33,146.67,126.67,121.67,126.67,125.00,126.67,121.39,93.33,80.00,78.33,66.67,68.13,76.00,75.63,73.13,66.25,68.25,77.25,75.63,74.88,68.75,66.25,59.13,56.88,53.75,55.00,51.88,46.88,47.50,50.00,50.00,50.00,54.67,51.25,51.25,48.75,50.00,51.25,51.25,55.00,51.25,46.25,52.50,55.00,47.50,50.94,51.25,56.25,51.25,50.00,60.38,70.00,76.25,75.63,80.63,125.00,117.50,119.38,77.79,110.63,88.75,92.50,100.00,98.75,133.75,146.25,119.38,125.00,127.50,150.00,113.75,117.19,125.00,112.50,106.88,104.38,108.13,135.00,122.50,102.50,102.50,102.50,102.50,105.00,110.78
....Kalinga,"GARLIC, IMPORTED, 1 KG",..,..,..,..,..,..,..,..,..,..,..,..,..,..,..,..,..,..,..,..,..,..,..,..,..,..,..,..,..,..,..,..,..,..,..,..,..,..,..,..,..,..,..,..,..,..,..,..,..,..,..,..,..,..,..,..,..,..,..,..,..,..,..,..,..,..,..,..,..,..,..,..,..,..,..,..,..,..,..,..,..,..,..,..,..,..,..,..,..,..,..,..,..,..,..,..,..,..,..,..,..,..,..,..,..,..,..,..,..,..,..,..,..,..,..,..,..,..,..,..,..,..,..,..,..,..,..,..,..,..
....Mountain Province,"GARLIC, NATIVE, 1 KG",89.95,85.83,86.65,85.00,83.75,85.00,85.00,92.50,91.88,115.00,115.00,112.50,94.01,125.00,126.25,126.25,107.50,105.00,105.00,105.00,105.00,105.00,107.50,107.50,107.50,111.04,107.50,110.00,107.50,107.50,107.50,170.00,286.25,286.25,183.75,187.50,130.00,127.50,159.27,135.00,135.00,126.25,130.00,130.00,132.50,132.50,132.50,132.50,125.00,130.00,132.50,131.15,136.25,135.00,136.25,132.50,142.50,146.25,155.00,206.25,200.00,172.50,175.00,192.50,160.83,183.75,180.00,175.00,177.50,180.00,182.50,177.50,157.50,160.00,148.75,142.50,146.25,167.60,141.25,146.25,152.50,156.25,153.75,162.50,160.00,156.25,131.25,142.50,131.25,131.25,147.08,131.25,126.25,123.75,141.25,145.00,157.50,166.25,171.25,172.50,173.75,166.25,162.50,153.13,168.75,176.25,186.25,181.67,195.00,192.50,175.00,168.75,171.25,170.00,173.75,170.00,177.43,176.67,176.67,163.33,150.00,150.00,156.67,148.33,142.94,152.50,140.00,157.50,156.25,155.91
....Mountain Province,"ONION RED CREOLE (BERMUDA RED), 1 KG",87.16,87.99,84.70,78.13,75.00,81.25,82.50,95.00,107.75,108.75,113.13,100.00,91.78,96.25,95.00,88.75,77.50,79.38,83.75,90.00,85.00,86.25,83.75,85.00,88.75,86.62,94.38,91.25,82.50,81.25,70.00,66.25,76.25,71.25,71.25,71.25,78.88,77.50,77.67,78.13,76.88,65.00,77.50,74.38,77.50,81.25,82.50,88.13,92.50,98.75,111.25,83.65,127.50,115.00,111.25,107.50,107.50,110.00,140.00,131.25,150.00,140.00,152.50,118.75,125.94,122.50,127.50,122.50,97.50,97.50,107.50,100.00,120.00,123.75,122.50,108.75,137.50,115.63,135.00,132.50,112.50,122.50,118.75,116.25,112.50,117.50,118.75,125.00,117.50,120.00,120.73,112.50,110.00,115.00,116.25,112.50,102.50,97.50,105.00,108.75,113.75,120.00,141.25,112.92,186.88,175.00,125.00,118.33,120.00,122.50,127.50,127.50,136.25,152.50,182.50,198.75,147.73,185.00,161.25,150.00,138.75,136.25,135.00,142.50,135.00,158.75,146.25,166.25,175.00,152.50
....Mountain Province,"ONION WHITE (YELLOW GRANEX), 1 KG",..,..,..,..,..,..,..,..,..,..,..,..,..,..,..,..,..,..,..,..,..,..,..,..,..,..,..,..,..,..,..,..,..,..,..,..,..,..,..,..,..,..,..,..,..,..,..,..,..,..,..,..,..,..,..,..,..,..,..,..,..,..,..,..,..,..,..,..,..,..,..,..,..,..,..,..,..,..,..,..,..,..,..,..,..,..,..,..,..,..,..,..,..,..,..,..,..,..,..,..,..,..,..,..,..,..,..,..,..,..,..,..,..,..,..,..,..,..,..,..,..,..,..,..,..,..,..,..,..,..
....Mountain Province,"GINGER, 1 KG",60.45,62.11,71.22,66.25,57.50,60.00,60.00,75.00,73.75,71.25,73.75,70.00,66.77,71.25,66.88,59.38,61.88,56.88,56.88,68.13,65.00,69.38,66.88,69.38,66.88,64.90,69.38,69.13,64.38,75.00,80.63,86.88,95.63,137.50,140.00,135.00,133.75,120.00,100.61,127.50,122.50,115.00,129.38,146.25,161.25,166.25,140.00,162.50,145.63,146.88,147.50,142.55,152.50,147.50,148.75,135.00,145.00,154.38,155.00,146.25,148.75,157.50,151.25,113.75,146.30,147.50,146.25,126.25,123.75,125.00,132.50,126.25,107.50,101.25,101.25,97.50,103.75,119.90,78.75,77.50,90.00,95.00,108.75,96.88,101.88,93.13,94.38,93.13,93.13,86.88,92.45,83.13,83.13,83.13,80.63,80.63,94.38,94.38,110.00,120.00,126.25,121.25,127.50,100.37,118.75,117.50,108.75,120.00,167.50,205.00,180.00,180.00,200.00,202.50,200.00,185.00,165.42,176.25,165.00,151.25,152.50,147.50,157.50,153.75,158.75,176.25,163.75,173.75,178.75,162.92
....Mountain Province,"GARLIC, IMPORTED, 1 KG",..,..,..,..,..,..,..,..,..,..,..,..,..,..,..,..,..,..,..,..,..,..,..,..,..,..,..,..,..,..,..,..,..,..,..,..,..,..,..,..,..,..,..,..,..,..,..,..,..,..,..,..,..,..,..,..,..,..,..,..,..,..,..,..,..,..,..,..,..,..,..,..,..,..,..,..,..,..,..,..,..,..,..,..,..,..,..,..,..,..,..,..,..,..,..,..,..,..,..,..,..,..,..,..,..,..,..,..,..,..,..,..,..,..,..,..,..,..,..,..,..,..,..,..,..,..,..,..,..,..
..REGION I (ILOCOS REGION),"GARLIC, NATIVE, 1 KG",138.48,117.15,117.50,126.67,124.31,122.92,123.33,125.42,123.75,117.64,119.72,117.64,122.88,117.22,115.28,117.22,113.61,121.11,127.36,130.83,129.44,136.67,161.11,164.58,176.81,134.27,184.72,183.61,175.83,186.53,199.44,230.69,249.44,241.25,264.31,280.83,298.61,315.56,234.24,347.47,290.56,205.00,176.67,156.94,150.14,145.97,137.64,152.92,143.61,131.11,132.64,180.89,125.00,118.75,120.00,137.64,153.61,174.58,174.17,165.14,177.00,177.78,193.33,198.75,159.65,195.56,212.92,207.36,192.92,190.28,190.97,184.17,186.81,188.19,195.28,200.83,199.17,195.37,220.28,218.19,197.08,183.47,174.58,175.70,163.89,163.47,167.22,168.47,166.53,173.06,181.00,173.06,161.39,158.75,152.22,151.39,155.00,153.75,157.08,162.92,160.83,167.50,193.54,162.29,205.83,205.42,197.50,199.44,196.46,193.13,190.83,201.25,204.58,204.58,204.17,194.58,199.81,195.42,203.75,204.58,195.00,195.83,192.50,175.00,182.45,181.22,160.07,170.01,173.73,185.80
..REGION I (ILOCOS REGION),"ONION RED CREOLE (BERMUDA RED), 1 KG",77.67,69.45,56.73,57.66,56.15,57.50,61.72,65.47,68.91,75.99,78.39,75.94,66.80,76.77,69.85,64.27,58.08,59.07,65.89,66.36,65.11,68.13,68.28,70.21,78.91,67.58,81.25,76.36,62.45,59.33,59.43,54.33,55.68,59.54,59.90,60.52,60.78,57.55,62.26,59.33,56.99,48.87,47.89,49.23,52.44,51.75,59.92,60.26,70.43,77.62,83.81,59.88,90.21,85.21,72.03,69.38,71.67,87.08,88.75,92.61,101.83,102.42,100.38,94.94,88.04,83.46,84.48,71.72,65.99,62.31,63.88,63.02,67.92,76.08,77.50,81.77,83.86,73.50,106.77,88.75,74.69,70.94,70.42,77.13,90.00,98.75,105.42,106.08,97.86,93.65,90.04,82.40,77.08,71.19,66.98,63.54,64.79,74.21,79.44,76.56,74.13,79.06,100.94,75.86,178.44,128.75,88.50,85.21,90.31,91.10,89.85,96.88,122.66,150.16,161.72,161.88,120.46,141.56,113.75,102.81,102.50,98.13,103.13,105.31,107.84,114.36,129.10,134.34,154.80,117.30
..REGION I (ILOCOS REGION),"ONION WHITE (YELLOW GRANEX), 1 KG",..,..,..,..,..,..,..,..,..,..,..,..,..,..,..,..,..,..,..,..,..,..,..,..,..,..,..,..,..,..,..,..,..,..,..,..,..,..,..,..,..,..,..,..,..,..,..,..,..,..,..,..,..,..,..,..,..,..,..,..,..,..,..,..,..,..,..,..,..,..,..,..,..,..,..,..,..,..,..,..,..,..,..,..,..,..,..,..,..,..,..,..,..,..,..,..,..,..,..,..,..,..,..,..,..,..,..,..,..,..,..,..,..,..,..,..,..,..,..,..,..,..,..,..,..,..,..,..,..,..
..REGION I (ILOCOS REGION),"GINGER, 1 KG",65.87,50.67,60.80,57.43,56.46,56.46,58.00,53.35,53.35,54.91,55.40,53.07,56.31,52.58,50.26,51.81,47.16,54.91,54.91,55.89,54.34,57.44,62.36,65.12,54.60,55.12,57.71,57.71,58.83,63.34,69.24,73.33,98.84,128.06,140.77,146.61,142.67,140.38,98.12,132.63,132.21,122.25,142.67,153.09,162.67,166.42,175.79,155.97,151.50,161.25,159.25,151.31,124.42,111.67,105.83,105.83,100.00,99.17,102.75,104.83,104.08,102.92,100.42,101.79,105.31,90.96,90.17,85.46,76.29,68.17,64.42,66.92,66.09,67.75,69.84,71.92,71.92,74.16,73.08,72.50,73.33,72.50,73.75,79.33,76.67,76.67,77.08,77.08,77.08,77.08,75.51,77.08,73.75,70.83,70.83,74.58,73.75,73.75,84.58,84.58,100.42,100.42,102.50,82.26,110.83,110.42,102.08,169.31,169.38,169.58,168.75,156.67,160.00,170.00,175.00,166.25,152.36,154.79,128.75,127.08,127.08,125.83,130.42,132.29,127.28,110.13,117.47,118.07,110.30,125.79
..REGION I (ILOCOS REGION),"GARLIC, IMPORTED, 1 KG",..,..,..,..,..,..,..,..,..,..,..,..,..,..,..,..,..,..,..,..,..,..,..,..,..,..,..,..,..,..,..,..,..,..,..,..,..,..,..,..,..,..,..,..,..,..,..,..,..,..,..,..,..,..,..,..,..,..,..,..,..,..,..,..,..,..,..,..,..,..,..,..,..,..,..,..,..,..,..,..,..,..,..,..,..,..,..,..,..,..,..,..,..,..,..,..,..,..,..,..,..,..,..,..,..,..,..,..,..,..,..,..,..,..,..,..,..,..,..,..,..,..,..,..,..,..,..,..,..,..
....Ilocos Norte,"GARLIC, NATIVE, 1 KG",125.00,70.00,88.30,108.33,107.50,101.25,103.75,110.00,103.75,93.75,95.00,91.25,99.82,95.00,95.00,100.00,91.25,96.25,105.00,108.75,111.25,111.25,146.25,146.25,140.00,112.19,158.75,158.75,146.25,200.00,197.50,206.25,205.00,202.50,232.50,236.25,221.25,216.25,198.44,298.25,268.75,160.00,162.50,140.00,138.75,140.00,120.00,171.25,152.50,122.50,113.75,165.69,102.50,100.00,98.75,123.75,147.50,142.50,147.50,147.50,150.00,148.75,156.25,158.75,135.31,140.00,157.50,157.50,153.75,151.25,151.25,153.75,162.50,165.00,178.75,176.25,176.25,160.31,185.00,187.50,171.25,146.25,142.50,138.75,140.00,142.50,146.25,146.25,146.25,152.50,153.75,147.50,127.50,123.75,117.50,122.50,121.67,123.75,137.50,143.75,135.00,135.00,190.63,135.50,176.25,193.75,177.50,193.33,167.50,165.00,165.00,167.50,167.50,161.25,171.25,162.50,172.36,163.75,157.50,153.75,153.75,150.00,140.00,142.50,142.50,148.81,141.24,133.67,134.93,146.87
....Ilocos Norte,"ONION RED CREOLE (BERMUDA RED), 1 KG",75.00,66.00,60.00,73.33,72.50,67.50,70.63,75.00,77.50,73.75,80.00,77.50,72.39,76.25,70.00,70.00,56.25,62.50,63.75,66.25,63.75,65.00,66.25,63.75,73.75,66.46,73.75,73.75,71.25,70.00,65.00,62.50,62.50,65.00,65.00,64.38,64.38,64.38,66.82,68.13,67.50,65.00,61.25,60.00,60.00,61.25,62.50,70.00,78.13,82.50,97.50,69.48,93.75,87.50,70.00,72.50,77.50,90.00,90.00,103.75,102.50,106.25,107.50,95.00,91.35,65.00,78.75,71.25,62.50,56.25,65.00,62.50,70.00,68.75,65.00,71.25,71.25,67.29,111.25,82.50,72.50,66.25,63.75,68.75,88.75,100.00,106.25,112.50,115.00,100.00,90.63,82.50,72.50,66.25,65.00,65.00,63.33,65.63,76.25,80.00,70.00,70.00,80.00,71.37,142.50,110.00,86.25,88.33,85.00,83.13,83.13,77.50,105.00,112.50,100.63,133.75,100.64,111.25,113.75,103.75,103.75,107.50,106.25,112.50,112.50,120.44,148.24,144.26,156.18,120.03
....Ilocos Norte,"ONION WHITE (YELLOW GRANEX), 1 KG",..,..,..,..,..,..,..,..,..,..,..,..,..,..,..,..,..,..,..,..,..,..,..,..,..,..,..,..,..,..,..,..,..,..,..,..,..,..,..,..,..,..,..,..,..,..,..,..,..,..,..,..,..,..,..,..,..,..,..,..,..,..,..,..,..,..,..,..,..,..,..,..,..,..,..,..,..,..,..,..,..,..,..,..,..,..,..,..,..,..,..,..,..,..,..,..,..,..,..,..,..,..,..,..,..,..,..,..,..,..,..,..,..,..,..,..,..,..,..,..,..,..,..,..,..,..,..,..,..,..
....Ilocos Norte,"GINGER, 1 KG",65.00,50.00,60.00,56.67,53.75,53.75,55.00,51.25,51.25,52.50,53.13,51.25,54.46,50.63,48.75,50.00,46.25,52.50,52.50,53.75,52.50,55.00,61.25,61.88,55.00,53.33,57.50,57.50,57.50,62.50,70.00,73.75,92.50,120.63,151.25,153.75,147.50,160.63,100.42,150.00,151.25,141.25,144.38,159.38,168.13,180.63,200.00,204.50,200.00,200.75,200.75,175.09,137.50,111.25,111.25,105.00,101.25,93.75,110.00,116.25,107.50,110.00,107.50,95.00,108.85,67.50,82.50,77.50,72.50,68.75,65.00,67.50,67.50,72.50,76.25,76.25,76.25,72.50,76.25,70.00,68.75,68.75,66.25,77.50,70.00,70.00,71.25,71.25,71.25,71.25,71.04,71.25,71.25,65.00,65.00,76.25,76.25,76.25,106.25,106.25,123.75,123.75,123.75,90.42,122.50,118.75,110.00,211.67,199.38,182.50,192.50,166.25,168.75,178.75,171.25,187.50,167.48,155.63,130.00,122.50,116.25,122.50,131.25,133.13,130.59,114.11,111.58,119.18,105.24,124.33
....Ilocos Norte,"GARLIC, IMPORTED, 1 KG",..,..,..,..,..,..,..,..,..,..,..,..,..,..,..,..,..,..,..,..,..,..,..,..,..,..,..,..,..,..,..,..,..,..,..,..,..,..,..,..,..,..,..,..,..,..,..,..,..,..,..,..,..,..,..,..,..,..,..,..,..,..,..,..,..,..,..,..,..,..,..,..,..,..,..,..,..,..,..,..,..,..,..,..,..,..,..,..,..,..,..,..,..,..,..,..,..,..,..,..,..,..,..,..,..,..,..,..,..,..,..,..,..,..,..,..,..,..,..,..,..,..,..,..,..,..,..,..,..,..
....Ilocos Sur,"GARLIC, NATIVE, 1 KG",140.43,133.12,123.38,125.00,126.25,127.50,126.25,126.25,127.50,117.50,120.00,120.00,126.10,120.00,115.00,115.00,118.75,131.25,141.25,143.75,143.75,161.25,201.25,197.50,206.25,149.58,198.75,188.75,173.75,158.75,175.00,227.50,250.00,246.25,288.75,318.75,376.25,378.75,248.44,385.00,281.25,237.50,177.50,142.50,135.00,126.25,121.25,117.50,115.00,112.50,115.00,172.19,117.50,111.25,116.25,137.50,170.00,206.25,195.00,196.25,196.00,186.25,213.75,237.50,173.63,250.00,256.25,231.25,205.00,206.25,210.00,193.75,196.25,193.75,198.75,216.25,216.25,214.48,237.50,228.75,205.00,202.50,191.25,186.67,150.00,171.25,173.75,180.00,175.00,185.00,190.56,190.00,175.00,165.00,162.50,160.00,160.00,152.50,155.00,152.50,150.00,152.50,175.00,162.50,191.25,197.50,206.25,205.00,227.50,222.50,200.00,210.00,215.00,215.00,215.00,206.25,209.27,207.50,203.75,220.00,192.50,187.50,216.25,191.25,214.85,214.85,158.96,176.35,188.77,197.71
....Ilocos Sur,"ONION RED CREOLE (BERMUDA RED), 1 KG",74.34,66.51,48.52,48.13,35.00,31.25,35.00,38.75,38.75,40.00,47.50,49.38,46.09,58.13,47.50,38.13,43.75,45.63,55.63,56.25,55.63,63.13,61.88,66.25,78.75,55.89,78.75,68.13,51.25,45.00,45.63,44.38,48.13,53.75,57.50,60.00,56.25,58.75,55.63,57.50,53.75,35.63,36.88,40.00,43.75,36.25,56.25,54.38,68.75,80.00,78.75,53.49,81.25,80.00,71.25,62.50,68.75,82.50,86.25,95.00,93.75,95.00,88.75,85.00,82.50,81.25,78.75,66.88,60.63,61.25,66.25,65.00,66.25,95.00,86.25,85.00,85.00,74.79,81.25,73.75,73.75,72.50,71.25,75.00,90.00,102.50,108.75,108.75,105.00,103.75,88.85,91.25,82.50,82.50,82.50,82.50,82.50,96.63,87.50,82.50,75.00,75.00,88.75,84.09,180.00,160.00,111.25,86.67,91.25,88.75,86.25,91.25,114.38,151.88,171.25,165.00,124.83,131.25,117.50,108.75,108.75,102.50,107.50,105.00,110.00,122.50,135.00,133.75,166.25,120.73
....Ilocos Sur,"ONION WHITE (YELLOW GRANEX), 1 KG",..,..,..,..,..,..,..,..,..,..,..,..,..,..,..,..,..,..,..,..,..,..,..,..,..,..,..,..,..,..,..,..,..,..,..,..,..,..,..,..,..,..,..,..,..,..,..,..,..,..,..,..,..,..,..,..,..,..,..,..,..,..,..,..,..,..,..,..,..,..,..,..,..,..,..,..,..,..,..,..,..,..,..,..,..,..,..,..,..,..,..,..,..,..,..,..,..,..,..,..,..,..,..,..,..,..,..,..,..,..,..,..,..,..,..,..,..,..,..,..,..,..,..,..,..,..,..,..,..,..
....Ilocos Sur,"GINGER, 1 KG",..,..,..,..,..,..,..,..,..,..,..,..,..,..,..,..,..,..,..,..,..,..,..,..,..,..,..,..,..,..,..,..,..,..,..,..,..,..,..,..,..,..,..,..,..,..,..,..,..,..,..,..,..,..,..,..,..,..,..,..,..,..,..,..,..,..,..,..,..,..,..,..,..,..,..,..,..,..,..,..,..,..,..,..,..,..,..,..,..,..,..,..,..,..,..,..,..,..,..,..,..,..,..,..,..,..,..,..,..,..,..,..,..,..,..,..,..,..,..,..,..,..,..,..,..,..,..,..,..,..
....Ilocos Sur,"GARLIC, IMPORTED, 1 KG",..,..,..,..,..,..,..,..,..,..,..,..,..,..,..,..,..,..,..,..,..,..,..,..,..,..,..,..,..,..,..,..,..,..,..,..,..,..,..,..,..,..,..,..,..,..,..,..,..,..,..,..,..,..,..,..,..,..,..,..,..,..,..,..,..,..,..,..,..,..,..,..,..,..,..,..,..,..,..,..,..,..,..,..,..,..,..,..,..,..,..,..,..,..,..,..,..,..,..,..,..,..,..,..,..,..,..,..,..,..,..,..,..,..,..,..,..,..,..,..,..,..,..,..,..,..,..,..,..,..
....La Union,"GARLIC, NATIVE, 1 KG",150.00,148.33,140.83,146.67,139.17,140.00,140.00,140.00,140.00,141.67,144.17,141.67,142.71,136.67,135.83,136.67,130.83,135.83,135.83,140.00,133.33,137.50,135.83,150.00,184.17,141.04,196.67,203.33,207.50,200.83,225.83,258.33,293.33,275.00,271.67,287.50,298.33,351.67,255.83,359.17,321.67,217.50,190.00,188.33,176.67,171.67,171.67,170.00,163.33,158.33,169.17,204.79,155.00,145.00,145.00,151.67,143.33,175.00,180.00,151.67,185.00,198.33,210.00,200.00,170.00,196.67,225.00,233.33,220.00,213.33,211.67,205.00,201.67,205.83,208.33,210.00,205.00,211.32,238.33,238.33,215.00,201.67,190.00,201.67,201.67,176.67,181.67,179.17,178.33,181.67,198.68,181.67,181.67,187.50,176.67,171.67,183.33,185.00,178.75,192.50,197.50,215.00,215.00,188.86,250.00,225.00,208.75,200.00,194.38,191.88,207.50,226.25,231.25,237.50,226.25,215.00,217.81,215.00,250.00,240.00,238.75,250.00,221.25,191.25,190.00,180.00,180.00,200.00,197.50,212.81
....La Union,"ONION RED CREOLE (BERMUDA RED), 1 KG",83.33,75.00,55.83,49.17,53.33,67.50,75.00,80.00,92.50,100.83,99.17,90.00,76.81,85.83,80.00,69.58,55.42,57.50,69.17,69.17,66.67,70.00,70.00,73.33,80.00,70.56,85.00,81.67,71.67,54.17,43.33,51.67,58.33,56.67,58.33,59.58,63.75,50.83,61.25,56.67,52.08,45.83,42.92,44.17,52.92,57.50,62.92,60.00,75.00,80.00,90.00,60.00,103.33,93.33,70.00,75.00,71.67,88.33,90.00,77.92,97.33,94.67,88.00,92.50,86.84,83.33,74.17,67.50,63.33,65.50,64.25,65.83,71.67,68.08,80.00,83.33,91.67,73.22,108.33,87.50,72.50,75.00,71.67,82.25,95.00,100.00,106.67,98.08,82.67,83.33,88.58,83.33,80.83,63.50,54.17,51.67,60.83,68.33,77.75,76.25,82.75,98.75,105.00,75.26,201.25,125.00,79.00,82.50,95.00,101.25,101.25,125.00,156.25,168.75,182.50,148.75,130.54,148.75,121.25,98.75,105.00,88.75,103.75,111.25,113.75,118.75,125.00,135.00,158.75,119.06
....La Union,"ONION WHITE (YELLOW GRANEX), 1 KG",..,..,..,..,..,..,..,..,..,..,..,..,..,..,..,..,..,..,..,..,..,..,..,..,..,..,..,..,..,..,..,..,..,..,..,..,..,..,..,..,..,..,..,..,..,..,..,..,..,..,..,..,..,..,..,..,..,..,..,..,..,..,..,..,..,..,..,..,..,..,..,..,..,..,..,..,..,..,..,..,..,..,..,..,..,..,..,..,..,..,..,..,..,..,..,..,..,..,..,..,..,..,..,..,..,..,..,..,..,..,..,..,..,..,..,..,..,..,..,..,..,..,..,..,..,..,..,..,..,..
....La Union,"GINGER, 1 KG",59.75,45.97,55.15,52.10,52.10,52.10,53.62,49.02,49.02,50.56,50.94,48.65,51.58,48.26,45.97,47.50,42.90,50.56,50.56,51.32,49.79,52.85,56.69,60.14,49.02,50.46,52.09,52.09,53.61,57.45,62.05,65.89,91.93,118.75,132.50,147.50,147.50,132.50,92.82,127.50,125.00,120.00,143.75,160.00,180.00,178.75,172.50,153.75,141.25,150.00,158.75,150.94,123.75,116.25,106.25,122.50,108.75,113.75,113.75,113.75,116.25,106.25,101.25,111.88,112.87,106.88,96.25,101.25,83.75,63.13,55.63,61.88,60.63,60.63,58.13,64.38,64.38,73.08,66.25,67.50,67.50,66.25,70.00,75.50,75.00,75.00,75.00,75.00,75.00,75.00,71.92,75.00,75.00,75.00,75.00,75.00,75.00,75.00,75.00,75.00,100.00,100.00,100.00,81.25,126.25,121.25,108.75,171.25,176.25,193.75,158.75,151.25,157.50,176.25,178.75,165.00,157.08,150.00,143.75,127.50,133.75,123.75,125.00,128.75,116.25,95.00,115.00,113.75,111.25,123.65
....La Union,"GARLIC, IMPORTED, 1 KG",..,..,..,..,..,..,..,..,..,..,..,..,..,..,..,..,..,..,..,..,..,..,..,..,..,..,..,..,..,..,..,..,..,..,..,..,..,..,..,..,..,..,..,..,..,..,..,..,..,..,..,..,..,..,..,..,..,..,..,..,..,..,..,..,..,..,..,..,..,..,..,..,..,..,..,..,..,..,..,..,..,..,..,..,..,..,..,..,..,..,..,..,..,..,..,..,..,..,..,..,..,..,..,..,..,..,..,..,..,..,..,..,..,..,..,..,..,..,..,..,..,..,..,..,..,..,..,..,..,..
....Pangasinan,"GARLIC, NATIVE, 1 KG",..,..,..,..,..,..,..,..,..,..,..,..,..,..,..,..,..,..,..,..,..,..,..,..,..,..,..,..,..,..,..,..,..,..,..,..,..,..,..,..,..,..,..,..,..,..,..,..,..,..,..,..,..,..,..,..,..,..,..,..,..,..,..,..,..,..,..,..,..,..,..,..,..,..,..,..,..,..,..,..,..,..,..,..,..,..,..,..,..,..,..,..,..,..,..,..,..,..,..,..,..,..,..,..,..,..,..,..,..,..,..,..,..,..,..,..,..,..,..,..,..,..,..,..,..,..,..,..,..,..
....Pangasinan,"ONION RED CREOLE (BERMUDA RED), 1 KG",77.99,70.28,62.57,60.00,63.75,63.75,66.25,68.13,66.88,89.38,86.88,86.88,71.90,86.88,81.88,79.38,76.88,70.63,75.00,73.75,74.38,74.38,75.00,77.50,83.13,77.40,87.50,81.88,55.63,68.13,83.75,58.75,53.75,62.75,58.75,58.13,58.75,56.25,65.34,55.00,54.63,49.00,50.50,52.75,53.08,52.01,58.00,56.67,59.85,67.98,69.00,56.54,82.50,80.00,76.88,67.50,68.75,87.50,88.75,93.75,113.75,113.75,117.25,107.25,91.47,104.25,106.25,81.25,77.50,66.25,60.00,58.75,63.75,72.50,78.75,87.50,87.50,78.69,126.25,111.25,80.00,70.00,75.00,82.50,86.25,92.50,100.00,105.00,88.75,87.50,92.08,72.50,72.50,72.50,66.25,55.00,52.50,66.25,76.25,67.50,68.75,72.50,130.00,72.71,190.00,120.00,77.50,83.33,90.00,91.25,88.75,93.75,115.00,167.50,192.50,200.00,125.80,175.00,102.50,100.00,92.50,93.75,95.00,92.50,95.12,95.73,108.17,124.33,138.00,109.38
....Pangasinan,"ONION WHITE (YELLOW GRANEX), 1 KG",..,..,..,..,..,..,..,..,..,..,..,..,..,..,..,..,..,..,..,..,..,..,..,..,..,..,..,..,..,..,..,..,..,..,..,..,..,..,..,..,..,..,..,..,..,..,..,..,..,..,..,..,..,..,..,..,..,..,..,..,..,..,..,..,..,..,..,..,..,..,..,..,..,..,..,..,..,..,..,..,..,..,..,..,..,..,..,..,..,..,..,..,..,..,..,..,..,..,..,..,..,..,..,..,..,..,..,..,..,..,..,..,..,..,..,..,..,..,..,..,..,..,..,..,..,..,..,..,..,..
....Pangasinan,"GINGER, 1 KG",72.87,56.05,67.26,63.53,63.53,63.53,65.39,59.78,59.78,61.66,62.13,59.32,62.90,58.85,56.05,57.92,52.32,61.66,61.66,62.59,60.72,64.46,69.13,73.34,59.78,61.54,63.53,63.53,65.39,70.06,75.67,80.34,112.10,144.80,138.57,138.57,133.00,128.00,101.13,120.38,120.38,105.50,139.88,139.88,139.88,139.88,154.88,109.67,113.25,133.00,118.25,127.90,112.00,107.50,100.00,90.00,90.00,90.00,84.50,84.50,88.50,92.50,92.50,98.50,94.21,98.50,91.75,77.63,72.63,72.63,72.63,71.38,70.13,70.13,75.13,75.13,75.13,76.90,76.75,80.00,83.75,82.50,85.00,85.00,85.00,85.00,85.00,85.00,85.00,85.00,83.58,85.00,75.00,72.50,72.50,72.50,70.00,70.00,72.50,72.50,77.50,77.50,83.75,75.10,83.75,91.25,87.50,125.00,132.50,132.50,155.00,152.50,153.75,155.00,175.00,146.25,132.50,158.75,112.50,131.25,131.25,131.25,135.00,135.00,135.00,121.27,125.85,121.27,114.41,129.40
....Pangasinan,"GARLIC, IMPORTED, 1 KG",..,..,..,..,..,..,..,..,..,..,..,..,..,..,..,..,..,..,..,..,..,..,..,..,..,..,..,..,..,..,..,..,..,..,..,..,..,..,..,..,..,..,..,..,..,..,..,..,..,..,..,..,..,..,..,..,..,..,..,..,..,..,..,..,..,..,..,..,..,..,..,..,..,..,..,..,..,..,..,..,..,..,..,..,..,..,..,..,..,..,..,..,..,..,..,..,..,..,..,..,..,..,..,..,..,..,..,..,..,..,..,..,..,..,..,..,..,..,..,..,..,..,..,..,..,..,..,..,..,..
..REGION II (CAGAYAN VALLEY),"GARLIC, NATIVE, 1 KG",116.81,114.65,112.48,110.32,110.32,110.32,111.04,110.09,112.90,114.34,118.12,118.12,113.29,118.12,117.04,116.68,114.78,114.78,110.59,109.87,108.56,108.56,108.56,106.66,108.82,111.92,111.44,111.80,106.33,102.01,102.01,273.03,330.71,159.79,159.17,159.17,159.17,144.38,159.92,144.38,144.38,144.38,138.75,138.75,141.25,139.38,139.38,140.00,139.38,139.38,151.25,141.72,151.25,151.25,142.50,142.00,145.00,148.75,161.25,162.50,153.13,157.50,157.50,163.13,152.98,163.13,155.00,156.88,154.38,169.38,176.88,151.25,131.25,135.63,138.75,145.00,130.63,150.68,130.63,130.63,130.63,130.63,130.63,128.13,141.25,144.47,142.50,141.25,145.18,141.43,136.45,141.43,143.93,142.68,151.61,151.61,159.11,158.04,158.04,158.66,163.22,160.54,164.65,154.46,161.97,180.63,193.13,189.38,195.00,192.95,191.70,191.70,191.70,194.20,196.07,213.40,190.99,215.27,214.65,198.57,193.57,192.32,181.70,182.50,183.81,191.01,179.23,179.88,181.19,191.14
..REGION II (CAGAYAN VALLEY),"ONION RED CREOLE (BERMUDA RED), 1 KG",68.10,64.32,56.80,53.06,58.78,64.70,67.55,70.42,78.75,78.40,77.45,74.93,67.77,72.32,68.61,69.70,62.23,64.11,62.89,65.18,64.47,66.06,65.05,69.13,75.22,67.08,78.24,75.87,68.58,60.42,59.23,56.14,66.32,62.54,63.96,64.80,66.27,65.15,65.63,67.64,63.29,60.78,57.85,54.52,59.50,63.50,67.19,68.31,75.68,88.46,95.93,68.55,96.11,91.54,82.09,82.80,79.70,85.59,88.60,103.99,107.52,103.59,96.71,89.73,92.33,92.10,86.57,80.66,74.38,69.04,72.37,68.72,72.67,77.50,79.80,84.79,102.25,80.07,102.77,90.99,84.93,80.17,84.28,89.40,94.11,99.72,108.83,100.39,95.47,91.28,93.53,92.21,88.18,75.42,64.84,67.23,68.42,75.07,76.50,77.63,85.50,96.00,141.25,84.02,159.83,126.92,97.33,88.00,95.29,100.25,100.33,105.00,125.25,164.92,179.08,167.50,125.81,146.00,116.13,116.00,110.30,106.75,114.20,114.75,115.46,124.83,130.11,137.22,164.36,124.68
..REGION II (CAGAYAN VALLEY),"ONION WHITE (YELLOW GRANEX), 1 KG",76.44,80.63,74.30,69.39,58.97,60.75,57.60,60.92,71.63,77.07,74.40,75.44,69.80,71.32,65.82,68.72,63.89,64.87,59.29,58.48,60.14,64.76,64.76,67.62,72.50,65.18,79.20,78.79,63.02,56.10,55.68,45.15,44.74,64.17,72.92,63.19,64.46,58.08,62.13,57.23,52.54,45.63,41.80,41.57,48.97,54.28,58.24,63.42,64.94,74.97,69.69,56.11,72.66,68.48,56.83,52.38,68.12,77.40,77.44,83.95,78.91,77.26,74.72,64.13,71.02,62.46,66.46,58.67,51.71,52.02,51.31,55.14,56.50,60.93,73.24,79.96,72.42,61.74,69.88,70.94,48.68,50.37,53.70,62.09,62.27,74.72,89.23,81.86,69.36,65.38,66.54,63.23,73.81,48.93,40.50,47.02,48.29,50.81,51.88,63.44,77.50,73.13,75.63,59.51,94.38,89.38,58.13,62.50,67.50,70.94,73.13,74.07,84.38,108.75,110.00,101.88,82.92,101.88,86.88,77.50,72.63,72.82,78.13,72.50,74.38,75.25,77.91,81.04,81.74,79.39
..REGION II (CAGAYAN VALLEY),"GINGER, 1 KG",54.39,54.22,53.02,46.39,47.99,48.49,46.48,46.72,49.64,46.50,46.06,46.82,48.89,46.30,47.22,45.97,45.97,48.25,50.08,50.85,50.99,55.70,58.75,65.13,65.36,52.55,64.95,60.77,58.21,62.36,63.82,87.86,105.40,110.59,137.58,140.23,137.82,135.03,97.05,141.51,125.63,109.43,118.91,141.93,177.27,179.10,167.76,163.73,154.35,158.05,139.98,148.14,133.88,122.34,117.25,111.80,117.05,123.45,121.38,113.29,108.06,111.63,112.67,106.85,116.64,106.07,101.89,93.79,90.23,88.27,87.09,82.94,83.68,81.05,87.12,89.97,89.01,90.09,86.21,83.97,75.54,72.06,71.25,76.43,78.05,80.49,80.91,80.50,83.98,82.58,79.33,83.86,79.72,74.27,76.71,90.14,100.39,98.97,104.25,103.50,113.00,119.00,119.23,96.92,113.20,102.35,100.88,149.25,161.75,172.25,151.50,156.75,170.25,174.75,165.00,166.00,148.66,165.00,148.75,135.00,133.25,140.00,144.25,145.25,141.53,132.65,123.57,119.82,118.82,137.32
..REGION II (CAGAYAN VALLEY),"GARLIC, IMPORTED, 1 KG",89.94,86.23,90.08,79.22,79.09,80.60,83.90,84.20,84.53,86.06,88.77,90.28,85.24,90.14,88.42,87.87,88.20,90.94,84.86,80.60,77.29,80.86,81.96,85.26,85.55,85.16,86.80,86.94,87.47,88.81,95.96,197.66,270.26,159.79,130.26,120.63,112.43,107.15,128.68,100.76,101.91,91.09,88.45,92.06,99.82,102.85,99.40,100.09,98.42,104.25,99.25,98.20,102.56,106.97,117.35,128.87,138.82,152.91,151.46,149.94,135.80,147.15,145.73,151.41,135.75,153.53,148.65,153.78,156.15,178.86,189.11,147.93,123.30,122.32,109.60,103.96,102.99,140.85,104.36,100.51,93.72,90.33,93.31,94.07,90.23,88.57,89.01,84.99,87.07,85.69,91.82,83.75,84.30,81.52,97.73,100.76,130.93,125.81,118.33,117.08,112.08,106.25,115.83,106.20,117.50,165.00,160.42,156.81,153.75,122.50,105.42,98.75,103.33,99.17,99.58,105.83,124.01,102.92,105.00,106.25,106.25,102.08,98.33,99.58,105.26,109.27,109.25,105.75,107.05,104.75
....Cagayan,"GARLIC, NATIVE, 1 KG",..,..,..,..,..,..,..,..,..,..,..,..,..,..,..,..,..,..,..,..,..,..,..,..,..,..,..,..,..,..,..,..,..,..,..,..,..,..,..,..,..,..,..,..,..,..,..,..,..,..,..,..,..,..,..,..,..,..,..,..,..,..,..,..,..,..,..,..,..,..,..,..,..,..,..,..,..,..,..,..,..,..,..,..,..,..,..,..,..,..,..,..,..,..,..,..,..,..,..,..,..,..,..,..,..,..,..,..,..,..,..,..,..,..,..,..,..,..,..,..,..,..,..,..,..,..,..,..,..,..
....Cagayan,"ONION RED CREOLE (BERMUDA RED), 1 KG",70.84,72.48,61.36,53.13,56.25,61.50,62.01,65.63,83.75,85.63,80.00,80.00,69.38,75.00,75.00,78.75,66.25,68.75,60.00,58.75,60.63,61.88,61.88,68.13,80.63,67.97,83.13,81.88,65.00,50.00,50.00,47.50,46.69,50.00,50.00,50.00,53.13,53.75,56.76,60.63,48.75,41.25,36.25,36.25,44.38,52.50,52.50,56.88,65.63,82.50,82.50,55.00,73.75,66.25,60.00,66.25,77.50,82.50,76.25,98.75,106.25,90.00,92.50,86.88,81.41,85.00,72.50,78.75,75.00,62.50,58.13,60.00,59.21,71.25,71.25,73.75,102.50,72.49,102.50,88.75,82.50,72.50,77.50,77.50,81.25,93.75,101.25,98.75,76.25,81.25,86.15,80.00,80.00,58.75,52.50,53.75,54.38,58.75,57.50,60.63,66.25,73.75,130.00,68.86,136.25,112.50,80.00,80.00,82.50,90.00,92.50,93.75,117.50,158.75,152.50,152.50,112.40,141.25,90.00,92.50,94.00,90.00,95.00,92.50,94.93,101.02,103.45,115.63,155.19,105.46
....Cagayan,"ONION WHITE (YELLOW GRANEX), 1 KG",69.90,71.52,60.54,52.42,54.45,58.84,59.32,62.58,76.39,79.65,75.99,76.39,66.50,71.52,71.52,73.95,62.58,66.24,59.32,57.71,59.32,60.95,60.95,65.82,75.58,65.46,78.83,78.01,63.38,50.39,50.39,47.95,47.13,48.75,66.25,66.25,66.25,56.88,60.04,56.88,47.50,38.75,41.25,42.50,43.75,49.29,52.14,62.50,58.75,61.88,60.63,51.32,72.50,66.25,54.38,54.38,71.88,76.88,71.88,78.13,73.13,68.13,68.13,68.13,68.65,65.63,68.13,63.13,59.38,60.00,56.88,57.50,56.25,57.50,66.88,74.38,64.38,62.50,64.38,63.13,53.75,53.75,48.13,58.13,61.88,80.00,91.25,87.50,62.50,56.25,65.05,61.25,61.25,48.75,45.00,50.00,50.00,52.50,51.25,65.63,86.25,73.75,66.25,59.32,72.50,72.50,61.25,65.00,70.00,73.13,71.25,69.38,80.00,93.75,87.50,85.00,75.11,85.00,78.75,77.50,74.00,70.63,72.50,65.00,65.00,69.24,72.07,72.07,73.49,72.94
....Cagayan,"GINGER, 1 KG",37.42,39.46,43.93,34.98,35.39,39.37,39.37,37.91,37.91,38.08,37.10,38.24,38.26,38.24,38.24,38.24,38.24,48.00,49.62,48.40,50.84,58.57,65.08,73.21,74.84,51.79,76.46,78.09,78.09,91.10,91.10,129.33,131.77,143.97,156.17,145.60,124.86,125.26,114.32,135.02,115.50,92.73,128.53,139.10,170.83,172.46,155.38,151.31,145.62,104.13,92.74,133.61,104.94,95.99,93.55,85.42,91.11,87.86,94.37,95.99,92.74,95.99,97.62,89.49,93.76,85.42,77.29,74.85,73.22,65.09,58.58,55.33,60.21,56.95,68.34,74.52,71.27,68.42,71.59,68.34,61.02,52.07,52.07,62.65,61.02,62.65,65.09,66.71,74.85,69.97,64.00,74.85,75.66,67.53,68.75,89.89,95.18,99.25,102.50,103.75,118.75,135.00,130.00,96.76,125.00,110.00,96.25,146.25,162.50,190.00,163.75,162.50,171.25,170.00,152.50,157.50,150.63,157.50,141.25,130.00,128.75,137.50,133.75,138.75,143.75,124.38,105.00,93.75,96.25,127.55
....Cagayan,"GARLIC, IMPORTED, 1 KG",82.50,76.31,92.81,65.17,64.76,69.29,76.71,78.86,75.47,75.05,75.05,79.59,75.96,79.17,77.76,77.35,78.34,86.58,78.34,66.79,59.37,70.09,73.39,83.28,79.15,75.80,79.15,78.33,84.92,98.94,120.38,187.99,278.28,136.87,122.03,95.65,97.29,98.94,123.23,97.29,88.23,85.76,84.11,84.93,90.71,97.30,91.95,94.01,94.01,94.01,94.01,91.36,101.43,112.15,122.05,125.36,140.20,159.99,139.37,136.07,128.65,140.20,148.44,151.74,133.80,141.84,148.44,150.09,148.44,166.58,174.83,155.04,128.65,131.95,113.81,100.62,98.97,138.27,105.57,94.02,87.42,84.12,84.94,86.59,93.19,90.72,85.77,82.46,82.46,80.82,88.17,77.51,79.16,80.81,90.70,97.29,127.80,123.67,116.25,115.00,108.75,101.25,107.50,102.14,115.00,161.25,147.50,146.25,145.00,122.50,108.75,98.75,97.50,96.25,96.25,100.00,119.58,100.00,100.00,100.00,100.00,101.25,96.25,98.75,107.50,111.25,108.75,103.75,108.00,102.96
....Isabela,"GARLIC, NATIVE, 1 KG",157.19,157.19,157.19,157.19,157.19,157.19,157.19,154.57,159.82,159.82,159.82,159.82,157.85,159.82,159.82,159.82,154.57,154.57,151.96,151.96,149.34,149.34,149.34,144.10,144.10,152.40,149.34,149.34,136.24,136.24,136.24,448.00,448.00,191.25,190.00,190.00,190.00,190.00,212.89,190.00,190.00,190.00,175.00,175.00,175.00,175.00,175.00,175.00,175.00,175.00,175.00,178.75,175.00,175.00,157.50,156.50,170.00,157.50,175.00,175.00,153.75,162.50,162.50,173.75,166.17,173.75,157.50,172.50,165.00,195.00,210.00,158.75,131.25,161.25,161.25,173.75,173.75,169.48,173.75,173.75,173.75,173.75,173.75,173.75,171.25,177.50,177.50,180.00,182.86,182.86,176.21,182.86,182.86,182.86,185.71,185.71,185.71,188.57,188.57,188.57,191.43,188.57,194.29,187.14,191.43,200.00,200.00,200.00,200.00,207.14,207.14,207.14,207.14,207.14,207.14,214.29,204.05,214.29,214.29,207.14,207.14,207.14,207.14,200.00,200.00,200.00,200.00,200.00,200.00,204.76
....Isabela,"ONION RED CREOLE (BERMUDA RED), 1 KG",57.93,59.68,55.65,49.69,49.05,65.39,72.07,77.50,97.50,82.50,85.00,85.00,69.75,85.00,72.50,67.50,56.25,58.13,60.00,76.25,73.75,73.75,73.75,73.75,76.25,70.57,76.25,76.25,75.00,75.00,75.00,47.50,47.50,48.75,53.75,53.75,53.75,56.25,61.56,65.63,61.25,61.25,61.25,41.25,51.25,56.88,61.88,61.88,61.88,76.88,80.00,61.77,81.25,76.88,71.25,69.38,81.88,91.25,92.50,107.50,107.50,107.50,92.50,82.50,88.49,81.25,88.75,65.00,57.50,57.50,57.50,67.50,70.00,75.00,80.00,82.50,117.50,75.00,110.00,97.50,85.00,76.25,82.50,91.88,100.00,93.75,105.00,92.50,91.25,86.25,92.66,92.50,76.25,72.50,56.25,48.75,62.50,71.25,63.75,73.75,85.00,97.50,152.50,79.38,151.25,126.25,85.00,77.50,85.63,100.00,97.50,100.00,121.25,160.00,175.00,167.50,120.57,107.50,87.50,101.25,95.00,86.25,100.00,103.75,94.92,102.10,109.82,116.99,145.69,104.23
....Isabela,"ONION WHITE (YELLOW GRANEX), 1 KG",..,..,..,..,..,..,..,..,..,..,..,..,..,..,..,..,..,..,..,..,..,..,..,..,..,..,..,..,..,..,..,..,..,..,..,..,..,..,..,..,..,..,..,..,..,..,..,..,..,..,..,..,..,..,..,..,..,..,..,..,..,..,..,..,..,..,..,..,..,..,..,..,..,..,..,..,..,..,..,..,..,..,..,..,..,..,..,..,..,..,..,..,..,..,..,..,..,..,..,..,..,..,..,..,..,..,..,..,..,..,..,..,..,..,..,..,..,..,..,..,..,..,..,..,..,..,..,..,..,..
....Isabela,"GINGER, 1 KG",64.51,65.72,62.16,48.31,48.35,47.64,46.54,44.41,65.73,53.29,53.29,53.29,54.44,53.29,53.29,53.29,53.29,53.29,53.29,53.29,53.29,53.29,53.29,53.29,53.29,53.29,54.17,55.07,42.63,42.63,42.63,42.63,127.88,127.88,213.13,213.13,191.82,170.51,110.34,170.51,127.88,85.25,85.25,127.87,213.12,213.12,213.12,213.12,159.84,159.84,129.65,158.21,110.11,101.23,99.45,94.12,118.10,126.81,121.48,99.45,81.70,83.47,99.45,81.70,101.42,81.70,80.80,64.82,71.93,65.72,58.61,55.06,50.62,45.29,62.16,71.05,72.82,65.05,74.60,65.72,65.72,66.60,60.39,69.27,79.93,87.04,87.04,79.93,81.71,71.05,74.08,74.60,69.27,67.49,72.82,94.14,95.92,106.58,101.25,101.25,107.50,130.00,126.13,95.58,117.25,100.00,105.00,155.00,190.00,190.00,146.25,170.00,187.50,172.50,146.25,157.50,153.10,157.50,126.25,122.50,122.50,125.00,131.25,120.00,112.50,107.50,105.00,105.00,105.00,120.00
....Isabela,"GARLIC, IMPORTED, 1 KG",100.00,100.00,100.00,100.00,100.00,100.00,100.00,97.50,101.25,101.25,101.25,101.25,100.21,101.25,101.25,101.25,98.75,98.75,96.25,96.25,93.75,93.75,93.75,91.25,91.25,96.46,95.00,95.00,86.25,86.25,86.25,285.00,285.00,122.50,122.50,122.50,100.00,100.00,132.19,100.00,100.00,80.00,80.00,80.00,100.00,100.00,100.00,100.00,100.00,100.00,98.75,94.90,103.75,105.00,118.75,135.00,138.75,152.50,155.00,156.25,151.25,152.50,158.75,166.25,141.15,165.00,157.50,168.75,171.25,197.50,207.50,155.00,131.25,133.75,115.00,110.00,110.00,151.88,110.00,105.00,101.25,98.75,101.25,102.50,96.25,95.00,95.00,87.50,93.75,88.75,97.92,91.25,88.75,83.75,107.50,110.00,147.50,141.25,130.00,127.50,117.50,112.50,127.50,115.42,127.50,192.50,166.25,166.67,167.50,127.50,97.50,98.75,105.00,103.75,107.50,115.00,131.29,105.00,107.50,115.00,110.00,100.00,100.00,102.50,107.38,112.26,114.70,117.14,112.26,108.65
....Nueva Vizcaya,"GARLIC, NATIVE, 1 KG",76.42,72.10,67.77,63.44,63.44,63.44,64.89,65.61,65.97,68.85,76.42,76.42,68.73,76.42,74.26,73.54,74.99,74.99,69.22,67.77,67.77,67.77,67.77,69.22,73.54,71.44,73.54,74.26,76.42,67.77,67.77,98.05,213.42,128.33,128.33,128.33,128.33,98.75,106.94,98.75,98.75,98.75,102.50,102.50,107.50,103.75,103.75,105.00,103.75,103.75,127.50,104.69,127.50,127.50,127.50,127.50,120.00,140.00,147.50,150.00,152.50,152.50,152.50,152.50,139.79,152.50,152.50,141.25,143.75,143.75,143.75,143.75,131.25,110.00,116.25,116.25,87.50,131.88,87.50,87.50,87.50,87.50,87.50,82.50,111.25,111.43,107.50,102.50,107.50,100.00,96.68,100.00,105.00,102.50,117.50,117.50,132.50,127.50,127.50,128.75,135.00,132.50,135.00,121.77,132.50,161.25,186.25,178.75,190.00,178.75,176.25,176.25,176.25,181.25,185.00,212.50,177.92,216.25,215.00,190.00,180.00,177.50,156.25,165.00,167.62,182.02,158.45,159.76,162.38,177.52
....Nueva Vizcaya,"ONION RED CREOLE (BERMUDA RED), 1 KG",34.54,32.58,30.63,28.67,28.67,28.67,29.33,29.65,29.82,31.12,34.54,34.54,31.06,34.54,33.56,33.24,33.89,33.89,31.28,30.63,30.63,30.63,30.63,31.28,33.24,32.29,33.24,33.56,34.54,30.63,30.63,44.31,96.45,63.33,59.50,59.50,59.50,53.75,49.91,53.75,53.75,53.75,48.75,48.75,52.50,58.75,63.75,65.00,70.00,70.00,97.50,61.35,97.50,97.50,97.50,97.50,65.00,72.50,87.50,100.00,100.00,100.00,100.00,90.00,92.08,90.00,80.00,63.75,58.75,58.75,58.75,53.75,53.75,55.00,60.00,65.00,65.00,63.54,65.00,65.00,60.00,60.00,60.00,76.25,86.25,96.25,103.75,82.50,85.00,81.25,76.77,75.00,75.00,46.25,39.38,46.25,43.75,51.25,57.50,56.25,71.25,90.00,132.50,65.37,178.75,136.25,72.50,76.25,81.25,86.25,85.00,86.25,93.75,112.50,146.25,150.00,108.75,123.75,108.75,96.25,81.25,87.50,95.00,95.00,97.50,102.50,106.25,112.50,135.00,103.44
....Nueva Vizcaya,"ONION WHITE (YELLOW GRANEX), 1 KG",82.97,89.74,88.05,86.35,63.49,62.65,55.87,59.25,66.87,74.49,72.80,74.49,73.09,71.11,60.11,63.49,65.19,63.49,59.25,59.25,60.95,68.57,68.57,69.41,69.41,64.90,79.57,79.57,62.65,61.80,60.96,42.34,42.34,79.59,79.59,60.12,62.66,59.27,64.21,57.58,57.58,52.50,42.34,40.64,54.18,59.26,64.34,64.34,71.12,88.06,78.74,60.89,72.82,70.70,59.27,50.38,64.35,77.91,82.99,89.76,84.68,86.38,81.30,60.13,73.39,59.28,64.79,54.20,44.04,44.04,45.74,52.77,56.74,64.36,79.60,85.53,80.45,60.96,75.37,78.75,43.61,46.99,59.26,66.04,62.66,69.43,87.21,76.21,76.21,74.51,68.02,65.20,86.37,49.11,35.99,44.03,46.57,49.11,52.50,61.25,68.75,72.50,85.00,59.70,116.25,106.25,55.00,60.00,65.00,68.75,75.00,78.75,88.75,123.75,132.50,118.75,90.73,118.75,95.00,77.50,71.25,75.00,83.75,80.00,83.75,81.25,83.75,90.00,90.00,85.83
....Nueva Vizcaya,"GINGER, 1 KG",58.85,58.85,53.66,45.00,50.00,50.00,49.38,50.00,45.00,45.00,45.00,42.50,49.44,42.50,46.25,40.00,40.00,42.50,47.50,50.00,50.00,50.00,55.00,61.25,62.50,48.96,56.25,50.00,50.00,50.00,50.00,60.00,60.00,65.00,98.75,110.00,125.00,125.00,75.00,121.25,117.50,112.50,113.75,141.25,156.25,163.75,156.25,156.25,155.63,155.63,120.00,139.17,106.25,86.25,78.75,75.00,75.00,91.25,76.25,70.00,63.13,73.75,58.75,58.13,76.04,60.00,55.00,45.00,40.63,40.00,49.38,44.38,39.38,34.38,36.88,41.25,41.25,43.96,36.25,39.75,37.50,32.50,32.50,36.25,35.63,35.63,43.13,43.13,50.63,48.13,39.25,44.38,50.63,43.75,43.75,51.25,65.00,65.00,76.25,80.00,87.50,87.50,87.50,65.21,87.50,75.50,75.63,160.00,163.75,165.00,150.00,140.00,136.25,147.50,136.25,135.00,131.03,137.50,132.50,110.00,110.00,125.00,130.00,126.25,111.40,112.63,91.59,89.12,89.12,113.76
....Nueva Vizcaya,"GARLIC, IMPORTED, 1 KG",87.32,82.38,77.44,72.50,72.50,72.50,75.00,76.25,76.88,81.88,90.00,90.00,79.55,90.00,86.25,85.00,87.50,87.50,80.00,78.75,78.75,78.75,78.75,81.25,86.25,83.23,86.25,87.50,91.25,81.25,81.25,120.00,247.50,220.00,146.25,143.75,140.00,122.50,130.63,105.00,117.50,107.50,101.25,111.25,108.75,111.25,106.25,106.25,101.25,118.75,105.00,108.33,102.50,103.75,111.25,126.25,137.50,146.25,160.00,157.50,127.50,148.75,130.00,136.25,132.29,153.75,140.00,142.50,148.75,172.50,185.00,133.75,110.00,101.25,100.00,101.25,100.00,132.40,97.50,102.50,92.50,88.13,93.75,93.13,81.25,80.00,86.25,85.00,85.00,87.50,89.38,82.50,85.00,80.00,95.00,95.00,117.50,112.50,108.75,108.75,110.00,105.00,112.50,101.04,110.00,141.25,167.50,157.50,148.75,117.50,110.00,98.75,107.50,97.50,95.00,102.50,121.15,103.75,107.50,103.75,108.75,105.00,98.75,97.50,100.90,104.30,104.30,96.37,100.90,102.65
....Quirino,"GARLIC, NATIVE, 1 KG",..,..,..,..,..,..,..,..,..,..,..,..,..,..,..,..,..,..,..,..,..,..,..,..,..,..,..,..,..,..,..,..,..,..,..,..,..,..,..,..,..,..,..,..,..,..,..,..,..,..,..,..,..,..,..,..,..,..,..,..,..,..,..,..,..,..,..,..,..,..,..,..,..,..,..,..,..,..,..,..,..,..,..,..,..,..,..,..,..,..,..,..,..,..,..,..,..,..,..,..,..,..,..,..,..,..,..,..,..,..,..,..,..,..,..,..,..,..,..,..,..,..,..,..,..,..,..,..,..,..
....Quirino,"ONION RED CREOLE (BERMUDA RED), 1 KG",95.18,65.70,48.85,46.32,72.43,84.21,94.32,94.32,97.70,102.75,97.70,87.59,82.26,78.32,70.74,66.53,54.75,59.80,65.69,65.27,62.33,69.06,64.01,77.49,90.96,68.75,103.59,95.17,80.85,58.95,50.53,51.37,50.96,60.64,66.53,70.74,74.95,72.00,69.69,68.21,58.94,53.89,49.26,51.36,60.63,60.63,69.05,69.05,85.90,117.91,124.64,72.46,133.07,119.59,84.22,83.38,76.64,84.22,89.27,116.22,126.33,122.96,101.06,91.79,102.40,86.74,74.11,78.32,63.16,58.95,77.49,62.33,74.12,80.02,80.86,95.18,116.23,78.96,126.34,94.33,85.91,80.86,90.13,90.13,91.81,103.61,112.88,104.45,101.08,92.66,97.85,96.03,85.92,78.34,62.34,67.39,58.96,71.60,77.50,72.50,80.00,93.75,166.25,84.22,201.25,116.25,102.50,83.75,93.75,95.00,100.00,115.00,158.75,185.00,185.00,127.50,130.31,127.50,107.50,113.75,106.25,95.00,100.00,103.75,107.50,122.50,135.00,141.25,182.50,120.21
....Quirino,"ONION WHITE (YELLOW GRANEX), 1 KG",..,..,..,..,..,..,..,..,..,..,..,..,..,..,..,..,..,..,..,..,..,..,..,..,..,..,..,..,..,..,..,..,..,..,..,..,..,..,..,..,..,..,..,..,..,..,..,..,..,..,..,..,..,..,..,..,..,..,..,..,..,..,..,..,..,..,..,..,..,..,..,..,..,..,..,..,..,..,..,..,..,..,..,..,..,..,..,..,..,..,..,..,..,..,..,..,..,..,..,..,..,..,..,..,..,..,..,..,..,..,..,..,..,..,..,..,..,..,..,..,..,..,..,..,..,..,..,..,..,..
....Quirino,"GINGER, 1 KG",43.66,39.57,37.86,36.14,38.72,40.44,34.59,41.30,39.58,36.14,36.14,41.30,38.79,38.72,39.58,39.58,39.58,38.72,38.72,41.30,39.58,51.63,51.63,65.39,63.68,45.68,65.39,48.19,47.84,55.58,61.61,127.33,127.33,127.33,127.33,136.80,143.69,139.38,100.65,130.78,110.13,106.68,117.00,151.42,196.15,196.15,173.78,147.97,146.26,153.14,146.26,147.98,139.37,117.00,103.24,89.48,86.03,96.35,99.80,86.03,87.75,91.19,93.77,91.19,98.43,89.48,82.59,70.54,51.62,56.78,57.64,51.19,61.95,62.38,61.95,56.79,69.70,64.38,61.10,58.52,55.94,51.63,53.78,60.23,63.68,67.12,56.79,60.23,60.23,66.26,59.63,67.97,56.79,55.07,61.96,79.18,105.85,87.78,105.00,96.25,115.00,106.25,116.25,87.78,105.00,97.50,95.00,152.50,162.50,182.50,162.50,150.00,188.75,180.00,165.00,151.25,149.38,151.25,137.50,117.50,112.50,115.00,117.50,122.50,121.25,100.00,97.50,92.50,85.00,114.17
....Quirino,"GARLIC, IMPORTED, 1 KG",..,..,..,..,..,..,..,..,..,..,..,..,..,..,..,..,..,..,..,..,..,..,..,..,..,..,..,..,..,..,..,..,..,..,..,..,..,..,..,..,..,..,..,..,..,..,..,..,..,..,..,..,..,..,..,..,..,..,..,..,..,..,..,..,..,..,..,..,..,..,..,..,..,..,..,..,..,..,..,..,..,..,..,..,..,..,..,..,..,..,..,..,..,..,..,..,..,..,..,..,..,..,..,..,..,..,..,..,..,..,..,..,..,..,..,..,..,..,..,..,..,..,..,..,..,..,..,..,..,..
....Batanes,"GARLIC, NATIVE, 1 KG",..,..,..,..,..,..,..,..,..,..,..,..,..,..,..,..,..,..,..,..,..,..,..,..,..,..,..,..,..,..,..,..,..,..,..,..,..,..,..,..,..,..,..,..,..,..,..,..,..,..,..,..,..,..,..,..,..,..,..,..,..,..,..,..,..,..,..,..,..,..,..,..,..,..,..,..,..,..,..,..,..,..,..,..,..,..,..,..,..,..,..,..,..,..,..,..,..,..,..,..,..,..,..,..,..,..,..,..,..,..,..,..,..,..,..,..,..,..,..,..,..,..,..,..,..,..,..,..,..,..
....Batanes,"ONION RED CREOLE (BERMUDA RED), 1 KG",82.03,91.14,87.50,87.50,87.50,83.75,80.00,85.00,85.00,90.00,90.00,87.50,86.41,88.75,91.25,102.50,100.00,100.00,97.50,95.00,95.00,95.00,95.00,95.00,95.00,95.83,95.00,92.50,87.50,87.50,90.00,90.00,90.00,90.00,90.00,90.00,90.00,90.00,90.21,90.00,93.75,93.75,93.75,95.00,88.75,88.75,88.75,88.75,95.00,95.00,95.00,92.19,95.00,97.50,97.50,97.50,97.50,97.50,97.50,97.50,97.50,97.50,97.50,97.50,97.29,117.50,117.50,117.50,117.50,107.50,110.00,100.00,106.25,106.25,106.88,107.50,110.00,110.37,110.00,109.38,111.25,111.25,111.25,111.25,111.25,111.25,121.25,123.75,123.75,115.00,114.22,117.50,123.75,121.25,113.75,120.00,122.50,122.50,126.25,125.00,125.00,125.00,125.00,122.29,131.67,143.33,146.67,122.50,133.33,130.00,126.67,130.00,135.00,208.33,236.67,240.00,157.01,230.00,186.88,176.25,175.00,175.00,181.00,178.75,182.45,196.01,196.01,199.71,203.41,190.04
....Batanes,"ONION WHITE (YELLOW GRANEX), 1 KG",..,..,..,..,..,..,..,..,..,..,..,..,..,..,..,..,..,..,..,..,..,..,..,..,..,..,..,..,..,..,..,..,..,..,..,..,..,..,..,..,..,..,..,..,..,..,..,..,..,..,..,..,..,..,..,..,..,..,..,..,..,..,..,..,..,..,..,..,..,..,..,..,..,..,..,..,..,..,..,..,..,..,..,..,..,..,..,..,..,..,..,..,..,..,..,..,..,..,..,..,..,..,..,..,..,..,..,..,..,..,..,..,..,..,..,..,..,..,..,..,..,..,..,..,..,..,..,..,..,..
....Batanes,"GINGER, 1 KG",67.50,67.50,67.50,67.50,67.50,65.00,62.50,60.00,60.00,60.00,58.75,58.75,63.54,58.75,58.75,58.75,58.75,58.75,61.25,61.25,61.25,65.00,68.75,72.50,72.50,63.02,72.50,72.50,72.50,72.50,73.75,80.00,80.00,88.75,92.50,95.63,103.75,115.00,84.95,150.00,157.14,150.00,150.00,150.00,150.00,150.00,140.25,150.00,164.38,217.50,211.25,161.71,208.75,211.25,211.25,215.00,215.00,215.00,215.00,215.00,215.00,213.75,213.75,213.75,213.54,213.75,213.75,213.75,213.75,213.75,211.25,208.75,206.25,206.25,206.25,206.25,190.00,208.65,187.50,187.50,157.50,157.50,157.50,153.75,150.00,150.00,152.50,152.50,152.50,157.50,159.69,157.50,146.25,137.50,136.25,136.25,140.00,136.25,136.25,136.25,136.25,136.25,136.25,139.27,131.25,128.75,132.50,132.50,130.00,133.75,135.00,161.25,167.50,203.75,225.00,228.75,159.17,221.25,206.25,195.00,192.50,197.50,208.75,218.75,218.75,218.75,218.75,218.75,218.75,211.15
....Batanes,"GARLIC, IMPORTED, 1 KG",..,..,..,..,..,..,..,..,..,..,..,..,..,..,..,..,..,..,..,..,..,..,..,..,..,..,..,..,..,..,..,..,..,..,..,..,..,..,..,..,..,..,..,..,..,..,..,..,..,..,..,..,..,..,..,..,..,..,..,..,..,..,..,..,..,..,..,..,..,..,..,..,..,..,..,..,..,..,..,..,..,..,..,..,..,..,..,..,..,..,..,..,..,..,..,..,..,..,..,..,..,..,..,..,..,..,..,..,..,..,..,..,..,..,..,..,..,..,..,..,..,..,..,..,..,..,..,..,..,..
..REGION III (CENTRAL LUZON),"GARLIC, NATIVE, 1 KG",120.38,111.94,102.85,116.58,124.70,135.02,139.17,152.50,145.63,132.70,124.30,124.00,127.48,114.58,115.97,111.62,108.60,106.57,122.20,122.22,112.00,109.76,114.34,125.25,131.12,116.19,133.91,113.94,122.33,147.14,178.37,300.01,325.09,169.25,152.25,147.63,143.00,139.79,172.73,134.59,149.88,154.25,153.50,149.75,140.00,141.00,137.00,133.75,128.00,133.50,136.13,140.95,144.17,136.25,131.25,143.50,154.00,156.75,158.75,157.25,169.58,168.60,181.03,181.25,156.87,190.00,218.70,227.80,223.00,232.50,236.13,226.38,227.45,229.58,231.55,236.55,230.23,225.82,226.73,199.50,221.98,216.58,192.58,193.05,197.00,196.50,200.45,193.98,186.73,184.33,200.78,185.85,164.28,174.63,176.40,165.56,162.63,166.09,162.27,163.23,161.63,156.50,148.57,165.64,147.64,158.66,169.57,173.77,165.36,157.38,137.88,131.50,130.63,134.38,141.07,155.29,150.26,152.50,142.93,138.47,139.21,135.42,140.46,133.29,140.57,142.97,142.15,139.23,139.97,140.60
..REGION III (CENTRAL LUZON),"ONION RED CREOLE (BERMUDA RED), 1 KG",76.25,64.26,53.91,53.34,63.81,71.70,74.52,79.47,89.66,95.82,88.41,82.79,74.50,79.55,74.27,64.95,54.68,54.16,60.54,61.98,62.63,64.52,63.90,65.95,76.66,65.32,80.04,76.73,63.79,48.07,42.18,44.38,50.41,56.29,59.47,59.75,58.97,56.68,58.06,60.15,56.16,46.36,42.70,44.14,51.20,54.02,59.43,58.09,67.77,79.86,92.54,59.37,91.24,81.97,60.45,64.25,77.50,92.16,97.14,105.18,108.93,110.27,97.86,87.86,89.57,82.50,77.59,68.96,63.18,64.38,62.84,63.48,63.29,73.38,78.48,79.73,94.55,72.70,108.57,95.48,80.54,77.05,76.16,86.79,92.23,99.91,104.11,94.38,88.75,86.16,90.84,86.70,81.70,68.04,58.75,57.23,59.20,60.09,62.77,66.52,70.63,84.82,131.20,73.97,175.36,115.54,78.66,81.85,84.02,91.21,91.91,91.88,112.32,148.75,161.96,165.63,116.59,136.96,104.91,99.20,93.09,95.71,93.48,100.98,108.60,116.91,122.92,129.69,149.05,112.63
..REGION III (CENTRAL LUZON),"ONION WHITE (YELLOW GRANEX), 1 KG",78.68,71.11,62.79,62.03,65.06,71.11,74.14,83.22,93.80,99.85,93.04,84.72,78.30,81.70,78.68,64.30,59.01,62.03,65.82,66.57,62.03,68.08,66.19,66.56,73.37,67.86,77.15,81.69,75.64,52.95,54.47,49.93,55.99,57.50,73.75,91.25,86.25,77.50,69.51,75.00,72.50,68.75,61.25,56.25,60.00,60.00,61.25,58.75,65.63,73.75,77.50,65.89,82.50,77.50,70.63,75.00,82.50,100.00,95.00,95.00,100.00,101.25,101.25,82.50,88.59,85.00,83.75,73.75,73.75,71.25,73.75,73.75,72.50,96.25,93.75,87.50,86.25,80.94,77.50,82.50,81.25,78.75,70.00,77.50,80.00,96.25,110.00,102.50,97.50,92.50,87.19,100.00,95.00,75.00,82.50,73.75,80.00,65.00,66.25,73.75,111.25,102.50,122.50,87.29,97.50,90.00,70.00,78.33,73.75,78.75,78.75,85.00,92.50,117.50,117.50,116.25,91.32,103.75,97.50,86.25,82.50,80.00,81.25,82.50,86.18,90.56,97.67,104.31,106.68,91.60
..REGION III (CENTRAL LUZON),"GINGER, 1 KG",105.79,106.63,107.48,109.60,111.48,107.10,102.73,102.94,101.17,101.35,104.29,103.35,105.33,105.85,108.35,106.17,111.88,111.57,115.32,120.94,120.00,125.63,130.00,140.00,118.75,117.87,126.25,120.63,116.25,135.00,164.38,180.63,188.75,169.38,188.75,166.25,161.25,149.38,155.58,149.69,145.32,141.25,169.38,180.00,206.88,187.50,180.00,161.88,158.13,168.82,144.38,166.10,142.50,146.88,131.88,140.00,137.50,133.13,107.50,109.38,98.76,92.82,96.25,81.88,118.21,84.38,83.13,81.88,75.63,76.57,80.00,84.69,79.69,72.82,72.82,73.44,80.94,78.83,75.94,82.82,82.82,73.75,75.00,76.25,82.19,84.07,84.07,85.94,90.63,91.25,82.06,82.50,75.63,71.13,77.69,94.57,108.75,110.63,119.69,122.19,126.00,120.94,115.00,102.06,118.75,118.75,121.25,145.84,142.82,141.25,146.57,147.19,151.25,152.50,158.75,140.00,140.41,134.07,124.07,120.32,125.00,128.44,131.25,122.19,133.06,122.42,110.62,105.42,99.26,121.34
..REGION III (CENTRAL LUZON),"GARLIC, IMPORTED, 1 KG",74.81,71.94,74.66,63.94,66.23,79.67,89.13,88.40,86.95,83.13,79.34,79.88,78.17,77.22,80.59,80.38,81.92,81.24,80.00,78.44,75.00,73.79,76.09,81.81,86.13,79.38,84.56,75.19,83.42,117.65,146.46,246.36,279.79,146.67,109.79,100.00,96.04,92.05,131.50,99.47,97.17,88.73,87.73,90.13,87.84,88.77,88.98,90.65,95.69,98.02,101.36,92.88,105.02,106.90,112.36,132.38,146.06,158.54,165.00,155.21,152.92,151.67,157.50,159.58,141.93,161.77,164.48,163.13,170.84,190.31,206.33,154.06,132.08,120.31,116.36,114.69,114.38,150.73,110.00,105.17,104.86,100.90,100.71,96.36,94.27,89.90,91.15,87.73,84.69,82.29,95.67,81.36,81.88,84.27,95.94,105.21,123.02,124.90,127.19,128.23,124.58,117.08,126.67,110.03,122.50,152.92,160.73,168.82,163.23,142.00,115.00,101.15,100.94,98.65,98.65,105.73,127.53,103.54,101.98,101.71,101.88,100.42,98.86,98.81,104.53,114.36,114.64,115.98,118.71,106.29
....Aurora,"GARLIC, NATIVE, 1 KG",..,..,..,..,..,..,..,..,..,..,..,..,..,..,..,..,..,..,..,..,..,..,..,..,..,..,..,..,..,..,..,..,..,..,..,..,..,..,..,..,..,..,..,..,..,..,..,..,..,..,..,..,..,..,..,..,..,..,..,..,..,..,..,..,..,..,..,..,..,..,..,..,..,..,..,..,..,..,..,..,..,..,..,..,..,..,..,..,..,..,..,..,..,..,..,..,..,..,..,..,..,..,..,..,..,..,..,..,..,..,..,..,..,..,..,..,..,..,..,..,..,..,..,..,..,..,..,..,..,..
....Aurora,"ONION RED CREOLE (BERMUDA RED), 1 KG",89.62,73.94,50.19,47.50,70.00,80.00,81.25,81.25,93.75,100.00,88.75,87.50,78.65,70.00,73.75,55.00,38.75,42.50,51.25,65.00,62.50,67.50,72.50,76.25,90.00,63.75,85.00,80.00,53.75,40.00,34.38,37.50,47.50,60.00,62.50,61.25,66.25,58.75,57.24,71.67,65.00,53.75,46.25,45.00,58.75,61.25,65.00,61.25,85.00,92.50,105.63,67.59,112.50,107.50,70.00,68.75,80.00,87.50,101.25,115.00,123.75,123.75,108.75,102.50,100.10,90.00,80.00,76.25,60.00,62.50,67.50,77.50,77.50,82.50,85.00,90.00,107.50,79.69,115.00,110.00,97.50,78.75,76.25,85.00,86.25,101.25,112.50,107.50,90.00,92.50,96.04,88.75,83.75,67.50,55.00,57.50,56.25,67.50,70.00,76.88,85.00,107.50,162.50,81.51,202.50,130.00,78.75,86.25,92.50,102.50,110.00,110.00,138.75,190.00,198.75,191.25,135.94,168.75,112.50,111.25,97.50,107.50,110.00,117.50,117.50,130.00,136.25,143.75,167.50,126.67
....Aurora,"ONION WHITE (YELLOW GRANEX), 1 KG",..,..,..,..,..,..,..,..,..,..,..,..,..,..,..,..,..,..,..,..,..,..,..,..,..,..,..,..,..,..,..,..,..,..,..,..,..,..,..,..,..,..,..,..,..,..,..,..,..,..,..,..,..,..,..,..,..,..,..,..,..,..,..,..,..,..,..,..,..,..,..,..,..,..,..,..,..,..,..,..,..,..,..,..,..,..,..,..,..,..,..,..,..,..,..,..,..,..,..,..,..,..,..,..,..,..,..,..,..,..,..,..,..,..,..,..,..,..,..,..,..,..,..,..,..,..,..,..,..,..
....Aurora,"GINGER, 1 KG",..,..,..,..,..,..,..,..,..,..,..,..,..,..,..,..,..,..,..,..,..,..,..,..,..,..,..,..,..,..,..,..,..,..,..,..,..,..,..,..,..,..,..,..,..,..,..,..,..,..,..,..,..,..,..,..,..,..,..,..,..,..,..,..,..,..,..,..,..,..,..,..,..,..,..,..,..,..,..,..,..,..,..,..,..,..,..,..,..,..,..,..,..,..,..,..,..,..,..,..,..,..,..,..,..,..,..,..,..,..,..,..,..,..,..,..,..,..,..,..,..,..,..,..,..,..,..,..,..,..
....Aurora,"GARLIC, IMPORTED, 1 KG",52.96,49.65,56.27,58.75,63.75,80.00,95.00,87.50,95.00,85.00,81.88,78.75,73.71,77.50,80.00,85.00,85.00,85.00,75.00,75.00,76.25,70.00,73.75,87.50,87.50,79.79,82.50,73.75,77.50,118.75,161.25,300.00,303.75,117.50,123.75,101.25,103.75,86.25,137.50,103.33,95.00,85.00,85.00,86.25,83.75,91.25,91.25,92.50,105.00,105.00,107.50,94.24,120.00,118.75,121.25,155.00,160.00,162.50,160.00,151.25,145.00,143.75,165.00,168.75,147.60,172.50,167.50,171.25,190.00,206.25,206.25,167.50,115.00,112.50,108.75,103.75,108.75,152.50,117.50,102.50,102.50,92.50,78.75,81.25,83.75,86.25,97.50,87.50,87.50,87.50,92.08,78.75,83.75,86.25,100.00,115.00,136.25,122.50,127.50,126.25,122.50,110.00,120.00,110.73,125.00,167.50,171.25,173.75,168.75,155.00,122.50,115.00,102.50,111.25,117.50,131.25,138.44,111.25,110.00,105.00,112.50,110.00,107.50,112.50,115.00,122.50,112.50,117.50,127.50,113.65
....Bataan,"GARLIC, NATIVE, 1 KG",299.54,280.28,255.27,301.84,311.33,311.33,292.36,342.67,313.92,261.03,239.47,229.98,286.59,208.42,203.53,191.75,170.19,167.60,245.50,244.93,208.99,193.47,215.61,227.69,239.47,209.76,249.25,220.50,220.50,220.50,229.99,282.60,330.62,258.75,257.50,235.00,235.00,235.00,247.93,236.25,236.25,236.25,236.25,236.25,230.00,230.00,230.00,230.00,230.00,227.50,227.50,232.19,240.00,231.25,227.50,231.25,232.50,243.75,250.00,250.00,256.25,253.75,256.25,256.25,244.06,256.25,256.25,253.75,253.75,253.75,253.75,258.75,258.75,248.75,248.75,255.00,248.75,253.85,256.25,255.00,255.00,255.00,255.00,255.00,247.50,247.50,247.50,247.50,225.00,225.00,247.60,225.00,212.50,201.25,192.86,194.29,175.71,184.29,194.29,200.00,203.75,191.25,182.86,196.50,175.71,181.43,182.86,178.00,164.29,176.25,158.75,138.75,132.50,143.75,172.86,191.43,166.38,192.86,170.00,178.33,161.67,153.33,151.67,128.33,129.85,126.03,127.94,127.94,129.84,148.15
....Bataan,"ONION RED CREOLE (BERMUDA RED), 1 KG",76.56,62.90,51.32,61.25,70.63,77.50,78.75,88.13,97.50,113.13,101.88,91.88,80.95,87.50,77.50,67.50,70.63,71.25,73.75,72.50,67.50,71.25,70.00,68.75,90.00,74.01,85.63,88.75,66.25,57.50,47.50,47.50,53.13,55.00,58.75,63.13,61.25,56.67,61.76,65.00,56.25,48.75,44.38,42.50,56.25,61.88,65.63,65.00,76.25,91.25,100.00,64.43,113.75,86.25,57.88,67.50,87.50,95.00,102.50,122.50,118.75,120.00,102.50,83.75,96.49,85.00,77.50,67.50,62.50,60.63,65.00,69.38,70.00,83.75,88.75,85.63,96.25,75.99,115.00,87.50,80.00,78.75,83.75,96.25,100.00,108.75,108.75,97.50,90.00,91.25,94.79,91.25,81.88,62.50,66.25,65.00,66.25,64.38,70.00,78.75,77.50,81.25,115.00,76.67,161.25,128.75,86.25,96.67,97.50,101.25,87.50,86.25,105.00,138.75,187.50,206.25,123.58,192.50,125.00,108.75,97.50,100.00,91.25,111.25,129.05,129.05,132.86,140.49,145.83,125.29
....Bataan,"ONION WHITE (YELLOW GRANEX), 1 KG",..,..,..,..,..,..,..,..,..,..,..,..,..,..,..,..,..,..,..,..,..,..,..,..,..,..,..,..,..,..,..,..,..,..,..,..,..,..,..,..,..,..,..,..,..,..,..,..,..,..,..,..,..,..,..,..,..,..,..,..,..,..,..,..,..,..,..,..,..,..,..,..,..,..,..,..,..,..,..,..,..,..,..,..,..,..,..,..,..,..,..,..,..,..,..,..,..,..,..,..,..,..,..,..,..,..,..,..,..,..,..,..,..,..,..,..,..,..,..,..,..,..,..,..,..,..,..,..,..,..
....Bataan,"GINGER, 1 KG",..,..,..,..,..,..,..,..,..,..,..,..,..,..,..,..,..,..,..,..,..,..,..,..,..,..,..,..,..,..,..,..,..,..,..,..,..,..,..,..,..,..,..,..,..,..,..,..,..,..,..,..,..,..,..,..,..,..,..,..,..,..,..,..,..,..,..,..,..,..,..,..,..,..,..,..,..,..,..,..,..,..,..,..,..,..,..,..,..,..,..,..,..,..,..,..,..,..,..,..,..,..,..,..,..,..,..,..,..,..,..,..,..,..,..,..,..,..,..,..,..,..,..,..,..,..,..,..,..,..
....Bataan,"GARLIC, IMPORTED, 1 KG",110.97,114.28,115.94,66.25,69.38,89.38,107.50,103.75,92.50,86.25,81.25,82.50,93.33,81.25,86.25,87.50,86.25,87.50,85.63,83.75,76.25,77.50,77.50,78.75,83.75,82.66,83.75,82.50,93.75,126.25,181.25,291.25,295.00,122.50,98.75,98.75,95.00,90.00,138.23,107.50,100.63,93.75,91.25,90.00,91.25,95.00,95.00,103.75,101.25,106.25,112.50,99.01,122.50,122.50,135.00,142.50,157.50,175.00,180.00,160.00,158.75,156.25,163.75,168.75,153.54,170.00,172.50,167.50,182.50,203.75,221.25,147.50,143.75,117.50,107.50,105.00,130.00,155.73,130.00,130.00,130.00,130.00,127.50,93.75,92.50,88.75,90.00,87.50,85.00,87.50,106.04,81.25,80.63,87.50,93.75,110.00,118.75,127.50,131.25,142.50,143.75,123.75,122.50,113.59,120.00,153.75,152.50,186.67,176.25,171.25,131.88,122.50,123.75,116.25,106.25,110.00,139.25,118.75,108.75,108.75,102.50,108.75,108.75,105.00,112.41,108.70,114.26,122.28,123.52,111.87
....Bulacan,"GARLIC, NATIVE, 1 KG",38.52,38.52,38.52,38.52,38.52,38.52,46.91,46.91,40.12,37.66,37.04,38.39,39.85,38.02,37.03,37.03,38.26,38.26,38.26,38.26,38.26,38.02,38.02,38.84,39.00,38.11,39.00,39.00,39.00,39.24,39.89,45.65,128.32,95.00,95.00,95.00,95.63,95.63,70.53,95.00,92.50,92.50,92.50,92.50,90.00,90.00,90.00,90.00,90.00,90.00,90.63,91.30,90.00,90.00,90.00,90.00,90.00,90.00,95.00,105.00,155.38,158.00,188.25,180.00,118.47,172.50,318.50,361.50,335.00,351.88,351.88,328.13,319.75,325.38,346.50,357.75,351.13,326.66,351.13,238.75,351.13,324.13,206.63,216.50,202.50,200.63,206.00,192.38,191.13,174.75,237.97,179.88,177.00,238.75,194.75,169.38,169.38,169.38,169.38,169.38,161.38,146.25,121.25,172.18,127.50,135.00,146.25,155.83,143.75,128.75,100.63,94.38,94.38,95.63,94.38,120.00,119.71,136.50,139.00,112.13,113.75,115.00,113.75,113.75,125.46,121.28,118.77,110.41,112.92,119.39
....Bulacan,"ONION RED CREOLE (BERMUDA RED), 1 KG",60.31,57.83,47.09,43.38,56.00,70.38,70.38,73.13,87.63,91.38,88.25,85.75,69.29,85.13,87.13,84.00,79.63,76.63,73.50,72.00,71.50,70.38,70.38,70.38,70.38,75.92,70.88,70.88,70.88,70.88,70.88,70.88,70.88,70.88,70.88,66.00,65.63,67.50,69.75,58.13,58.50,57.38,52.00,50.88,50.63,50.63,51.00,52.88,55.88,55.38,56.50,54.15,56.19,56.50,55.88,59.13,80.00,93.25,95.00,106.25,115.00,107.50,86.25,75.00,82.16,63.75,70.63,65.25,58.50,59.38,64.25,61.88,60.50,73.00,72.50,76.25,89.38,67.94,105.00,95.25,71.25,76.25,75.00,92.50,100.00,90.00,87.50,80.00,83.75,80.00,86.38,84.38,73.13,58.13,43.13,40.00,52.50,52.50,62.50,62.50,69.38,84.38,136.50,68.25,196.25,106.25,70.63,75.00,80.00,87.25,88.75,82.50,115.00,153.75,168.75,183.75,117.32,151.25,115.00,115.00,105.00,105.00,101.25,98.75,106.02,107.50,110.79,128.53,153.55,116.47
....Bulacan,"ONION WHITE (YELLOW GRANEX), 1 KG",..,..,..,..,..,..,..,..,..,..,..,..,..,..,..,..,..,..,..,..,..,..,..,..,..,..,..,..,..,..,..,..,..,..,..,..,..,..,..,..,..,..,..,..,..,..,..,..,..,..,..,..,..,..,..,..,..,..,..,..,..,..,..,..,..,..,..,..,..,..,..,..,..,..,..,..,..,..,..,..,..,..,..,..,..,..,..,..,..,..,..,..,..,..,..,..,..,..,..,..,..,..,..,..,..,..,..,..,..,..,..,..,..,..,..,..,..,..,..,..,..,..,..,..,..,..,..,..,..,..
....Bulacan,"GINGER, 1 KG",169.20,169.20,169.20,169.20,169.20,169.20,169.20,169.20,169.20,169.20,169.20,169.20,169.20,169.20,169.20,169.20,180.00,180.00,180.00,180.00,180.00,180.00,180.00,180.00,180.00,177.30,180.00,180.00,180.00,180.00,180.00,180.00,180.00,180.00,180.00,180.00,180.00,180.00,180.00,180.00,180.00,180.00,180.00,180.00,180.00,180.00,180.00,180.00,180.00,178.88,178.75,179.80,180.00,180.00,180.00,180.00,180.00,180.00,135.00,138.13,133.13,125.63,113.75,92.50,151.51,92.50,92.50,90.00,77.50,81.25,81.25,90.63,75.63,69.38,70.00,71.25,83.75,81.30,71.25,85.00,85.00,87.50,87.50,87.50,96.25,87.50,85.00,88.75,95.00,102.50,88.23,73.75,71.25,68.75,80.00,109.38,120.00,113.75,125.00,125.00,133.75,125.00,120.00,105.47,132.50,131.25,135.00,181.67,180.00,163.75,160.00,157.50,165.00,162.50,163.75,135.00,155.66,153.75,138.13,128.75,128.75,128.75,138.75,118.75,133.44,116.30,115.08,117.53,109.58,127.30
....Bulacan,"GARLIC, IMPORTED, 1 KG",78.00,78.00,78.00,78.00,78.00,78.00,96.67,96.67,84.17,77.50,76.67,80.33,81.67,79.33,76.67,76.67,80.00,79.38,79.38,79.38,79.38,77.75,77.75,80.25,80.50,78.87,80.50,80.50,80.50,80.88,81.88,99.38,252.50,193.13,112.50,112.50,111.88,114.17,116.69,97.25,94.88,93.63,86.38,86.38,86.38,86.38,86.38,87.63,89.13,90.63,91.88,89.74,95.13,95.13,94.13,99.88,143.88,158.75,161.25,153.75,152.50,155.00,142.50,161.25,134.43,157.50,155.00,161.88,168.13,186.88,177.50,128.75,107.50,103.13,116.88,121.25,116.25,141.72,100.00,103.75,93.75,93.75,106.25,105.00,100.00,86.25,80.00,78.75,80.00,81.25,92.40,81.25,83.75,83.75,100.00,103.75,121.25,125.00,123.75,120.00,113.75,105.00,128.75,107.50,122.50,151.25,155.63,141.67,143.75,117.00,98.75,79.38,84.38,83.75,87.50,95.63,113.43,95.00,98.13,94.38,95.63,95.63,93.13,92.25,102.49,118.02,113.20,111.40,114.41,101.97
....Nueva Ecija,"GARLIC, NATIVE, 1 KG",95.18,87.50,87.50,92.11,101.32,99.79,105.92,156.57,128.94,128.94,113.60,130.48,110.65,112.06,132.03,122.82,132.03,129.73,131.26,132.03,116.67,116.67,118.22,144.30,144.30,127.68,132.78,124.35,140.47,221.07,274.80,521.95,475.90,185.00,115.00,115.00,93.75,93.75,207.82,80.00,80.00,80.00,80.00,80.00,80.00,80.00,80.00,80.00,80.00,80.00,80.00,80.00,112.50,96.25,98.75,98.75,147.50,152.50,151.25,141.25,141.25,138.75,141.25,145.00,130.42,148.75,146.25,151.25,153.75,184.38,186.25,187.50,200.00,187.50,183.75,183.75,183.75,174.74,183.75,183.75,183.75,183.75,183.75,183.75,183.75,183.13,190.00,178.75,178.75,185.00,183.49,183.75,188.75,182.50,187.50,185.00,188.75,188.75,188.75,188.75,188.75,198.75,191.25,188.44,190.00,188.75,186.25,190.00,180.00,168.75,141.25,135.00,136.25,146.25,150.00,160.00,164.38,160.00,146.25,142.50,152.50,147.50,176.25,165.00,171.11,176.00,167.44,163.77,168.66,161.42
....Nueva Ecija,"ONION RED CREOLE (BERMUDA RED), 1 KG",78.92,59.60,54.48,43.75,56.67,56.25,56.88,63.13,70.00,78.13,81.25,70.63,64.14,70.83,62.50,70.63,50.63,43.75,51.88,55.00,56.88,51.88,51.88,55.63,56.88,56.53,68.13,69.38,66.88,30.00,20.63,24.38,36.25,39.38,40.00,40.00,40.00,40.83,42.99,45.00,43.13,40.00,35.00,35.00,35.00,35.00,44.38,44.38,49.38,72.50,80.63,46.62,75.00,75.63,65.00,63.13,75.00,85.63,83.13,81.25,85.00,91.88,102.50,102.50,82.14,102.50,102.50,90.00,90.00,90.00,56.88,55.00,56.25,63.13,66.88,68.75,70.00,75.99,85.00,81.88,73.75,70.63,61.88,65.00,68.75,97.50,96.88,94.38,83.13,81.25,80.00,80.00,79.38,66.88,49.38,51.88,51.25,52.50,54.38,55.63,57.50,67.50,101.25,63.96,153.75,103.75,80.00,65.00,75.00,77.50,90.00,86.25,98.75,113.75,143.75,145.00,102.71,106.25,93.75,87.50,77.50,78.75,88.75,96.25,95.00,120.00,117.50,118.75,140.00,101.67
....Nueva Ecija,"ONION WHITE (YELLOW GRANEX), 1 KG",..,..,..,..,..,..,..,..,..,..,..,..,..,..,..,..,..,..,..,..,..,..,..,..,..,..,..,..,..,..,..,..,..,..,..,..,..,..,..,..,..,..,..,..,..,..,..,..,..,..,..,..,..,..,..,..,..,..,..,..,..,..,..,..,..,..,..,..,..,..,..,..,..,..,..,..,..,..,..,..,..,..,..,..,..,..,..,..,..,..,..,..,..,..,..,..,..,..,..,..,..,..,..,..,..,..,..,..,..,..,..,..,..,..,..,..,..,..,..,..,..,..,..,..,..,..,..,..,..,..
....Nueva Ecija,"GINGER, 1 KG",..,..,..,..,..,..,..,..,..,..,..,..,..,..,..,..,..,..,..,..,..,..,..,..,..,..,..,..,..,..,..,..,..,..,..,..,..,..,..,..,..,..,..,..,..,..,..,..,..,..,..,..,..,..,..,..,..,..,..,..,..,..,..,..,..,..,..,..,..,..,..,..,..,..,..,..,..,..,..,..,..,..,..,..,..,..,..,..,..,..,..,..,..,..,..,..,..,..,..,..,..,..,..,..,..,..,..,..,..,..,..,..,..,..,..,..,..,..,..,..,..,..,..,..,..,..,..,..,..,..
....Nueva Ecija,"GARLIC, IMPORTED, 1 KG",51.67,47.50,47.50,50.00,55.00,55.63,58.13,83.75,70.00,70.00,61.25,70.83,60.11,60.83,71.25,65.00,70.00,68.13,70.00,70.63,63.13,63.13,64.38,78.75,78.75,68.67,71.88,66.25,80.00,120.00,149.38,282.50,247.50,99.38,80.00,80.00,79.38,80.00,119.69,80.00,80.00,80.00,80.00,80.00,80.00,80.00,80.00,80.00,80.00,82.50,85.00,80.63,85.00,92.50,101.25,136.88,145.00,157.50,157.50,141.25,142.50,145.00,145.00,145.00,132.87,145.00,145.00,145.00,145.00,145.00,190.00,134.38,127.50,91.25,96.25,95.00,91.25,129.22,92.50,94.75,92.88,91.63,89.25,90.00,88.75,72.50,73.13,71.88,69.38,68.13,82.90,66.88,68.13,69.38,79.38,81.88,108.75,115.00,110.00,113.75,111.25,112.50,121.25,96.51,120.00,141.25,147.50,168.33,158.75,130.00,93.13,84.38,83.75,90.00,92.50,97.50,117.26,90.00,93.75,95.00,92.50,92.50,90.00,86.88,87.50,100.00,107.50,107.50,108.75,95.99
....Pampanga,"GARLIC, NATIVE, 1 KG",83.30,77.54,77.54,88.76,90.02,141.51,140.01,102.50,131.31,118.77,117.51,113.55,106.86,116.31,118.29,119.55,115.53,114.93,117.51,113.55,101.01,108.81,117.51,125.01,137.55,117.13,150.03,93.80,121.28,155.00,225.03,402.53,440.03,177.50,150.00,155.00,150.00,133.75,196.16,131.25,140.63,142.50,138.75,120.00,120.00,125.00,125.00,128.75,130.00,140.00,142.50,132.03,145.00,140.00,135.00,135.00,135.00,125.00,125.00,130.00,130.00,127.50,150.63,152.50,135.89,200.00,200.00,200.00,200.00,200.00,216.25,185.00,158.75,186.25,178.75,186.25,167.50,189.90,142.50,120.00,120.00,120.00,117.50,110.00,151.25,151.25,158.75,151.25,138.75,136.88,134.84,140.63,143.13,150.63,146.88,143.13,145.00,143.75,147.50,143.75,140.00,141.25,141.25,143.91,138.75,139.38,183.75,185.00,178.75,163.13,148.75,140.63,135.00,133.75,123.13,135.00,150.42,109.38,101.88,101.88,110.63,103.75,104.38,103.13,118.94,126.53,131.59,127.79,129.69,114.13
....Pampanga,"ONION RED CREOLE (BERMUDA RED), 1 KG",66.35,57.34,50.79,60.63,63.75,71.25,75.00,80.00,77.50,90.00,77.50,73.13,70.27,79.38,71.25,52.50,40.63,38.75,48.13,48.75,61.25,60.63,51.25,60.00,79.38,57.66,91.25,75.00,50.00,39.38,36.25,38.13,40.63,49.38,58.75,60.00,53.13,51.88,53.65,57.50,52.50,35.63,38.75,40.00,51.25,55.00,62.50,56.25,65.00,68.13,93.75,56.36,83.75,75.63,45.00,50.00,65.00,83.75,96.88,96.25,96.25,105.00,87.50,82.50,80.63,80.00,77.50,61.25,61.25,65.63,69.38,60.63,57.50,72.50,70.00,72.50,105.00,71.10,113.75,85.00,85.00,77.50,80.00,80.00,92.50,95.63,105.63,100.00,93.13,79.38,90.63,80.00,78.75,77.50,75.00,72.50,68.13,63.75,58.75,61.88,62.50,76.25,133.13,75.68,161.25,105.00,65.00,83.33,76.88,87.50,83.13,85.63,110.00,138.75,125.00,118.13,103.30,100.00,80.63,78.13,80.38,85.00,76.88,93.13,116.42,112.01,129.01,132.15,159.21,103.58
....Pampanga,"ONION WHITE (YELLOW GRANEX), 1 KG",..,..,..,..,..,..,..,..,..,..,..,..,..,..,..,..,..,..,..,..,..,..,..,..,..,..,..,..,..,..,..,..,..,..,..,..,..,..,..,..,..,..,..,..,..,..,..,..,..,..,..,..,..,..,..,..,..,..,..,..,..,..,..,..,..,..,..,..,..,..,..,..,..,..,..,..,..,..,..,..,..,..,..,..,..,..,..,..,..,..,..,..,..,..,..,..,..,..,..,..,..,..,..,..,..,..,..,..,..,..,..,..,..,..,..,..,..,..,..,..,..,..,..,..,..,..,..,..,..,..
....Pampanga,"GINGER, 1 KG",42.37,44.06,45.76,50.00,53.75,45.00,36.25,36.67,33.13,33.50,39.38,37.50,41.45,42.50,47.50,43.13,43.75,43.13,50.63,61.88,60.00,71.25,80.00,100.00,57.50,58.44,72.50,61.25,52.50,90.00,148.75,181.25,197.50,158.75,197.50,152.50,142.50,118.75,131.15,119.38,110.63,102.50,158.75,180.00,233.75,195.00,180.00,143.75,136.25,158.75,110.00,152.40,105.00,113.75,83.75,100.00,95.00,86.25,80.00,80.63,64.38,60.00,78.75,71.25,84.90,76.25,73.75,73.75,73.75,71.88,78.75,78.75,83.75,76.25,75.63,75.63,78.13,76.36,80.63,80.63,80.63,60.00,62.50,65.00,68.13,80.63,83.13,83.13,86.25,80.00,75.89,91.25,80.00,73.50,75.38,79.75,97.50,107.50,114.38,119.38,118.25,116.88,110.00,98.65,105.00,106.25,107.50,110.00,105.63,118.75,133.13,136.88,137.50,142.50,153.75,145.00,125.16,114.38,110.00,111.88,121.25,128.13,123.75,125.63,132.68,128.54,106.15,93.31,88.94,115.39
....Pampanga,"GARLIC, IMPORTED, 1 KG",55.61,51.85,51.85,59.38,60.00,96.25,93.75,65.00,86.25,82.50,78.75,76.88,71.51,75.63,78.13,78.13,73.13,73.13,78.75,76.88,67.50,74.38,78.13,80.63,91.25,77.14,100.00,63.13,82.50,117.50,150.00,267.50,295.00,120.00,100.00,93.75,85.00,81.88,129.69,91.25,82.50,80.00,83.75,84.38,80.63,80.00,81.25,85.00,92.50,95.00,98.75,86.25,96.25,98.75,105.00,112.50,120.00,110.00,155.00,155.00,155.00,142.50,156.25,161.25,130.63,165.63,173.13,160.63,173.13,205.00,223.00,195.00,172.50,181.25,146.25,153.13,125.00,172.80,120.00,100.00,100.00,92.50,97.50,105.63,100.63,101.88,103.75,95.75,86.25,76.88,98.40,80.00,80.00,83.75,92.50,103.13,115.63,119.38,121.88,115.63,117.50,117.50,125.00,105.99,116.25,145.00,163.75,157.50,158.13,121.25,97.50,83.13,93.75,83.13,81.88,96.25,116.46,93.75,91.25,98.38,101.88,94.38,93.75,91.25,97.16,111.39,117.05,114.53,115.79,101.71
....Tarlac,"GARLIC, NATIVE, 1 KG",85.35,75.85,55.42,61.69,82.32,83.94,110.63,113.86,113.86,117.09,113.86,107.59,93.46,98.09,88.99,86.97,86.97,82.32,78.48,82.32,95.06,91.83,82.33,90.42,95.28,88.26,98.51,92.03,90.41,99.91,122.15,247.33,250.56,130.00,143.75,138.13,140.63,140.83,141.19,130.44,200.00,220.00,220.00,220.00,180.00,180.00,160.00,140.00,110.00,130.00,140.00,169.20,133.33,123.75,105.00,162.50,165.00,172.50,172.50,160.00,165.00,165.00,168.75,172.50,155.49,172.50,172.50,172.50,172.50,172.50,172.50,172.50,200.00,200.00,200.00,200.00,200.00,183.96,200.00,200.00,200.00,200.00,200.00,200.00,200.00,200.00,200.00,200.00,200.00,200.00,200.00,200.00,100.00,100.00,160.00,136.00,134.29,144.29,111.43,114.29,114.29,105.00,106.25,127.15,106.25,148.75,148.75,160.00,160.00,150.00,140.00,148.75,155.00,152.50,165.00,170.00,150.42,163.75,157.50,157.50,157.50,157.50,156.25,156.25,157.50,165.00,165.00,166.25,158.75,159.90
....Tarlac,"ONION RED CREOLE (BERMUDA RED), 1 KG",73.20,57.98,52.63,46.88,57.13,67.75,76.88,78.13,96.25,88.13,80.63,78.13,71.14,76.50,65.25,53.75,36.25,36.25,51.50,48.13,50.00,53.75,58.13,56.88,67.50,54.49,70.63,63.13,56.25,41.25,28.13,37.25,42.00,54.38,55.38,57.88,59.00,57.38,51.89,55.00,47.75,35.25,31.25,39.38,47.75,51.88,57.50,59.38,67.88,88.00,95.00,56.34,92.50,78.75,60.00,61.25,71.25,91.25,91.25,96.25,102.50,102.50,81.25,76.25,83.75,71.25,60.00,50.00,42.50,45.00,45.00,47.50,51.25,62.50,76.25,81.25,90.00,60.21,102.50,85.00,65.00,67.50,67.50,87.50,95.63,98.75,100.00,76.25,80.00,82.50,84.01,80.00,80.00,66.25,47.50,48.75,51.25,53.75,56.25,62.50,62.50,83.75,112.50,67.08,153.75,93.75,76.25,76.67,78.75,91.25,86.50,96.25,106.25,135.00,133.75,137.50,105.47,105.00,90.00,83.75,91.25,93.75,90.00,91.25,91.25,97.68,106.28,113.90,128.49,98.55
....Tarlac,"ONION WHITE (YELLOW GRANEX), 1 KG",..,..,..,..,..,..,..,..,..,..,..,..,..,..,..,..,..,..,..,..,..,..,..,..,..,..,..,..,..,..,..,..,..,..,..,..,..,..,..,..,..,..,..,..,..,..,..,..,..,..,..,..,..,..,..,..,..,..,..,..,..,..,..,..,..,..,..,..,..,..,..,..,..,..,..,..,..,..,..,..,..,..,..,..,..,..,..,..,..,..,..,..,..,..,..,..,..,..,..,..,..,..,..,..,..,..,..,..,..,..,..,..,..,..,..,..,..,..,..,..,..,..,..,..,..,..,..,..,..,..
....Tarlac,"GINGER, 1 KG",..,..,..,..,..,..,..,..,..,..,..,..,..,..,..,..,..,..,..,..,..,..,..,..,..,..,..,..,..,..,..,..,..,..,..,..,..,..,..,..,..,..,..,..,..,..,..,..,..,..,..,..,..,..,..,..,..,..,..,..,..,..,..,..,..,..,..,..,..,..,..,..,..,..,..,..,..,..,..,..,..,..,..,..,..,..,..,..,..,..,..,..,..,..,..,..,..,..,..,..,..,..,..,..,..,..,..,..,..,..,..,..,..,..,..,..,..,..,..,..,..,..,..,..,..,..,..,..,..,..
....Tarlac,"GARLIC, IMPORTED, 1 KG",..,..,..,..,..,..,..,..,..,..,..,..,..,..,..,..,..,..,..,..,..,..,..,..,..,..,..,..,..,..,..,..,..,..,..,..,..,..,..,..,..,..,..,..,..,..,..,..,..,..,..,..,..,..,..,..,..,..,..,..,..,..,..,..,..,..,..,..,..,..,..,..,..,..,..,..,..,..,..,..,..,..,..,..,..,..,..,..,..,..,..,..,..,..,..,..,..,..,..,..,..,..,..,..,..,..,..,..,..,..,..,..,..,..,..,..,..,..,..,..,..,..,..,..,..,..,..,..,..,..
....Zambales,"GARLIC, NATIVE, 1 KG",..,..,..,..,..,..,..,..,..,..,..,..,..,..,..,..,..,..,..,..,..,..,..,..,..,..,..,..,..,..,..,..,..,..,..,..,..,..,..,..,..,..,..,..,..,..,..,..,..,..,..,..,..,..,..,..,..,..,..,..,..,..,..,..,..,..,..,..,..,..,..,..,..,..,..,..,..,..,..,..,..,..,..,..,..,..,..,..,..,..,..,..,..,..,..,..,..,..,..,..,..,..,..,..,..,..,..,..,..,..,..,..,..,..,..,..,..,..,..,..,..,..,..,..,..,..,..,..,..,..
....Zambales,"ONION RED CREOLE (BERMUDA RED), 1 KG",88.78,80.24,70.86,70.00,72.50,78.75,82.50,92.50,105.00,110.00,100.63,92.50,87.02,87.50,82.50,71.25,66.25,70.00,73.75,72.50,68.75,76.25,73.13,73.75,82.50,74.84,88.75,90.00,82.50,57.50,57.50,55.00,62.50,65.00,70.00,70.00,67.50,63.75,69.17,68.75,70.00,53.75,51.25,56.25,58.75,62.50,70.00,67.50,75.00,91.25,116.25,70.10,105.00,93.50,69.38,80.00,83.75,108.75,110.00,118.75,121.25,121.25,116.25,92.50,101.70,85.00,75.00,72.50,67.50,67.50,71.88,72.50,70.00,76.25,90.00,83.75,103.75,77.97,123.75,123.75,91.25,90.00,88.75,101.25,102.50,107.50,117.50,105.00,101.25,96.25,104.06,102.50,95.00,77.50,75.00,65.00,68.75,66.25,67.50,67.50,80.00,93.13,157.50,84.64,198.75,141.25,93.75,90.00,87.50,91.25,97.50,96.25,112.50,171.25,176.25,177.50,127.81,135.00,117.50,110.00,102.50,100.00,96.25,98.75,104.99,122.15,127.72,130.29,148.79,116.16
....Zambales,"ONION WHITE (YELLOW GRANEX), 1 KG",78.68,71.11,62.79,62.03,65.06,71.11,74.14,83.22,93.80,99.85,93.04,84.72,78.30,81.70,78.68,64.30,59.01,62.03,65.82,66.57,62.03,68.08,66.19,66.56,73.37,67.86,77.15,81.69,75.64,52.95,54.47,49.93,55.99,57.50,73.75,91.25,86.25,77.50,69.51,75.00,72.50,68.75,61.25,56.25,60.00,60.00,61.25,58.75,65.63,73.75,77.50,65.89,82.50,77.50,70.63,75.00,82.50,100.00,95.00,95.00,100.00,101.25,101.25,82.50,88.59,85.00,83.75,73.75,73.75,71.25,73.75,73.75,72.50,96.25,93.75,87.50,86.25,80.94,77.50,82.50,81.25,78.75,70.00,77.50,80.00,96.25,110.00,102.50,97.50,92.50,87.19,100.00,95.00,75.00,82.50,73.75,80.00,65.00,66.25,73.75,111.25,102.50,122.50,87.29,97.50,90.00,70.00,78.33,73.75,78.75,78.75,85.00,92.50,117.50,117.50,116.25,91.32,103.75,97.50,86.25,82.50,80.00,81.25,82.50,86.18,90.56,97.67,104.31,106.68,91.60
....Zambales,"GINGER, 1 KG",..,..,..,..,..,..,..,..,..,..,..,..,..,..,..,..,..,..,..,..,..,..,..,..,..,..,..,..,..,..,..,..,..,..,..,..,..,..,..,..,..,..,..,..,..,..,..,..,..,..,..,..,..,..,..,..,..,..,..,..,..,..,..,..,..,..,..,..,..,..,..,..,..,..,..,..,..,..,..,..,..,..,..,..,..,..,..,..,..,..,..,..,..,..,..,..,..,..,..,..,..,..,..,..,..,..,..,..,..,..,..,..,..,..,..,..,..,..,..,..,..,..,..,..,..,..,..,..,..,..
....Zambales,"GARLIC, IMPORTED, 1 KG",99.67,90.34,98.40,71.25,71.25,78.75,83.75,93.75,93.75,97.50,96.25,90.00,88.72,88.75,91.25,90.00,97.14,94.29,91.25,85.00,87.50,80.00,85.00,85.00,95.00,89.18,88.75,85.00,86.25,142.50,155.00,237.50,285.00,227.50,143.75,113.75,101.25,100.00,147.19,117.50,130.00,100.00,100.00,113.75,105.00,100.00,100.00,95.00,106.25,108.75,112.50,107.40,111.25,113.75,117.50,147.50,150.00,187.50,176.25,170.00,163.75,167.50,172.50,152.50,152.50,160.00,173.75,172.50,166.25,195.00,220.00,151.25,126.25,116.25,122.50,110.00,115.00,152.40,100.00,100.00,110.00,105.00,105.00,102.50,100.00,103.75,102.50,105.00,100.00,92.50,102.19,100.00,95.00,95.00,110.00,117.50,137.50,140.00,148.75,151.25,138.75,133.75,142.50,125.83,131.25,158.75,173.75,185.00,173.75,157.50,146.25,122.50,117.50,107.50,106.25,103.75,140.31,112.50,110.00,108.75,106.25,101.25,100.00,105.00,112.60,125.57,123.35,122.65,122.29,112.52
..REGION IV-A (CALABARZON),"GARLIC, NATIVE, 1 KG",117.94,118.14,124.28,124.32,127.96,140.86,155.27,140.22,153.20,140.58,135.85,128.90,133.96,126.81,132.26,138.94,143.85,139.83,143.57,127.39,122.81,125.95,129.05,135.29,140.79,133.88,133.76,127.56,146.13,185.84,231.95,346.36,357.40,203.34,236.67,247.50,240.84,241.88,224.94,250.63,274.79,241.46,233.13,241.67,233.34,216.67,208.34,203.34,198.34,204.17,210.00,226.32,202.50,206.67,193.34,191.67,185.84,205.00,215.00,225.00,220.84,220.84,219.17,219.17,208.75,225.84,225.84,227.50,231.67,236.67,256.67,247.09,230.84,230.84,228.34,228.34,228.34,233.17,232.50,228.34,228.34,228.34,238.34,226.67,226.67,239.59,239.17,249.17,249.17,249.17,236.29,245.00,243.34,242.50,246.67,242.50,243.34,242.50,239.17,240.84,240.84,240.84,240.84,242.37,241.67,258.34,240.84,245.00,250.00,241.67,238.34,245.00,245.00,240.84,249.17,245.00,245.07,253.34,257.50,260.84,256.67,248.34,248.34,245.84,250.00,242.50,250.84,250.84,250.84,251.32
..REGION IV-A (CALABARZON),"ONION RED CREOLE (BERMUDA RED), 1 KG",76.76,66.26,53.29,52.50,54.40,63.10,67.30,74.10,91.40,90.00,90.60,78.80,71.54,75.00,71.30,51.30,56.30,55.00,54.80,55.00,58.80,61.90,66.30,66.30,84.40,63.03,86.00,86.00,78.80,71.30,62.50,44.40,50.40,53.10,61.30,56.30,53.80,55.60,63.29,59.40,58.30,44.40,43.80,45.00,45.00,53.13,55.00,60.00,70.63,92.50,101.25,60.70,113.75,83.75,57.25,68.13,82.50,96.88,100.63,112.50,110.50,114.38,87.88,69.38,91.46,73.75,68.75,61.88,62.50,55.00,67.63,68.13,67.75,73.50,74.50,81.00,115.00,72.45,120.00,92.50,80.38,75.75,72.88,93.13,92.50,102.00,99.38,85.50,85.63,82.50,90.18,81.25,79.50,65.00,55.00,52.63,56.25,57.00,64.50,68.00,79.00,90.38,165.63,76.18,218.13,116.88,77.50,81.25,75.63,80.38,91.88,91.25,122.50,161.25,168.75,180.00,122.12,116.88,119.38,125.00,103.13,109.38,106.25,105.00,115.00,124.70,143.43,148.99,186.98,125.34
..REGION IV-A (CALABARZON),"ONION WHITE (YELLOW GRANEX), 1 KG",..,..,..,..,..,..,..,..,..,..,..,..,..,..,..,..,..,..,..,..,..,..,..,..,..,..,..,..,..,..,..,..,..,..,..,..,..,..,..,..,..,..,..,..,..,..,..,..,..,..,..,..,..,..,..,..,..,..,..,..,..,..,..,..,..,..,..,..,..,..,..,..,..,..,..,..,..,..,..,..,..,..,..,..,..,..,..,..,..,..,..,..,..,..,..,..,..,..,..,..,..,..,..,..,..,..,..,..,..,..,..,..,..,..,..,..,..,..,..,..,..,..,..,..,..,..,..,..,..,..
..REGION IV-A (CALABARZON),"GINGER, 1 KG",55.57,52.49,71.78,65.60,68.10,66.90,64.40,61.90,61.90,69.40,60.30,61.90,63.35,61.90,50.60,52.50,50.00,53.80,66.30,75.00,68.80,80.00,81.30,83.80,84.40,67.37,82.50,73.80,78.80,92.50,121.30,231.30,192.50,177.50,142.50,168.80,187.50,153.80,141.90,136.30,135.00,113.80,142.50,143.13,165.00,207.50,212.50,217.50,218.80,206.30,188.10,173.87,135.00,116.30,98.80,86.30,90.00,85.00,91.30,88.80,83.80,97.50,98.80,93.80,97.12,106.30,90.00,83.80,83.80,75.00,71.30,68.80,68.80,72.50,75.00,77.50,74.40,78.93,72.50,63.80,65.00,66.30,63.80,65.00,58.75,58.75,65.00,65.00,63.75,65.00,64.39,70.00,77.50,80.00,80.00,85.00,88.75,101.25,103.75,107.50,102.50,93.75,91.25,90.10,103.75,96.25,98.75,108.75,161.25,165.00,165.00,155.00,156.25,163.75,158.75,167.50,141.67,170.00,167.50,135.63,136.88,141.88,135.00,150.00,167.50,182.50,173.75,171.25,171.13,158.59
..REGION IV-A (CALABARZON),"GARLIC, IMPORTED, 1 KG",53.67,53.27,53.35,51.30,55.00,51.30,51.30,53.10,53.10,65.00,55.60,53.80,54.15,53.10,53.10,53.10,56.30,53.10,53.80,51.30,53.10,51.90,51.90,51.90,51.90,52.88,51.90,51.90,51.90,51.30,51.30,258.80,275.00,138.10,130.60,137.50,137.50,137.50,122.78,221.30,237.50,235.00,236.30,255.00,255.00,248.75,255.00,223.75,227.50,157.50,154.38,225.58,143.75,143.75,138.75,146.25,143.75,143.75,143.75,147.50,147.50,155.00,155.00,155.00,146.98,155.00,155.00,154.00,155.00,162.50,160.00,150.00,150.00,150.00,150.00,150.00,150.00,153.46,147.50,147.50,147.50,147.50,147.50,147.50,84.25,84.38,77.50,78.13,83.75,78.75,114.31,74.13,76.00,87.50,96.13,112.00,132.50,127.50,127.50,124.38,120.00,121.88,123.75,110.27,131.25,159.38,152.50,146.25,126.25,98.13,108.13,91.25,95.63,98.75,107.50,112.50,118.96,118.75,110.63,112.50,101.13,117.50,108.75,106.25,109.38,122.10,125.92,128.46,130.37,115.98
....Batangas,"GARLIC, NATIVE, 1 KG",..,..,..,..,..,..,..,..,..,..,..,..,..,..,..,..,..,..,..,..,..,..,..,..,..,..,..,..,..,..,..,..,..,..,..,..,..,..,..,..,..,..,..,..,..,..,..,..,..,..,..,..,..,..,..,..,..,..,..,..,..,..,..,..,..,..,..,..,..,..,..,..,..,..,..,..,..,..,..,..,..,..,..,..,..,..,..,..,..,..,..,..,..,..,..,..,..,..,..,..,..,..,..,..,..,..,..,..,..,..,..,..,..,..,..,..,..,..,..,..,..,..,..,..,..,..,..,..,..,..
....Batangas,"ONION RED CREOLE (BERMUDA RED), 1 KG",..,..,..,..,..,..,..,..,..,..,..,..,..,..,..,..,..,..,..,..,..,..,..,..,..,..,..,..,..,..,..,..,..,..,..,..,..,..,..,..,..,..,..,..,..,..,..,..,..,..,..,..,..,..,..,..,..,..,..,..,..,..,..,..,..,..,..,..,..,..,..,..,..,..,..,..,..,..,..,..,..,..,..,..,..,..,..,..,..,..,..,..,..,..,..,..,..,..,..,..,..,..,..,..,..,..,..,..,..,..,..,..,..,..,..,..,..,..,..,..,..,..,..,..,..,..,..,..,..,..
....Batangas,"ONION WHITE (YELLOW GRANEX), 1 KG",..,..,..,..,..,..,..,..,..,..,..,..,..,..,..,..,..,..,..,..,..,..,..,..,..,..,..,..,..,..,..,..,..,..,..,..,..,..,..,..,..,..,..,..,..,..,..,..,..,..,..,..,..,..,..,..,..,..,..,..,..,..,..,..,..,..,..,..,..,..,..,..,..,..,..,..,..,..,..,..,..,..,..,..,..,..,..,..,..,..,..,..,..,..,..,..,..,..,..,..,..,..,..,..,..,..,..,..,..,..,..,..,..,..,..,..,..,..,..,..,..,..,..,..,..,..,..,..,..,..
....Batangas,"GINGER, 1 KG",55.57,52.49,71.78,65.60,68.10,66.90,64.40,61.90,61.90,69.40,60.30,61.90,63.35,61.90,50.60,52.50,50.00,53.80,66.30,75.00,68.80,80.00,81.30,83.80,84.40,67.37,82.50,73.80,78.80,92.50,121.30,231.30,192.50,177.50,142.50,168.80,187.50,153.80,141.90,136.30,135.00,113.80,142.50,143.13,165.00,207.50,212.50,217.50,218.80,206.30,188.10,173.87,135.00,116.30,98.80,86.30,90.00,85.00,91.30,88.80,83.80,97.50,98.80,93.80,97.12,106.30,90.00,83.80,83.80,75.00,71.30,68.80,68.80,72.50,75.00,77.50,74.40,78.93,72.50,63.80,65.00,66.30,63.80,65.00,58.75,58.75,65.00,65.00,63.75,65.00,64.39,70.00,77.50,80.00,80.00,85.00,88.75,101.25,103.75,107.50,102.50,93.75,91.25,90.10,103.75,96.25,98.75,108.75,161.25,165.00,165.00,155.00,156.25,163.75,158.75,167.50,141.67,170.00,167.50,135.63,136.88,141.88,135.00,150.00,167.50,182.50,173.75,171.25,171.13,158.59
....Batangas,"GARLIC, IMPORTED, 1 KG",..,..,..,..,..,..,..,..,..,..,..,..,..,..,..,..,..,..,..,..,..,..,..,..,..,..,..,..,..,..,..,..,..,..,..,..,..,..,..,..,..,..,..,..,..,..,..,..,..,..,..,..,..,..,..,..,..,..,..,..,..,..,..,..,..,..,..,..,..,..,..,..,..,..,..,..,..,..,..,..,..,..,..,..,..,..,..,..,..,..,..,..,..,..,..,..,..,..,..,..,..,..,..,..,..,..,..,..,..,..,..,..,..,..,..,..,..,..,..,..,..,..,..,..,..,..,..,..,..,..
....Cavite,"GARLIC, NATIVE, 1 KG",..,..,..,..,..,..,..,..,..,..,..,..,..,..,..,..,..,..,..,..,..,..,..,..,..,..,..,..,..,..,..,..,..,..,..,..,..,..,..,..,..,..,..,..,..,..,..,..,..,..,..,..,..,..,..,..,..,..,..,..,..,..,..,..,..,..,..,..,..,..,..,..,..,..,..,..,..,..,..,..,..,..,..,..,..,..,..,..,..,..,..,..,..,..,..,..,..,..,..,..,..,..,..,..,..,..,..,..,..,..,..,..,..,..,..,..,..,..,..,..,..,..,..,..,..,..,..,..,..,..
....Cavite,"ONION RED CREOLE (BERMUDA RED), 1 KG",76.76,66.26,53.29,52.50,54.40,63.10,67.30,74.10,91.40,90.00,90.60,78.80,71.54,75.00,71.30,51.30,56.30,55.00,54.80,55.00,58.80,61.90,66.30,66.30,84.40,63.03,86.00,86.00,78.80,71.30,62.50,44.40,50.40,53.10,61.30,56.30,53.80,55.60,63.29,59.40,58.30,44.40,43.80,45.00,45.00,53.13,55.00,60.00,70.63,92.50,101.25,60.70,113.75,83.75,57.25,68.13,82.50,96.88,100.63,112.50,110.50,114.38,87.88,69.38,91.46,73.75,68.75,61.88,62.50,55.00,67.63,68.13,67.75,73.50,74.50,81.00,115.00,72.45,120.00,92.50,80.38,75.75,72.88,93.13,92.50,102.00,99.38,85.50,85.63,82.50,90.18,81.25,79.50,65.00,55.00,52.63,56.25,57.00,64.50,68.00,79.00,90.38,165.63,76.18,218.13,116.88,77.50,81.25,75.63,80.38,91.88,91.25,122.50,161.25,168.75,180.00,122.12,116.88,119.38,125.00,103.13,109.38,106.25,105.00,115.00,124.70,143.43,148.99,186.98,125.34
....Cavite,"ONION WHITE (YELLOW GRANEX), 1 KG",..,..,..,..,..,..,..,..,..,..,..,..,..,..,..,..,..,..,..,..,..,..,..,..,..,..,..,..,..,..,..,..,..,..,..,..,..,..,..,..,..,..,..,..,..,..,..,..,..,..,..,..,..,..,..,..,..,..,..,..,..,..,..,..,..,..,..,..,..,..,..,..,..,..,..,..,..,..,..,..,..,..,..,..,..,..,..,..,..,..,..,..,..,..,..,..,..,..,..,..,..,..,..,..,..,..,..,..,..,..,..,..,..,..,..,..,..,..,..,..,..,..,..,..,..,..,..,..,..,..
....Cavite,"GINGER, 1 KG",..,..,..,..,..,..,..,..,..,..,..,..,..,..,..,..,..,..,..,..,..,..,..,..,..,..,..,..,..,..,..,..,..,..,..,..,..,..,..,..,..,..,..,..,..,..,..,..,..,..,..,..,..,..,..,..,..,..,..,..,..,..,..,..,..,..,..,..,..,..,..,..,..,..,..,..,..,..,..,..,..,..,..,..,..,..,..,..,..,..,..,..,..,..,..,..,..,..,..,..,..,..,..,..,..,..,..,..,..,..,..,..,..,..,..,..,..,..,..,..,..,..,..,..,..,..,..,..,..,..
....Cavite,"GARLIC, IMPORTED, 1 KG",53.67,53.27,53.35,51.30,55.00,51.30,51.30,53.10,53.10,65.00,55.60,53.80,54.15,53.10,53.10,53.10,56.30,53.10,53.80,51.30,53.10,51.90,51.90,51.90,51.90,52.88,51.90,51.90,51.90,51.30,51.30,258.80,275.00,138.10,130.60,137.50,137.50,137.50,122.78,221.30,237.50,235.00,236.30,255.00,255.00,248.75,255.00,223.75,227.50,157.50,154.38,225.58,143.75,143.75,138.75,146.25,143.75,143.75,143.75,147.50,147.50,155.00,155.00,155.00,146.98,155.00,155.00,154.00,155.00,162.50,160.00,150.00,150.00,150.00,150.00,150.00,150.00,153.46,147.50,147.50,147.50,147.50,147.50,147.50,84.25,84.38,77.50,78.13,83.75,78.75,114.31,74.13,76.00,87.50,96.13,112.00,132.50,127.50,127.50,124.38,120.00,121.88,123.75,110.27,131.25,159.38,152.50,146.25,126.25,98.13,108.13,91.25,95.63,98.75,107.50,112.50,118.96,118.75,110.63,112.50,101.13,117.50,108.75,106.25,109.38,122.10,125.92,128.46,130.37,115.98
....Laguna,"GARLIC, NATIVE, 1 KG",..,..,..,..,..,..,..,..,..,..,..,..,..,..,..,..,..,..,..,..,..,..,..,..,..,..,..,..,..,..,..,..,..,..,..,..,..,..,..,..,..,..,..,..,..,..,..,..,..,..,..,..,..,..,..,..,..,..,..,..,..,..,..,..,..,..,..,..,..,..,..,..,..,..,..,..,..,..,..,..,..,..,..,..,..,..,..,..,..,..,..,..,..,..,..,..,..,..,..,..,..,..,..,..,..,..,..,..,..,..,..,..,..,..,..,..,..,..,..,..,..,..,..,..,..,..,..,..,..,..
....Laguna,"ONION RED CREOLE (BERMUDA RED), 1 KG",..,..,..,..,..,..,..,..,..,..,..,..,..,..,..,..,..,..,..,..,..,..,..,..,..,..,..,..,..,..,..,..,..,..,..,..,..,..,..,..,..,..,..,..,..,..,..,..,..,..,..,..,..,..,..,..,..,..,..,..,..,..,..,..,..,..,..,..,..,..,..,..,..,..,..,..,..,..,..,..,..,..,..,..,..,..,..,..,..,..,..,..,..,..,..,..,..,..,..,..,..,..,..,..,..,..,..,..,..,..,..,..,..,..,..,..,..,..,..,..,..,..,..,..,..,..,..,..,..,..
....Laguna,"ONION WHITE (YELLOW GRANEX), 1 KG",..,..,..,..,..,..,..,..,..,..,..,..,..,..,..,..,..,..,..,..,..,..,..,..,..,..,..,..,..,..,..,..,..,..,..,..,..,..,..,..,..,..,..,..,..,..,..,..,..,..,..,..,..,..,..,..,..,..,..,..,..,..,..,..,..,..,..,..,..,..,..,..,..,..,..,..,..,..,..,..,..,..,..,..,..,..,..,..,..,..,..,..,..,..,..,..,..,..,..,..,..,..,..,..,..,..,..,..,..,..,..,..,..,..,..,..,..,..,..,..,..,..,..,..,..,..,..,..,..,..
....Laguna,"GINGER, 1 KG",..,..,..,..,..,..,..,..,..,..,..,..,..,..,..,..,..,..,..,..,..,..,..,..,..,..,..,..,..,..,..,..,..,..,..,..,..,..,..,..,..,..,..,..,..,..,..,..,..,..,..,..,..,..,..,..,..,..,..,..,..,..,..,..,..,..,..,..,..,..,..,..,..,..,..,..,..,..,..,..,..,..,..,..,..,..,..,..,..,..,..,..,..,..,..,..,..,..,..,..,..,..,..,..,..,..,..,..,..,..,..,..,..,..,..,..,..,..,..,..,..,..,..,..,..,..,..,..,..,..
....Laguna,"GARLIC, IMPORTED, 1 KG",..,..,..,..,..,..,..,..,..,..,..,..,..,..,..,..,..,..,..,..,..,..,..,..,..,..,..,..,..,..,..,..,..,..,..,..,..,..,..,..,..,..,..,..,..,..,..,..,..,..,..,..,..,..,..,..,..,..,..,..,..,..,..,..,..,..,..,..,..,..,..,..,..,..,..,..,..,..,..,..,..,..,..,..,..,..,..,..,..,..,..,..,..,..,..,..,..,..,..,..,..,..,..,..,..,..,..,..,..,..,..,..,..,..,..,..,..,..,..,..,..,..,..,..,..,..,..,..,..,..
....Quezon,"GARLIC, NATIVE, 1 KG",134.71,136.01,141.12,133.43,128.31,94.93,120.61,115.46,139.85,127.01,112.91,107.76,124.34,102.61,102.61,112.90,118.01,119.31,120.60,119.31,118.01,118.01,118.01,118.01,110.32,114.81,110.32,110.32,125.71,125.71,137.01,138.55,202.69,195.00,185.00,190.00,190.00,188.75,158.26,191.25,186.25,186.25,186.25,200.00,200.00,200.00,200.00,190.00,180.00,175.00,170.00,188.75,155.00,155.00,160.00,160.00,145.00,170.00,180.00,200.00,200.00,200.00,200.00,200.00,177.08,200.00,200.00,200.00,200.00,200.00,250.00,237.50,200.00,200.00,200.00,200.00,200.00,207.29,200.00,200.00,200.00,200.00,200.00,200.00,200.00,212.50,225.00,225.00,225.00,225.00,209.38,225.00,225.00,225.00,225.00,225.00,225.00,225.00,225.00,225.00,225.00,225.00,225.00,225.00,225.00,225.00,225.00,216.67,225.00,225.00,225.00,225.00,225.00,225.00,225.00,225.00,224.31,225.00,225.00,225.00,225.00,200.00,200.00,200.00,200.00,200.00,200.00,200.00,200.00,208.33
....Quezon,"ONION RED CREOLE (BERMUDA RED), 1 KG",..,..,..,..,..,..,..,..,..,..,..,..,..,..,..,..,..,..,..,..,..,..,..,..,..,..,..,..,..,..,..,..,..,..,..,..,..,..,..,..,..,..,..,..,..,..,..,..,..,..,..,..,..,..,..,..,..,..,..,..,..,..,..,..,..,..,..,..,..,..,..,..,..,..,..,..,..,..,..,..,..,..,..,..,..,..,..,..,..,..,..,..,..,..,..,..,..,..,..,..,..,..,..,..,..,..,..,..,..,..,..,..,..,..,..,..,..,..,..,..,..,..,..,..,..,..,..,..,..,..
....Quezon,"ONION WHITE (YELLOW GRANEX), 1 KG",..,..,..,..,..,..,..,..,..,..,..,..,..,..,..,..,..,..,..,..,..,..,..,..,..,..,..,..,..,..,..,..,..,..,..,..,..,..,..,..,..,..,..,..,..,..,..,..,..,..,..,..,..,..,..,..,..,..,..,..,..,..,..,..,..,..,..,..,..,..,..,..,..,..,..,..,..,..,..,..,..,..,..,..,..,..,..,..,..,..,..,..,..,..,..,..,..,..,..,..,..,..,..,..,..,..,..,..,..,..,..,..,..,..,..,..,..,..,..,..,..,..,..,..,..,..,..,..,..,..
....Quezon,"GINGER, 1 KG",..,..,..,..,..,..,..,..,..,..,..,..,..,..,..,..,..,..,..,..,..,..,..,..,..,..,..,..,..,..,..,..,..,..,..,..,..,..,..,..,..,..,..,..,..,..,..,..,..,..,..,..,..,..,..,..,..,..,..,..,..,..,..,..,..,..,..,..,..,..,..,..,..,..,..,..,..,..,..,..,..,..,..,..,..,..,..,..,..,..,..,..,..,..,..,..,..,..,..,..,..,..,..,..,..,..,..,..,..,..,..,..,..,..,..,..,..,..,..,..,..,..,..,..,..,..,..,..,..,..
....Quezon,"GARLIC, IMPORTED, 1 KG",..,..,..,..,..,..,..,..,..,..,..,..,..,..,..,..,..,..,..,..,..,..,..,..,..,..,..,..,..,..,..,..,..,..,..,..,..,..,..,..,..,..,..,..,..,..,..,..,..,..,..,..,..,..,..,..,..,..,..,..,..,..,..,..,..,..,..,..,..,..,..,..,..,..,..,..,..,..,..,..,..,..,..,..,..,..,..,..,..,..,..,..,..,..,..,..,..,..,..,..,..,..,..,..,..,..,..,..,..,..,..,..,..,..,..,..,..,..,..,..,..,..,..,..,..,..,..,..,..,..
....Rizal,"GARLIC, NATIVE, 1 KG",101.16,100.26,107.44,115.21,127.61,186.79,189.93,164.98,166.55,154.15,158.78,150.03,143.57,151.01,161.91,164.98,169.68,160.34,166.54,135.46,127.61,133.89,140.09,152.57,171.25,152.94,157.20,144.80,166.54,245.97,326.88,554.16,512.10,211.67,288.33,305.00,291.67,295.00,291.61,310.00,363.33,296.67,280.00,283.33,266.67,233.33,216.67,216.67,216.67,233.33,250.00,263.89,250.00,258.33,226.67,223.33,226.67,240.00,250.00,250.00,241.67,241.67,238.33,238.33,240.42,251.67,251.67,255.00,263.33,273.33,263.33,256.67,261.67,261.67,256.67,256.67,256.67,259.03,265.00,256.67,256.67,256.67,276.67,253.33,253.33,266.67,253.33,273.33,273.33,273.33,263.19,265.00,261.67,260.00,268.33,260.00,261.67,260.00,253.33,256.67,256.67,256.67,256.67,259.72,258.33,291.67,256.67,273.33,275.00,258.33,251.67,265.00,265.00,256.67,273.33,265.00,265.83,281.67,290.00,296.67,288.33,296.67,296.67,291.67,300.00,285.00,301.67,301.67,301.67,294.31
....Rizal,"ONION RED CREOLE (BERMUDA RED), 1 KG",..,..,..,..,..,..,..,..,..,..,..,..,..,..,..,..,..,..,..,..,..,..,..,..,..,..,..,..,..,..,..,..,..,..,..,..,..,..,..,..,..,..,..,..,..,..,..,..,..,..,..,..,..,..,..,..,..,..,..,..,..,..,..,..,..,..,..,..,..,..,..,..,..,..,..,..,..,..,..,..,..,..,..,..,..,..,..,..,..,..,..,..,..,..,..,..,..,..,..,..,..,..,..,..,..,..,..,..,..,..,..,..,..,..,..,..,..,..,..,..,..,..,..,..,..,..,..,..,..,..
....Rizal,"ONION WHITE (YELLOW GRANEX), 1 KG",..,..,..,..,..,..,..,..,..,..,..,..,..,..,..,..,..,..,..,..,..,..,..,..,..,..,..,..,..,..,..,..,..,..,..,..,..,..,..,..,..,..,..,..,..,..,..,..,..,..,..,..,..,..,..,..,..,..,..,..,..,..,..,..,..,..,..,..,..,..,..,..,..,..,..,..,..,..,..,..,..,..,..,..,..,..,..,..,..,..,..,..,..,..,..,..,..,..,..,..,..,..,..,..,..,..,..,..,..,..,..,..,..,..,..,..,..,..,..,..,..,..,..,..,..,..,..,..,..,..
....Rizal,"GINGER, 1 KG",..,..,..,..,..,..,..,..,..,..,..,..,..,..,..,..,..,..,..,..,..,..,..,..,..,..,..,..,..,..,..,..,..,..,..,..,..,..,..,..,..,..,..,..,..,..,..,..,..,..,..,..,..,..,..,..,..,..,..,..,..,..,..,..,..,..,..,..,..,..,..,..,..,..,..,..,..,..,..,..,..,..,..,..,..,..,..,..,..,..,..,..,..,..,..,..,..,..,..,..,..,..,..,..,..,..,..,..,..,..,..,..,..,..,..,..,..,..,..,..,..,..,..,..,..,..,..,..,..,..
....Rizal,"GARLIC, IMPORTED, 1 KG",..,..,..,..,..,..,..,..,..,..,..,..,..,..,..,..,..,..,..,..,..,..,..,..,..,..,..,..,..,..,..,..,..,..,..,..,..,..,..,..,..,..,..,..,..,..,..,..,..,..,..,..,..,..,..,..,..,..,..,..,..,..,..,..,..,..,..,..,..,..,..,..,..,..,..,..,..,..,..,..,..,..,..,..,..,..,..,..,..,..,..,..,..,..,..,..,..,..,..,..,..,..,..,..,..,..,..,..,..,..,..,..,..,..,..,..,..,..,..,..,..,..,..,..,..,..,..,..,..,..
..MIMAROPA REGION,"GARLIC, NATIVE, 1 KG",83.35,82.15,80.14,76.89,79.59,85.97,90.29,93.00,93.63,89.19,89.55,87.09,85.90,88.11,87.08,86.22,81.32,80.07,82.72,82.42,80.33,80.04,79.43,79.56,89.36,83.06,98.11,94.82,92.97,105.94,132.38,170.13,181.82,170.21,163.46,147.58,138.34,130.84,135.55,128.97,126.05,124.57,120.46,117.51,111.34,112.41,114.96,113.69,112.73,113.73,114.97,117.62,121.02,118.62,117.78,123.85,124.37,127.49,129.75,130.33,134.60,140.27,145.96,148.40,130.20,154.53,154.78,155.08,153.53,155.54,156.96,158.95,152.44,150.58,145.06,147.22,141.95,152.22,147.92,130.85,122.99,125.70,122.50,117.96,115.78,114.82,121.78,133.68,113.94,108.51,123.04,108.90,109.00,104.77,112.53,122.01,133.18,131.45,130.75,136.75,135.50,141.00,139.75,125.47,146.75,170.38,172.50,166.90,166.90,159.75,144.25,143.75,147.00,149.75,151.50,146.25,155.47,148.50,149.50,150.50,147.25,135.25,128.00,134.75,133.95,144.43,147.67,150.13,151.02,143.41
..MIMAROPA REGION,"ONION RED CREOLE (BERMUDA RED), 1 KG",118.43,100.19,94.89,89.64,86.34,96.56,101.00,116.77,117.74,119.43,120.23,110.28,105.96,110.43,108.02,86.98,86.22,84.45,77.81,83.06,94.05,94.51,98.46,105.17,121.23,95.87,128.20,122.67,107.44,97.41,91.26,85.33,94.86,101.66,104.44,104.44,103.44,104.27,103.79,104.75,99.63,88.38,86.25,86.30,87.00,88.43,94.54,93.96,85.49,96.66,104.19,92.97,104.21,101.86,87.50,81.92,89.48,98.20,98.48,108.33,116.22,122.72,111.55,107.86,102.36,96.06,95.35,88.63,82.06,72.31,77.78,83.94,83.31,92.56,101.00,95.22,108.50,89.73,129.50,103.19,96.50,95.78,90.50,102.25,101.13,105.44,115.00,113.63,102.72,100.13,104.65,101.81,102.31,94.25,72.38,64.06,64.69,67.03,73.75,81.56,84.85,104.06,142.19,87.75,198.13,148.91,117.50,110.16,113.44,109.69,110.00,111.10,122.81,144.69,178.13,198.91,138.62,168.60,130.31,130.00,110.63,102.00,102.50,112.03,115.10,121.78,133.69,140.34,167.96,127.91
..MIMAROPA REGION,"ONION WHITE (YELLOW GRANEX), 1 KG",77.08,69.97,68.57,66.07,68.01,70.53,73.48,77.67,81.23,81.87,82.11,80.27,74.74,77.60,74.40,68.94,70.16,68.11,70.64,68.18,65.95,69.90,72.39,75.43,84.66,72.20,85.04,84.12,73.83,64.78,59.03,60.67,64.81,65.24,68.65,67.68,70.07,73.60,69.79,70.20,68.52,65.57,64.50,64.95,66.07,68.11,67.27,64.20,75.79,81.87,83.30,70.03,88.19,91.15,80.62,79.54,80.25,90.62,90.10,97.31,98.62,104.33,93.70,93.09,90.63,94.71,94.18,91.98,90.87,89.75,87.57,87.83,87.82,84.59,103.15,94.17,98.51,92.09,108.32,92.76,90.86,90.91,86.29,90.35,93.69,99.73,109.90,103.86,102.18,99.41,97.36,92.70,91.71,87.23,82.23,81.02,76.10,79.03,82.50,95.34,106.04,107.71,132.50,92.84,138.13,115.00,98.96,102.29,106.46,98.63,95.46,101.29,118.96,124.38,132.33,117.50,112.45,117.50,110.67,123.75,116.25,103.33,103.58,117.33,114.58,117.92,116.25,118.75,122.08,115.17
..MIMAROPA REGION,"GINGER, 1 KG",126.25,126.25,126.25,126.25,126.25,126.25,126.25,126.25,126.25,126.25,126.25,126.25,126.25,126.25,126.25,126.25,126.25,126.25,126.25,126.25,126.25,126.25,126.25,126.25,126.25,126.25,126.25,126.25,126.25,126.25,126.25,126.25,126.25,126.25,112.67,107.08,98.69,99.08,118.96,99.08,95.89,95.89,95.89,94.29,92.70,111.88,115.07,111.88,111.88,111.88,115.07,104.28,123.05,124.65,124.65,124.65,118.25,118.25,119.85,119.85,118.25,122.25,123.05,126.25,121.92,128.75,125.00,127.50,125.00,125.00,122.50,120.00,110.00,107.50,110.00,110.00,110.00,118.44,116.25,116.25,106.25,105.63,105.63,105.63,105.63,105.63,105.63,105.63,116.25,116.25,109.22,113.75,113.75,113.75,97.50,97.50,97.50,101.25,103.13,103.13,105.63,105.63,105.63,104.85,103.13,108.75,103.13,105.63,105.63,105.63,101.88,105.63,106.88,106.88,106.88,126.25,107.19,129.38,114.38,143.75,145.00,122.50,116.88,146.88,111.88,111.88,111.88,111.88,111.88,123.18
..MIMAROPA REGION,"GARLIC, IMPORTED, 1 KG",60.15,58.17,57.19,60.15,66.55,75.92,77.89,78.38,76.90,67.04,67.53,66.06,67.66,70.00,68.03,65.07,63.10,58.41,64.08,69.99,69.00,68.02,67.03,67.03,74.92,67.06,71.97,69.99,70.48,81.81,88.72,110.90,132.08,129.62,129.62,113.57,111.10,109.87,101.64,106.17,101.23,101.23,101.23,101.23,101.23,98.76,98.76,103.70,106.17,106.17,108.64,102.88,120.98,130.86,128.39,128.39,134.03,134.03,134.03,134.03,134.03,142.50,142.50,142.50,133.86,142.50,142.50,142.50,142.50,142.50,142.50,142.50,142.50,142.50,142.50,142.50,142.50,142.50,126.25,126.25,127.50,127.50,127.50,127.50,123.75,123.75,125.00,123.75,117.50,110.00,123.85,115.00,111.88,109.38,110.63,110.00,117.50,125.00,122.50,117.50,116.25,120.00,120.00,116.30,126.25,162.50,156.25,150.00,171.25,145.00,126.25,126.88,115.00,123.75,111.25,118.75,136.09,115.00,112.50,118.75,118.75,120.00,111.25,131.25,142.19,140.63,148.44,149.95,156.01,130.39
....Marinduque,"GARLIC, NATIVE, 1 KG",68.96,63.08,63.92,69.81,70.65,87.47,107.65,107.65,111.01,105.96,107.65,100.92,88.73,99.23,99.23,99.23,99.23,100.92,104.28,92.51,91.66,92.51,94.19,94.19,100.92,97.34,107.65,105.13,97.56,126.99,188.39,236.33,252.31,243.90,224.55,208.57,183.34,164.83,178.30,164.83,154.74,149.69,146.33,132.88,126.15,111.85,109.33,111.02,111.02,109.33,111.02,128.18,117.75,111.02,113.54,129.52,129.52,132.89,136.25,137.94,141.30,148.03,156.44,154.75,134.08,174.94,171.58,169.89,163.17,168.22,163.17,161.48,159.79,154.74,168.20,168.20,168.20,165.97,154.74,117.74,106.80,100.92,102.61,100.92,99.23,102.60,100.91,99.22,99.22,100.91,107.15,94.18,94.18,95.87,105.96,116.05,141.28,138.33,138.75,141.25,142.50,141.25,150.00,124.97,147.50,173.75,180.00,185.00,186.25,175.00,147.50,128.75,132.50,141.25,162.50,132.50,157.71,132.50,125.00,125.00,117.50,122.50,122.50,128.75,141.43,164.29,168.57,167.14,164.29,139.96
....Marinduque,"ONION RED CREOLE (BERMUDA RED), 1 KG",181.82,133.33,145.45,133.33,136.36,151.52,157.58,181.82,181.82,163.64,172.73,151.52,157.58,151.52,163.64,109.09,139.39,145.45,133.33,133.33,160.61,157.58,157.58,181.82,218.18,154.29,218.18,212.12,193.94,193.94,187.88,175.76,212.12,200.00,204.00,204.00,204.00,200.00,200.50,200.00,188.00,178.00,168.00,168.00,168.00,168.00,168.00,160.00,96.00,100.00,100.00,155.17,96.00,96.00,88.00,80.00,84.00,92.00,88.00,108.00,104.00,104.00,108.00,108.00,96.33,98.00,82.00,82.00,82.00,78.00,78.00,72.00,72.00,94.00,144.00,104.00,104.00,90.83,108.00,108.00,86.00,90.00,82.00,104.00,92.00,108.00,120.00,112.00,100.00,102.50,101.04,100.00,97.50,92.50,90.00,78.75,75.00,81.25,97.50,100.00,100.00,113.75,202.50,102.40,237.50,157.50,110.00,110.00,120.00,107.50,105.00,116.25,138.75,202.50,243.75,236.25,157.08,173.75,132.50,155.00,125.00,116.25,126.25,132.50,129.01,148.19,153.42,167.36,190.03,145.77
....Marinduque,"ONION WHITE (YELLOW GRANEX), 1 KG",92.14,72.04,67.85,63.66,67.85,77.07,87.12,88.79,93.82,96.33,93.82,92.15,82.72,89.64,74.56,63.66,63.66,61.99,70.36,66.17,68.68,72.04,77.07,83.77,104.72,74.69,102.21,97.18,77.91,68.69,63.66,54.45,61.99,64.50,66.17,64.50,72.87,73.70,72.32,65.33,60.30,56.95,56.95,61.98,65.33,64.50,69.53,67.02,87.12,90.47,95.50,70.08,90.47,87.12,77.90,73.71,77.07,95.49,87.12,103.87,100.52,103.87,98.84,90.47,90.54,92.15,93.82,90.47,87.12,83.76,82.09,80.41,78.73,81.24,123.95,92.13,92.13,89.83,95.48,92.13,85.43,83.75,83.75,88.78,95.48,103.85,117.26,110.56,103.86,97.17,96.46,93.81,92.14,87.11,77.89,70.35,67.00,74.54,83.75,91.25,111.25,113.75,185.00,95.65,191.25,131.25,95.00,100.00,110.00,95.00,100.00,106.25,157.50,168.75,172.50,135.00,130.21,135.00,122.50,111.25,92.50,97.50,101.25,110.00,115.00,122.50,118.75,120.00,126.25,114.38
....Marinduque,"GINGER, 1 KG",..,..,..,..,..,..,..,..,..,..,..,..,..,..,..,..,..,..,..,..,..,..,..,..,..,..,..,..,..,..,..,..,..,..,..,..,..,..,..,..,..,..,..,..,..,..,..,..,..,..,..,..,..,..,..,..,..,..,..,..,..,..,..,..,..,..,..,..,..,..,..,..,..,..,..,..,..,..,..,..,..,..,..,..,..,..,..,..,..,..,..,..,..,..,..,..,..,..,..,..,..,..,..,..,..,..,..,..,..,..,..,..,..,..,..,..,..,..,..,..,..,..,..,..,..,..,..,..,..,..
....Marinduque,"GARLIC, IMPORTED, 1 KG",..,..,..,..,..,..,..,..,..,..,..,..,..,..,..,..,..,..,..,..,..,..,..,..,..,..,..,..,..,..,..,..,..,..,..,..,..,..,..,..,..,..,..,..,..,..,..,..,..,..,..,..,..,..,..,..,..,..,..,..,..,..,..,..,..,..,..,..,..,..,..,..,..,..,..,..,..,..,..,..,..,..,..,..,..,..,..,..,..,..,..,..,..,..,..,..,..,..,..,..,..,..,..,..,..,..,..,..,..,..,..,..,..,..,..,..,..,..,..,..,..,..,..,..,..,..,..,..,..,..
....Occidental Mindoro,"GARLIC, NATIVE, 1 KG",104.64,101.20,99.50,104.64,115.79,132.08,135.52,136.37,133.80,116.64,117.51,114.93,117.72,121.79,118.36,113.22,109.79,101.64,111.50,121.79,120.08,118.36,116.64,116.64,130.37,116.68,125.23,121.79,122.65,142.37,154.39,192.98,229.86,225.58,217.86,211.85,192.13,195.55,177.69,190.41,180.97,171.54,162.96,161.25,162.96,167.25,176.69,171.54,168.10,168.10,152.67,169.54,145.81,139.80,137.23,130.37,130.37,130.37,130.37,130.37,137.23,149.24,152.67,157.81,139.30,161.25,161.25,156.25,158.75,158.75,167.50,172.50,162.50,163.75,151.25,163.75,141.25,159.90,160.00,132.50,112.50,107.50,112.50,115.00,128.75,126.25,128.75,131.25,126.25,118.75,125.00,116.25,115.00,113.75,123.75,131.25,128.75,141.25,137.50,136.25,136.25,152.50,152.50,132.08,173.75,183.75,183.75,172.50,178.75,171.25,156.25,162.50,163.75,172.50,172.50,172.50,171.98,181.25,181.25,185.00,185.00,168.75,142.50,133.75,130.29,133.75,130.29,130.29,127.98,152.51
....Occidental Mindoro,"ONION RED CREOLE (BERMUDA RED), 1 KG",101.91,91.71,75.58,67.08,61.99,74.73,80.68,107.00,110.39,117.19,113.80,100.20,91.86,100.20,93.42,71.33,49.25,47.98,44.16,64.54,75.58,79.82,86.62,83.23,103.61,74.98,112.10,101.06,71.33,51.80,45.01,39.06,43.31,64.12,78.13,81.52,78.13,79.82,70.45,78.13,70.49,53.50,49.25,51.80,53.50,58.60,73.04,79.82,84.07,98.51,115.49,72.18,116.35,113.80,107.00,97.66,97.66,97.66,105.30,105.30,114.64,123.13,125.68,117.19,110.11,111.25,110.00,95.00,82.50,55.00,65.00,87.50,90.00,90.00,90.00,91.88,122.50,90.89,136.25,102.50,105.00,98.75,90.00,107.50,101.25,98.75,113.75,113.75,108.75,107.50,106.98,107.50,104.75,102.50,42.50,43.75,54.38,52.50,63.75,63.75,68.75,96.25,92.50,74.41,176.25,148.75,115.00,95.00,96.25,103.75,105.00,97.50,101.25,111.25,143.75,185.00,123.23,158.75,142.50,116.25,76.25,65.00,67.50,77.50,71.19,82.01,86.51,93.72,115.35,96.04
....Occidental Mindoro,"ONION WHITE (YELLOW GRANEX), 1 KG",..,..,..,..,..,..,..,..,..,..,..,..,..,..,..,..,..,..,..,..,..,..,..,..,..,..,..,..,..,..,..,..,..,..,..,..,..,..,..,..,..,..,..,..,..,..,..,..,..,..,..,..,..,..,..,..,..,..,..,..,..,..,..,..,..,..,..,..,..,..,..,..,..,..,..,..,..,..,..,..,..,..,..,..,..,..,..,..,..,..,..,..,..,..,..,..,..,..,..,..,..,..,..,..,..,..,..,..,..,..,..,..,..,..,..,..,..,..,..,..,..,..,..,..,..,..,..,..,..,..
....Occidental Mindoro,"GINGER, 1 KG",..,..,..,..,..,..,..,..,..,..,..,..,..,..,..,..,..,..,..,..,..,..,..,..,..,..,..,..,..,..,..,..,..,..,..,..,..,..,..,..,..,..,..,..,..,..,..,..,..,..,..,..,..,..,..,..,..,..,..,..,..,..,..,..,..,..,..,..,..,..,..,..,..,..,..,..,..,..,..,..,..,..,..,..,..,..,..,..,..,..,..,..,..,..,..,..,..,..,..,..,..,..,..,..,..,..,..,..,..,..,..,..,..,..,..,..,..,..,..,..,..,..,..,..,..,..,..,..,..,..
....Occidental Mindoro,"GARLIC, IMPORTED, 1 KG",60.15,58.17,57.19,60.15,66.55,75.92,77.89,78.38,76.90,67.04,67.53,66.06,67.66,70.00,68.03,65.07,63.10,58.41,64.08,69.99,69.00,68.02,67.03,67.03,74.92,67.06,71.97,69.99,70.48,81.81,88.72,110.90,132.08,129.62,129.62,113.57,111.10,109.87,101.64,106.17,101.23,101.23,101.23,101.23,101.23,98.76,98.76,103.70,106.17,106.17,108.64,102.88,120.98,130.86,128.39,128.39,134.03,134.03,134.03,134.03,134.03,142.50,142.50,142.50,133.86,142.50,142.50,142.50,142.50,142.50,142.50,142.50,142.50,142.50,142.50,142.50,142.50,142.50,126.25,126.25,127.50,127.50,127.50,127.50,123.75,123.75,125.00,123.75,117.50,110.00,123.85,115.00,111.88,109.38,110.63,110.00,117.50,125.00,122.50,117.50,116.25,120.00,120.00,116.30,126.25,162.50,156.25,150.00,171.25,145.00,126.25,126.88,115.00,123.75,111.25,118.75,136.09,115.00,112.50,118.75,118.75,120.00,111.25,131.25,142.19,140.63,148.44,149.95,156.01,130.39
....Oriental Mindoro,"GARLIC, NATIVE, 1 KG",81.28,85.07,80.43,83.38,83.55,82.54,83.38,95.17,96.01,96.01,94.32,94.32,87.96,95.17,93.48,94.32,82.54,82.54,83.38,83.38,80.85,81.27,82.53,84.21,84.21,85.66,96.00,91.79,89.26,96.00,94.31,117.05,118.74,117.05,117.90,102.74,100.21,99.36,103.37,94.31,89.26,87.58,97.68,97.68,96.83,95.15,95.99,99.35,94.30,99.35,111.31,96.57,134.71,123.77,123.77,132.94,137.99,144.73,151.51,146.50,144.81,146.50,139.76,141.45,139.04,139.76,144.81,146.50,148.19,151.55,154.91,151.55,148.19,144.82,119.56,116.20,110.31,139.70,129.67,153.25,141.96,136.40,116.19,97.67,95.98,96.82,106.09,123.77,89.67,78.30,113.81,78.30,81.66,81.66,86.71,107.76,116.18,114.49,123.75,123.75,120.00,122.50,105.00,105.15,111.25,175.00,173.75,157.50,146.25,131.25,115.00,133.75,133.75,135.00,135.00,137.50,140.42,137.50,150.00,136.25,138.75,112.50,98.75,105.00,120.00,137.50,157.50,157.50,157.50,134.06
....Oriental Mindoro,"ONION RED CREOLE (BERMUDA RED), 1 KG",82.14,75.20,67.43,63.75,67.00,73.75,78.25,89.50,88.13,95.63,95.63,95.63,81.00,96.88,83.75,76.25,73.75,66.25,61.25,62.50,66.25,68.13,70.25,78.13,81.88,73.77,93.75,85.00,74.50,69.50,66.50,70.88,67.13,73.13,68.13,61.25,65.00,67.50,71.86,70.25,71.88,64.50,64.63,67.25,65.88,64.63,65.88,69.75,83.75,102.50,106.25,74.76,103.75,88.75,71.25,72.50,90.00,99.38,100.00,103.75,112.50,128.75,101.25,106.25,98.18,82.50,84.38,73.75,66.25,57.50,68.75,73.75,73.75,76.25,77.50,78.75,87.50,75.05,117.50,90.00,91.25,81.25,76.25,81.25,90.00,96.25,102.50,98.75,87.50,88.75,91.77,96.25,95.00,82.50,61.25,41.25,36.88,40.63,60.00,66.25,71.25,66.25,112.50,69.17,172.50,120.00,100.00,95.00,88.75,88.75,95.00,104.38,102.50,103.75,138.75,173.75,115.26,167.50,116.25,113.75,108.75,104.24,88.75,104.38,108.20,104.92,124.59,130.06,151.92,118.61
....Oriental Mindoro,"ONION WHITE (YELLOW GRANEX), 1 KG",..,..,..,..,..,..,..,..,..,..,..,..,..,..,..,..,..,..,..,..,..,..,..,..,..,..,..,..,..,..,..,..,..,..,..,..,..,..,..,..,..,..,..,..,..,..,..,..,..,..,..,..,..,..,..,..,..,..,..,..,..,..,..,..,..,..,..,..,..,..,..,..,..,..,..,..,..,..,..,..,..,..,..,..,..,..,..,..,..,..,..,..,..,..,..,..,..,..,..,..,..,..,..,..,..,..,..,..,..,..,..,..,..,..,..,..,..,..,..,..,..,..,..,..,..,..,..,..,..,..
....Oriental Mindoro,"GINGER, 1 KG",..,..,..,..,..,..,..,..,..,..,..,..,..,..,..,..,..,..,..,..,..,..,..,..,..,..,..,..,..,..,..,..,..,..,..,..,..,..,..,..,..,..,..,..,..,..,..,..,..,..,..,..,..,..,..,..,..,..,..,..,..,..,..,..,..,..,..,..,..,..,..,..,..,..,..,..,..,..,..,..,..,..,..,..,..,..,..,..,..,..,..,..,..,..,..,..,..,..,..,..,..,..,..,..,..,..,..,..,..,..,..,..,..,..,..,..,..,..,..,..,..,..,..,..,..,..,..,..,..,..
....Oriental Mindoro,"GARLIC, IMPORTED, 1 KG",..,..,..,..,..,..,..,..,..,..,..,..,..,..,..,..,..,..,..,..,..,..,..,..,..,..,..,..,..,..,..,..,..,..,..,..,..,..,..,..,..,..,..,..,..,..,..,..,..,..,..,..,..,..,..,..,..,..,..,..,..,..,..,..,..,..,..,..,..,..,..,..,..,..,..,..,..,..,..,..,..,..,..,..,..,..,..,..,..,..,..,..,..,..,..,..,..,..,..,..,..,..,..,..,..,..,..,..,..,..,..,..,..,..,..,..,..,..,..,..,..,..,..,..,..,..,..,..,..,..
....Palawan,"GARLIC, NATIVE, 1 KG",22.76,22.30,22.30,22.30,23.65,23.44,23.89,24.78,26.33,26.33,27.24,25.90,24.27,24.99,24.99,24.99,24.78,24.99,24.99,24.99,25.44,25.23,23.44,23.23,51.78,26.99,82.16,75.89,75.89,84.83,113.85,130.37,144.19,118.75,111.25,108.75,110.00,105.00,105.08,107.50,117.50,126.25,115.00,115.00,90.00,100.00,105.00,98.75,95.00,92.50,97.50,105.00,97.50,112.50,115.00,123.75,126.25,128.75,128.75,132.50,132.50,137.50,161.25,170.00,130.52,170.00,171.25,176.88,175.00,175.00,175.00,185.00,167.50,163.75,163.75,163.75,162.50,170.78,159.38,110.00,111.25,146.25,143.75,138.75,112.50,106.00,112.50,118.75,118.75,113.75,124.30,115.00,120.00,115.00,116.25,125.00,146.38,136.50,123.75,146.25,142.50,152.50,155.00,132.84,161.25,166.88,171.25,160.75,162.00,160.00,141.25,132.50,140.63,137.50,125.00,128.75,148.98,131.25,131.25,133.75,123.75,118.75,116.25,120.00,134.29,142.86,145.71,145.71,152.85,133.03
....Palawan,"ONION RED CREOLE (BERMUDA RED), 1 KG",107.85,100.50,91.11,94.38,80.00,86.25,87.50,88.75,90.63,101.25,98.75,93.75,93.39,93.13,91.25,91.25,82.50,78.13,72.50,71.88,73.75,72.50,79.38,77.50,81.25,80.42,88.75,92.50,90.00,74.38,65.63,55.63,56.88,69.38,67.50,71.00,66.63,69.75,72.34,70.63,68.13,57.50,63.13,58.13,60.63,62.50,71.25,66.25,78.13,85.63,95.00,69.74,100.75,108.88,83.75,77.50,86.25,103.75,100.63,116.25,133.75,135.00,111.25,100.00,104.81,92.50,105.00,103.75,97.50,98.75,99.38,102.50,97.50,110.00,92.50,106.25,120.00,102.14,156.25,112.25,103.75,113.13,113.75,116.25,121.25,118.75,123.75,130.00,114.63,101.75,118.79,103.50,112.00,99.50,95.75,92.50,92.50,93.75,73.75,96.25,99.38,140.00,161.25,105.01,206.25,169.38,145.00,140.63,148.75,138.75,135.00,126.25,148.75,161.25,186.25,200.63,158.91,174.38,130.00,135.00,132.50,122.50,127.50,133.75,151.99,151.99,170.23,170.23,214.52,151.22
....Palawan,"ONION WHITE (YELLOW GRANEX), 1 KG",72.05,70.83,70.83,64.72,65.94,63.50,62.28,68.39,73.27,72.66,75.10,72.04,69.30,66.55,72.04,66.55,61.05,56.17,56.17,56.17,54.95,61.05,63.49,65.93,72.65,62.73,76.31,79.36,67.77,58.61,46.40,54.95,59.83,58.61,67.16,65.94,64.72,74.49,64.51,72.66,72.66,67.16,64.72,61.06,61.06,69.61,70.83,64.12,70.83,76.94,80.60,69.35,87.93,100.14,79.38,86.71,85.49,97.70,102.58,107.46,112.34,124.55,97.69,104.21,98.85,104.21,100.95,97.70,97.70,97.70,94.45,97.70,99.33,88.74,99.33,104.21,117.23,99.94,143.29,99.97,102.58,105.02,91.18,97.70,102.59,112.36,129.46,117.25,119.69,118.06,111.60,101.29,100.80,91.60,93.80,97.71,86.31,88.35,88.75,119.13,131.25,133.75,136.88,105.80,143.75,130.00,121.25,125.00,126.25,117.50,103.75,115.00,116.25,121.25,122.50,116.25,121.56,116.25,112.50,120.00,115.00,105.00,106.25,110.00,111.25,113.75,112.50,118.75,122.50,113.65
....Palawan,"GINGER, 1 KG",..,..,..,..,..,..,..,..,..,..,..,..,..,..,..,..,..,..,..,..,..,..,..,..,..,..,..,..,..,..,..,..,..,..,..,..,..,..,..,..,..,..,..,..,..,..,..,..,..,..,..,..,..,..,..,..,..,..,..,..,..,..,..,..,..,..,..,..,..,..,..,..,..,..,..,..,..,..,..,..,..,..,..,..,..,..,..,..,..,..,..,..,..,..,..,..,..,..,..,..,..,..,..,..,..,..,..,..,..,..,..,..,..,..,..,..,..,..,..,..,..,..,..,..,..,..,..,..,..,..
....Palawan,"GARLIC, IMPORTED, 1 KG",..,..,..,..,..,..,..,..,..,..,..,..,..,..,..,..,..,..,..,..,..,..,..,..,..,..,..,..,..,..,..,..,..,..,..,..,..,..,..,..,..,..,..,..,..,..,..,..,..,..,..,..,..,..,..,..,..,..,..,..,..,..,..,..,..,..,..,..,..,..,..,..,..,..,..,..,..,..,..,..,..,..,..,..,..,..,..,..,..,..,..,..,..,..,..,..,..,..,..,..,..,..,..,..,..,..,..,..,..,..,..,..,..,..,..,..,..,..,..,..,..,..,..,..,..,..,..,..,..,..
....Romblon,"GARLIC, NATIVE, 1 KG",139.11,139.11,134.56,104.33,104.33,104.33,101.02,101.02,101.02,101.02,101.02,99.36,110.85,99.36,99.36,99.36,90.25,90.25,89.43,89.43,83.64,82.81,80.33,79.51,79.51,88.60,79.51,79.51,79.51,79.51,110.98,173.92,163.98,145.76,145.76,106.01,106.01,89.44,113.33,87.78,87.78,87.78,80.33,80.75,80.75,87.79,87.79,87.79,95.24,99.38,102.36,88.79,109.32,106.01,99.38,102.69,97.72,100.70,101.86,104.34,117.18,120.07,119.66,118.00,108.08,126.69,125.03,125.86,122.54,124.20,124.20,124.20,124.20,125.86,122.54,124.20,127.51,124.75,135.80,140.77,142.42,137.45,137.45,137.45,142.42,142.42,160.64,195.42,135.80,130.83,144.91,140.77,134.14,117.58,130.00,130.00,133.32,126.69,130.00,136.25,136.25,136.25,136.25,132.29,140.00,152.50,153.75,158.75,161.25,161.25,161.25,161.25,164.38,162.50,162.50,160.00,158.28,160.00,160.00,172.50,171.25,153.75,160.00,186.25,143.75,143.75,136.25,150.00,152.50,157.50
....Romblon,"ONION RED CREOLE (BERMUDA RED), 1 KG",..,..,..,..,..,..,..,..,..,..,..,..,..,..,..,..,..,..,..,..,..,..,..,..,..,..,..,..,..,..,..,..,..,..,..,..,..,..,..,..,..,..,..,..,..,..,..,..,..,..,..,..,..,..,..,..,..,..,..,..,..,..,..,..,..,..,..,..,..,..,..,..,..,..,..,..,..,..,..,..,..,..,..,..,..,..,..,..,..,..,..,..,..,..,..,..,..,..,..,..,..,..,..,..,..,..,..,..,..,..,..,..,..,..,..,..,..,..,..,..,..,..,..,..,..,..,..,..,..,..
....Romblon,"ONION WHITE (YELLOW GRANEX), 1 KG",67.04,67.04,67.04,69.84,70.23,71.03,71.03,75.82,76.61,76.61,77.40,76.61,72.19,76.61,76.61,76.61,85.78,86.18,85.39,82.19,74.21,76.60,76.60,76.60,76.60,79.17,76.60,75.81,75.81,67.03,67.03,72.61,72.61,72.61,72.61,72.61,72.61,72.61,72.55,72.61,72.61,72.61,71.82,71.82,71.82,70.22,61.45,61.45,69.43,78.21,73.81,70.66,86.18,86.18,84.58,78.20,78.20,78.68,80.60,80.60,82.99,84.58,84.58,84.58,82.50,87.78,87.78,87.78,87.78,87.78,86.18,85.39,85.39,83.79,86.18,86.18,86.18,86.52,86.18,86.18,84.58,83.95,83.95,84.58,82.99,82.99,82.99,83.78,82.99,82.99,84.01,82.99,82.19,82.99,75.00,75.00,75.00,74.21,75.00,75.63,75.63,75.63,75.63,77.08,79.38,83.75,80.63,81.88,83.13,83.38,82.63,82.63,83.13,83.13,102.00,101.25,85.58,101.25,97.00,140.00,141.25,107.50,103.25,132.00,117.50,117.50,117.50,117.50,117.50,117.48
....Romblon,"GINGER, 1 KG",126.25,126.25,126.25,126.25,126.25,126.25,126.25,126.25,126.25,126.25,126.25,126.25,126.25,126.25,126.25,126.25,126.25,126.25,126.25,126.25,126.25,126.25,126.25,126.25,126.25,126.25,126.25,126.25,126.25,126.25,126.25,126.25,126.25,126.25,112.67,107.08,98.69,99.08,118.96,99.08,95.89,95.89,95.89,94.29,92.70,111.88,115.07,111.88,111.88,111.88,115.07,104.28,123.05,124.65,124.65,124.65,118.25,118.25,119.85,119.85,118.25,122.25,123.05,126.25,121.92,128.75,125.00,127.50,125.00,125.00,122.50,120.00,110.00,107.50,110.00,110.00,110.00,118.44,116.25,116.25,106.25,105.63,105.63,105.63,105.63,105.63,105.63,105.63,116.25,116.25,109.22,113.75,113.75,113.75,97.50,97.50,97.50,101.25,103.13,103.13,105.63,105.63,105.63,104.85,103.13,108.75,103.13,105.63,105.63,105.63,101.88,105.63,106.88,106.88,106.88,126.25,107.19,129.38,114.38,143.75,145.00,122.50,116.88,146.88,111.88,111.88,111.88,111.88,111.88,123.18
....Romblon,"GARLIC, IMPORTED, 1 KG",..,..,..,..,..,..,..,..,..,..,..,..,..,..,..,..,..,..,..,..,..,..,..,..,..,..,..,..,..,..,..,..,..,..,..,..,..,..,..,..,..,..,..,..,..,..,..,..,..,..,..,..,..,..,..,..,..,..,..,..,..,..,..,..,..,..,..,..,..,..,..,..,..,..,..,..,..,..,..,..,..,..,..,..,..,..,..,..,..,..,..,..,..,..,..,..,..,..,..,..,..,..,..,..,..,..,..,..,..,..,..,..,..,..,..,..,..,..,..,..,..,..,..,..,..,..,..,..,..,..
..REGION V (BICOL REGION),"GARLIC, NATIVE, 1 KG",72.49,65.52,62.45,62.94,62.77,71.55,76.89,83.55,80.32,78.85,82.75,84.69,73.73,83.63,82.57,83.29,82.30,85.81,80.75,79.33,78.24,78.33,77.38,81.80,86.27,81.64,86.20,88.76,83.72,100.03,127.23,194.88,218.76,140.11,133.49,134.45,128.95,130.67,130.60,130.76,117.83,116.51,111.80,115.71,117.24,117.24,115.70,122.80,121.48,123.07,125.07,119.60,129.93,136.17,134.21,142.22,155.66,184.80,179.69,176.01,173.10,174.77,166.29,170.33,160.27,167.18,154.06,151.66,150.20,159.61,163.39,153.30,140.97,137.10,134.63,127.15,145.26,148.71,142.86,139.04,135.37,136.86,137.11,132.86,127.01,126.76,135.54,135.25,137.31,138.50,135.37,136.20,140.94,143.14,139.80,140.53,154.75,151.16,154.35,153.59,155.55,154.38,154.05,148.20,170.43,178.15,177.13,179.20,180.59,168.08,148.32,139.95,142.53,149.79,167.11,172.32,164.47,175.61,176.88,164.93,164.61,157.68,156.71,157.64,163.76,167.13,168.05,167.13,165.84,165.50
..REGION V (BICOL REGION),"ONION RED CREOLE (BERMUDA RED), 1 KG",111.99,104.84,97.18,92.92,86.64,91.63,98.26,100.63,108.95,110.08,110.05,108.66,101.82,102.46,101.11,96.99,85.65,82.90,88.93,86.36,86.81,90.95,92.72,93.36,107.85,93.01,116.05,112.23,94.78,85.97,76.52,77.05,78.70,83.89,85.96,84.79,84.26,83.42,88.64,82.87,81.13,71.13,65.67,66.80,70.03,70.71,75.05,85.65,92.59,105.03,110.00,81.39,117.53,107.53,91.86,102.86,104.49,114.25,110.81,120.43,121.11,126.57,121.75,119.49,113.22,118.38,114.83,101.89,93.27,95.43,96.78,93.41,99.18,101.63,105.80,104.09,109.94,102.89,127.10,115.02,96.11,95.87,99.35,102.34,106.41,110.35,119.22,110.60,108.82,109.05,108.35,103.01,98.51,89.32,80.45,79.45,76.37,78.59,82.32,84.52,90.15,104.96,157.92,93.80,192.50,163.13,124.50,114.86,111.54,114.73,112.90,116.56,136.63,175.33,205.73,197.69,147.18,175.27,138.09,133.92,123.06,114.06,113.06,113.67,119.10,124.24,131.52,137.36,172.54,132.99
..REGION V (BICOL REGION),"ONION WHITE (YELLOW GRANEX), 1 KG",103.23,92.80,89.81,89.61,87.93,92.03,93.19,95.58,101.09,102.33,103.32,99.17,95.84,95.39,93.99,89.77,84.27,82.28,86.40,83.64,88.25,89.72,90.82,91.11,103.08,89.89,105.77,103.86,90.95,82.14,72.67,72.87,75.07,81.52,84.82,89.53,89.39,89.88,86.54,87.83,80.66,72.95,69.04,69.89,75.27,72.42,77.05,82.20,87.29,104.33,109.68,82.38,114.41,111.94,99.32,103.31,108.89,117.30,112.99,119.03,117.66,120.36,119.79,113.59,113.22,110.29,104.20,100.97,101.29,99.84,94.99,92.82,93.29,96.11,116.56,114.01,118.57,103.58,131.71,119.35,103.30,103.60,104.79,105.40,116.76,123.84,137.58,128.48,119.31,116.66,117.57,110.22,105.61,102.71,92.17,89.63,88.22,84.68,86.65,94.72,106.85,106.34,120.54,99.03,129.41,129.32,111.17,103.77,99.75,101.54,103.83,103.05,115.88,130.38,135.97,136.30,116.70,136.30,122.95,118.76,109.72,102.24,103.03,106.22,103.11,105.84,104.70,109.39,118.27,111.71
..REGION V (BICOL REGION),"GINGER, 1 KG",15.00,14.39,14.03,14.73,14.25,14.31,13.84,14.03,13.93,14.02,14.01,14.16,14.23,13.76,13.60,13.78,13.42,13.47,13.66,13.70,13.70,13.95,14.39,14.45,14.43,13.86,14.63,14.91,14.79,15.66,18.81,22.27,26.39,27.96,27.96,27.75,27.75,27.75,22.22,28.68,25.02,24.71,25.45,35.90,42.89,44.57,45.63,43.59,40.98,39.50,36.39,36.11,41.07,38.63,36.31,36.77,36.97,38.94,38.65,39.14,38.37,39.63,40.76,37.64,38.57,38.84,34.88,34.02,36.47,45.88,53.30,52.78,53.82,53.31,54.85,54.49,47.51,46.68,47.76,47.51,46.01,43.96,46.78,43.13,43.80,44.68,45.15,46.96,49.34,48.29,46.11,48.11,49.58,50.28,49.15,57.01,81.78,84.38,87.24,88.45,90.05,84.88,84.31,71.27,82.70,81.50,83.89,99.37,98.91,173.77,171.23,170.25,161.08,166.73,163.90,143.80,133.09,138.45,134.95,131.05,120.90,125.55,128.95,134.70,131.42,127.59,122.26,122.29,120.78,128.24
..REGION V (BICOL REGION),"GARLIC, IMPORTED, 1 KG",37.15,32.96,34.01,37.93,36.68,48.31,50.46,49.77,50.92,50.05,47.93,45.18,43.45,47.25,46.65,47.08,47.63,48.39,46.40,44.25,41.72,42.69,40.14,41.28,46.11,44.97,47.81,45.96,43.80,54.82,85.84,136.29,149.39,73.18,65.92,63.73,63.78,62.20,74.39,66.45,59.10,61.14,64.34,63.07,61.24,71.89,71.19,79.93,81.31,82.30,85.10,70.59,87.80,94.73,102.03,118.10,128.79,138.78,142.11,141.44,140.44,142.69,137.95,140.01,126.24,144.21,131.48,135.82,142.43,137.89,134.50,137.72,137.27,136.27,138.59,133.99,135.90,137.17,140.07,138.40,124.83,112.00,103.75,105.83,100.42,97.08,100.42,95.00,96.67,95.00,109.12,89.17,93.75,98.33,100.83,106.25,134.17,131.67,129.58,133.75,134.13,127.75,127.75,117.26,141.25,162.71,160.79,179.72,177.50,144.78,124.63,114.38,118.83,114.92,122.25,131.67,141.12,128.25,121.08,129.83,126.17,115.33,111.42,114.00,119.78,120.94,118.70,117.07,117.15,119.98
....Albay,"GARLIC, NATIVE, 1 KG",108.11,97.20,97.20,97.20,97.20,94.44,94.44,119.01,97.89,94.44,112.20,129.96,103.27,129.96,129.96,128.85,128.85,128.85,128.85,128.85,128.85,134.32,134.32,134.32,133.24,130.77,133.24,129.97,131.04,139.23,139.23,172.00,210.22,172.00,172.00,190.00,162.50,190.00,161.79,190.00,168.57,168.57,142.50,142.50,145.00,145.00,145.00,145.00,145.00,145.00,135.00,151.43,135.00,146.25,138.75,138.75,138.75,142.50,142.50,141.25,141.25,141.25,141.25,141.25,140.73,141.25,125.32,125.32,105.94,105.94,107.80,107.80,106.85,106.85,106.85,106.85,172.50,118.27,172.50,172.50,167.50,165.00,165.00,165.00,166.67,166.67,186.67,186.67,186.67,186.67,173.96,186.67,186.67,186.67,186.67,183.33,183.33,193.33,200.00,200.00,200.00,200.00,200.00,192.22,213.33,213.33,213.33,213.33,213.33,206.67,173.33,176.67,186.67,220.00,280.00,280.00,215.83,280.00,272.50,267.50,267.50,267.50,267.50,270.00,260.00,260.00,260.00,260.00,260.00,266.04
....Albay,"ONION RED CREOLE (BERMUDA RED), 1 KG",84.37,80.92,71.80,73.53,73.53,74.05,74.39,74.39,74.05,79.22,80.94,78.36,76.63,79.23,79.23,79.23,70.27,70.27,70.96,76.47,76.47,77.84,77.84,79.22,84.39,76.79,87.83,87.83,80.94,80.94,70.27,66.83,59.94,56.50,66.83,65.45,64.08,64.08,70.96,64.08,69.25,60.64,56.51,58.58,65.46,65.46,65.46,62.02,62.02,72.36,72.36,64.52,82.70,96.48,68.92,68.92,72.36,93.03,93.03,99.92,93.03,96.47,93.03,93.03,87.58,93.03,82.69,82.69,79.25,79.25,79.25,80.97,79.25,79.25,79.25,80.97,96.48,82.69,103.38,89.60,82.70,82.70,82.70,82.70,86.14,86.14,120.61,106.82,106.82,110.27,95.05,99.93,103.37,86.14,80.97,74.09,68.92,68.92,78.39,74.95,77.50,105.00,142.50,88.39,188.75,137.50,87.50,95.00,92.50,92.50,96.25,115.00,147.50,217.50,230.00,147.50,137.29,147.50,110.00,132.50,117.50,110.00,125.00,105.00,122.50,128.13,133.75,146.25,156.25,127.87
....Albay,"ONION WHITE (YELLOW GRANEX), 1 KG",94.77,92.96,87.54,87.54,89.35,85.20,87.00,85.20,92.41,94.22,99.28,97.47,91.08,97.47,97.47,96.03,93.86,93.86,94.57,93.13,95.65,95.11,95.11,96.56,100.17,95.75,100.17,96.56,87.90,73.45,64.25,60.64,68.58,70.39,83.03,83.39,81.95,87.37,79.81,88.81,81.59,74.38,68.60,68.60,75.83,77.64,75.83,77.64,79.44,101.11,104.73,81.18,113.75,115.56,88.48,92.09,95.70,122.78,124.59,117.36,106.53,102.92,104.73,104.73,107.44,102.92,90.28,90.28,90.28,92.09,90.28,90.28,88.48,89.38,114.66,103.83,122.79,97.13,119.18,111.95,104.73,101.11,104.73,101.11,122.78,122.78,126.40,111.95,111.95,97.51,111.35,99.32,99.32,93.90,84.86,79.44,80.35,70.42,78.54,89.37,97.50,100.00,101.25,89.52,118.75,100.00,88.75,96.67,96.25,91.25,92.50,100.63,101.25,128.75,138.75,121.25,106.23,121.25,118.75,114.00,97.50,91.25,94.38,95.63,91.88,96.88,97.50,107.50,103.75,102.52
....Albay,"GINGER, 1 KG",..,..,..,..,..,..,..,..,..,..,..,..,..,..,..,..,..,..,..,..,..,..,..,..,..,..,..,..,..,..,..,..,..,..,..,..,..,..,..,..,..,..,..,..,..,..,..,..,..,..,..,..,..,..,..,..,..,..,..,..,..,..,..,..,..,..,..,..,..,..,..,..,..,..,..,..,..,..,..,..,..,..,..,..,..,..,..,..,..,..,..,..,..,..,..,..,..,..,..,..,..,..,..,..,..,..,..,..,..,..,..,..,..,..,..,..,..,..,..,..,..,..,..,..,..,..,..,..,..,..
....Albay,"GARLIC, IMPORTED, 1 KG",..,..,..,..,..,..,..,..,..,..,..,..,..,..,..,..,..,..,..,..,..,..,..,..,..,..,..,..,..,..,..,..,..,..,..,..,..,..,..,..,..,..,..,..,..,..,..,..,..,..,..,..,..,..,..,..,..,..,..,..,..,..,..,..,..,..,..,..,..,..,..,..,..,..,..,..,..,..,..,..,..,..,..,..,..,..,..,..,..,..,..,..,..,..,..,..,..,..,..,..,..,..,..,..,..,..,..,..,..,..,..,..,..,..,..,..,..,..,..,..,..,..,..,..,..,..,..,..,..,..
....Camarines Norte,"GARLIC, NATIVE, 1 KG",..,..,..,..,..,..,..,..,..,..,..,..,..,..,..,..,..,..,..,..,..,..,..,..,..,..,..,..,..,..,..,..,..,..,..,..,..,..,..,..,..,..,..,..,..,..,..,..,..,..,..,..,..,..,..,..,..,..,..,..,..,..,..,..,..,..,..,..,..,..,..,..,..,..,..,..,..,..,..,..,..,..,..,..,..,..,..,..,..,..,..,..,..,..,..,..,..,..,..,..,..,..,..,..,..,..,..,..,..,..,..,..,..,..,..,..,..,..,..,..,..,..,..,..,..,..,..,..,..,..
....Camarines Norte,"ONION RED CREOLE (BERMUDA RED), 1 KG",162.84,144.05,130.19,132.96,131.85,141.28,144.05,144.05,166.17,169.22,165.06,166.17,149.82,149.53,149.53,140.59,128.80,128.04,132.89,121.80,130.12,130.12,132.89,135.66,149.46,135.79,166.03,161.94,142.53,132.82,114.04,105.72,122.29,129.98,128.25,135.39,127.83,114.80,131.80,123.46,121.31,107.24,86.65,95.32,95.32,95.32,95.32,143.01,143.01,143.01,143.01,116.00,143.01,108.35,108.35,143.01,143.01,143.01,143.01,143.01,143.01,143.01,143.01,143.01,137.23,153.83,151.12,133.59,107.94,118.75,118.75,118.75,118.75,118.75,118.75,118.75,118.75,124.71,118.75,118.75,90.00,88.75,95.00,98.75,107.50,110.00,120.00,105.00,100.00,100.00,104.38,97.50,90.00,82.50,76.25,80.00,75.00,72.50,81.25,80.00,82.13,99.75,165.00,90.16,195.00,156.25,99.50,102.50,116.75,113.38,115.88,116.88,141.00,184.50,205.63,194.88,145.18,150.38,121.63,128.50,117.13,118.13,117.13,121.38,122.94,128.54,141.84,142.50,190.74,133.40
....Camarines Norte,"ONION WHITE (YELLOW GRANEX), 1 KG",109.42,94.32,88.66,90.55,83.48,101.40,103.77,103.77,109.43,115.27,112.44,116.22,102.39,110.56,107.73,98.57,90.56,89.24,94.90,88.21,90.56,90.56,96.22,98.11,111.31,97.21,115.09,112.26,95.28,92.45,69.81,73.10,79.23,87.72,86.78,95.73,96.68,89.13,91.11,91.48,86.77,78.75,66.02,72.15,75.45,74.50,76.39,84.88,84.88,98.09,103.75,82.76,122.61,119.78,109.41,114.12,121.67,120.73,115.07,118.84,113.18,113.18,116.01,113.18,116.48,114.12,105.63,102.80,103.75,107.52,105.63,101.86,103.75,118.21,143.36,147.13,137.70,115.96,143.36,119.68,103.55,103.55,103.74,109.40,116.94,124.49,139.58,137.70,120.72,116.94,119.97,116.94,107.51,99.96,94.53,99.67,91.31,87.51,84.66,102.72,118.75,122.50,107.50,102.80,105.00,106.25,94.00,90.25,91.50,100.50,100.50,95.25,109.50,115.50,111.50,109.75,102.46,109.75,98.88,100.50,98.88,99.00,100.25,100.25,98.00,98.13,92.50,100.63,103.75,100.04
....Camarines Norte,"GINGER, 1 KG",28.44,28.44,28.44,31.19,30.25,30.25,30.25,31.19,31.63,31.19,31.19,31.19,30.30,28.44,28.44,28.44,28.44,28.44,28.66,28.66,28.66,28.66,28.44,28.44,28.44,28.51,28.44,28.44,27.50,27.50,27.50,29.81,36.69,41.25,41.25,40.00,40.00,40.00,34.03,40.00,39.17,37.08,44.17,38.75,39.38,46.25,49.06,56.88,56.88,56.88,56.88,46.78,93.75,93.75,85.63,88.75,88.75,93.75,93.75,93.75,88.75,93.75,106.25,90.63,92.61,90.63,88.74,84.02,100.07,87.80,89.23,89.23,89.23,84.47,89.23,101.13,66.25,88.34,68.75,68.75,62.75,55.00,56.25,51.25,69.38,73.13,69.38,67.50,75.00,77.50,66.22,82.50,77.50,78.75,87.50,97.50,110.00,122.50,120.00,121.25,137.50,145.00,143.75,110.31,126.25,131.25,132.50,196.25,195.00,227.50,206.50,190.63,166.25,193.63,172.00,176.50,176.19,169.00,161.50,166.50,152.00,147.75,151.00,149.75,144.34,130.32,122.83,130.94,130.20,146.34
....Camarines Norte,"GARLIC, IMPORTED, 1 KG",17.95,16.82,16.82,26.22,17.68,17.95,17.95,17.95,18.97,18.53,18.53,18.53,18.66,18.53,19.11,19.24,19.38,19.38,21.63,19.96,19.96,19.96,19.96,19.38,19.96,19.70,19.52,19.82,19.65,20.81,19.96,36.68,43.25,26.39,25.99,25.54,26.39,24.28,25.69,20.88,21.73,22.14,22.44,20.64,20.64,51.94,51.94,73.22,73.22,73.22,73.22,43.77,73.22,89.40,106.43,123.46,123.46,123.46,123.46,123.46,123.46,123.46,123.46,123.46,115.02,106.12,110.45,112.63,114.26,105.00,105.00,105.00,105.00,105.00,105.00,105.00,105.00,106.96,105.00,105.00,92.00,96.63,95.00,101.25,90.00,87.50,97.50,90.00,90.00,87.50,94.78,92.50,90.00,92.50,102.50,102.50,128.75,135.00,140.00,145.00,143.63,140.75,138.25,120.95,138.75,164.38,161.13,192.50,196.25,148.50,131.88,124.13,122.75,121.75,118.00,138.75,146.56,138.50,128.25,140.75,138.50,123.50,116.00,110.75,125.45,121.57,115.69,112.52,113.10,123.72
....Camarines Sur,"GARLIC, NATIVE, 1 KG",77.67,69.93,69.93,69.93,69.93,93.55,98.28,113.39,112.45,113.39,108.29,106.50,91.94,104.32,101.29,107.34,111.40,113.01,108.28,104.50,102.98,94.86,91.27,91.27,100.53,102.59,100.53,104.31,102.42,134.17,186.14,332.58,347.70,178.57,145.50,132.28,132.28,113.38,167.49,126.61,109.60,111.48,113.37,118.10,115.27,115.27,115.27,115.27,114.32,117.15,124.71,116.37,128.49,136.05,132.27,136.05,147.39,198.41,198.41,198.41,194.63,197.46,196.51,219.19,173.61,221.08,207.85,207.85,219.19,245.65,251.32,222.22,174.82,162.51,144.56,137.95,137.95,194.41,124.72,121.89,128.50,120.95,124.73,120.95,113.39,113.39,128.51,105.83,120.96,124.74,120.71,98.28,113.39,124.73,106.62,114.12,133.27,119.95,127.45,116.62,120.00,125.00,118.75,118.18,138.75,158.75,148.75,150.00,146.25,135.00,131.25,123.13,120.63,126.25,128.75,136.25,136.98,136.25,137.50,115.00,120.00,105.00,102.50,102.50,130.00,125.00,122.50,120.00,122.50,119.90
....Camarines Sur,"ONION RED CREOLE (BERMUDA RED), 1 KG",84.65,81.37,66.73,60.24,66.41,74.38,86.76,90.00,99.06,98.08,97.26,85.46,82.53,79.76,78.13,71.80,70.00,61.68,66.41,64.46,64.46,75.71,74.89,78.94,90.27,73.04,100.04,95.86,78.13,68.79,53.71,50.12,56.64,70.00,70.00,70.00,70.00,70.00,71.11,71.25,78.75,55.00,55.00,52.50,56.50,57.50,60.00,62.50,75.00,97.50,97.50,68.25,105.00,105.00,97.50,100.00,100.01,100.00,98.75,111.25,112.50,122.50,115.00,115.00,106.88,117.05,129.37,90.35,90.35,86.24,92.81,91.65,103.25,104.41,113.69,106.73,106.73,102.72,106.73,106.73,97.50,97.50,102.50,106.25,103.75,108.75,117.50,106.25,117.50,115.00,107.16,97.50,95.00,92.50,84.00,77.50,71.25,78.75,78.75,82.50,95.00,93.75,165.00,92.63,183.75,172.50,155.00,120.00,130.00,132.50,118.75,107.50,127.50,150.00,185.00,202.50,148.75,148.75,115.00,125.00,116.25,102.50,95.00,100.00,106.83,111.61,114.92,134.85,172.33,120.25
....Camarines Sur,"ONION WHITE (YELLOW GRANEX), 1 KG",84.90,83.21,69.62,69.62,69.62,76.08,85.92,85.92,91.87,95.95,94.93,81.85,82.46,80.49,76.08,67.50,68.86,67.59,66.92,68.61,68.61,76.76,80.50,82.54,91.71,74.68,91.71,97.49,81.52,74.39,56.05,52.31,59.11,71.34,74.73,83.23,78.13,79.82,74.99,79.82,78.13,57.75,59.44,62.84,64.53,62.84,67.93,66.23,72.60,102.74,96.80,72.64,94.25,93.40,90.00,90.00,96.80,106.99,105.29,110.39,103.60,103.60,100.20,79.82,97.86,76.43,88.32,86.62,83.23,90.02,79.83,80.69,79.83,86.63,132.50,115.51,107.87,92.29,103.63,104.48,90.04,102.78,107.03,107.03,105.33,124.03,130.82,124.03,103.64,115.53,109.86,84.95,96.00,100.24,96.00,82.18,84.62,84.62,85.43,94.38,102.50,107.50,130.00,95.70,117.50,125.00,121.25,98.33,96.25,97.50,105.00,100.00,120.00,140.00,142.50,120.00,115.28,120.00,121.25,125.00,121.25,107.50,115.00,107.50,100.00,103.75,101.25,97.50,102.50,110.21
....Camarines Sur,"GINGER, 1 KG",13.84,13.84,13.84,13.84,13.46,13.23,11.61,11.61,10.67,10.67,10.63,10.86,12.34,11.05,11.14,11.14,10.91,10.75,11.01,10.31,10.31,11.23,13.46,13.46,13.69,11.54,14.63,15.79,16.62,20.10,26.93,34.35,37.13,34.13,34.13,34.13,34.13,34.13,28.02,33.68,28.70,28.70,28.70,52.74,62.05,63.60,56.23,48.09,47.31,44.98,44.98,44.98,34.90,36.06,34.90,32.57,32.57,32.57,32.57,33.35,34.51,34.13,34.13,34.13,33.87,33.68,28.70,28.70,28.70,52.74,62.05,62.05,63.52,65.74,65.00,65.00,65.00,51.74,65.00,65.00,62.50,62.50,59.50,61.88,62.50,62.50,63.75,66.25,72.50,70.00,64.49,67.50,66.25,67.50,62.50,91.25,104.38,112.50,111.25,123.75,132.50,133.75,130.00,100.26,125.00,121.25,110.00,133.33,137.50,158.75,160.00,156.25,132.50,131.25,138.75,137.50,136.84,120.00,125.00,125.00,127.50,135.00,130.00,133.75,130.98,121.97,129.40,127.68,125.40,127.64
....Camarines Sur,"GARLIC, IMPORTED, 1 KG",43.89,40.10,40.10,40.10,42.25,63.91,65.00,67.15,65.98,67.15,56.93,53.94,53.88,58.93,58.29,61.20,61.31,61.31,60.45,58.30,55.26,54.40,46.15,47.79,57.65,56.75,58.66,57.36,58.50,76.91,106.16,191.75,197.15,97.50,97.50,97.50,97.50,97.50,102.83,108.75,92.50,97.50,107.50,103.75,100.00,97.50,97.50,100.00,105.00,105.00,105.00,101.67,107.50,110.00,117.50,145.00,168.75,182.50,183.75,188.75,187.50,192.50,190.00,188.75,163.54,210.53,179.07,188.75,208.11,200.85,193.59,194.92,200.22,198.89,204.19,201.54,200.21,198.41,200.21,200.21,180.00,140.00,120.00,117.50,110.00,105.00,110.00,95.00,105.00,105.00,132.33,85.00,100.00,105.00,102.50,113.75,142.50,127.50,123.75,125.00,127.50,125.00,118.75,116.35,141.25,160.00,151.25,150.00,146.25,135.00,126.25,118.75,130.00,122.50,122.50,122.50,135.52,120.00,115.00,122.50,117.50,105.00,102.50,112.50,110.25,112.73,105.41,116.68,116.34,113.03
....Catanduanes,"GARLIC, NATIVE, 1 KG",59.32,50.16,53.94,56.78,58.80,72.82,79.63,75.05,81.18,76.33,82.28,74.19,68.37,76.49,75.13,73.78,74.85,75.27,68.25,64.06,61.36,64.93,64.74,67.91,73.04,69.98,75.87,72.37,64.61,87.80,151.07,206.35,239.93,117.47,117.47,117.47,117.47,117.47,123.78,120.95,116.60,113.12,113.12,119.21,120.95,120.95,115.73,117.47,121.82,124.43,133.13,119.79,146.18,143.57,148.79,138.78,169.68,230.59,217.54,206.66,203.39,200.13,166.19,166.19,178.14,171.11,164.95,160.03,160.03,168.65,171.13,161.44,153.36,150.94,148.51,123.33,123.33,154.73,123.33,123.33,123.33,123.33,123.33,123.33,90.00,98.75,95.00,95.00,91.43,88.57,108.23,88.57,87.14,94.29,95.71,91.43,127.14,120.00,124.29,125.71,117.14,110.00,117.14,108.21,135.71,144.29,148.57,166.00,167.14,145.00,108.29,97.43,102.86,97.71,124.29,132.86,130.85,124.29,120.00,127.14,124.29,117.14,112.29,115.71,118.50,119.19,119.19,118.50,115.02,119.27
....Catanduanes,"ONION RED CREOLE (BERMUDA RED), 1 KG",90.80,73.42,65.05,58.16,66.89,69.46,73.82,79.41,88.36,87.36,87.69,89.15,77.46,78.30,78.19,67.11,63.98,55.03,61.63,61.07,61.97,68.23,72.93,73.04,92.84,69.53,91.27,90.60,71.81,64.09,48.21,57.04,58.16,63.53,71.03,65.99,69.35,71.58,68.56,62.31,64.20,59.84,51.45,55.03,61.74,57.04,59.73,64.20,74.94,85.01,89.48,65.41,107.38,97.65,88.70,87.24,100.67,107.38,100.67,106.93,107.38,111.85,111.63,112.97,103.37,98.32,101.32,94.44,81.19,86.84,97.44,91.34,97.02,97.43,101.49,101.28,102.50,95.88,137.50,116.25,103.75,105.63,100.00,105.00,102.50,110.00,110.00,108.75,107.50,105.00,109.32,105.00,92.50,87.50,78.00,80.00,73.75,73.75,80.00,82.50,87.50,96.25,145.00,90.15,206.25,185.00,132.50,136.67,107.50,120.00,114.00,112.50,123.75,175.00,217.50,248.75,156.62,200.00,146.25,156.25,140.00,126.25,121.25,128.13,131.76,133.58,146.27,140.23,150.87,143.40
....Catanduanes,"ONION WHITE (YELLOW GRANEX), 1 KG",99.50,85.29,85.29,85.29,89.20,89.55,81.74,90.62,101.28,86.89,86.89,65.57,87.26,66.64,67.53,63.09,63.97,64.85,60.05,60.41,85.28,87.95,80.31,80.84,92.40,72.78,89.73,89.28,81.82,74.36,58.10,61.30,65.30,77.29,79.96,82.09,84.76,84.76,77.40,76.23,70.63,70.63,63.97,63.97,67.17,63.97,63.97,73.57,79.97,101.30,101.30,74.72,117.30,119.04,116.37,114.10,131.69,129.56,116.76,122.09,131.69,136.49,137.02,137.02,125.76,126.89,115.16,111.43,109.83,106.10,99.17,99.17,98.64,95.97,95.97,102.37,95.97,104.72,122.63,111.97,111.97,99.71,107.97,114.64,106.64,111.97,146.10,114.11,114.11,114.11,114.66,114.32,85.31,93.84,85.31,87.25,78.53,68.84,70.78,70.78,78.57,79.29,125.71,86.54,161.43,167.14,114.29,109.00,97.00,100.00,100.00,101.14,118.29,124.29,124.29,134.29,120.93,134.29,115.71,114.29,100.71,100.71,98.57,101.43,100.00,100.00,105.71,105.71,100.00,106.43
....Catanduanes,"GINGER, 1 KG",17.82,16.03,14.24,14.24,14.24,14.24,14.24,14.24,14.24,15.14,15.14,15.14,14.91,15.14,14.24,15.14,14.24,14.69,15.14,16.02,16.02,16.37,16.37,16.37,16.02,15.48,16.02,15.57,15.14,16.02,24.92,32.04,33.83,32.50,32.50,32.50,32.50,32.50,26.34,30.00,25.94,26.47,26.47,35.94,42.25,36.63,46.50,50.94,45.63,45.63,43.13,37.96,39.75,31.09,28.75,25.63,28.75,29.38,28.75,28.75,28.75,28.75,27.38,27.38,29.43,25.27,21.85,22.30,22.30,30.28,35.60,34.84,34.84,34.84,34.84,33.18,33.18,30.28,33.18,33.18,31.67,31.67,27.50,26.88,20.25,19.63,17.00,20.63,21.25,22.50,25.45,23.13,22.97,23.13,23.75,25.63,25.63,28.44,32.81,32.81,32.19,32.19,33.13,27.98,32.81,32.19,33.44,40.21,41.88,148.83,112.17,138.13,124.13,151.25,166.25,162.50,98.65,150.75,152.00,136.25,140.00,140.00,143.75,138.75,143.53,138.75,137.15,130.72,124.03,139.64
....Catanduanes,"GARLIC, IMPORTED, 1 KG",49.61,41.95,45.11,47.48,50.10,63.07,68.42,64.21,67.80,64.47,68.32,63.07,57.80,64.29,62.54,60.79,62.19,64.47,57.11,54.48,49.93,53.70,54.31,56.68,60.71,58.43,65.26,60.71,53.26,66.75,131.39,180.45,207.78,95.65,74.28,68.15,67.45,64.82,94.66,69.73,63.07,63.77,63.07,64.82,63.07,66.22,64.12,66.57,65.70,68.67,77.08,66.32,82.69,84.79,82.16,85.84,94.17,110.37,119.13,112.12,110.37,112.12,100.38,107.83,100.16,115.99,104.92,106.08,104.92,107.83,104.92,113.24,106.58,104.91,106.58,95.42,102.50,106.16,115.00,110.00,102.50,99.38,96.25,98.75,101.25,98.75,93.75,100.00,95.00,92.50,100.26,90.00,91.25,97.50,97.50,102.50,131.25,132.50,125.00,131.25,131.25,117.50,126.25,114.48,143.75,163.75,170.00,196.67,190.00,150.83,115.75,100.25,103.75,100.50,126.25,133.75,141.27,126.25,120.00,126.25,122.50,117.50,115.75,118.75,123.63,128.51,135.01,122.00,122.00,123.18
....Masbate,"GARLIC, NATIVE, 1 KG",57.75,57.75,41.50,41.50,43.31,49.63,59.55,57.75,59.55,59.55,59.55,60.45,53.99,55.04,52.33,54.13,45.11,46.92,46.92,48.72,47.82,48.72,46.92,43.31,50.52,48.87,54.13,54.13,52.33,72.18,88.42,157.89,166.01,120.00,120.00,120.00,120.00,120.00,103.76,107.50,90.00,90.00,92.50,102.50,102.50,100.00,100.00,121.25,120.00,120.00,122.50,105.73,122.50,132.50,126.25,152.50,170.00,187.50,192.50,190.00,175.00,172.50,165.00,165.00,162.60,147.81,123.75,123.75,127.19,140.94,140.94,144.70,142.82,131.54,129.66,124.02,142.50,134.97,135.00,130.00,115.00,122.50,125.00,112.50,122.50,112.50,112.50,117.50,107.50,107.50,118.33,110.00,115.00,107.50,110.00,111.25,125.00,125.00,132.50,137.50,145.00,137.50,137.50,124.48,162.50,172.50,180.00,186.67,185.00,176.25,158.75,135.00,135.00,140.00,130.00,137.50,158.26,157.50,174.38,162.50,161.25,148.75,141.25,137.50,140.14,145.43,148.07,149.39,154.68,151.74
....Masbate,"ONION RED CREOLE (BERMUDA RED), 1 KG",133.23,133.23,133.23,133.23,94.13,98.47,112.95,112.95,124.54,124.54,124.54,125.99,120.92,112.95,107.16,107.16,81.10,86.89,95.58,86.89,83.99,92.68,98.47,92.68,108.61,96.18,125.99,120.19,110.06,91.23,92.68,110.06,92.68,92.68,92.68,92.68,92.68,98.47,101.01,92.68,75.30,72.41,70.96,69.51,69.51,70.96,92.68,95.58,107.16,124.54,136.12,89.78,141.92,125.27,104.27,110.06,112.95,133.23,118.75,139.02,141.92,147.71,142.65,144.09,130.15,135.61,110.19,105.95,103.83,101.71,101.71,90.65,106.13,108.34,112.77,108.90,110.00,107.98,147.50,130.00,97.50,90.00,112.50,112.50,122.50,127.50,127.50,122.50,105.00,102.50,116.46,107.50,105.00,87.50,85.00,82.50,87.50,100.00,91.25,101.25,101.25,120.00,145.00,101.15,167.50,162.50,142.50,111.67,110.00,105.00,120.00,110.00,110.00,125.00,195.00,220.00,139.93,232.50,203.13,133.75,125.00,120.00,110.00,112.50,115.55,118.59,118.59,124.67,163.78,139.84
....Masbate,"ONION WHITE (YELLOW GRANEX), 1 KG",104.25,80.71,87.44,87.44,80.71,90.80,87.44,87.44,94.16,104.25,108.96,115.01,94.05,96.85,95.84,94.16,77.35,72.31,85.76,77.36,77.36,79.03,84.07,80.71,102.57,85.28,109.29,109.29,97.53,80.71,84.07,97.53,80.71,80.71,80.71,80.71,80.71,84.07,88.84,80.71,67.26,63.89,63.89,60.53,77.35,62.22,80.71,84.07,95.84,107.61,117.70,80.15,124.42,114.33,94.15,97.52,97.52,107.61,104.24,121.06,124.42,131.15,131.15,124.42,114.33,121.06,107.61,104.24,114.33,97.52,97.52,87.43,94.15,80.70,100.88,104.24,114.33,102.00,147.96,131.14,97.52,94.15,89.11,84.07,124.43,131.16,131.16,137.89,124.43,121.07,117.84,110.98,121.07,105.94,95.66,88.83,92.24,99.08,98.22,93.95,102.50,110.00,122.50,103.41,132.50,143.75,128.75,111.67,107.50,102.50,112.50,105.00,111.25,123.75,141.25,176.25,124.72,176.25,153.13,131.25,120.00,112.50,107.50,117.50,118.75,123.75,122.50,126.25,153.75,130.26
....Masbate,"GINGER, 1 KG",10.33,10.33,10.33,10.33,9.30,9.65,9.30,9.30,9.30,9.30,9.30,9.30,9.67,9.98,9.98,9.98,9.30,9.30,9.30,9.30,9.30,9.30,9.98,9.98,9.98,9.64,9.98,10.68,10.68,10.68,10.68,10.68,18.59,26.17,26.17,26.17,26.17,26.17,17.74,33.77,25.33,25.33,21.95,46.01,63.32,67.54,67.54,53.19,48.12,43.06,29.55,43.73,29.97,25.75,25.75,30.39,28.28,32.51,31.66,33.35,33.35,35.04,29.55,29.55,30.43,38.13,28.60,28.60,24.78,51.95,71.50,69.64,73.36,73.36,77.07,65.00,65.00,55.58,63.75,62.50,65.00,62.50,82.50,67.50,58.75,60.00,67.50,75.00,72.50,66.25,66.98,62.50,76.25,77.50,67.50,65.00,162.50,152.50,166.25,158.75,142.50,107.50,108.75,112.29,123.75,117.50,137.50,120.00,112.50,142.50,185.00,176.25,180.00,180.00,170.00,92.50,144.79,112.50,108.75,95.00,77.50,90.00,92.50,120.00,110.77,116.93,116.93,104.62,106.76,104.36
....Masbate,"GARLIC, IMPORTED, 1 KG",..,..,..,..,..,..,..,..,..,..,..,..,..,..,..,..,..,..,..,..,..,..,..,..,..,..,..,..,..,..,..,..,..,..,..,..,..,..,..,..,..,..,..,..,..,..,..,..,..,..,..,..,..,..,..,..,..,..,..,..,..,..,..,..,..,..,..,..,..,..,..,..,..,..,..,..,..,..,..,..,..,..,..,..,..,..,..,..,..,..,..,..,..,..,..,..,..,..,..,..,..,..,..,..,..,..,..,..,..,..,..,..,..,..,..,..,..,..,..,..,..,..,..,..,..,..,..,..,..,..
....Sorsogon,"GARLIC, NATIVE, 1 KG",59.58,52.54,49.66,49.29,44.59,47.29,52.53,52.53,50.54,50.54,51.44,52.35,51.07,52.35,54.15,52.35,51.27,64.98,51.44,50.54,50.19,48.82,49.64,72.19,74.01,55.99,67.23,83.02,68.22,66.77,71.30,105.59,129.96,112.50,112.50,112.50,112.50,112.50,96.22,108.75,104.38,99.38,97.50,96.25,102.50,105.00,102.50,115.00,106.25,108.75,110.00,104.69,117.50,122.50,125.00,145.00,152.50,165.00,147.50,143.75,151.25,162.50,162.50,160.00,146.25,154.67,148.45,141.34,138.67,136.89,145.78,130.32,127.01,133.64,143.58,143.58,150.00,141.16,158.75,147.50,142.50,152.50,147.50,142.50,142.50,142.50,155.00,171.25,180.00,185.00,155.63,197.50,202.50,202.50,200.00,202.50,205.00,197.50,187.50,188.13,195.63,199.38,196.88,197.92,201.88,201.88,195.00,180.00,191.25,177.50,170.00,167.50,167.50,165.00,172.50,175.00,180.42,180.00,180.00,152.50,150.00,150.00,160.00,162.50,170.17,186.04,190.47,187.78,177.02,170.54
....Sorsogon,"ONION RED CREOLE (BERMUDA RED), 1 KG",116.06,116.06,116.06,99.37,87.04,92.12,97.56,103.00,101.54,102.08,104.80,106.80,103.54,114.96,114.42,116.05,99.73,95.47,106.08,107.44,103.82,101.10,99.28,100.64,121.50,106.71,125.12,116.96,85.22,77.97,80.23,72.53,82.50,90.66,86.95,79.24,81.60,81.60,88.38,83.42,77.98,71.63,73.45,69.83,71.64,78.00,77.09,86.61,93.41,107.74,121.53,84.36,125.15,112.45,83.44,107.93,97.95,108.83,110.65,122.44,128.79,137.87,125.17,108.84,114.13,112.46,114.28,104.30,97.05,99.77,90.69,87.07,90.69,101.57,108.83,107.93,125.16,103.32,148.74,128.78,105.21,110.65,103.39,108.83,116.09,119.71,119.71,114.27,116.09,121.53,117.75,110.65,105.21,99.77,78.48,82.61,81.78,77.64,84.25,85.90,97.50,115.00,185.00,100.32,213.75,165.00,130.00,123.33,112.50,125.00,112.50,137.50,170.00,200.00,201.25,172.50,155.28,172.50,132.50,127.50,122.50,107.50,110.00,115.00,115.00,125.00,133.75,135.63,201.25,133.18
....Sorsogon,"ONION WHITE (YELLOW GRANEX), 1 KG",126.54,120.32,120.32,117.21,115.23,109.12,113.26,120.52,117.41,117.41,117.41,118.87,117.80,120.33,119.28,119.28,110.99,105.80,116.17,114.10,112.02,108.91,108.70,107.88,120.33,113.65,128.62,118.25,101.66,97.50,103.72,92.32,97.50,101.66,103.73,112.03,114.11,114.11,107.10,109.95,99.58,92.32,92.32,91.27,91.27,93.35,97.49,106.83,110.99,115.13,133.80,102.86,114.10,109.53,97.49,112.01,109.93,116.15,112.01,124.45,126.53,134.82,129.64,122.37,117.42,120.30,118.22,110.44,106.30,105.78,97.48,97.48,94.89,105.78,112.00,110.97,132.75,109.37,153.48,136.89,112.00,120.30,116.14,116.14,124.44,128.58,151.40,145.18,141.02,134.80,131.70,134.80,124.43,122.35,96.67,100.38,102.25,97.60,102.25,117.12,141.25,118.75,136.25,116.18,141.25,133.75,120.00,116.67,110.00,117.50,112.50,116.25,135.00,150.00,157.50,156.25,130.56,156.25,130.00,127.50,120.00,102.50,102.50,115.00,110.00,112.50,108.75,118.75,145.88,120.80
....Sorsogon,"GINGER, 1 KG",4.59,3.30,3.30,4.04,4.00,4.19,3.81,3.81,3.81,3.81,3.81,4.33,3.90,4.19,4.19,4.19,4.19,4.19,4.19,4.19,4.19,4.19,3.72,4.00,4.00,4.12,4.09,4.09,4.00,4.00,4.02,4.48,5.73,5.76,5.76,5.95,5.95,5.95,4.98,5.95,5.95,5.95,5.95,6.04,7.43,8.83,8.83,8.83,6.97,6.97,7.43,7.09,6.97,6.50,6.50,6.50,6.50,6.50,6.50,6.50,6.50,6.50,6.50,6.50,6.54,6.50,6.50,6.50,6.50,6.61,8.13,8.13,8.13,8.13,8.13,8.13,8.13,7.46,8.13,8.13,8.13,8.13,8.13,8.13,8.13,8.13,8.13,5.44,5.44,5.19,7.44,4.94,4.94,4.50,4.50,5.69,6.38,5.94,5.88,5.69,5.56,5.94,5.94,5.49,5.69,5.31,6.00,7.08,7.69,191.25,192.50,190.00,202.50,177.50,172.50,150.00,109.00,140.00,127.50,132.50,107.50,115.00,127.50,131.25,127.50,130.00,105.00,117.50,117.50,123.23
....Sorsogon,"GARLIC, IMPORTED, 1 KG",..,..,..,..,..,..,..,..,..,..,..,..,..,..,..,..,..,..,..,..,..,..,..,..,..,..,..,..,..,..,..,..,..,..,..,..,..,..,..,..,..,..,..,..,..,..,..,..,..,..,..,..,..,..,..,..,..,..,..,..,..,..,..,..,..,..,..,..,..,..,..,..,..,..,..,..,..,..,..,..,..,..,..,..,..,..,..,..,..,..,..,..,..,..,..,..,..,..,..,..,..,..,..,..,..,..,..,..,..,..,..,..,..,..,..,..,..,..,..,..,..,..,..,..,..,..,..,..,..,..
..REGION VI (WESTERN VISAYAS),"GARLIC, NATIVE, 1 KG",111.70,109.99,107.50,108.82,106.72,109.73,115.77,117.94,124.32,124.32,121.46,123.48,115.15,122.42,122.42,124.45,117.87,121.19,116.65,111.25,110.24,110.24,110.24,112.99,129.55,117.46,128.53,127.73,122.66,127.81,155.14,209.27,333.98,221.79,202.34,178.44,169.57,167.76,178.75,156.66,155.13,139.76,140.69,139.02,135.31,137.56,149.13,136.54,140.08,141.40,142.17,142.79,154.11,150.06,150.01,169.32,171.28,176.57,173.65,171.44,168.94,169.59,161.94,165.08,165.17,168.08,169.83,167.42,171.00,175.83,185.67,179.42,155.42,153.33,145.50,144.67,144.67,163.40,137.58,133.92,133.58,127.48,126.48,122.70,126.20,120.29,116.48,115.98,118.53,118.68,124.83,123.80,124.55,123.88,127.55,130.69,145.26,143.47,143.76,146.31,144.22,136.10,141.85,135.95,150.90,193.57,173.67,165.50,171.00,137.50,120.67,114.17,109.58,111.92,117.67,123.42,140.80,122.33,116.83,117.08,114.25,109.50,109.17,109.25,111.13,113.84,120.10,122.71,128.16,116.20
..REGION VI (WESTERN VISAYAS),"ONION RED CREOLE (BERMUDA RED), 1 KG",69.64,66.48,58.45,57.30,58.47,61.79,67.18,68.14,67.11,68.86,72.62,70.72,65.56,69.82,70.96,66.84,61.03,59.99,60.91,62.70,65.43,65.90,66.91,71.82,81.82,67.01,85.80,88.51,78.55,75.04,61.53,59.14,53.13,64.71,68.52,68.27,69.95,68.77,70.16,64.99,62.69,57.61,58.14,56.27,56.48,61.22,64.51,65.54,68.46,77.76,84.48,64.85,87.75,83.05,71.71,73.80,74.43,82.69,92.68,93.76,104.75,105.76,99.79,92.13,88.53,93.46,95.04,85.63,83.54,75.38,75.79,77.96,81.17,81.29,86.29,91.59,115.50,86.89,135.67,115.79,98.17,91.58,91.21,96.96,102.50,107.38,111.88,107.00,101.43,101.05,105.05,102.83,97.88,93.25,88.73,81.68,75.96,81.79,79.54,84.22,86.13,104.76,161.83,94.88,226.83,191.42,143.33,130.13,124.96,109.25,108.25,107.33,125.29,151.54,175.71,174.33,147.36,133.96,130.29,135.79,119.13,110.46,114.13,117.25,118.61,117.76,128.34,131.56,164.93,126.85
..REGION VI (WESTERN VISAYAS),"ONION WHITE (YELLOW GRANEX), 1 KG",..,..,..,..,..,..,..,..,..,..,..,..,..,..,..,..,..,..,..,..,..,..,..,..,..,..,..,..,..,..,..,..,..,..,..,..,..,..,..,..,..,..,..,..,..,..,..,..,..,..,..,..,..,..,..,..,..,..,..,..,..,..,..,..,..,..,..,..,..,..,..,..,..,..,..,..,..,..,..,..,..,..,..,..,..,..,..,..,..,..,..,..,..,..,..,..,..,..,..,..,..,..,..,..,..,..,..,..,..,..,..,..,..,..,..,..,..,..,..,..,..,..,..,..,..,..,..,..,..,..
..REGION VI (WESTERN VISAYAS),"GINGER, 1 KG",91.96,92.47,91.02,90.58,90.32,89.47,91.17,93.18,92.10,91.80,88.66,88.17,90.91,88.56,85.21,85.21,85.21,95.85,99.03,107.51,107.60,103.77,102.49,108.73,108.73,98.16,105.54,107.53,109.97,118.27,138.69,152.18,137.71,148.38,131.09,113.19,110.40,103.47,123.04,96.40,94.03,91.85,109.73,135.32,139.39,136.56,141.88,135.88,131.98,123.33,111.88,120.69,116.30,100.00,92.92,89.79,91.67,93.23,92.71,92.29,90.94,94.06,93.02,88.02,94.58,86.46,86.77,83.96,80.26,80.05,79.90,72.71,71.62,72.56,74.64,73.39,69.12,77.62,68.02,70.37,62.55,61.88,64.17,63.08,63.02,61.56,62.29,66.15,73.48,74.12,65.89,74.28,72.40,75.22,74.97,105.94,123.23,125.94,133.23,136.56,131.67,126.36,123.44,108.60,116.36,106.51,108.96,162.03,172.29,174.17,172.81,170.52,166.04,143.13,129.27,120.94,145.25,114.01,110.63,106.46,96.36,97.08,99.38,98.39,104.88,108.52,111.79,106.28,102.57,104.70
..REGION VI (WESTERN VISAYAS),"GARLIC, IMPORTED, 1 KG",43.56,43.56,43.56,36.32,42.42,46.91,46.91,44.70,44.70,43.57,46.92,46.92,44.17,46.92,46.92,52.48,51.41,51.41,50.27,50.27,44.71,44.71,44.71,44.71,44.71,47.77,44.71,45.79,45.79,45.79,45.79,73.74,90.50,90.50,90.50,90.50,90.50,90.50,70.38,89.41,88.32,88.32,88.32,88.32,88.32,88.32,88.32,88.32,88.32,88.32,88.32,88.41,89.41,89.41,102.50,102.50,105.00,105.00,130.00,147.50,150.00,146.25,143.75,152.50,121.99,166.25,168.75,167.50,167.50,162.50,173.75,156.25,166.25,131.25,131.25,127.50,128.75,153.96,118.75,125.00,116.25,116.25,108.75,111.25,111.25,110.00,111.25,120.00,121.41,108.75,114.91,110.00,110.00,116.25,113.75,126.25,138.75,143.75,147.50,146.25,141.25,137.50,140.00,130.94,143.75,165.00,153.75,158.75,157.50,139.38,108.13,108.13,115.00,116.25,111.25,110.00,132.24,107.50,100.63,105.00,105.00,105.00,102.50,102.50,107.50,117.00,129.00,135.25,135.00,112.66
....Aklan,"GARLIC, NATIVE, 1 KG",115.48,115.48,115.48,115.48,114.97,119.90,131.54,131.54,131.54,131.54,131.54,140.35,124.57,140.35,140.35,140.35,140.35,140.35,140.35,131.54,131.54,131.54,131.54,131.54,174.80,139.55,174.80,174.80,174.80,157.45,157.45,166.25,207.17,200.70,180.36,103.06,105.77,97.63,158.35,105.77,101.70,98.99,98.99,99.67,99.67,104.41,93.56,104.41,104.41,104.41,104.41,101.70,161.36,137.64,136.28,180.34,183.05,185.76,185.76,188.47,188.47,187.11,172.20,160.00,172.20,162.50,172.50,173.75,180.00,190.00,192.50,202.50,175.00,162.50,140.00,141.25,141.25,169.48,107.50,120.00,135.00,100.00,100.00,102.50,98.75,93.13,90.00,92.50,84.25,90.00,101.14,90.00,92.50,86.25,91.75,102.50,125.00,133.75,126.25,132.50,123.75,122.50,121.25,112.33,127.50,196.25,173.75,166.25,172.50,125.00,118.75,110.00,102.50,100.00,111.25,115.00,134.90,113.75,116.25,116.25,107.50,105.00,101.25,102.50,108.75,115.00,113.75,117.50,118.75,111.35
....Aklan,"ONION RED CREOLE (BERMUDA RED), 1 KG",..,..,..,..,..,..,..,..,..,..,..,..,..,..,..,..,..,..,..,..,..,..,..,..,..,..,..,..,..,..,..,..,..,..,..,..,..,..,..,..,..,..,..,..,..,..,..,..,..,..,..,..,..,..,..,..,..,..,..,..,..,..,..,..,..,..,..,..,..,..,..,..,..,..,..,..,..,..,..,..,..,..,..,..,..,..,..,..,..,..,..,..,..,..,..,..,..,..,..,..,..,..,..,..,..,..,..,..,..,..,..,..,..,..,..,..,..,..,..,..,..,..,..,..,..,..,..,..,..,..
....Aklan,"ONION WHITE (YELLOW GRANEX), 1 KG",..,..,..,..,..,..,..,..,..,..,..,..,..,..,..,..,..,..,..,..,..,..,..,..,..,..,..,..,..,..,..,..,..,..,..,..,..,..,..,..,..,..,..,..,..,..,..,..,..,..,..,..,..,..,..,..,..,..,..,..,..,..,..,..,..,..,..,..,..,..,..,..,..,..,..,..,..,..,..,..,..,..,..,..,..,..,..,..,..,..,..,..,..,..,..,..,..,..,..,..,..,..,..,..,..,..,..,..,..,..,..,..,..,..,..,..,..,..,..,..,..,..,..,..,..,..,..,..,..,..
....Aklan,"GINGER, 1 KG",144.11,144.11,144.11,144.11,144.11,144.11,144.11,155.53,155.53,155.53,153.30,144.10,147.73,153.30,153.30,153.30,153.30,153.30,153.30,162.50,162.50,162.50,162.50,162.50,162.50,157.90,162.50,162.50,162.50,162.50,162.50,162.50,162.50,162.50,152.50,135.00,135.00,95.00,151.46,95.00,95.00,92.50,92.50,98.75,98.75,98.75,100.00,98.75,117.50,117.50,117.50,101.88,179.38,140.00,116.25,98.75,98.75,97.50,97.50,97.50,97.50,108.75,105.00,92.50,110.78,93.75,93.75,86.25,83.75,81.25,86.25,72.50,66.88,63.13,66.25,66.25,56.25,76.36,56.25,70.00,37.50,37.50,42.50,45.00,43.75,43.75,46.25,47.50,61.00,64.75,49.65,64.75,64.75,63.50,62.50,80.00,116.67,121.67,131.67,138.33,130.00,118.75,111.25,100.32,108.75,75.00,95.63,113.13,141.25,165.00,163.75,163.75,168.75,155.00,131.25,130.00,134.27,111.25,112.50,115.00,82.50,78.75,85.00,90.00,102.00,104.40,100.80,103.20,97.20,98.55
....Aklan,"GARLIC, IMPORTED, 1 KG",..,..,..,..,..,..,..,..,..,..,..,..,..,..,..,..,..,..,..,..,..,..,..,..,..,..,..,..,..,..,..,..,..,..,..,..,..,..,..,..,..,..,..,..,..,..,..,..,..,..,..,..,..,..,..,..,..,..,..,..,..,..,..,..,..,..,..,..,..,..,..,..,..,..,..,..,..,..,..,..,..,..,..,..,..,..,..,..,..,..,..,..,..,..,..,..,..,..,..,..,..,..,..,..,..,..,..,..,..,..,..,..,..,..,..,..,..,..,..,..,..,..,..,..,..,..,..,..,..,..
....Antique,"GARLIC, NATIVE, 1 KG",..,..,..,..,..,..,..,..,..,..,..,..,..,..,..,..,..,..,..,..,..,..,..,..,..,..,..,..,..,..,..,..,..,..,..,..,..,..,..,..,..,..,..,..,..,..,..,..,..,..,..,..,..,..,..,..,..,..,..,..,..,..,..,..,..,..,..,..,..,..,..,..,..,..,..,..,..,..,..,..,..,..,..,..,..,..,..,..,..,..,..,..,..,..,..,..,..,..,..,..,..,..,..,..,..,..,..,..,..,..,..,..,..,..,..,..,..,..,..,..,..,..,..,..,..,..,..,..,..,..
....Antique,"ONION RED CREOLE (BERMUDA RED), 1 KG",57.43,50.50,51.84,48.10,49.64,57.61,69.13,67.92,73.12,75.10,75.77,71.79,62.33,64.86,64.35,56.38,58.49,47.74,50.52,55.05,58.50,63.83,69.16,69.83,78.44,61.43,81.92,85.90,75.92,70.63,38.56,30.19,38.33,54.52,53.25,55.78,57.05,56.10,58.18,55.78,46.91,43.74,40.57,39.31,40.64,42.23,46.67,47.31,51.11,55.86,55.54,47.14,76.09,69.75,65.95,63.41,64.93,69.38,81.18,81.18,81.18,86.25,86.25,86.25,75.98,81.25,87.50,80.00,80.00,61.25,61.25,70.00,73.13,78.75,85.00,83.75,113.75,79.64,136.25,115.00,96.25,78.75,82.50,86.25,97.50,98.75,110.00,113.75,91.88,97.50,100.37,92.50,86.88,76.25,65.00,60.00,53.75,62.50,76.25,78.75,85.00,91.25,132.50,80.05,220.00,172.50,112.50,121.25,118.75,107.50,105.00,108.75,135.00,165.00,190.00,193.75,145.83,142.50,133.75,143.75,115.00,110.00,115.00,120.00,122.11,121.06,123.17,121.06,157.06,127.04
....Antique,"ONION WHITE (YELLOW GRANEX), 1 KG",..,..,..,..,..,..,..,..,..,..,..,..,..,..,..,..,..,..,..,..,..,..,..,..,..,..,..,..,..,..,..,..,..,..,..,..,..,..,..,..,..,..,..,..,..,..,..,..,..,..,..,..,..,..,..,..,..,..,..,..,..,..,..,..,..,..,..,..,..,..,..,..,..,..,..,..,..,..,..,..,..,..,..,..,..,..,..,..,..,..,..,..,..,..,..,..,..,..,..,..,..,..,..,..,..,..,..,..,..,..,..,..,..,..,..,..,..,..,..,..,..,..,..,..,..,..,..,..,..,..
....Antique,"GINGER, 1 KG",..,..,..,..,..,..,..,..,..,..,..,..,..,..,..,..,..,..,..,..,..,..,..,..,..,..,..,..,..,..,..,..,..,..,..,..,..,..,..,..,..,..,..,..,..,..,..,..,..,..,..,..,..,..,..,..,..,..,..,..,..,..,..,..,..,..,..,..,..,..,..,..,..,..,..,..,..,..,..,..,..,..,..,..,..,..,..,..,..,..,..,..,..,..,..,..,..,..,..,..,..,..,..,..,..,..,..,..,..,..,..,..,..,..,..,..,..,..,..,..,..,..,..,..,..,..,..,..,..,..
....Antique,"GARLIC, IMPORTED, 1 KG",..,..,..,..,..,..,..,..,..,..,..,..,..,..,..,..,..,..,..,..,..,..,..,..,..,..,..,..,..,..,..,..,..,..,..,..,..,..,..,..,..,..,..,..,..,..,..,..,..,..,..,..,..,..,..,..,..,..,..,..,..,..,..,..,..,..,..,..,..,..,..,..,..,..,..,..,..,..,..,..,..,..,..,..,..,..,..,..,..,..,..,..,..,..,..,..,..,..,..,..,..,..,..,..,..,..,..,..,..,..,..,..,..,..,..,..,..,..,..,..,..,..,..,..,..,..,..,..,..,..
....Capiz,"GARLIC, NATIVE, 1 KG",107.04,107.04,107.04,110.68,107.04,107.04,105.31,107.04,107.04,107.04,107.04,107.04,107.20,107.04,107.04,107.04,107.04,107.04,107.04,107.04,107.04,107.04,107.04,110.68,110.68,107.65,110.68,110.68,110.68,110.68,121.38,174.89,445.88,303.33,283.83,251.76,209.80,215.79,204.12,164.84,166.34,164.84,155.85,154.33,148.34,149.84,149.84,149.84,149.84,150.60,149.84,154.53,163.33,161.83,163.33,163.33,163.33,163.33,163.33,163.33,163.33,166.69,166.69,165.00,163.90,171.25,172.50,175.00,167.50,177.50,180.00,187.50,153.75,153.75,148.75,148.75,150.00,165.52,150.00,150.00,150.00,150.00,150.00,150.00,150.00,131.88,133.75,133.75,132.50,126.25,142.34,123.75,123.75,125.00,126.25,120.00,120.00,121.88,122.50,126.88,123.13,123.13,122.50,123.23,127.50,197.50,176.25,153.75,167.50,132.50,113.75,107.50,98.75,100.00,103.75,128.75,133.96,123.75,118.75,117.50,113.75,108.75,106.25,108.75,112.34,113.54,119.52,118.32,120.71,115.16
....Capiz,"ONION RED CREOLE (BERMUDA RED), 1 KG",73.01,64.17,64.17,65.79,63.10,70.77,67.83,70.77,73.71,73.71,75.20,75.20,69.79,73.71,73.71,73.71,70.77,64.87,64.87,61.93,65.94,62.96,62.68,66.36,87.00,69.04,88.49,88.49,86.72,88.21,80.81,74.05,53.10,59.00,61.00,61.00,62.00,62.00,72.07,53.00,51.00,48.00,45.00,47.00,48.00,50.00,52.00,54.00,56.00,74.00,65.00,53.58,61.00,58.00,48.00,61.00,62.00,63.00,67.00,72.00,99.00,99.00,95.00,95.00,73.33,97.50,97.50,85.00,75.00,72.50,72.50,68.75,72.50,72.50,83.75,85.63,86.88,80.83,89.38,90.63,98.75,98.75,96.88,96.88,92.50,93.13,96.88,101.25,100.00,98.75,96.15,98.75,98.75,98.75,89.56,87.75,90.00,90.00,85.63,82.75,84.00,84.63,165.00,96.30,206.25,175.00,151.25,118.13,109.38,103.75,108.75,110.00,126.88,129.38,158.13,178.75,139.64,160.63,144.38,143.13,135.63,134.38,126.88,125.00,128.50,121.49,133.17,129.67,148.36,135.94
....Capiz,"ONION WHITE (YELLOW GRANEX), 1 KG",..,..,..,..,..,..,..,..,..,..,..,..,..,..,..,..,..,..,..,..,..,..,..,..,..,..,..,..,..,..,..,..,..,..,..,..,..,..,..,..,..,..,..,..,..,..,..,..,..,..,..,..,..,..,..,..,..,..,..,..,..,..,..,..,..,..,..,..,..,..,..,..,..,..,..,..,..,..,..,..,..,..,..,..,..,..,..,..,..,..,..,..,..,..,..,..,..,..,..,..,..,..,..,..,..,..,..,..,..,..,..,..,..,..,..,..,..,..,..,..,..,..,..,..,..,..,..,..,..,..
....Capiz,"GINGER, 1 KG",..,..,..,..,..,..,..,..,..,..,..,..,..,..,..,..,..,..,..,..,..,..,..,..,..,..,..,..,..,..,..,..,..,..,..,..,..,..,..,..,..,..,..,..,..,..,..,..,..,..,..,..,..,..,..,..,..,..,..,..,..,..,..,..,..,..,..,..,..,..,..,..,..,..,..,..,..,..,..,..,..,..,..,..,..,..,..,..,..,..,..,..,..,..,..,..,..,..,..,..,..,..,..,..,..,..,..,..,..,..,..,..,..,..,..,..,..,..,..,..,..,..,..,..,..,..,..,..,..,..
....Capiz,"GARLIC, IMPORTED, 1 KG",..,..,..,..,..,..,..,..,..,..,..,..,..,..,..,..,..,..,..,..,..,..,..,..,..,..,..,..,..,..,..,..,..,..,..,..,..,..,..,..,..,..,..,..,..,..,..,..,..,..,..,..,..,..,..,..,..,..,..,..,..,..,..,..,..,..,..,..,..,..,..,..,..,..,..,..,..,..,..,..,..,..,..,..,..,..,..,..,..,..,..,..,..,..,..,..,..,..,..,..,..,..,..,..,..,..,..,..,..,..,..,..,..,..,..,..,..,..,..,..,..,..,..,..,..,..,..,..,..,..
....Guimaras,"GARLIC, NATIVE, 1 KG",77.79,77.79,74.40,77.36,81.16,81.16,101.45,101.45,98.07,98.07,101.45,102.72,89.41,106.52,106.52,116.66,101.44,91.30,86.23,86.23,81.16,81.16,81.16,91.30,121.73,95.95,116.66,121.73,96.37,139.49,202.89,304.34,393.10,230.79,190.21,180.07,175.00,175.00,193.80,172.46,167.39,101.45,111.59,111.59,106.52,109.06,103.99,101.45,116.67,120.00,118.33,120.04,126.67,126.67,130.00,160.00,163.33,173.33,160.00,150.00,156.67,151.67,138.33,156.67,149.45,156.67,156.67,143.33,156.67,160.00,156.67,158.33,165.00,160.00,163.33,156.67,156.67,157.50,160.00,136.67,120.00,126.67,126.67,110.00,130.00,126.67,106.67,106.67,106.67,106.67,121.95,110.00,110.00,106.67,110.00,110.00,131.67,113.33,126.67,130.00,133.33,130.00,140.00,120.97,145.00,188.33,171.67,163.33,175.00,145.00,136.67,126.67,120.00,126.67,126.67,131.67,146.39,135.00,126.67,125.00,123.33,113.33,111.67,108.33,111.83,115.32,113.57,124.05,145.02,121.09
....Guimaras,"ONION RED CREOLE (BERMUDA RED), 1 KG",116.07,116.07,78.22,75.70,75.70,75.70,95.89,95.89,80.75,82.01,85.79,85.79,88.63,93.36,95.88,83.26,60.55,75.69,75.69,75.69,80.74,80.74,80.74,100.93,121.12,85.37,121.12,121.12,95.89,85.80,63.09,65.61,50.47,80.75,80.75,80.75,80.75,80.75,83.90,78.23,78.23,70.66,78.23,70.66,68.14,78.24,80.76,80.76,88.33,108.33,130.00,84.21,126.67,110.00,83.33,88.33,93.33,111.67,123.33,120.00,121.67,121.67,123.33,100.00,110.28,96.67,103.33,85.00,93.33,90.00,88.33,86.67,93.33,93.33,98.33,106.67,130.00,97.08,173.33,133.33,113.33,106.67,106.67,106.67,120.00,130.00,130.00,110.00,110.00,110.00,120.83,110.00,110.00,115.00,123.33,90.00,86.67,103.33,83.33,93.33,96.67,126.67,186.67,110.42,226.67,193.33,156.67,160.00,146.67,110.00,120.00,116.67,128.33,158.33,206.67,161.67,157.08,121.67,123.33,128.33,110.00,94.17,110.00,110.00,118.09,111.62,129.41,134.26,207.05,124.83
....Guimaras,"ONION WHITE (YELLOW GRANEX), 1 KG",..,..,..,..,..,..,..,..,..,..,..,..,..,..,..,..,..,..,..,..,..,..,..,..,..,..,..,..,..,..,..,..,..,..,..,..,..,..,..,..,..,..,..,..,..,..,..,..,..,..,..,..,..,..,..,..,..,..,..,..,..,..,..,..,..,..,..,..,..,..,..,..,..,..,..,..,..,..,..,..,..,..,..,..,..,..,..,..,..,..,..,..,..,..,..,..,..,..,..,..,..,..,..,..,..,..,..,..,..,..,..,..,..,..,..,..,..,..,..,..,..,..,..,..,..,..,..,..,..,..
....Guimaras,"GINGER, 1 KG",57.89,57.54,54.14,52.35,58.73,54.90,58.73,61.28,61.28,61.28,63.83,63.83,58.82,54.89,61.27,61.27,61.27,81.69,89.35,91.90,102.11,86.79,81.68,86.78,86.78,78.82,74.02,91.89,89.34,122.53,204.22,229.75,204.22,222.09,173.59,140.40,132.74,127.63,151.04,122.52,122.52,112.31,130.18,183.79,183.79,181.24,182.52,171.03,141.67,110.83,107.50,145.83,103.33,90.00,96.67,101.67,101.67,106.67,103.33,106.67,110.00,110.00,103.33,103.33,103.06,103.33,103.33,103.33,101.67,103.33,103.33,103.33,103.33,103.33,104.17,104.17,103.33,103.33,103.33,100.83,103.33,100.00,101.67,101.67,95.83,90.00,88.33,90.00,96.67,91.11,96.90,91.11,91.11,91.11,91.11,130.00,140.00,138.33,145.00,146.67,146.67,146.67,130.00,123.98,131.67,131.67,128.33,210.00,206.67,191.67,195.00,193.33,181.67,160.00,143.33,125.00,166.53,121.67,110.00,103.33,96.67,98.33,105.00,96.67,106.67,113.33,116.67,103.33,100.00,105.97
....Guimaras,"GARLIC, IMPORTED, 1 KG",..,..,..,..,..,..,..,..,..,..,..,..,..,..,..,..,..,..,..,..,..,..,..,..,..,..,..,..,..,..,..,..,..,..,..,..,..,..,..,..,..,..,..,..,..,..,..,..,..,..,..,..,..,..,..,..,..,..,..,..,..,..,..,..,..,..,..,..,..,..,..,..,..,..,..,..,..,..,..,..,..,..,..,..,..,..,..,..,..,..,..,..,..,..,..,..,..,..,..,..,..,..,..,..,..,..,..,..,..,..,..,..,..,..,..,..,..,..,..,..,..,..,..,..,..,..,..,..,..,..
....Iloilo,"GARLIC, NATIVE, 1 KG",98.13,94.88,91.42,91.42,87.57,91.42,91.42,94.88,108.28,108.28,101.57,101.57,96.74,98.11,98.11,98.11,91.40,101.55,94.84,87.94,87.94,87.94,87.94,87.94,91.39,92.77,91.39,87.94,87.94,87.94,111.69,152.30,236.98,142.15,125.29,125.29,125.29,118.39,124.38,108.24,108.24,101.54,105.00,97.50,90.00,92.50,166.25,95.00,97.50,100.00,106.25,105.67,102.50,107.50,103.75,126.25,130.00,143.75,142.50,138.75,141.25,147.50,137.50,148.75,130.83,155.00,152.50,150.00,147.50,160.00,182.50,173.75,132.50,121.25,106.25,107.50,111.25,141.67,111.25,103.75,103.75,103.75,98.75,95.00,96.25,93.75,100.00,95.00,90.00,91.25,98.54,111.25,112.50,117.50,125.77,128.97,157.65,156.40,151.40,150.15,148.90,136.87,157.50,137.91,162.50,193.75,185.00,192.50,195.00,160.00,137.50,130.00,130.00,136.25,150.00,145.00,159.79,142.50,135.00,135.00,135.00,128.75,135.00,135.00,131.05,133.68,133.68,133.68,136.31,134.55
....Iloilo,"ONION RED CREOLE (BERMUDA RED), 1 KG",51.32,51.32,47.67,47.67,47.67,43.99,42.17,45.23,45.83,51.33,64.18,58.68,49.76,55.00,58.68,58.68,53.18,49.51,51.33,58.69,58.69,58.69,58.69,58.69,56.84,56.39,66.02,69.70,56.84,53.19,50.24,41.44,44.01,49.51,67.83,67.83,75.18,71.51,59.44,64.18,64.18,55.00,55.00,52.50,53.75,63.75,71.25,73.75,75.00,78.75,100.00,67.26,100.63,103.13,86.88,81.88,80.00,97.50,117.50,118.75,118.75,118.75,103.75,88.75,101.36,101.25,96.25,86.25,86.25,73.75,72.50,80.00,82.50,77.50,77.50,88.75,120.00,86.88,140.00,112.50,83.75,83.75,83.75,95.00,102.50,112.50,117.50,105.00,97.50,91.25,102.08,102.50,90.00,77.50,67.03,56.88,53.75,60.00,71.25,78.75,77.50,98.75,205.00,86.58,227.50,162.50,111.25,108.75,107.50,105.00,102.50,100.00,122.50,166.25,178.75,185.00,139.79,116.25,105.00,120.00,103.75,100.00,111.25,111.25,108.10,111.25,115.45,122.80,158.91,115.33
....Iloilo,"ONION WHITE (YELLOW GRANEX), 1 KG",..,..,..,..,..,..,..,..,..,..,..,..,..,..,..,..,..,..,..,..,..,..,..,..,..,..,..,..,..,..,..,..,..,..,..,..,..,..,..,..,..,..,..,..,..,..,..,..,..,..,..,..,..,..,..,..,..,..,..,..,..,..,..,..,..,..,..,..,..,..,..,..,..,..,..,..,..,..,..,..,..,..,..,..,..,..,..,..,..,..,..,..,..,..,..,..,..,..,..,..,..,..,..,..,..,..,..,..,..,..,..,..,..,..,..,..,..,..,..,..,..,..,..,..,..,..,..,..,..,..
....Iloilo,"GINGER, 1 KG",89.07,89.07,89.07,89.07,89.07,89.07,89.07,89.07,89.07,81.65,59.38,66.80,84.12,69.26,49.49,49.49,49.49,69.26,69.26,89.06,69.26,69.26,69.26,94.02,94.02,70.09,94.02,84.11,94.02,94.02,94.02,115.04,80.16,80.16,82.62,74.22,73.24,83.12,87.40,61.84,62.35,75.09,121.25,137.50,140.00,133.75,156.25,138.75,133.75,130.00,122.50,117.75,106.25,93.75,82.50,82.50,88.75,91.25,96.25,91.25,85.00,86.25,92.50,82.50,89.90,75.00,76.25,76.25,63.13,63.13,57.50,55.00,53.75,61.88,66.25,66.25,60.00,64.53,58.75,55.00,53.13,53.13,53.75,54.38,60.00,60.00,63.33,73.33,75.00,79.38,61.60,80.00,76.25,78.75,78.75,115.00,116.25,130.00,126.25,123.75,122.50,122.50,128.75,108.23,126.25,120.00,116.25,172.50,182.50,186.25,185.00,177.50,170.00,141.25,131.25,115.00,151.98,115.00,110.00,100.00,97.50,102.50,101.25,100.63,102.17,98.04,106.30,94.95,91.85,101.68
....Iloilo,"GARLIC, IMPORTED, 1 KG",..,..,..,..,..,..,..,..,..,..,..,..,..,..,..,..,..,..,..,..,..,..,..,..,..,..,..,..,..,..,..,..,..,..,..,..,..,..,..,..,..,..,..,..,..,..,..,..,..,..,..,..,..,..,..,..,..,..,..,..,..,..,..,..,..,..,..,..,..,..,..,..,..,..,..,..,..,..,..,..,..,..,..,..,..,..,..,..,..,..,..,..,..,..,..,..,..,..,..,..,..,..,..,..,..,..,..,..,..,..,..,..,..,..,..,..,..,..,..,..,..,..,..,..,..,..,..,..,..,..
....Negros Occidental,"GARLIC, NATIVE, 1 KG",160.08,154.78,149.14,149.14,142.85,149.14,149.14,154.78,176.65,176.65,165.71,165.71,157.81,160.08,160.08,160.08,149.14,165.71,154.78,143.51,143.51,143.51,143.51,143.51,149.14,151.38,149.14,143.51,143.51,143.51,182.29,248.57,386.78,232.00,232.00,232.00,232.00,232.00,213.11,232.00,232.00,232.00,232.00,232.00,232.00,232.00,232.00,232.00,232.00,232.00,232.00,232.00,216.67,216.67,216.67,216.67,216.67,216.67,216.67,216.67,195.00,195.00,195.00,195.00,209.45,195.00,195.00,195.00,203.33,191.67,216.67,175.00,150.83,169.17,169.17,169.17,164.17,182.85,159.17,159.17,159.17,157.00,157.00,156.00,156.00,156.00,152.00,152.00,179.25,179.25,160.17,184.00,184.00,184.00,184.00,192.00,192.00,192.00,192.00,192.00,192.00,168.00,168.00,185.33,192.00,192.00,161.67,151.67,145.00,125.00,96.67,96.67,96.67,96.67,96.67,96.67,128.95,96.67,87.50,91.67,91.67,91.67,91.67,91.67,91.67,91.67,120.00,120.00,120.00,98.82
....Negros Occidental,"ONION RED CREOLE (BERMUDA RED), 1 KG",50.36,50.36,50.36,49.23,56.26,60.90,60.90,60.90,62.16,62.16,62.16,62.16,57.33,62.16,62.16,62.16,62.16,62.16,62.16,62.16,63.30,63.30,63.30,63.30,65.69,62.83,71.45,77.36,77.36,77.36,74.97,84.39,79.75,79.75,79.75,76.00,74.75,73.50,77.20,73.75,73.13,70.63,71.88,71.88,71.88,71.88,71.88,71.88,71.88,71.88,71.88,72.04,74.38,74.38,74.38,74.38,71.88,71.88,74.38,76.88,103.13,103.13,90.63,90.63,81.67,90.63,90.63,91.88,83.13,79.38,84.38,84.38,84.38,84.38,86.88,93.13,126.88,90.01,139.38,127.50,98.75,90.00,86.25,100.00,100.00,102.50,105.00,105.00,107.75,107.75,105.82,110.38,103.75,98.75,98.75,113.75,95.63,93.13,81.25,87.50,87.50,122.50,120.00,101.07,253.75,253.75,185.00,142.50,142.50,120.00,105.00,101.25,113.75,138.75,145.00,152.50,154.48,128.75,145.00,143.75,131.25,113.75,107.50,120.00,116.25,123.38,140.50,150.00,153.25,131.12
....Negros Occidental,"ONION WHITE (YELLOW GRANEX), 1 KG",..,..,..,..,..,..,..,..,..,..,..,..,..,..,..,..,..,..,..,..,..,..,..,..,..,..,..,..,..,..,..,..,..,..,..,..,..,..,..,..,..,..,..,..,..,..,..,..,..,..,..,..,..,..,..,..,..,..,..,..,..,..,..,..,..,..,..,..,..,..,..,..,..,..,..,..,..,..,..,..,..,..,..,..,..,..,..,..,..,..,..,..,..,..,..,..,..,..,..,..,..,..,..,..,..,..,..,..,..,..,..,..,..,..,..,..,..,..,..,..,..,..,..,..,..,..,..,..,..,..
....Negros Occidental,"GINGER, 1 KG",76.77,79.14,76.77,76.77,69.35,69.79,72.76,66.82,62.52,68.75,78.11,77.96,72.96,76.78,76.78,76.78,76.78,79.15,84.21,86.59,96.53,96.53,96.53,91.63,91.63,85.83,91.63,91.63,94.01,94.01,94.01,101.43,103.95,128.75,115.63,103.13,100.63,108.13,102.25,106.25,96.25,87.50,95.00,121.25,135.00,132.50,128.75,135.00,135.00,135.00,100.00,117.29,76.25,76.25,76.25,76.25,77.50,77.50,73.75,73.75,71.25,71.25,71.25,73.75,74.58,73.75,73.75,70.00,72.50,72.50,72.50,60.00,62.50,61.88,61.88,56.88,56.88,66.25,53.75,55.63,56.25,56.88,58.75,51.25,52.50,52.50,51.25,53.75,61.25,61.25,55.42,61.25,57.50,67.50,67.50,98.75,120.00,113.75,130.00,137.50,127.50,117.50,123.75,101.88,98.75,99.38,95.63,152.50,158.75,153.75,147.50,147.50,143.75,116.25,111.25,113.75,128.23,108.13,110.00,107.50,108.75,108.75,106.25,106.25,108.66,118.32,123.39,123.63,121.22,112.57
....Negros Occidental,"GARLIC, IMPORTED, 1 KG",43.56,43.56,43.56,36.32,42.42,46.91,46.91,44.70,44.70,43.57,46.92,46.92,44.17,46.92,46.92,52.48,51.41,51.41,50.27,50.27,44.71,44.71,44.71,44.71,44.71,47.77,44.71,45.79,45.79,45.79,45.79,73.74,90.50,90.50,90.50,90.50,90.50,90.50,70.38,89.41,88.32,88.32,88.32,88.32,88.32,88.32,88.32,88.32,88.32,88.32,88.32,88.41,89.41,89.41,102.50,102.50,105.00,105.00,130.00,147.50,150.00,146.25,143.75,152.50,121.99,166.25,168.75,167.50,167.50,162.50,173.75,156.25,166.25,131.25,131.25,127.50,128.75,153.96,118.75,125.00,116.25,116.25,108.75,111.25,111.25,110.00,111.25,120.00,121.41,108.75,114.91,110.00,110.00,116.25,113.75,126.25,138.75,143.75,147.50,146.25,141.25,137.50,140.00,130.94,143.75,165.00,153.75,158.75,157.50,139.38,108.13,108.13,115.00,116.25,111.25,110.00,132.24,107.50,100.63,105.00,105.00,105.00,102.50,102.50,107.50,117.00,129.00,135.25,135.00,112.66
..REGION VII (CENTRAL VISAYAS),"GARLIC, NATIVE, 1 KG",132.60,133.01,134.26,141.51,129.16,134.04,141.59,151.40,149.40,149.72,149.85,149.32,141.32,144.02,144.64,144.37,144.04,145.81,145.92,143.53,141.40,145.01,142.51,142.94,145.88,144.17,154.20,152.47,149.14,158.87,189.36,221.34,250.74,251.93,222.17,194.88,187.68,184.55,193.11,188.12,176.77,174.89,185.52,175.95,175.63,179.30,173.41,184.55,182.53,170.24,176.15,178.59,181.08,181.52,181.98,189.38,193.82,201.52,227.32,221.38,188.67,221.86,219.18,218.74,202.20,221.87,223.73,230.24,230.50,254.71,257.69,247.65,241.45,217.02,223.76,223.54,215.19,232.28,207.68,202.30,198.48,194.41,206.91,199.56,200.72,200.72,199.98,195.78,189.97,188.69,198.77,187.44,186.19,181.91,180.60,182.13,188.25,190.88,187.85,185.78,184.19,189.35,198.75,186.94,203.60,225.47,223.28,218.75,221.69,218.56,220.28,216.06,216.69,223.25,226.06,223.10,219.73,236.33,233.49,236.26,230.15,223.65,229.90,230.42,220.22,228.51,228.42,226.26,234.63,229.85
..REGION VII (CENTRAL VISAYAS),"ONION RED CREOLE (BERMUDA RED), 1 KG",92.81,90.89,82.02,86.88,80.43,84.27,87.25,87.55,96.56,99.41,95.73,96.03,89.99,98.30,95.88,87.50,82.80,68.32,78.65,80.65,77.63,79.05,81.61,90.19,98.94,84.96,102.05,117.03,94.87,78.34,64.74,55.13,59.50,64.38,75.00,72.50,72.19,70.63,77.20,65.94,67.19,62.82,59.69,59.07,58.13,59.07,63.13,67.19,70.94,78.44,86.57,66.52,111.88,111.88,100.00,96.88,117.19,105.00,109.38,119.38,111.88,125.63,116.25,94.38,109.98,94.38,91.25,85.32,76.57,75.32,75.32,80.00,79.38,83.13,84.38,84.69,123.04,86.07,145.63,122.50,92.50,89.38,89.38,90.63,106.25,106.57,117.50,106.88,103.75,103.13,106.18,103.75,100.00,92.50,83.44,72.50,68.75,73.75,78.13,75.00,82.50,100.00,159.38,90.81,211.25,189.38,185.63,147.50,138.13,129.38,129.38,125.63,136.88,181.25,200.63,205.63,165.06,176.88,148.75,146.25,136.25,125.32,120.00,124.69,124.69,125.57,135.46,148.35,184.76,141.41
..REGION VII (CENTRAL VISAYAS),"ONION WHITE (YELLOW GRANEX), 1 KG",..,..,..,..,..,..,..,..,..,..,..,..,..,..,..,..,..,..,..,..,..,..,..,..,..,..,..,..,..,..,..,..,..,..,..,..,..,..,..,..,..,..,..,..,..,..,..,..,..,..,..,..,..,..,..,..,..,..,..,..,..,..,..,..,..,..,..,..,..,..,..,..,..,..,..,..,..,..,..,..,..,..,..,..,..,..,..,..,..,..,..,..,..,..,..,..,..,..,..,..,..,..,..,..,..,..,..,..,..,..,..,..,..,..,..,..,..,..,..,..,..,..,..,..,..,..,..,..,..,..
..REGION VII (CENTRAL VISAYAS),"GINGER, 1 KG",92.69,92.84,92.72,90.26,90.43,89.04,90.34,96.62,95.11,93.88,95.59,95.18,92.89,92.16,94.95,93.37,95.63,99.52,107.23,108.95,113.16,114.68,115.59,115.24,114.96,105.45,114.48,117.10,123.62,131.54,178.96,200.39,202.26,188.39,183.88,151.20,149.75,137.17,156.56,128.67,108.81,101.36,118.37,139.34,148.12,165.12,169.88,147.12,132.64,108.99,102.98,130.95,100.24,98.41,96.29,94.46,94.25,99.90,99.85,99.64,97.89,112.53,110.94,110.31,101.23,101.49,97.33,89.98,84.26,80.89,78.25,77.90,77.03,79.45,100.02,102.37,105.04,89.50,71.09,70.52,65.96,66.43,66.84,67.95,74.27,75.23,91.70,99.19,90.47,89.77,77.45,88.28,89.21,82.59,88.20,89.04,120.57,125.76,132.24,125.99,121.18,119.79,115.21,108.17,136.25,146.38,148.88,179.08,179.92,190.13,192.00,191.17,177.08,167.67,159.96,156.83,168.78,149.92,142.63,126.79,125.13,119.71,113.46,118.63,120.73,122.81,117.24,113.87,115.89,123.90
..REGION VII (CENTRAL VISAYAS),"GARLIC, IMPORTED, 1 KG",73.88,71.94,69.26,70.83,73.88,89.30,102.32,106.19,104.62,106.19,103.14,107.75,89.94,106.18,97.68,105.44,95.38,99.99,101.56,99.99,102.30,96.95,95.38,98.52,98.52,99.82,101.57,100.00,101.57,106.18,107.75,215.41,289.28,153.75,153.75,141.25,146.25,130.00,145.56,106.25,111.25,106.25,106.25,107.50,111.25,112.50,112.50,110.00,112.50,115.00,123.75,111.25,118.75,118.75,123.75,135.63,135.63,172.50,187.50,162.50,110.00,167.50,162.50,177.50,147.71,180.00,163.75,178.13,177.50,200.00,200.00,166.25,146.25,138.75,121.25,117.50,124.29,159.47,123.75,121.25,111.25,110.00,107.50,107.50,107.50,103.75,102.50,115.00,117.50,115.00,111.88,105.00,97.50,102.50,102.50,116.25,125.00,140.00,137.50,135.00,136.25,135.00,153.75,123.85,143.75,157.50,182.50,171.67,180.00,162.50,151.25,146.25,138.75,141.25,141.25,145.00,155.14,150.00,146.25,137.50,140.00,131.25,125.00,128.75,128.75,128.75,127.10,127.10,138.65,134.09
....Bohol,"GARLIC, NATIVE, 1 KG",120.00,120.00,120.00,120.00,68.48,81.12,99.46,106.79,99.05,97.82,102.71,110.00,103.79,88.85,91.30,94.56,93.33,97.81,97.00,94.15,92.00,90.00,90.00,89.67,89.67,92.36,110.86,105.16,107.20,114.14,181.80,195.00,260.00,330.00,212.50,197.50,192.50,192.50,183.26,196.67,195.00,195.00,235.00,196.67,196.67,196.67,160.00,160.00,155.00,113.33,156.67,179.72,156.67,158.57,154.29,158.57,156.00,174.29,171.43,168.57,160.00,168.57,174.29,174.29,164.63,174.29,174.29,210.00,198.00,240.00,240.00,245.71,234.00,160.00,155.00,155.00,155.00,195.11,148.57,144.29,141.43,131.43,132.86,132.86,122.86,112.86,114.29,110.00,112.00,106.00,125.79,106.00,106.00,108.00,108.00,116.00,128.00,126.00,132.00,130.00,141.25,138.75,141.25,123.44,141.25,175.00,162.50,167.50,166.25,166.25,159.38,146.25,152.50,155.00,162.50,154.38,159.06,153.33,148.33,190.00,184.17,155.83,148.33,146.67,141.61,150.56,156.26,156.26,156.26,157.30
....Bohol,"ONION RED CREOLE (BERMUDA RED), 1 KG",..,..,..,..,..,..,..,..,..,..,..,..,..,..,..,..,..,..,..,..,..,..,..,..,..,..,..,..,..,..,..,..,..,..,..,..,..,..,..,..,..,..,..,..,..,..,..,..,..,..,..,..,..,..,..,..,..,..,..,..,..,..,..,..,..,..,..,..,..,..,..,..,..,..,..,..,..,..,..,..,..,..,..,..,..,..,..,..,..,..,..,..,..,..,..,..,..,..,..,..,..,..,..,..,..,..,..,..,..,..,..,..,..,..,..,..,..,..,..,..,..,..,..,..,..,..,..,..,..,..
....Bohol,"ONION WHITE (YELLOW GRANEX), 1 KG",..,..,..,..,..,..,..,..,..,..,..,..,..,..,..,..,..,..,..,..,..,..,..,..,..,..,..,..,..,..,..,..,..,..,..,..,..,..,..,..,..,..,..,..,..,..,..,..,..,..,..,..,..,..,..,..,..,..,..,..,..,..,..,..,..,..,..,..,..,..,..,..,..,..,..,..,..,..,..,..,..,..,..,..,..,..,..,..,..,..,..,..,..,..,..,..,..,..,..,..,..,..,..,..,..,..,..,..,..,..,..,..,..,..,..,..,..,..,..,..,..,..,..,..,..,..,..,..,..,..
....Bohol,"GINGER, 1 KG",49.13,42.98,50.87,43.50,47.50,46.63,47.25,52.88,51.63,53.75,57.63,57.63,50.12,51.88,53.13,50.63,54.38,63.50,82.50,84.38,86.25,90.00,94.38,92.50,92.50,74.67,91.88,93.13,93.75,112.50,190.00,207.50,210.00,195.00,192.50,125.00,123.13,101.88,144.69,111.25,111.25,101.88,135.00,152.50,168.75,215.63,231.25,157.50,157.50,116.25,108.13,147.24,90.00,83.75,83.13,83.13,82.50,83.75,89.38,88.75,86.25,85.00,81.88,80.00,84.79,77.50,72.50,68.75,62.50,60.00,57.50,58.75,58.13,58.75,62.50,63.75,61.25,63.49,62.50,62.50,58.75,58.75,60.00,62.50,72.50,78.75,86.25,98.75,92.50,90.00,73.65,90.00,91.88,92.50,104.38,106.88,159.38,168.75,156.25,151.25,136.88,140.00,135.00,127.76,125.00,128.13,140.63,196.25,196.25,223.13,222.50,218.75,195.00,172.50,161.88,153.75,177.81,138.75,129.38,115.63,109.38,108.13,107.50,116.25,123.20,125.73,118.15,111.83,117.51,118.45
....Bohol,"GARLIC, IMPORTED, 1 KG",..,..,..,..,..,..,..,..,..,..,..,..,..,..,..,..,..,..,..,..,..,..,..,..,..,..,..,..,..,..,..,..,..,..,..,..,..,..,..,..,..,..,..,..,..,..,..,..,..,..,..,..,..,..,..,..,..,..,..,..,..,..,..,..,..,..,..,..,..,..,..,..,..,..,..,..,..,..,..,..,..,..,..,..,..,..,..,..,..,..,..,..,..,..,..,..,..,..,..,..,..,..,..,..,..,..,..,..,..,..,..,..,..,..,..,..,..,..,..,..,..,..,..,..,..,..,..,..,..,..
....Cebu,"GARLIC, NATIVE, 1 KG",106.99,106.99,106.99,142.64,142.64,142.64,142.64,142.64,142.64,142.64,142.64,130.73,132.74,131.94,131.94,131.37,129.59,133.44,133.44,133.44,137.51,147.71,147.71,148.92,147.71,137.89,147.71,147.71,138.22,135.22,137.00,137.00,137.00,136.75,136.88,126.88,120.25,120.25,135.07,116.63,85.38,85.38,85.38,85.38,85.38,85.38,82.25,85.38,82.25,82.25,82.25,86.94,82.25,82.13,83.25,85.63,85.63,85.63,199.63,200.00,82.25,198.50,192.13,182.86,129.99,188.29,202.86,195.71,200.00,218.57,230.48,217.14,205.71,182.00,198.00,197.14,172.86,200.73,138.00,137.00,128.33,128.33,176.88,150.00,156.25,153.75,154.38,144.38,119.13,121.25,142.31,116.25,96.25,75.88,68.13,63.75,63.75,68.75,63.13,63.13,51.75,69.88,97.50,74.85,116.88,163.13,180.63,159.17,168.00,155.50,158.00,150.50,140.50,155.50,160.50,156.75,155.42,212.00,206.86,176.29,181.43,200.00,213.75,228.75,189.27,219.28,214.66,203.12,230.82,206.35
....Cebu,"ONION RED CREOLE (BERMUDA RED), 1 KG",..,..,..,..,..,..,..,..,..,..,..,..,..,..,..,..,..,..,..,..,..,..,..,..,..,..,..,..,..,..,..,..,..,..,..,..,..,..,..,..,..,..,..,..,..,..,..,..,..,..,..,..,..,..,..,..,..,..,..,..,..,..,..,..,..,..,..,..,..,..,..,..,..,..,..,..,..,..,..,..,..,..,..,..,..,..,..,..,..,..,..,..,..,..,..,..,..,..,..,..,..,..,..,..,..,..,..,..,..,..,..,..,..,..,..,..,..,..,..,..,..,..,..,..,..,..,..,..,..,..
....Cebu,"ONION WHITE (YELLOW GRANEX), 1 KG",..,..,..,..,..,..,..,..,..,..,..,..,..,..,..,..,..,..,..,..,..,..,..,..,..,..,..,..,..,..,..,..,..,..,..,..,..,..,..,..,..,..,..,..,..,..,..,..,..,..,..,..,..,..,..,..,..,..,..,..,..,..,..,..,..,..,..,..,..,..,..,..,..,..,..,..,..,..,..,..,..,..,..,..,..,..,..,..,..,..,..,..,..,..,..,..,..,..,..,..,..,..,..,..,..,..,..,..,..,..,..,..,..,..,..,..,..,..,..,..,..,..,..,..,..,..,..,..,..,..
....Cebu,"GINGER, 1 KG",162.91,162.91,162.91,162.91,164.36,164.36,164.36,165.99,164.36,165.99,164.36,164.36,164.15,164.36,168.16,170.88,171.43,172.33,172.33,172.33,172.33,172.33,172.33,172.33,172.33,171.12,172.33,172.33,190.43,191.33,191.69,190.61,190.43,191.88,182.50,182.50,182.50,182.50,185.09,162.50,103.75,103.13,101.25,101.25,102.25,102.25,101.75,102.25,101.75,101.75,101.75,107.14,101.75,100.88,101.75,100.38,100.38,100.38,100.38,100.38,101.75,151.88,151.88,151.88,113.64,130.38,125.38,111.63,109.38,108.38,104.62,99.00,99.00,104.50,156.67,160.00,170.50,123.29,69.88,69.00,66.50,66.25,66.25,66.25,74.38,69.38,93.13,98.13,88.13,86.88,76.18,87.38,85.38,66.98,66.98,66.98,66.98,74.85,70.48,70.48,62.91,76.88,76.88,72.76,127.50,156.00,156.00,156.00,156.00,156.00,156.00,162.25,153.75,155.50,154.25,154.25,153.63,148.50,148.50,132.25,132.25,118.50,117.88,118.38,124.00,122.71,111.08,109.79,101.40,123.77
....Cebu,"GARLIC, IMPORTED, 1 KG",..,..,..,..,..,..,..,..,..,..,..,..,..,..,..,..,..,..,..,..,..,..,..,..,..,..,..,..,..,..,..,..,..,..,..,..,..,..,..,..,..,..,..,..,..,..,..,..,..,..,..,..,..,..,..,..,..,..,..,..,..,..,..,..,..,..,..,..,..,..,..,..,..,..,..,..,..,..,..,..,..,..,..,..,..,..,..,..,..,..,..,..,..,..,..,..,..,..,..,..,..,..,..,..,..,..,..,..,..,..,..,..,..,..,..,..,..,..,..,..,..,..,..,..,..,..,..,..,..,..
....Negros Oriental,"GARLIC, NATIVE, 1 KG",80.00,81.67,86.67,80.00,78.75,85.63,97.50,97.50,97.25,99.75,98.75,101.25,90.39,100.00,100.00,96.25,96.25,95.00,96.25,93.75,87.50,93.75,83.75,83.75,92.50,93.23,101.25,100.00,95.00,132.50,185.00,225.00,265.00,200.00,200.00,117.50,111.25,101.25,152.81,115.00,102.50,95.00,95.00,92.50,91.25,97.50,113.75,130.00,125.00,117.50,111.25,107.19,117.50,117.50,122.50,160.00,172.50,185.00,183.75,162.50,151.25,155.00,152.50,160.00,153.33,166.25,165.00,162.50,171.25,207.50,207.50,175.00,175.00,175.00,177.50,177.50,165.00,177.08,176.25,160.00,156.25,150.00,150.00,147.50,152.50,165.00,160.00,157.50,157.50,156.25,157.40,156.25,171.25,172.50,175.00,177.50,190.00,197.50,185.00,178.75,172.50,177.50,185.00,178.23,185.00,211.25,197.50,213.33,215.00,200.00,197.50,180.00,186.25,195.00,193.75,193.75,197.36,192.50,191.25,191.25,167.50,151.25,170.00,158.75,162.50,156.70,155.25,158.15,163.95,168.25
....Negros Oriental,"ONION RED CREOLE (BERMUDA RED), 1 KG",93.17,93.17,77.78,87.50,82.50,83.13,87.50,85.00,91.25,93.75,88.75,86.25,87.48,93.13,93.75,88.75,88.75,63.75,87.50,90.00,80.00,78.13,82.50,80.00,97.50,85.31,97.50,112.50,86.25,71.25,48.75,47.50,56.25,66.25,71.25,72.50,71.25,67.50,72.40,70.00,66.25,63.75,57.50,57.50,55.00,57.50,61.25,67.50,75.00,88.75,98.75,68.23,98.75,98.75,86.25,80.00,86.25,102.50,102.50,117.50,123.75,122.50,106.25,80.00,100.42,81.25,82.50,77.50,71.25,69.38,69.38,72.50,72.50,77.50,85.00,85.00,117.50,80.11,142.50,112.50,92.50,87.50,87.50,90.00,101.25,101.25,113.75,100.00,97.50,96.25,101.88,100.00,93.75,86.25,77.50,65.00,61.25,65.00,68.75,70.00,75.00,101.25,177.50,86.77,227.50,178.75,190.00,121.67,116.25,110.00,116.25,107.50,121.25,171.25,180.00,196.25,153.06,155.00,125.00,132.50,120.00,110.00,117.50,118.75,118.75,123.86,130.24,144.29,168.55,130.37
....Negros Oriental,"ONION WHITE (YELLOW GRANEX), 1 KG",..,..,..,..,..,..,..,..,..,..,..,..,..,..,..,..,..,..,..,..,..,..,..,..,..,..,..,..,..,..,..,..,..,..,..,..,..,..,..,..,..,..,..,..,..,..,..,..,..,..,..,..,..,..,..,..,..,..,..,..,..,..,..,..,..,..,..,..,..,..,..,..,..,..,..,..,..,..,..,..,..,..,..,..,..,..,..,..,..,..,..,..,..,..,..,..,..,..,..,..,..,..,..,..,..,..,..,..,..,..,..,..,..,..,..,..,..,..,..,..,..,..,..,..,..,..,..,..,..,..
....Negros Oriental,"GINGER, 1 KG",..,..,..,..,..,..,..,..,..,..,..,..,..,..,..,..,..,..,..,..,..,..,..,..,..,..,..,..,..,..,..,..,..,..,..,..,..,..,..,..,..,..,..,..,..,..,..,..,..,..,..,..,..,..,..,..,..,..,..,..,..,..,..,..,..,..,..,..,..,..,..,..,..,..,..,..,..,..,..,..,..,..,..,..,..,..,..,..,..,..,..,..,..,..,..,..,..,..,..,..,..,..,..,..,..,..,..,..,..,..,..,..,..,..,..,..,..,..,..,..,..,..,..,..,..,..,..,..,..,..
....Negros Oriental,"GARLIC, IMPORTED, 1 KG",..,..,..,..,..,..,..,..,..,..,..,..,..,..,..,..,..,..,..,..,..,..,..,..,..,..,..,..,..,..,..,..,..,..,..,..,..,..,..,..,..,..,..,..,..,..,..,..,..,..,..,..,..,..,..,..,..,..,..,..,..,..,..,..,..,..,..,..,..,..,..,..,..,..,..,..,..,..,..,..,..,..,..,..,..,..,..,..,..,..,..,..,..,..,..,..,..,..,..,..,..,..,..,..,..,..,..,..,..,..,..,..,..,..,..,..,..,..,..,..,..,..,..,..,..,..,..,..,..,..
....Siquijor,"GARLIC, NATIVE, 1 KG",223.39,223.39,223.39,223.39,226.75,226.75,226.75,258.67,258.67,258.67,255.30,255.30,238.37,255.30,255.30,255.30,256.98,256.98,256.98,252.78,248.59,248.59,248.59,249.43,253.63,253.20,256.99,256.99,256.15,253.63,253.63,328.37,340.97,340.97,339.30,337.62,326.71,324.19,301.29,324.19,324.19,324.19,326.71,329.23,329.23,337.63,337.63,362.83,367.87,367.87,354.44,340.50,367.88,367.88,367.88,353.33,361.16,361.16,354.45,354.45,361.16,365.36,357.80,357.80,360.86,358.64,352.76,352.76,352.76,352.76,352.76,352.76,351.08,351.08,364.53,364.53,367.89,356.19,367.89,367.89,367.89,367.89,367.89,367.89,371.25,371.25,371.25,371.25,371.25,371.25,369.57,371.25,371.25,371.25,371.25,371.25,371.25,371.25,371.25,371.25,371.25,371.25,371.25,371.25,371.25,352.50,352.50,335.00,337.50,352.50,366.25,387.50,387.50,387.50,387.50,387.50,367.08,387.50,387.50,387.50,387.50,387.50,387.50,387.50,387.50,387.50,387.50,387.50,387.50,387.50
....Siquijor,"ONION RED CREOLE (BERMUDA RED), 1 KG",92.45,88.60,86.25,86.25,78.35,85.40,87.00,90.10,101.86,105.06,102.71,105.81,92.49,103.46,98.00,86.24,76.84,72.89,69.79,71.30,75.25,79.96,80.71,100.38,100.38,84.60,106.59,121.55,103.49,85.43,80.72,62.75,62.75,62.50,78.75,72.50,73.13,73.75,81.99,61.88,68.13,61.88,61.88,60.63,61.25,60.63,65.00,66.88,66.88,68.13,74.38,64.80,125.00,125.00,113.75,113.75,148.13,107.50,116.25,121.25,100.00,128.75,126.25,108.75,119.53,107.50,100.00,93.13,81.88,81.25,81.25,87.50,86.25,88.75,83.75,84.38,128.57,92.02,148.75,132.50,92.50,91.25,91.25,91.25,111.25,111.88,121.25,113.75,110.00,110.00,110.47,107.50,106.25,98.75,89.38,80.00,76.25,82.50,87.50,80.00,90.00,98.75,141.25,94.84,195.00,200.00,181.25,173.33,160.00,148.75,142.50,143.75,152.50,191.25,221.25,215.00,177.05,198.75,172.50,160.00,152.50,140.63,122.50,130.63,130.63,127.28,140.67,152.40,200.96,152.45
....Siquijor,"ONION WHITE (YELLOW GRANEX), 1 KG",..,..,..,..,..,..,..,..,..,..,..,..,..,..,..,..,..,..,..,..,..,..,..,..,..,..,..,..,..,..,..,..,..,..,..,..,..,..,..,..,..,..,..,..,..,..,..,..,..,..,..,..,..,..,..,..,..,..,..,..,..,..,..,..,..,..,..,..,..,..,..,..,..,..,..,..,..,..,..,..,..,..,..,..,..,..,..,..,..,..,..,..,..,..,..,..,..,..,..,..,..,..,..,..,..,..,..,..,..,..,..,..,..,..,..,..,..,..,..,..,..,..,..,..,..,..,..,..,..,..
....Siquijor,"GINGER, 1 KG",66.02,72.62,64.37,64.37,59.42,56.12,59.42,70.98,69.33,61.90,64.79,63.55,64.41,60.24,63.55,58.60,61.08,62.72,66.85,70.15,80.89,81.71,80.06,80.89,80.06,70.57,79.24,85.85,86.67,90.80,155.19,203.06,206.36,178.30,176.65,146.11,143.63,127.12,139.92,112.26,111.44,99.06,118.87,164.27,173.35,177.48,176.65,181.60,138.68,108.96,99.05,138.47,108.96,110.61,104.00,99.87,99.87,115.56,109.78,109.78,105.66,100.71,99.06,99.06,105.24,96.58,94.10,89.56,80.89,74.28,72.63,75.94,73.96,75.11,80.89,83.37,83.37,81.72,80.89,80.06,72.63,74.28,74.28,75.10,75.93,77.57,95.73,100.68,90.78,92.42,82.53,87.47,90.36,88.30,93.25,93.25,135.34,133.69,170.00,156.25,163.75,142.50,133.75,123.99,156.25,155.00,150.00,185.00,187.50,191.25,197.50,192.50,182.50,175.00,163.75,162.50,174.90,162.50,150.00,132.50,133.75,132.50,115.00,121.25,115.00,120.00,122.50,120.00,128.75,129.48
....Siquijor,"GARLIC, IMPORTED, 1 KG",73.88,71.94,69.26,70.83,73.88,89.30,102.32,106.19,104.62,106.19,103.14,107.75,89.94,106.18,97.68,105.44,95.38,99.99,101.56,99.99,102.30,96.95,95.38,98.52,98.52,99.82,101.57,100.00,101.57,106.18,107.75,215.41,289.28,153.75,153.75,141.25,146.25,130.00,145.56,106.25,111.25,106.25,106.25,107.50,111.25,112.50,112.50,110.00,112.50,115.00,123.75,111.25,118.75,118.75,123.75,135.63,135.63,172.50,187.50,162.50,110.00,167.50,162.50,177.50,147.71,180.00,163.75,178.13,177.50,200.00,200.00,166.25,146.25,138.75,121.25,117.50,124.29,159.47,123.75,121.25,111.25,110.00,107.50,107.50,107.50,103.75,102.50,115.00,117.50,115.00,111.88,105.00,97.50,102.50,102.50,116.25,125.00,140.00,137.50,135.00,136.25,135.00,153.75,123.85,143.75,157.50,182.50,171.67,180.00,162.50,151.25,146.25,138.75,141.25,141.25,145.00,155.14,150.00,146.25,137.50,140.00,131.25,125.00,128.75,128.75,128.75,127.10,127.10,138.65,134.09
..REGION VIII (EASTERN VISAYAS),"GARLIC, NATIVE, 1 KG",94.33,92.28,92.06,94.24,91.78,94.00,98.86,100.06,98.16,96.10,93.67,94.74,95.02,93.87,92.30,92.24,91.00,90.94,92.84,92.04,89.50,88.85,88.66,89.67,100.29,91.85,99.62,101.36,98.22,102.82,121.81,187.82,242.00,204.41,165.61,142.48,134.91,133.43,144.54,126.61,123.34,119.51,107.23,110.49,107.44,106.32,105.99,107.28,107.10,109.62,111.28,111.85,113.94,118.06,118.86,133.87,137.77,156.81,139.87,136.75,137.97,139.43,144.37,144.13,135.15,147.90,146.23,142.75,149.05,155.98,182.35,159.10,146.90,150.83,142.85,143.40,145.90,151.10,146.63,144.00,139.25,137.88,132.03,131.23,130.60,133.28,131.13,129.13,127.13,127.63,134.16,130.18,128.18,127.84,118.00,124.95,137.58,143.70,142.58,134.45,141.45,136.95,141.70,133.96,145.33,170.08,169.70,175.67,162.50,165.13,150.88,143.63,139.75,140.50,136.50,146.13,153.82,145.13,144.75,136.50,131.75,130.25,127.38,127.38,127.04,124.67,127.51,124.12,129.59,131.34
..REGION VIII (EASTERN VISAYAS),"ONION RED CREOLE (BERMUDA RED), 1 KG",90.72,91.10,91.50,86.95,87.52,90.32,86.40,87.71,96.30,99.06,97.53,101.37,92.21,99.70,99.70,95.25,87.31,82.24,82.64,86.01,81.69,82.84,82.64,84.31,97.96,88.52,102.05,106.47,99.56,91.82,85.66,82.29,83.43,84.55,85.88,84.20,87.57,84.76,89.85,90.93,84.25,81.46,79.79,81.04,81.46,81.25,81.25,82.08,85.00,92.50,95.83,84.74,98.75,97.92,90.83,89.17,93.33,103.33,103.33,114.58,128.96,128.75,127.50,117.50,107.83,110.42,111.67,109.58,104.58,95.83,95.63,95.00,92.50,92.92,97.50,102.50,112.92,101.75,131.67,129.58,118.96,103.75,103.13,105.63,106.04,110.00,117.08,117.92,113.54,106.67,113.66,105.84,102.71,103.13,102.08,96.46,97.08,99.58,97.08,90.42,92.92,105.83,148.13,103.44,182.71,166.88,132.08,133.20,134.17,122.71,122.29,119.38,133.54,164.79,198.96,200.83,150.96,181.04,158.54,154.79,137.71,133.13,128.33,129.17,129.15,130.49,142.34,144.64,170.08,144.95
..REGION VIII (EASTERN VISAYAS),"ONION WHITE (YELLOW GRANEX), 1 KG",85.66,85.97,84.71,89.38,91.98,90.94,93.44,93.44,95.52,95.77,91.61,91.61,90.84,91.00,86.85,86.42,85.38,85.38,85.38,83.91,84.95,84.95,85.99,85.99,95.34,86.80,97.41,97.41,93.26,93.26,93.26,88.14,85.71,85.10,83.03,83.03,85.10,86.66,89.28,80.95,80.95,80.95,81.81,77.66,77.66,75.58,73.51,75.58,75.58,79.74,82.85,78.57,88.04,79.22,77.66,75.58,80.26,88.05,88.57,96.56,103.75,105.94,92.15,94.23,89.17,94.23,102.96,96.73,94.30,99.70,96.58,97.62,105.17,103.09,104.82,100.05,102.13,99.78,108.47,119.29,110.70,107.89,107.07,107.08,108.16,106.72,103.70,103.51,103.08,103.30,107.41,119.22,114.93,114.56,113.63,110.50,107.72,99.45,108.13,118.13,111.25,116.88,125.94,113.36,142.19,140.63,135.63,126.25,115.63,116.25,117.50,120.94,124.38,136.88,145.63,134.07,129.67,134.07,122.82,119.38,104.38,109.69,105.63,106.88,112.14,115.94,115.32,124.07,126.25,116.38
..REGION VIII (EASTERN VISAYAS),"GINGER, 1 KG",86.41,86.15,85.06,70.06,69.09,69.47,70.21,69.79,72.09,73.23,74.11,75.42,75.09,73.56,72.13,72.99,73.50,75.55,78.09,81.46,82.29,82.45,81.98,83.02,86.71,78.64,90.00,88.44,90.29,94.04,101.52,172.66,176.69,156.38,155.93,128.16,117.23,108.73,123.34,106.79,99.69,94.28,97.13,128.13,143.93,150.35,132.03,121.28,116.85,101.53,96.98,115.75,90.03,87.58,74.68,79.39,76.85,81.40,84.18,81.05,83.30,86.70,81.43,74.50,81.76,76.53,76.40,72.85,66.38,65.38,59.88,58.88,64.08,66.88,70.18,69.65,69.30,68.03,72.25,71.25,72.58,70.00,68.08,74.60,76.48,76.68,72.85,74.48,79.48,76.23,73.75,78.60,80.10,81.13,84.75,105.50,122.88,136.63,140.38,138.25,124.38,123.63,119.63,111.32,116.50,113.00,108.13,137.58,144.63,144.50,169.50,166.25,159.38,149.25,140.38,126.38,139.62,121.75,121.00,107.50,98.88,103.13,108.25,113.88,115.32,120.41,115.05,110.36,107.94,111.96
..REGION VIII (EASTERN VISAYAS),"GARLIC, IMPORTED, 1 KG",96.66,86.31,86.31,93.21,91.48,100.12,110.48,120.84,124.29,119.11,103.57,112.20,103.72,107.02,110.48,108.75,100.11,99.25,107.02,103.58,99.77,94.59,96.66,96.66,127.73,104.30,127.73,131.19,124.29,139.82,192.47,285.68,352.14,195.93,148.45,127.73,126.88,117.38,172.47,124.29,117.38,108.75,105.00,111.25,111.25,112.50,105.00,110.00,115.00,117.50,117.50,112.95,130.00,133.75,116.25,142.50,165.00,197.50,196.25,178.75,178.75,182.50,172.50,182.50,164.69,182.50,182.50,180.00,180.00,212.50,222.50,200.00,165.00,161.25,150.00,145.00,145.00,177.19,150.00,148.75,141.25,132.50,133.75,125.00,126.25,125.00,118.75,123.75,116.25,122.50,130.31,122.50,112.50,112.50,118.75,121.25,137.50,152.50,156.25,148.75,147.50,147.50,147.50,135.42,147.50,212.50,190.00,191.67,180.00,161.25,143.75,121.25,125.00,133.75,132.50,130.00,155.76,135.00,135.00,135.00,132.50,132.50,130.00,130.00,126.35,120.42,122.24,120.42,134.10,129.46
....Biliran,"GARLIC, NATIVE, 1 KG",63.71,59.91,58.78,68.26,58.40,71.29,93.29,94.81,89.49,86.46,87.98,87.98,76.70,87.98,87.98,87.98,86.46,85.71,87.98,84.94,73.95,72.05,69.78,74.33,93.67,82.73,89.49,95.56,79.63,92.53,138.04,191.12,273.79,202.50,146.25,118.75,96.25,96.25,135.01,101.25,103.75,98.75,90.63,100.00,90.00,93.75,95.00,97.50,103.75,115.00,115.00,100.37,117.50,122.50,128.75,145.00,157.50,222.50,150.00,132.50,124.50,137.00,147.50,147.50,144.40,160.00,170.00,170.00,185.00,203.75,228.75,147.50,130.00,142.50,112.50,127.50,140.00,159.79,125.00,126.25,122.50,111.25,123.75,103.75,107.50,120.00,110.00,115.00,112.50,110.00,115.63,117.50,110.00,105.00,106.25,107.50,132.50,137.50,135.00,112.50,135.00,120.00,141.25,121.67,147.50,185.00,183.75,187.50,158.75,188.75,155.00,137.50,145.00,145.00,145.00,158.75,161.46,140.00,138.75,127.50,111.25,115.00,115.00,122.50,112.50,120.00,125.00,126.25,126.25,123.33
....Biliran,"ONION RED CREOLE (BERMUDA RED), 1 KG",..,..,..,..,..,..,..,..,..,..,..,..,..,..,..,..,..,..,..,..,..,..,..,..,..,..,..,..,..,..,..,..,..,..,..,..,..,..,..,..,..,..,..,..,..,..,..,..,..,..,..,..,..,..,..,..,..,..,..,..,..,..,..,..,..,..,..,..,..,..,..,..,..,..,..,..,..,..,..,..,..,..,..,..,..,..,..,..,..,..,..,..,..,..,..,..,..,..,..,..,..,..,..,..,..,..,..,..,..,..,..,..,..,..,..,..,..,..,..,..,..,..,..,..,..,..,..,..,..,..
....Biliran,"ONION WHITE (YELLOW GRANEX), 1 KG",86.20,86.20,83.08,92.43,97.62,95.54,101.77,101.77,105.92,110.07,101.76,101.76,97.01,101.76,93.45,91.37,89.29,89.29,89.29,85.14,87.22,87.22,89.30,89.30,107.99,91.72,112.14,112.14,103.83,103.83,103.83,99.68,99.68,99.68,95.53,95.53,99.68,102.80,102.36,91.38,91.38,91.38,95.53,87.22,87.22,83.07,78.92,83.07,83.07,91.38,97.61,88.44,107.99,90.34,87.22,83.07,92.42,108.00,109.04,108.00,116.31,114.23,95.54,99.69,100.99,99.69,118.38,105.92,105.92,99.69,93.46,95.54,99.69,95.54,103.85,95.54,99.69,101.08,96.57,119.42,113.19,106.96,105.92,98.65,100.81,99.95,100.39,107.31,106.45,107.31,105.24,129.81,115.97,110.78,107.31,110.78,112.50,100.82,112.50,135.00,117.50,121.25,138.75,117.75,147.50,158.75,148.75,130.00,107.50,122.50,125.00,140.00,147.50,160.00,175.00,160.00,143.54,160.00,132.50,122.50,105.00,107.50,115.00,107.50,112.39,110.00,107.50,116.25,112.50,117.39
....Biliran,"GINGER, 1 KG",32.51,34.52,29.96,23.62,24.43,28.03,30.03,29.63,34.43,39.24,36.04,39.24,31.81,36.84,33.64,32.84,37.24,48.05,55.26,68.07,65.67,64.07,57.50,57.66,60.07,51.41,60.07,50.94,59.27,74.48,84.89,142.55,177.80,133.75,116.25,111.25,86.25,87.50,98.75,87.50,68.75,83.75,101.25,142.50,175.00,200.00,151.25,112.50,93.75,71.25,67.50,112.92,65.00,58.75,51.25,52.50,57.50,71.25,77.50,73.75,72.50,57.50,75.00,65.00,64.79,41.25,40.00,40.00,40.00,36.88,45.00,38.75,40.00,40.00,45.00,43.75,44.38,41.25,60.00,53.75,60.00,57.50,50.00,62.50,66.25,66.25,60.00,58.75,63.75,58.75,59.79,58.75,62.50,63.75,82.50,128.75,143.75,160.00,158.75,150.00,126.25,138.75,135.00,117.40,137.50,127.50,115.00,147.50,147.50,132.50,203.75,198.75,182.50,173.75,140.00,107.50,151.15,96.25,96.25,72.50,72.50,83.75,95.00,97.50,88.75,101.25,96.25,102.50,83.75,90.52
....Biliran,"GARLIC, IMPORTED, 1 KG",..,..,..,..,..,..,..,..,..,..,..,..,..,..,..,..,..,..,..,..,..,..,..,..,..,..,..,..,..,..,..,..,..,..,..,..,..,..,..,..,..,..,..,..,..,..,..,..,..,..,..,..,..,..,..,..,..,..,..,..,..,..,..,..,..,..,..,..,..,..,..,..,..,..,..,..,..,..,..,..,..,..,..,..,..,..,..,..,..,..,..,..,..,..,..,..,..,..,..,..,..,..,..,..,..,..,..,..,..,..,..,..,..,..,..,..,..,..,..,..,..,..,..,..,..,..,..,..,..,..
....Eastern Samar,"GARLIC, NATIVE, 1 KG",60.27,53.82,53.82,58.13,57.05,62.43,68.89,75.35,77.50,74.27,64.58,69.96,64.67,66.73,68.89,67.81,62.42,61.89,66.73,64.58,62.21,58.98,60.27,60.27,79.65,65.04,79.65,81.81,77.50,87.19,120.01,178.13,219.57,122.16,122.16,122.16,115.57,118.87,120.40,118.87,118.87,107.31,100.71,108.96,102.35,107.31,105.66,108.96,108.96,112.26,115.57,109.65,122.16,127.12,112.26,163.44,165.09,194.81,196.46,173.35,179.95,176.64,173.35,175.00,163.30,175.00,180.00,180.00,187.50,200.00,227.50,195.00,167.50,163.75,150.00,140.00,140.00,175.52,148.75,152.50,136.25,132.50,125.00,123.75,122.50,118.75,115.00,120.00,112.50,115.00,126.88,112.50,105.00,112.50,112.50,115.00,132.50,152.50,156.25,148.75,147.50,147.50,147.50,132.50,147.50,212.50,190.00,191.67,180.00,161.25,143.75,121.25,125.00,133.75,132.50,130.00,155.76,135.00,135.00,135.00,132.50,132.50,130.00,130.00,136.25,132.25,137.50,127.50,140.88,133.70
....Eastern Samar,"ONION RED CREOLE (BERMUDA RED), 1 KG",101.08,101.08,102.77,90.97,92.66,101.08,106.14,101.08,116.24,112.88,109.50,111.19,103.89,107.82,107.82,99.39,87.01,78.34,90.97,101.08,88.11,91.56,90.97,94.34,124.67,96.84,124.67,131.41,111.19,99.39,82.55,72.45,77.50,80.87,84.23,79.18,89.29,80.87,92.80,99.39,84.23,77.50,72.50,73.75,75.00,75.00,75.00,77.50,88.75,115.00,125.00,86.55,131.25,117.50,107.50,100.00,105.00,115.00,120.00,125.00,138.75,138.75,135.00,112.50,120.52,112.50,112.50,105.00,102.50,100.00,100.00,100.00,95.00,97.50,100.00,107.50,121.25,104.48,178.75,162.50,141.25,112.50,112.50,120.00,117.50,120.00,127.50,127.50,125.00,120.00,130.42,110.00,110.00,107.50,97.50,92.50,97.50,110.00,112.50,101.25,98.75,112.50,192.50,111.88,242.50,202.50,130.00,136.67,133.75,125.00,118.75,117.50,148.75,187.50,225.00,235.00,166.91,207.50,170.00,165.00,147.50,141.25,135.00,135.00,130.90,125.38,141.47,145.81,176.02,151.74
....Eastern Samar,"ONION WHITE (YELLOW GRANEX), 1 KG",..,..,..,..,..,..,..,..,..,..,..,..,..,..,..,..,..,..,..,..,..,..,..,..,..,..,..,..,..,..,..,..,..,..,..,..,..,..,..,..,..,..,..,..,..,..,..,..,..,..,..,..,..,..,..,..,..,..,..,..,..,..,..,..,..,..,..,..,..,..,..,..,..,..,..,..,..,..,..,..,..,..,..,..,..,..,..,..,..,..,..,..,..,..,..,..,..,..,..,..,..,..,..,..,..,..,..,..,..,..,..,..,..,..,..,..,..,..,..,..,..,..,..,..,..,..,..,..,..,..
....Eastern Samar,"GINGER, 1 KG",47.28,47.28,46.43,42.22,39.69,37.99,39.69,37.99,43.90,44.75,52.35,55.72,44.61,48.13,43.90,48.13,46.15,44.75,50.23,53.10,59.65,60.80,64.16,69.23,78.52,55.56,82.74,81.05,81.39,84.43,111.45,222.89,227.96,172.24,178.14,160.41,141.00,126.64,139.20,118.21,104.69,96.25,103.75,137.50,182.50,210.00,167.50,165.00,156.25,127.50,116.25,140.45,110.00,106.25,84.38,81.25,81.25,100.00,90.00,77.50,80.00,81.25,81.25,73.75,87.24,73.75,73.75,71.25,61.25,61.25,61.25,62.50,62.50,60.00,62.50,62.50,62.50,64.58,63.75,65.00,65.00,58.75,53.75,53.75,58.75,70.00,79.38,83.75,85.00,85.00,68.49,83.75,85.00,85.00,82.50,97.50,107.50,115.00,112.50,115.00,114.38,112.50,113.75,102.03,107.50,100.00,108.75,161.67,158.75,158.75,158.75,152.50,156.25,143.75,132.50,128.75,138.99,125.00,127.50,117.50,107.50,110.00,110.00,116.25,123.52,124.25,112.14,105.36,102.94,115.16
....Eastern Samar,"GARLIC, IMPORTED, 1 KG",96.66,86.31,86.31,93.21,91.48,100.12,110.48,120.84,124.29,119.11,103.57,112.20,103.72,107.02,110.48,108.75,100.11,99.25,107.02,103.58,99.77,94.59,96.66,96.66,127.73,104.30,127.73,131.19,124.29,139.82,192.47,285.68,352.14,195.93,148.45,127.73,126.88,117.38,172.47,124.29,117.38,108.75,105.00,111.25,111.25,112.50,105.00,110.00,115.00,117.50,117.50,112.95,130.00,133.75,116.25,142.50,165.00,197.50,196.25,178.75,178.75,182.50,172.50,182.50,164.69,182.50,182.50,180.00,180.00,212.50,222.50,200.00,165.00,161.25,150.00,145.00,145.00,177.19,150.00,148.75,141.25,132.50,133.75,125.00,126.25,125.00,118.75,123.75,116.25,122.50,130.31,122.50,112.50,112.50,118.75,121.25,137.50,152.50,156.25,148.75,147.50,147.50,147.50,135.42,147.50,212.50,190.00,191.67,180.00,161.25,143.75,121.25,125.00,133.75,132.50,130.00,155.76,135.00,135.00,135.00,132.50,132.50,130.00,130.00,126.35,120.42,122.24,120.42,134.10,129.46
....Leyte,"GARLIC, NATIVE, 1 KG",122.50,122.50,122.50,122.50,122.50,119.00,116.37,115.50,112.00,110.25,108.50,108.50,116.89,107.63,103.25,103.25,103.25,103.25,104.13,104.13,104.13,104.13,104.13,104.13,110.25,104.64,110.25,110.25,112.00,112.00,119.00,132.12,196.00,189.00,189.00,189.00,189.00,186.38,152.83,164.20,150.94,149.63,127.31,126.00,125.35,111.56,111.56,111.56,111.56,109.60,108.94,125.68,105.66,105.66,105.66,105.66,105.00,105.00,105.00,105.00,105.00,105.00,105.00,105.00,105.22,105.00,105.00,105.00,105.00,105.00,147.50,147.50,147.50,132.50,135.00,135.00,135.00,125.42,135.00,135.00,135.00,134.38,133.13,131.88,131.88,131.88,131.88,131.88,131.88,134.38,133.18,147.13,147.13,144.21,112.50,118.75,129.38,130.00,123.13,113.75,112.50,112.50,112.50,125.29,118.13,123.13,127.50,142.50,153.75,158.13,161.88,151.88,138.75,121.25,106.25,108.75,134.33,133.75,133.13,123.75,123.75,128.75,113.13,115.63,118.90,118.36,116.14,107.92,121.92,121.26
....Leyte,"ONION RED CREOLE (BERMUDA RED), 1 KG",73.67,73.67,73.67,74.59,74.59,74.59,74.59,74.59,74.59,76.42,78.49,78.49,75.16,78.49,78.49,78.49,78.49,78.49,78.49,78.49,78.49,78.49,78.49,78.49,78.49,78.49,78.49,78.49,81.25,81.25,81.25,81.25,81.25,81.25,81.88,81.88,81.88,81.88,81.00,81.88,81.88,81.88,81.88,84.38,84.38,83.75,83.75,83.75,81.25,77.50,77.50,81.98,80.00,80.00,80.00,80.00,80.00,80.00,80.00,95.00,118.75,122.50,122.50,122.50,95.10,113.75,122.50,122.50,115.00,91.25,91.25,91.25,96.25,95.00,95.00,100.00,105.00,103.23,106.25,111.25,101.88,97.50,96.88,96.88,98.13,102.50,106.25,106.25,105.63,101.25,102.55,106.88,104.38,106.88,113.75,106.88,101.25,98.75,88.75,87.50,87.50,102.50,114.38,101.62,168.13,154.38,152.50,146.67,151.25,135.63,135.63,130.63,130.63,130.63,141.88,161.25,144.93,158.13,154.38,150.63,140.00,126.25,122.50,122.50,130.29,129.84,133.05,135.59,152.37,137.96
....Leyte,"ONION WHITE (YELLOW GRANEX), 1 KG",85.12,85.73,86.33,86.33,86.33,86.33,85.11,85.11,85.11,81.46,81.46,81.46,84.66,80.24,80.24,81.46,81.46,81.46,81.46,82.68,82.68,82.68,82.68,82.68,82.68,81.87,82.68,82.68,82.68,82.68,82.68,76.60,71.74,70.52,70.52,70.52,70.52,70.52,76.20,70.52,70.52,70.52,68.09,68.09,68.09,68.09,68.09,68.09,68.09,68.09,68.09,68.70,68.09,68.09,68.09,68.09,68.09,68.09,68.09,85.11,91.19,97.64,88.76,88.76,77.34,88.76,87.54,87.54,82.68,99.70,99.70,99.70,110.64,110.64,105.78,104.56,104.56,98.48,120.37,119.15,108.21,108.82,108.21,115.51,115.51,113.49,107.00,99.70,99.70,99.29,109.58,108.62,113.88,118.34,119.95,110.22,102.93,98.07,103.75,101.25,105.00,112.50,113.13,108.97,136.88,122.50,122.50,122.50,123.75,110.00,110.00,101.88,101.25,113.75,116.25,108.13,115.78,108.13,113.13,116.25,103.75,111.88,96.25,106.25,111.88,121.88,123.13,131.88,140.00,115.37
....Leyte,"GINGER, 1 KG",93.64,93.64,93.64,93.64,93.64,93.64,93.64,93.64,93.64,93.64,93.64,93.64,93.64,93.64,93.64,93.64,93.64,93.64,93.64,93.64,93.64,93.64,93.64,93.64,99.04,94.09,99.04,100.98,100.98,100.98,100.98,115.25,136.88,136.88,136.88,136.88,136.88,136.88,119.96,135.63,135.63,116.25,107.50,107.50,107.50,107.50,107.50,111.25,107.50,91.88,83.75,109.95,82.50,82.50,78.13,77.50,77.50,77.50,77.50,78.75,78.75,80.00,72.50,72.50,77.97,72.50,72.50,72.50,65.00,62.50,47.50,46.25,50.00,58.13,58.75,60.00,60.00,60.47,60.63,64.38,64.38,64.38,64.38,64.38,64.38,62.50,62.50,70.00,70.00,66.25,64.85,75.63,79.38,85.63,93.13,88.75,100.63,114.38,118.13,130.00,125.00,124.38,124.38,104.95,92.50,81.25,76.88,96.67,104.38,125.00,151.25,145.00,123.13,106.25,95.63,88.13,107.17,88.75,78.75,87.50,81.88,91.88,107.50,110.00,115.56,131.56,126.84,122.68,129.90,106.07
....Leyte,"GARLIC, IMPORTED, 1 KG",..,..,..,..,..,..,..,..,..,..,..,..,..,..,..,..,..,..,..,..,..,..,..,..,..,..,..,..,..,..,..,..,..,..,..,..,..,..,..,..,..,..,..,..,..,..,..,..,..,..,..,..,..,..,..,..,..,..,..,..,..,..,..,..,..,..,..,..,..,..,..,..,..,..,..,..,..,..,..,..,..,..,..,..,..,..,..,..,..,..,..,..,..,..,..,..,..,..,..,..,..,..,..,..,..,..,..,..,..,..,..,..,..,..,..,..,..,..,..,..,..,..,..,..,..,..,..,..,..,..
....Northern Samar,"GARLIC, NATIVE, 1 KG",158.20,158.20,158.20,158.20,158.20,153.67,150.28,149.16,144.64,142.38,140.11,140.11,150.95,138.99,133.33,133.33,133.33,133.33,134.48,134.48,134.48,134.48,134.48,134.48,142.38,135.13,142.38,142.38,144.64,144.64,153.67,170.62,253.12,244.08,188.75,123.75,123.75,123.75,162.96,113.75,113.75,113.75,98.75,98.75,98.75,100.00,100.00,100.00,100.00,100.00,100.00,103.13,107.50,112.50,126.25,137.50,147.50,147.50,130.00,155.00,162.50,162.50,178.75,173.75,145.10,180.00,155.00,145.00,158.75,153.75,195.00,192.50,170.00,192.50,190.00,185.00,187.50,175.42,187.50,177.50,177.50,182.50,146.25,163.75,157.50,160.00,160.00,145.00,145.00,145.00,162.29,140.00,145.00,145.00,145.00,166.00,171.00,171.00,171.00,171.00,172.25,172.25,172.25,161.81,172.25,174.75,177.25,186.67,145.00,141.25,143.75,150.00,157.50,156.25,155.00,176.25,161.33,160.00,161.25,150.00,142.50,136.25,138.75,128.75,127.53,125.08,132.44,132.44,132.44,138.95
....Northern Samar,"ONION RED CREOLE (BERMUDA RED), 1 KG",..,..,..,..,..,..,..,..,..,..,..,..,..,..,..,..,..,..,..,..,..,..,..,..,..,..,..,..,..,..,..,..,..,..,..,..,..,..,..,..,..,..,..,..,..,..,..,..,..,..,..,..,..,..,..,..,..,..,..,..,..,..,..,..,..,..,..,..,..,..,..,..,..,..,..,..,..,..,..,..,..,..,..,..,..,..,..,..,..,..,..,..,..,..,..,..,..,..,..,..,..,..,..,..,..,..,..,..,..,..,..,..,..,..,..,..,..,..,..,..,..,..,..,..,..,..,..,..,..,..
....Northern Samar,"ONION WHITE (YELLOW GRANEX), 1 KG",..,..,..,..,..,..,..,..,..,..,..,..,..,..,..,..,..,..,..,..,..,..,..,..,..,..,..,..,..,..,..,..,..,..,..,..,..,..,..,..,..,..,..,..,..,..,..,..,..,..,..,..,..,..,..,..,..,..,..,..,..,..,..,..,..,..,..,..,..,..,..,..,..,..,..,..,..,..,..,..,..,..,..,..,..,..,..,..,..,..,..,..,..,..,..,..,..,..,..,..,..,..,..,..,..,..,..,..,..,..,..,..,..,..,..,..,..,..,..,..,..,..,..,..,..,..,..,..,..,..
....Northern Samar,"GINGER, 1 KG",185.50,185.50,185.50,123.67,123.67,123.67,123.67,123.67,123.67,123.67,123.67,123.67,139.13,123.67,123.67,123.67,123.67,123.67,123.67,123.67,123.67,123.67,123.67,123.67,123.67,123.67,134.06,134.06,134.06,134.06,134.06,288.64,247.34,247.34,257.50,142.50,136.25,107.50,174.78,107.50,107.50,95.00,95.00,175.00,175.00,157.50,157.50,140.00,150.00,138.75,138.75,136.46,113.75,111.25,80.00,105.00,90.00,80.00,90.00,90.00,100.00,120.00,78.75,61.25,93.33,100.00,100.00,85.00,68.75,68.75,45.00,46.25,57.50,55.00,60.00,60.00,60.00,67.19,65.00,65.00,65.00,65.00,65.00,80.00,80.00,70.00,70.00,70.00,85.00,77.50,71.46,80.00,77.50,77.50,92.50,108.75,141.25,142.50,142.50,143.75,140.00,120.00,121.25,115.63,136.25,136.25,133.75,133.75,145.00,137.50,153.75,158.75,158.75,158.75,176.25,172.50,150.10,167.50,158.75,131.25,131.25,132.50,135.00,134.38,135.00,133.75,138.75,120.00,136.25,137.87
....Northern Samar,"GARLIC, IMPORTED, 1 KG",..,..,..,..,..,..,..,..,..,..,..,..,..,..,..,..,..,..,..,..,..,..,..,..,..,..,..,..,..,..,..,..,..,..,..,..,..,..,..,..,..,..,..,..,..,..,..,..,..,..,..,..,..,..,..,..,..,..,..,..,..,..,..,..,..,..,..,..,..,..,..,..,..,..,..,..,..,..,..,..,..,..,..,..,..,..,..,..,..,..,..,..,..,..,..,..,..,..,..,..,..,..,..,..,..,..,..,..,..,..,..,..,..,..,..,..,..,..,..,..,..,..,..,..,..,..,..,..,..,..
....Western Samar,"GARLIC, NATIVE, 1 KG",..,..,..,..,..,..,..,..,..,..,..,..,..,..,..,..,..,..,..,..,..,..,..,..,..,..,..,..,..,..,..,..,..,..,..,..,..,..,..,..,..,..,..,..,..,..,..,..,..,..,..,..,..,..,..,..,..,..,..,..,..,..,..,..,..,..,..,..,..,..,..,..,..,..,..,..,..,..,..,..,..,..,..,..,..,..,..,..,..,..,..,..,..,..,..,..,..,..,..,..,..,..,..,..,..,..,..,..,..,..,..,..,..,..,..,..,..,..,..,..,..,..,..,..,..,..,..,..,..,..
....Western Samar,"ONION RED CREOLE (BERMUDA RED), 1 KG",97.42,98.56,98.07,95.30,95.30,95.30,78.46,87.45,98.07,107.88,104.61,114.42,97.57,112.78,112.78,107.88,96.44,89.90,78.46,78.46,78.46,78.46,78.46,80.10,90.72,90.24,102.98,109.52,106.24,94.81,93.17,93.17,91.53,91.53,91.53,91.53,91.53,91.53,95.76,91.53,86.63,85.00,85.00,85.00,85.00,85.00,85.00,85.00,85.00,85.00,85.00,85.68,85.00,96.25,85.00,87.50,95.00,115.00,110.00,123.75,129.38,125.00,125.00,117.50,107.87,105.00,100.00,101.25,96.25,96.25,95.63,93.75,86.25,86.25,97.50,100.00,112.50,97.55,110.00,115.00,113.75,101.25,100.00,100.00,102.50,107.50,117.50,120.00,110.00,98.75,108.02,100.63,93.75,95.00,95.00,90.00,92.50,90.00,90.00,82.50,92.50,102.50,137.50,96.82,137.50,143.75,113.75,116.25,117.50,107.50,112.50,110.00,121.25,176.25,230.00,206.25,141.04,177.50,151.25,148.75,125.63,131.88,127.50,130.00,126.26,136.26,152.51,152.51,181.84,145.16
....Western Samar,"ONION WHITE (YELLOW GRANEX), 1 KG",..,..,..,..,..,..,..,..,..,..,..,..,..,..,..,..,..,..,..,..,..,..,..,..,..,..,..,..,..,..,..,..,..,..,..,..,..,..,..,..,..,..,..,..,..,..,..,..,..,..,..,..,..,..,..,..,..,..,..,..,..,..,..,..,..,..,..,..,..,..,..,..,..,..,..,..,..,..,..,..,..,..,..,..,..,..,..,..,..,..,..,..,..,..,..,..,..,..,..,..,..,..,..,..,..,..,..,..,..,..,..,..,..,..,..,..,..,..,..,..,..,..,..,..,..,..,..,..,..,..
....Western Samar,"GINGER, 1 KG",..,..,..,..,..,..,..,..,..,..,..,..,..,..,..,..,..,..,..,..,..,..,..,..,..,..,..,..,..,..,..,..,..,..,..,..,..,..,..,..,..,..,..,..,..,..,..,..,..,..,..,..,..,..,..,..,..,..,..,..,..,..,..,..,..,..,..,..,..,..,..,..,..,..,..,..,..,..,..,..,..,..,..,..,..,..,..,..,..,..,..,..,..,..,..,..,..,..,..,..,..,..,..,..,..,..,..,..,..,..,..,..,..,..,..,..,..,..,..,..,..,..,..,..,..,..,..,..,..,..
....Western Samar,"GARLIC, IMPORTED, 1 KG",..,..,..,..,..,..,..,..,..,..,..,..,..,..,..,..,..,..,..,..,..,..,..,..,..,..,..,..,..,..,..,..,..,..,..,..,..,..,..,..,..,..,..,..,..,..,..,..,..,..,..,..,..,..,..,..,..,..,..,..,..,..,..,..,..,..,..,..,..,..,..,..,..,..,..,..,..,..,..,..,..,..,..,..,..,..,..,..,..,..,..,..,..,..,..,..,..,..,..,..,..,..,..,..,..,..,..,..,..,..,..,..,..,..,..,..,..,..,..,..,..,..,..,..,..,..,..,..,..,..
....Southern Leyte,"GARLIC, NATIVE, 1 KG",66.98,66.98,66.98,64.10,62.75,63.59,65.46,65.46,67.16,67.16,67.16,67.16,65.91,68.04,68.04,68.85,69.53,70.54,70.89,72.07,72.75,74.61,74.66,75.12,75.49,71.72,76.31,76.82,77.33,77.76,78.35,267.10,267.52,264.30,181.88,158.75,150.00,141.88,151.50,135.00,129.38,128.13,118.75,118.75,120.75,119.00,117.75,118.38,111.25,111.25,116.88,120.44,116.88,122.50,121.38,117.75,113.75,114.25,117.88,117.88,117.88,116.00,117.25,119.38,117.73,119.50,121.13,113.75,109.00,117.38,113.00,113.00,119.50,122.88,126.75,129.50,127.00,119.37,136.88,128.75,125.00,128.75,132.00,133.00,133.63,135.75,138.75,133.75,133.75,133.75,132.81,133.75,133.75,132.50,113.75,117.50,122.50,127.50,127.50,126.25,140.00,132.50,135.00,128.54,141.25,155.00,170.00,170.00,175.00,176.25,150.00,157.50,132.50,146.25,143.75,156.88,156.20,156.88,155.63,146.25,148.75,138.75,140.00,140.00,140.00,127.65,126.47,126.47,126.47,139.44
....Southern Leyte,"ONION RED CREOLE (BERMUDA RED), 1 KG",..,..,..,..,..,..,..,..,..,..,..,..,..,..,..,..,..,..,..,..,..,..,..,..,..,..,..,..,..,..,..,..,..,..,..,..,..,..,..,..,..,..,..,..,..,..,..,..,..,..,..,..,..,..,..,..,..,..,..,..,..,..,..,..,..,..,..,..,..,..,..,..,..,..,..,..,..,..,..,..,..,..,..,..,..,..,..,..,..,..,..,..,..,..,..,..,..,..,..,..,..,..,..,..,..,..,..,..,..,..,..,..,..,..,..,..,..,..,..,..,..,..,..,..,..,..,..,..,..,..
....Southern Leyte,"ONION WHITE (YELLOW GRANEX), 1 KG",..,..,..,..,..,..,..,..,..,..,..,..,..,..,..,..,..,..,..,..,..,..,..,..,..,..,..,..,..,..,..,..,..,..,..,..,..,..,..,..,..,..,..,..,..,..,..,..,..,..,..,..,..,..,..,..,..,..,..,..,..,..,..,..,..,..,..,..,..,..,..,..,..,..,..,..,..,..,..,..,..,..,..,..,..,..,..,..,..,..,..,..,..,..,..,..,..,..,..,..,..,..,..,..,..,..,..,..,..,..,..,..,..,..,..,..,..,..,..,..,..,..,..,..,..,..,..,..,..,..
....Southern Leyte,"GINGER, 1 KG",73.11,69.79,69.79,67.15,64.01,64.01,64.01,64.01,64.83,64.83,64.83,64.83,66.27,65.50,65.82,66.66,66.82,67.65,67.65,68.80,68.80,70.09,70.91,70.91,72.27,68.49,74.10,75.17,75.75,76.24,76.24,93.95,93.45,91.71,90.88,89.75,85.75,85.13,84.01,85.13,81.88,80.13,78.13,78.13,79.63,76.75,76.38,77.63,76.75,78.25,78.63,78.95,78.88,79.13,79.63,80.69,78.00,78.25,85.88,85.25,85.25,94.75,99.63,100.00,85.45,95.13,95.75,95.50,96.88,97.50,100.63,100.63,110.38,121.25,124.63,122.00,119.63,106.66,111.88,108.13,108.50,104.38,107.25,112.38,113.00,114.63,92.38,89.88,93.63,93.63,104.14,94.88,96.13,93.77,73.13,103.75,121.25,151.25,170.00,152.50,116.25,122.50,103.75,116.60,108.75,120.00,106.25,148.33,167.50,168.75,180.00,176.25,176.25,163.75,157.50,135.00,150.69,131.25,143.75,128.75,101.25,97.50,93.75,111.25,113.75,111.25,101.25,101.25,86.88,110.16
....Southern Leyte,"GARLIC, IMPORTED, 1 KG",..,..,..,..,..,..,..,..,..,..,..,..,..,..,..,..,..,..,..,..,..,..,..,..,..,..,..,..,..,..,..,..,..,..,..,..,..,..,..,..,..,..,..,..,..,..,..,..,..,..,..,..,..,..,..,..,..,..,..,..,..,..,..,..,..,..,..,..,..,..,..,..,..,..,..,..,..,..,..,..,..,..,..,..,..,..,..,..,..,..,..,..,..,..,..,..,..,..,..,..,..,..,..,..,..,..,..,..,..,..,..,..,..,..,..,..,..,..,..,..,..,..,..,..,..,..,..,..,..,..
..REGION IX (ZAMBOANGA PENINSULA),"GARLIC, NATIVE, 1 KG",161.48,151.34,147.95,138.66,136.97,135.28,135.28,139.51,136.97,138.66,135.28,138.66,141.34,150.49,150.49,150.49,150.49,150.49,148.80,150.49,151.34,150.49,150.49,150.49,153.88,150.70,160.63,171.62,175.84,174.16,165.70,197.83,279.83,160.63,146.25,150.63,153.75,154.38,174.27,148.13,144.13,145.38,143.25,149.38,148.13,151.25,160.63,151.25,151.25,153.75,101.88,145.70,151.25,116.88,115.63,118.13,117.50,148.75,142.50,134.38,135.00,135.00,137.50,134.50,132.25,135.00,135.00,136.25,136.25,198.75,176.25,157.50,148.13,134.38,140.63,126.88,126.88,145.99,130.63,138.13,138.13,134.38,133.13,131.25,103.33,102.50,101.43,101.43,97.14,97.14,117.39,97.50,97.50,97.50,102.50,110.00,122.50,121.88,129.38,126.25,117.50,117.50,125.00,113.75,127.50,157.50,148.75,180.00,175.00,158.75,137.50,111.25,117.50,116.88,110.00,115.00,137.97,123.75,117.50,120.00,116.25,125.00,116.25,135.00,100.00,110.00,110.00,110.00,107.50,115.94
..REGION IX (ZAMBOANGA PENINSULA),"ONION RED CREOLE (BERMUDA RED), 1 KG",95.81,89.22,88.17,74.07,71.57,81.25,88.59,87.50,81.67,86.92,89.84,88.34,85.25,81.92,81.92,80.04,79.17,77.50,78.75,79.17,78.54,77.29,76.29,80.88,83.13,79.55,91.09,102.09,95.21,92.92,84.38,74.17,81.88,77.29,78.54,78.54,76.15,79.17,84.29,80.94,80.21,72.50,70.00,70.00,69.59,72.92,77.09,75.84,81.04,90.84,91.25,77.69,102.09,85.94,78.03,85.32,89.59,102.09,104.69,114.38,122.09,112.92,100.00,89.38,98.88,90.42,89.07,88.96,84.59,80.73,84.59,79.38,77.40,81.25,85.63,88.38,92.71,85.26,96.46,108.34,91.25,98.13,95.42,99.38,103.75,103.23,112.71,106.67,106.25,104.17,102.15,106.67,98.75,93.75,88.13,93.13,96.88,97.50,100.63,94.38,80.84,92.50,142.19,98.78,201.25,172.50,140.63,127.50,122.50,122.50,121.25,130.00,141.25,166.88,192.50,161.25,150.00,132.50,128.75,178.13,124.38,120.63,117.50,131.88,122.67,131.37,139.13,159.84,185.65,139.37
..REGION IX (ZAMBOANGA PENINSULA),"ONION WHITE (YELLOW GRANEX), 1 KG",..,..,..,..,..,..,..,..,..,..,..,..,..,..,..,..,..,..,..,..,..,..,..,..,..,..,..,..,..,..,..,..,..,..,..,..,..,..,..,..,..,..,..,..,..,..,..,..,..,..,..,..,..,..,..,..,..,..,..,..,..,..,..,..,..,..,..,..,..,..,..,..,..,..,..,..,..,..,..,..,..,..,..,..,..,..,..,..,..,..,..,..,..,..,..,..,..,..,..,..,..,..,..,..,..,..,..,..,..,..,..,..,..,..,..,..,..,..,..,..,..,..,..,..,..,..,..,..,..,..
..REGION IX (ZAMBOANGA PENINSULA),"GINGER, 1 KG",70.05,64.16,64.16,56.44,55.43,55.88,56.23,57.42,54.06,54.06,53.56,56.47,58.16,56.52,56.85,57.01,57.05,55.68,55.68,60.92,60.83,66.55,66.55,65.20,65.34,60.35,65.67,67.41,75.11,75.11,89.02,121.03,145.67,129.69,132.19,127.19,102.50,100.94,102.63,93.44,80.32,84.38,90.00,103.13,132.19,134.07,129.69,126.57,90.63,102.50,97.82,105.40,90.63,84.07,87.82,82.50,92.82,84.38,87.50,85.94,85.94,71.57,67.19,65.94,82.19,69.69,64.38,50.94,52.19,48.13,44.38,46.26,56.88,64.07,54.07,53.32,53.32,54.80,49.69,49.38,49.38,45.94,47.51,47.51,52.38,55.63,57.38,57.38,61.57,61.57,52.94,61.57,62.19,62.19,62.19,62.19,62.19,69.69,108.75,108.75,108.75,100.32,105.94,81.23,110.32,96.88,96.88,130.00,155.00,177.50,170.63,166.25,149.38,124.38,123.13,115.00,134.61,111.88,95.63,92.50,95.00,98.75,94.07,103.44,96.98,92.97,95.69,91.73,86.55,96.27
..REGION IX (ZAMBOANGA PENINSULA),"GARLIC, IMPORTED, 1 KG",..,..,..,..,..,..,..,..,..,..,..,..,..,..,..,..,..,..,..,..,..,..,..,..,..,..,..,..,..,..,..,..,..,..,..,..,..,..,..,..,..,..,..,..,..,..,..,..,..,..,..,..,..,..,..,..,..,..,..,..,..,..,..,..,..,..,..,..,..,..,..,..,..,..,..,..,..,..,..,..,..,..,..,..,..,..,..,..,..,..,..,..,..,..,..,..,..,..,..,..,..,..,..,..,..,..,..,..,..,..,..,..,..,..,..,..,..,..,..,..,..,..,..,..,..,..,..,..,..,..
....Zamboanga del Norte,"GARLIC, NATIVE, 1 KG",..,..,..,..,..,..,..,..,..,..,..,..,..,..,..,..,..,..,..,..,..,..,..,..,..,..,..,..,..,..,..,..,..,..,..,..,..,..,..,..,..,..,..,..,..,..,..,..,..,..,..,..,..,..,..,..,..,..,..,..,..,..,..,..,..,..,..,..,..,..,..,..,..,..,..,..,..,..,..,..,..,..,..,..,..,..,..,..,..,..,..,..,..,..,..,..,..,..,..,..,..,..,..,..,..,..,..,..,..,..,..,..,..,..,..,..,..,..,..,..,..,..,..,..,..,..,..,..,..,..
....Zamboanga del Norte,"ONION RED CREOLE (BERMUDA RED), 1 KG",101.33,98.00,100.00,80.00,80.00,87.50,97.17,92.50,85.83,96.33,99.67,94.17,92.71,86.33,86.33,86.33,83.33,80.00,82.50,83.33,83.33,83.33,81.33,90.50,87.50,84.51,102.17,116.67,96.67,93.33,85.00,68.33,80.00,83.33,83.33,83.33,81.67,90.00,88.65,90.00,86.67,72.50,67.50,67.50,81.67,80.83,81.67,86.67,93.33,101.67,105.00,84.58,116.67,92.50,81.67,90.00,96.67,111.67,115.00,125.00,126.67,123.33,110.00,90.00,106.60,98.33,95.00,96.67,91.67,88.33,91.67,85.00,81.67,85.00,90.00,93.00,101.67,91.50,113.33,119.17,95.00,105.00,103.33,100.00,110.00,108.33,111.67,105.83,110.00,108.33,107.50,113.33,100.00,90.00,80.00,90.00,90.00,85.00,82.50,81.88,86.67,98.75,128.13,93.86,213.75,185.00,165.00,156.66,140.00,143.75,140.00,157.50,161.25,187.50,190.00,135.00,164.62,135.00,137.50,187.50,125.00,127.50,117.50,138.75,133.75,140.00,154.38,178.75,206.50,148.51
....Zamboanga del Norte,"ONION WHITE (YELLOW GRANEX), 1 KG",..,..,..,..,..,..,..,..,..,..,..,..,..,..,..,..,..,..,..,..,..,..,..,..,..,..,..,..,..,..,..,..,..,..,..,..,..,..,..,..,..,..,..,..,..,..,..,..,..,..,..,..,..,..,..,..,..,..,..,..,..,..,..,..,..,..,..,..,..,..,..,..,..,..,..,..,..,..,..,..,..,..,..,..,..,..,..,..,..,..,..,..,..,..,..,..,..,..,..,..,..,..,..,..,..,..,..,..,..,..,..,..,..,..,..,..,..,..,..,..,..,..,..,..,..,..,..,..,..,..
....Zamboanga del Norte,"GINGER, 1 KG",..,..,..,..,..,..,..,..,..,..,..,..,..,..,..,..,..,..,..,..,..,..,..,..,..,..,..,..,..,..,..,..,..,..,..,..,..,..,..,..,..,..,..,..,..,..,..,..,..,..,..,..,..,..,..,..,..,..,..,..,..,..,..,..,..,..,..,..,..,..,..,..,..,..,..,..,..,..,..,..,..,..,..,..,..,..,..,..,..,..,..,..,..,..,..,..,..,..,..,..,..,..,..,..,..,..,..,..,..,..,..,..,..,..,..,..,..,..,..,..,..,..,..,..,..,..,..,..,..,..
....Zamboanga del Norte,"GARLIC, IMPORTED, 1 KG",..,..,..,..,..,..,..,..,..,..,..,..,..,..,..,..,..,..,..,..,..,..,..,..,..,..,..,..,..,..,..,..,..,..,..,..,..,..,..,..,..,..,..,..,..,..,..,..,..,..,..,..,..,..,..,..,..,..,..,..,..,..,..,..,..,..,..,..,..,..,..,..,..,..,..,..,..,..,..,..,..,..,..,..,..,..,..,..,..,..,..,..,..,..,..,..,..,..,..,..,..,..,..,..,..,..,..,..,..,..,..,..,..,..,..,..,..,..,..,..,..,..,..,..,..,..,..,..,..,..
....Zamboanga del Sur,"GARLIC, NATIVE, 1 KG",..,..,..,..,..,..,..,..,..,..,..,..,..,..,..,..,..,..,..,..,..,..,..,..,..,..,..,..,..,..,..,..,..,..,..,..,..,..,..,..,..,..,..,..,..,..,..,..,..,..,..,..,..,..,..,..,..,..,..,..,..,..,..,..,..,..,..,..,..,..,..,..,..,..,..,..,..,..,..,..,..,..,..,..,..,..,..,..,..,..,..,..,..,..,..,..,..,..,..,..,..,..,..,..,..,..,..,..,..,..,..,..,..,..,..,..,..,..,..,..,..,..,..,..,..,..,..,..,..,..
....Zamboanga del Sur,"ONION RED CREOLE (BERMUDA RED), 1 KG",90.29,80.44,76.33,68.13,63.13,75.00,80.00,82.50,77.50,77.50,80.00,82.50,77.78,77.50,77.50,73.75,75.00,75.00,75.00,75.00,73.75,71.25,71.25,71.25,78.75,74.58,80.00,87.50,93.75,92.50,83.75,80.00,83.75,71.25,73.75,73.75,70.63,68.33,79.91,71.88,73.75,72.50,72.50,72.50,57.50,65.00,72.50,65.00,68.75,80.00,77.50,70.78,87.50,79.38,74.38,80.63,82.50,92.50,94.38,103.75,117.50,102.50,90.00,88.75,91.15,82.50,83.13,81.25,77.50,73.13,77.50,73.75,73.13,77.50,81.25,83.75,83.75,79.01,79.58,97.50,87.50,91.25,87.50,98.75,97.50,98.13,113.75,107.50,102.50,100.00,96.79,100.00,97.50,97.50,96.25,96.25,103.75,110.00,118.75,106.88,75.00,86.25,156.25,103.70,188.75,160.00,116.25,98.33,105.00,101.25,102.50,102.50,121.25,146.25,195.00,187.50,135.38,130.00,120.00,168.75,123.75,113.75,117.50,125.00,111.59,122.73,123.87,140.92,164.79,130.22
....Zamboanga del Sur,"ONION WHITE (YELLOW GRANEX), 1 KG",..,..,..,..,..,..,..,..,..,..,..,..,..,..,..,..,..,..,..,..,..,..,..,..,..,..,..,..,..,..,..,..,..,..,..,..,..,..,..,..,..,..,..,..,..,..,..,..,..,..,..,..,..,..,..,..,..,..,..,..,..,..,..,..,..,..,..,..,..,..,..,..,..,..,..,..,..,..,..,..,..,..,..,..,..,..,..,..,..,..,..,..,..,..,..,..,..,..,..,..,..,..,..,..,..,..,..,..,..,..,..,..,..,..,..,..,..,..,..,..,..,..,..,..,..,..,..,..,..,..
....Zamboanga del Sur,"GINGER, 1 KG",41.43,39.51,39.51,33.95,32.70,34.40,35.09,37.47,37.47,37.47,36.46,38.15,36.97,37.46,37.14,37.46,37.14,38.15,38.15,47.83,47.66,47.66,47.66,44.95,51.75,42.75,49.04,51.75,53.13,53.13,53.13,117.16,149.86,121.25,133.75,130.00,102.50,100.00,92.89,95.00,75.00,78.75,85.00,85.00,147.50,148.75,121.25,133.75,76.25,102.50,76.25,102.08,76.25,76.25,77.50,77.50,101.25,85.00,91.25,91.25,91.25,63.75,55.63,55.63,78.54,63.13,58.75,39.38,43.75,43.75,33.13,38.13,60.00,60.00,46.88,49.13,49.13,48.76,45.63,46.88,46.88,46.88,46.88,46.88,53.75,53.75,53.75,53.75,66.25,66.25,52.29,66.25,67.50,67.50,67.50,67.50,67.50,67.50,67.50,67.50,67.50,67.50,78.75,68.33,100.00,95.00,93.75,105.00,156.25,166.25,166.25,168.75,142.50,115.00,132.50,108.75,129.17,102.50,83.75,85.00,93.75,92.50,88.13,94.38,88.85,88.19,89.93,82.02,71.65,88.39
....Zamboanga del Sur,"GARLIC, IMPORTED, 1 KG",..,..,..,..,..,..,..,..,..,..,..,..,..,..,..,..,..,..,..,..,..,..,..,..,..,..,..,..,..,..,..,..,..,..,..,..,..,..,..,..,..,..,..,..,..,..,..,..,..,..,..,..,..,..,..,..,..,..,..,..,..,..,..,..,..,..,..,..,..,..,..,..,..,..,..,..,..,..,..,..,..,..,..,..,..,..,..,..,..,..,..,..,..,..,..,..,..,..,..,..,..,..,..,..,..,..,..,..,..,..,..,..,..,..,..,..,..,..,..,..,..,..,..,..,..,..,..,..,..,..
....Zamboanga Sibugay,"GARLIC, NATIVE, 1 KG",161.48,151.34,147.95,138.66,136.97,135.28,135.28,139.51,136.97,138.66,135.28,138.66,141.34,150.49,150.49,150.49,150.49,150.49,148.80,150.49,151.34,150.49,150.49,150.49,153.88,150.70,160.63,171.62,175.84,174.16,165.70,197.83,279.83,160.63,146.25,150.63,153.75,154.38,174.27,148.13,144.13,145.38,143.25,149.38,148.13,151.25,160.63,151.25,151.25,153.75,101.88,145.70,151.25,116.88,115.63,118.13,117.50,148.75,142.50,134.38,135.00,135.00,137.50,134.50,132.25,135.00,135.00,136.25,136.25,198.75,176.25,157.50,148.13,134.38,140.63,126.88,126.88,145.99,130.63,138.13,138.13,134.38,133.13,131.25,103.33,102.50,101.43,101.43,97.14,97.14,117.39,97.50,97.50,97.50,102.50,110.00,122.50,121.88,129.38,126.25,117.50,117.50,125.00,113.75,127.50,157.50,148.75,180.00,175.00,158.75,137.50,111.25,117.50,116.88,110.00,115.00,137.97,123.75,117.50,120.00,116.25,125.00,116.25,135.00,100.00,110.00,110.00,110.00,107.50,115.94
....Zamboanga Sibugay,"ONION RED CREOLE (BERMUDA RED), 1 KG",..,..,..,..,..,..,..,..,..,..,..,..,..,..,..,..,..,..,..,..,..,..,..,..,..,..,..,..,..,..,..,..,..,..,..,..,..,..,..,..,..,..,..,..,..,..,..,..,..,..,..,..,..,..,..,..,..,..,..,..,..,..,..,..,..,..,..,..,..,..,..,..,..,..,..,..,..,..,..,..,..,..,..,..,..,..,..,..,..,..,..,..,..,..,..,..,..,..,..,..,..,..,..,..,..,..,..,..,..,..,..,..,..,..,..,..,..,..,..,..,..,..,..,..,..,..,..,..,..,..
....Zamboanga Sibugay,"ONION WHITE (YELLOW GRANEX), 1 KG",..,..,..,..,..,..,..,..,..,..,..,..,..,..,..,..,..,..,..,..,..,..,..,..,..,..,..,..,..,..,..,..,..,..,..,..,..,..,..,..,..,..,..,..,..,..,..,..,..,..,..,..,..,..,..,..,..,..,..,..,..,..,..,..,..,..,..,..,..,..,..,..,..,..,..,..,..,..,..,..,..,..,..,..,..,..,..,..,..,..,..,..,..,..,..,..,..,..,..,..,..,..,..,..,..,..,..,..,..,..,..,..,..,..,..,..,..,..,..,..,..,..,..,..,..,..,..,..,..,..
....Zamboanga Sibugay,"GINGER, 1 KG",98.67,88.80,88.80,78.93,78.15,77.36,77.36,77.36,70.65,70.65,70.65,74.79,79.35,75.58,76.56,76.56,76.96,73.21,73.21,74.00,74.00,85.44,85.44,85.44,78.93,77.94,82.29,83.07,97.08,97.08,124.90,124.90,141.48,138.13,130.63,124.38,102.50,101.88,112.36,91.88,85.63,90.00,95.00,121.25,116.88,119.38,138.13,119.38,105.00,102.50,119.38,108.70,105.00,91.88,98.13,87.50,84.38,83.75,83.75,80.63,80.63,79.38,78.75,76.25,85.84,76.25,70.00,62.50,60.63,52.50,55.63,54.38,53.75,68.13,61.25,57.50,57.50,60.84,53.75,51.88,51.88,45.00,48.13,48.13,51.00,57.50,61.00,61.00,56.88,56.88,53.59,56.88,56.88,56.88,56.88,56.88,56.88,71.88,150.00,150.00,150.00,133.13,133.13,94.12,120.63,98.75,100.00,155.00,153.75,188.75,175.00,163.75,156.25,133.75,113.75,121.25,140.05,121.25,107.50,100.00,96.25,105.00,100.00,112.50,105.12,97.74,101.44,101.44,101.44,104.14
....Zamboanga Sibugay,"GARLIC, IMPORTED, 1 KG",..,..,..,..,..,..,..,..,..,..,..,..,..,..,..,..,..,..,..,..,..,..,..,..,..,..,..,..,..,..,..,..,..,..,..,..,..,..,..,..,..,..,..,..,..,..,..,..,..,..,..,..,..,..,..,..,..,..,..,..,..,..,..,..,..,..,..,..,..,..,..,..,..,..,..,..,..,..,..,..,..,..,..,..,..,..,..,..,..,..,..,..,..,..,..,..,..,..,..,..,..,..,..,..,..,..,..,..,..,..,..,..,..,..,..,..,..,..,..,..,..,..,..,..,..,..,..,..,..,..
....Isabela City,"GARLIC, NATIVE, 1 KG",..,..,..,..,..,..,..,..,..,..,..,..,..,..,..,..,..,..,..,..,..,..,..,..,..,..,..,..,..,..,..,..,..,..,..,..,..,..,..,..,..,..,..,..,..,..,..,..,..,..,..,..,..,..,..,..,..,..,..,..,..,..,..,..,..,..,..,..,..,..,..,..,..,..,..,..,..,..,..,..,..,..,..,..,..,..,..,..,..,..,..,..,..,..,..,..,..,..,..,..,..,..,..,..,..,..,..,..,..,..,..,..,..,..,..,..,..,..,..,..,..,..,..,..,..,..,..,..,..,..
....Isabela City,"ONION RED CREOLE (BERMUDA RED), 1 KG",..,..,..,..,..,..,..,..,..,..,..,..,..,..,..,..,..,..,..,..,..,..,..,..,..,..,..,..,..,..,..,..,..,..,..,..,..,..,..,..,..,..,..,..,..,..,..,..,..,..,..,..,..,..,..,..,..,..,..,..,..,..,..,..,..,..,..,..,..,..,..,..,..,..,..,..,..,..,..,..,..,..,..,..,..,..,..,..,..,..,..,..,..,..,..,..,..,..,..,..,..,..,..,..,..,..,..,..,..,..,..,..,..,..,..,..,..,..,..,..,..,..,..,..,..,..,..,..,..,..
....Isabela City,"ONION WHITE (YELLOW GRANEX), 1 KG",..,..,..,..,..,..,..,..,..,..,..,..,..,..,..,..,..,..,..,..,..,..,..,..,..,..,..,..,..,..,..,..,..,..,..,..,..,..,..,..,..,..,..,..,..,..,..,..,..,..,..,..,..,..,..,..,..,..,..,..,..,..,..,..,..,..,..,..,..,..,..,..,..,..,..,..,..,..,..,..,..,..,..,..,..,..,..,..,..,..,..,..,..,..,..,..,..,..,..,..,..,..,..,..,..,..,..,..,..,..,..,..,..,..,..,..,..,..,..,..,..,..,..,..,..,..,..,..,..,..
....Isabela City,"GINGER, 1 KG",..,..,..,..,..,..,..,..,..,..,..,..,..,..,..,..,..,..,..,..,..,..,..,..,..,..,..,..,..,..,..,..,..,..,..,..,..,..,..,..,..,..,..,..,..,..,..,..,..,..,..,..,..,..,..,..,..,..,..,..,..,..,..,..,..,..,..,..,..,..,..,..,..,..,..,..,..,..,..,..,..,..,..,..,..,..,..,..,..,..,..,..,..,..,..,..,..,..,..,..,..,..,..,..,..,..,..,..,..,..,..,..,..,..,..,..,..,..,..,..,..,..,..,..,..,..,..,..,..,..
....Isabela City,"GARLIC, IMPORTED, 1 KG",..,..,..,..,..,..,..,..,..,..,..,..,..,..,..,..,..,..,..,..,..,..,..,..,..,..,..,..,..,..,..,..,..,..,..,..,..,..,..,..,..,..,..,..,..,..,..,..,..,..,..,..,..,..,..,..,..,..,..,..,..,..,..,..,..,..,..,..,..,..,..,..,..,..,..,..,..,..,..,..,..,..,..,..,..,..,..,..,..,..,..,..,..,..,..,..,..,..,..,..,..,..,..,..,..,..,..,..,..,..,..,..,..,..,..,..,..,..,..,..,..,..,..,..,..,..,..,..,..,..
..REGION X (NORTHERN MINDANAO),"GARLIC, NATIVE, 1 KG",167.95,163.86,155.35,136.28,123.08,134.05,171.98,159.86,156.30,150.75,152.61,143.72,151.32,148.26,146.51,150.61,155.54,167.28,151.40,159.20,147.52,154.96,149.44,164.58,167.29,155.22,163.87,168.49,161.07,160.02,151.21,146.04,168.50,168.50,145.36,158.09,145.18,144.56,156.74,160.18,160.18,163.31,148.31,176.07,169.82,169.82,151.61,137.68,137.06,139.56,142.68,154.69,117.50,123.13,130.00,145.00,151.25,139.38,142.50,130.00,136.25,135.00,178.57,177.32,142.16,188.57,191.07,191.70,192.95,197.32,189.82,182.32,180.45,180.45,180.45,180.45,179.82,186.28,182.32,179.82,179.82,178.57,181.70,176.07,137.50,141.25,142.50,148.13,143.13,145.00,161.32,137.50,145.00,154.38,154.38,148.75,148.75,153.13,156.88,153.13,144.38,148.44,154.07,149.90,159.38,179.38,170.63,167.92,163.75,161.25,161.88,154.79,156.57,158.13,156.88,152.50,161.92,149.38,157.77,157.77,150.63,150.63,149.91,134.21,136.55,139.13,138.12,141.81,146.75,146.06
..REGION X (NORTHERN MINDANAO),"ONION RED CREOLE (BERMUDA RED), 1 KG",85.64,83.28,85.05,80.87,78.74,77.42,82.93,82.08,87.16,86.30,86.04,85.80,83.44,84.92,85.15,82.79,81.95,90.38,85.52,83.66,81.59,82.64,84.52,86.36,91.04,85.04,97.25,103.37,95.79,90.24,80.51,77.06,76.94,76.02,74.82,73.06,71.19,75.08,82.61,78.50,77.17,68.88,69.75,71.90,73.02,73.38,73.74,74.81,81.81,87.13,88.00,76.51,94.31,95.39,78.36,85.37,88.79,103.64,103.69,109.17,109.09,111.38,106.82,103.96,99.16,98.72,99.86,100.56,91.34,91.00,90.83,90.79,90.79,92.80,98.73,100.10,117.63,96.93,133.28,129.98,122.18,118.27,118.87,103.78,109.45,109.39,111.18,105.70,99.70,100.02,113.48,99.38,99.71,96.17,91.77,89.71,85.56,83.01,82.34,85.80,88.02,98.95,140.54,95.08,167.29,156.25,134.00,128.46,126.63,126.63,120.80,120.40,132.43,147.93,161.43,161.68,140.33,139.43,133.00,160.25,141.50,136.50,133.25,133.50,128.87,132.41,133.74,147.87,180.56,141.74
..REGION X (NORTHERN MINDANAO),"ONION WHITE (YELLOW GRANEX), 1 KG",96.71,96.71,103.97,103.97,101.95,84.63,86.64,86.64,94.70,94.70,94.70,94.70,95.00,94.70,94.70,94.70,94.70,119.89,110.82,100.74,100.74,100.74,100.74,98.73,96.21,100.62,111.32,117.87,117.87,100.74,89.67,85.13,87.14,87.14,92.86,92.86,92.86,91.43,97.24,92.86,85.71,68.57,60.00,68.57,71.43,75.71,80.00,81.43,74.29,75.71,75.71,75.83,90.00,87.14,77.14,84.29,90.00,120.00,112.86,107.14,120.00,122.86,98.57,102.86,101.07,94.29,88.57,86.43,85.71,91.43,101.43,96.43,95.00,93.57,101.43,101.43,101.43,94.76,95.00,88.57,87.14,90.00,90.00,87.14,107.14,108.57,100.71,91.43,90.00,97.86,94.46,94.29,90.00,90.00,81.43,82.86,87.14,95.43,119.00,114.29,114.29,115.71,113.57,99.83,100.00,98.57,94.86,103.40,99.14,94.86,96.29,99.14,106.29,103.43,113.43,116.29,102.14,116.29,114.00,111.00,113.43,102.86,95.71,100.00,100.00,105.71,105.71,104.29,101.43,105.87
..REGION X (NORTHERN MINDANAO),"GINGER, 1 KG",42.52,42.52,50.61,44.35,47.06,48.76,50.65,52.87,51.50,49.55,50.74,51.37,48.54,51.37,52.06,52.55,53.74,56.99,62.62,65.98,67.00,74.57,70.82,70.85,68.86,62.28,72.46,78.22,87.56,100.18,119.34,132.52,135.47,137.03,134.53,129.69,117.97,104.85,112.49,104.70,94.22,101.25,115.32,143.60,174.10,164.25,159.07,153.44,133.03,128.41,128.66,133.34,103.35,98.03,94.75,95.72,95.10,98.38,94.19,95.25,89.53,90.78,90.47,85.16,94.23,83.91,78.13,78.60,77.19,76.72,70.63,69.38,69.85,71.06,71.13,70.19,69.10,73.82,67.03,70.00,65.19,63.00,66.10,62.91,61.19,67.44,71.35,71.50,73.53,72.97,67.68,71.25,71.19,73.44,78.85,97.50,109.69,114.22,112.66,111.72,112.03,113.75,105.47,97.65,105.47,103.28,107.19,133.29,143.75,150.16,147.66,149.47,141.72,141.56,128.60,124.53,131.39,117.66,113.13,110.00,107.81,110.00,110.63,108.47,106.59,108.30,111.46,108.77,103.90,109.73
..REGION X (NORTHERN MINDANAO),"GARLIC, IMPORTED, 1 KG",196.73,180.85,193.53,158.66,158.66,155.46,180.85,184.01,185.61,177.69,160.22,157.06,174.11,163.42,153.90,174.50,190.37,184.01,190.37,193.53,184.01,201.49,196.73,191.97,187.21,184.29,180.85,182.45,180.85,180.85,191.97,196.73,203.05,206.25,205.00,190.00,171.25,151.25,186.71,134.38,117.50,117.50,117.50,113.75,111.25,110.00,109.38,109.25,109.00,107.75,107.75,113.75,107.75,108.38,109.88,110.13,111.13,111.50,112.25,113.50,114.38,115.00,118.13,122.50,112.88,120.00,125.63,128.13,128.13,132.50,143.75,148.75,150.00,150.00,145.63,141.88,138.75,137.76,136.25,136.25,130.63,123.75,120.00,115.00,118.75,121.25,121.25,120.63,116.25,114.38,122.87,116.25,112.50,110.63,110.63,111.25,112.50,117.50,121.25,125.00,130.00,128.13,129.38,118.75,129.38,134.38,141.25,145.63,149.38,155.63,157.50,150.00,143.75,140.00,140.00,136.25,143.60,138.75,136.25,143.75,140.00,135.00,136.25,138.75,139.38,140.00,140.00,143.65,147.40,139.93
....Bukidnon,"GARLIC, NATIVE, 1 KG",..,..,..,..,..,..,..,..,..,..,..,..,..,..,..,..,..,..,..,..,..,..,..,..,..,..,..,..,..,..,..,..,..,..,..,..,..,..,..,..,..,..,..,..,..,..,..,..,..,..,..,..,..,..,..,..,..,..,..,..,..,..,..,..,..,..,..,..,..,..,..,..,..,..,..,..,..,..,..,..,..,..,..,..,..,..,..,..,..,..,..,..,..,..,..,..,..,..,..,..,..,..,..,..,..,..,..,..,..,..,..,..,..,..,..,..,..,..,..,..,..,..,..,..,..,..,..,..,..,..
....Bukidnon,"ONION RED CREOLE (BERMUDA RED), 1 KG",89.87,85.75,87.39,77.50,75.00,78.75,91.25,90.00,92.50,91.25,91.88,95.00,87.18,93.75,86.25,85.00,87.50,83.75,81.88,87.50,82.50,83.13,85.63,87.50,95.00,86.62,95.00,97.50,96.25,100.00,88.75,88.75,80.00,74.38,75.00,76.25,76.25,76.25,85.37,80.80,77.50,75.63,75.63,75.63,77.13,76.13,75.75,75.50,76.00,78.50,81.63,77.15,81.63,81.63,81.25,83.38,87.75,88.13,88.25,88.75,89.38,91.88,95.00,101.25,88.19,99.38,95.63,96.25,96.25,95.00,92.50,92.50,90.00,90.00,89.38,93.75,97.50,94.01,93.38,103.13,99.38,100.63,101.25,100.00,103.75,111.25,115.63,115.63,109.38,108.13,105.13,107.50,106.25,104.38,104.38,100.00,97.50,92.50,90.00,90.63,90.00,88.13,91.25,96.88,93.75,98.13,100.63,100.63,105.63,116.88,116.88,120.00,126.25,136.25,143.75,155.00,117.82,151.25,148.75,161.25,150.00,147.50,142.50,143.75,144.38,145.00,140.63,148.13,160.75,148.66
....Bukidnon,"ONION WHITE (YELLOW GRANEX), 1 KG",..,..,..,..,..,..,..,..,..,..,..,..,..,..,..,..,..,..,..,..,..,..,..,..,..,..,..,..,..,..,..,..,..,..,..,..,..,..,..,..,..,..,..,..,..,..,..,..,..,..,..,..,..,..,..,..,..,..,..,..,..,..,..,..,..,..,..,..,..,..,..,..,..,..,..,..,..,..,..,..,..,..,..,..,..,..,..,..,..,..,..,..,..,..,..,..,..,..,..,..,..,..,..,..,..,..,..,..,..,..,..,..,..,..,..,..,..,..,..,..,..,..,..,..,..,..,..,..,..,..
....Bukidnon,"GINGER, 1 KG",41.33,41.33,46.39,35.00,36.25,35.63,36.88,38.13,37.50,36.25,38.13,39.38,38.52,39.38,40.00,41.25,42.50,42.50,43.13,46.88,48.75,59.38,55.00,54.38,53.75,47.24,53.75,57.50,62.50,78.75,89.38,96.88,104.38,110.63,121.88,116.88,116.88,96.88,92.19,99.40,93.75,101.25,106.88,119.38,118.25,120.13,121.88,121.88,120.25,117.38,114.63,112.92,114.63,114.63,111.50,109.13,105.63,105.25,105.50,103.50,102.50,101.88,100.63,99.38,106.18,97.50,95.00,95.63,96.25,95.63,87.50,82.50,82.50,85.00,85.00,81.25,78.75,88.54,76.88,76.25,71.25,71.25,74.38,69.38,51.88,72.50,76.25,79.38,76.25,68.75,72.03,68.13,65.63,63.75,63.13,66.25,68.75,73.13,76.88,80.63,84.38,85.63,88.13,73.70,91.88,94.38,95.00,103.13,105.00,110.63,119.38,123.13,125.63,128.75,112.50,102.50,109.33,101.25,100.00,102.50,105.00,108.75,113.13,114.38,114.38,114.38,116.25,104.38,102.50,108.08
....Bukidnon,"GARLIC, IMPORTED, 1 KG",196.73,180.85,193.53,158.66,158.66,155.46,180.85,184.01,185.61,177.69,160.22,157.06,174.11,163.42,153.90,174.50,190.37,184.01,190.37,193.53,184.01,201.49,196.73,191.97,187.21,184.29,180.85,182.45,180.85,180.85,191.97,196.73,203.05,206.25,205.00,190.00,171.25,151.25,186.71,134.38,117.50,117.50,117.50,113.75,111.25,110.00,109.38,109.25,109.00,107.75,107.75,113.75,107.75,108.38,109.88,110.13,111.13,111.50,112.25,113.50,114.38,115.00,118.13,122.50,112.88,120.00,125.63,128.13,128.13,132.50,143.75,148.75,150.00,150.00,145.63,141.88,138.75,137.76,136.25,136.25,130.63,123.75,120.00,115.00,118.75,121.25,121.25,120.63,116.25,114.38,122.87,116.25,112.50,110.63,110.63,111.25,112.50,117.50,121.25,125.00,130.00,128.13,129.38,118.75,129.38,134.38,141.25,145.63,149.38,155.63,157.50,150.00,143.75,140.00,140.00,136.25,143.60,138.75,136.25,143.75,140.00,135.00,136.25,138.75,139.38,140.00,140.00,143.65,147.40,139.93
....Camiguin,"GARLIC, NATIVE, 1 KG",191.16,182.40,185.89,164.85,157.84,168.36,192.92,192.92,192.92,193.79,194.67,201.68,184.95,199.93,185.89,182.40,189.41,182.40,177.14,185.89,175.37,177.14,180.63,182.40,206.94,185.46,206.94,210.46,208.71,217.46,196.42,192.92,177.14,177.14,155.71,164.29,142.86,142.86,182.74,142.86,142.86,142.86,142.86,137.14,137.14,137.14,135.71,132.86,132.86,132.86,132.86,137.50,90.00,90.00,90.00,90.00,90.00,90.00,90.00,90.00,90.00,90.00,177.14,177.14,104.52,177.14,177.14,177.14,177.14,177.14,177.14,177.14,177.14,177.14,177.14,177.14,177.14,177.14,177.14,177.14,177.14,177.14,177.14,177.14,135.00,135.00,135.00,135.00,128.75,128.75,155.03,128.75,128.75,128.75,128.75,128.75,128.75,128.75,128.75,131.25,131.25,131.25,131.25,129.58,131.25,138.75,141.25,140.00,140.00,140.00,127.50,133.33,137.50,141.25,145.00,141.25,138.09,138.75,141.25,141.25,141.25,141.25,141.25,143.75,148.42,153.59,151.57,153.21,157.37,146.08
....Camiguin,"ONION RED CREOLE (BERMUDA RED), 1 KG",97.12,92.67,94.45,83.76,80.19,85.54,98.02,98.02,98.02,98.46,98.91,102.47,93.97,101.58,94.45,92.67,96.23,92.67,90.00,94.45,89.10,90.00,91.77,92.67,105.14,94.23,105.14,106.93,106.04,110.49,99.79,98.02,90.00,90.00,90.00,92.50,92.50,92.50,97.83,92.50,92.50,90.00,91.25,92.50,92.50,92.50,92.50,92.50,97.50,97.50,92.50,93.02,91.88,127.50,105.00,100.00,100.00,145.00,135.00,143.75,145.00,133.75,132.50,115.00,122.87,120.00,122.50,125.00,92.50,91.25,93.75,93.75,96.25,100.00,102.50,102.50,116.25,104.69,147.50,120.00,122.50,112.50,122.50,113.75,126.25,125.00,125.00,125.00,108.75,110.00,121.56,107.50,107.50,105.00,105.00,105.00,96.25,93.75,91.25,92.50,93.75,100.00,181.25,106.56,191.25,198.75,156.25,145.00,143.75,141.25,135.00,125.00,153.75,180.00,196.25,193.75,163.33,163.75,156.25,192.50,156.25,145.00,142.50,147.50,135.76,147.19,144.91,181.02,233.13,162.15
....Camiguin,"ONION WHITE (YELLOW GRANEX), 1 KG",..,..,..,..,..,..,..,..,..,..,..,..,..,..,..,..,..,..,..,..,..,..,..,..,..,..,..,..,..,..,..,..,..,..,..,..,..,..,..,..,..,..,..,..,..,..,..,..,..,..,..,..,..,..,..,..,..,..,..,..,..,..,..,..,..,..,..,..,..,..,..,..,..,..,..,..,..,..,..,..,..,..,..,..,..,..,..,..,..,..,..,..,..,..,..,..,..,..,..,..,..,..,..,..,..,..,..,..,..,..,..,..,..,..,..,..,..,..,..,..,..,..,..,..,..,..,..,..,..,..
....Camiguin,"GINGER, 1 KG",75.90,75.90,85.20,64.28,66.61,65.84,70.49,72.04,71.25,68.17,71.25,72.82,71.65,72.82,74.36,75.90,77.46,77.46,79.01,85.98,89.84,113.08,102.24,100.70,97.60,87.20,99.14,103.79,110.00,130.13,158.01,167.31,181.25,181.25,178.75,178.75,131.25,132.50,146.01,128.75,92.50,116.25,125.00,166.25,256.25,228.75,225.00,212.50,187.50,187.50,205.00,177.60,111.25,97.50,97.50,97.50,97.50,115.00,100.00,110.00,100.00,100.00,100.00,100.00,102.19,95.00,97.50,87.50,85.00,80.00,73.75,76.25,82.50,82.50,81.25,81.25,82.50,83.75,78.75,90.00,82.50,75.00,75.00,71.25,80.00,86.25,86.25,83.75,85.00,87.50,81.77,83.75,85.00,85.00,97.50,132.50,151.25,175.00,165.00,155.00,151.25,147.50,120.00,129.06,120.00,108.75,110.00,166.67,170.00,170.00,167.50,170.00,167.50,157.50,153.75,147.50,150.76,143.75,133.75,136.25,128.75,123.75,131.25,130.00,121.33,132.40,129.66,128.47,126.09,130.45
....Camiguin,"GARLIC, IMPORTED, 1 KG",..,..,..,..,..,..,..,..,..,..,..,..,..,..,..,..,..,..,..,..,..,..,..,..,..,..,..,..,..,..,..,..,..,..,..,..,..,..,..,..,..,..,..,..,..,..,..,..,..,..,..,..,..,..,..,..,..,..,..,..,..,..,..,..,..,..,..,..,..,..,..,..,..,..,..,..,..,..,..,..,..,..,..,..,..,..,..,..,..,..,..,..,..,..,..,..,..,..,..,..,..,..,..,..,..,..,..,..,..,..,..,..,..,..,..,..,..,..,..,..,..,..,..,..,..,..,..,..,..,..
....Lanao del Norte,"GARLIC, NATIVE, 1 KG",..,..,..,..,..,..,..,..,..,..,..,..,..,..,..,..,..,..,..,..,..,..,..,..,..,..,..,..,..,..,..,..,..,..,..,..,..,..,..,..,..,..,..,..,..,..,..,..,..,..,..,..,..,..,..,..,..,..,..,..,..,..,..,..,..,..,..,..,..,..,..,..,..,..,..,..,..,..,..,..,..,..,..,..,..,..,..,..,..,..,..,..,..,..,..,..,..,..,..,..,..,..,..,..,..,..,..,..,..,..,..,..,..,..,..,..,..,..,..,..,..,..,..,..,..,..,..,..,..,..
....Lanao del Norte,"ONION RED CREOLE (BERMUDA RED), 1 KG",84.03,84.03,90.33,90.33,88.58,73.53,75.28,75.28,82.27,82.27,82.27,82.27,82.54,82.27,82.27,82.27,82.27,104.16,96.29,87.53,87.53,87.53,87.53,85.78,83.59,87.42,96.72,102.41,102.41,87.53,77.91,73.97,75.71,75.71,72.86,68.57,59.71,67.14,80.05,75.71,72.86,50.00,62.86,67.86,64.57,67.14,68.57,71.43,84.29,97.14,97.14,73.30,114.29,98.57,74.29,86.86,85.71,98.57,105.71,107.86,98.57,120.00,122.86,128.57,103.49,112.86,114.29,108.57,110.71,110.00,110.00,111.43,110.71,112.14,115.00,115.00,140.00,114.23,164.29,164.29,147.14,135.71,130.64,112.14,112.86,115.71,112.14,92.86,92.86,90.71,122.61,94.29,94.29,88.57,75.71,72.29,63.43,61.29,61.71,67.14,75.71,92.86,151.43,83.23,161.43,155.63,128.13,126.67,130.63,131.25,123.38,125.88,132.13,134.63,147.13,150.88,137.31,140.88,128.75,142.50,113.75,111.25,110.00,117.50,112.96,118.60,125.02,142.72,202.10,130.50
....Lanao del Norte,"ONION WHITE (YELLOW GRANEX), 1 KG",96.71,96.71,103.97,103.97,101.95,84.63,86.64,86.64,94.70,94.70,94.70,94.70,95.00,94.70,94.70,94.70,94.70,119.89,110.82,100.74,100.74,100.74,100.74,98.73,96.21,100.62,111.32,117.87,117.87,100.74,89.67,85.13,87.14,87.14,92.86,92.86,92.86,91.43,97.24,92.86,85.71,68.57,60.00,68.57,71.43,75.71,80.00,81.43,74.29,75.71,75.71,75.83,90.00,87.14,77.14,84.29,90.00,120.00,112.86,107.14,120.00,122.86,98.57,102.86,101.07,94.29,88.57,86.43,85.71,91.43,101.43,96.43,95.00,93.57,101.43,101.43,101.43,94.76,95.00,88.57,87.14,90.00,90.00,87.14,107.14,108.57,100.71,91.43,90.00,97.86,94.46,94.29,90.00,90.00,81.43,82.86,87.14,95.43,119.00,114.29,114.29,115.71,113.57,99.83,100.00,98.57,94.86,103.40,99.14,94.86,96.29,99.14,106.29,103.43,113.43,116.29,102.14,116.29,114.00,111.00,113.43,102.86,95.71,100.00,100.00,105.71,105.71,104.29,101.43,105.87
....Lanao del Norte,"GINGER, 1 KG",..,..,..,..,..,..,..,..,..,..,..,..,..,..,..,..,..,..,..,..,..,..,..,..,..,..,..,..,..,..,..,..,..,..,..,..,..,..,..,..,..,..,..,..,..,..,..,..,..,..,..,..,..,..,..,..,..,..,..,..,..,..,..,..,..,..,..,..,..,..,..,..,..,..,..,..,..,..,..,..,..,..,..,..,..,..,..,..,..,..,..,..,..,..,..,..,..,..,..,..,..,..,..,..,..,..,..,..,..,..,..,..,..,..,..,..,..,..,..,..,..,..,..,..,..,..,..,..,..,..
....Lanao del Norte,"GARLIC, IMPORTED, 1 KG",..,..,..,..,..,..,..,..,..,..,..,..,..,..,..,..,..,..,..,..,..,..,..,..,..,..,..,..,..,..,..,..,..,..,..,..,..,..,..,..,..,..,..,..,..,..,..,..,..,..,..,..,..,..,..,..,..,..,..,..,..,..,..,..,..,..,..,..,..,..,..,..,..,..,..,..,..,..,..,..,..,..,..,..,..,..,..,..,..,..,..,..,..,..,..,..,..,..,..,..,..,..,..,..,..,..,..,..,..,..,..,..,..,..,..,..,..,..,..,..,..,..,..,..,..,..,..,..,..,..
....Misamis Occidental,"GARLIC, NATIVE, 1 KG",..,..,..,..,..,..,..,..,..,..,..,..,..,..,..,..,..,..,..,..,..,..,..,..,..,..,..,..,..,..,..,..,..,..,..,..,..,..,..,..,..,..,..,..,..,..,..,..,..,..,..,..,..,..,..,..,..,..,..,..,..,..,..,..,..,..,..,..,..,..,..,..,..,..,..,..,..,..,..,..,..,..,..,..,..,..,..,..,..,..,..,..,..,..,..,..,..,..,..,..,..,..,..,..,..,..,..,..,..,..,..,..,..,..,..,..,..,..,..,..,..,..,..,..,..,..,..,..,..,..
....Misamis Occidental,"ONION RED CREOLE (BERMUDA RED), 1 KG",83.85,83.85,90.14,90.14,87.43,75.79,77.83,77.83,85.27,85.27,85.27,85.27,84.00,85.27,85.27,85.27,85.27,106.92,98.80,90.68,90.68,90.68,90.68,89.33,85.95,90.40,100.16,106.25,106.25,90.68,79.85,75.79,78.50,78.50,67.25,66.25,66.25,76.25,82.67,78.13,79.38,75.63,68.75,71.88,71.25,67.50,65.63,73.13,72.50,78.75,82.50,73.75,92.50,87.50,65.00,79.38,88.75,100.00,98.75,105.00,105.00,102.50,97.50,90.00,92.66,86.88,86.88,95.00,82.50,85.00,85.00,83.75,81.25,82.50,96.25,98.75,116.25,90.00,120.00,116.25,95.63,96.25,96.25,102.50,116.25,102.50,106.25,103.75,106.25,106.25,105.68,98.75,98.75,96.25,88.75,87.50,88.13,86.25,85.00,91.25,92.50,116.25,125.00,96.20,202.50,173.75,151.25,143.33,133.75,130.00,122.50,124.38,128.75,147.50,162.50,158.75,148.25,132.50,132.50,163.75,145.00,136.25,128.75,126.25,121.25,121.25,128.13,131.25,149.38,134.69
....Misamis Occidental,"ONION WHITE (YELLOW GRANEX), 1 KG",..,..,..,..,..,..,..,..,..,..,..,..,..,..,..,..,..,..,..,..,..,..,..,..,..,..,..,..,..,..,..,..,..,..,..,..,..,..,..,..,..,..,..,..,..,..,..,..,..,..,..,..,..,..,..,..,..,..,..,..,..,..,..,..,..,..,..,..,..,..,..,..,..,..,..,..,..,..,..,..,..,..,..,..,..,..,..,..,..,..,..,..,..,..,..,..,..,..,..,..,..,..,..,..,..,..,..,..,..,..,..,..,..,..,..,..,..,..,..,..,..,..,..,..,..,..,..,..,..,..
....Misamis Occidental,"GINGER, 1 KG",47.84,47.84,65.86,64.91,64.91,62.99,64.98,64.98,59.54,58.38,56.57,57.99,59.73,57.99,57.99,57.99,57.99,64.20,73.14,68.99,74.81,76.37,74.30,74.30,72.36,67.54,79.47,78.57,81.16,86.08,118.44,121.03,127.50,127.50,128.75,128.13,127.50,103.75,108.99,97.50,100.00,90.63,100.63,120.00,140.63,146.88,150.63,164.38,129.38,123.75,113.75,123.18,112.50,110.00,103.75,101.25,100.00,93.75,92.50,91.25,85.63,88.75,90.00,78.75,95.68,84.38,66.25,70.00,72.50,72.50,66.25,66.25,58.13,58.75,57.50,57.50,57.50,65.63,57.50,58.75,56.88,52.50,56.25,55.00,58.75,52.50,60.00,63.75,68.75,68.75,59.12,66.25,62.25,62.75,66.25,78.75,96.25,96.25,95.00,97.50,98.75,100.00,94.38,84.53,92.50,100.00,92.50,131.67,148.75,172.50,161.25,157.25,152.50,145.00,126.25,125.00,133.76,113.75,101.25,102.50,100.00,100.00,95.00,88.75,89.90,89.90,102.01,104.32,102.58,99.16
....Misamis Occidental,"GARLIC, IMPORTED, 1 KG",..,..,..,..,..,..,..,..,..,..,..,..,..,..,..,..,..,..,..,..,..,..,..,..,..,..,..,..,..,..,..,..,..,..,..,..,..,..,..,..,..,..,..,..,..,..,..,..,..,..,..,..,..,..,..,..,..,..,..,..,..,..,..,..,..,..,..,..,..,..,..,..,..,..,..,..,..,..,..,..,..,..,..,..,..,..,..,..,..,..,..,..,..,..,..,..,..,..,..,..,..,..,..,..,..,..,..,..,..,..,..,..,..,..,..,..,..,..,..,..,..,..,..,..,..,..,..,..,..,..
....Misamis Oriental,"GARLIC, NATIVE, 1 KG",144.74,145.32,124.80,107.71,88.32,99.74,151.03,126.79,119.67,107.71,110.54,85.75,117.68,96.59,107.13,118.82,121.66,152.16,125.66,132.50,119.67,132.77,118.24,146.75,127.64,124.97,120.80,126.51,113.42,102.58,106.00,99.16,159.85,159.85,135.00,151.88,147.50,146.25,130.73,177.50,177.50,183.75,153.75,215.00,202.50,202.50,167.50,142.50,141.25,146.25,152.50,171.88,145.00,156.25,170.00,200.00,212.50,188.75,195.00,170.00,182.50,180.00,180.00,177.50,179.79,200.00,205.00,206.25,208.75,217.50,202.50,187.50,183.75,183.75,183.75,183.75,182.50,195.42,187.50,182.50,182.50,180.00,186.25,175.00,140.00,147.50,150.00,161.25,157.50,161.25,167.60,146.25,161.25,180.00,180.00,168.75,168.75,177.50,185.00,175.00,157.50,165.63,176.88,170.21,187.50,220.00,200.00,195.83,187.50,182.50,196.25,176.25,175.63,175.00,168.75,163.75,185.75,160.00,174.29,174.29,160.00,160.00,158.57,124.67,124.67,124.67,124.67,130.41,136.14,146.03
....Misamis Oriental,"ONION RED CREOLE (BERMUDA RED), 1 KG",73.31,70.12,62.95,62.63,62.50,73.50,72.25,69.25,77.75,74.25,71.88,64.00,69.53,61.75,77.50,68.75,58.50,64.38,60.63,58.13,58.13,61.88,67.00,76.50,85.50,66.55,89.25,103.75,68.00,62.50,56.25,48.75,60.50,61.50,69.00,61.75,61.25,63.25,67.15,65.38,63.63,53.13,50.25,51.63,59.63,63.63,66.25,61.50,78.75,83.75,86.25,65.32,91.25,81.75,66.25,77.25,81.75,86.50,90.75,100.50,107.50,108.75,86.25,85.00,88.63,74.50,80.00,78.00,74.75,73.75,72.88,72.50,75.75,79.38,90.50,90.50,118.13,81.72,141.25,146.25,146.25,146.25,143.73,90.50,88.13,92.50,96.88,91.25,81.25,85.00,112.44,88.88,91.75,86.63,85.00,83.75,82.50,81.25,83.75,87.50,88.13,97.50,153.75,92.53,187.50,155.00,133.75,126.67,119.38,113.75,106.25,106.75,121.25,141.25,157.50,150.00,134.92,108.75,98.75,141.25,142.50,142.50,142.50,132.50,130.00,130.00,130.00,136.21,157.43,132.70
....Misamis Oriental,"ONION WHITE (YELLOW GRANEX), 1 KG",..,..,..,..,..,..,..,..,..,..,..,..,..,..,..,..,..,..,..,..,..,..,..,..,..,..,..,..,..,..,..,..,..,..,..,..,..,..,..,..,..,..,..,..,..,..,..,..,..,..,..,..,..,..,..,..,..,..,..,..,..,..,..,..,..,..,..,..,..,..,..,..,..,..,..,..,..,..,..,..,..,..,..,..,..,..,..,..,..,..,..,..,..,..,..,..,..,..,..,..,..,..,..,..,..,..,..,..,..,..,..,..,..,..,..,..,..,..,..,..,..,..,..,..,..,..,..,..,..,..
....Misamis Oriental,"GINGER, 1 KG",5.00,5.00,5.00,13.22,20.46,30.58,30.24,36.33,37.71,35.41,37.02,35.30,24.27,35.30,35.87,35.07,37.02,43.80,55.18,62.08,54.61,49.43,51.73,54.03,51.73,47.15,57.48,73.00,96.56,105.76,111.51,144.84,128.75,128.75,108.75,95.00,96.25,86.25,102.74,93.13,90.63,96.88,128.75,168.75,181.25,161.25,138.75,115.00,95.00,85.00,81.25,119.64,75.00,70.00,66.25,75.00,77.25,79.50,78.75,76.25,70.00,72.50,71.25,62.50,72.85,58.75,53.75,61.25,55.00,58.75,55.00,52.50,56.25,58.00,60.75,60.75,57.63,57.37,55.00,55.00,50.13,53.25,58.75,56.00,54.13,58.50,62.88,59.13,64.13,66.88,57.82,66.88,71.88,82.25,88.50,112.50,122.50,112.50,113.75,113.75,113.75,121.88,119.38,103.29,117.50,110.00,131.25,131.67,151.25,147.50,142.50,147.50,121.25,135.00,121.88,123.13,131.70,111.88,117.50,98.75,97.50,107.50,103.13,100.74,100.74,96.52,97.92,97.92,84.42,101.21
....Misamis Oriental,"GARLIC, IMPORTED, 1 KG",..,..,..,..,..,..,..,..,..,..,..,..,..,..,..,..,..,..,..,..,..,..,..,..,..,..,..,..,..,..,..,..,..,..,..,..,..,..,..,..,..,..,..,..,..,..,..,..,..,..,..,..,..,..,..,..,..,..,..,..,..,..,..,..,..,..,..,..,..,..,..,..,..,..,..,..,..,..,..,..,..,..,..,..,..,..,..,..,..,..,..,..,..,..,..,..,..,..,..,..,..,..,..,..,..,..,..,..,..,..,..,..,..,..,..,..,..,..,..,..,..,..,..,..,..,..,..,..,..,..
..REGION XI (DAVAO REGION),"GARLIC, NATIVE, 1 KG",275.20,232.30,275.20,206.46,206.46,223.53,232.30,232.30,232.77,232.30,223.53,226.61,233.25,227.56,227.56,232.30,232.30,232.30,232.30,232.30,232.30,232.30,232.30,232.30,232.30,231.51,232.77,239.88,239.88,241.54,241.54,252.92,252.92,252.92,265.72,264.06,235.61,237.27,246.42,238.93,237.27,217.60,217.60,175.88,173.75,173.75,173.75,173.75,173.75,179.67,199.59,194.61,244.86,219.26,209.30,161.90,169.96,189.63,193.66,193.66,189.63,181.81,181.81,161.90,191.45,207.41,154.07,142.22,142.22,155.97,161.90,158.10,165.93,165.93,158.10,158.10,160.00,160.83,167.50,167.50,167.50,157.50,156.25,160.00,153.75,171.25,171.25,171.25,171.25,171.25,165.52,171.25,171.25,171.25,191.25,117.50,125.71,141.25,136.25,133.75,127.50,131.25,128.75,145.58,135.00,187.50,178.75,163.33,167.50,128.75,113.75,105.00,106.25,103.75,103.75,103.75,133.09,103.75,112.50,117.50,117.50,120.00,105.00,102.50,112.25,112.50,116.13,121.00,118.50,113.26
..REGION XI (DAVAO REGION),"ONION RED CREOLE (BERMUDA RED), 1 KG",108.08,103.57,93.87,90.45,89.44,98.04,96.61,95.72,97.19,98.19,99.96,101.88,97.75,102.26,101.57,96.61,90.21,84.70,85.33,84.55,85.38,83.36,81.77,81.01,80.39,88.10,84.38,85.92,83.94,81.62,80.31,77.48,77.70,76.46,79.26,79.51,77.22,77.58,80.12,76.31,74.74,69.79,68.94,69.18,71.06,71.64,74.93,72.62,84.30,92.91,111.21,78.14,121.47,104.66,85.98,88.77,92.04,98.13,107.42,118.87,123.28,123.85,112.54,96.85,106.16,89.53,92.08,95.54,88.80,84.16,85.83,85.85,82.68,88.08,93.87,98.82,132.02,93.11,163.48,115.40,108.28,97.58,95.40,100.36,109.15,108.00,112.90,100.66,95.51,96.70,108.62,93.70,100.82,94.50,89.73,82.13,81.99,88.00,85.31,87.81,86.25,111.56,196.88,99.89,226.88,199.06,150.94,169.59,152.81,138.44,120.47,119.22,138.13,160.63,169.06,160.00,158.77,145.94,135.00,157.03,134.38,122.19,112.19,124.69,135.05,128.00,133.78,168.94,176.60,139.48
..REGION XI (DAVAO REGION),"ONION WHITE (YELLOW GRANEX), 1 KG",..,..,..,..,..,..,..,..,..,..,..,..,..,..,..,..,..,..,..,..,..,..,..,..,..,..,..,..,..,..,..,..,..,..,..,..,..,..,..,..,..,..,..,..,..,..,..,..,..,..,..,..,..,..,..,..,..,..,..,..,..,..,..,..,..,..,..,..,..,..,..,..,..,..,..,..,..,..,..,..,..,..,..,..,..,..,..,..,..,..,..,..,..,..,..,..,..,..,..,..,..,..,..,..,..,..,..,..,..,..,..,..,..,..,..,..,..,..,..,..,..,..,..,..,..,..,..,..,..,..
..REGION XI (DAVAO REGION),"GINGER, 1 KG",76.98,73.71,77.52,75.06,73.96,74.78,65.99,69.20,69.48,70.79,71.81,72.69,72.66,73.36,68.40,68.74,69.30,69.60,70.43,71.12,71.97,72.84,73.56,74.45,75.35,71.59,75.55,76.68,77.63,92.99,96.62,103.86,107.87,105.04,106.72,103.80,101.34,102.75,95.90,103.45,101.00,99.45,117.17,137.52,182.59,177.05,161.39,131.05,113.18,95.96,91.26,125.92,83.14,81.53,75.65,80.72,80.33,81.54,82.72,73.79,62.10,66.54,69.80,64.36,75.19,58.28,62.94,54.81,57.49,54.80,53.57,54.00,53.88,55.57,53.97,53.97,51.57,55.40,51.57,49.38,48.44,48.44,50.63,49.69,51.88,58.75,58.13,63.13,63.76,60.94,54.56,60.63,69.69,70.32,85.32,97.19,127.19,121.25,115.63,101.88,89.69,90.94,90.94,93.39,95.32,98.13,105.32,178.54,153.13,159.38,141.88,119.38,92.50,94.38,89.38,92.51,118.32,89.69,91.88,90.01,94.07,102.50,103.44,100.63,112.32,109.82,99.94,95.57,92.00,98.49
..REGION XI (DAVAO REGION),"GARLIC, IMPORTED, 1 KG",67.07,64.87,60.49,61.37,63.62,66.28,90.26,94.00,94.20,90.89,90.94,90.94,77.91,91.40,94.87,91.54,88.93,87.54,88.31,88.94,89.73,89.69,90.35,90.34,90.36,90.17,90.55,93.38,94.22,95.52,98.95,106.47,110.42,114.53,121.18,120.32,114.50,113.93,106.16,113.60,108.12,99.56,98.66,97.05,99.58,103.17,105.30,95.23,103.77,114.37,118.31,104.73,121.78,125.06,126.36,143.94,150.54,176.42,171.40,169.29,155.22,152.85,163.91,176.01,152.73,178.58,180.80,175.71,168.44,209.64,192.17,172.95,151.79,141.07,144.39,128.78,140.00,165.36,135.00,123.75,119.38,113.44,105.63,105.00,101.88,103.13,98.13,98.13,97.19,89.38,107.50,92.50,94.38,93.13,101.25,102.82,111.88,135.00,149.38,142.19,134.38,137.19,146.25,120.03,145.63,170.94,176.57,174.59,175.63,145.00,118.44,107.82,107.19,112.19,109.38,111.88,137.94,113.13,125.00,129.07,126.88,128.75,119.69,117.50,132.97,135.78,137.97,141.72,137.75,128.85
....Davao de Oro,"GARLIC, NATIVE, 1 KG",..,..,..,..,..,..,..,..,..,..,..,..,..,..,..,..,..,..,..,..,..,..,..,..,..,..,..,..,..,..,..,..,..,..,..,..,..,..,..,..,..,..,..,..,..,..,..,..,..,..,..,..,..,..,..,..,..,..,..,..,..,..,..,..,..,..,..,..,..,..,..,..,..,..,..,..,..,..,..,..,..,..,..,..,..,..,..,..,..,..,..,..,..,..,..,..,..,..,..,..,..,..,..,..,..,..,..,..,..,..,..,..,..,..,..,..,..,..,..,..,..,..,..,..,..,..,..,..,..,..
....Davao de Oro,"ONION RED CREOLE (BERMUDA RED), 1 KG",98.81,94.70,94.70,94.70,88.52,94.70,102.93,93.66,93.84,95.72,97.78,97.78,95.65,98.28,101.51,96.74,89.54,89.54,89.89,89.89,90.24,86.64,86.64,83.20,79.89,90.17,80.05,82.54,82.88,83.36,77.92,79.72,79.72,74.52,78.25,77.83,75.09,75.58,78.96,75.58,72.92,67.12,68.32,68.32,67.52,70.71,71.11,72.70,79.89,93.48,113.06,76.73,120.64,97.07,76.70,83.10,88.69,86.29,101.47,119.05,104.67,112.66,109.47,79.90,98.31,88.69,91.09,97.49,87.90,79.11,82.30,79.11,78.31,84.70,93.49,96.68,126.25,90.43,178.75,119.38,102.50,94.38,101.00,101.25,122.50,122.50,126.25,116.25,103.75,101.25,115.81,96.25,110.00,100.00,91.88,78.75,75.00,92.50,87.50,91.25,91.25,130.00,232.50,106.41,225.00,211.25,162.50,200.00,156.25,143.75,126.25,108.75,138.75,158.75,166.25,158.75,163.02,137.50,141.25,171.88,145.00,125.00,107.50,140.00,167.19,135.00,154.50,204.50,212.50,153.49
....Davao de Oro,"ONION WHITE (YELLOW GRANEX), 1 KG",..,..,..,..,..,..,..,..,..,..,..,..,..,..,..,..,..,..,..,..,..,..,..,..,..,..,..,..,..,..,..,..,..,..,..,..,..,..,..,..,..,..,..,..,..,..,..,..,..,..,..,..,..,..,..,..,..,..,..,..,..,..,..,..,..,..,..,..,..,..,..,..,..,..,..,..,..,..,..,..,..,..,..,..,..,..,..,..,..,..,..,..,..,..,..,..,..,..,..,..,..,..,..,..,..,..,..,..,..,..,..,..,..,..,..,..,..,..,..,..,..,..,..,..,..,..,..,..,..,..
....Davao de Oro,"GINGER, 1 KG",62.15,55.60,61.59,61.59,61.02,61.02,62.14,61.02,61.33,62.37,63.28,64.06,61.43,65.07,62.04,62.35,62.85,62.85,63.16,63.16,63.47,63.78,63.78,64.09,64.40,63.42,64.54,65.51,65.84,88.98,91.84,105.48,108.87,104.45,106.10,103.00,100.48,101.93,92.25,101.93,99.44,101.73,117.57,126.42,162.66,166.28,158.64,117.57,103.88,85.76,86.17,119.00,79.72,76.50,70.86,75.69,72.47,75.69,81.33,73.27,53.14,58.77,61.19,57.17,69.65,50.41,55.97,44.29,47.52,46.71,46.71,43.49,49.13,53.16,48.33,48.33,41.88,47.99,41.88,42.50,44.38,45.63,50.63,47.50,50.63,53.75,55.00,64.38,64.38,58.13,51.57,59.38,71.88,70.63,73.75,80.63,121.25,115.00,103.75,87.50,83.75,86.25,80.00,86.15,86.25,87.50,91.88,173.75,150.00,167.50,142.50,115.00,80.00,78.75,74.38,75.63,110.26,76.88,80.63,79.38,83.13,93.75,95.63,93.13,110.25,109.00,100.50,96.13,93.24,92.64
....Davao de Oro,"GARLIC, IMPORTED, 1 KG",54.62,54.02,45.06,48.64,51.32,51.91,69.51,71.30,71.45,69.82,68.03,68.03,60.31,68.37,70.17,73.98,71.60,71.60,71.88,71.88,72.16,70.79,70.79,69.45,68.14,70.90,68.28,70.42,70.70,71.49,75.44,87.50,92.33,97.43,103.83,103.27,99.40,98.90,86.58,98.90,95.19,89.38,92.22,94.66,96.29,106.04,106.86,88.02,98.67,112.58,118.31,99.76,125.26,131.81,130.98,149.00,150.63,171.10,166.19,164.55,143.27,139.37,164.94,177.13,151.19,177.13,173.87,172.25,156.00,200.68,165.75,147.88,138.13,138.13,142.19,133.26,130.00,156.27,127.50,115.00,110.00,103.13,100.00,96.25,93.75,95.00,106.25,100.00,101.25,88.75,103.07,93.75,95.00,93.75,98.75,106.25,107.50,138.75,148.75,141.25,137.50,142.50,157.50,121.77,150.00,168.75,178.75,197.50,176.25,145.00,125.00,103.75,111.25,123.75,115.00,115.00,142.50,117.50,126.25,129.38,126.25,131.25,130.00,126.25,149.69,152.81,153.44,162.19,154.25,138.27
....Davao del Norte,"GARLIC, NATIVE, 1 KG",..,..,..,..,..,..,..,..,..,..,..,..,..,..,..,..,..,..,..,..,..,..,..,..,..,..,..,..,..,..,..,..,..,..,..,..,..,..,..,..,..,..,..,..,..,..,..,..,..,..,..,..,..,..,..,..,..,..,..,..,..,..,..,..,..,..,..,..,..,..,..,..,..,..,..,..,..,..,..,..,..,..,..,..,..,..,..,..,..,..,..,..,..,..,..,..,..,..,..,..,..,..,..,..,..,..,..,..,..,..,..,..,..,..,..,..,..,..,..,..,..,..,..,..,..,..,..,..,..,..
....Davao del Norte,"ONION RED CREOLE (BERMUDA RED), 1 KG",95.62,93.10,89.04,79.77,82.08,93.66,86.71,89.81,90.00,91.76,90.41,91.76,89.48,92.22,92.72,94.45,87.88,81.76,82.29,82.82,83.36,82.26,81.17,80.10,79.04,85.01,79.21,81.68,80.61,81.07,83.43,79.39,81.69,84.07,88.28,87.53,84.06,84.61,82.97,85.16,81.78,74.03,66.11,63.01,76.26,78.24,81.60,74.03,80.91,88.66,115.35,80.43,123.52,100.28,85.91,91.08,98.99,106.14,110.19,126.54,137.73,146.34,138.59,105.02,114.19,102.60,103.29,105.01,92.96,93.82,96.06,98.13,88.66,91.24,100.71,105.87,143.75,101.84,178.75,120.00,122.50,106.88,98.75,100.00,111.25,106.25,108.75,101.25,100.63,103.75,113.23,101.25,101.25,90.00,88.13,85.63,89.38,95.00,88.75,92.50,88.13,96.25,145.00,96.77,217.50,197.50,173.75,170.00,173.75,137.50,115.63,113.13,128.75,158.75,183.75,168.75,161.56,140.00,137.50,150.00,136.25,137.50,116.25,121.25,126.25,125.00,130.00,173.75,182.50,139.69
....Davao del Norte,"ONION WHITE (YELLOW GRANEX), 1 KG",..,..,..,..,..,..,..,..,..,..,..,..,..,..,..,..,..,..,..,..,..,..,..,..,..,..,..,..,..,..,..,..,..,..,..,..,..,..,..,..,..,..,..,..,..,..,..,..,..,..,..,..,..,..,..,..,..,..,..,..,..,..,..,..,..,..,..,..,..,..,..,..,..,..,..,..,..,..,..,..,..,..,..,..,..,..,..,..,..,..,..,..,..,..,..,..,..,..,..,..,..,..,..,..,..,..,..,..,..,..,..,..,..,..,..,..,..,..,..,..,..,..,..,..,..,..,..,..,..,..
....Davao del Norte,"GINGER, 1 KG",91.81,91.81,93.45,88.53,86.89,88.53,69.84,77.38,77.62,79.20,80.34,81.32,83.89,81.65,74.76,75.13,75.74,76.35,77.70,79.07,80.46,81.89,83.34,84.81,86.30,79.77,86.55,87.84,89.42,97.00,101.40,102.24,106.87,105.62,107.33,104.60,102.20,103.57,99.55,104.96,102.56,97.17,116.77,148.62,202.51,187.81,164.13,144.53,122.48,106.15,96.35,132.84,86.55,86.55,80.43,85.74,88.19,87.38,84.11,74.31,71.05,74.31,78.40,71.54,80.71,66.15,69.90,65.33,67.45,62.88,60.43,64.51,58.63,57.98,59.61,59.61,61.25,62.81,61.25,56.25,52.50,51.25,50.63,51.88,53.13,63.75,61.25,61.88,63.13,63.75,57.55,61.88,67.50,70.00,96.88,113.75,133.13,127.50,127.50,116.25,95.63,95.63,101.88,100.63,104.38,108.75,118.75,183.33,156.25,151.25,141.25,123.75,105.00,110.00,104.38,109.38,126.37,102.50,103.13,100.63,105.00,111.25,111.25,108.13,114.38,110.63,99.38,95.00,90.75,104.34
....Davao del Norte,"GARLIC, IMPORTED, 1 KG",79.51,75.71,75.91,74.10,75.91,80.65,111.01,116.70,116.94,111.95,113.85,113.85,95.51,114.42,119.57,109.10,106.25,103.48,104.73,106.00,107.29,108.59,109.90,111.23,112.58,109.43,112.81,116.33,117.74,119.54,122.45,125.43,128.50,131.63,138.53,137.37,129.60,128.95,125.74,128.30,121.05,109.73,105.10,99.44,102.87,100.30,103.73,102.44,108.87,116.16,118.30,109.69,118.30,118.30,121.73,138.88,150.45,181.74,176.60,174.03,167.17,166.32,162.88,174.88,154.27,180.02,187.73,179.16,180.87,218.59,218.59,198.02,165.44,144.01,146.58,124.29,150.00,174.44,142.50,132.50,128.75,123.75,111.25,113.75,110.00,111.25,90.00,96.25,93.13,90.00,111.93,91.25,93.75,92.50,103.75,99.38,116.25,131.25,150.00,143.13,131.25,131.88,135.00,118.28,141.25,173.13,174.38,151.67,175.00,145.00,111.88,111.88,103.13,100.63,103.75,108.75,133.37,108.75,123.75,128.75,127.50,126.25,109.38,108.75,116.25,118.75,122.50,121.25,121.25,119.43
....Davao del Sur,"GARLIC, NATIVE, 1 KG",275.20,232.30,275.20,206.46,206.46,223.53,232.30,232.30,232.77,232.30,223.53,226.61,233.25,227.56,227.56,232.30,232.30,232.30,232.30,232.30,232.30,232.30,232.30,232.30,232.30,231.51,232.77,239.88,239.88,241.54,241.54,252.92,252.92,252.92,265.72,264.06,235.61,237.27,246.42,238.93,237.27,217.60,217.60,175.88,173.75,173.75,173.75,173.75,173.75,179.67,199.59,194.61,244.86,219.26,209.30,161.90,169.96,189.63,193.66,193.66,189.63,181.81,181.81,161.90,191.45,207.41,154.07,142.22,142.22,155.97,161.90,158.10,165.93,165.93,158.10,158.10,160.00,160.83,167.50,167.50,167.50,157.50,156.25,160.00,153.75,171.25,171.25,171.25,171.25,171.25,165.52,171.25,171.25,171.25,191.25,117.50,125.71,141.25,136.25,133.75,127.50,131.25,128.75,145.58,135.00,187.50,178.75,163.33,167.50,128.75,113.75,105.00,106.25,103.75,103.75,103.75,133.09,103.75,112.50,117.50,117.50,120.00,105.00,102.50,112.25,112.50,116.13,121.00,118.50,113.26
....Davao del Sur,"ONION RED CREOLE (BERMUDA RED), 1 KG",130.16,118.75,107.33,107.33,103.91,116.47,100.48,109.62,109.84,107.33,109.61,111.90,111.06,112.46,112.46,105.05,93.62,83.44,83.44,83.44,83.44,79.64,76.02,72.57,64.68,87.52,64.81,66.84,67.81,68.21,66.03,69.18,66.97,64.83,68.08,67.80,64.83,65.25,66.72,65.67,65.40,63.75,65.40,63.75,60.48,62.11,65.39,65.39,85.01,90.73,98.90,71.00,111.16,90.73,83.37,82.96,82.56,89.09,93.99,107.48,118.51,113.20,78.87,79.27,94.27,72.16,79.27,85.00,84.59,72.74,74.37,76.01,75.20,85.82,85.82,91.54,127.50,84.17,146.25,111.25,98.75,86.25,91.25,95.71,105.71,102.86,113.75,93.75,86.25,88.75,101.71,87.50,90.00,92.50,87.50,82.50,76.25,81.25,85.00,83.75,82.50,120.00,218.75,98.96,231.25,193.75,138.75,146.67,145.00,137.50,123.75,117.50,122.50,143.75,152.50,155.00,150.66,148.75,135.00,135.00,133.75,126.25,118.75,118.75,129.25,132.00,129.38,138.75,125.13,130.90
....Davao del Sur,"ONION WHITE (YELLOW GRANEX), 1 KG",..,..,..,..,..,..,..,..,..,..,..,..,..,..,..,..,..,..,..,..,..,..,..,..,..,..,..,..,..,..,..,..,..,..,..,..,..,..,..,..,..,..,..,..,..,..,..,..,..,..,..,..,..,..,..,..,..,..,..,..,..,..,..,..,..,..,..,..,..,..,..,..,..,..,..,..,..,..,..,..,..,..,..,..,..,..,..,..,..,..,..,..,..,..,..,..,..,..,..,..,..,..,..,..,..,..,..,..,..,..,..,..,..,..,..,..,..,..,..,..,..,..,..,..,..,..,..,..,..,..
....Davao del Sur,"GINGER, 1 KG",..,..,..,..,..,..,..,..,..,..,..,..,..,..,..,..,..,..,..,..,..,..,..,..,..,..,..,..,..,..,..,..,..,..,..,..,..,..,..,..,..,..,..,..,..,..,..,..,..,..,..,..,..,..,..,..,..,..,..,..,..,..,..,..,..,..,..,..,..,..,..,..,..,..,..,..,..,..,..,..,..,..,..,..,..,..,..,..,..,..,..,..,..,..,..,..,..,..,..,..,..,..,..,..,..,..,..,..,..,..,..,..,..,..,..,..,..,..,..,..,..,..,..,..,..,..,..,..,..,..
....Davao del Sur,"GARLIC, IMPORTED, 1 KG",..,..,..,..,..,..,..,..,..,..,..,..,..,..,..,..,..,..,..,..,..,..,..,..,..,..,..,..,..,..,..,..,..,..,..,..,..,..,..,..,..,..,..,..,..,..,..,..,..,..,..,..,..,..,..,..,..,..,..,..,..,..,..,..,..,..,..,..,..,..,..,..,..,..,..,..,..,..,..,..,..,..,..,..,..,..,..,..,..,..,..,..,..,..,..,..,..,..,..,..,..,..,..,..,..,..,..,..,..,..,..,..,..,..,..,..,..,..,..,..,..,..,..,..,..,..,..,..,..,..
....Davao Oriental,"GARLIC, NATIVE, 1 KG",..,..,..,..,..,..,..,..,..,..,..,..,..,..,..,..,..,..,..,..,..,..,..,..,..,..,..,..,..,..,..,..,..,..,..,..,..,..,..,..,..,..,..,..,..,..,..,..,..,..,..,..,..,..,..,..,..,..,..,..,..,..,..,..,..,..,..,..,..,..,..,..,..,..,..,..,..,..,..,..,..,..,..,..,..,..,..,..,..,..,..,..,..,..,..,..,..,..,..,..,..,..,..,..,..,..,..,..,..,..,..,..,..,..,..,..,..,..,..,..,..,..,..,..,..,..,..,..,..,..
....Davao Oriental,"ONION RED CREOLE (BERMUDA RED), 1 KG",107.74,107.74,84.40,79.99,83.25,87.33,96.30,89.78,95.08,97.94,102.02,106.09,94.81,106.09,99.57,90.18,89.78,84.06,85.70,82.03,84.48,84.89,83.25,88.15,97.94,89.68,113.44,112.63,104.47,93.85,93.85,81.61,82.43,82.43,82.43,84.88,84.88,84.88,91.82,78.84,78.84,74.27,75.91,81.62,79.99,75.49,81.61,78.35,91.40,98.75,117.52,84.38,130.57,130.57,97.93,97.93,97.93,110.98,124.04,122.40,132.19,123.21,123.21,123.21,117.85,94.66,94.66,94.66,89.76,90.98,90.57,90.16,88.53,90.57,95.47,101.18,130.56,95.98,150.15,110.98,109.35,102.82,90.58,104.46,97.12,100.38,102.83,91.40,91.40,93.04,103.71,89.78,102.02,95.49,91.41,81.62,87.34,83.26,80.00,83.75,83.13,100.00,191.25,97.42,233.75,193.75,128.75,161.67,136.25,135.00,116.25,137.50,162.50,181.25,173.75,157.50,159.83,157.50,126.25,171.25,122.50,100.00,106.25,118.75,117.50,120.00,121.25,158.75,186.25,133.85
....Davao Oriental,"ONION WHITE (YELLOW GRANEX), 1 KG",..,..,..,..,..,..,..,..,..,..,..,..,..,..,..,..,..,..,..,..,..,..,..,..,..,..,..,..,..,..,..,..,..,..,..,..,..,..,..,..,..,..,..,..,..,..,..,..,..,..,..,..,..,..,..,..,..,..,..,..,..,..,..,..,..,..,..,..,..,..,..,..,..,..,..,..,..,..,..,..,..,..,..,..,..,..,..,..,..,..,..,..,..,..,..,..,..,..,..,..,..,..,..,..,..,..,..,..,..,..,..,..,..,..,..,..,..,..,..,..,..,..,..,..,..,..,..,..,..,..
....Davao Oriental,"GINGER, 1 KG",..,..,..,..,..,..,..,..,..,..,..,..,..,..,..,..,..,..,..,..,..,..,..,..,..,..,..,..,..,..,..,..,..,..,..,..,..,..,..,..,..,..,..,..,..,..,..,..,..,..,..,..,..,..,..,..,..,..,..,..,..,..,..,..,..,..,..,..,..,..,..,..,..,..,..,..,..,..,..,..,..,..,..,..,..,..,..,..,..,..,..,..,..,..,..,..,..,..,..,..,..,..,..,..,..,..,..,..,..,..,..,..,..,..,..,..,..,..,..,..,..,..,..,..,..,..,..,..,..,..
....Davao Oriental,"GARLIC, IMPORTED, 1 KG",..,..,..,..,..,..,..,..,..,..,..,..,..,..,..,..,..,..,..,..,..,..,..,..,..,..,..,..,..,..,..,..,..,..,..,..,..,..,..,..,..,..,..,..,..,..,..,..,..,..,..,..,..,..,..,..,..,..,..,..,..,..,..,..,..,..,..,..,..,..,..,..,..,..,..,..,..,..,..,..,..,..,..,..,..,..,..,..,..,..,..,..,..,..,..,..,..,..,..,..,..,..,..,..,..,..,..,..,..,..,..,..,..,..,..,..,..,..,..,..,..,..,..,..,..,..,..,..,..,..
..REGION XII (SOCCSKSARGEN),"GARLIC, NATIVE, 1 KG",101.93,99.26,99.47,96.06,99.30,104.51,112.59,111.44,109.67,112.26,113.98,108.60,105.76,107.31,106.65,109.10,110.48,111.90,133.02,110.03,109.67,108.42,107.75,104.13,117.11,111.30,118.21,117.66,110.87,127.17,165.72,279.76,288.09,192.31,159.33,142.28,145.57,144.93,165.99,146.18,145.00,144.29,143.82,134.38,136.81,137.59,139.00,140.59,140.59,149.59,151.47,142.44,160.64,153.81,155.18,167.94,177.17,188.33,196.63,187.31,187.19,185.25,184.71,186.42,177.55,185.96,186.69,187.73,190.19,203.82,211.25,202.02,188.56,184.03,180.49,175.77,173.61,189.18,172.74,170.94,167.21,167.09,171.39,168.39,166.51,166.94,165.36,165.79,161.67,161.70,167.14,161.38,158.15,160.82,164.17,166.35,172.82,178.25,178.25,173.07,172.00,172.00,173.07,169.19,174.14,188.85,185.15,174.08,179.84,166.85,166.82,156.70,158.04,158.59,158.21,159.86,168.93,162.54,154.94,153.62,138.98,151.79,153.68,154.41,159.90,157.96,156.49,159.13,158.07,155.13
..REGION XII (SOCCSKSARGEN),"ONION RED CREOLE (BERMUDA RED), 1 KG",87.70,84.54,82.81,79.81,77.40,79.30,85.82,77.17,78.37,78.24,79.68,76.24,80.59,73.56,77.06,73.07,71.13,70.21,71.61,70.59,70.28,76.31,79.37,80.09,105.61,76.57,113.39,113.73,87.05,79.28,72.12,72.53,68.38,71.25,71.97,71.81,71.41,72.81,80.48,72.81,71.72,68.75,66.25,66.10,68.50,71.25,69.38,72.03,77.32,92.40,99.27,74.65,108.48,97.63,88.13,88.19,87.90,100.60,104.53,112.55,119.88,124.85,114.15,96.90,103.65,91.19,94.89,91.68,84.71,84.15,85.46,82.96,80.25,85.85,89.32,93.13,120.22,90.32,140.28,103.41,91.35,91.50,94.70,98.80,103.62,106.49,110.58,100.40,87.51,91.67,101.69,92.42,95.43,92.01,89.62,85.52,79.82,76.74,76.96,77.93,83.58,102.04,164.45,93.04,194.81,173.13,138.35,148.29,141.05,131.36,120.58,116.97,127.48,143.26,158.55,153.05,145.57,139.12,134.66,161.08,133.83,126.60,115.54,129.71,120.82,122.52,126.08,159.42,173.41,136.90
..REGION XII (SOCCSKSARGEN),"ONION WHITE (YELLOW GRANEX), 1 KG",..,..,..,..,..,..,..,..,..,..,..,..,..,..,..,..,..,..,..,..,..,..,..,..,..,..,..,..,..,..,..,..,..,..,..,..,..,..,..,..,..,..,..,..,..,..,..,..,..,..,..,..,..,..,..,..,..,..,..,..,..,..,..,..,..,..,..,..,..,..,..,..,..,..,..,..,..,..,..,..,..,..,..,..,..,..,..,..,..,..,..,..,..,..,..,..,..,..,..,..,..,..,..,..,..,..,..,..,..,..,..,..,..,..,..,..,..,..,..,..,..,..,..,..,..,..,..,..,..,..
..REGION XII (SOCCSKSARGEN),"GINGER, 1 KG",64.80,64.01,62.22,61.80,63.67,48.84,47.60,50.02,53.66,54.94,52.14,51.84,56.30,52.34,52.57,52.45,52.32,52.53,52.78,56.44,60.19,61.26,60.54,60.35,62.18,56.33,61.78,74.80,84.54,98.77,117.05,134.20,133.86,126.83,120.75,111.25,104.50,101.50,105.82,98.13,96.63,103.88,116.40,122.80,160.25,155.50,149.03,131.55,116.50,114.33,114.58,123.30,102.83,96.38,86.08,86.46,89.81,94.41,92.83,94.33,92.63,88.96,81.96,81.96,90.72,77.43,76.93,74.58,70.76,70.71,70.84,70.43,68.93,70.06,66.83,68.84,65.71,71.00,67.26,60.91,56.67,58.90,58.97,61.70,53.74,55.67,58.34,61.62,61.84,61.94,59.80,66.81,74.08,76.33,83.48,98.79,121.65,112.67,126.10,120.13,111.88,109.38,106.76,100.67,110.61,111.06,118.38,180.40,180.19,174.53,157.80,146.19,133.20,121.64,108.40,109.99,137.70,104.53,98.90,95.79,99.20,102.92,105.23,108.50,107.31,104.94,101.44,101.65,99.84,102.52
..REGION XII (SOCCSKSARGEN),"GARLIC, IMPORTED, 1 KG",90.73,89.94,90.88,88.52,85.61,88.57,89.36,87.02,86.59,87.84,90.46,87.96,88.62,87.65,90.15,90.15,89.84,90.46,91.71,87.17,86.86,86.86,88.73,86.86,91.86,89.03,93.11,91.86,89.67,102.17,126.23,204.72,237.21,151.25,143.13,136.88,139.38,134.38,137.50,132.50,117.50,113.13,111.88,113.44,117.50,120.63,121.88,118.13,116.25,119.38,124.79,118.92,126.88,130.00,134.38,143.44,148.75,151.88,160.63,161.88,159.38,165.00,161.88,165.00,150.76,163.75,161.88,166.25,165.63,183.75,190.00,184.38,165.63,153.75,158.75,156.88,146.25,166.41,140.00,119.38,108.75,108.13,107.50,104.38,107.50,105.63,101.25,98.13,88.88,95.63,107.10,96.88,91.25,95.63,100.63,102.50,122.50,126.88,133.75,130.00,130.00,133.75,134.38,116.51,133.13,187.50,201.88,178.34,181.88,137.50,125.63,120.63,120.00,123.13,112.50,123.75,145.49,125.63,120.00,120.63,120.00,117.50,110.63,115.00,110.61,112.91,115.62,128.36,130.34,118.94
....North Cotabato,"GARLIC, NATIVE, 1 KG",131.76,129.56,128.46,129.56,131.76,139.44,137.25,132.85,133.40,138.34,143.84,136.70,134.41,138.35,144.94,143.29,142.74,142.74,144.94,138.35,138.35,138.35,143.85,137.26,152.63,142.15,157.03,154.83,146.60,176.80,228.40,407.39,443.63,198.75,183.75,143.75,147.50,147.50,211.33,160.00,157.50,157.50,155.63,115.00,121.88,125.00,130.63,128.13,128.13,161.67,148.33,140.78,155.00,153.75,152.50,152.50,182.50,195.00,197.50,198.75,208.75,210.00,207.50,210.00,185.31,200.00,203.75,206.25,203.75,241.25,234.38,228.75,216.25,206.25,201.25,199.38,195.00,211.36,199.38,203.75,196.25,197.50,196.25,196.25,191.25,194.38,194.38,194.38,194.38,194.38,196.04,194.38,194.38,194.38,194.38,194.38,194.38,194.38,194.38,194.38,194.38,194.38,194.38,194.38,194.38,194.38,194.38,194.38,191.88,189.38,189.38,194.38,194.38,194.38,194.38,200.00,193.81,200.00,180.00,180.00,130.00,180.00,180.00,180.00,180.00,180.00,180.00,180.00,170.00,176.67
....North Cotabato,"ONION RED CREOLE (BERMUDA RED), 1 KG",78.55,68.53,67.27,71.88,73.13,77.50,72.50,69.38,71.25,70.63,73.75,78.13,72.71,70.00,71.25,66.88,65.63,61.88,64.38,60.63,60.63,67.50,76.88,76.88,116.25,71.57,111.25,101.25,86.25,78.75,66.88,71.88,65.63,68.13,71.25,71.25,72.50,73.75,78.23,73.75,72.50,67.50,66.25,63.13,66.25,68.75,67.50,72.50,83.75,95.00,111.25,75.68,108.75,92.50,75.63,85.00,88.75,98.75,103.75,117.50,131.25,135.00,110.00,94.72,103.47,81.25,87.50,95.00,85.00,85.00,82.50,81.25,80.00,92.50,100.00,107.50,142.50,93.33,162.50,120.00,97.50,97.50,95.00,97.50,103.75,110.00,121.25,106.25,92.50,97.50,108.44,100.00,100.00,98.75,95.00,90.00,86.25,88.75,87.50,86.25,91.25,102.50,193.75,101.67,218.75,195.00,165.00,155.00,147.50,133.75,120.00,116.25,125.00,148.75,157.50,155.00,153.13,137.50,131.25,170.00,138.75,121.25,110.00,113.75,110.65,111.68,111.68,150.56,157.91,130.41
....North Cotabato,"ONION WHITE (YELLOW GRANEX), 1 KG",..,..,..,..,..,..,..,..,..,..,..,..,..,..,..,..,..,..,..,..,..,..,..,..,..,..,..,..,..,..,..,..,..,..,..,..,..,..,..,..,..,..,..,..,..,..,..,..,..,..,..,..,..,..,..,..,..,..,..,..,..,..,..,..,..,..,..,..,..,..,..,..,..,..,..,..,..,..,..,..,..,..,..,..,..,..,..,..,..,..,..,..,..,..,..,..,..,..,..,..,..,..,..,..,..,..,..,..,..,..,..,..,..,..,..,..,..,..,..,..,..,..,..,..,..,..,..,..,..,..
....North Cotabato,"GINGER, 1 KG",45.31,40.63,39.45,40.63,39.38,42.50,40.63,42.50,41.88,43.13,40.00,41.25,41.44,43.75,46.25,45.63,45.00,45.00,46.25,49.38,51.25,53.13,59.38,58.75,66.25,50.84,62.50,68.75,72.50,108.13,146.25,155.00,151.25,146.25,142.50,116.25,102.50,98.75,114.22,88.13,88.13,94.38,137.50,162.50,225.00,206.25,187.50,177.50,131.25,102.50,102.50,141.93,90.00,81.25,77.50,78.75,81.25,87.50,90.00,100.00,97.50,91.25,77.50,82.50,86.25,67.50,66.25,62.50,58.13,55.00,54.38,55.00,50.00,57.50,56.25,53.13,50.63,57.19,56.25,53.75,52.50,51.88,51.25,51.25,53.75,58.75,61.25,63.75,61.25,62.50,56.51,61.25,60.00,63.75,65.00,77.50,100.00,92.50,117.50,110.00,107.50,117.50,115.00,90.63,122.50,115.00,120.00,183.33,171.88,178.75,167.50,160.00,152.50,145.00,125.00,124.38,147.15,111.25,100.00,97.50,96.25,97.50,106.25,115.00,117.18,112.82,112.82,108.47,106.29,106.78
....North Cotabato,"GARLIC, IMPORTED, 1 KG",95.34,93.75,92.96,93.75,96.25,105.00,103.75,96.25,96.88,99.38,103.13,98.13,97.88,97.50,102.50,102.50,101.88,103.13,105.63,99.38,98.75,98.75,102.50,98.75,108.75,101.67,111.25,108.75,104.38,129.38,177.50,302.50,317.50,138.75,122.50,108.75,113.75,103.75,153.23,100.00,92.50,92.50,91.25,93.13,101.25,107.50,103.75,106.25,100.00,108.75,121.25,101.51,120.00,126.25,131.25,149.38,160.00,166.25,171.25,176.25,173.75,181.25,173.75,180.00,159.12,177.50,173.75,182.50,178.75,215.00,202.50,191.25,153.75,126.25,136.25,132.50,128.75,166.56,118.75,108.75,105.00,103.75,101.25,101.25,103.75,105.00,102.50,103.75,85.25,95.00,102.83,93.75,87.50,93.75,100.00,100.00,125.00,127.50,145.00,138.75,141.25,147.50,145.00,120.42,143.75,196.25,203.75,171.67,168.75,138.75,115.00,111.25,112.50,116.25,116.25,122.50,143.06,116.25,108.75,115.00,116.25,111.25,108.75,115.00,108.73,110.82,108.73,126.71,128.17,114.53
....Saranggani,"GARLIC, NATIVE, 1 KG",111.77,111.77,115.23,108.10,97.29,93.61,97.29,100.97,99.02,99.02,100.97,100.97,103.00,100.97,100.97,100.97,100.97,100.97,100.97,97.29,97.29,97.29,97.29,97.29,97.29,99.13,97.29,97.29,97.29,97.29,97.29,138.79,203.64,212.50,212.50,212.50,212.50,212.50,157.62,212.50,212.50,212.50,212.50,212.50,212.50,212.50,212.50,212.50,212.50,212.50,233.33,214.24,212.50,212.50,212.50,212.50,212.50,212.50,212.50,212.50,204.00,206.00,206.00,206.00,210.17,206.00,206.00,206.00,206.00,206.00,246.00,246.00,246.00,246.00,246.00,246.00,246.00,229.33,246.00,246.00,246.00,246.00,246.00,246.00,246.00,246.00,246.00,246.00,246.00,246.00,246.00,246.00,246.00,246.00,246.00,246.00,246.00,246.00,246.00,246.00,246.00,246.00,246.00,246.00,246.00,246.00,231.20,184.75,209.99,177.23,181.23,181.23,181.23,181.23,181.23,181.23,198.55,187.23,187.23,187.23,187.23,187.23,187.23,187.23,187.23,187.23,187.23,187.23,187.23,187.23
....Saranggani,"ONION RED CREOLE (BERMUDA RED), 1 KG",85.23,86.91,91.92,75.63,75.00,70.63,78.13,76.88,83.13,76.88,79.38,75.00,79.56,78.75,81.25,75.00,76.25,75.63,76.25,74.38,73.13,76.25,83.13,82.50,108.13,80.05,124.38,130.00,85.00,78.13,74.82,73.13,73.13,85.00,77.50,76.25,79.38,78.75,86.29,77.50,75.63,73.75,68.75,72.50,74.38,80.63,74.38,81.88,81.88,121.25,137.50,85.00,133.75,121.25,113.75,110.00,102.50,118.75,126.88,135.63,136.25,141.25,141.25,116.73,124.83,102.50,108.75,102.50,96.25,92.50,97.50,88.75,90.00,95.63,95.63,98.75,118.75,98.96,157.50,108.13,95.00,95.00,93.75,96.25,98.75,103.75,108.75,92.50,87.50,93.75,102.55,91.25,96.25,95.63,98.13,91.25,89.38,81.25,82.50,81.25,90.00,116.25,190.00,100.26,221.25,182.50,133.50,151.17,155.88,140.88,135.88,132.13,143.38,154.63,177.13,173.13,158.46,153.13,145.63,176.88,140.00,130.00,111.25,135.00,113.75,113.75,117.50,165.00,201.25,141.93
....Saranggani,"ONION WHITE (YELLOW GRANEX), 1 KG",..,..,..,..,..,..,..,..,..,..,..,..,..,..,..,..,..,..,..,..,..,..,..,..,..,..,..,..,..,..,..,..,..,..,..,..,..,..,..,..,..,..,..,..,..,..,..,..,..,..,..,..,..,..,..,..,..,..,..,..,..,..,..,..,..,..,..,..,..,..,..,..,..,..,..,..,..,..,..,..,..,..,..,..,..,..,..,..,..,..,..,..,..,..,..,..,..,..,..,..,..,..,..,..,..,..,..,..,..,..,..,..,..,..,..,..,..,..,..,..,..,..,..,..,..,..,..,..,..,..
....Saranggani,"GINGER, 1 KG",82.81,82.81,82.81,81.56,85.45,75.04,72.56,77.68,77.68,77.68,77.68,77.68,79.29,77.68,77.68,77.68,77.68,77.68,77.68,77.68,77.68,77.68,77.68,77.68,77.68,77.68,77.68,77.68,77.68,77.68,77.68,91.98,97.10,108.75,108.75,103.75,103.75,105.00,92.29,105.00,108.75,111.25,115.00,115.00,123.75,126.25,117.50,113.75,111.25,111.25,111.67,114.20,108.75,108.75,110.00,110.00,110.00,110.00,107.50,106.25,103.75,103.75,102.50,101.25,106.88,101.25,101.25,101.25,101.25,91.25,96.25,96.25,93.75,91.25,91.25,91.25,76.25,94.38,74.50,52.50,54.19,54.19,41.88,41.25,50.00,52.50,52.50,56.25,53.75,53.75,53.11,57.50,69.38,74.38,80.63,95.00,128.75,125.00,120.00,116.25,108.75,98.75,100.63,97.92,100.63,108.75,125.00,185.00,208.13,194.13,164.13,150.38,137.88,134.13,111.25,121.88,145.11,112.50,111.25,103.75,100.00,102.50,107.50,100.00,103.75,97.50,96.25,105.00,93.75,102.81
....Saranggani,"GARLIC, IMPORTED, 1 KG",86.12,86.12,88.79,83.29,74.96,72.13,74.96,77.79,76.29,76.29,77.79,77.79,79.36,77.79,77.79,77.79,77.79,77.79,77.79,74.96,74.96,74.96,74.96,74.96,74.96,76.38,74.96,74.96,74.96,74.96,74.96,106.94,156.92,163.75,163.75,165.00,165.00,165.00,121.76,165.00,142.50,133.75,132.50,133.75,133.75,133.75,140.00,130.00,132.50,130.00,128.33,136.32,133.75,133.75,137.50,137.50,137.50,137.50,150.00,147.50,145.00,148.75,150.00,150.00,142.40,150.00,150.00,150.00,152.50,152.50,177.50,177.50,177.50,181.25,181.25,181.25,163.75,166.25,161.25,130.00,112.50,112.50,113.75,107.50,111.25,106.25,100.00,92.50,92.50,96.25,111.35,100.00,95.00,97.50,101.25,105.00,120.00,126.25,122.50,121.25,118.75,120.00,123.75,112.60,122.50,178.75,200.00,185.00,195.00,136.25,136.25,130.00,127.50,130.00,108.75,125.00,147.92,135.00,131.25,126.25,123.75,123.75,112.50,115.00,112.50,115.00,122.50,130.00,132.50,123.33
....South Cotabato,"GARLIC, NATIVE, 1 KG",81.66,78.20,81.66,74.04,97.24,97.83,108.81,111.09,111.09,114.00,111.09,108.22,97.91,108.22,100.70,102.15,108.21,103.88,104.47,104.47,103.02,103.02,99.84,96.97,108.50,103.62,108.50,108.50,107.08,107.08,147.19,272.87,265.07,248.00,138.57,112.86,112.29,109.71,153.14,109.71,110.00,107.14,107.14,110.00,112.86,112.86,112.86,121.71,121.71,124.20,124.20,114.53,121.71,134.00,135.71,153.43,160.33,192.50,223.17,184.67,182.67,171.67,172.00,176.33,167.35,184.50,183.67,185.33,197.67,214.71,211.29,180.00,162.00,153.86,144.71,137.71,133.43,174.07,135.57,134.00,126.57,124.86,128.29,111.29,104.29,102.86,96.57,98.29,96.29,96.43,112.94,95.14,99.71,109.57,116.29,125.00,136.71,144.29,144.29,138.57,134.29,134.29,138.57,126.39,142.86,180.00,180.00,168.00,160.00,142.86,140.00,102.86,100.71,105.43,99.71,102.14,135.38,105.43,105.43,101.43,92.86,92.86,100.00,106.25,128.19,120.46,114.57,124.27,130.04,110.15
....South Cotabato,"ONION RED CREOLE (BERMUDA RED), 1 KG",97.04,97.73,97.04,94.29,88.48,89.81,90.13,82.42,82.42,88.79,88.10,81.40,89.80,81.40,83.74,80.39,77.68,73.32,73.32,77.35,77.35,79.00,75.97,75.97,85.57,78.42,87.91,98.68,91.94,85.24,71.77,70.12,69.75,66.88,65.38,66.00,63.75,68.75,75.51,68.75,68.75,63.75,60.00,58.75,63.38,65.63,65.63,63.75,73.63,83.33,78.33,67.81,91.43,94.25,80.63,77.75,80.33,104.88,107.50,106.25,112.00,123.13,102.00,76.13,96.36,81.00,91.63,85.88,74.25,75.75,78.50,78.50,78.50,82.75,89.13,93.75,147.13,88.06,154.88,104.25,90.38,91.00,93.38,100.63,106.63,106.88,107.00,97.50,88.38,93.75,102.89,96.75,98.38,89.50,84.50,80.00,74.88,71.13,72.00,70.88,84.75,120.25,197.38,95.03,229.25,185.00,124.88,147.00,115.13,110.88,109.75,109.50,122.38,150.50,171.25,148.25,143.65,130.00,134.25,167.00,124.88,118.88,106.75,131.75,122.38,128.63,139.13,188.38,200.75,141.07
....South Cotabato,"ONION WHITE (YELLOW GRANEX), 1 KG",..,..,..,..,..,..,..,..,..,..,..,..,..,..,..,..,..,..,..,..,..,..,..,..,..,..,..,..,..,..,..,..,..,..,..,..,..,..,..,..,..,..,..,..,..,..,..,..,..,..,..,..,..,..,..,..,..,..,..,..,..,..,..,..,..,..,..,..,..,..,..,..,..,..,..,..,..,..,..,..,..,..,..,..,..,..,..,..,..,..,..,..,..,..,..,..,..,..,..,..,..,..,..,..,..,..,..,..,..,..,..,..,..,..,..,..,..,..,..,..,..,..,..,..,..,..,..,..,..,..
....South Cotabato,"GINGER, 1 KG",51.46,51.46,56.24,53.17,46.01,44.13,42.25,47.36,49.40,47.72,48.75,46.01,48.66,46.01,44.66,44.66,42.94,43.97,43.97,45.69,45.69,52.48,51.13,50.80,52.48,47.04,54.20,61.03,68.68,82.34,98.50,136.01,132.94,127.50,108.75,103.75,103.75,103.75,98.43,100.00,96.25,91.25,98.25,105.25,162.50,162.50,157.63,152.75,138.75,156.67,157.50,131.61,126.25,120.25,71.25,70.63,76.13,85.38,87.50,85.00,81.50,76.88,65.63,56.88,83.61,58.00,54.25,48.75,47.75,45.63,48.13,48.00,48.00,48.63,45.00,45.63,47.50,48.77,51.38,44.13,38.75,44.25,48.38,56.00,55.38,57.50,58.38,61.00,67.13,67.63,54.16,74.88,73.50,78.50,88.00,110.63,137.00,121.25,134.25,119.00,109.00,101.50,99.00,103.88,103.25,106.13,122.75,188.67,181.75,172.25,153.63,136.00,120.63,103.25,92.00,88.25,130.71,90.13,87.00,88.13,92.25,96.25,94.88,101.25,98.13,91.88,89.38,78.25,82.63,90.85
....South Cotabato,"GARLIC, IMPORTED, 1 KG",..,..,..,..,..,..,..,..,..,..,..,..,..,..,..,..,..,..,..,..,..,..,..,..,..,..,..,..,..,..,..,..,..,..,..,..,..,..,..,..,..,..,..,..,..,..,..,..,..,..,..,..,..,..,..,..,..,..,..,..,..,..,..,..,..,..,..,..,..,..,..,..,..,..,..,..,..,..,..,..,..,..,..,..,..,..,..,..,..,..,..,..,..,..,..,..,..,..,..,..,..,..,..,..,..,..,..,..,..,..,..,..,..,..,..,..,..,..,..,..,..,..,..,..,..,..,..,..,..,..
....Sultan Kudarat,"GARLIC, NATIVE, 1 KG",..,..,..,..,..,..,..,..,..,..,..,..,..,..,..,..,..,..,..,..,..,..,..,..,..,..,..,..,..,..,..,..,..,..,..,..,..,..,..,..,..,..,..,..,..,..,..,..,..,..,..,..,..,..,..,..,..,..,..,..,..,..,..,..,..,..,..,..,..,..,..,..,..,..,..,..,..,..,..,..,..,..,..,..,..,..,..,..,..,..,..,..,..,..,..,..,..,..,..,..,..,..,..,..,..,..,..,..,..,..,..,..,..,..,..,..,..,..,..,..,..,..,..,..,..,..,..,..,..,..
....Sultan Kudarat,"ONION RED CREOLE (BERMUDA RED), 1 KG",..,..,..,..,..,..,..,..,..,..,..,..,..,..,..,..,..,..,..,..,..,..,..,..,..,..,..,..,..,..,..,..,..,..,..,..,..,..,..,..,..,..,..,..,..,..,..,..,..,..,..,..,..,..,..,..,..,..,..,..,..,..,..,..,..,..,..,..,..,..,..,..,..,..,..,..,..,..,..,..,..,..,..,..,..,..,..,..,..,..,..,..,..,..,..,..,..,..,..,..,..,..,..,..,..,..,..,..,..,..,..,..,..,..,..,..,..,..,..,..,..,..,..,..,..,..,..,..,..,..
....Sultan Kudarat,"ONION WHITE (YELLOW GRANEX), 1 KG",..,..,..,..,..,..,..,..,..,..,..,..,..,..,..,..,..,..,..,..,..,..,..,..,..,..,..,..,..,..,..,..,..,..,..,..,..,..,..,..,..,..,..,..,..,..,..,..,..,..,..,..,..,..,..,..,..,..,..,..,..,..,..,..,..,..,..,..,..,..,..,..,..,..,..,..,..,..,..,..,..,..,..,..,..,..,..,..,..,..,..,..,..,..,..,..,..,..,..,..,..,..,..,..,..,..,..,..,..,..,..,..,..,..,..,..,..,..,..,..,..,..,..,..,..,..,..,..,..,..
....Sultan Kudarat,"GINGER, 1 KG",50.54,42.15,38.71,48.82,50.54,37.10,37.10,37.10,53.88,53.88,48.83,48.83,45.62,48.83,48.83,48.83,50.55,50.55,50.55,64.00,80.89,77.55,69.06,69.06,69.06,60.65,69.06,89.28,112.94,134.78,171.89,151.67,151.67,151.67,143.75,132.50,112.50,100.00,126.81,100.00,100.00,132.50,141.25,141.25,200.00,192.50,192.50,123.75,111.25,111.25,111.25,138.13,105.00,87.50,87.50,88.75,97.50,105.00,95.00,96.25,96.25,91.25,85.00,85.00,93.33,76.25,78.75,76.25,62.50,77.50,71.25,68.75,68.75,68.75,57.50,70.00,70.00,70.52,70.00,70.00,53.75,60.00,62.50,62.50,61.25,61.25,71.25,78.75,78.75,77.50,67.29,75.00,85.00,82.50,93.75,121.25,142.50,113.75,146.25,156.25,145.00,140.00,130.00,119.27,137.50,136.25,135.00,237.50,220.00,212.50,188.75,176.25,156.25,140.00,126.25,127.50,166.15,118.75,110.00,105.00,110.00,118.75,117.50,118.75,110.00,115.00,101.25,102.50,102.50,110.83
....Sultan Kudarat,"GARLIC, IMPORTED, 1 KG",..,..,..,..,..,..,..,..,..,..,..,..,..,..,..,..,..,..,..,..,..,..,..,..,..,..,..,..,..,..,..,..,..,..,..,..,..,..,..,..,..,..,..,..,..,..,..,..,..,..,..,..,..,..,..,..,..,..,..,..,..,..,..,..,..,..,..,..,..,..,..,..,..,..,..,..,..,..,..,..,..,..,..,..,..,..,..,..,..,..,..,..,..,..,..,..,..,..,..,..,..,..,..,..,..,..,..,..,..,..,..,..,..,..,..,..,..,..,..,..,..,..,..,..,..,..,..,..,..,..
....Cotabato City,"GARLIC, NATIVE, 1 KG",82.52,77.52,72.52,72.52,70.92,87.16,107.00,100.84,95.16,97.68,100.00,88.52,87.70,81.68,80.00,90.00,90.00,100.00,181.68,100.00,100.00,95.00,90.00,85.00,110.00,100.28,110.00,110.00,92.52,127.52,190.00,300.00,240.00,110.00,102.50,100.00,110.00,110.00,141.88,102.50,100.00,100.00,100.00,100.00,100.00,100.00,100.00,100.00,100.00,100.00,100.00,100.21,153.33,115.00,120.00,153.33,153.33,153.33,153.33,153.33,153.33,153.33,153.33,153.33,147.36,153.33,153.33,153.33,153.33,153.33,153.33,153.33,130.00,130.00,130.00,120.00,120.00,141.94,110.00,100.00,100.00,100.00,115.00,120.00,124.50,124.50,124.50,124.50,110.00,110.00,113.58,110.00,92.50,93.33,100.00,100.00,114.17,128.33,128.33,113.33,113.33,113.33,113.33,110.00,113.33,135.00,135.00,149.17,157.50,157.92,156.67,148.33,155.83,153.33,157.50,156.08,147.97,157.50,147.08,145.83,145.83,147.08,147.50,144.17,144.17,144.17,144.17,145.00,145.00,146.46
....Cotabato City,"ONION RED CREOLE (BERMUDA RED), 1 KG",89.98,85.00,75.00,77.42,73.00,79.26,102.50,80.00,76.66,76.66,77.50,70.42,80.28,64.08,72.00,70.00,64.96,70.00,72.50,70.00,70.00,82.50,81.50,85.00,112.50,76.25,130.00,125.00,85.00,75.00,75.00,75.00,65.00,65.00,73.75,73.75,70.00,70.00,81.88,71.25,70.00,70.00,70.00,70.00,70.00,70.00,70.00,70.00,70.00,70.00,70.00,70.10,100.00,82.50,82.50,80.00,80.00,80.00,80.00,90.83,100.00,100.00,103.33,100.00,89.93,100.00,91.67,83.33,83.33,83.33,83.33,83.33,72.50,72.50,72.50,72.50,72.50,80.90,86.25,81.25,82.50,82.50,96.67,100.83,105.33,105.33,105.33,105.33,81.67,81.67,92.89,81.67,87.08,84.17,80.83,80.83,68.75,65.83,65.83,73.33,68.33,69.17,76.67,75.21,110.00,130.00,130.00,140.00,145.67,139.92,116.67,110.00,119.17,119.17,128.33,135.83,127.06,135.83,127.50,130.42,131.67,136.25,134.17,138.33,136.49,136.02,136.02,133.72,133.72,134.18
....Cotabato City,"ONION WHITE (YELLOW GRANEX), 1 KG",..,..,..,..,..,..,..,..,..,..,..,..,..,..,..,..,..,..,..,..,..,..,..,..,..,..,..,..,..,..,..,..,..,..,..,..,..,..,..,..,..,..,..,..,..,..,..,..,..,..,..,..,..,..,..,..,..,..,..,..,..,..,..,..,..,..,..,..,..,..,..,..,..,..,..,..,..,..,..,..,..,..,..,..,..,..,..,..,..,..,..,..,..,..,..,..,..,..,..,..,..,..,..,..,..,..,..,..,..,..,..,..,..,..,..,..,..,..,..,..,..,..,..,..,..,..,..,..,..,..
....Cotabato City,"GINGER, 1 KG",93.90,102.99,93.90,84.81,96.99,45.45,45.45,45.45,45.45,52.27,45.45,45.45,66.46,45.45,45.45,45.45,45.45,45.45,45.45,45.45,45.45,45.45,45.45,45.45,45.45,45.45,45.45,77.27,90.91,90.91,90.91,136.36,136.36,100.00,100.00,100.00,100.00,100.00,97.35,97.50,90.00,90.00,90.00,90.00,90.00,90.00,90.00,90.00,90.00,90.00,90.00,90.63,84.17,84.17,84.17,84.17,84.17,84.17,84.17,84.17,84.17,81.67,79.17,84.17,83.55,84.17,84.17,84.17,84.17,84.17,84.17,84.17,84.17,84.17,84.17,84.17,84.17,84.17,84.17,84.17,84.17,84.17,90.83,97.50,48.33,48.33,48.33,48.33,48.33,48.33,67.92,65.42,82.50,82.50,90.00,89.58,100.00,110.83,112.50,99.17,89.17,89.17,89.17,91.67,89.17,89.17,89.17,107.50,119.17,115.00,115.00,108.33,98.75,85.83,87.50,87.92,99.38,90.00,86.25,84.58,97.50,99.58,100.00,107.50,107.50,107.50,107.50,114.02,114.02,101.33
....Cotabato City,"GARLIC, IMPORTED, 1 KG",..,..,..,..,..,..,..,..,..,..,..,..,..,..,..,..,..,..,..,..,..,..,..,..,..,..,..,..,..,..,..,..,..,..,..,..,..,..,..,..,..,..,..,..,..,..,..,..,..,..,..,..,..,..,..,..,..,..,..,..,..,..,..,..,..,..,..,..,..,..,..,..,..,..,..,..,..,..,..,..,..,..,..,..,..,..,..,..,..,..,..,..,..,..,..,..,..,..,..,..,..,..,..,..,..,..,..,..,..,..,..,..,..,..,..,..,..,..,..,..,..,..,..,..,..,..,..,..,..,..
..REGION XIII (CARAGA),"GARLIC, NATIVE, 1 KG",109.87,109.87,109.87,100.79,104.34,104.24,105.40,107.18,101.78,101.43,101.07,98.62,104.54,102.85,99.85,99.85,100.91,95.64,96.94,99.51,99.51,101.97,103.83,105.69,106.05,101.05,117.64,127.80,122.08,124.72,138.20,217.09,252.60,237.96,234.68,200.86,194.61,195.58,180.32,182.96,178.95,158.78,156.51,136.29,135.77,125.20,130.07,133.20,136.19,134.94,139.80,145.72,136.05,150.02,155.42,165.63,171.88,182.50,183.13,186.88,185.00,182.50,185.00,181.88,172.16,186.88,191.25,193.75,193.75,195.00,193.75,193.75,183.75,192.50,179.07,165.00,164.38,186.07,166.25,153.57,156.88,136.25,131.25,133.13,128.13,123.75,122.50,119.75,121.88,115.00,134.03,120.00,126.25,126.50,133.75,135.00,142.50,148.13,153.13,144.38,144.38,140.00,143.13,138.10,138.13,185.00,192.50,189.17,189.79,174.38,146.88,135.63,145.00,151.88,135.63,137.50,160.12,127.82,132.50,128.48,119.02,121.57,110.63,123.13,125.63,127.50,127.50,130.00,135.00,125.73
..REGION XIII (CARAGA),"ONION RED CREOLE (BERMUDA RED), 1 KG",88.92,83.45,86.33,84.96,83.38,86.18,84.30,85.12,88.70,85.34,85.05,85.70,85.62,89.92,84.48,81.16,76.01,71.64,74.53,74.48,74.49,75.57,80.96,80.79,104.12,80.68,103.33,108.71,90.72,81.90,73.62,72.38,65.67,76.94,75.16,76.03,74.16,75.41,81.17,79.32,86.72,70.02,66.85,67.31,68.13,72.50,75.50,74.22,83.89,94.90,107.19,78.88,117.50,108.13,99.38,92.50,93.13,104.28,110.81,118.13,121.41,124.38,116.88,107.50,109.50,103.75,101.25,99.53,93.60,88.28,85.63,87.35,89.85,91.41,96.94,97.97,116.25,95.98,130.00,123.13,105.94,104.22,106.41,105.31,112.19,117.50,117.97,110.63,105.94,106.56,112.15,108.44,108.13,99.53,93.13,85.31,86.56,85.31,87.19,86.25,86.41,110.16,168.75,100.43,215.94,173.44,134.38,134.58,131.88,126.88,122.19,120.63,142.81,160.31,181.56,175.94,151.71,150.94,131.10,161.88,127.50,115.16,112.19,131.25,128.03,134.01,132.50,165.31,191.49,140.11
..REGION XIII (CARAGA),"ONION WHITE (YELLOW GRANEX), 1 KG",71.85,70.54,69.88,78.60,80.90,84.93,83.20,83.20,83.20,82.67,82.67,68.83,78.37,70.41,73.56,70.41,70.41,70.41,72.51,75.67,76.20,77.77,77.77,76.72,78.30,74.18,78.82,80.92,75.67,69.37,69.37,68.85,71.65,72.52,74.27,75.15,75.15,75.15,73.91,76.02,76.02,71.64,72.52,72.52,69.46,72.08,72.08,67.27,76.02,75.14,74.27,72.92,76.02,75.58,75.15,75.58,75.15,80.83,81.71,82.14,83.46,82.14,76.89,74.27,78.24,74.27,74.27,74.27,72.52,73.83,73.61,72.02,73.40,75.15,81.27,82.14,88.27,76.25,95.49,94.83,101.39,106.64,88.27,89.58,84.33,85.64,87.61,88.93,83.02,81.71,90.62,83.02,83.90,83.02,81.27,87.39,87.39,88.27,88.27,85.77,85.14,104.38,105.85,88.64,122.19,115.13,107.42,110.32,103.17,92.63,98.52,107.19,110.85,119.63,112.38,103.25,108.56,103.25,101.25,110.00,102.38,100.63,94.25,96.38,97.88,99.25,96.88,101.25,111.50,101.24
..REGION XIII (CARAGA),"GINGER, 1 KG",69.82,69.82,67.42,67.40,66.57,65.10,65.14,63.87,61.90,61.55,61.55,61.76,65.16,64.05,64.05,63.16,62.52,65.36,70.36,75.42,76.04,76.26,76.26,76.19,75.32,70.42,73.76,79.70,84.26,93.84,100.09,116.36,136.15,118.08,117.04,101.29,102.96,105.52,102.42,104.69,104.48,103.54,121.46,139.80,173.14,164.39,158.55,155.64,124.00,105.05,95.97,129.23,96.38,95.09,91.80,94.18,95.99,104.42,96.52,94.85,94.44,91.11,91.73,87.90,94.53,88.27,84.48,84.54,80.84,77.49,78.75,79.58,78.96,80.63,83.21,80.00,79.17,81.33,78.33,75.63,75.42,72.71,72.92,77.08,78.33,76.88,92.50,91.88,87.72,91.43,80.90,92.92,92.08,94.17,122.79,155.83,159.58,145.00,149.17,143.96,136.25,132.08,130.00,129.49,127.50,132.08,141.25,202.78,188.06,182.50,162.08,166.88,140.83,138.33,135.42,125.83,153.63,131.25,119.17,117.50,111.25,111.25,114.58,122.08,122.81,119.55,117.38,124.85,109.89,118.46
..REGION XIII (CARAGA),"GARLIC, IMPORTED, 1 KG",104.79,104.79,104.79,101.84,101.84,111.31,111.31,111.31,111.31,120.78,120.78,123.14,110.67,127.88,134.99,139.73,142.09,137.36,132.62,130.25,123.14,123.14,123.14,125.51,125.51,130.45,132.62,132.62,130.25,127.88,126.68,126.68,134.98,166.05,168.57,123.28,110.70,123.28,133.63,135.86,130.83,106.93,106.93,98.12,103.15,103.15,108.18,114.47,115.73,113.21,120.76,113.11,113.21,134.18,144.24,162.27,169.82,188.69,189.95,194.98,194.98,194.98,194.98,188.69,172.58,191.21,193.73,193.73,193.73,196.25,196.25,197.50,176.25,157.50,142.50,142.50,148.75,177.49,148.75,156.25,141.25,136.25,118.13,125.63,125.63,105.63,118.13,136.88,128.13,120.63,130.11,120.63,112.50,107.50,117.50,121.25,142.50,153.75,148.75,158.75,160.00,147.50,150.00,136.72,156.25,190.00,188.75,196.67,181.25,182.50,161.25,150.00,153.75,157.50,146.25,148.75,167.74,155.00,133.75,141.25,136.25,137.50,132.50,132.50,135.89,132.50,135.89,151.18,139.30,138.63
....Agusan del Norte,"GARLIC, NATIVE, 1 KG",..,..,..,..,..,..,..,..,..,..,..,..,..,..,..,..,..,..,..,..,..,..,..,..,..,..,..,..,..,..,..,..,..,..,..,..,..,..,..,..,..,..,..,..,..,..,..,..,..,..,..,..,..,..,..,..,..,..,..,..,..,..,..,..,..,..,..,..,..,..,..,..,..,..,..,..,..,..,..,..,..,..,..,..,..,..,..,..,..,..,..,..,..,..,..,..,..,..,..,..,..,..,..,..,..,..,..,..,..,..,..,..,..,..,..,..,..,..,..,..,..,..,..,..,..,..,..,..,..,..
....Agusan del Norte,"ONION RED CREOLE (BERMUDA RED), 1 KG",71.38,64.38,72.16,66.72,63.59,69.03,69.03,77.56,79.12,76.03,65.94,77.89,71.07,89.98,72.15,68.24,60.50,55.85,61.29,62.85,64.38,63.60,75.26,69.04,89.08,69.35,94.66,96.19,66.73,62.07,47.32,47.32,51.19,64.38,63.75,68.75,68.75,63.13,66.19,70.00,71.25,60.00,49.38,56.25,55.63,60.00,65.00,65.00,82.50,100.00,98.75,69.48,106.25,88.75,85.00,82.50,82.50,93.75,93.75,93.75,96.25,108.75,102.50,106.25,95.00,101.25,82.50,75.00,75.00,70.63,67.50,75.00,75.00,77.50,82.50,84.38,108.75,81.25,121.25,117.50,102.50,103.75,117.50,98.75,110.00,117.50,109.38,100.63,101.25,100.00,108.33,100.00,98.75,91.88,87.50,77.50,77.50,76.25,76.25,82.50,85.00,106.88,165.00,93.75,221.25,168.75,120.00,110.00,112.50,105.00,115.00,112.50,136.25,158.75,175.00,177.50,142.71,152.50,123.13,161.25,122.50,117.50,116.25,128.75,118.38,128.88,121.25,147.11,199.08,136.38
....Agusan del Norte,"ONION WHITE (YELLOW GRANEX), 1 KG",72.20,69.57,68.26,64.32,68.92,76.98,73.51,73.51,73.51,72.46,72.46,66.16,70.99,69.31,75.61,69.31,69.31,69.31,73.51,79.81,80.86,84.01,84.01,81.91,85.06,76.84,86.11,90.31,79.81,67.21,67.21,66.16,71.76,73.51,77.01,78.76,78.76,78.76,76.28,80.51,80.51,71.75,73.50,73.50,67.38,72.63,72.63,63.00,80.50,78.75,77.00,74.31,80.51,79.63,78.76,79.63,78.76,90.13,91.88,92.75,95.38,92.75,82.25,77.00,84.95,77.00,77.00,77.00,73.50,76.13,75.69,72.51,75.26,78.76,91.01,92.75,105.00,80.97,119.44,118.13,131.25,141.75,105.00,107.63,97.13,99.75,103.69,106.32,94.51,91.88,109.71,94.51,96.26,94.51,91.01,103.25,103.25,105.00,105.00,100.00,98.75,106.88,111.25,100.81,142.50,125.00,121.25,118.33,108.75,86.25,93.75,112.50,121.25,131.25,118.75,102.50,115.17,102.50,112.50,120.00,118.75,111.25,102.50,108.75,103.75,112.50,108.75,112.50,125.00,111.56
....Agusan del Norte,"GINGER, 1 KG",..,..,..,..,..,..,..,..,..,..,..,..,..,..,..,..,..,..,..,..,..,..,..,..,..,..,..,..,..,..,..,..,..,..,..,..,..,..,..,..,..,..,..,..,..,..,..,..,..,..,..,..,..,..,..,..,..,..,..,..,..,..,..,..,..,..,..,..,..,..,..,..,..,..,..,..,..,..,..,..,..,..,..,..,..,..,..,..,..,..,..,..,..,..,..,..,..,..,..,..,..,..,..,..,..,..,..,..,..,..,..,..,..,..,..,..,..,..,..,..,..,..,..,..,..,..,..,..,..,..
....Agusan del Norte,"GARLIC, IMPORTED, 1 KG",..,..,..,..,..,..,..,..,..,..,..,..,..,..,..,..,..,..,..,..,..,..,..,..,..,..,..,..,..,..,..,..,..,..,..,..,..,..,..,..,..,..,..,..,..,..,..,..,..,..,..,..,..,..,..,..,..,..,..,..,..,..,..,..,..,..,..,..,..,..,..,..,..,..,..,..,..,..,..,..,..,..,..,..,..,..,..,..,..,..,..,..,..,..,..,..,..,..,..,..,..,..,..,..,..,..,..,..,..,..,..,..,..,..,..,..,..,..,..,..,..,..,..,..,..,..,..,..,..,..
....Agusan del Sur,"GARLIC, NATIVE, 1 KG",..,..,..,..,..,..,..,..,..,..,..,..,..,..,..,..,..,..,..,..,..,..,..,..,..,..,..,..,..,..,..,..,..,..,..,..,..,..,..,..,..,..,..,..,..,..,..,..,..,..,..,..,..,..,..,..,..,..,..,..,..,..,..,..,..,..,..,..,..,..,..,..,..,..,..,..,..,..,..,..,..,..,..,..,..,..,..,..,..,..,..,..,..,..,..,..,..,..,..,..,..,..,..,..,..,..,..,..,..,..,..,..,..,..,..,..,..,..,..,..,..,..,..,..,..,..,..,..,..,..
....Agusan del Sur,"ONION RED CREOLE (BERMUDA RED), 1 KG",96.28,89.80,91.90,87.52,86.02,90.02,88.14,84.39,92.52,83.77,88.77,82.52,88.47,82.52,82.52,76.89,76.26,71.26,69.88,73.13,70.38,71.13,80.38,81.63,126.14,80.18,111.64,119.14,90.39,79.76,63.88,64.88,68.13,70.88,69.13,70.38,66.63,76.63,79.29,74.13,71.50,66.34,59.25,59.25,59.38,61.25,62.00,68.38,73.75,82.50,111.25,70.75,122.50,117.50,101.25,92.50,93.13,107.50,116.25,113.75,128.75,128.75,110.00,87.50,109.95,86.25,95.00,91.88,83.13,85.00,82.50,81.25,84.38,90.63,100.00,98.75,122.50,91.77,125.00,116.25,100.00,100.63,96.25,105.00,111.25,120.00,120.63,107.50,105.00,101.25,109.06,105.00,103.75,98.75,92.50,86.25,83.75,90.00,91.25,85.00,86.25,117.50,181.25,101.77,231.25,166.25,122.50,148.33,141.25,133.75,121.25,121.25,147.50,168.75,181.25,181.25,155.38,148.75,130.00,163.75,131.25,105.00,105.00,130.00,130.00,125.89,130.00,177.89,180.63,138.18
....Agusan del Sur,"ONION WHITE (YELLOW GRANEX), 1 KG",71.50,71.50,71.50,92.88,92.88,92.88,92.88,92.88,92.88,92.88,92.88,71.50,85.75,71.50,71.50,71.50,71.50,71.50,71.50,71.52,71.53,71.53,71.53,71.53,71.53,71.51,71.53,71.53,71.53,71.53,71.53,71.53,71.53,71.53,71.53,71.53,71.53,71.53,71.53,71.53,71.53,71.53,71.53,71.53,71.53,71.53,71.53,71.53,71.53,71.53,71.53,71.53,71.53,71.53,71.53,71.53,71.53,71.53,71.53,71.53,71.53,71.53,71.53,71.53,71.53,71.53,71.53,71.53,71.53,71.53,71.53,71.53,71.53,71.53,71.53,71.53,71.53,71.53,71.53,71.53,71.53,71.53,71.53,71.53,71.53,71.53,71.53,71.53,71.53,71.53,71.53,71.53,71.53,71.53,71.53,71.53,71.53,71.53,71.53,71.53,71.53,101.87,100.44,76.47,101.87,105.26,93.59,102.31,97.58,99.01,103.29,101.87,100.44,108.00,106.00,104.00,101.94,104.00,90.00,100.00,86.00,90.00,86.00,84.00,92.00,86.00,85.00,90.00,98.00,90.92
....Agusan del Sur,"GINGER, 1 KG",51.04,51.04,44.67,46.26,45.01,45.01,50.64,50.64,49.39,48.76,48.76,48.76,48.33,53.76,51.26,51.26,51.89,58.14,66.89,76.27,76.27,76.27,76.27,76.27,73.77,65.69,67.52,83.77,97.52,127.52,145.02,183.40,182.52,150.64,132.51,115.01,120.01,117.51,126.91,115.01,114.38,112.50,142.50,183.75,222.50,196.25,178.75,170.00,141.63,110.63,100.00,148.99,96.25,96.25,96.25,97.50,91.25,95.00,92.50,92.50,90.00,80.00,81.88,73.75,90.26,75.00,70.00,72.50,71.25,68.75,67.50,67.50,65.00,68.75,73.75,65.00,70.00,69.58,62.50,64.38,67.50,58.13,55.00,62.50,63.75,66.25,80.00,80.00,76.25,76.25,67.71,76.25,80.00,85.00,112.50,130.00,147.50,136.25,138.75,137.50,118.75,115.00,116.25,116.15,107.50,121.25,125.00,176.67,191.25,182.50,155.00,147.50,111.25,101.25,105.00,108.75,136.08,118.75,108.75,102.50,100.00,103.75,107.50,106.25,106.25,92.97,92.97,92.97,88.14,101.73
....Agusan del Sur,"GARLIC, IMPORTED, 1 KG",..,..,..,..,..,..,..,..,..,..,..,..,..,..,..,..,..,..,..,..,..,..,..,..,..,..,..,..,..,..,..,..,..,..,..,..,..,..,..,..,..,..,..,..,..,..,..,..,..,..,..,..,..,..,..,..,..,..,..,..,..,..,..,..,..,..,..,..,..,..,..,..,..,..,..,..,..,..,..,..,..,..,..,..,..,..,..,..,..,..,..,..,..,..,..,..,..,..,..,..,..,..,..,..,..,..,..,..,..,..,..,..,..,..,..,..,..,..,..,..,..,..,..,..,..,..,..,..,..,..
....Surigao del Norte,"GARLIC, NATIVE, 1 KG",46.12,46.12,46.12,49.67,56.77,58.90,58.90,62.45,58.90,58.19,57.48,57.48,54.76,61.03,64.58,64.58,66.71,66.00,66.00,68.83,68.83,68.83,70.25,71.67,72.38,67.47,92.96,96.51,97.22,97.58,97.94,116.04,134.13,165.00,167.50,122.50,110.00,122.50,118.32,135.00,130.00,106.25,106.25,97.50,102.50,102.50,107.50,113.75,115.00,112.50,120.00,112.40,112.50,133.33,143.33,161.25,168.75,187.50,188.75,193.75,193.75,193.75,193.75,187.50,171.49,190.00,192.50,192.50,192.50,195.00,195.00,195.00,207.50,211.25,203.13,175.00,173.75,193.59,180.00,177.50,162.50,131.25,122.50,126.25,121.25,116.25,110.00,104.50,110.00,97.50,129.96,102.50,107.50,115.50,122.50,126.25,133.75,151.25,156.25,138.75,151.25,148.75,155.00,134.10,145.00,171.25,191.25,196.67,193.33,185.00,146.25,133.75,145.00,155.00,148.75,146.25,163.13,124.38,126.25,125.71,114.29,117.50,105.00,127.50,130.00,130.00,127.50,133.75,138.75,125.05
....Surigao del Norte,"ONION RED CREOLE (BERMUDA RED), 1 KG",96.58,93.13,93.13,97.45,94.52,93.14,93.14,92.28,93.14,89.69,94.87,94.87,93.83,93.42,92.00,92.00,84.79,81.93,81.93,81.93,81.93,81.93,81.93,86.25,86.25,85.52,92.01,92.01,92.01,92.01,92.01,89.83,54.61,86.25,82.75,76.25,73.75,73.13,83.05,78.13,112.86,68.75,71.25,73.75,73.75,78.75,85.00,75.63,84.29,98.33,111.25,84.31,122.50,108.75,102.50,102.50,100.63,110.00,126.25,128.75,132.50,131.25,131.25,120.00,118.07,121.25,121.25,118.75,116.25,103.75,103.75,103.75,106.25,105.00,105.25,107.50,125.00,111.48,135.00,136.25,111.25,106.25,102.50,107.50,115.00,117.50,120.00,115.63,112.50,107.50,115.57,110.00,115.00,107.50,98.75,95.00,100.00,88.75,92.50,92.50,90.00,98.75,143.75,102.71,188.75,175.00,165.00,136.67,130.00,127.50,115.00,115.00,130.00,145.00,188.75,178.75,149.62,148.75,140.00,158.75,125.00,115.00,110.00,130.00,132.50,142.50,143.75,166.25,200.00,142.71
....Surigao del Norte,"ONION WHITE (YELLOW GRANEX), 1 KG",..,..,..,..,..,..,..,..,..,..,..,..,..,..,..,..,..,..,..,..,..,..,..,..,..,..,..,..,..,..,..,..,..,..,..,..,..,..,..,..,..,..,..,..,..,..,..,..,..,..,..,..,..,..,..,..,..,..,..,..,..,..,..,..,..,..,..,..,..,..,..,..,..,..,..,..,..,..,..,..,..,..,..,..,..,..,..,..,..,..,..,..,..,..,..,..,..,..,..,..,..,..,..,..,..,..,..,..,..,..,..,..,..,..,..,..,..,..,..,..,..,..,..,..,..,..,..,..,..,..
....Surigao del Norte,"GINGER, 1 KG",61.86,61.86,61.04,59.38,58.13,58.13,58.13,58.13,56.88,56.88,56.88,57.50,58.73,59.38,61.88,61.88,60.63,59.38,65.63,71.88,74.38,74.38,74.38,74.38,74.38,67.71,75.63,76.88,76.88,75.63,76.88,86.88,146.26,124.38,139.38,108.75,108.75,118.75,101.25,118.75,118.75,116.25,140.00,152.50,212.50,212.50,212.50,212.50,155.00,127.50,110.00,157.40,106.25,101.25,91.25,97.00,107.50,128.75,107.50,102.50,103.75,103.75,103.75,101.25,104.54,101.25,95.00,93.75,85.00,81.25,83.75,85.00,87.50,87.50,87.13,86.25,82.50,87.99,87.50,81.25,75.00,78.75,77.50,77.50,82.50,81.88,103.13,100.65,95.65,94.30,86.30,87.50,93.75,100.00,127.13,158.75,167.50,137.50,151.25,146.25,147.50,147.50,136.25,133.41,136.25,137.50,152.50,228.33,206.67,197.50,165.00,171.25,155.00,145.00,146.25,122.50,163.65,135.00,121.25,118.75,108.75,107.50,115.00,132.50,131.23,126.13,129.95,129.95,128.68,123.72
....Surigao del Norte,"GARLIC, IMPORTED, 1 KG",..,..,..,..,..,..,..,..,..,..,..,..,..,..,..,..,..,..,..,..,..,..,..,..,..,..,..,..,..,..,..,..,..,..,..,..,..,..,..,..,..,..,..,..,..,..,..,..,..,..,..,..,..,..,..,..,..,..,..,..,..,..,..,..,..,..,..,..,..,..,..,..,..,..,..,..,..,..,..,..,..,..,..,..,..,..,..,..,..,..,..,..,..,..,..,..,..,..,..,..,..,..,..,..,..,..,..,..,..,..,..,..,..,..,..,..,..,..,..,..,..,..,..,..,..,..,..,..,..,..
....Surigao del Sur,"GARLIC, NATIVE, 1 KG",173.62,173.62,173.62,151.90,151.90,149.58,151.90,151.90,144.66,144.66,144.66,139.75,154.31,144.66,135.11,135.11,135.11,125.27,127.87,130.19,130.19,135.10,137.41,139.71,139.71,134.62,142.31,159.08,146.94,151.85,178.45,318.13,371.07,310.91,301.85,279.21,279.21,268.65,242.31,230.92,227.90,211.30,206.77,175.08,169.04,147.90,152.64,152.64,157.38,157.38,159.59,179.05,159.59,166.70,167.50,170.00,175.00,177.50,177.50,180.00,176.25,171.25,176.25,176.25,172.82,183.75,190.00,195.00,195.00,195.00,192.50,192.50,160.00,173.75,155.00,155.00,155.00,178.54,152.50,129.63,151.25,141.25,140.00,140.00,135.00,131.25,135.00,135.00,133.75,132.50,138.09,137.50,145.00,137.50,145.00,143.75,151.25,145.00,150.00,150.00,137.50,131.25,131.25,142.08,131.25,198.75,193.75,181.67,186.25,163.75,147.50,137.50,145.00,148.75,122.50,128.75,157.12,131.25,138.75,131.25,123.75,125.63,116.25,118.75,121.25,125.00,127.50,126.25,131.25,126.41
....Surigao del Sur,"ONION RED CREOLE (BERMUDA RED), 1 KG",91.43,86.49,88.14,88.13,89.38,92.51,86.88,86.25,90.00,91.88,90.63,87.50,89.10,93.75,91.25,87.50,82.50,77.50,85.00,80.00,81.25,85.63,86.25,86.25,115.00,87.66,115.00,127.50,113.75,93.75,91.25,87.50,88.75,86.25,85.00,88.75,87.50,88.75,96.15,95.00,91.25,85.00,87.50,80.00,83.75,90.00,90.00,87.88,95.00,98.75,107.50,90.97,118.75,117.50,108.75,92.50,96.25,105.88,107.00,136.25,128.13,128.75,123.75,116.25,114.98,106.25,106.25,112.50,100.00,93.75,88.75,89.38,93.75,92.50,100.00,101.25,108.75,99.43,138.75,122.50,110.00,106.25,109.38,110.00,112.50,115.00,121.88,118.75,105.00,117.50,115.63,118.75,115.00,100.00,93.75,82.50,85.00,86.25,88.75,85.00,84.38,117.50,185.00,103.49,222.50,183.75,130.00,143.33,143.75,141.25,137.50,133.75,157.50,168.75,181.25,166.25,159.13,153.75,131.25,163.75,131.25,123.13,117.50,136.25,131.25,138.75,135.00,170.00,186.25,143.18
....Surigao del Sur,"ONION WHITE (YELLOW GRANEX), 1 KG",..,..,..,..,..,..,..,..,..,..,..,..,..,..,..,..,..,..,..,..,..,..,..,..,..,..,..,..,..,..,..,..,..,..,..,..,..,..,..,..,..,..,..,..,..,..,..,..,..,..,..,..,..,..,..,..,..,..,..,..,..,..,..,..,..,..,..,..,..,..,..,..,..,..,..,..,..,..,..,..,..,..,..,..,..,..,..,..,..,..,..,..,..,..,..,..,..,..,..,..,..,..,..,..,..,..,..,..,..,..,..,..,..,..,..,..,..,..,..,..,..,..,..,..,..,..,..,..,..,..
....Surigao del Sur,"GINGER, 1 KG",..,..,..,..,..,..,..,..,..,..,..,..,..,..,..,..,..,..,..,..,..,..,..,..,..,..,..,..,..,..,..,..,..,..,..,..,..,..,..,..,..,..,..,..,..,..,..,..,..,..,..,..,..,..,..,..,..,..,..,..,..,..,..,..,..,..,..,..,..,..,..,..,..,..,..,..,..,..,..,..,..,..,..,..,..,..,..,..,..,..,..,..,..,..,..,..,..,..,..,..,..,..,..,..,..,..,..,..,..,..,..,..,..,..,..,..,..,..,..,..,..,..,..,..,..,..,..,..,..,..
....Surigao del Sur,"GARLIC, IMPORTED, 1 KG",..,..,..,..,..,..,..,..,..,..,..,..,..,..,..,..,..,..,..,..,..,..,..,..,..,..,..,..,..,..,..,..,..,..,..,..,..,..,..,..,..,..,..,..,..,..,..,..,..,..,..,..,..,..,..,..,..,..,..,..,..,..,..,..,..,..,..,..,..,..,..,..,..,..,..,..,..,..,..,..,..,..,..,..,..,..,..,..,..,..,..,..,..,..,..,..,..,..,..,..,..,..,..,..,..,..,..,..,..,..,..,..,..,..,..,..,..,..,..,..,..,..,..,..,..,..,..,..,..,..
....Dinagat Island,"GARLIC, NATIVE, 1 KG",..,..,..,..,..,..,..,..,..,..,..,..,..,..,..,..,..,..,..,..,..,..,..,..,..,..,..,..,..,..,..,..,..,..,..,..,..,..,..,..,..,..,..,..,..,..,..,..,..,..,..,..,..,..,..,..,..,..,..,..,..,..,..,..,..,..,..,..,..,..,..,..,..,..,..,..,..,..,..,..,..,..,..,..,..,..,..,..,..,..,..,..,..,..,..,..,..,..,..,..,..,..,..,..,..,..,..,..,..,..,..,..,..,..,..,..,..,..,..,..,..,..,..,..,..,..,..,..,..,..
....Dinagat Island,"ONION RED CREOLE (BERMUDA RED), 1 KG",..,..,..,..,..,..,..,..,..,..,..,..,..,..,..,..,..,..,..,..,..,..,..,..,..,..,..,..,..,..,..,..,..,..,..,..,..,..,..,..,..,..,..,..,..,..,..,..,..,..,..,..,..,..,..,..,..,..,..,..,..,..,..,..,..,..,..,..,..,..,..,..,..,..,..,..,..,..,..,..,..,..,..,..,..,..,..,..,..,..,..,..,..,..,..,..,..,..,..,..,..,..,..,..,..,..,..,..,..,..,..,..,..,..,..,..,..,..,..,..,..,..,..,..,..,..,..,..,..,..
....Dinagat Island,"ONION WHITE (YELLOW GRANEX), 1 KG",..,..,..,..,..,..,..,..,..,..,..,..,..,..,..,..,..,..,..,..,..,..,..,..,..,..,..,..,..,..,..,..,..,..,..,..,..,..,..,..,..,..,..,..,..,..,..,..,..,..,..,..,..,..,..,..,..,..,..,..,..,..,..,..,..,..,..,..,..,..,..,..,..,..,..,..,..,..,..,..,..,..,..,..,..,..,..,..,..,..,..,..,..,..,..,..,..,..,..,..,..,..,..,..,..,..,..,..,..,..,..,..,..,..,..,..,..,..,..,..,..,..,..,..,..,..,..,..,..,..
....Dinagat Island,"GINGER, 1 KG",96.56,96.56,96.56,96.56,96.56,92.16,86.66,82.83,79.44,79.01,79.01,79.01,88.41,79.01,79.01,76.35,75.03,78.55,78.55,78.12,77.47,78.12,78.12,77.91,77.80,77.84,78.12,78.45,78.38,78.38,78.38,78.80,79.67,79.23,79.23,80.12,80.12,80.31,79.10,80.31,80.31,81.88,81.88,83.14,84.41,84.41,84.41,84.41,75.38,77.03,77.90,81.29,86.65,87.76,87.89,88.04,89.23,89.52,89.55,89.56,89.57,89.57,89.57,88.71,88.80,88.56,88.45,87.37,86.27,82.46,85.00,86.25,84.38,85.63,88.75,88.75,85.00,86.41,85.00,81.25,83.75,81.25,86.25,91.25,88.75,82.50,94.38,95.00,91.25,103.75,88.70,115.00,102.50,97.50,128.75,178.75,163.75,161.25,157.50,148.13,142.50,133.75,137.50,138.91,138.75,137.50,146.25,203.33,166.25,167.50,166.25,181.88,156.25,168.75,155.00,146.25,161.16,140.00,127.50,131.25,125.00,122.50,121.25,127.50,130.95,139.56,129.22,151.62,112.85,129.93
....Dinagat Island,"GARLIC, IMPORTED, 1 KG",104.79,104.79,104.79,101.84,101.84,111.31,111.31,111.31,111.31,120.78,120.78,123.14,110.67,127.88,134.99,139.73,142.09,137.36,132.62,130.25,123.14,123.14,123.14,125.51,125.51,130.45,132.62,132.62,130.25,127.88,126.68,126.68,134.98,166.05,168.57,123.28,110.70,123.28,133.63,135.86,130.83,106.93,106.93,98.12,103.15,103.15,108.18,114.47,115.73,113.21,120.76,113.11,113.21,134.18,144.24,162.27,169.82,188.69,189.95,194.98,194.98,194.98,194.98,188.69,172.58,191.21,193.73,193.73,193.73,196.25,196.25,197.50,176.25,157.50,142.50,142.50,148.75,177.49,148.75,156.25,141.25,136.25,118.13,125.63,125.63,105.63,118.13,136.88,128.13,120.63,130.11,120.63,112.50,107.50,117.50,121.25,142.50,153.75,148.75,158.75,160.00,147.50,150.00,136.72,156.25,190.00,188.75,196.67,181.25,182.50,161.25,150.00,153.75,157.50,146.25,148.75,167.74,155.00,133.75,141.25,136.25,137.50,132.50,132.50,135.89,132.50,135.89,151.18,139.30,138.63
..AUTONOMOUS REGION IN MUSLIM MINDANAO (ARMM),"GARLIC, NATIVE, 1 KG",127.46,119.62,125.72,119.28,107.20,113.90,117.66,131.63,120.89,123.57,124.93,116.87,120.73,114.18,119.56,122.24,131.63,118.20,123.57,132.99,132.99,134.60,138.36,142.38,149.64,130.03,184.57,198.00,187.25,169.78,140.23,132.17,134.86,124.93,153.13,147.75,145.07,138.36,154.68,137.01,131.63,119.56,127.61,131.63,126.26,141.05,137.01,120.89,119.56,119.56,137.01,129.07,150.44,158.50,173.54,188.05,181.88,188.86,199.07,177.30,167.09,179.09,184.67,177.04,177.13,188.86,187.79,171.13,152.87,132.17,133.78,134.86,137.54,171.67,191.27,162.26,153.13,159.78,130.63,130.63,115.63,130.63,130.63,130.63,129.38,129.38,133.13,101.88,99.38,99.38,121.78,99.38,96.25,96.25,95.00,93.75,93.75,93.75,93.75,93.75,93.75,99.38,101.88,95.89,103.13,104.38,102.00,108.13,118.75,118.75,115.00,117.50,117.50,115.00,117.50,121.25,113.24,120.63,120.00,120.00,120.00,120.00,120.00,116.88,117.76,116.88,116.88,116.88,116.88,118.57
..AUTONOMOUS REGION IN MUSLIM MINDANAO (ARMM),"ONION RED CREOLE (BERMUDA RED), 1 KG",113.92,116.30,116.05,115.74,107.25,105.60,104.48,101.99,106.94,107.61,103.39,104.64,108.66,104.82,105.35,105.65,103.17,103.83,103.97,102.25,101.80,101.37,101.70,101.27,99.95,102.93,104.53,103.81,104.06,103.08,101.93,96.70,99.36,98.36,101.82,100.82,100.29,102.83,101.47,101.15,98.81,95.44,95.59,98.29,109.48,106.34,104.24,112.72,107.06,106.30,104.62,103.34,108.81,108.42,108.28,110.57,118.96,121.61,120.94,124.28,123.29,114.22,108.80,103.62,114.32,101.59,103.16,102.61,102.21,99.19,96.31,98.07,96.96,98.03,96.72,95.74,98.25,99.07,117.70,126.87,118.05,108.93,108.96,111.44,125.28,115.40,118.43,111.53,113.31,113.31,115.77,104.53,103.13,102.50,101.97,98.10,99.69,94.16,93.22,92.03,93.22,94.10,99.81,98.04,136.13,120.82,125.32,120.89,118.75,122.88,127.66,130.32,131.58,139.75,144.35,155.94,131.20,149.10,145.16,143.13,145.38,143.07,142.80,139.44,140.24,140.24,139.74,141.04,142.46,142.65
..AUTONOMOUS REGION IN MUSLIM MINDANAO (ARMM),"ONION WHITE (YELLOW GRANEX), 1 KG",..,..,..,..,..,..,..,..,..,..,..,..,..,..,..,..,..,..,..,..,..,..,..,..,..,..,..,..,..,..,..,..,..,..,..,..,..,..,..,..,..,..,..,..,..,..,..,..,..,..,..,..,..,..,..,..,..,..,..,..,..,..,..,..,..,..,..,..,..,..,..,..,..,..,..,..,..,..,..,..,..,..,..,..,..,..,..,..,..,..,..,..,..,..,..,..,..,..,..,..,..,..,..,..,..,..,..,..,..,..,..,..,..,..,..,..,..,..,..,..,..,..,..,..,..,..,..,..,..,..
..AUTONOMOUS REGION IN MUSLIM MINDANAO (ARMM),"GINGER, 1 KG",..,..,..,..,..,..,..,..,..,..,..,..,..,..,..,..,..,..,..,..,..,..,..,..,..,..,..,..,..,..,..,..,..,..,..,..,..,..,..,..,..,..,..,..,..,..,..,..,..,..,..,..,..,..,..,..,..,..,..,..,..,..,..,..,..,..,..,..,..,..,..,..,..,..,..,..,..,..,..,..,..,..,..,..,..,..,..,..,..,..,..,..,..,..,..,..,..,..,..,..,..,..,..,..,..,..,..,..,..,..,..,..,..,..,..,..,..,..,..,..,..,..,..,..,..,..,..,..,..,..
..AUTONOMOUS REGION IN MUSLIM MINDANAO (ARMM),"GARLIC, IMPORTED, 1 KG",91.16,91.12,90.78,90.73,77.84,77.82,80.10,78.10,83.82,78.52,77.23,75.05,82.69,75.21,75.84,76.12,74.19,74.36,74.64,74.74,75.02,75.31,75.41,75.70,75.95,75.21,76.06,78.55,78.81,79.28,80.60,87.27,90.41,89.99,85.13,84.63,85.01,84.62,83.36,84.25,85.11,84.82,84.83,84.74,78.94,78.16,78.11,82.63,88.49,86.39,87.41,83.66,88.08,86.76,87.17,87.19,87.10,88.48,90.31,91.14,91.13,91.04,91.05,91.12,89.21,92.75,93.54,95.58,96.59,97.75,98.85,95.39,95.66,96.73,98.12,116.07,117.16,99.52,124.16,124.90,151.79,119.82,123.83,124.38,138.22,127.62,147.83,137.18,134.75,135.75,132.52,129.64,128.15,129.58,132.58,135.84,137.78,137.49,135.40,138.40,138.40,138.40,152.24,136.16,144.74,144.59,139.63,145.61,148.64,151.93,150.57,157.96,162.75,163.24,163.53,161.85,152.92,159.57,154.58,153.57,151.42,152.38,151.63,150.92,152.57,146.61,146.39,145.61,145.61,150.91
....Basilan,"GARLIC, NATIVE, 1 KG",..,..,..,..,..,..,..,..,..,..,..,..,..,..,..,..,..,..,..,..,..,..,..,..,..,..,..,..,..,..,..,..,..,..,..,..,..,..,..,..,..,..,..,..,..,..,..,..,..,..,..,..,..,..,..,..,..,..,..,..,..,..,..,..,..,..,..,..,..,..,..,..,..,..,..,..,..,..,..,..,..,..,..,..,..,..,..,..,..,..,..,..,..,..,..,..,..,..,..,..,..,..,..,..,..,..,..,..,..,..,..,..,..,..,..,..,..,..,..,..,..,..,..,..,..,..,..,..,..,..
....Basilan,"ONION RED CREOLE (BERMUDA RED), 1 KG",..,..,..,..,..,..,..,..,..,..,..,..,..,..,..,..,..,..,..,..,..,..,..,..,..,..,..,..,..,..,..,..,..,..,..,..,..,..,..,..,..,..,..,..,..,..,..,..,..,..,..,..,..,..,..,..,..,..,..,..,..,..,..,..,..,..,..,..,..,..,..,..,..,..,..,..,..,..,..,..,..,..,..,..,..,..,..,..,..,..,..,..,..,..,..,..,..,..,..,..,..,..,..,..,..,..,..,..,..,..,..,..,..,..,..,..,..,..,..,..,..,..,..,..,..,..,..,..,..,..
....Basilan,"ONION WHITE (YELLOW GRANEX), 1 KG",..,..,..,..,..,..,..,..,..,..,..,..,..,..,..,..,..,..,..,..,..,..,..,..,..,..,..,..,..,..,..,..,..,..,..,..,..,..,..,..,..,..,..,..,..,..,..,..,..,..,..,..,..,..,..,..,..,..,..,..,..,..,..,..,..,..,..,..,..,..,..,..,..,..,..,..,..,..,..,..,..,..,..,..,..,..,..,..,..,..,..,..,..,..,..,..,..,..,..,..,..,..,..,..,..,..,..,..,..,..,..,..,..,..,..,..,..,..,..,..,..,..,..,..,..,..,..,..,..,..
....Basilan,"GINGER, 1 KG",..,..,..,..,..,..,..,..,..,..,..,..,..,..,..,..,..,..,..,..,..,..,..,..,..,..,..,..,..,..,..,..,..,..,..,..,..,..,..,..,..,..,..,..,..,..,..,..,..,..,..,..,..,..,..,..,..,..,..,..,..,..,..,..,..,..,..,..,..,..,..,..,..,..,..,..,..,..,..,..,..,..,..,..,..,..,..,..,..,..,..,..,..,..,..,..,..,..,..,..,..,..,..,..,..,..,..,..,..,..,..,..,..,..,..,..,..,..,..,..,..,..,..,..,..,..,..,..,..,..
....Basilan,"GARLIC, IMPORTED, 1 KG",138.35,138.35,138.35,138.35,82.26,82.26,90.99,89.74,112.17,90.98,90.98,82.26,106.25,82.26,82.26,82.26,82.26,82.26,82.26,82.26,82.26,82.26,82.26,82.26,82.26,82.26,82.26,82.26,82.26,82.26,82.26,82.26,82.26,82.26,82.26,82.26,82.26,82.26,82.26,82.26,87.00,92.24,92.24,92.24,92.24,92.24,92.24,104.71,104.71,107.70,112.19,96.00,114.68,109.20,111.69,111.69,111.69,111.69,114.24,117.50,117.67,112.05,112.05,112.05,113.02,118.50,121.88,128.90,132.90,136.70,140.60,140.60,140.60,140.85,144.87,149.01,153.26,137.39,149.52,149.52,149.52,149.52,149.52,151.73,151.73,126.32,163.30,163.30,169.97,169.97,153.66,169.53,168.91,169.53,169.53,169.53,169.53,166.62,151.25,151.25,151.25,151.25,205.00,166.10,178.13,178.13,171.25,181.25,181.25,181.25,167.50,167.50,172.50,174.38,173.13,165.00,174.27,165.00,146.25,146.25,146.25,148.75,148.75,148.75,148.75,148.75,148.75,148.75,148.75,149.48
....Lanao del Sur,"GARLIC, NATIVE, 1 KG",..,..,..,..,..,..,..,..,..,..,..,..,..,..,..,..,..,..,..,..,..,..,..,..,..,..,..,..,..,..,..,..,..,..,..,..,..,..,..,..,..,..,..,..,..,..,..,..,..,..,..,..,..,..,..,..,..,..,..,..,..,..,..,..,..,..,..,..,..,..,..,..,..,..,..,..,..,..,..,..,..,..,..,..,..,..,..,..,..,..,..,..,..,..,..,..,..,..,..,..,..,..,..,..,..,..,..,..,..,..,..,..,..,..,..,..,..,..,..,..,..,..,..,..,..,..,..,..,..,..
....Lanao del Sur,"ONION RED CREOLE (BERMUDA RED), 1 KG",147.14,147.14,147.14,149.81,149.81,150.11,150.11,147.12,147.42,150.09,147.61,147.61,148.43,148.06,150.70,151.45,149.20,146.99,144.81,144.81,142.67,140.57,140.57,138.49,136.44,144.56,136.70,142.85,142.17,142.99,142.99,142.99,146.12,146.12,145.76,145.76,146.93,147.96,144.11,148.99,147.50,136.03,136.03,127.83,136.03,146.14,146.14,150.78,148.32,148.32,148.32,143.37,153.02,153.02,153.02,153.24,144.01,143.65,144.03,144.22,144.22,144.60,144.60,144.60,147.19,135.90,135.90,135.26,127.11,125.23,125.23,132.34,132.75,133.09,135.49,125.00,133.85,131.43,147.50,147.50,141.29,99.15,92.96,102.87,154.50,115.63,115.00,104.13,111.25,111.25,120.25,105.00,101.88,99.38,97.88,101.88,100.13,87.50,83.88,83.88,83.88,83.88,90.50,93.31,140.13,141.38,131.88,126.67,121.88,113.13,114.38,114.38,121.06,130.88,137.38,183.75,131.41,153.25,138.75,130.00,127.75,119.13,119.31,111.69,114.91,114.91,114.91,118.12,122.94,123.81
....Lanao del Sur,"ONION WHITE (YELLOW GRANEX), 1 KG",..,..,..,..,..,..,..,..,..,..,..,..,..,..,..,..,..,..,..,..,..,..,..,..,..,..,..,..,..,..,..,..,..,..,..,..,..,..,..,..,..,..,..,..,..,..,..,..,..,..,..,..,..,..,..,..,..,..,..,..,..,..,..,..,..,..,..,..,..,..,..,..,..,..,..,..,..,..,..,..,..,..,..,..,..,..,..,..,..,..,..,..,..,..,..,..,..,..,..,..,..,..,..,..,..,..,..,..,..,..,..,..,..,..,..,..,..,..,..,..,..,..,..,..,..,..,..,..,..,..
....Lanao del Sur,"GINGER, 1 KG",..,..,..,..,..,..,..,..,..,..,..,..,..,..,..,..,..,..,..,..,..,..,..,..,..,..,..,..,..,..,..,..,..,..,..,..,..,..,..,..,..,..,..,..,..,..,..,..,..,..,..,..,..,..,..,..,..,..,..,..,..,..,..,..,..,..,..,..,..,..,..,..,..,..,..,..,..,..,..,..,..,..,..,..,..,..,..,..,..,..,..,..,..,..,..,..,..,..,..,..,..,..,..,..,..,..,..,..,..,..,..,..,..,..,..,..,..,..,..,..,..,..,..,..,..,..,..,..,..,..
....Lanao del Sur,"GARLIC, IMPORTED, 1 KG",98.84,98.84,98.84,98.84,103.78,103.78,103.78,103.78,103.99,103.99,102.07,102.07,101.88,102.37,104.20,104.72,105.26,105.80,106.35,106.35,106.90,107.46,107.46,108.02,108.58,106.12,108.80,113.69,114.27,114.93,120.68,126.43,132.75,131.09,124.54,122.67,122.67,121.94,121.21,121.21,120.00,120.00,120.00,120.00,120.00,120.00,120.00,120.00,120.00,120.00,120.00,120.10,120.00,120.00,120.00,120.00,120.00,125.00,130.00,130.00,130.00,135.20,135.20,135.20,126.72,135.20,135.20,135.89,135.89,136.59,136.59,106.00,106.00,110.24,111.00,112.00,112.00,122.72,144.64,144.64,272.50,144.64,144.64,144.64,200.00,182.00,222.86,178.25,158.88,158.88,174.71,138.75,129.38,128.50,128.50,137.50,141.25,139.00,139.00,139.00,139.00,139.00,140.63,136.63,137.50,136.88,138.75,149.17,145.63,148.13,140.00,141.25,140.38,140.13,140.75,142.50,141.76,136.25,136.88,132.50,123.88,125.25,125.56,122.75,126.05,122.09,123.54,124.07,124.07,126.91
....Maguindanao,"GARLIC, NATIVE, 1 KG",127.46,119.62,125.72,119.28,107.20,113.90,117.66,131.63,120.89,123.57,124.93,116.87,120.73,114.18,119.56,122.24,131.63,118.20,123.57,132.99,132.99,134.60,138.36,142.38,149.64,130.03,184.57,198.00,187.25,169.78,140.23,132.17,134.86,124.93,153.13,147.75,145.07,138.36,154.68,137.01,131.63,119.56,127.61,131.63,126.26,141.05,137.01,120.89,119.56,119.56,137.01,129.07,150.44,158.50,173.54,188.05,181.88,188.86,199.07,177.30,167.09,179.09,184.67,177.04,177.13,188.86,187.79,171.13,152.87,132.17,133.78,134.86,137.54,171.67,191.27,162.26,153.13,159.78,130.63,130.63,115.63,130.63,130.63,130.63,129.38,129.38,133.13,101.88,99.38,99.38,121.78,99.38,96.25,96.25,95.00,93.75,93.75,93.75,93.75,93.75,93.75,99.38,101.88,95.89,103.13,104.38,102.00,108.13,118.75,118.75,115.00,117.50,117.50,115.00,117.50,121.25,113.24,120.63,120.00,120.00,120.00,120.00,120.00,116.88,117.76,116.88,116.88,116.88,116.88,118.57
....Maguindanao,"ONION RED CREOLE (BERMUDA RED), 1 KG",84.43,84.43,84.43,81.14,70.52,71.48,72.45,72.45,77.28,77.28,77.28,77.28,77.54,77.28,76.31,76.31,73.92,78.75,81.14,73.92,73.92,73.92,74.88,74.88,71.48,75.56,89.37,76.31,67.62,63.76,65.22,67.62,77.28,78.75,94.20,89.37,84.54,94.20,79.02,86.94,84.54,82.11,82.11,99.03,130.41,120.75,111.09,139.10,118.35,106.26,99.03,104.98,111.09,108.19,106.26,114.61,156.99,180.64,177.28,191.77,186.44,148.30,126.08,116.89,143.71,116.42,122.22,120.29,126.55,117.39,105.80,102.40,97.57,102.40,96.60,102.90,100.00,109.21,108.13,108.13,102.50,108.13,108.13,108.13,111.88,114.38,113.75,96.25,96.25,96.25,105.99,98.75,96.25,96.25,97.50,98.00,98.00,98.00,98.00,98.00,98.00,101.25,102.50,98.38,108.75,108.75,107.50,113.75,121.88,122.13,116.88,120.63,118.75,121.25,124.38,125.63,117.52,125.63,125.00,125.00,125.63,125.00,125.00,119.17,119.17,119.17,119.17,119.17,119.17,122.19
....Maguindanao,"ONION WHITE (YELLOW GRANEX), 1 KG",..,..,..,..,..,..,..,..,..,..,..,..,..,..,..,..,..,..,..,..,..,..,..,..,..,..,..,..,..,..,..,..,..,..,..,..,..,..,..,..,..,..,..,..,..,..,..,..,..,..,..,..,..,..,..,..,..,..,..,..,..,..,..,..,..,..,..,..,..,..,..,..,..,..,..,..,..,..,..,..,..,..,..,..,..,..,..,..,..,..,..,..,..,..,..,..,..,..,..,..,..,..,..,..,..,..,..,..,..,..,..,..,..,..,..,..,..,..,..,..,..,..,..,..,..,..,..,..,..,..
....Maguindanao,"GINGER, 1 KG",..,..,..,..,..,..,..,..,..,..,..,..,..,..,..,..,..,..,..,..,..,..,..,..,..,..,..,..,..,..,..,..,..,..,..,..,..,..,..,..,..,..,..,..,..,..,..,..,..,..,..,..,..,..,..,..,..,..,..,..,..,..,..,..,..,..,..,..,..,..,..,..,..,..,..,..,..,..,..,..,..,..,..,..,..,..,..,..,..,..,..,..,..,..,..,..,..,..,..,..,..,..,..,..,..,..,..,..,..,..,..,..,..,..,..,..,..,..,..,..,..,..,..,..,..,..,..,..,..,..
....Maguindanao,"GARLIC, IMPORTED, 1 KG",..,..,..,..,..,..,..,..,..,..,..,..,..,..,..,..,..,..,..,..,..,..,..,..,..,..,..,..,..,..,..,..,..,..,..,..,..,..,..,..,..,..,..,..,..,..,..,..,..,..,..,..,..,..,..,..,..,..,..,..,..,..,..,..,..,..,..,..,..,..,..,..,..,..,..,..,..,..,..,..,..,..,..,..,..,..,..,..,..,..,..,..,..,..,..,..,..,..,..,..,..,..,..,..,..,..,..,..,..,..,..,..,..,..,..,..,..,..,..,..,..,..,..,..,..,..,..,..,..,..
....Sulu,"GARLIC, NATIVE, 1 KG",..,..,..,..,..,..,..,..,..,..,..,..,..,..,..,..,..,..,..,..,..,..,..,..,..,..,..,..,..,..,..,..,..,..,..,..,..,..,..,..,..,..,..,..,..,..,..,..,..,..,..,..,..,..,..,..,..,..,..,..,..,..,..,..,..,..,..,..,..,..,..,..,..,..,..,..,..,..,..,..,..,..,..,..,..,..,..,..,..,..,..,..,..,..,..,..,..,..,..,..,..,..,..,..,..,..,..,..,..,..,..,..,..,..,..,..,..,..,..,..,..,..,..,..,..,..,..,..,..,..
....Sulu,"ONION RED CREOLE (BERMUDA RED), 1 KG",127.11,127.11,127.11,126.52,105.67,100.30,95.34,88.38,88.57,88.57,90.66,90.66,104.67,90.93,91.38,91.83,86.56,86.56,86.92,87.27,87.62,87.97,88.33,88.70,88.88,88.58,89.06,93.06,93.43,93.98,87.89,82.20,84.45,78.98,82.93,83.76,85.28,84.76,86.65,84.26,78.80,78.80,78.80,80.48,80.48,74.19,75.45,75.78,75.78,86.34,86.34,79.63,86.34,88.18,88.02,88.02,88.02,89.03,88.02,88.02,89.51,91.42,91.42,91.42,88.95,92.47,94.04,94.41,95.49,95.49,96.57,102.61,102.61,101.45,100.60,101.80,106.83,98.70,117.67,124.33,107.17,107.17,113.50,113.50,113.50,113.50,126.88,127.63,127.63,127.63,118.34,119.38,119.38,119.38,117.50,97.50,105.63,96.13,96.00,91.25,96.00,91.25,106.25,104.64,195.63,133.13,161.88,143.13,131.25,131.25,129.38,136.25,136.50,136.88,140.63,144.38,143.36,147.50,146.88,147.50,148.13,148.13,146.88,146.88,146.88,146.88,144.87,146.88,147.73,147.10
....Sulu,"ONION WHITE (YELLOW GRANEX), 1 KG",..,..,..,..,..,..,..,..,..,..,..,..,..,..,..,..,..,..,..,..,..,..,..,..,..,..,..,..,..,..,..,..,..,..,..,..,..,..,..,..,..,..,..,..,..,..,..,..,..,..,..,..,..,..,..,..,..,..,..,..,..,..,..,..,..,..,..,..,..,..,..,..,..,..,..,..,..,..,..,..,..,..,..,..,..,..,..,..,..,..,..,..,..,..,..,..,..,..,..,..,..,..,..,..,..,..,..,..,..,..,..,..,..,..,..,..,..,..,..,..,..,..,..,..,..,..,..,..,..,..
....Sulu,"GINGER, 1 KG",..,..,..,..,..,..,..,..,..,..,..,..,..,..,..,..,..,..,..,..,..,..,..,..,..,..,..,..,..,..,..,..,..,..,..,..,..,..,..,..,..,..,..,..,..,..,..,..,..,..,..,..,..,..,..,..,..,..,..,..,..,..,..,..,..,..,..,..,..,..,..,..,..,..,..,..,..,..,..,..,..,..,..,..,..,..,..,..,..,..,..,..,..,..,..,..,..,..,..,..,..,..,..,..,..,..,..,..,..,..,..,..,..,..,..,..,..,..,..,..,..,..,..,..,..,..,..,..,..,..
....Sulu,"GARLIC, IMPORTED, 1 KG",118.92,118.76,118.76,118.76,118.76,118.76,118.76,111.63,111.86,111.86,108.74,108.74,115.36,109.07,109.62,110.17,101.76,101.76,102.17,102.58,102.99,103.41,103.83,104.25,104.67,104.69,104.88,109.60,110.04,111.25,111.25,131.78,137.79,137.79,125.32,125.32,126.86,126.09,121.50,125.33,125.33,119.52,119.52,119.52,96.28,92.95,92.95,98.77,122.00,110.38,110.38,111.08,110.38,110.38,109.55,109.55,109.55,109.80,109.55,109.55,109.55,109.55,109.55,109.55,109.71,109.80,109.80,110.24,110.49,110.49,110.74,126.65,126.98,126.69,127.48,185.25,185.25,128.32,183.26,185.45,165.13,165.13,181.16,181.16,181.16,181.16,181.16,181.16,181.16,181.16,179.02,173.29,173.29,173.29,173.29,163.33,163.33,163.33,163.33,163.33,163.33,163.33,163.33,166.65,163.33,163.33,152.50,160.00,171.67,173.33,173.33,161.67,161.67,162.00,166.67,169.17,164.89,169.17,167.33,167.67,167.67,167.67,164.33,164.33,167.63,166.38,166.38,162.75,162.75,166.17
....Tawi-Tawi,"GARLIC, NATIVE, 1 KG",..,..,..,..,..,..,..,..,..,..,..,..,..,..,..,..,..,..,..,..,..,..,..,..,..,..,..,..,..,..,..,..,..,..,..,..,..,..,..,..,..,..,..,..,..,..,..,..,..,..,..,..,..,..,..,..,..,..,..,..,..,..,..,..,..,..,..,..,..,..,..,..,..,..,..,..,..,..,..,..,..,..,..,..,..,..,..,..,..,..,..,..,..,..,..,..,..,..,..,..,..,..,..,..,..,..,..,..,..,..,..,..,..,..,..,..,..,..,..,..,..,..,..,..,..,..,..,..,..,..
....Tawi-Tawi,"ONION RED CREOLE (BERMUDA RED), 1 KG",97.00,106.50,105.50,105.50,103.00,100.50,100.00,100.00,114.50,114.50,98.00,103.00,104.00,103.00,103.00,103.00,103.00,103.00,103.00,103.00,103.00,103.00,103.00,103.00,103.00,103.00,103.00,103.00,113.00,111.60,111.60,94.00,89.60,89.60,84.40,84.40,84.40,84.40,96.08,84.40,84.40,84.80,85.40,85.80,91.00,84.29,84.29,85.20,85.80,84.29,84.80,85.37,84.80,84.29,85.80,86.41,86.81,73.12,74.43,73.12,73.00,72.56,73.08,61.56,77.42,61.56,60.48,60.48,59.70,58.65,57.62,54.92,54.92,55.17,54.20,53.25,52.31,56.94,97.50,127.50,121.25,121.25,121.25,121.25,121.25,118.10,118.10,118.10,118.10,118.10,118.48,95.00,95.00,95.00,95.00,95.00,95.00,95.00,95.00,95.00,95.00,100.00,100.00,95.83,100.00,100.00,100.00,100.00,100.00,125.00,150.00,150.00,150.00,170.00,175.00,170.00,132.50,170.00,170.00,170.00,180.00,180.00,180.00,180.00,180.00,180.00,180.00,180.00,180.00,177.50
....Tawi-Tawi,"ONION WHITE (YELLOW GRANEX), 1 KG",..,..,..,..,..,..,..,..,..,..,..,..,..,..,..,..,..,..,..,..,..,..,..,..,..,..,..,..,..,..,..,..,..,..,..,..,..,..,..,..,..,..,..,..,..,..,..,..,..,..,..,..,..,..,..,..,..,..,..,..,..,..,..,..,..,..,..,..,..,..,..,..,..,..,..,..,..,..,..,..,..,..,..,..,..,..,..,..,..,..,..,..,..,..,..,..,..,..,..,..,..,..,..,..,..,..,..,..,..,..,..,..,..,..,..,..,..,..,..,..,..,..,..,..,..,..,..,..,..,..
....Tawi-Tawi,"GINGER, 1 KG",..,..,..,..,..,..,..,..,..,..,..,..,..,..,..,..,..,..,..,..,..,..,..,..,..,..,..,..,..,..,..,..,..,..,..,..,..,..,..,..,..,..,..,..,..,..,..,..,..,..,..,..,..,..,..,..,..,..,..,..,..,..,..,..,..,..,..,..,..,..,..,..,..,..,..,..,..,..,..,..,..,..,..,..,..,..,..,..,..,..,..,..,..,..,..,..,..,..,..,..,..,..,..,..,..,..,..,..,..,..,..,..,..,..,..,..,..,..,..,..,..,..,..,..,..,..,..,..,..,..
....Tawi-Tawi,"GARLIC, IMPORTED, 1 KG",8.52,8.52,7.15,6.95,6.56,6.46,6.86,7.25,7.26,7.26,7.13,7.13,7.25,7.15,7.27,7.32,7.46,7.61,7.77,7.77,7.91,8.09,8.09,8.25,8.27,7.75,8.29,8.66,8.66,8.68,8.19,8.59,8.83,8.83,8.38,8.26,8.26,8.20,8.49,8.20,8.09,7.51,7.56,7.20,7.25,7.46,7.25,7.05,7.25,7.46,7.05,7.44,7.24,7.45,7.45,7.50,7.14,7.41,7.46,7.51,7.31,7.36,7.41,7.69,7.41,7.48,7.27,7.27,7.07,7.21,7.48,8.29,9.07,9.13,9.13,18.01,18.13,9.63,19.20,20.00,20.00,20.00,20.00,20.00,20.00,21.00,24.00,26.00,29.00,33.00,22.68,37.00,41.00,47.00,59.00,73.00,77.00,81.00,88.00,100.00,100.00,100.00,100.00,75.25,100.00,100.00,96.00,92.00,96.00,105.00,121.43,161.43,176.43,176.43,173.57,170.71,130.75,167.86,167.86,167.86,167.86,167.86,167.86,167.86,167.86,149.21,146.88,146.88,146.88,161.06
