year,direction,country,mineral_type,value_usd
2007,Exports,CHINA,Copper (74),407589632
2007,Exports,SINGAPORE,Mineral fuels (27),400995402
2007,Exports,JAPAN,Metal ores & concentrates (26),362734520
2007,Exports,CHINA,Metal ores & concentrates (26),304777384
2007,Exports,"KOREA, REP. (SOUTH)",Copper (74),298848567
2007,Exports,AUSTRALIA,Mineral fuels (27),205334407
2007,Exports,HONG KONG,Gold (7108),188108905
2007,Exports,THAILAND,Copper (74),182058254
2007,Exports,JAPAN,Copper (74),148281326
2007,Exports,CHINA,Mineral fuels (27),129650234
2007,Exports,VIETNAM,Copper (74),111384842
2007,Exports,HONG KONG,Mineral fuels (27),100626070
2007,Exports,THAILAND,Mineral fuels (27),98838620
2007,Exports,TAIWAN,Copper (74),94273770
2007,Exports,NEW ZEALAND (EXCLUDES WESTERN SAMOA),Mineral fuels (27),77942114
2007,Exports,MALAYSIA,Mineral fuels (27),59155368
2007,Exports,HONG KONG,Copper (74),55049017
2007,Exports,TAIWAN,Mineral fuels (27),49853866
2007,Exports,MALAYSIA,Copper (74),48875354
2007,Exports,SINGAPORE,Copper (74),47470010
2007,Exports,AUSTRALIA,Copper (74),40447274
2007,Exports,VIETNAM,Mineral fuels (27),22895077
2007,Exports,INDONESIA,Mineral fuels (27),20690540
2007,Exports,ITALY,Copper (74),20386290
2007,Exports,SPAIN,"Salt, stone & earths (25)",17669000
2007,Exports,MALAYSIA,"Salt, stone & earths (25)",16031510
2007,Exports,"KOREA, REP. (SOUTH)",Mineral fuels (27),15320797
2007,Exports,AUSTRALIA,Metal ores & concentrates (26),13878456
2007,Exports,JAPAN,Gold (7108),10005805
2007,Exports,INDIA,Mineral fuels (27),8087622
2007,Exports,MALAYSIA,Gold (7108),7405888
2007,Exports,"KOREA, REP. (SOUTH)",Metal ores & concentrates (26),5319241
2007,Exports,TAIWAN,"Salt, stone & earths (25)",5210007
2007,Exports,SWITZERLAND,Gold (7108),5148628
2007,Exports,JAPAN,"Salt, stone & earths (25)",5028576
2007,Exports,MALAYSIA,"Lead, zinc & tin (78-80)",4968897
2007,Exports,GUINEA,"Salt, stone & earths (25)",4923640
2007,Exports,COTE D' IVOIRE (IVORY COAST),"Salt, stone & earths (25)",4298620
2007,Exports,MACAU,Mineral fuels (27),4149370
2007,Exports,CHINA,"Salt, stone & earths (25)",3922861
2007,Exports,HONG KONG,Metal ores & concentrates (26),3916963
2007,Exports,THAILAND,Gold (7108),3911950
2007,Exports,NIGERIA,"Salt, stone & earths (25)",3754544
2007,Exports,"KOREA, REP. (SOUTH)","Lead, zinc & tin (78-80)",3374857
2007,Exports,THAILAND,"Lead, zinc & tin (78-80)",3340818
2007,Exports,INDONESIA,Gold (7108),3225279
2007,Exports,JAPAN,"Lead, zinc & tin (78-80)",3033966
2007,Exports,TAIWAN,"Lead, zinc & tin (78-80)",2881932
2007,Exports,INDIA,"Lead, zinc & tin (78-80)",2538205
2007,Exports,PERU,Metal ores & concentrates (26),2373300
2007,Exports,"KOREA, REP. (SOUTH)","Salt, stone & earths (25)",2112507
2007,Exports,INDONESIA,"Lead, zinc & tin (78-80)",2046042
2007,Exports,UNITED STATES,"Salt, stone & earths (25)",2011872
2007,Exports,HONG KONG,"Salt, stone & earths (25)",1853648
2007,Exports,BELGIUM,Metal ores & concentrates (26),1738927
2007,Exports,CHINA,"Lead, zinc & tin (78-80)",1584827
2007,Exports,VIETNAM,"Salt, stone & earths (25)",1568755
2007,Exports,VIETNAM,"Lead, zinc & tin (78-80)",1550484
2007,Exports,INDONESIA,Copper (74),1537545
2007,Exports,"GUINEA-BISSAU, REP. OF","Salt, stone & earths (25)",1258000
2007,Exports,CAMBODIA,Mineral fuels (27),1247300
2007,Exports,"PALAU, REP. OF","Salt, stone & earths (25)",1100906
2007,Exports,MACAU,Copper (74),1013012
2007,Exports,TAIWAN,Gold (7108),916478
2007,Exports,BANGLADESH,"Lead, zinc & tin (78-80)",871795
2007,Exports,"SOUTH AFRICA, REP. OF","Salt, stone & earths (25)",846207
2007,Exports,"MARSHALL ISLANDS, REP. OF","Salt, stone & earths (25)",695097
2007,Exports,SRI LANKA (CEYLON),Mineral fuels (27),559566
2007,Exports,INDIA,Metal ores & concentrates (26),463844
2007,Exports,CANADA,Metal ores & concentrates (26),444207
2007,Exports,NETHERLANDS,"Lead, zinc & tin (78-80)",435083
2007,Exports,UNITED STATES,Copper (74),414691
2007,Exports,TAIWAN,Metal ores & concentrates (26),406134
2007,Exports,SINGAPORE,"Lead, zinc & tin (78-80)",390776
2007,Exports,INDONESIA,"Salt, stone & earths (25)",379817
2007,Exports,SINGAPORE,"Salt, stone & earths (25)",350401
2007,Exports,HONG KONG,"Lead, zinc & tin (78-80)",326621
2007,Exports,"KOREA, REP. (SOUTH)",Gold (7108),321525
2007,Exports,UNITED STATES,Mineral fuels (27),317543
2007,Exports,UNITED STATES,"Lead, zinc & tin (78-80)",314833
2007,Exports,PACIFIC TRUST TERRITORY,Mineral fuels (27),285869
2007,Exports,GERMANY,Gold (7108),260597
2007,Exports,CHINA,Nickel (75),252051
2007,Exports,PACIFIC TRUST TERRITORY,"Salt, stone & earths (25)",243161
2007,Exports,MALAYSIA,Metal ores & concentrates (26),207661
2007,Exports,GERMANY,"Salt, stone & earths (25)",128012
2007,Exports,CANADA,Copper (74),116804
2007,Exports,THAILAND,"Salt, stone & earths (25)",99960
2007,Exports,AUSTRALIA,"Salt, stone & earths (25)",89659
2007,Exports,"KOREA, REP. (SOUTH)",Nickel (75),86044
2007,Exports,SINGAPORE,Metal ores & concentrates (26),81000
2007,Exports,PAPUA NEW GUINEA,"Lead, zinc & tin (78-80)",80234
2007,Exports,THAILAND,Metal ores & concentrates (26),75943
2007,Exports,"MICRONESIA, FEDERATED STATES OF","Salt, stone & earths (25)",67795
2007,Exports,GERMANY,"Lead, zinc & tin (78-80)",65630
2007,Exports,IRAN,"Lead, zinc & tin (78-80)",65048
2007,Exports,BRAZIL,Metal ores & concentrates (26),61290
2007,Exports,BELGIUM,"Salt, stone & earths (25)",57829
2007,Exports,CHINA,Gold (7108),54939
2007,Exports,CANADA,Mineral fuels (27),50222
2007,Exports,GERMANY,Mineral fuels (27),49664
2007,Exports,FRANCE,"Salt, stone & earths (25)",48140
2007,Exports,UNITED KINGDOM,"Salt, stone & earths (25)",44848
2007,Exports,TURKEY,"Salt, stone & earths (25)",44770
2007,Exports,SPAIN,"Lead, zinc & tin (78-80)",39722
2007,Exports,NETHERLANDS,Copper (74),35000
2007,Exports,UNITED ARAB EMIRATES,"Lead, zinc & tin (78-80)",32663
2007,Exports,ITALY,"Salt, stone & earths (25)",32388
2007,Exports,NETHERLANDS,"Salt, stone & earths (25)",31364
2007,Exports,UKRAINE,"Salt, stone & earths (25)",28800
2007,Exports,"MARSHALL ISLANDS, REP. OF",Mineral fuels (27),26337
2007,Exports,"PAKISTAN, ISLAMIC REP. OF",Mineral fuels (27),25527
2007,Exports,JAPAN,Nickel (75),24290
2007,Exports,NETHERLANDS,Metal ores & concentrates (26),20000
2007,Exports,SAUDI ARABIA,Copper (74),16858
2007,Exports,INDIA,Copper (74),16483
2007,Exports,ITALY,"Lead, zinc & tin (78-80)",15591
2007,Exports,GERMANY,Nickel (75),14546
2007,Exports,SAUDI ARABIA,"Salt, stone & earths (25)",13337
2007,Exports,VIETNAM,Metal ores & concentrates (26),13284
2007,Exports,CANADA,"Salt, stone & earths (25)",12463
2007,Exports,UNITED STATES,Gold (7108),12067
2007,Exports,UNITED ARAB EMIRATES,Copper (74),11128
2007,Exports,PAPUA NEW GUINEA,Mineral fuels (27),10987
2007,Exports,PACIFIC TRUST TERRITORY,"Lead, zinc & tin (78-80)",10225
2007,Exports,GREECE,"Lead, zinc & tin (78-80)",9602
2007,Exports,TAIWAN,Nickel (75),8775
2007,Exports,BELGIUM,"Lead, zinc & tin (78-80)",8668
2007,Exports,BAHRAIN,"Salt, stone & earths (25)",8640
2007,Exports,UNITED STATES,Metal ores & concentrates (26),8002
2007,Exports,"PALAU, REP. OF",Copper (74),6872
2007,Exports,INDIA,"Salt, stone & earths (25)",6812
2007,Exports,MALAYSIA,Nickel (75),6303
2007,Exports,GERMANY,Metal ores & concentrates (26),6000
2007,Exports,SRI LANKA (CEYLON),"Salt, stone & earths (25)",5998
2007,Exports,PORTUGAL,Gold (7108),5296
2007,Exports,KUWAIT,"Lead, zinc & tin (78-80)",5088
2007,Exports,BRAZIL,"Lead, zinc & tin (78-80)",4702
2007,Exports,"PALAU, REP. OF","Lead, zinc & tin (78-80)",4582
2007,Exports,UNITED ARAB EMIRATES,"Salt, stone & earths (25)",4368
2007,Exports,PACIFIC TRUST TERRITORY,Copper (74),3000
2007,Exports,"PALAU, REP. OF",Mineral fuels (27),2916
2007,Exports,NORWAY,"Lead, zinc & tin (78-80)",2242
2007,Exports,UNITED KINGDOM,"Lead, zinc & tin (78-80)",2150
2007,Exports,UNITED KINGDOM,Copper (74),1150
2007,Exports,NEW ZEALAND (EXCLUDES WESTERN SAMOA),Copper (74),773
2007,Exports,FINLAND,"Salt, stone & earths (25)",764
2007,Exports,PAPUA NEW GUINEA,Copper (74),538
2007,Exports,TURKEY,Copper (74),500
2007,Exports,NETHERLANDS,Mineral fuels (27),480
2007,Exports,"MICRONESIA, FEDERATED STATES OF",Copper (74),284
2007,Exports,OMAN,"Salt, stone & earths (25)",225
2007,Exports,FINLAND,Metal ores & concentrates (26),100
2007,Exports,FINLAND,Mineral fuels (27),100
2007,Exports,"MALDIVES, REP. OF","Salt, stone & earths (25)",50
2007,Imports,SAUDI ARABIA,Mineral fuels (27),3506289500
2007,Imports,SINGAPORE,Mineral fuels (27),1941557420
2007,Imports,UNITED ARAB EMIRATES,Mineral fuels (27),1265617878
2007,Imports,TAIWAN,Mineral fuels (27),784540920
2007,Imports,MALAYSIA,Mineral fuels (27),574506538
2007,Imports,"KOREA, REP. (SOUTH)",Mineral fuels (27),478192414
2007,Imports,INDONESIA,Mineral fuels (27),311227736
2007,Imports,QATAR,Mineral fuels (27),305702940
2007,Imports,AUSTRALIA,Mineral fuels (27),230262596
2007,Imports,IRAN,Mineral fuels (27),175547376
2007,Imports,CHINA,Mineral fuels (27),139419050
2007,Imports,INDONESIA,Metal ores & concentrates (26),119688918
2007,Imports,"KOREA, REP. (SOUTH)",Copper (74),92309728
2007,Imports,PAPUA NEW GUINEA,Metal ores & concentrates (26),91707758
2007,Imports,CHILE,Metal ores & concentrates (26),76860847
2007,Imports,TAIWAN,Copper (74),75533321
2007,Imports,JAPAN,Copper (74),61806049
2007,Imports,JAPAN,Mineral fuels (27),58090306
2007,Imports,AUSTRALIA,Copper (74),54143625
2007,Imports,KUWAIT,Mineral fuels (27),52109481
2007,Imports,HONG KONG,Gold (7108),50299686
2007,Imports,JAPAN,Gold (7108),39767544
2007,Imports,ARGENTINA,Metal ores & concentrates (26),38583619
2007,Imports,AUSTRALIA,"Salt, stone & earths (25)",36777594
2007,Imports,INDONESIA,Copper (74),34871669
2007,Imports,"KOREA, REP. (SOUTH)","Lead, zinc & tin (78-80)",28846652
2007,Imports,CHINA,"Salt, stone & earths (25)",28000038
2007,Imports,"KOREA, REP. (SOUTH)",Gold (7108),25048748
2007,Imports,NETHERLANDS,Mineral fuels (27),23940629
2007,Imports,AUSTRALIA,Metal ores & concentrates (26),21671488
2007,Imports,MALAYSIA,Copper (74),20335078
2007,Imports,NORWAY,Mineral fuels (27),19909775
2007,Imports,JAPAN,Metal ores & concentrates (26),19142257
2007,Imports,THAILAND,Mineral fuels (27),16932630
2007,Imports,EGYPT ARAB REPUBLIC,"Salt, stone & earths (25)",16878544
2007,Imports,"SOUTH AFRICA, REP. OF",Copper (74),15179104
2007,Imports,BRAZIL,Metal ores & concentrates (26),14825630
2007,Imports,MALAYSIA,Gold (7108),14772614
2007,Imports,CHINA,Metal ores & concentrates (26),14473560
2007,Imports,CHINA,Copper (74),14412490
2007,Imports,JAPAN,"Lead, zinc & tin (78-80)",13367809
2007,Imports,MALAYSIA,"Salt, stone & earths (25)",13118632
2007,Imports,"KOREA, REP. (SOUTH)",Metal ores & concentrates (26),12782942
2007,Imports,JAPAN,"Salt, stone & earths (25)",12037306
2007,Imports,CANADA,"Lead, zinc & tin (78-80)",11433703
2007,Imports,SINGAPORE,"Lead, zinc & tin (78-80)",11340743
2007,Imports,GERMANY,Copper (74),10164201
2007,Imports,VIETNAM,Mineral fuels (27),9575751
2007,Imports,SINGAPORE,Copper (74),8758013
2007,Imports,UNITED ARAB EMIRATES,"Lead, zinc & tin (78-80)",8654618
2007,Imports,INDIA,Copper (74),7942806
2007,Imports,INDIA,Mineral fuels (27),7857671
2007,Imports,UNITED STATES,"Salt, stone & earths (25)",7812630
2007,Imports,VIETNAM,"Salt, stone & earths (25)",6705838
2007,Imports,HONG KONG,Copper (74),6529547
2007,Imports,CANADA,Metal ores & concentrates (26),6489590
2007,Imports,UNITED STATES,Gold (7108),5828461
2007,Imports,ARGENTINA,"Salt, stone & earths (25)",5282780
2007,Imports,SINGAPORE,Gold (7108),5238157
2007,Imports,UNITED STATES,Copper (74),5158293
2007,Imports,THAILAND,Copper (74),4768444
2007,Imports,THAILAND,"Salt, stone & earths (25)",4666334
2007,Imports,UNITED STATES,Mineral fuels (27),4321079
2007,Imports,NIGERIA,Mineral fuels (27),4168387
2007,Imports,TAIWAN,"Salt, stone & earths (25)",3602197
2007,Imports,ITALY,Copper (74),3193973
2007,Imports,RUSSIA,Copper (74),3174550
2007,Imports,UNITED ARAB EMIRATES,Copper (74),3114146
2007,Imports,TAIWAN,"Lead, zinc & tin (78-80)",3102724
2007,Imports,INDIA,"Lead, zinc & tin (78-80)",2646164
2007,Imports,AUSTRALIA,"Lead, zinc & tin (78-80)",2644410
2007,Imports,IRAN,"Salt, stone & earths (25)",2466243
2007,Imports,KUWAIT,"Salt, stone & earths (25)",2379864
2007,Imports,CHINA,"Lead, zinc & tin (78-80)",2305964
2007,Imports,HONG KONG,Mineral fuels (27),2150507
2007,Imports,SAUDI ARABIA,Copper (74),2120845
2007,Imports,THAILAND,"Lead, zinc & tin (78-80)",2033948
2007,Imports,FRANCE,Mineral fuels (27),1953108
2007,Imports,ALGERIA,"Salt, stone & earths (25)",1849866
2007,Imports,UNITED KINGDOM,Copper (74),1776057
2007,Imports,HONG KONG,"Lead, zinc & tin (78-80)",1724216
2007,Imports,IRAN,Copper (74),1613188
2007,Imports,SINGAPORE,Nickel (75),1454020
2007,Imports,UNITED STATES,"Lead, zinc & tin (78-80)",1444151
2007,Imports,INDONESIA,"Salt, stone & earths (25)",1223434
2007,Imports,JAPAN,Nickel (75),1030767
2007,Imports,"NAURU, REP. OF","Salt, stone & earths (25)",965542
2007,Imports,"KOREA, REP. (SOUTH)","Salt, stone & earths (25)",959057
2007,Imports,INDIA,"Salt, stone & earths (25)",944857
2007,Imports,HONG KONG,"Salt, stone & earths (25)",934803
2007,Imports,CANADA,Nickel (75),873810
2007,Imports,UNITED KINGDOM,"Salt, stone & earths (25)",756742
2007,Imports,GERMANY,"Lead, zinc & tin (78-80)",708476
2007,Imports,UNITED KINGDOM,Nickel (75),693375
2007,Imports,CHINA,Gold (7108),678025
2007,Imports,CANADA,"Salt, stone & earths (25)",641355
2007,Imports,MALAYSIA,"Lead, zinc & tin (78-80)",621968
2007,Imports,"PAKISTAN, ISLAMIC REP. OF",Copper (74),555214
2007,Imports,HONG KONG,Nickel (75),463232
2007,Imports,BERMUDA,Mineral fuels (27),423638
2007,Imports,UNITED KINGDOM,Mineral fuels (27),409679
2007,Imports,GERMANY,"Salt, stone & earths (25)",366435
2007,Imports,TURKEY,Mineral fuels (27),362950
2007,Imports,"KOREA, REP. (SOUTH)",Nickel (75),361844
2007,Imports,SINGAPORE,Metal ores & concentrates (26),348342
2007,Imports,CHINA,Nickel (75),291621
2007,Imports,VIETNAM,"Lead, zinc & tin (78-80)",274761
2007,Imports,GERMANY,Mineral fuels (27),265559
2007,Imports,IRAN,"Lead, zinc & tin (78-80)",247193
2007,Imports,TAIWAN,Nickel (75),238541
2007,Imports,FRANCE,"Salt, stone & earths (25)",233762
2007,Imports,FRANCE,Copper (74),229353
2007,Imports,ISRAEL,"Salt, stone & earths (25)",224891
2007,Imports,NETHERLANDS,Copper (74),190071
2007,Imports,NEW ZEALAND,"Salt, stone & earths (25)",180781
2007,Imports,SINGAPORE,"Salt, stone & earths (25)",175897
2007,Imports,CANADA,Copper (74),170843
2007,Imports,SWEDEN,Copper (74),168424
2007,Imports,SLOVENIA,Copper (74),153427
2007,Imports,GERMANY,Gold (7108),139332
2007,Imports,"PAKISTAN, ISLAMIC REP. OF",Mineral fuels (27),132296
2007,Imports,BANGLADESH,Copper (74),125179
2007,Imports,NETHERLANDS,"Salt, stone & earths (25)",116224
2007,Imports,NORWAY,"Salt, stone & earths (25)",109637
2007,Imports,AUSTRIA,Nickel (75),105330
2007,Imports,GREECE,"Salt, stone & earths (25)",103853
2007,Imports,INDONESIA,"Lead, zinc & tin (78-80)",100792
2007,Imports,FRANCE,Nickel (75),96420
2007,Imports,CYPRUS,Metal ores & concentrates (26),86975
2007,Imports,MALAYSIA,Nickel (75),73999
2007,Imports,BRAZIL,"Salt, stone & earths (25)",73269
2007,Imports,FRANCE,"Lead, zinc & tin (78-80)",65697
2007,Imports,UNITED STATES,Metal ores & concentrates (26),64157
2007,Imports,NETHERLANDS,"Lead, zinc & tin (78-80)",63693
2007,Imports,FINLAND,Copper (74),55050
2007,Imports,SPAIN,"Salt, stone & earths (25)",53569
2007,Imports,HONG KONG,Metal ores & concentrates (26),52540
2007,Imports,INDIA,Nickel (75),48608
2007,Imports,TAIWAN,Metal ores & concentrates (26),45091
2007,Imports,UKRAINE (UKRAINIAN S.S.R.),"Salt, stone & earths (25)",44944
2007,Imports,SWITZERLAND,Gold (7108),43970
2007,Imports,POLAND,"Lead, zinc & tin (78-80)",42510
2007,Imports,GERMANY,Nickel (75),41359
2007,Imports,UKRAINE (UKRAINIAN S.S.R.),Metal ores & concentrates (26),36287
2007,Imports,ITALY,"Salt, stone & earths (25)",35500
2007,Imports,THAILAND,Metal ores & concentrates (26),35351
2007,Imports,AUSTRALIA,Gold (7108),35037
2007,Imports,"SOUTH AFRICA, REP. OF","Salt, stone & earths (25)",32553
2007,Imports,ITALY,Gold (7108),30453
2007,Imports,CYPRUS,"Salt, stone & earths (25)",29084
2007,Imports,SWITZERLAND,"Salt, stone & earths (25)",27709
2007,Imports,SPAIN,"Lead, zinc & tin (78-80)",27218
2007,Imports,NEW ZEALAND,"Lead, zinc & tin (78-80)",25285
2007,Imports,BRUNEI DARUSSALAM,"Lead, zinc & tin (78-80)",21911
2007,Imports,SPAIN,Mineral fuels (27),20938
2007,Imports,SWITZERLAND,Copper (74),20619
2007,Imports,TAIWAN,Gold (7108),20480
2007,Imports,BELGIUM,Mineral fuels (27),19019
2007,Imports,MEXICO,"Lead, zinc & tin (78-80)",18793
2007,Imports,TURKEY,"Salt, stone & earths (25)",15742
2007,Imports,UNITED STATES,Nickel (75),15125
2007,Imports,SWEDEN,Mineral fuels (27),15024
2007,Imports,DENMARK,Gold (7108),14037
2007,Imports,NEW ZEALAND,Copper (74),13485
2007,Imports,PERU,"Salt, stone & earths (25)",11577
2007,Imports,INDIA,Metal ores & concentrates (26),10310
2007,Imports,SWITZERLAND,Metal ores & concentrates (26),9964
2007,Imports,THAILAND,Nickel (75),9472
2007,Imports,BELGIUM,"Lead, zinc & tin (78-80)",7644
2007,Imports,UNITED ARAB EMIRATES,Metal ores & concentrates (26),7306
2007,Imports,NEPAL,"Salt, stone & earths (25)",7297
2007,Imports,NETHERLANDS,Gold (7108),6444
2007,Imports,TURKEY,Copper (74),5446
2007,Imports,ITALY,"Lead, zinc & tin (78-80)",5281
2007,Imports,NEPAL,Mineral fuels (27),4406
2007,Imports,DENMARK,Mineral fuels (27),3995
2007,Imports,VIETNAM,Copper (74),3936
2007,Imports,BELGIUM,"Salt, stone & earths (25)",3665
2007,Imports,BELGIUM,Copper (74),2822
2007,Imports,SPAIN,Copper (74),2728
2007,Imports,JORDAN,Copper (74),2525
2007,Imports,CANADA,Mineral fuels (27),2479
2007,Imports,UNITED ARAB EMIRATES,"Salt, stone & earths (25)",2037
2007,Imports,SAUDI ARABIA,"Salt, stone & earths (25)",1926
2007,Imports,SAUDI ARABIA,Metal ores & concentrates (26),1898
2007,Imports,ISRAEL,Gold (7108),1357
2007,Imports,DENMARK,Copper (74),1353
2007,Imports,FINLAND,"Salt, stone & earths (25)",923
2007,Imports,SWEDEN,"Salt, stone & earths (25)",441
2007,Imports,BELGIUM,Nickel (75),431
2007,Imports,CZECH REPUBLIC,"Salt, stone & earths (25)",229
2007,Imports,JORDAN,"Salt, stone & earths (25)",186
2008,Exports,"KOREA, REP. (SOUTH)",Copper (74),725631027
2008,Exports,SINGAPORE,Mineral fuels (27),627508733
2008,Exports,HONG KONG,Gold (7108),325977965
2008,Exports,JAPAN,Metal ores & concentrates (26),286329254
2008,Exports,THAILAND,Copper (74),227866754
2008,Exports,JAPAN,Copper (74),214793987
2008,Exports,TAIWAN,Mineral fuels (27),191293131
2008,Exports,AUSTRALIA,Mineral fuels (27),156567971
2008,Exports,CHINA,Metal ores & concentrates (26),136839032
2008,Exports,CHINA,Mineral fuels (27),135255259
2008,Exports,CHINA,Copper (74),115194222
2008,Exports,TAIWAN,Copper (74),93090360
2008,Exports,MALAYSIA,Mineral fuels (27),92209038
2008,Exports,ITALY,Copper (74),80247309
2008,Exports,VIETNAM,Copper (74),70917077
2008,Exports,"KOREA, REP. (SOUTH)",Mineral fuels (27),68425165
2008,Exports,HONG KONG,Mineral fuels (27),50526529
2008,Exports,THAILAND,Mineral fuels (27),45793611
2008,Exports,HONG KONG,Copper (74),43622258
2008,Exports,TAIWAN,Gold (7108),31228896
2008,Exports,"KOREA, REP. (SOUTH)",Metal ores & concentrates (26),31018119
2008,Exports,MALAYSIA,Copper (74),27320979
2008,Exports,INDONESIA,Mineral fuels (27),24682492
2008,Exports,MALAYSIA,"Salt, stone & earths (25)",18810343
2008,Exports,SWITZERLAND,Gold (7108),18322540
2008,Exports,JAPAN,Mineral fuels (27),17943583
2008,Exports,AUSTRALIA,Metal ores & concentrates (26),16513011
2008,Exports,INDIA,Mineral fuels (27),11561353
2008,Exports,MALAYSIA,Gold (7108),11378840
2008,Exports,BELGIUM,Copper (74),10018900
2008,Exports,NEW ZEALAND (EXCLUDES WESTERN SAMOA),Mineral fuels (27),9199425
2008,Exports,JAPAN,Gold (7108),8375328
2008,Exports,"KOREA, REP. (SOUTH)","Lead, zinc & tin (78-80)",8251579
2008,Exports,PERU,Metal ores & concentrates (26),8226249
2008,Exports,ITALY,Mineral fuels (27),7631743
2008,Exports,TAIWAN,"Salt, stone & earths (25)",6958410
2008,Exports,VIETNAM,"Salt, stone & earths (25)",6778398
2008,Exports,MAURITIUS,"Salt, stone & earths (25)",5417074
2008,Exports,SINGAPORE,Copper (74),5295531
2008,Exports,THAILAND,"Lead, zinc & tin (78-80)",5272841
2008,Exports,MALAYSIA,"Lead, zinc & tin (78-80)",5198309
2008,Exports,UNITED STATES,Mineral fuels (27),5168592
2008,Exports,JAPAN,"Salt, stone & earths (25)",4554976
2008,Exports,TAIWAN,"Lead, zinc & tin (78-80)",4420565
2008,Exports,BANGLADESH,"Lead, zinc & tin (78-80)",3684776
2008,Exports,CHINA,"Salt, stone & earths (25)",3513684
2008,Exports,INDONESIA,Gold (7108),3282934
2008,Exports,SAUDI ARABIA,Copper (74),3243769
2008,Exports,"MADAGASCAR, DEMOCRATIC REP. OF","Salt, stone & earths (25)",2718809
2008,Exports,HONG KONG,Metal ores & concentrates (26),2291979
2008,Exports,JAPAN,"Lead, zinc & tin (78-80)",2119442
2008,Exports,UNITED ARAB EMIRATES,Mineral fuels (27),2049878
2008,Exports,INDONESIA,Copper (74),1941722
2008,Exports,INDIA,Metal ores & concentrates (26),1937314
2008,Exports,SEYCHELLES REPUBLIC,"Salt, stone & earths (25)",1913933
2008,Exports,NIGERIA,"Salt, stone & earths (25)",1710000
2008,Exports,INDONESIA,"Lead, zinc & tin (78-80)",1557885
2008,Exports,MYANMAR,Mineral fuels (27),1413955
2008,Exports,CAMBODIA,Mineral fuels (27),1343993
2008,Exports,GERMANY,Copper (74),1323768
2008,Exports,SPAIN,Copper (74),1302874
2008,Exports,"KOREA, REP. (SOUTH)","Salt, stone & earths (25)",1297217
2008,Exports,ECUADOR,"Salt, stone & earths (25)",1045000
2008,Exports,PAPUA NEW GUINEA,"Lead, zinc & tin (78-80)",975103
2008,Exports,AUSTRALIA,"Salt, stone & earths (25)",920436
2008,Exports,UNITED STATES,Copper (74),898442
2008,Exports,MACAU,Mineral fuels (27),885902
2008,Exports,"SOUTH AFRICA, REP. OF","Salt, stone & earths (25)",868605
2008,Exports,UNITED KINGDOM,"Lead, zinc & tin (78-80)",774380
2008,Exports,MACAU,Copper (74),750531
2008,Exports,CANADA,Metal ores & concentrates (26),671380
2008,Exports,SINGAPORE,"Lead, zinc & tin (78-80)",654204
2008,Exports,VIETNAM,Mineral fuels (27),631576
2008,Exports,SINGAPORE,"Salt, stone & earths (25)",628730
2008,Exports,INDONESIA,"Salt, stone & earths (25)",567225
2008,Exports,SRI LANKA (CEYLON),"Salt, stone & earths (25)",547761
2008,Exports,INDIA,"Lead, zinc & tin (78-80)",547578
2008,Exports,THAILAND,"Salt, stone & earths (25)",504254
2008,Exports,UNITED STATES,"Salt, stone & earths (25)",489004
2008,Exports,GHANA,"Salt, stone & earths (25)",484500
2008,Exports,HONG KONG,"Salt, stone & earths (25)",472608
2008,Exports,THAILAND,Gold (7108),390170
2008,Exports,GERMANY,Gold (7108),365787
2008,Exports,TAIWAN,Metal ores & concentrates (26),339945
2008,Exports,BELGIUM,Metal ores & concentrates (26),336377
2008,Exports,"KOREA, REP. (SOUTH)",Gold (7108),321476
2008,Exports,AUSTRALIA,Copper (74),306560
2008,Exports,CHINA,"Lead, zinc & tin (78-80)",236846
2008,Exports,INDIA,Copper (74),204974
2008,Exports,"PALAU, REP. OF","Salt, stone & earths (25)",202464
2008,Exports,PACIFIC TRUST TERRITORY,"Salt, stone & earths (25)",148219
2008,Exports,"MICRONESIA, FEDERATED STATES OF","Salt, stone & earths (25)",143767
2008,Exports,NEW CALEDONIA,"Salt, stone & earths (25)",120960
2008,Exports,SINGAPORE,Metal ores & concentrates (26),110630
2008,Exports,INDIA,"Salt, stone & earths (25)",104750
2008,Exports,GERMANY,"Salt, stone & earths (25)",92934
2008,Exports,UNITED STATES,Metal ores & concentrates (26),89461
2008,Exports,AUSTRALIA,"Lead, zinc & tin (78-80)",78569
2008,Exports,DOMINICAN REPUBLIC,"Lead, zinc & tin (78-80)",74800
2008,Exports,THAILAND,Metal ores & concentrates (26),73952
2008,Exports,NETHERLANDS,"Salt, stone & earths (25)",69165
2008,Exports,FRANCE,"Salt, stone & earths (25)",56150
2008,Exports,NETHERLANDS,"Lead, zinc & tin (78-80)",54609
2008,Exports,UNITED KINGDOM,"Salt, stone & earths (25)",53714
2008,Exports,MALAYSIA,Metal ores & concentrates (26),53473
2008,Exports,UNITED STATES,"Lead, zinc & tin (78-80)",52190
2008,Exports,SINGAPORE,Gold (7108),50836
2008,Exports,BELGIUM,"Salt, stone & earths (25)",50237
2008,Exports,IRAN,Metal ores & concentrates (26),50000
2008,Exports,NETHERLANDS,Copper (74),49064
2008,Exports,ITALY,Gold (7108),45322
2008,Exports,JAPAN,Nickel (75),44051
2008,Exports,HONG KONG,"Lead, zinc & tin (78-80)",43027
2008,Exports,CANADA,Copper (74),42085
2008,Exports,BRUNEI DARUSSALAM,Copper (74),37739
2008,Exports,SLOVENIA,"Salt, stone & earths (25)",34717
2008,Exports,"MARSHALL ISLANDS, REP. OF","Salt, stone & earths (25)",34291
2008,Exports,VIETNAM,"Lead, zinc & tin (78-80)",29985
2008,Exports,ITALY,"Salt, stone & earths (25)",20915
2008,Exports,PAPUA NEW GUINEA,Mineral fuels (27),20393
2008,Exports,CHINA,Nickel (75),19790
2008,Exports,BRAZIL,"Salt, stone & earths (25)",19593
2008,Exports,BELGIUM,"Lead, zinc & tin (78-80)",17648
2008,Exports,VIETNAM,Metal ores & concentrates (26),16036
2008,Exports,TURKEY,"Salt, stone & earths (25)",13157
2008,Exports,QATAR,Copper (74),13116
2008,Exports,CANADA,"Salt, stone & earths (25)",12928
2008,Exports,SWEDEN,"Salt, stone & earths (25)",12635
2008,Exports,INDONESIA,Metal ores & concentrates (26),12000
2008,Exports,POLAND,"Salt, stone & earths (25)",11878
2008,Exports,GERMANY,"Lead, zinc & tin (78-80)",11361
2008,Exports,UNITED ARAB EMIRATES,Copper (74),9653
2008,Exports,UNITED KINGDOM,Copper (74),9250
2008,Exports,NEW ZEALAND (EXCLUDES WESTERN SAMOA),"Salt, stone & earths (25)",8794
2008,Exports,BRUNEI DARUSSALAM,"Salt, stone & earths (25)",7755
2008,Exports,BANGLADESH,Copper (74),7500
2008,Exports,CHINA,Gold (7108),7492
2008,Exports,PAPUA NEW GUINEA,Copper (74),4933
2008,Exports,BRAZIL,"Lead, zinc & tin (78-80)",4634
2008,Exports,IRAN,"Salt, stone & earths (25)",4427
2008,Exports,"MICRONESIA, FEDERATED STATES OF",Copper (74),4160
2008,Exports,COLOMBIA,"Lead, zinc & tin (78-80)",3300
2008,Exports,"MARSHALL ISLANDS, REP. OF",Copper (74),2880
2008,Exports,BURUNDI,"Salt, stone & earths (25)",2000
2008,Exports,DENMARK,"Lead, zinc & tin (78-80)",1358
2008,Exports,BAHRAIN,"Salt, stone & earths (25)",1240
2008,Exports,ITALY,"Lead, zinc & tin (78-80)",1021
2008,Exports,TAIWAN,Nickel (75),840
2008,Exports,NEW ZEALAND (EXCLUDES WESTERN SAMOA),Copper (74),634
2008,Exports,VANUATU (NEW HEBRIDES),"Salt, stone & earths (25)",464
2008,Exports,ISRAEL,"Salt, stone & earths (25)",400
2008,Exports,RUSSIA,"Salt, stone & earths (25)",400
2008,Exports,BANGLADESH,"Salt, stone & earths (25)",300
2008,Exports,MEXICO,"Salt, stone & earths (25)",300
2008,Imports,SAUDI ARABIA,Mineral fuels (27),5041452912
2008,Imports,SINGAPORE,Mineral fuels (27),2002508397
2008,Imports,UNITED ARAB EMIRATES,Mineral fuels (27),1352782405
2008,Imports,TAIWAN,Mineral fuels (27),993824076
2008,Imports,MALAYSIA,Mineral fuels (27),927717891
2008,Imports,"KOREA, REP. (SOUTH)",Mineral fuels (27),742539957
2008,Imports,INDONESIA,Mineral fuels (27),473518460
2008,Imports,AUSTRALIA,Mineral fuels (27),297758557
2008,Imports,IRAN,Mineral fuels (27),262208399
2008,Imports,CHINA,Mineral fuels (27),209199289
2008,Imports,QATAR,Mineral fuels (27),136421600
2008,Imports,JAPAN,Gold (7108),113804693
2008,Imports,THAILAND,Mineral fuels (27),109322480
2008,Imports,JAPAN,Mineral fuels (27),107107987
2008,Imports,PAPUA NEW GUINEA,Metal ores & concentrates (26),89002020
2008,Imports,BRUNEI DARUSSALAM,Mineral fuels (27),82529880
2008,Imports,"KOREA, REP. (SOUTH)",Copper (74),79456198
2008,Imports,INDONESIA,Metal ores & concentrates (26),74507603
2008,Imports,JAPAN,Copper (74),70695314
2008,Imports,TAIWAN,Copper (74),69386879
2008,Imports,AUSTRALIA,Copper (74),69094049
2008,Imports,AUSTRALIA,Metal ores & concentrates (26),68077512
2008,Imports,CHILE,Metal ores & concentrates (26),64223722
2008,Imports,HONG KONG,Gold (7108),52211317
2008,Imports,KUWAIT,Mineral fuels (27),42454148
2008,Imports,ARGENTINA,Metal ores & concentrates (26),31139252
2008,Imports,RUSSIA,Mineral fuels (27),30438983
2008,Imports,MALAYSIA,Gold (7108),27689909
2008,Imports,"KOREA, REP. (SOUTH)",Gold (7108),25485231
2008,Imports,CHINA,"Salt, stone & earths (25)",22808932
2008,Imports,INDONESIA,Copper (74),22142230
2008,Imports,MALAYSIA,"Salt, stone & earths (25)",22048017
2008,Imports,CHINA,Copper (74),20080333
2008,Imports,AUSTRALIA,"Salt, stone & earths (25)",19418352
2008,Imports,MALAYSIA,Copper (74),15654279
2008,Imports,THAILAND,"Salt, stone & earths (25)",15377602
2008,Imports,"SOUTH AFRICA, REP. OF",Metal ores & concentrates (26),15085053
2008,Imports,BRAZIL,Metal ores & concentrates (26),13835823
2008,Imports,"KOREA, REP. (SOUTH)","Lead, zinc & tin (78-80)",13761789
2008,Imports,ALGERIA,"Salt, stone & earths (25)",13492046
2008,Imports,THAILAND,Copper (74),12682860
2008,Imports,CANADA,"Salt, stone & earths (25)",12576498
2008,Imports,JAPAN,"Lead, zinc & tin (78-80)",12131185
2008,Imports,CANADA,Metal ores & concentrates (26),11367548
2008,Imports,MAURITIUS,Metal ores & concentrates (26),11354138
2008,Imports,SINGAPORE,Copper (74),11151319
2008,Imports,CHINA,Metal ores & concentrates (26),9620040
2008,Imports,UNITED STATES,Mineral fuels (27),8815057
2008,Imports,TAIWAN,"Salt, stone & earths (25)",8346320
2008,Imports,EGYPT ARAB REPUBLIC,"Salt, stone & earths (25)",7783133
2008,Imports,INDIA,Copper (74),7716412
2008,Imports,GIBRALTAR,Metal ores & concentrates (26),7630120
2008,Imports,PERU,Metal ores & concentrates (26),7473801
2008,Imports,CHILE,Copper (74),6817246
2008,Imports,"SOUTH AFRICA, REP. OF",Copper (74),6685198
2008,Imports,ISRAEL,Mineral fuels (27),6568123
2008,Imports,JAPAN,"Salt, stone & earths (25)",6340521
2008,Imports,MALAYSIA,Metal ores & concentrates (26),5764511
2008,Imports,GERMANY,Copper (74),5759108
2008,Imports,UNITED STATES,"Salt, stone & earths (25)",4929360
2008,Imports,SINGAPORE,Gold (7108),4893267
2008,Imports,CANADA,"Lead, zinc & tin (78-80)",4521374
2008,Imports,HONG KONG,Copper (74),4253988
2008,Imports,SINGAPORE,"Salt, stone & earths (25)",3992420
2008,Imports,UNITED STATES,Copper (74),3770615
2008,Imports,UNITED STATES,Gold (7108),3761015
2008,Imports,RUSSIA,Copper (74),3416535
2008,Imports,VIETNAM,"Salt, stone & earths (25)",3315249
2008,Imports,HONG KONG,Mineral fuels (27),3181568
2008,Imports,VIETNAM,Mineral fuels (27),2988110
2008,Imports,SINGAPORE,"Lead, zinc & tin (78-80)",2862318
2008,Imports,JAPAN,Nickel (75),2700869
2008,Imports,BERMUDA,Mineral fuels (27),2470825
2008,Imports,INDIA,"Salt, stone & earths (25)",2454196
2008,Imports,CHINA,Nickel (75),2428424
2008,Imports,HONG KONG,"Lead, zinc & tin (78-80)",2366612
2008,Imports,UNITED ARAB EMIRATES,"Lead, zinc & tin (78-80)",2330098
2008,Imports,JAPAN,Metal ores & concentrates (26),2230789
2008,Imports,INDONESIA,"Salt, stone & earths (25)",2179987
2008,Imports,OMAN,Mineral fuels (27),2062563
2008,Imports,UNITED STATES,"Lead, zinc & tin (78-80)",1853041
2008,Imports,GERMANY,"Lead, zinc & tin (78-80)",1605964
2008,Imports,TAIWAN,"Lead, zinc & tin (78-80)",1544980
2008,Imports,AUSTRALIA,"Lead, zinc & tin (78-80)",1428960
2008,Imports,INDONESIA,"Lead, zinc & tin (78-80)",1355566
2008,Imports,SAUDI ARABIA,Copper (74),1332157
2008,Imports,MALAYSIA,Nickel (75),1285792
2008,Imports,"KOREA, REP. (SOUTH)","Salt, stone & earths (25)",1171432
2008,Imports,INDIA,Mineral fuels (27),1094018
2008,Imports,CHINA,"Lead, zinc & tin (78-80)",1087369
2008,Imports,CUBA,Mineral fuels (27),999013
2008,Imports,UNITED KINGDOM,"Salt, stone & earths (25)",892566
2008,Imports,GERMANY,"Salt, stone & earths (25)",841759
2008,Imports,NETHERLANDS,Mineral fuels (27),830381
2008,Imports,HONG KONG,"Salt, stone & earths (25)",804956
2008,Imports,THAILAND,"Lead, zinc & tin (78-80)",679822
2008,Imports,SINGAPORE,Nickel (75),637109
2008,Imports,CUBA,Copper (74),526761
2008,Imports,AUSTRIA,Nickel (75),518471
2008,Imports,IRAQ,"Salt, stone & earths (25)",494867
2008,Imports,SWITZERLAND,"Lead, zinc & tin (78-80)",492033
2008,Imports,UNITED ARAB EMIRATES,Copper (74),490628
2008,Imports,THAILAND,Gold (7108),489373
2008,Imports,TURKEY,Mineral fuels (27),472699
2008,Imports,CANADA,Nickel (75),469728
2008,Imports,NETHERLANDS,Copper (74),462471
2008,Imports,TAIWAN,Nickel (75),456347
2008,Imports,MALAYSIA,"Lead, zinc & tin (78-80)",414412
2008,Imports,INDIA,"Lead, zinc & tin (78-80)",363972
2008,Imports,UNITED KINGDOM,Nickel (75),349451
2008,Imports,GERMANY,Gold (7108),332157
2008,Imports,FRANCE,Mineral fuels (27),325582
2008,Imports,SWEDEN,Copper (74),290929
2008,Imports,UNITED KINGDOM,Copper (74),285198
2008,Imports,FRANCE,"Salt, stone & earths (25)",284355
2008,Imports,GERMANY,Mineral fuels (27),242053
2008,Imports,SINGAPORE,Metal ores & concentrates (26),224549
2008,Imports,NEW ZEALAND,Copper (74),221738
2008,Imports,FRANCE,Copper (74),188806
2008,Imports,QATAR,Copper (74),180027
2008,Imports,UNITED KINGDOM,Mineral fuels (27),175550
2008,Imports,"KOREA, REP. (SOUTH)",Nickel (75),166688
2008,Imports,NEW ZEALAND,"Salt, stone & earths (25)",164103
2008,Imports,ISRAEL,"Salt, stone & earths (25)",162673
2008,Imports,UKRAINE (UKRAINIAN S.S.R.),Metal ores & concentrates (26),146216
2008,Imports,ITALY,Copper (74),138028
2008,Imports,BRAZIL,"Salt, stone & earths (25)",134489
2008,Imports,HONG KONG,Nickel (75),122386
2008,Imports,NETHERLANDS,"Salt, stone & earths (25)",118618
2008,Imports,SWEDEN,"Lead, zinc & tin (78-80)",115344
2008,Imports,ITALY,Mineral fuels (27),94160
2008,Imports,UKRAINE (UKRAINIAN S.S.R.),"Salt, stone & earths (25)",92252
2008,Imports,"SOUTH AFRICA, REP. OF",Mineral fuels (27),86497
2008,Imports,SWITZERLAND,Gold (7108),85767
2008,Imports,THAILAND,Nickel (75),84959
2008,Imports,"PAKISTAN, ISLAMIC REP. OF",Mineral fuels (27),78140
2008,Imports,UNITED KINGDOM,"Lead, zinc & tin (78-80)",75470
2008,Imports,TAIWAN,Gold (7108),74904
2008,Imports,MEXICO,Gold (7108),74081
2008,Imports,THAILAND,Metal ores & concentrates (26),71572
2008,Imports,TURKEY,"Salt, stone & earths (25)",70238
2008,Imports,SWITZERLAND,"Salt, stone & earths (25)",63891
2008,Imports,HONG KONG,Metal ores & concentrates (26),53100
2008,Imports,SWEDEN,Mineral fuels (27),51481
2008,Imports,UNITED KINGDOM,Metal ores & concentrates (26),51295
2008,Imports,NORWAY,"Salt, stone & earths (25)",51223
2008,Imports,VIETNAM,Copper (74),48987
2008,Imports,SWITZERLAND,Copper (74),47157
2008,Imports,TAIWAN,Metal ores & concentrates (26),46456
2008,Imports,CANADA,Mineral fuels (27),40620
2008,Imports,NETHERLANDS,"Lead, zinc & tin (78-80)",39768
2008,Imports,NEW ZEALAND,Mineral fuels (27),38343
2008,Imports,ITALY,"Lead, zinc & tin (78-80)",35052
2008,Imports,BELGIUM,Mineral fuels (27),34857
2008,Imports,UNITED ARAB EMIRATES,Metal ores & concentrates (26),34220
2008,Imports,ITALY,"Salt, stone & earths (25)",33734
2008,Imports,VIETNAM,"Lead, zinc & tin (78-80)",29513
2008,Imports,GERMANY,Nickel (75),27227
2008,Imports,INDIA,Nickel (75),24129
2008,Imports,UNITED STATES,Nickel (75),20483
2008,Imports,"SOUTH AFRICA, REP. OF","Salt, stone & earths (25)",20292
2008,Imports,BELGIUM,"Salt, stone & earths (25)",19933
2008,Imports,MEXICO,"Lead, zinc & tin (78-80)",18520
2008,Imports,DENMARK,Gold (7108),17240
2008,Imports,"PAKISTAN, ISLAMIC REP. OF",Copper (74),16126
2008,Imports,POLAND,"Lead, zinc & tin (78-80)",14773
2008,Imports,BELGIUM,Copper (74),13537
2008,Imports,SPAIN,Mineral fuels (27),13465
2008,Imports,UNITED STATES,Metal ores & concentrates (26),12022
2008,Imports,NEW ZEALAND,"Lead, zinc & tin (78-80)",9660
2008,Imports,FRANCE,Nickel (75),6647
2008,Imports,"SOUTH AFRICA, REP. OF","Lead, zinc & tin (78-80)",6621
2008,Imports,NEPAL,Copper (74),6360
2008,Imports,SWEDEN,"Salt, stone & earths (25)",6170
2008,Imports,SWITZERLAND,Metal ores & concentrates (26),6078
2008,Imports,FRANCE,Gold (7108),5418
2008,Imports,BRAZIL,Copper (74),5256
2008,Imports,MEXICO,Copper (74),4352
2008,Imports,SPAIN,"Salt, stone & earths (25)",4100
2008,Imports,SWITZERLAND,Mineral fuels (27),3515
2008,Imports,FRANCE,"Lead, zinc & tin (78-80)",3360
2008,Imports,NETHERLANDS,Metal ores & concentrates (26),3131
2008,Imports,"PAKISTAN, ISLAMIC REP. OF","Salt, stone & earths (25)",3089
2008,Imports,CANADA,Copper (74),3057
2008,Imports,IRELAND,"Salt, stone & earths (25)",2624
2008,Imports,MALAWI,"Salt, stone & earths (25)",2564
2008,Imports,DENMARK,"Salt, stone & earths (25)",1737
2008,Imports,NETHERLANDS,Nickel (75),1163
2008,Imports,PACIFIC TRUST TERRITORY,Copper (74),760
2008,Imports,LUXEMBOURG,Copper (74),500
2008,Imports,LUXEMBOURG,"Lead, zinc & tin (78-80)",360
2009,Exports,CHINA,Copper (74),238757031
2009,Exports,JAPAN,Metal ores & concentrates (26),218110582
2009,Exports,"KOREA, REP. (SOUTH)",Copper (74),211454188
2009,Exports,THAILAND,Copper (74),181798985
2009,Exports,CHINA,Metal ores & concentrates (26),178613255
2009,Exports,"KOREA, REP. (SOUTH)",Mineral fuels (27),139336490
2009,Exports,SINGAPORE,Mineral fuels (27),132703280
2009,Exports,HONG KONG,Gold (7108),132651397
2009,Exports,TAIWAN,Mineral fuels (27),117132688
2009,Exports,THAILAND,Mineral fuels (27),111973936
2009,Exports,CHINA,Mineral fuels (27),74194003
2009,Exports,HONG KONG,Copper (74),47249723
2009,Exports,MALAYSIA,Mineral fuels (27),46393688
2009,Exports,VIETNAM,Copper (74),39636212
2009,Exports,TAIWAN,Gold (7108),37634611
2009,Exports,INDIA,Mineral fuels (27),34485948
2009,Exports,JAPAN,Copper (74),34440852
2009,Exports,TAIWAN,Copper (74),26440909
2009,Exports,AUSTRALIA,Copper (74),23150963
2009,Exports,SWITZERLAND,Gold (7108),19713011
2009,Exports,INDONESIA,Mineral fuels (27),13963881
2009,Exports,VIETNAM,Mineral fuels (27),13826359
2009,Exports,JAPAN,Gold (7108),13430230
2009,Exports,"KOREA, REP. (SOUTH)",Metal ores & concentrates (26),12740043
2009,Exports,MALAYSIA,Gold (7108),11329024
2009,Exports,AUSTRALIA,Metal ores & concentrates (26),9244089
2009,Exports,AUSTRALIA,Mineral fuels (27),9107517
2009,Exports,MALAYSIA,"Salt, stone & earths (25)",7538899
2009,Exports,HONG KONG,Mineral fuels (27),7110008
2009,Exports,GREECE,Metal ores & concentrates (26),5791810
2009,Exports,INDONESIA,Copper (74),5077664
2009,Exports,MALAYSIA,"Lead, zinc & tin (78-80)",4871228
2009,Exports,JAPAN,"Salt, stone & earths (25)",4376604
2009,Exports,TAIWAN,"Salt, stone & earths (25)",4259920
2009,Exports,TAIWAN,"Lead, zinc & tin (78-80)",4200365
2009,Exports,NIGERIA,"Salt, stone & earths (25)",3710500
2009,Exports,"KOREA, REP. (SOUTH)","Lead, zinc & tin (78-80)",3289144
2009,Exports,BANGLADESH,"Lead, zinc & tin (78-80)",2547422
2009,Exports,UNITED STATES,"Salt, stone & earths (25)",2247377
2009,Exports,MALAYSIA,Copper (74),2137588
2009,Exports,SINGAPORE,Copper (74),2050031
2009,Exports,SINGAPORE,"Salt, stone & earths (25)",1508077
2009,Exports,"KOREA, REP. (SOUTH)","Salt, stone & earths (25)",1479791
2009,Exports,CAMBODIA,Mineral fuels (27),1137061
2009,Exports,INDONESIA,"Lead, zinc & tin (78-80)",1109516
2009,Exports,INDONESIA,Gold (7108),1008734
2009,Exports,PAPUA NEW GUINEA,Mineral fuels (27),1001412
2009,Exports,ECUADOR,"Salt, stone & earths (25)",960000
2009,Exports,INDIA,"Lead, zinc & tin (78-80)",956476
2009,Exports,CHINA,"Salt, stone & earths (25)",955738
2009,Exports,INDIA,"Salt, stone & earths (25)",735920
2009,Exports,INDIA,Metal ores & concentrates (26),669876
2009,Exports,MACAU,Copper (74),630083
2009,Exports,JAPAN,Mineral fuels (27),615263
2009,Exports,CHINA,"Lead, zinc & tin (78-80)",569072
2009,Exports,SINGAPORE,"Lead, zinc & tin (78-80)",387065
2009,Exports,"KOREA, REP. (SOUTH)",Gold (7108),378686
2009,Exports,VIETNAM,"Salt, stone & earths (25)",374690
2009,Exports,THAILAND,Gold (7108),358330
2009,Exports,SINGAPORE,Gold (7108),355372
2009,Exports,JAPAN,"Lead, zinc & tin (78-80)",350116
2009,Exports,HONG KONG,Metal ores & concentrates (26),326851
2009,Exports,THAILAND,"Lead, zinc & tin (78-80)",323906
2009,Exports,INDIA,Copper (74),285116
2009,Exports,VIETNAM,Metal ores & concentrates (26),243845
2009,Exports,NEW CALEDONIA,"Salt, stone & earths (25)",236313
2009,Exports,AUSTRALIA,"Salt, stone & earths (25)",184768
2009,Exports,"PAKISTAN, ISLAMIC REP. OF","Lead, zinc & tin (78-80)",174133
2009,Exports,PAPUA NEW GUINEA,"Lead, zinc & tin (78-80)",166424
2009,Exports,UNITED STATES,"Lead, zinc & tin (78-80)",158341
2009,Exports,NETHERLANDS,"Lead, zinc & tin (78-80)",150950
2009,Exports,PAPUA NEW GUINEA,"Salt, stone & earths (25)",140800
2009,Exports,THAILAND,"Salt, stone & earths (25)",135804
2009,Exports,HONG KONG,"Salt, stone & earths (25)",134711
2009,Exports,NETHERLANDS,"Salt, stone & earths (25)",105555
2009,Exports,SOLOMON ISLANDS (BRITISH),"Salt, stone & earths (25)",99048
2009,Exports,INDONESIA,"Salt, stone & earths (25)",86325
2009,Exports,UNITED KINGDOM,"Salt, stone & earths (25)",71071
2009,Exports,"MICRONESIA, FEDERATED STATES OF","Salt, stone & earths (25)",65588
2009,Exports,CANADA,Copper (74),57942
2009,Exports,UNITED STATES,Copper (74),55840
2009,Exports,"KOREA, REP. (SOUTH)",Nickel (75),55789
2009,Exports,GERMANY,"Salt, stone & earths (25)",52854
2009,Exports,UNITED KINGDOM,"Lead, zinc & tin (78-80)",49416
2009,Exports,VIETNAM,"Lead, zinc & tin (78-80)",46830
2009,Exports,BELGIUM,Metal ores & concentrates (26),42000
2009,Exports,FRANCE,"Salt, stone & earths (25)",41976
2009,Exports,AUSTRALIA,"Lead, zinc & tin (78-80)",41107
2009,Exports,AUSTRIA,Mineral fuels (27),40481
2009,Exports,PACIFIC TRUST TERRITORY,Copper (74),40411
2009,Exports,GERMANY,"Lead, zinc & tin (78-80)",39664
2009,Exports,UNITED STATES,Metal ores & concentrates (26),36344
2009,Exports,BELGIUM,"Salt, stone & earths (25)",32858
2009,Exports,JAPAN,Nickel (75),32201
2009,Exports,PACIFIC TRUST TERRITORY,"Salt, stone & earths (25)",30876
2009,Exports,"MICRONESIA, FEDERATED STATES OF",Mineral fuels (27),26972
2009,Exports,TAIWAN,Metal ores & concentrates (26),26026
2009,Exports,CHINA,Gold (7108),24621
2009,Exports,"MARSHALL ISLANDS, REP. OF","Salt, stone & earths (25)",22612
2009,Exports,"PALAU, REP. OF","Salt, stone & earths (25)",21385
2009,Exports,NIGERIA,Mineral fuels (27),20160
2009,Exports,CANADA,"Salt, stone & earths (25)",18619
2009,Exports,NEW ZEALAND,"Salt, stone & earths (25)",17453
2009,Exports,BRAZIL,"Salt, stone & earths (25)",15673
2009,Exports,UNITED STATES,Mineral fuels (27),15445
2009,Exports,PAPUA NEW GUINEA,Copper (74),15421
2009,Exports,"SOUTH AFRICA, REP. OF","Salt, stone & earths (25)",14214
2009,Exports,LUXEMBOURG,Gold (7108),13987
2009,Exports,"MICRONESIA, FEDERATED STATES OF",Copper (74),13160
2009,Exports,UNITED ARAB EMIRATES,"Lead, zinc & tin (78-80)",10895
2009,Exports,SINGAPORE,Metal ores & concentrates (26),10600
2009,Exports,QATAR,"Salt, stone & earths (25)",10352
2009,Exports,"PALAU, REP. OF",Mineral fuels (27),9363
2009,Exports,UNITED KINGDOM,Copper (74),8750
2009,Exports,RUSSIA,"Salt, stone & earths (25)",7696
2009,Exports,KUWAIT,"Salt, stone & earths (25)",7398
2009,Exports,ISRAEL,"Salt, stone & earths (25)",6891
2009,Exports,BRUNEI DARUSSALAM,"Salt, stone & earths (25)",6680
2009,Exports,POLAND,"Salt, stone & earths (25)",6216
2009,Exports,BAHRAIN,"Salt, stone & earths (25)",5136
2009,Exports,ITALY,"Salt, stone & earths (25)",2500
2009,Exports,"HONDURAS, REPUBLIC OF","Salt, stone & earths (25)",2100
2009,Exports,SINGAPORE,Nickel (75),2064
2009,Exports,BURUNDI,"Salt, stone & earths (25)",2050
2009,Exports,HONG KONG,"Lead, zinc & tin (78-80)",2000
2009,Exports,AUSTRALIA,Nickel (75),1844
2009,Exports,SWITZERLAND,"Lead, zinc & tin (78-80)",1639
2009,Exports,"PAKISTAN, ISLAMIC REP. OF","Salt, stone & earths (25)",1100
2009,Exports,MALAYSIA,Metal ores & concentrates (26),943
2009,Exports,BRAZIL,Copper (74),820
2009,Exports,"MALDIVES, REP. OF",Mineral fuels (27),584
2009,Exports,"PALAU, REP. OF",Copper (74),567
2009,Exports,LEBANON,Copper (74),526
2009,Exports,UNITED ARAB EMIRATES,"Salt, stone & earths (25)",300
2009,Exports,KIRIBATI,"Salt, stone & earths (25)",150
2009,Imports,SAUDI ARABIA,Mineral fuels (27),1520600835
2009,Imports,SINGAPORE,Mineral fuels (27),1079092495
2009,Imports,UNITED ARAB EMIRATES,Mineral fuels (27),786794610
2009,Imports,TAIWAN,Mineral fuels (27),772722942
2009,Imports,"KOREA, REP. (SOUTH)",Mineral fuels (27),767676152
2009,Imports,QATAR,Mineral fuels (27),572714771
2009,Imports,INDONESIA,Mineral fuels (27),511240030
2009,Imports,MALAYSIA,Mineral fuels (27),446665790
2009,Imports,CHINA,Mineral fuels (27),310418824
2009,Imports,JAPAN,Mineral fuels (27),289273538
2009,Imports,INDONESIA,Metal ores & concentrates (26),256182162
2009,Imports,PAPUA NEW GUINEA,Metal ores & concentrates (26),204775525
2009,Imports,AUSTRALIA,Mineral fuels (27),149337373
2009,Imports,RUSSIA,Mineral fuels (27),148181086
2009,Imports,THAILAND,Mineral fuels (27),104805549
2009,Imports,PERU,Metal ores & concentrates (26),97559659
2009,Imports,ARGENTINA,Metal ores & concentrates (26),94066478
2009,Imports,AUSTRALIA,Metal ores & concentrates (26),87663711
2009,Imports,OMAN,Mineral fuels (27),83547482
2009,Imports,CHILE,Metal ores & concentrates (26),67515244
2009,Imports,JAPAN,Gold (7108),65563997
2009,Imports,IRAN,Mineral fuels (27),62842827
2009,Imports,JAPAN,Copper (74),57889659
2009,Imports,TAIWAN,Copper (74),49681199
2009,Imports,AUSTRALIA,Copper (74),43493018
2009,Imports,"KOREA, REP. (SOUTH)",Copper (74),38250974
2009,Imports,ALGERIA,"Salt, stone & earths (25)",33734999
2009,Imports,HONG KONG,Gold (7108),32875754
2009,Imports,CANADA,Metal ores & concentrates (26),32541064
2009,Imports,MALAYSIA,"Salt, stone & earths (25)",24569541
2009,Imports,CHINA,Copper (74),23578377
2009,Imports,BANGLADESH,Mineral fuels (27),22946010
2009,Imports,BRUNEI DARUSSALAM,Mineral fuels (27),22299808
2009,Imports,CHINA,"Salt, stone & earths (25)",21378815
2009,Imports,KUWAIT,Mineral fuels (27),18365557
2009,Imports,"KOREA, REP. (SOUTH)",Gold (7108),17843020
2009,Imports,AUSTRALIA,"Salt, stone & earths (25)",17419629
2009,Imports,JAPAN,Metal ores & concentrates (26),17410459
2009,Imports,GERMANY,Copper (74),16960897
2009,Imports,HONG KONG,Metal ores & concentrates (26),16595249
2009,Imports,MALAYSIA,Copper (74),15998374
2009,Imports,THAILAND,Copper (74),13715646
2009,Imports,MALAYSIA,Gold (7108),13471661
2009,Imports,BRAZIL,Metal ores & concentrates (26),12929027
2009,Imports,VIETNAM,"Salt, stone & earths (25)",10367962
2009,Imports,INDONESIA,Copper (74),9971551
2009,Imports,THAILAND,"Salt, stone & earths (25)",9550031
2009,Imports,SINGAPORE,Gold (7108),9480719
2009,Imports,MALAYSIA,Metal ores & concentrates (26),9475305
2009,Imports,CHINA,Metal ores & concentrates (26),9339818
2009,Imports,MALAYSIA,"Lead, zinc & tin (78-80)",9282780
2009,Imports,"KOREA, REP. (SOUTH)","Lead, zinc & tin (78-80)",9187170
2009,Imports,VIETNAM,Mineral fuels (27),8356472
2009,Imports,ISRAEL,"Salt, stone & earths (25)",8231202
2009,Imports,JAPAN,"Lead, zinc & tin (78-80)",7874158
2009,Imports,INDIA,Copper (74),7558179
2009,Imports,IRAQ,Mineral fuels (27),7494780
2009,Imports,SINGAPORE,Metal ores & concentrates (26),7332745
2009,Imports,TAIWAN,"Salt, stone & earths (25)",7300334
2009,Imports,UNITED STATES,Mineral fuels (27),7257614
2009,Imports,JAPAN,"Salt, stone & earths (25)",6893145
2009,Imports,SINGAPORE,"Lead, zinc & tin (78-80)",6664757
2009,Imports,SINGAPORE,"Salt, stone & earths (25)",5636452
2009,Imports,SINGAPORE,Copper (74),4433122
2009,Imports,UNITED STATES,"Salt, stone & earths (25)",4419867
2009,Imports,NORWAY,"Salt, stone & earths (25)",4298254
2009,Imports,UNITED STATES,"Lead, zinc & tin (78-80)",4289406
2009,Imports,UNITED STATES,Copper (74),3890892
2009,Imports,INDIA,"Salt, stone & earths (25)",3788246
2009,Imports,CANADA,"Lead, zinc & tin (78-80)",2944643
2009,Imports,CANADA,Copper (74),2634660
2009,Imports,INDONESIA,"Salt, stone & earths (25)",2550969
2009,Imports,INDONESIA,"Lead, zinc & tin (78-80)",2263672
2009,Imports,HONG KONG,Copper (74),2097699
2009,Imports,HONG KONG,"Lead, zinc & tin (78-80)",2023246
2009,Imports,INDIA,Mineral fuels (27),1919160
2009,Imports,JAPAN,Nickel (75),1890429
2009,Imports,EGYPT ARAB REPUBLIC,"Salt, stone & earths (25)",1612493
2009,Imports,UNITED ARAB EMIRATES,"Lead, zinc & tin (78-80)",1515843
2009,Imports,CHINA,"Lead, zinc & tin (78-80)",1400144
2009,Imports,TAIWAN,"Lead, zinc & tin (78-80)",1397510
2009,Imports,CANADA,"Salt, stone & earths (25)",1384905
2009,Imports,QATAR,"Salt, stone & earths (25)",1379703
2009,Imports,BERMUDA,Mineral fuels (27),1173833
2009,Imports,AUSTRALIA,"Lead, zinc & tin (78-80)",1144115
2009,Imports,UNITED STATES,Gold (7108),956288
2009,Imports,HONG KONG,Mineral fuels (27),911658
2009,Imports,SINGAPORE,Nickel (75),850781
2009,Imports,RUSSIA,Copper (74),835979
2009,Imports,SPAIN,Mineral fuels (27),756253
2009,Imports,HONG KONG,"Salt, stone & earths (25)",711838
2009,Imports,CHINA,Nickel (75),701900
2009,Imports,UNITED KINGDOM,"Lead, zinc & tin (78-80)",657557
2009,Imports,"KOREA, REP. (SOUTH)","Salt, stone & earths (25)",649113
2009,Imports,NEW ZEALAND (EXCLUDES WESTERN SAMOA),Copper (74),623362
2009,Imports,FRANCE,Mineral fuels (27),518455
2009,Imports,"PAKISTAN, ISLAMIC REP. OF",Copper (74),513707
2009,Imports,UNITED KINGDOM,"Salt, stone & earths (25)",485483
2009,Imports,UNITED KINGDOM,Copper (74),470414
2009,Imports,UNITED KINGDOM,Nickel (75),449229
2009,Imports,SWITZERLAND,"Lead, zinc & tin (78-80)",419611
2009,Imports,GERMANY,Gold (7108),357661
2009,Imports,GERMANY,"Salt, stone & earths (25)",329848
2009,Imports,THAILAND,"Lead, zinc & tin (78-80)",327748
2009,Imports,UNITED KINGDOM,Mineral fuels (27),313028
2009,Imports,NETHERLANDS,Mineral fuels (27),279739
2009,Imports,"KOREA, REP. (SOUTH)",Nickel (75),248550
2009,Imports,AUSTRIA,"Salt, stone & earths (25)",239796
2009,Imports,TAIWAN,Nickel (75),232958
2009,Imports,ITALY,Mineral fuels (27),222628
2009,Imports,SWITZERLAND,Mineral fuels (27),215948
2009,Imports,THAILAND,Metal ores & concentrates (26),210876
2009,Imports,FRANCE,"Salt, stone & earths (25)",201848
2009,Imports,BRAZIL,"Salt, stone & earths (25)",194965
2009,Imports,ITALY,Copper (74),176558
2009,Imports,VIETNAM,Copper (74),166778
2009,Imports,CANADA,Nickel (75),155309
2009,Imports,GERMANY,Mineral fuels (27),147142
2009,Imports,FRANCE,Copper (74),132859
2009,Imports,MALAYSIA,Nickel (75),130210
2009,Imports,"SOUTH AFRICA, REP. OF",Mineral fuels (27),126875
2009,Imports,NEW ZEALAND (EXCLUDES WESTERN SAMOA),"Salt, stone & earths (25)",118063
2009,Imports,"PAKISTAN, ISLAMIC REP. OF",Mineral fuels (27),113254
2009,Imports,TAIWAN,Metal ores & concentrates (26),106994
2009,Imports,FINLAND,"Salt, stone & earths (25)",103856
2009,Imports,"SOMALIA, DEMOCRATIC REP. OF",Copper (74),96983
2009,Imports,TURKEY,Mineral fuels (27),94522
2009,Imports,GERMANY,"Lead, zinc & tin (78-80)",91664
2009,Imports,INDIA,"Lead, zinc & tin (78-80)",89170
2009,Imports,TURKEY,"Salt, stone & earths (25)",88934
2009,Imports,NETHERLANDS,"Salt, stone & earths (25)",87707
2009,Imports,BELGIUM,Mineral fuels (27),87620
2009,Imports,SWEDEN,Copper (74),81919
2009,Imports,SWITZERLAND,Gold (7108),79278
2009,Imports,NETHERLANDS,Copper (74),67343
2009,Imports,BRAZIL,Copper (74),60072
2009,Imports,ITALY,"Salt, stone & earths (25)",57762
2009,Imports,NIGERIA,"Lead, zinc & tin (78-80)",54870
2009,Imports,INDIA,Nickel (75),53844
2009,Imports,NETHERLANDS,"Lead, zinc & tin (78-80)",52009
2009,Imports,CHINA,Gold (7108),49408
2009,Imports,KUWAIT,Copper (74),44171
2009,Imports,UNITED ARAB EMIRATES,Copper (74),35944
2009,Imports,SWITZERLAND,"Salt, stone & earths (25)",35330
2009,Imports,VIETNAM,"Lead, zinc & tin (78-80)",35174
2009,Imports,UNITED STATES,Nickel (75),33175
2009,Imports,AUSTRIA,Metal ores & concentrates (26),30740
2009,Imports,UKRAINE (UKRAINIAN S.S.R.),Metal ores & concentrates (26),30460
2009,Imports,SAUDI ARABIA,Copper (74),25027
2009,Imports,SWEDEN,Mineral fuels (27),23413
2009,Imports,POLAND,"Lead, zinc & tin (78-80)",19476
2009,Imports,CAMBODIA,"Salt, stone & earths (25)",18671
2009,Imports,BULGARIA,"Salt, stone & earths (25)",18646
2009,Imports,SPAIN,"Salt, stone & earths (25)",16723
2009,Imports,GERMANY,Nickel (75),16706
2009,Imports,HONG KONG,Nickel (75),16182
2009,Imports,QATAR,Copper (74),13721
2009,Imports,MEXICO,Mineral fuels (27),12979
2009,Imports,MYANMAR,"Salt, stone & earths (25)",11543
2009,Imports,SWITZERLAND,Metal ores & concentrates (26),10471
2009,Imports,EGYPT ARAB REPUBLIC,Mineral fuels (27),10418
2009,Imports,"SOUTH AFRICA, REP. OF","Lead, zinc & tin (78-80)",9369
2009,Imports,SPAIN,Copper (74),9007
2009,Imports,SWITZERLAND,Copper (74),6942
2009,Imports,UNITED STATES,Metal ores & concentrates (26),6613
2009,Imports,INDIA,Metal ores & concentrates (26),5754
2009,Imports,DENMARK,Copper (74),5744
2009,Imports,TURKEY,Copper (74),5149
2009,Imports,AUSTRIA,Copper (74),4560
2009,Imports,ARGENTINA,"Salt, stone & earths (25)",4188
2009,Imports,FRANCE,Nickel (75),4175
2009,Imports,NEW ZEALAND (EXCLUDES WESTERN SAMOA),"Lead, zinc & tin (78-80)",3952
2009,Imports,IRAN,"Salt, stone & earths (25)",3582
2009,Imports,DENMARK,"Salt, stone & earths (25)",2367
2009,Imports,BELGIUM,"Lead, zinc & tin (78-80)",2154
2009,Imports,CANADA,Gold (7108),2071
2009,Imports,JORDAN,"Salt, stone & earths (25)",1534
2009,Imports,NEPAL,Copper (74),1319
2009,Imports,BELGIUM,"Salt, stone & earths (25)",1179
2009,Imports,FINLAND,Copper (74),1145
2009,Imports,CANADA,Mineral fuels (27),541
2009,Imports,"PAKISTAN, ISLAMIC REP. OF","Salt, stone & earths (25)",210
2010,Exports,JAPAN,Metal ores & concentrates (26),356315235
2010,Exports,"KOREA, REP. (SOUTH)",Mineral fuels (27),352381075
2010,Exports,CHINA,Metal ores & concentrates (26),333820231
2010,Exports,THAILAND,Copper (74),289623492
2010,Exports,CHINA,Copper (74),242995466
2010,Exports,SINGAPORE,Mineral fuels (27),215165939
2010,Exports,TAIWAN,Gold (7108),195173820
2010,Exports,CHINA,Mineral fuels (27),189671064
2010,Exports,VIETNAM,Copper (74),121245971
2010,Exports,"KOREA, REP. (SOUTH)",Copper (74),92955705
2010,Exports,TAIWAN,Mineral fuels (27),83559380
2010,Exports,MALAYSIA,Mineral fuels (27),76635267
2010,Exports,HONG KONG,Copper (74),67176806
2010,Exports,JAPAN,Copper (74),63610493
2010,Exports,JAPAN,Mineral fuels (27),61924941
2010,Exports,HONG KONG,Gold (7108),53037355
2010,Exports,MALAYSIA,Copper (74),48311658
2010,Exports,TAIWAN,Copper (74),44833419
2010,Exports,THAILAND,Mineral fuels (27),37455806
2010,Exports,"KOREA, REP. (SOUTH)",Metal ores & concentrates (26),36731849
2010,Exports,JAPAN,Gold (7108),35694596
2010,Exports,SWITZERLAND,Gold (7108),33924698
2010,Exports,GREECE,Metal ores & concentrates (26),26606155
2010,Exports,INDONESIA,Copper (74),25861420
2010,Exports,AUSTRALIA,Metal ores & concentrates (26),18994650
2010,Exports,HONG KONG,Mineral fuels (27),15361952
2010,Exports,INDIA,Mineral fuels (27),9500829
2010,Exports,AUSTRALIA,Mineral fuels (27),9147863
2010,Exports,"KOREA, REP. (SOUTH)","Lead, zinc & tin (78-80)",8388164
2010,Exports,BANGLADESH,"Salt, stone & earths (25)",8056250
2010,Exports,MALAYSIA,Gold (7108),7148287
2010,Exports,SAUDI ARABIA,Copper (74),6606620
2010,Exports,TAIWAN,"Lead, zinc & tin (78-80)",6372368
2010,Exports,SINGAPORE,Copper (74),5753121
2010,Exports,TAIWAN,"Salt, stone & earths (25)",5528790
2010,Exports,MALAYSIA,"Lead, zinc & tin (78-80)",4445506
2010,Exports,JAPAN,"Salt, stone & earths (25)",3781954
2010,Exports,VIETNAM,Mineral fuels (27),3233518
2010,Exports,UNITED ARAB EMIRATES,Metal ores & concentrates (26),2501900
2010,Exports,MALAYSIA,"Salt, stone & earths (25)",2464848
2010,Exports,INDONESIA,"Lead, zinc & tin (78-80)",2352026
2010,Exports,INDONESIA,Mineral fuels (27),2252206
2010,Exports,SINGAPORE,"Salt, stone & earths (25)",2192939
2010,Exports,BANGLADESH,"Lead, zinc & tin (78-80)",2189368
2010,Exports,INDONESIA,"Salt, stone & earths (25)",2118733
2010,Exports,SINGAPORE,Metal ores & concentrates (26),1991493
2010,Exports,PERU,Metal ores & concentrates (26),1872773
2010,Exports,CHINA,"Lead, zinc & tin (78-80)",1805526
2010,Exports,JAPAN,"Lead, zinc & tin (78-80)",1339998
2010,Exports,CHINA,Gold (7108),1334751
2010,Exports,CHINA,"Salt, stone & earths (25)",1316166
2010,Exports,"KOREA, REP. (SOUTH)","Salt, stone & earths (25)",1140518
2010,Exports,HONG KONG,Metal ores & concentrates (26),1034373
2010,Exports,THAILAND,"Lead, zinc & tin (78-80)",943435
2010,Exports,INDIA,"Salt, stone & earths (25)",942151
2010,Exports,VIETNAM,"Salt, stone & earths (25)",908039
2010,Exports,UNITED STATES,"Salt, stone & earths (25)",838050
2010,Exports,INDIA,"Lead, zinc & tin (78-80)",797517
2010,Exports,AUSTRALIA,"Salt, stone & earths (25)",705713
2010,Exports,INDONESIA,Gold (7108),660815
2010,Exports,NEW CALEDONIA,"Salt, stone & earths (25)",654300
2010,Exports,NETHERLANDS,"Lead, zinc & tin (78-80)",639847
2010,Exports,VIETNAM,Metal ores & concentrates (26),514648
2010,Exports,MACAU,Copper (74),497093
2010,Exports,THAILAND,Gold (7108),431641
2010,Exports,"PALAU, REP. OF","Salt, stone & earths (25)",428001
2010,Exports,UNITED STATES,Copper (74),416875
2010,Exports,CAMBODIA,Mineral fuels (27),410284
2010,Exports,THAILAND,"Salt, stone & earths (25)",397383
2010,Exports,SINGAPORE,"Lead, zinc & tin (78-80)",362177
2010,Exports,TAIWAN,Metal ores & concentrates (26),329237
2010,Exports,INDIA,Copper (74),328630
2010,Exports,"MARSHALL ISLANDS, REP. OF","Salt, stone & earths (25)",318330
2010,Exports,"PAKISTAN, ISLAMIC REP. OF",Mineral fuels (27),268390
2010,Exports,PACIFIC TRUST TERRITORY,"Salt, stone & earths (25)",253975
2010,Exports,SPAIN,Copper (74),240170
2010,Exports,GERMANY,Copper (74),238764
2010,Exports,"KOREA, REP. (SOUTH)",Nickel (75),236027
2010,Exports,HONG KONG,"Lead, zinc & tin (78-80)",232024
2010,Exports,NETHERLANDS,"Salt, stone & earths (25)",180086
2010,Exports,INDIA,Metal ores & concentrates (26),172058
2010,Exports,HONG KONG,"Salt, stone & earths (25)",167058
2010,Exports,AUSTRALIA,"Lead, zinc & tin (78-80)",163936
2010,Exports,ITALY,Copper (74),150000
2010,Exports,UNITED STATES,Mineral fuels (27),147653
2010,Exports,FRENCH POLYNESIA,Mineral fuels (27),146269
2010,Exports,PAPUA NEW GUINEA,"Salt, stone & earths (25)",115324
2010,Exports,UNITED ARAB EMIRATES,Mineral fuels (27),110896
2010,Exports,ITALY,"Salt, stone & earths (25)",109916
2010,Exports,SOLOMON ISLANDS (BRITISH),"Salt, stone & earths (25)",102900
2010,Exports,VIETNAM,"Lead, zinc & tin (78-80)",98280
2010,Exports,"MICRONESIA, FEDERATED STATES OF","Salt, stone & earths (25)",96211
2010,Exports,BELGIUM,Metal ores & concentrates (26),95000
2010,Exports,AUSTRALIA,Copper (74),84671
2010,Exports,JAPAN,Nickel (75),81949
2010,Exports,FINLAND,Copper (74),65957
2010,Exports,THAILAND,Metal ores & concentrates (26),48491
2010,Exports,UNITED KINGDOM,"Salt, stone & earths (25)",48316
2010,Exports,MALAYSIA,Metal ores & concentrates (26),41957
2010,Exports,GEORGIA,"Salt, stone & earths (25)",35905
2010,Exports,FRANCE,"Salt, stone & earths (25)",34946
2010,Exports,SINGAPORE,Gold (7108),33786
2010,Exports,GERMANY,"Lead, zinc & tin (78-80)",33605
2010,Exports,GERMANY,"Salt, stone & earths (25)",32101
2010,Exports,BELGIUM,Copper (74),30000
2010,Exports,UNITED STATES,Metal ores & concentrates (26),28485
2010,Exports,UNITED KINGDOM,"Lead, zinc & tin (78-80)",27552
2010,Exports,SINGAPORE,Nickel (75),25078
2010,Exports,BELGIUM,"Salt, stone & earths (25)",23600
2010,Exports,GERMANY,Gold (7108),20859
2010,Exports,GREECE,Copper (74),20000
2010,Exports,UNITED STATES,"Lead, zinc & tin (78-80)",16809
2010,Exports,CANADA,Copper (74),16596
2010,Exports,BRAZIL,"Salt, stone & earths (25)",15267
2010,Exports,CANADA,"Salt, stone & earths (25)",15036
2010,Exports,"SOUTH AFRICA, REP. OF",Mineral fuels (27),14989
2010,Exports,AUSTRIA,Metal ores & concentrates (26),13600
2010,Exports,"PAKISTAN, ISLAMIC REP. OF","Salt, stone & earths (25)",12561
2010,Exports,BRUNEI DARUSSALAM,Mineral fuels (27),12360
2010,Exports,INDIA,Gold (7108),12000
2010,Exports,BRUNEI DARUSSALAM,"Salt, stone & earths (25)",11972
2010,Exports,BRUNEI DARUSSALAM,"Lead, zinc & tin (78-80)",10501
2010,Exports,"KOREA, REP. (SOUTH)",Gold (7108),10000
2010,Exports,DENMARK,"Lead, zinc & tin (78-80)",9551
2010,Exports,SAUDI ARABIA,"Salt, stone & earths (25)",7606
2010,Exports,ISRAEL,"Salt, stone & earths (25)",7489
2010,Exports,TURKEY,"Salt, stone & earths (25)",7312
2010,Exports,"SOUTH AFRICA, REP. OF","Salt, stone & earths (25)",6600
2010,Exports,QATAR,"Salt, stone & earths (25)",5872
2010,Exports,MALAYSIA,Nickel (75),5814
2010,Exports,NETHERLANDS,Copper (74),5700
2010,Exports,RUSSIA,"Salt, stone & earths (25)",5585
2010,Exports,SPAIN,"Lead, zinc & tin (78-80)",5294
2010,Exports,UNITED KINGDOM,Copper (74),3488
2010,Exports,UNITED ARAB EMIRATES,"Lead, zinc & tin (78-80)",3240
2010,Exports,PAPUA NEW GUINEA,"Lead, zinc & tin (78-80)",3200
2010,Exports,AUSTRALIA,Nickel (75),2866
2010,Exports,PACIFIC TRUST TERRITORY,"Lead, zinc & tin (78-80)",2500
2010,Exports,FRANCE,"Lead, zinc & tin (78-80)",2275
2010,Exports,UNITED ARAB EMIRATES,"Salt, stone & earths (25)",1506
2010,Exports,"MICRONESIA, FEDERATED STATES OF",Copper (74),951
2010,Exports,TURKEY,"Lead, zinc & tin (78-80)",700
2010,Exports,PAPUA NEW GUINEA,Copper (74),280
2010,Exports,SWITZERLAND,"Salt, stone & earths (25)",200
2010,Exports,UNITED STATES,Gold (7108),100
2010,Imports,SAUDI ARABIA,Mineral fuels (27),2403984843
2010,Imports,SINGAPORE,Mineral fuels (27),1791461847
2010,Imports,UNITED ARAB EMIRATES,Mineral fuels (27),1355455701
2010,Imports,MALAYSIA,Mineral fuels (27),777975186
2010,Imports,TAIWAN,Mineral fuels (27),601522654
2010,Imports,INDONESIA,Mineral fuels (27),579794982
2010,Imports,"KOREA, REP. (SOUTH)",Mineral fuels (27),502502963
2010,Imports,THAILAND,Mineral fuels (27),485546965
2010,Imports,QATAR,Mineral fuels (27),382267639
2010,Imports,RUSSIA,Mineral fuels (27),342425368
2010,Imports,PAPUA NEW GUINEA,Metal ores & concentrates (26),282037471
2010,Imports,JAPAN,Gold (7108),259775807
2010,Imports,AUSTRALIA,Metal ores & concentrates (26),230318441
2010,Imports,CHINA,Mineral fuels (27),228552108
2010,Imports,INDONESIA,Metal ores & concentrates (26),213443281
2010,Imports,CANADA,Metal ores & concentrates (26),174687880
2010,Imports,CHILE,Metal ores & concentrates (26),165173314
2010,Imports,JAPAN,Mineral fuels (27),140440222
2010,Imports,"KOREA, REP. (SOUTH)",Copper (74),96741527
2010,Imports,IRAN,Mineral fuels (27),79696802
2010,Imports,JAPAN,Copper (74),74188841
2010,Imports,ARGENTINA,Metal ores & concentrates (26),70497304
2010,Imports,KUWAIT,Mineral fuels (27),65690631
2010,Imports,AUSTRALIA,Mineral fuels (27),63306140
2010,Imports,PERU,Metal ores & concentrates (26),60829978
2010,Imports,TAIWAN,Copper (74),60735027
2010,Imports,HONG KONG,Gold (7108),53906227
2010,Imports,OMAN,Mineral fuels (27),52016658
2010,Imports,VIETNAM,Metal ores & concentrates (26),49512087
2010,Imports,AUSTRALIA,Copper (74),49485655
2010,Imports,INDONESIA,Copper (74),45272218
2010,Imports,CHINA,Metal ores & concentrates (26),37093118
2010,Imports,BRAZIL,Metal ores & concentrates (26),35759360
2010,Imports,MALAYSIA,"Salt, stone & earths (25)",33226021
2010,Imports,"KOREA, REP. (SOUTH)",Gold (7108),28725359
2010,Imports,BANGLADESH,Mineral fuels (27),28696416
2010,Imports,MALAYSIA,Gold (7108),28681833
2010,Imports,CHINA,"Salt, stone & earths (25)",25132788
2010,Imports,AUSTRALIA,"Salt, stone & earths (25)",23490517
2010,Imports,ISRAEL,"Salt, stone & earths (25)",21492668
2010,Imports,JAPAN,"Lead, zinc & tin (78-80)",19729274
2010,Imports,MALAYSIA,Copper (74),18268088
2010,Imports,THAILAND,Copper (74),17992152
2010,Imports,ALGERIA,Mineral fuels (27),16662784
2010,Imports,CHINA,Copper (74),16646556
2010,Imports,"KOREA, REP. (SOUTH)","Lead, zinc & tin (78-80)",16458403
2010,Imports,VIETNAM,Mineral fuels (27),15172381
2010,Imports,CHINA,"Lead, zinc & tin (78-80)",11548478
2010,Imports,UNITED STATES,Copper (74),11143454
2010,Imports,EGYPT ARAB REPUBLIC,"Salt, stone & earths (25)",10614412
2010,Imports,"MALDIVES, REP. OF",Mineral fuels (27),10151152
2010,Imports,HONG KONG,Mineral fuels (27),9120887
2010,Imports,CANADA,Copper (74),9051896
2010,Imports,JAPAN,Metal ores & concentrates (26),8980691
2010,Imports,ALGERIA,"Salt, stone & earths (25)",8898945
2010,Imports,UNITED ARAB EMIRATES,"Lead, zinc & tin (78-80)",8866796
2010,Imports,TOGO,"Salt, stone & earths (25)",8245049
2010,Imports,THAILAND,"Salt, stone & earths (25)",7898438
2010,Imports,MEXICO,Metal ores & concentrates (26),7832022
2010,Imports,UNITED STATES,Mineral fuels (27),7822143
2010,Imports,JAPAN,"Salt, stone & earths (25)",6970327
2010,Imports,TAIWAN,"Salt, stone & earths (25)",6113212
2010,Imports,INDIA,Copper (74),5541645
2010,Imports,SINGAPORE,Gold (7108),5502311
2010,Imports,UNITED STATES,"Salt, stone & earths (25)",5478945
2010,Imports,UNITED ARAB EMIRATES,"Salt, stone & earths (25)",5383215
2010,Imports,VIETNAM,"Salt, stone & earths (25)",5354871
2010,Imports,CANADA,"Lead, zinc & tin (78-80)",4768969
2010,Imports,SAUDI ARABIA,Copper (74),4180303
2010,Imports,SINGAPORE,Copper (74),4151928
2010,Imports,SAUDI ARABIA,"Salt, stone & earths (25)",4063625
2010,Imports,AUSTRALIA,"Lead, zinc & tin (78-80)",3862545
2010,Imports,HONG KONG,"Lead, zinc & tin (78-80)",3713646
2010,Imports,UNITED STATES,"Lead, zinc & tin (78-80)",3707735
2010,Imports,UNITED ARAB EMIRATES,Copper (74),3208684
2010,Imports,JAPAN,Nickel (75),3183031
2010,Imports,HONG KONG,Copper (74),3011120
2010,Imports,AUSTRALIA,Nickel (75),2965604
2010,Imports,"KOREA, REP. (SOUTH)","Salt, stone & earths (25)",2928709
2010,Imports,SINGAPORE,"Salt, stone & earths (25)",2595518
2010,Imports,INDIA,"Salt, stone & earths (25)",2472052
2010,Imports,TAIWAN,"Lead, zinc & tin (78-80)",2244699
2010,Imports,BERMUDA,Mineral fuels (27),2120237
2010,Imports,PAPUA NEW GUINEA,Mineral fuels (27),2012438
2010,Imports,GERMANY,Copper (74),1683018
2010,Imports,CANADA,"Salt, stone & earths (25)",1614518
2010,Imports,RUSSIA,Copper (74),1410401
2010,Imports,INDONESIA,"Lead, zinc & tin (78-80)",1407789
2010,Imports,SINGAPORE,"Lead, zinc & tin (78-80)",1268313
2010,Imports,INDIA,"Lead, zinc & tin (78-80)",1243745
2010,Imports,GERMANY,Mineral fuels (27),1177876
2010,Imports,SPAIN,"Salt, stone & earths (25)",1149920
2010,Imports,INDIA,Mineral fuels (27),1147085
2010,Imports,GERMANY,Gold (7108),1097390
2010,Imports,"MARSHALL ISLANDS, REP. OF",Mineral fuels (27),1015650
2010,Imports,MALAYSIA,"Lead, zinc & tin (78-80)",980412
2010,Imports,INDONESIA,"Salt, stone & earths (25)",914957
2010,Imports,VIETNAM,Copper (74),887537
2010,Imports,POLAND,Mineral fuels (27),870859
2010,Imports,UNITED KINGDOM,"Salt, stone & earths (25)",864815
2010,Imports,CHINA,Nickel (75),837686
2010,Imports,GERMANY,"Lead, zinc & tin (78-80)",824794
2010,Imports,MALAYSIA,Nickel (75),762320
2010,Imports,SPAIN,Copper (74),758576
2010,Imports,FRANCE,Mineral fuels (27),694660
2010,Imports,NETHERLANDS,Copper (74),668715
2010,Imports,THAILAND,Metal ores & concentrates (26),653393
2010,Imports,KUWAIT,"Salt, stone & earths (25)",645661
2010,Imports,"PAKISTAN, ISLAMIC REP. OF",Copper (74),638479
2010,Imports,ITALY,Copper (74),622189
2010,Imports,PANAMA,Mineral fuels (27),621497
2010,Imports,BAHRAIN,Mineral fuels (27),613841
2010,Imports,SWEDEN,Copper (74),601121
2010,Imports,LUXEMBOURG,"Salt, stone & earths (25)",568259
2010,Imports,HONG KONG,"Salt, stone & earths (25)",562451
2010,Imports,SWITZERLAND,Mineral fuels (27),538464
2010,Imports,TURKEY,Mineral fuels (27),536664
2010,Imports,BELGIUM,Mineral fuels (27),531055
2010,Imports,INDIA,Metal ores & concentrates (26),515865
2010,Imports,UNITED STATES,Gold (7108),500996
2010,Imports,JORDAN,Copper (74),467560
2010,Imports,UKRAINE (UKRAINIAN S.S.R.),Mineral fuels (27),446072
2010,Imports,BRAZIL,"Salt, stone & earths (25)",409043
2010,Imports,GERMANY,"Salt, stone & earths (25)",408184
2010,Imports,UNITED KINGDOM,Nickel (75),344974
2010,Imports,SINGAPORE,Nickel (75),326401
2010,Imports,CANADA,Nickel (75),310055
2010,Imports,NETHERLANDS,Mineral fuels (27),282543
2010,Imports,NORWAY,Nickel (75),274462
2010,Imports,FRANCE,Copper (74),268712
2010,Imports,HONG KONG,Nickel (75),251987
2010,Imports,"KOREA, REP. (SOUTH)",Nickel (75),235515
2010,Imports,TAIWAN,Metal ores & concentrates (26),212975
2010,Imports,NETHERLANDS,"Salt, stone & earths (25)",207773
2010,Imports,UNITED KINGDOM,Copper (74),196970
2010,Imports,NEW ZEALAND (EXCLUDES WESTERN SAMOA),"Salt, stone & earths (25)",195998
2010,Imports,FRANCE,"Salt, stone & earths (25)",194832
2010,Imports,THAILAND,"Lead, zinc & tin (78-80)",176064
2010,Imports,"SOUTH AFRICA, REP. OF",Mineral fuels (27),171842
2010,Imports,UNITED KINGDOM,"Lead, zinc & tin (78-80)",150253
2010,Imports,UNITED ARAB EMIRATES,Nickel (75),137570
2010,Imports,SWEDEN,Mineral fuels (27),135067
2010,Imports,SWITZERLAND,Gold (7108),126761
2010,Imports,EGYPT ARAB REPUBLIC,Mineral fuels (27),125944
2010,Imports,UKRAINE (UKRAINIAN S.S.R.),Metal ores & concentrates (26),118563
2010,Imports,INDIA,Nickel (75),109349
2010,Imports,VIETNAM,"Lead, zinc & tin (78-80)",107408
2010,Imports,FINLAND,"Salt, stone & earths (25)",99258
2010,Imports,UNITED KINGDOM,Mineral fuels (27),77050
2010,Imports,TAIWAN,Nickel (75),65957
2010,Imports,TURKEY,"Salt, stone & earths (25)",61970
2010,Imports,UNITED STATES,Nickel (75),54783
2010,Imports,MAURITIUS,Mineral fuels (27),52715
2010,Imports,HONG KONG,Metal ores & concentrates (26),48734
2010,Imports,MEXICO,"Salt, stone & earths (25)",47750
2010,Imports,ITALY,Gold (7108),42256
2010,Imports,ITALY,Mineral fuels (27),40831
2010,Imports,TAIWAN,Gold (7108),34643
2010,Imports,GERMANY,Nickel (75),34625
2010,Imports,NORWAY,"Salt, stone & earths (25)",34606
2010,Imports,UNITED KINGDOM,Gold (7108),31046
2010,Imports,SWITZERLAND,"Lead, zinc & tin (78-80)",30010
2010,Imports,ITALY,"Lead, zinc & tin (78-80)",27921
2010,Imports,SPAIN,Mineral fuels (27),25663
2010,Imports,SWITZERLAND,"Salt, stone & earths (25)",24564
2010,Imports,SWITZERLAND,Copper (74),19204
2010,Imports,CHILE,Copper (74),18670
2010,Imports,POLAND,"Lead, zinc & tin (78-80)",16643
2010,Imports,"SOUTH AFRICA, REP. OF",Copper (74),15813
2010,Imports,NETHERLANDS,Metal ores & concentrates (26),13997
2010,Imports,SINGAPORE,Metal ores & concentrates (26),13587
2010,Imports,ISRAEL,Mineral fuels (27),11951
2010,Imports,NEW ZEALAND (EXCLUDES WESTERN SAMOA),"Lead, zinc & tin (78-80)",11448
2010,Imports,SWITZERLAND,Metal ores & concentrates (26),11235
2010,Imports,BRAZIL,Copper (74),10704
2010,Imports,SWEDEN,"Salt, stone & earths (25)",10397
2010,Imports,TURKEY,Copper (74),10396
2010,Imports,VIETNAM,Gold (7108),10109
2010,Imports,HUNGARY,"Lead, zinc & tin (78-80)",9819
2010,Imports,CAMBODIA,"Salt, stone & earths (25)",9505
2010,Imports,RUSSIA,"Salt, stone & earths (25)",9379
2010,Imports,MEXICO,Copper (74),8481
2010,Imports,"SOUTH AFRICA, REP. OF","Salt, stone & earths (25)",8460
2010,Imports,CANADA,Mineral fuels (27),6555
2010,Imports,DENMARK,Copper (74),6358
2010,Imports,NETHERLANDS,"Lead, zinc & tin (78-80)",5877
2010,Imports,AUSTRIA,"Salt, stone & earths (25)",4815
2010,Imports,NETHERLANDS,Nickel (75),4571
2010,Imports,NEW ZEALAND (EXCLUDES WESTERN SAMOA),Copper (74),4388
2010,Imports,"KOREA, REP. (SOUTH)",Metal ores & concentrates (26),3820
2010,Imports,IRELAND,"Salt, stone & earths (25)",3378
2010,Imports,MYANMAR,"Salt, stone & earths (25)",3066
2010,Imports,FRANCE,"Lead, zinc & tin (78-80)",2041
2010,Imports,DENMARK,Gold (7108),1353
2010,Imports,PORTUGAL,Copper (74),1252
2010,Imports,CANADA,Gold (7108),1249
2010,Imports,ITALY,"Salt, stone & earths (25)",1200
2010,Imports,CZECH REPUBLIC,"Salt, stone & earths (25)",1163
2010,Imports,BURUNDI,Copper (74),1109
2010,Imports,ISRAEL,Copper (74),1046
2010,Imports,UNITED STATES,Metal ores & concentrates (26),1035
2010,Imports,CHINA,Gold (7108),1009
2010,Imports,NORWAY,Mineral fuels (27),987
2010,Imports,SWITZERLAND,Nickel (75),968
2010,Imports,NORWAY,Copper (74),679
2010,Imports,SWEDEN,"Lead, zinc & tin (78-80)",590
2010,Imports,CZECH REPUBLIC,"Lead, zinc & tin (78-80)",408
2010,Imports,BELGIUM,"Salt, stone & earths (25)",319
2010,Imports,FINLAND,Copper (74),63
2011,Exports,CHINA,Metal ores & concentrates (26),520602580
2011,Exports,SINGAPORE,Mineral fuels (27),424558630
2011,Exports,JAPAN,Metal ores & concentrates (26),393711562
2011,Exports,CHINA,Copper (74),371915502
2011,Exports,"KOREA, REP. (SOUTH)",Mineral fuels (27),371129650
2011,Exports,THAILAND,Copper (74),355217839
2011,Exports,"KOREA, REP. (SOUTH)",Copper (74),294685860
2011,Exports,TAIWAN,Gold (7108),195043587
2011,Exports,SWITZERLAND,Gold (7108),178306229
2011,Exports,CHINA,Mineral fuels (27),176689063
2011,Exports,"KOREA, REP. (SOUTH)",Metal ores & concentrates (26),151581918
2011,Exports,TAIWAN,Mineral fuels (27),150572729
2011,Exports,VIETNAM,Copper (74),147241574
2011,Exports,JAPAN,Copper (74),115293225
2011,Exports,MALAYSIA,Mineral fuels (27),107047024
2011,Exports,THAILAND,Mineral fuels (27),85418633
2011,Exports,HONG KONG,Copper (74),65387767
2011,Exports,HONG KONG,Mineral fuels (27),61652113
2011,Exports,JAPAN,Gold (7108),60922775
2011,Exports,HONG KONG,Gold (7108),59312022
2011,Exports,TAIWAN,Copper (74),45455221
2011,Exports,MALAYSIA,Copper (74),28066648
2011,Exports,BELGIUM,Metal ores & concentrates (26),24821262
2011,Exports,AUSTRALIA,Metal ores & concentrates (26),19499761
2011,Exports,OMAN,Metal ores & concentrates (26),19225000
2011,Exports,"KOREA, REP. (SOUTH)","Lead, zinc & tin (78-80)",13173099
2011,Exports,INDONESIA,Copper (74),12379592
2011,Exports,MALAYSIA,Gold (7108),11967809
2011,Exports,TAIWAN,"Lead, zinc & tin (78-80)",9196503
2011,Exports,SWEDEN,Metal ores & concentrates (26),8926000
2011,Exports,AUSTRALIA,Mineral fuels (27),8425472
2011,Exports,MALAYSIA,"Lead, zinc & tin (78-80)",7720955
2011,Exports,INDONESIA,Mineral fuels (27),7630976
2011,Exports,GHANA,"Salt, stone & earths (25)",6500936
2011,Exports,TAIWAN,"Salt, stone & earths (25)",6091776
2011,Exports,THAILAND,"Lead, zinc & tin (78-80)",5966888
2011,Exports,SINGAPORE,Copper (74),5648962
2011,Exports,JAPAN,Mineral fuels (27),5461221
2011,Exports,JAPAN,"Lead, zinc & tin (78-80)",4569023
2011,Exports,JAPAN,"Salt, stone & earths (25)",4451804
2011,Exports,MALAYSIA,Metal ores & concentrates (26),3956020
2011,Exports,GREECE,Metal ores & concentrates (26),3443000
2011,Exports,EGYPT ARAB REPUBLIC,Metal ores & concentrates (26),3405050
2011,Exports,CHINA,"Lead, zinc & tin (78-80)",2898555
2011,Exports,CHINA,Gold (7108),2844823
2011,Exports,UNITED STATES,Gold (7108),2844612
2011,Exports,CHINA,"Salt, stone & earths (25)",2522957
2011,Exports,INDIA,Mineral fuels (27),2480806
2011,Exports,TOGO,"Salt, stone & earths (25)",2462102
2011,Exports,HONG KONG,Metal ores & concentrates (26),2424908
2011,Exports,"KOREA, REP. (SOUTH)","Salt, stone & earths (25)",2058320
2011,Exports,SINGAPORE,"Salt, stone & earths (25)",1925953
2011,Exports,GABON,"Salt, stone & earths (25)",1874970
2011,Exports,UNITED STATES,Metal ores & concentrates (26),1807761
2011,Exports,BANGLADESH,"Lead, zinc & tin (78-80)",1663306
2011,Exports,INDONESIA,"Lead, zinc & tin (78-80)",1572463
2011,Exports,ARGENTINA,"Salt, stone & earths (25)",1560000
2011,Exports,INDIA,"Lead, zinc & tin (78-80)",1520711
2011,Exports,VIETNAM,"Salt, stone & earths (25)",1447983
2011,Exports,INDIA,"Salt, stone & earths (25)",1407643
2011,Exports,VIETNAM,Metal ores & concentrates (26),1362300
2011,Exports,MALAYSIA,"Salt, stone & earths (25)",1290634
2011,Exports,SRI LANKA (CEYLON),"Salt, stone & earths (25)",1238300
2011,Exports,PAPUA NEW GUINEA,"Salt, stone & earths (25)",1084668
2011,Exports,UNITED STATES,"Salt, stone & earths (25)",1011518
2011,Exports,UNITED STATES,Copper (74),960514
2011,Exports,"PALAU, REP. OF","Salt, stone & earths (25)",929587
2011,Exports,VIETNAM,Mineral fuels (27),890176
2011,Exports,THAILAND,Gold (7108),811560
2011,Exports,"MARSHALL ISLANDS, REP. OF","Salt, stone & earths (25)",589398
2011,Exports,MAURITIUS,"Salt, stone & earths (25)",560080
2011,Exports,"PAKISTAN, ISLAMIC REP. OF",Mineral fuels (27),533065
2011,Exports,"MICRONESIA, FEDERATED STATES OF","Salt, stone & earths (25)",527651
2011,Exports,HONG KONG,"Lead, zinc & tin (78-80)",525952
2011,Exports,SPAIN,Copper (74),487863
2011,Exports,SINGAPORE,"Lead, zinc & tin (78-80)",483315
2011,Exports,THAILAND,"Salt, stone & earths (25)",473823
2011,Exports,INDONESIA,"Salt, stone & earths (25)",441568
2011,Exports,GERMANY,Copper (74),356030
2011,Exports,NEW CALEDONIA,"Salt, stone & earths (25)",353724
2011,Exports,UNITED KINGDOM,Copper (74),332734
2011,Exports,PACIFIC TRUST TERRITORY,"Salt, stone & earths (25)",305641
2011,Exports,AUSTRALIA,"Salt, stone & earths (25)",301508
2011,Exports,"MICRONESIA, FEDERATED STATES OF",Metal ores & concentrates (26),254788
2011,Exports,VIETNAM,"Lead, zinc & tin (78-80)",254227
2011,Exports,"KOREA, REP. (SOUTH)",Gold (7108),247686
2011,Exports,UNITED ARAB EMIRATES,Copper (74),242129
2011,Exports,CAMBODIA,Mineral fuels (27),210122
2011,Exports,BELGIUM,Mineral fuels (27),207358
2011,Exports,GERMANY,"Salt, stone & earths (25)",202613
2011,Exports,SINGAPORE,Metal ores & concentrates (26),175290
2011,Exports,NETHERLANDS,Metal ores & concentrates (26),160922
2011,Exports,PAPUA NEW GUINEA,"Lead, zinc & tin (78-80)",153085
2011,Exports,AUSTRALIA,Copper (74),144901
2011,Exports,NEW CALEDONIA,Mineral fuels (27),144423
2011,Exports,"KOREA, REP. (SOUTH)",Nickel (75),141846
2011,Exports,"PAKISTAN, ISLAMIC REP. OF","Lead, zinc & tin (78-80)",141269
2011,Exports,INDIA,Metal ores & concentrates (26),129550
2011,Exports,INDIA,Copper (74),120100
2011,Exports,INDONESIA,Metal ores & concentrates (26),120000
2011,Exports,JAPAN,Nickel (75),117802
2011,Exports,SINGAPORE,Gold (7108),116186
2011,Exports,UNITED KINGDOM,"Lead, zinc & tin (78-80)",106597
2011,Exports,CHINA,Nickel (75),95149
2011,Exports,NETHERLANDS,Copper (74),64100
2011,Exports,NETHERLANDS,"Lead, zinc & tin (78-80)",62548
2011,Exports,BANGLADESH,"Salt, stone & earths (25)",46368
2011,Exports,BRUNEI DARUSSALAM,"Salt, stone & earths (25)",44000
2011,Exports,AUSTRALIA,"Lead, zinc & tin (78-80)",42167
2011,Exports,HONG KONG,"Salt, stone & earths (25)",38557
2011,Exports,NETHERLANDS,"Salt, stone & earths (25)",38152
2011,Exports,TAIWAN,Metal ores & concentrates (26),37432
2011,Exports,UNITED KINGDOM,"Salt, stone & earths (25)",37027
2011,Exports,CANADA,Copper (74),34912
2011,Exports,FRANCE,"Salt, stone & earths (25)",26956
2011,Exports,VANUATU (NEW HEBRIDES),"Salt, stone & earths (25)",25000
2011,Exports,SRI LANKA (CEYLON),"Lead, zinc & tin (78-80)",24797
2011,Exports,BELGIUM,"Salt, stone & earths (25)",23670
2011,Exports,BRAZIL,"Salt, stone & earths (25)",23350
2011,Exports,GERMANY,Metal ores & concentrates (26),20000
2011,Exports,VIETNAM,Nickel (75),18344
2011,Exports,PAPUA NEW GUINEA,Mineral fuels (27),15680
2011,Exports,FRANCE,"Lead, zinc & tin (78-80)",14893
2011,Exports,PACIFIC TRUST TERRITORY,Mineral fuels (27),14867
2011,Exports,UNITED STATES,"Lead, zinc & tin (78-80)",13880
2011,Exports,THAILAND,Metal ores & concentrates (26),13302
2011,Exports,CHILE,Metal ores & concentrates (26),10800
2011,Exports,NEW ZEALAND (EXCLUDES WESTERN SAMOA),Nickel (75),10099
2011,Exports,SAUDI ARABIA,"Salt, stone & earths (25)",9569
2011,Exports,SINGAPORE,Nickel (75),9274
2011,Exports,CANADA,"Salt, stone & earths (25)",9000
2011,Exports,RUSSIA,"Salt, stone & earths (25)",8324
2011,Exports,INDONESIA,Gold (7108),5301
2011,Exports,"MARSHALL ISLANDS, REP. OF",Copper (74),3710
2011,Exports,"SOUTH AFRICA, REP. OF",Mineral fuels (27),3400
2011,Exports,BAHRAIN,"Salt, stone & earths (25)",3020
2011,Exports,UNITED ARAB EMIRATES,"Salt, stone & earths (25)",3000
2011,Exports,ESTONIA,"Salt, stone & earths (25)",2606
2011,Exports,QATAR,"Salt, stone & earths (25)",2400
2011,Exports,"PAKISTAN, ISLAMIC REP. OF","Salt, stone & earths (25)",2140
2011,Exports,GREECE,"Salt, stone & earths (25)",1646
2011,Exports,DENMARK,"Lead, zinc & tin (78-80)",1613
2011,Exports,BRUNEI DARUSSALAM,Copper (74),1590
2011,Exports,ITALY,"Salt, stone & earths (25)",1500
2011,Exports,TURKEY,"Salt, stone & earths (25)",1300
2011,Exports,GERMANY,"Lead, zinc & tin (78-80)",1200
2011,Exports,MEXICO,"Salt, stone & earths (25)",1200
2011,Exports,CYPRUS,"Salt, stone & earths (25)",1000
2011,Exports,CANADA,"Lead, zinc & tin (78-80)",780
2011,Exports,NEW ZEALAND (EXCLUDES WESTERN SAMOA),"Lead, zinc & tin (78-80)",768
2011,Exports,SAUDI ARABIA,"Lead, zinc & tin (78-80)",615
2011,Exports,"MICRONESIA, FEDERATED STATES OF",Copper (74),500
2011,Exports,PAPUA NEW GUINEA,Copper (74),300
2011,Exports,AUSTRALIA,Nickel (75),179
2011,Exports,INDIA,Gold (7108),120
2011,Exports,"MARSHALL ISLANDS, REP. OF",Mineral fuels (27),36
2011,Imports,SAUDI ARABIA,Mineral fuels (27),3199660203
2011,Imports,UNITED ARAB EMIRATES,Mineral fuels (27),1672032216
2011,Imports,RUSSIA,Mineral fuels (27),1469762746
2011,Imports,SINGAPORE,Mineral fuels (27),1325384646
2011,Imports,"KOREA, REP. (SOUTH)",Mineral fuels (27),1249149560
2011,Imports,TAIWAN,Mineral fuels (27),938876754
2011,Imports,INDONESIA,Mineral fuels (27),730864222
2011,Imports,IRAN,Mineral fuels (27),663092067
2011,Imports,CHINA,Mineral fuels (27),551234862
2011,Imports,THAILAND,Mineral fuels (27),366158866
2011,Imports,MALAYSIA,Mineral fuels (27),333871365
2011,Imports,QATAR,Mineral fuels (27),273069378
2011,Imports,INDONESIA,Metal ores & concentrates (26),210984761
2011,Imports,PAPUA NEW GUINEA,Metal ores & concentrates (26),208906773
2011,Imports,JAPAN,Gold (7108),200523101
2011,Imports,PERU,Metal ores & concentrates (26),155048559
2011,Imports,IRAN,Metal ores & concentrates (26),129852719
2011,Imports,AUSTRALIA,Copper (74),124082539
2011,Imports,JAPAN,Mineral fuels (27),110438222
2011,Imports,TAIWAN,Copper (74),105443086
2011,Imports,AUSTRALIA,Metal ores & concentrates (26),104768462
2011,Imports,"KOREA, REP. (SOUTH)",Copper (74),92355849
2011,Imports,CANADA,Metal ores & concentrates (26),70494427
2011,Imports,"SOUTH AFRICA, REP. OF",Copper (74),66815693
2011,Imports,JAPAN,Copper (74),62324832
2011,Imports,CHILE,Metal ores & concentrates (26),59850801
2011,Imports,MALAYSIA,"Salt, stone & earths (25)",45700530
2011,Imports,INDONESIA,Copper (74),43893542
2011,Imports,HONG KONG,Gold (7108),35333505
2011,Imports,EGYPT ARAB REPUBLIC,"Salt, stone & earths (25)",34885564
2011,Imports,MALAYSIA,Gold (7108),27338162
2011,Imports,MALAYSIA,Copper (74),25655755
2011,Imports,CHINA,"Salt, stone & earths (25)",25163092
2011,Imports,THAILAND,Copper (74),24066877
2011,Imports,CHINA,Copper (74),22283640
2011,Imports,KUWAIT,Mineral fuels (27),21891152
2011,Imports,JORDAN,"Salt, stone & earths (25)",21463596
2011,Imports,AUSTRALIA,"Salt, stone & earths (25)",21457149
2011,Imports,UNITED STATES,Copper (74),19765614
2011,Imports,JAPAN,"Lead, zinc & tin (78-80)",18128398
2011,Imports,TOGO,"Salt, stone & earths (25)",17595648
2011,Imports,HONG KONG,Mineral fuels (27),16073002
2011,Imports,VIETNAM,"Salt, stone & earths (25)",15495451
2011,Imports,"KOREA, REP. (SOUTH)",Gold (7108),15122726
2011,Imports,"KOREA, REP. (SOUTH)","Lead, zinc & tin (78-80)",14609140
2011,Imports,AUSTRALIA,Mineral fuels (27),14192733
2011,Imports,CANADA,Copper (74),12766810
2011,Imports,JAPAN,Metal ores & concentrates (26),12552653
2011,Imports,UNITED STATES,Mineral fuels (27),11962429
2011,Imports,ITALY,Copper (74),11566835
2011,Imports,HONG KONG,Copper (74),11449779
2011,Imports,BAHRAIN,Mineral fuels (27),9966521
2011,Imports,KUWAIT,"Salt, stone & earths (25)",9486117
2011,Imports,UNITED STATES,"Lead, zinc & tin (78-80)",7402238
2011,Imports,QATAR,"Salt, stone & earths (25)",7233106
2011,Imports,THAILAND,"Salt, stone & earths (25)",7152899
2011,Imports,UNITED ARAB EMIRATES,"Lead, zinc & tin (78-80)",6649992
2011,Imports,ISRAEL,"Salt, stone & earths (25)",6433644
2011,Imports,INDONESIA,"Lead, zinc & tin (78-80)",6125080
2011,Imports,UNITED STATES,"Salt, stone & earths (25)",4950598
2011,Imports,SWITZERLAND,Copper (74),4889088
2011,Imports,SINGAPORE,"Lead, zinc & tin (78-80)",4874672
2011,Imports,INDIA,Copper (74),4396420
2011,Imports,SINGAPORE,Copper (74),4342648
2011,Imports,CANADA,"Lead, zinc & tin (78-80)",4319633
2011,Imports,GERMANY,Copper (74),4264172
2011,Imports,SINGAPORE,Gold (7108),4244235
2011,Imports,JAPAN,"Salt, stone & earths (25)",3588776
2011,Imports,TAIWAN,"Salt, stone & earths (25)",3444789
2011,Imports,TAIWAN,"Lead, zinc & tin (78-80)",3304286
2011,Imports,UNITED STATES,Metal ores & concentrates (26),3238147
2011,Imports,CHINA,"Lead, zinc & tin (78-80)",3212970
2011,Imports,VIETNAM,Mineral fuels (27),3175449
2011,Imports,INDIA,"Salt, stone & earths (25)",2840373
2011,Imports,UNITED ARAB EMIRATES,Copper (74),2686480
2011,Imports,AUSTRALIA,"Lead, zinc & tin (78-80)",2324976
2011,Imports,HONG KONG,"Lead, zinc & tin (78-80)",2080074
2011,Imports,THAILAND,"Lead, zinc & tin (78-80)",1813850
2011,Imports,HONG KONG,"Salt, stone & earths (25)",1698356
2011,Imports,CHINA,Nickel (75),1599379
2011,Imports,INDIA,Mineral fuels (27),1582723
2011,Imports,GERMANY,Mineral fuels (27),1512627
2011,Imports,VIETNAM,Copper (74),1490376
2011,Imports,GERMANY,Gold (7108),1409811
2011,Imports,MALAYSIA,"Lead, zinc & tin (78-80)",1364036
2011,Imports,"PAKISTAN, ISLAMIC REP. OF",Copper (74),1236260
2011,Imports,GERMANY,"Lead, zinc & tin (78-80)",1204977
2011,Imports,ALGERIA,"Salt, stone & earths (25)",1158431
2011,Imports,PAPUA NEW GUINEA,"Salt, stone & earths (25)",1120914
2011,Imports,INDONESIA,"Salt, stone & earths (25)",1061756
2011,Imports,"SOUTH AFRICA, REP. OF",Metal ores & concentrates (26),1049770
2011,Imports,CANADA,"Salt, stone & earths (25)",1043776
2011,Imports,NIGERIA,"Lead, zinc & tin (78-80)",976433
2011,Imports,SAUDI ARABIA,Copper (74),972010
2011,Imports,"KOREA, REP. (SOUTH)",Nickel (75),968977
2011,Imports,CANADA,Nickel (75),953967
2011,Imports,SOLOMON ISLANDS (BRITISH),"Salt, stone & earths (25)",827502
2011,Imports,SWITZERLAND,Gold (7108),773916
2011,Imports,THAILAND,Metal ores & concentrates (26),760213
2011,Imports,FRANCE,Mineral fuels (27),750540
2011,Imports,SINGAPORE,"Salt, stone & earths (25)",696484
2011,Imports,UNITED KINGDOM,Copper (74),687280
2011,Imports,"KOREA, REP. (SOUTH)","Salt, stone & earths (25)",649777
2011,Imports,SWITZERLAND,Nickel (75),645494
2011,Imports,SWITZERLAND,Metal ores & concentrates (26),620974
2011,Imports,SINGAPORE,Nickel (75),594011
2011,Imports,UNITED STATES,Gold (7108),563331
2011,Imports,MEXICO,Copper (74),554248
2011,Imports,UNITED KINGDOM,"Salt, stone & earths (25)",531261
2011,Imports,JAPAN,Nickel (75),506637
2011,Imports,VIETNAM,"Lead, zinc & tin (78-80)",499312
2011,Imports,GERMANY,"Salt, stone & earths (25)",481148
2011,Imports,SWEDEN,Mineral fuels (27),443510
2011,Imports,BRAZIL,"Salt, stone & earths (25)",417719
2011,Imports,HONG KONG,Nickel (75),404149
2011,Imports,SWITZERLAND,Mineral fuels (27),396926
2011,Imports,SWITZERLAND,"Lead, zinc & tin (78-80)",360735
2011,Imports,TAIWAN,Gold (7108),353308
2011,Imports,CHINA,Metal ores & concentrates (26),343534
2011,Imports,NETHERLANDS,"Salt, stone & earths (25)",342188
2011,Imports,TAIWAN,Nickel (75),320584
2011,Imports,POLAND,Mineral fuels (27),310362
2011,Imports,FRANCE,Copper (74),304483
2011,Imports,FRANCE,"Salt, stone & earths (25)",267012
2011,Imports,INDIA,"Lead, zinc & tin (78-80)",253471
2011,Imports,KAZAKHSTAN,"Lead, zinc & tin (78-80)",244386
2011,Imports,NEW ZEALAND (EXCLUDES WESTERN SAMOA),"Salt, stone & earths (25)",244133
2011,Imports,TURKEY,"Salt, stone & earths (25)",243682
2011,Imports,MALAYSIA,Nickel (75),219806
2011,Imports,NORWAY,Nickel (75),213503
2011,Imports,FINLAND,Copper (74),212814
2011,Imports,SWEDEN,Copper (74),211680
2011,Imports,KUWAIT,Copper (74),205874
2011,Imports,EGYPT ARAB REPUBLIC,Mineral fuels (27),193517
2011,Imports,RUSSIA,Copper (74),191656
2011,Imports,TURKEY,Copper (74),190365
2011,Imports,IRAN,Copper (74),187107
2011,Imports,ITALY,Nickel (75),180173
2011,Imports,BELGIUM,Mineral fuels (27),173316
2011,Imports,NEW ZEALAND (EXCLUDES WESTERN SAMOA),Copper (74),170025
2011,Imports,TURKEY,Mineral fuels (27),149134
2011,Imports,OMAN,Mineral fuels (27),149083
2011,Imports,SLOVENIA,Metal ores & concentrates (26),134394
2011,Imports,"KOREA, REP. (SOUTH)",Metal ores & concentrates (26),133213
2011,Imports,HONG KONG,Metal ores & concentrates (26),117658
2011,Imports,THAILAND,Gold (7108),98387
2011,Imports,SINGAPORE,Metal ores & concentrates (26),96411
2011,Imports,NETHERLANDS,Mineral fuels (27),91159
2011,Imports,UNITED KINGDOM,Mineral fuels (27),79258
2011,Imports,GERMANY,Nickel (75),77708
2011,Imports,ITALY,Mineral fuels (27),77001
2011,Imports,ALGERIA,"Lead, zinc & tin (78-80)",64183
2011,Imports,SPAIN,Mineral fuels (27),63295
2011,Imports,ITALY,Metal ores & concentrates (26),60785
2011,Imports,UKRAINE (UKRAINIAN S.S.R.),Mineral fuels (27),56351
2011,Imports,"SOUTH AFRICA, REP. OF",Mineral fuels (27),47209
2011,Imports,INDIA,Metal ores & concentrates (26),45755
2011,Imports,UNITED KINGDOM,Nickel (75),44797
2011,Imports,ITALY,Gold (7108),41549
2011,Imports,INDIA,Nickel (75),41172
2011,Imports,FINLAND,"Salt, stone & earths (25)",38404
2011,Imports,RUSSIA,"Salt, stone & earths (25)",38357
2011,Imports,"COMOROS, REP. OF","Salt, stone & earths (25)",35180
2011,Imports,ITALY,"Salt, stone & earths (25)",30323
2011,Imports,TAIWAN,Metal ores & concentrates (26),30228
2011,Imports,"SOUTH AFRICA, REP. OF","Salt, stone & earths (25)",27289
2011,Imports,UNITED STATES,Nickel (75),25739
2011,Imports,NETHERLANDS,"Lead, zinc & tin (78-80)",19863
2011,Imports,SWITZERLAND,"Salt, stone & earths (25)",19354
2011,Imports,HUNGARY,"Lead, zinc & tin (78-80)",18843
2011,Imports,NORWAY,"Salt, stone & earths (25)",17809
2011,Imports,NETHERLANDS,Copper (74),17451
2011,Imports,POLAND,"Lead, zinc & tin (78-80)",17072
2011,Imports,AUSTRALIA,Nickel (75),15526
2011,Imports,UNITED KINGDOM,"Lead, zinc & tin (78-80)",12885
2011,Imports,SPAIN,"Salt, stone & earths (25)",12453
2011,Imports,VIETNAM,Gold (7108),11430
2011,Imports,DENMARK,Gold (7108),10448
2011,Imports,RUSSIA,"Lead, zinc & tin (78-80)",10143
2011,Imports,CANADA,Mineral fuels (27),8217
2011,Imports,MEXICO,Metal ores & concentrates (26),7109
2011,Imports,SLOVAKIA,"Lead, zinc & tin (78-80)",6026
2011,Imports,SLOVENIA,"Lead, zinc & tin (78-80)",6003
2011,Imports,FRANCE,Nickel (75),5519
2011,Imports,NEW ZEALAND (EXCLUDES WESTERN SAMOA),Metal ores & concentrates (26),5369
2011,Imports,INDONESIA,Gold (7108),4862
2011,Imports,DENMARK,"Salt, stone & earths (25)",2981
2011,Imports,BELGIUM,Copper (74),2848
2011,Imports,AUSTRIA,Copper (74),2780
2011,Imports,BRAZIL,Copper (74),2395
2011,Imports,ARUBA,"Lead, zinc & tin (78-80)",896
2011,Imports,KYRGYZSTAN,"Salt, stone & earths (25)",735
2011,Imports,"PAKISTAN, ISLAMIC REP. OF","Salt, stone & earths (25)",438
2011,Imports,ISRAEL,"Lead, zinc & tin (78-80)",418
2011,Imports,POLAND,Copper (74),237
2012,Exports,CHINA,Metal ores & concentrates (26),694133649
2012,Exports,"KOREA, REP. (SOUTH)",Mineral fuels (27),554583630
2012,Exports,"KOREA, REP. (SOUTH)","Lead, zinc & tin (78-80)",407171751
2012,Exports,SWITZERLAND,Gold (7108),329787128
2012,Exports,SINGAPORE,Mineral fuels (27),227536285
2012,Exports,JAPAN,Metal ores & concentrates (26),198634064
2012,Exports,THAILAND,Copper (74),175438535
2012,Exports,JAPAN,Copper (74),166351012
2012,Exports,CHINA,Mineral fuels (27),147936078
2012,Exports,HONG KONG,Mineral fuels (27),144509095
2012,Exports,CHINA,Copper (74),144311553
2012,Exports,"KOREA, REP. (SOUTH)",Copper (74),103313828
2012,Exports,TAIWAN,Copper (74),99597393
2012,Exports,"KOREA, REP. (SOUTH)",Metal ores & concentrates (26),88413744
2012,Exports,MALAYSIA,Mineral fuels (27),82685495
2012,Exports,HONG KONG,Gold (7108),69089299
2012,Exports,TAIWAN,Gold (7108),59960238
2012,Exports,THAILAND,Mineral fuels (27),53572858
2012,Exports,VIETNAM,Copper (74),53111299
2012,Exports,HONG KONG,Copper (74),52685118
2012,Exports,SWEDEN,Metal ores & concentrates (26),49648785
2012,Exports,TAIWAN,Metal ores & concentrates (26),42436050
2012,Exports,TAIWAN,Mineral fuels (27),33982101
2012,Exports,JAPAN,Gold (7108),19026211
2012,Exports,MALAYSIA,Copper (74),16413317
2012,Exports,AUSTRALIA,Metal ores & concentrates (26),12457291
2012,Exports,UNITED STATES,Metal ores & concentrates (26),11397315
2012,Exports,INDONESIA,Copper (74),10056892
2012,Exports,VIETNAM,Metal ores & concentrates (26),7215441
2012,Exports,TAIWAN,"Salt, stone & earths (25)",6831030
2012,Exports,SINGAPORE,Copper (74),6791587
2012,Exports,TAIWAN,"Lead, zinc & tin (78-80)",5889944
2012,Exports,THAILAND,"Lead, zinc & tin (78-80)",5825961
2012,Exports,MALAYSIA,"Lead, zinc & tin (78-80)",5725069
2012,Exports,AUSTRALIA,Mineral fuels (27),5081294
2012,Exports,INDONESIA,Mineral fuels (27),4214884
2012,Exports,MALAYSIA,Gold (7108),4208361
2012,Exports,JAPAN,"Salt, stone & earths (25)",4127460
2012,Exports,INDIA,Mineral fuels (27),3904393
2012,Exports,GREECE,Metal ores & concentrates (26),3500000
2012,Exports,MONTENEGRO,Metal ores & concentrates (26),3500000
2012,Exports,CHINA,"Salt, stone & earths (25)",2924088
2012,Exports,CAYMAN ISLANDS,Metal ores & concentrates (26),2772107
2012,Exports,SINGAPORE,"Salt, stone & earths (25)",2469206
2012,Exports,UNITED STATES,Copper (74),2428823
2012,Exports,JAPAN,Nickel (75),2130554
2012,Exports,INDIA,"Salt, stone & earths (25)",2101237
2012,Exports,VIETNAM,Mineral fuels (27),1780595
2012,Exports,UNITED ARAB EMIRATES,Metal ores & concentrates (26),1750000
2012,Exports,FRANCE,Gold (7108),1742394
2012,Exports,CHINA,"Lead, zinc & tin (78-80)",1728474
2012,Exports,PAPUA NEW GUINEA,"Lead, zinc & tin (78-80)",1564146
2012,Exports,JAPAN,"Lead, zinc & tin (78-80)",1217264
2012,Exports,SINGAPORE,"Lead, zinc & tin (78-80)",1057211
2012,Exports,HONG KONG,"Salt, stone & earths (25)",1021985
2012,Exports,VIETNAM,"Salt, stone & earths (25)",996677
2012,Exports,"PALAU, REP. OF","Salt, stone & earths (25)",985743
2012,Exports,"PAKISTAN, ISLAMIC REP. OF",Mineral fuels (27),950585
2012,Exports,INDIA,"Lead, zinc & tin (78-80)",871284
2012,Exports,GERMANY,Metal ores & concentrates (26),800000
2012,Exports,UNITED STATES,Gold (7108),767806
2012,Exports,"KOREA, REP. (SOUTH)","Salt, stone & earths (25)",702122
2012,Exports,PAPUA NEW GUINEA,"Salt, stone & earths (25)",681729
2012,Exports,"MICRONESIA, FEDERATED STATES OF","Salt, stone & earths (25)",668210
2012,Exports,"KOREA, DPR (NORTH)",Copper (74),659969
2012,Exports,INDIA,Copper (74),630374
2012,Exports,UNITED STATES,Mineral fuels (27),552535
2012,Exports,INDONESIA,"Salt, stone & earths (25)",510730
2012,Exports,NEW CALEDONIA,"Salt, stone & earths (25)",506000
2012,Exports,HONG KONG,"Lead, zinc & tin (78-80)",501279
2012,Exports,HONG KONG,Metal ores & concentrates (26),472954
2012,Exports,MALAYSIA,"Salt, stone & earths (25)",470532
2012,Exports,AUSTRALIA,"Salt, stone & earths (25)",462390
2012,Exports,"MARSHALL ISLANDS, REP. OF","Salt, stone & earths (25)",461592
2012,Exports,PAPUA NEW GUINEA,Mineral fuels (27),451242
2012,Exports,UNITED STATES,"Salt, stone & earths (25)",447785
2012,Exports,BANGLADESH,"Lead, zinc & tin (78-80)",399554
2012,Exports,INDONESIA,"Lead, zinc & tin (78-80)",388875
2012,Exports,CHINA,Nickel (75),315681
2012,Exports,THAILAND,Gold (7108),277458
2012,Exports,INDONESIA,Gold (7108),265200
2012,Exports,SINGAPORE,Nickel (75),248473
2012,Exports,NEW ZEALAND (EXCLUDES WESTERN SAMOA),Mineral fuels (27),235511
2012,Exports,BELGIUM,Mineral fuels (27),220973
2012,Exports,CAMBODIA,Mineral fuels (27),220275
2012,Exports,SOLOMON ISLANDS (BRITISH),"Salt, stone & earths (25)",202080
2012,Exports,GERMANY,"Lead, zinc & tin (78-80)",174898
2012,Exports,SAUDI ARABIA,Mineral fuels (27),172752
2012,Exports,AUSTRALIA,"Lead, zinc & tin (78-80)",171661
2012,Exports,"KOREA, REP. (SOUTH)",Nickel (75),162895
2012,Exports,UNITED STATES,"Lead, zinc & tin (78-80)",162471
2012,Exports,AUSTRALIA,Copper (74),161261
2012,Exports,GERMANY,Copper (74),149598
2012,Exports,UNITED KINGDOM,Copper (74),145417
2012,Exports,THAILAND,"Salt, stone & earths (25)",142387
2012,Exports,SWITZERLAND,"Lead, zinc & tin (78-80)",131714
2012,Exports,GERMANY,Nickel (75),122427
2012,Exports,VIETNAM,"Lead, zinc & tin (78-80)",119959
2012,Exports,"KOREA, REP. (SOUTH)",Gold (7108),118045
2012,Exports,PACIFIC TRUST TERRITORY,"Salt, stone & earths (25)",118018
2012,Exports,MALAYSIA,Metal ores & concentrates (26),114589
2012,Exports,NETHERLANDS,"Lead, zinc & tin (78-80)",104543
2012,Exports,UNITED KINGDOM,"Lead, zinc & tin (78-80)",99460
2012,Exports,INDIA,Metal ores & concentrates (26),95617
2012,Exports,THAILAND,Metal ores & concentrates (26),94985
2012,Exports,BANGLADESH,"Salt, stone & earths (25)",93000
2012,Exports,CANADA,Mineral fuels (27),92368
2012,Exports,CANADA,Copper (74),80394
2012,Exports,SRI LANKA (CEYLON),"Lead, zinc & tin (78-80)",76431
2012,Exports,UNITED ARAB EMIRATES,Mineral fuels (27),76160
2012,Exports,THAILAND,Nickel (75),74187
2012,Exports,NETHERLANDS,Copper (74),68377
2012,Exports,JAPAN,Mineral fuels (27),67497
2012,Exports,MEXICO,Mineral fuels (27),58950
2012,Exports,PAPUA NEW GUINEA,Copper (74),58346
2012,Exports,NETHERLANDS,"Salt, stone & earths (25)",54928
2012,Exports,CHINA,Gold (7108),51534
2012,Exports,GERMANY,"Salt, stone & earths (25)",47554
2012,Exports,GERMANY,Mineral fuels (27),44493
2012,Exports,UNITED KINGDOM,"Salt, stone & earths (25)",41805
2012,Exports,SINGAPORE,Metal ores & concentrates (26),39740
2012,Exports,BAHRAIN,"Lead, zinc & tin (78-80)",39710
2012,Exports,FRANCE,"Salt, stone & earths (25)",35435
2012,Exports,ITALY,Gold (7108),35307
2012,Exports,"TANZANIA, UNITED REP. OF",Mineral fuels (27),32745
2012,Exports,SRI LANKA (CEYLON),"Salt, stone & earths (25)",30600
2012,Exports,UNITED ARAB EMIRATES,"Lead, zinc & tin (78-80)",30366
2012,Exports,SINGAPORE,Gold (7108),28568
2012,Exports,UNITED KINGDOM,Nickel (75),28294
2012,Exports,MYANMAR,"Salt, stone & earths (25)",27532
2012,Exports,MYANMAR,Copper (74),23445
2012,Exports,"PAKISTAN, ISLAMIC REP. OF","Salt, stone & earths (25)",22020
2012,Exports,SPAIN,"Salt, stone & earths (25)",21465
2012,Exports,SPAIN,"Lead, zinc & tin (78-80)",21431
2012,Exports,ITALY,"Salt, stone & earths (25)",21000
2012,Exports,LIBERIA,"Salt, stone & earths (25)",20930
2012,Exports,GREECE,Copper (74),20263
2012,Exports,BELGIUM,Metal ores & concentrates (26),20000
2012,Exports,"MICRONESIA, FEDERATED STATES OF",Copper (74),19159
2012,Exports,PANAMA,"Salt, stone & earths (25)",17820
2012,Exports,BELGIUM,"Salt, stone & earths (25)",14000
2012,Exports,"PAKISTAN, ISLAMIC REP. OF","Lead, zinc & tin (78-80)",13710
2012,Exports,RUSSIA,"Salt, stone & earths (25)",13501
2012,Exports,SWEDEN,"Salt, stone & earths (25)",12201
2012,Exports,"SOUTH AFRICA, REP. OF","Lead, zinc & tin (78-80)",12032
2012,Exports,CHILE,Metal ores & concentrates (26),12000
2012,Exports,ISRAEL,"Salt, stone & earths (25)",11670
2012,Exports,HONG KONG,Nickel (75),11571
2012,Exports,SAUDI ARABIA,Copper (74),10588
2012,Exports,SWEDEN,Copper (74),10583
2012,Exports,MEXICO,"Salt, stone & earths (25)",9940
2012,Exports,BRAZIL,"Salt, stone & earths (25)",7290
2012,Exports,CANADA,"Salt, stone & earths (25)",7200
2012,Exports,VIRGIN ISLANDS (U.S.),"Salt, stone & earths (25)",5998
2012,Exports,MACAU,"Salt, stone & earths (25)",5000
2012,Exports,ITALY,"Lead, zinc & tin (78-80)",4810
2012,Exports,MACAU,Copper (74),4736
2012,Exports,FRANCE,"Lead, zinc & tin (78-80)",4461
2012,Exports,NORWAY,"Salt, stone & earths (25)",4441
2012,Exports,DENMARK,"Salt, stone & earths (25)",3750
2012,Exports,"MARSHALL ISLANDS, REP. OF",Copper (74),3463
2012,Exports,QATAR,"Salt, stone & earths (25)",3378
2012,Exports,SWEDEN,"Lead, zinc & tin (78-80)",3110
2012,Exports,ISRAEL,"Lead, zinc & tin (78-80)",2442
2012,Exports,BANGLADESH,Mineral fuels (27),1878
2012,Exports,PACIFIC TRUST TERRITORY,Copper (74),1649
2012,Exports,KUWAIT,"Lead, zinc & tin (78-80)",1200
2012,Exports,LEBANON,"Lead, zinc & tin (78-80)",1000
2012,Exports,"PALAU, REP. OF","Lead, zinc & tin (78-80)",500
2012,Exports,CZECH REPUBLIC,Copper (74),450
2012,Exports,FRANCE,Copper (74),438
2012,Exports,EAST TIMOR,"Salt, stone & earths (25)",423
2012,Exports,TURKEY,"Salt, stone & earths (25)",400
2012,Exports,FRANCE,Mineral fuels (27),335
2012,Exports,UNITED ARAB EMIRATES,"Salt, stone & earths (25)",326
2012,Exports,CAMBODIA,"Salt, stone & earths (25)",226
2012,Exports,UNITED STATES,Nickel (75),225
2012,Exports,"MICRONESIA, FEDERATED STATES OF","Lead, zinc & tin (78-80)",222
2012,Exports,"MICRONESIA, FEDERATED STATES OF",Mineral fuels (27),164
2012,Exports,MALAYSIA,Nickel (75),120
2012,Exports,FINLAND,"Lead, zinc & tin (78-80)",100
2012,Imports,SAUDI ARABIA,Mineral fuels (27),3420210615
2012,Imports,TAIWAN,Mineral fuels (27),1945376610
2012,Imports,UNITED ARAB EMIRATES,Mineral fuels (27),1914570521
2012,Imports,"KOREA, REP. (SOUTH)",Mineral fuels (27),1781144301
2012,Imports,SINGAPORE,Mineral fuels (27),1019538149
2012,Imports,RUSSIA,Mineral fuels (27),899669736
2012,Imports,INDONESIA,Mineral fuels (27),875542757
2012,Imports,QATAR,Mineral fuels (27),640781783
2012,Imports,CHINA,Mineral fuels (27),526690922
2012,Imports,THAILAND,Mineral fuels (27),508335093
2012,Imports,MALAYSIA,Mineral fuels (27),382245294
2012,Imports,AUSTRALIA,Metal ores & concentrates (26),261351018
2012,Imports,INDONESIA,Metal ores & concentrates (26),190120322
2012,Imports,IRAN,Metal ores & concentrates (26),140744123
2012,Imports,PAPUA NEW GUINEA,Metal ores & concentrates (26),128710826
2012,Imports,IRAN,Mineral fuels (27),122611679
2012,Imports,AUSTRALIA,Copper (74),98880184
2012,Imports,HONG KONG,Mineral fuels (27),86373614
2012,Imports,JAPAN,Mineral fuels (27),82172241
2012,Imports,JAPAN,Gold (7108),81333900
2012,Imports,TAIWAN,Copper (74),75042326
2012,Imports,"KOREA, REP. (SOUTH)",Copper (74),71229501
2012,Imports,ARGENTINA,Metal ores & concentrates (26),63729592
2012,Imports,BAHRAIN,Mineral fuels (27),62289244
2012,Imports,INDONESIA,Copper (74),48274089
2012,Imports,BRUNEI DARUSSALAM,Mineral fuels (27),46437741
2012,Imports,VIETNAM,"Salt, stone & earths (25)",45844082
2012,Imports,EGYPT ARAB REPUBLIC,"Salt, stone & earths (25)",37815880
2012,Imports,JAPAN,Copper (74),36282779
2012,Imports,MALAYSIA,"Salt, stone & earths (25)",32161503
2012,Imports,CANADA,Metal ores & concentrates (26),30227717
2012,Imports,CHINA,"Salt, stone & earths (25)",28860300
2012,Imports,MALAYSIA,Gold (7108),28532756
2012,Imports,PERU,Metal ores & concentrates (26),21868089
2012,Imports,"KOREA, REP. (SOUTH)","Lead, zinc & tin (78-80)",21561897
2012,Imports,AUSTRALIA,"Salt, stone & earths (25)",20319146
2012,Imports,AUSTRALIA,Mineral fuels (27),19171226
2012,Imports,MOROCCO,"Salt, stone & earths (25)",18617084
2012,Imports,CHINA,Copper (74),17891639
2012,Imports,THAILAND,"Salt, stone & earths (25)",17609664
2012,Imports,THAILAND,Copper (74),16582228
2012,Imports,MALAYSIA,Copper (74),16262197
2012,Imports,UNITED STATES,Mineral fuels (27),15364467
2012,Imports,KUWAIT,Mineral fuels (27),14418128
2012,Imports,SINGAPORE,Gold (7108),13051896
2012,Imports,VIETNAM,Mineral fuels (27),12705873
2012,Imports,JORDAN,"Salt, stone & earths (25)",12663363
2012,Imports,HONG KONG,Copper (74),11861930
2012,Imports,"KOREA, REP. (SOUTH)","Salt, stone & earths (25)",11276312
2012,Imports,JAPAN,"Lead, zinc & tin (78-80)",11178735
2012,Imports,UNITED STATES,"Salt, stone & earths (25)",9290240
2012,Imports,OMAN,Mineral fuels (27),8194139
2012,Imports,MEXICO,Mineral fuels (27),8014640
2012,Imports,NIGERIA,Mineral fuels (27),7912462
2012,Imports,SINGAPORE,"Salt, stone & earths (25)",7359206
2012,Imports,TAIWAN,"Lead, zinc & tin (78-80)",7244701
2012,Imports,KUWAIT,"Salt, stone & earths (25)",6766748
2012,Imports,JAPAN,"Salt, stone & earths (25)",6758352
2012,Imports,MALAYSIA,"Lead, zinc & tin (78-80)",5998335
2012,Imports,SINGAPORE,Copper (74),5364272
2012,Imports,INDIA,Mineral fuels (27),5282344
2012,Imports,PERU,"Salt, stone & earths (25)",4984877
2012,Imports,UNITED ARAB EMIRATES,Copper (74),4578533
2012,Imports,JAPAN,Metal ores & concentrates (26),3911597
2012,Imports,TAIWAN,"Salt, stone & earths (25)",3671138
2012,Imports,UNITED STATES,Copper (74),3323460
2012,Imports,HONG KONG,"Lead, zinc & tin (78-80)",3298990
2012,Imports,INDONESIA,"Salt, stone & earths (25)",2953853
2012,Imports,INDIA,Copper (74),2802792
2012,Imports,"KOREA, REP. (SOUTH)",Gold (7108),2616059
2012,Imports,UNITED STATES,Metal ores & concentrates (26),2603329
2012,Imports,AUSTRALIA,Nickel (75),2545680
2012,Imports,PAPUA NEW GUINEA,Mineral fuels (27),2394659
2012,Imports,SINGAPORE,"Lead, zinc & tin (78-80)",2350148
2012,Imports,GERMANY,Copper (74),2199418
2012,Imports,SAUDI ARABIA,Copper (74),2099455
2012,Imports,UNITED KINGDOM,Copper (74),1793112
2012,Imports,INDIA,"Salt, stone & earths (25)",1764991
2012,Imports,CHINA,"Lead, zinc & tin (78-80)",1706777
2012,Imports,CANADA,"Lead, zinc & tin (78-80)",1702505
2012,Imports,THAILAND,Metal ores & concentrates (26),1475814
2012,Imports,AUSTRALIA,"Lead, zinc & tin (78-80)",1452858
2012,Imports,UNITED STATES,"Lead, zinc & tin (78-80)",1311763
2012,Imports,UNITED ARAB EMIRATES,"Lead, zinc & tin (78-80)",1235805
2012,Imports,SWITZERLAND,"Lead, zinc & tin (78-80)",1176630
2012,Imports,VIETNAM,"Lead, zinc & tin (78-80)",1105170
2012,Imports,VIETNAM,Copper (74),1067711
2012,Imports,TAIWAN,Gold (7108),1039375
2012,Imports,GERMANY,"Lead, zinc & tin (78-80)",944216
2012,Imports,AUSTRIA,Copper (74),887089
2012,Imports,HONG KONG,"Salt, stone & earths (25)",870757
2012,Imports,FRANCE,Mineral fuels (27),823294
2012,Imports,UNITED STATES,Gold (7108),782302
2012,Imports,BULGARIA,Copper (74),776678
2012,Imports,SINGAPORE,Nickel (75),758253
2012,Imports,INDIA,Metal ores & concentrates (26),699859
2012,Imports,GERMANY,Mineral fuels (27),676033
2012,Imports,UNITED KINGDOM,"Salt, stone & earths (25)",632615
2012,Imports,ITALY,Copper (74),620542
2012,Imports,JAPAN,Nickel (75),538024
2012,Imports,SWEDEN,Mineral fuels (27),531649
2012,Imports,TAIWAN,Metal ores & concentrates (26),462539
2012,Imports,CHINA,Metal ores & concentrates (26),452766
2012,Imports,CANADA,Nickel (75),409129
2012,Imports,"PAKISTAN, ISLAMIC REP. OF",Copper (74),406923
2012,Imports,GERMANY,Gold (7108),400122
2012,Imports,TAIWAN,Nickel (75),396370
2012,Imports,BRAZIL,"Salt, stone & earths (25)",382165
2012,Imports,"SOUTH AFRICA, REP. OF",Mineral fuels (27),325839
2012,Imports,FRANCE,"Salt, stone & earths (25)",313476
2012,Imports,THAILAND,"Lead, zinc & tin (78-80)",305683
2012,Imports,NEW ZEALAND (EXCLUDES WESTERN SAMOA),"Salt, stone & earths (25)",287650
2012,Imports,GERMANY,"Salt, stone & earths (25)",269457
2012,Imports,INDIA,"Lead, zinc & tin (78-80)",255355
2012,Imports,NETHERLANDS,"Salt, stone & earths (25)",254257
2012,Imports,LUXEMBOURG,Copper (74),251896
2012,Imports,BRAZIL,Metal ores & concentrates (26),236913
2012,Imports,CHINA,Nickel (75),224129
2012,Imports,MEXICO,Copper (74),222675
2012,Imports,ISRAEL,"Salt, stone & earths (25)",213163
2012,Imports,HONG KONG,Nickel (75),205067
2012,Imports,"KOREA, REP. (SOUTH)",Nickel (75),204270
2012,Imports,CANADA,Copper (74),203859
2012,Imports,CHILE,Copper (74),184522
2012,Imports,NETHERLANDS,Mineral fuels (27),171231
2012,Imports,FRANCE,Copper (74),168106
2012,Imports,COLOMBIA,Copper (74),163150
2012,Imports,BELGIUM,Metal ores & concentrates (26),157662
2012,Imports,AUSTRALIA,Gold (7108),154067
2012,Imports,BELGIUM,Mineral fuels (27),145834
2012,Imports,SUDAN,Copper (74),133030
2012,Imports,SWITZERLAND,Gold (7108),103181
2012,Imports,GERMANY,Nickel (75),98914
2012,Imports,SPAIN,Copper (74),98873
2012,Imports,BELGIUM,Copper (74),98325
2012,Imports,DENMARK,Copper (74),93752
2012,Imports,CANADA,"Salt, stone & earths (25)",84463
2012,Imports,AUSTRIA,"Salt, stone & earths (25)",72730
2012,Imports,UNITED STATES,Nickel (75),71793
2012,Imports,SINGAPORE,Metal ores & concentrates (26),70037
2012,Imports,SWITZERLAND,Mineral fuels (27),66069
2012,Imports,VIETNAM,Nickel (75),62173
2012,Imports,UNITED KINGDOM,Mineral fuels (27),58561
2012,Imports,NIGERIA,"Lead, zinc & tin (78-80)",57708
2012,Imports,THAILAND,Nickel (75),56095
2012,Imports,BELGIUM,"Salt, stone & earths (25)",54772
2012,Imports,GERMANY,Metal ores & concentrates (26),51376
2012,Imports,SWEDEN,Gold (7108),50648
2012,Imports,FINLAND,"Salt, stone & earths (25)",48730
2012,Imports,MAURITIUS,Mineral fuels (27),35187
2012,Imports,SWITZERLAND,Copper (74),26967
2012,Imports,SWITZERLAND,"Salt, stone & earths (25)",26585
2012,Imports,"SOUTH AFRICA, REP. OF","Salt, stone & earths (25)",25485
2012,Imports,INDONESIA,"Lead, zinc & tin (78-80)",22663
2012,Imports,TURKEY,"Salt, stone & earths (25)",21191
2012,Imports,THAILAND,Gold (7108),20141
2012,Imports,NETHERLANDS,Copper (74),17265
2012,Imports,HUNGARY,"Lead, zinc & tin (78-80)",14609
2012,Imports,ITALY,Mineral fuels (27),11868
2012,Imports,VIETNAM,Gold (7108),10824
2012,Imports,MEXICO,"Salt, stone & earths (25)",9578
2012,Imports,SLOVENIA,"Lead, zinc & tin (78-80)",8971
2012,Imports,NEW ZEALAND (EXCLUDES WESTERN SAMOA),"Lead, zinc & tin (78-80)",8235
2012,Imports,POLAND,Mineral fuels (27),7702
2012,Imports,POLAND,"Lead, zinc & tin (78-80)",7353
2012,Imports,UNITED KINGDOM,"Lead, zinc & tin (78-80)",7267
2012,Imports,SPAIN,"Salt, stone & earths (25)",6659
2012,Imports,ITALY,"Salt, stone & earths (25)",6303
2012,Imports,SWEDEN,Copper (74),6174
2012,Imports,"KOREA, REP. (SOUTH)",Metal ores & concentrates (26),5519
2012,Imports,EGYPT ARAB REPUBLIC,Mineral fuels (27),5265
2012,Imports,"PAKISTAN, ISLAMIC REP. OF","Salt, stone & earths (25)",5229
2012,Imports,CANADA,Mineral fuels (27),4204
2012,Imports,DENMARK,Mineral fuels (27),3345
2012,Imports,HONG KONG,Gold (7108),3018
2012,Imports,SWEDEN,Metal ores & concentrates (26),2953
2012,Imports,BRAZIL,Mineral fuels (27),2903
2012,Imports,NETHERLANDS,"Lead, zinc & tin (78-80)",2692
2012,Imports,ISRAEL,Mineral fuels (27),1878
2012,Imports,INDIA,Nickel (75),1839
2012,Imports,SWITZERLAND,Metal ores & concentrates (26),1726
2012,Imports,BELGIUM,"Lead, zinc & tin (78-80)",1186
2012,Imports,ITALY,"Lead, zinc & tin (78-80)",1075
2012,Imports,FINLAND,Copper (74),1053
2012,Imports,SPAIN,Nickel (75),1015
2012,Imports,BRAZIL,Copper (74),995
2012,Imports,FRANCE,"Lead, zinc & tin (78-80)",472
2012,Imports,TURKEY,Copper (74),335
2012,Imports,CZECH REPUBLIC,"Salt, stone & earths (25)",153
2013,Exports,CHINA,Metal ores & concentrates (26),995601873
2013,Exports,"KOREA, REP. (SOUTH)",Mineral fuels (27),738793980
2013,Exports,JAPAN,Metal ores & concentrates (26),727246834
2013,Exports,SINGAPORE,Mineral fuels (27),479255984
2013,Exports,CHINA,Copper (74),392759069
2013,Exports,"KOREA, REP. (SOUTH)",Metal ores & concentrates (26),237123267
2013,Exports,CHINA,Mineral fuels (27),229689956
2013,Exports,MALAYSIA,Mineral fuels (27),216513947
2013,Exports,"KOREA, REP. (SOUTH)",Copper (74),196317388
2013,Exports,SWITZERLAND,Gold (7108),194991023
2013,Exports,JAPAN,Copper (74),180400389
2013,Exports,THAILAND,Mineral fuels (27),124274794
2013,Exports,HONG KONG,Mineral fuels (27),121705026
2013,Exports,UNITED STATES,Metal ores & concentrates (26),74934874
2013,Exports,UNITED STATES,Mineral fuels (27),74761343
2013,Exports,MALAYSIA,Copper (74),73380479
2013,Exports,INDONESIA,Mineral fuels (27),72245426
2013,Exports,TAIWAN,Copper (74),71737429
2013,Exports,INDONESIA,Metal ores & concentrates (26),60372040
2013,Exports,HONG KONG,Copper (74),48018935
2013,Exports,HONG KONG,Gold (7108),47956284
2013,Exports,TAIWAN,Mineral fuels (27),46041217
2013,Exports,TAIWAN,Gold (7108),42665635
2013,Exports,AUSTRALIA,Metal ores & concentrates (26),33183937
2013,Exports,JAPAN,Gold (7108),32273663
2013,Exports,TAIWAN,Metal ores & concentrates (26),28325996
2013,Exports,JAPAN,Mineral fuels (27),22416557
2013,Exports,JAPAN,Nickel (75),19363341
2013,Exports,SWITZERLAND,Metal ores & concentrates (26),18937038
2013,Exports,OMAN,Metal ores & concentrates (26),11372511
2013,Exports,CHINA,Gold (7108),10235133
2013,Exports,HONG KONG,Metal ores & concentrates (26),10025509
2013,Exports,PAPUA NEW GUINEA,Metal ores & concentrates (26),9780000
2013,Exports,THAILAND,Copper (74),8686839
2013,Exports,TAIWAN,"Lead, zinc & tin (78-80)",8661784
2013,Exports,AUSTRALIA,Gold (7108),8097706
2013,Exports,TAIWAN,"Salt, stone & earths (25)",6909280
2013,Exports,MALAYSIA,"Lead, zinc & tin (78-80)",6632878
2013,Exports,"KOREA, REP. (SOUTH)","Lead, zinc & tin (78-80)",6239573
2013,Exports,VIETNAM,Copper (74),5869395
2013,Exports,THAILAND,"Lead, zinc & tin (78-80)",5763360
2013,Exports,INDIA,Mineral fuels (27),5685875
2013,Exports,MALAYSIA,Gold (7108),4602364
2013,Exports,AUSTRALIA,Mineral fuels (27),4170753
2013,Exports,INDONESIA,Copper (74),4013671
2013,Exports,JAPAN,"Salt, stone & earths (25)",3889468
2013,Exports,CHINA,"Salt, stone & earths (25)",3795048
2013,Exports,JAPAN,"Lead, zinc & tin (78-80)",3664679
2013,Exports,SINGAPORE,"Salt, stone & earths (25)",2635916
2013,Exports,VIETNAM,Metal ores & concentrates (26),2350507
2013,Exports,"KOREA, DPR (NORTH)",Copper (74),2304756
2013,Exports,INDIA,"Salt, stone & earths (25)",2116061
2013,Exports,SINGAPORE,"Lead, zinc & tin (78-80)",1818432
2013,Exports,"MICRONESIA, FEDERATED STATES OF","Salt, stone & earths (25)",1785401
2013,Exports,SINGAPORE,Copper (74),1733863
2013,Exports,PANAMA,Metal ores & concentrates (26),1343100
2013,Exports,INDONESIA,"Salt, stone & earths (25)",1139042
2013,Exports,UNITED STATES,Copper (74),1100095
2013,Exports,NEW CALEDONIA,"Salt, stone & earths (25)",915696
2013,Exports,MYANMAR,Copper (74),764806
2013,Exports,UNITED STATES,"Salt, stone & earths (25)",757524
2013,Exports,CHINA,Nickel (75),651276
2013,Exports,UNITED STATES,"Lead, zinc & tin (78-80)",561677
2013,Exports,INDIA,"Lead, zinc & tin (78-80)",532055
2013,Exports,SINGAPORE,Metal ores & concentrates (26),429806
2013,Exports,"KOREA, DPR (NORTH)","Lead, zinc & tin (78-80)",407790
2013,Exports,AUSTRALIA,"Lead, zinc & tin (78-80)",385214
2013,Exports,"KOREA, REP. (SOUTH)","Salt, stone & earths (25)",354026
2013,Exports,PAPUA NEW GUINEA,"Lead, zinc & tin (78-80)",306084
2013,Exports,CHINA,"Lead, zinc & tin (78-80)",296641
2013,Exports,PAPUA NEW GUINEA,"Salt, stone & earths (25)",296501
2013,Exports,SOLOMON ISLANDS (BRITISH),"Salt, stone & earths (25)",280000
2013,Exports,CZECH REPUBLIC,Copper (74),276763
2013,Exports,MALAYSIA,Metal ores & concentrates (26),237990
2013,Exports,"KOREA, REP. (SOUTH)",Nickel (75),233687
2013,Exports,BELGIUM,Mineral fuels (27),207286
2013,Exports,SAUDI ARABIA,Mineral fuels (27),203564
2013,Exports,INDONESIA,"Lead, zinc & tin (78-80)",180165
2013,Exports,HUNGARY,Copper (74),177866
2013,Exports,CAMBODIA,Mineral fuels (27),167313
2013,Exports,PAPUA NEW GUINEA,Mineral fuels (27),160785
2013,Exports,MALAYSIA,"Salt, stone & earths (25)",158931
2013,Exports,THAILAND,"Salt, stone & earths (25)",130538
2013,Exports,VIETNAM,"Salt, stone & earths (25)",130102
2013,Exports,CZECH REPUBLIC,"Lead, zinc & tin (78-80)",122647
2013,Exports,ITALY,"Lead, zinc & tin (78-80)",122445
2013,Exports,BANGLADESH,"Salt, stone & earths (25)",119600
2013,Exports,THAILAND,Gold (7108),103383
2013,Exports,UNITED ARAB EMIRATES,Mineral fuels (27),95366
2013,Exports,HONG KONG,"Salt, stone & earths (25)",89554
2013,Exports,GERMANY,"Salt, stone & earths (25)",66966
2013,Exports,FIJI,Mineral fuels (27),60876
2013,Exports,NEW ZEALAND,Mineral fuels (27),57237
2013,Exports,GERMANY,Copper (74),55685
2013,Exports,FRANCE,"Salt, stone & earths (25)",45620
2013,Exports,VIETNAM,Mineral fuels (27),41382
2013,Exports,AUSTRALIA,Copper (74),37278
2013,Exports,HONG KONG,"Lead, zinc & tin (78-80)",37143
2013,Exports,"SOUTH AFRICA, REP. OF","Lead, zinc & tin (78-80)",36703
2013,Exports,ST. VINCENT AND GRENADINES,"Salt, stone & earths (25)",32841
2013,Exports,PACIFIC TRUST TERRITORY,Mineral fuels (27),31031
2013,Exports,TURKEY,"Salt, stone & earths (25)",31004
2013,Exports,NORTHERN MARIANA ISLANDS,Mineral fuels (27),30969
2013,Exports,NETHERLANDS,"Salt, stone & earths (25)",30063
2013,Exports,AUSTRIA,"Lead, zinc & tin (78-80)",27092
2013,Exports,BELGIUM,"Salt, stone & earths (25)",26656
2013,Exports,GERMANY,Nickel (75),25792
2013,Exports,SPAIN,"Lead, zinc & tin (78-80)",23823
2013,Exports,UNITED KINGDOM,Copper (74),23179
2013,Exports,INDIA,Copper (74),21911
2013,Exports,BELGIUM,Copper (74),20339
2013,Exports,BRAZIL,"Salt, stone & earths (25)",14966
2013,Exports,UNITED KINGDOM,"Lead, zinc & tin (78-80)",13673
2013,Exports,UNITED STATES,Gold (7108),11880
2013,Exports,THAILAND,Metal ores & concentrates (26),11580
2013,Exports,"KOREA, DPR (NORTH)","Salt, stone & earths (25)",10607
2013,Exports,POLAND,"Lead, zinc & tin (78-80)",8910
2013,Exports,"PAKISTAN, ISLAMIC REP. OF","Salt, stone & earths (25)",8690
2013,Exports,GUINEA,"Salt, stone & earths (25)",8229
2013,Exports,"PAKISTAN, ISLAMIC REP. OF","Lead, zinc & tin (78-80)",7801
2013,Exports,AUSTRALIA,"Salt, stone & earths (25)",6617
2013,Exports,UNITED KINGDOM,"Salt, stone & earths (25)",6305
2013,Exports,CANADA,"Lead, zinc & tin (78-80)",6274
2013,Exports,CANADA,"Salt, stone & earths (25)",4630
2013,Exports,GERMANY,"Lead, zinc & tin (78-80)",4176
2013,Exports,QATAR,"Salt, stone & earths (25)",3620
2013,Exports,NETHERLANDS,Copper (74),3305
2013,Exports,LEBANON,"Lead, zinc & tin (78-80)",3000
2013,Exports,SRI LANKA (CEYLON),"Lead, zinc & tin (78-80)",2304
2013,Exports,"KOREA, REP. (SOUTH)",Gold (7108),2034
2013,Exports,PACIFIC TRUST TERRITORY,Copper (74),1713
2013,Exports,FRANCE,"Lead, zinc & tin (78-80)",1528
2013,Exports,CANADA,Copper (74),1360
2013,Exports,UNITED STATES,Nickel (75),1337
2013,Exports,NEW ZEALAND,"Salt, stone & earths (25)",1330
2013,Exports,VIETNAM,"Lead, zinc & tin (78-80)",975
2013,Exports,SINGAPORE,Gold (7108),668
2013,Exports,MEXICO,"Salt, stone & earths (25)",526
2013,Exports,MAURITIUS,"Salt, stone & earths (25)",496
2013,Exports,SPAIN,"Salt, stone & earths (25)",401
2013,Exports,NETHERLANDS,"Lead, zinc & tin (78-80)",375
2013,Exports,AFGHANISTAN,"Salt, stone & earths (25)",221
2013,Exports,ROMANIA,"Lead, zinc & tin (78-80)",198
2013,Exports,ROMANIA,"Salt, stone & earths (25)",174
2013,Exports,KUWAIT,"Salt, stone & earths (25)",128
2013,Exports,FINLAND,"Lead, zinc & tin (78-80)",98
2013,Exports,RUSSIA,"Lead, zinc & tin (78-80)",90
2013,Exports,MALAYSIA,Nickel (75),80
2013,Exports,KAZAKHSTAN,"Lead, zinc & tin (78-80)",78
2013,Exports,MEXICO,"Lead, zinc & tin (78-80)",70
2013,Exports,FRANCE,Copper (74),40
2013,Exports,ITALY,"Salt, stone & earths (25)",38
2013,Imports,SAUDI ARABIA,Mineral fuels (27),2799865550
2013,Imports,"KOREA, REP. (SOUTH)",Mineral fuels (27),1845984194
2013,Imports,TAIWAN,Mineral fuels (27),1810472222
2013,Imports,RUSSIA,Mineral fuels (27),1217897018
2013,Imports,SINGAPORE,Mineral fuels (27),1179565375
2013,Imports,QATAR,Mineral fuels (27),1021517994
2013,Imports,UNITED ARAB EMIRATES,Mineral fuels (27),1016940081
2013,Imports,CHINA,Mineral fuels (27),872999466
2013,Imports,INDONESIA,Mineral fuels (27),844405492
2013,Imports,AUSTRALIA,Metal ores & concentrates (26),399273499
2013,Imports,MALAYSIA,Mineral fuels (27),332944707
2013,Imports,THAILAND,Mineral fuels (27),245278798
2013,Imports,INDONESIA,Metal ores & concentrates (26),171022527
2013,Imports,PAPUA NEW GUINEA,Metal ores & concentrates (26),161201108
2013,Imports,"YEMEN, REPUBLIC OF",Mineral fuels (27),119223540
2013,Imports,"KOREA, REP. (SOUTH)",Copper (74),101885411
2013,Imports,CHILE,Metal ores & concentrates (26),84796267
2013,Imports,IRAN,Metal ores & concentrates (26),84355949
2013,Imports,KUWAIT,Mineral fuels (27),82903490
2013,Imports,JAPAN,Mineral fuels (27),81984062
2013,Imports,TAIWAN,Copper (74),77649917
2013,Imports,VIETNAM,"Salt, stone & earths (25)",68652535
2013,Imports,CANADA,Metal ores & concentrates (26),65821901
2013,Imports,UNITED STATES,Metal ores & concentrates (26),48051236
2013,Imports,CHINA,Metal ores & concentrates (26),44777745
2013,Imports,CHINA,"Salt, stone & earths (25)",42772728
2013,Imports,"SOUTH AFRICA, REP. OF",Copper (74),38525962
2013,Imports,JAPAN,Copper (74),38129286
2013,Imports,PERU,Metal ores & concentrates (26),37038302
2013,Imports,MALAYSIA,"Salt, stone & earths (25)",36369748
2013,Imports,VIETNAM,Mineral fuels (27),35348926
2013,Imports,AUSTRALIA,Copper (74),34015313
2013,Imports,"KOREA, REP. (SOUTH)","Salt, stone & earths (25)",33932005
2013,Imports,OMAN,Mineral fuels (27),33688674
2013,Imports,ISRAEL,"Salt, stone & earths (25)",30903197
2013,Imports,MOROCCO,"Salt, stone & earths (25)",25232498
2013,Imports,INDIA,Mineral fuels (27),21807986
2013,Imports,CHINA,Copper (74),21734203
2013,Imports,INDONESIA,Copper (74),21156305
2013,Imports,AUSTRALIA,Mineral fuels (27),20993769
2013,Imports,HONG KONG,Copper (74),19494069
2013,Imports,MALAYSIA,Copper (74),18276990
2013,Imports,JAPAN,Metal ores & concentrates (26),17060483
2013,Imports,SINGAPORE,Gold (7108),16873270
2013,Imports,AUSTRALIA,"Salt, stone & earths (25)",15772587
2013,Imports,MALAYSIA,"Lead, zinc & tin (78-80)",15643873
2013,Imports,THAILAND,"Salt, stone & earths (25)",15585883
2013,Imports,"KOREA, REP. (SOUTH)",Metal ores & concentrates (26),14958064
2013,Imports,THAILAND,Copper (74),14846890
2013,Imports,"KOREA, REP. (SOUTH)","Lead, zinc & tin (78-80)",14087990
2013,Imports,JAPAN,"Lead, zinc & tin (78-80)",12982821
2013,Imports,"SOUTH AFRICA, REP. OF",Metal ores & concentrates (26),10918624
2013,Imports,VIETNAM,Metal ores & concentrates (26),10630672
2013,Imports,BRAZIL,Metal ores & concentrates (26),9845689
2013,Imports,UNITED STATES,Mineral fuels (27),8653892
2013,Imports,INDIA,Metal ores & concentrates (26),7524201
2013,Imports,HONG KONG,Mineral fuels (27),7293076
2013,Imports,JAPAN,"Salt, stone & earths (25)",6874236
2013,Imports,JAPAN,Gold (7108),6713206
2013,Imports,"KOREA, REP. (SOUTH)",Gold (7108),6383611
2013,Imports,TAIWAN,"Lead, zinc & tin (78-80)",6321506
2013,Imports,UNITED STATES,"Salt, stone & earths (25)",3934992
2013,Imports,VIETNAM,"Lead, zinc & tin (78-80)",3676797
2013,Imports,NEW ZEALAND,Mineral fuels (27),3628025
2013,Imports,HONG KONG,"Lead, zinc & tin (78-80)",3051144
2013,Imports,SINGAPORE,Copper (74),3004867
2013,Imports,UNITED STATES,"Lead, zinc & tin (78-80)",2935198
2013,Imports,SAUDI ARABIA,Copper (74),2852439
2013,Imports,TAIWAN,"Salt, stone & earths (25)",2609813
2013,Imports,SINGAPORE,"Salt, stone & earths (25)",2444130
2013,Imports,BULGARIA,Copper (74),2152264
2013,Imports,BAHRAIN,Mineral fuels (27),2116584
2013,Imports,INDIA,"Salt, stone & earths (25)",2115908
2013,Imports,CANADA,"Lead, zinc & tin (78-80)",1911869
2013,Imports,INDIA,Copper (74),1794331
2013,Imports,IRAN,Mineral fuels (27),1760526
2013,Imports,CHINA,"Lead, zinc & tin (78-80)",1746978
2013,Imports,UNITED STATES,Copper (74),1569068
2013,Imports,SWITZERLAND,"Lead, zinc & tin (78-80)",1506377
2013,Imports,NETHERLANDS,Mineral fuels (27),1480475
2013,Imports,SINGAPORE,"Lead, zinc & tin (78-80)",1363274
2013,Imports,UNITED ARAB EMIRATES,Copper (74),1357982
2013,Imports,GERMANY,"Lead, zinc & tin (78-80)",1239998
2013,Imports,AUSTRALIA,"Lead, zinc & tin (78-80)",1147201
2013,Imports,INDONESIA,"Salt, stone & earths (25)",1084990
2013,Imports,SWITZERLAND,Mineral fuels (27),1020416
2013,Imports,GERMANY,Mineral fuels (27),1019445
2013,Imports,GERMANY,Copper (74),995645
2013,Imports,RUSSIA,"Salt, stone & earths (25)",915401
2013,Imports,AUSTRALIA,Nickel (75),887653
2013,Imports,CHINA,Gold (7108),872231
2013,Imports,VIETNAM,Copper (74),643970
2013,Imports,SINGAPORE,Nickel (75),634976
2013,Imports,FRANCE,Mineral fuels (27),614472
2013,Imports,GERMANY,"Salt, stone & earths (25)",591482
2013,Imports,CANADA,Nickel (75),564648
2013,Imports,UNITED ARAB EMIRATES,"Lead, zinc & tin (78-80)",550527
2013,Imports,THAILAND,Metal ores & concentrates (26),550176
2013,Imports,ITALY,Copper (74),537694
2013,Imports,UNITED STATES,Gold (7108),534868
2013,Imports,CYPRUS,Mineral fuels (27),509222
2013,Imports,HONG KONG,"Salt, stone & earths (25)",359390
2013,Imports,UNITED KINGDOM,"Salt, stone & earths (25)",359084
2013,Imports,GERMANY,Gold (7108),338174
2013,Imports,TAIWAN,Nickel (75),296538
2013,Imports,JAPAN,Nickel (75),293675
2013,Imports,UNITED KINGDOM,Copper (74),278521
2013,Imports,"KOREA, REP. (SOUTH)",Nickel (75),266734
2013,Imports,NETHERLANDS,"Salt, stone & earths (25)",266266
2013,Imports,FRANCE,Copper (74),264885
2013,Imports,"SOUTH AFRICA, REP. OF",Mineral fuels (27),249764
2013,Imports,CHINA,Nickel (75),243994
2013,Imports,TAIWAN,Gold (7108),232647
2013,Imports,INDIA,Nickel (75),209573
2013,Imports,ITALY,Mineral fuels (27),200442
2013,Imports,NEW ZEALAND,Copper (74),199564
2013,Imports,UNITED KINGDOM,Mineral fuels (27),198711
2013,Imports,UKRAINE (UKRAINIAN S.S.R.),Metal ores & concentrates (26),195601
2013,Imports,NIGERIA,"Lead, zinc & tin (78-80)",194374
2013,Imports,SPAIN,Mineral fuels (27),188400
2013,Imports,BULGARIA,"Lead, zinc & tin (78-80)",183430
2013,Imports,CHILE,Copper (74),159439
2013,Imports,KUWAIT,Copper (74),153595
2013,Imports,THAILAND,"Lead, zinc & tin (78-80)",142718
2013,Imports,BRAZIL,"Salt, stone & earths (25)",137962
2013,Imports,CANADA,Mineral fuels (27),132304
2013,Imports,FRANCE,"Salt, stone & earths (25)",130045
2013,Imports,KAZAKHSTAN,"Lead, zinc & tin (78-80)",127543
2013,Imports,FINLAND,"Salt, stone & earths (25)",119428
2013,Imports,BRAZIL,Mineral fuels (27),117864
2013,Imports,INDONESIA,"Lead, zinc & tin (78-80)",117366
2013,Imports,PERU,"Lead, zinc & tin (78-80)",116131
2013,Imports,TURKEY,"Salt, stone & earths (25)",109068
2013,Imports,BELGIUM,"Lead, zinc & tin (78-80)",88744
2013,Imports,GERMANY,Nickel (75),88323
2013,Imports,UNITED STATES,Nickel (75),87834
2013,Imports,BELGIUM,Mineral fuels (27),81074
2013,Imports,FRANCE,Nickel (75),78879
2013,Imports,MEXICO,"Salt, stone & earths (25)",78349
2013,Imports,ARGENTINA,"Salt, stone & earths (25)",77023
2013,Imports,LUXEMBOURG,Copper (74),73074
2013,Imports,TURKEY,Mineral fuels (27),71946
2013,Imports,MALAYSIA,Nickel (75),71111
2013,Imports,FINLAND,Mineral fuels (27),69916
2013,Imports,ITALY,"Salt, stone & earths (25)",63218
2013,Imports,"HONDURAS, REPUBLIC OF",Copper (74),62992
2013,Imports,AUSTRIA,"Salt, stone & earths (25)",62655
2013,Imports,VIRGIN ISLANDS (BRITISH),"Salt, stone & earths (25)",58790
2013,Imports,UNITED ARAB EMIRATES,"Salt, stone & earths (25)",54699
2013,Imports,SEYCHELLES REPUBLIC,Mineral fuels (27),47374
2013,Imports,MALAYSIA,Metal ores & concentrates (26),40644
2013,Imports,GERMANY,Metal ores & concentrates (26),40395
2013,Imports,SWEDEN,Copper (74),40025
2013,Imports,"SOUTH AFRICA, REP. OF","Salt, stone & earths (25)",37526
2013,Imports,UKRAINE (UKRAINIAN S.S.R.),Mineral fuels (27),37422
2013,Imports,NETHERLANDS,Metal ores & concentrates (26),37211
2013,Imports,CANADA,"Salt, stone & earths (25)",33359
2013,Imports,HONG KONG,Nickel (75),33258
2013,Imports,IRAQ,Mineral fuels (27),31225
2013,Imports,HUNGARY,"Lead, zinc & tin (78-80)",29909
2013,Imports,ITALY,"Lead, zinc & tin (78-80)",26945
2013,Imports,INDIA,"Lead, zinc & tin (78-80)",26600
2013,Imports,NEW ZEALAND,"Salt, stone & earths (25)",23969
2013,Imports,UKRAINE (UKRAINIAN S.S.R.),"Salt, stone & earths (25)",23721
2013,Imports,BELGIUM,Metal ores & concentrates (26),20783
2013,Imports,POLAND,"Lead, zinc & tin (78-80)",18769
2013,Imports,UNITED KINGDOM,Nickel (75),15530
2013,Imports,SWITZERLAND,Gold (7108),14359
2013,Imports,NETHERLANDS,Copper (74),13252
2013,Imports,SPAIN,"Salt, stone & earths (25)",12548
2013,Imports,POLAND,Mineral fuels (27),11701
2013,Imports,BELGIUM,"Salt, stone & earths (25)",11498
2013,Imports,HONG KONG,Gold (7108),11300
2013,Imports,BELGIUM,Copper (74),6004
2013,Imports,SLOVENIA,"Lead, zinc & tin (78-80)",5177
2013,Imports,SWITZERLAND,Copper (74),4927
2013,Imports,ARGENTINA,Mineral fuels (27),4508
2013,Imports,DENMARK,"Lead, zinc & tin (78-80)",2794
2013,Imports,FRANCE,Gold (7108),2755
2013,Imports,NEW ZEALAND,Metal ores & concentrates (26),2419
2013,Imports,TAIWAN,Metal ores & concentrates (26),2356
2013,Imports,FRANCE,"Lead, zinc & tin (78-80)",2242
2013,Imports,FINLAND,Copper (74),1899
2013,Imports,KAZAKHSTAN,Copper (74),1842
2013,Imports,ISRAEL,Mineral fuels (27),1514
2013,Imports,"PAKISTAN, ISLAMIC REP. OF","Salt, stone & earths (25)",1356
2013,Imports,BRUNEI DARUSSALAM,"Salt, stone & earths (25)",1340
2013,Imports,DENMARK,Copper (74),1333
2013,Imports,UNITED KINGDOM,"Lead, zinc & tin (78-80)",903
2013,Imports,NORWAY,Copper (74),862
2013,Imports,EGYPT ARAB REPUBLIC,Copper (74),861
2013,Imports,NETHERLANDS,"Lead, zinc & tin (78-80)",735
2013,Imports,CANADA,Copper (74),551
2013,Imports,MEXICO,Metal ores & concentrates (26),402
2013,Imports,SPAIN,Nickel (75),364
2013,Imports,SPAIN,Copper (74),147
2013,Imports,SPAIN,"Lead, zinc & tin (78-80)",74
2014,Exports,CHINA,Metal ores & concentrates (26),1681522945
2014,Exports,JAPAN,Metal ores & concentrates (26),823575943
2014,Exports,"KOREA, REP. (SOUTH)",Mineral fuels (27),592445694
2014,Exports,SINGAPORE,Mineral fuels (27),557933532
2014,Exports,CHINA,Copper (74),404975002
2014,Exports,JAPAN,Nickel (75),326028089
2014,Exports,THAILAND,Mineral fuels (27),293362723
2014,Exports,CHINA,Mineral fuels (27),244529877
2014,Exports,"KOREA, REP. (SOUTH)",Metal ores & concentrates (26),206641441
2014,Exports,SWITZERLAND,Gold (7108),150267294
2014,Exports,JAPAN,Copper (74),101881628
2014,Exports,MALAYSIA,Mineral fuels (27),88689592
2014,Exports,CAMBODIA,Mineral fuels (27),75577233
2014,Exports,"KOREA, REP. (SOUTH)",Copper (74),63667501
2014,Exports,TAIWAN,Gold (7108),40338921
2014,Exports,JAPAN,Gold (7108),31112557
2014,Exports,TAIWAN,Copper (74),27594134
2014,Exports,HONG KONG,Gold (7108),27272887
2014,Exports,AUSTRALIA,Gold (7108),26790972
2014,Exports,AUSTRALIA,Metal ores & concentrates (26),26117414
2014,Exports,THAILAND,Copper (74),26034624
2014,Exports,HONG KONG,Copper (74),22480250
2014,Exports,CHINA,Gold (7108),17245142
2014,Exports,MALAYSIA,"Lead, zinc & tin (78-80)",9093745
2014,Exports,INDIA,Metal ores & concentrates (26),8539887
2014,Exports,JAPAN,"Lead, zinc & tin (78-80)",7444723
2014,Exports,THAILAND,"Lead, zinc & tin (78-80)",7177441
2014,Exports,"KOREA, REP. (SOUTH)","Lead, zinc & tin (78-80)",7026468
2014,Exports,TAIWAN,Mineral fuels (27),6556821
2014,Exports,TAIWAN,"Salt, stone & earths (25)",6519346
2014,Exports,"KOREA, DPR (NORTH)","Lead, zinc & tin (78-80)",6234481
2014,Exports,TAIWAN,"Lead, zinc & tin (78-80)",6148229
2014,Exports,CHINA,"Salt, stone & earths (25)",3587580
2014,Exports,JAPAN,"Salt, stone & earths (25)",3534854
2014,Exports,VIETNAM,Copper (74),2685828
2014,Exports,AUSTRALIA,Mineral fuels (27),2681486
2014,Exports,INDIA,Mineral fuels (27),2501961
2014,Exports,UNITED STATES,Mineral fuels (27),2438382
2014,Exports,INDONESIA,"Salt, stone & earths (25)",2153393
2014,Exports,MALAYSIA,Copper (74),1975931
2014,Exports,INDIA,"Salt, stone & earths (25)",1939005
2014,Exports,MALAYSIA,"Salt, stone & earths (25)",1903997
2014,Exports,SINGAPORE,"Salt, stone & earths (25)",1866396
2014,Exports,NEW CALEDONIA,"Salt, stone & earths (25)",1842100
2014,Exports,SINGAPORE,"Lead, zinc & tin (78-80)",1824490
2014,Exports,"MICRONESIA, FEDERATED STATES OF","Salt, stone & earths (25)",1471456
2014,Exports,MALAYSIA,Gold (7108),1453233
2014,Exports,HONG KONG,Metal ores & concentrates (26),1180676
2014,Exports,INDONESIA,"Lead, zinc & tin (78-80)",872475
2014,Exports,INDIA,"Lead, zinc & tin (78-80)",847337
2014,Exports,INDONESIA,Copper (74),672726
2014,Exports,CHINA,"Lead, zinc & tin (78-80)",634689
2014,Exports,INDONESIA,Mineral fuels (27),633740
2014,Exports,INDIA,Copper (74),594067
2014,Exports,UNITED STATES,Copper (74),547351
2014,Exports,"KOREA, DPR (NORTH)",Copper (74),465955
2014,Exports,"KOREA, REP. (SOUTH)","Salt, stone & earths (25)",410547
2014,Exports,BANGLADESH,"Lead, zinc & tin (78-80)",397161
2014,Exports,PAPUA NEW GUINEA,"Salt, stone & earths (25)",386000
2014,Exports,UNITED STATES,Gold (7108),359963
2014,Exports,"PALAU, REP. OF","Salt, stone & earths (25)",348770
2014,Exports,HONG KONG,Mineral fuels (27),312665
2014,Exports,CANADA,Mineral fuels (27),306836
2014,Exports,PAPUA NEW GUINEA,Mineral fuels (27),274209
2014,Exports,VIETNAM,"Salt, stone & earths (25)",252089
2014,Exports,VIETNAM,Metal ores & concentrates (26),247719
2014,Exports,SINGAPORE,Copper (74),246683
2014,Exports,"KOREA, REP. (SOUTH)",Gold (7108),237506
2014,Exports,JAPAN,Mineral fuels (27),213940
2014,Exports,KYRGYZSTAN,Gold (7108),212555
2014,Exports,UNITED STATES,"Lead, zinc & tin (78-80)",205212
2014,Exports,GERMANY,"Lead, zinc & tin (78-80)",202291
2014,Exports,NEW ZEALAND,Mineral fuels (27),199841
2014,Exports,CZECH REPUBLIC,Copper (74),193494
2014,Exports,ITALY,"Lead, zinc & tin (78-80)",185192
2014,Exports,ITALY,Gold (7108),179213
2014,Exports,BELGIUM,"Lead, zinc & tin (78-80)",172743
2014,Exports,"PAKISTAN, ISLAMIC REP. OF",Mineral fuels (27),141285
2014,Exports,SWEDEN,Mineral fuels (27),135038
2014,Exports,RUSSIA,"Salt, stone & earths (25)",132758
2014,Exports,MEXICO,"Lead, zinc & tin (78-80)",131117
2014,Exports,CHILE,"Salt, stone & earths (25)",124626
2014,Exports,FINLAND,Mineral fuels (27),124214
2014,Exports,HUNGARY,Copper (74),119200
2014,Exports,VIETNAM,Mineral fuels (27),116749
2014,Exports,SINGAPORE,Nickel (75),115462
2014,Exports,THAILAND,"Salt, stone & earths (25)",113475
2014,Exports,THAILAND,Gold (7108),105129
2014,Exports,HONG KONG,"Salt, stone & earths (25)",103076
2014,Exports,SINGAPORE,Metal ores & concentrates (26),96810
2014,Exports,CZECH REPUBLIC,"Lead, zinc & tin (78-80)",91889
2014,Exports,MEXICO,Copper (74),89477
2014,Exports,AUSTRIA,Mineral fuels (27),84057
2014,Exports,PAPUA NEW GUINEA,"Lead, zinc & tin (78-80)",76380
2014,Exports,NETHERLANDS,Nickel (75),69369
2014,Exports,GERMANY,"Salt, stone & earths (25)",67721
2014,Exports,SWITZERLAND,Metal ores & concentrates (26),67651
2014,Exports,TAIWAN,Metal ores & concentrates (26),65675
2014,Exports,GERMANY,Nickel (75),60175
2014,Exports,UNITED ARAB EMIRATES,Metal ores & concentrates (26),56400
2014,Exports,HONG KONG,Nickel (75),56391
2014,Exports,AUSTRALIA,"Salt, stone & earths (25)",53952
2014,Exports,AUSTRALIA,Copper (74),53055
2014,Exports,U.S. MINOR OUTLYING ISLANDS,Mineral fuels (27),52412
2014,Exports,GERMANY,Copper (74),52038
2014,Exports,THAILAND,Nickel (75),46912
2014,Exports,HONG KONG,"Lead, zinc & tin (78-80)",46142
2014,Exports,NORWAY,Mineral fuels (27),46113
2014,Exports,UNITED KINGDOM,"Lead, zinc & tin (78-80)",45077
2014,Exports,NETHERLANDS,Copper (74),44400
2014,Exports,THAILAND,Metal ores & concentrates (26),41765
2014,Exports,UNITED STATES,"Salt, stone & earths (25)",39880
2014,Exports,"MARSHALL ISLANDS, REP. OF","Salt, stone & earths (25)",34530
2014,Exports,BELGIUM,"Salt, stone & earths (25)",31208
2014,Exports,NETHERLANDS,"Salt, stone & earths (25)",30978
2014,Exports,"MICRONESIA, FEDERATED STATES OF","Lead, zinc & tin (78-80)",30104
2014,Exports,FRANCE,"Salt, stone & earths (25)",28937
2014,Exports,MALAYSIA,Metal ores & concentrates (26),27133
2014,Exports,AUSTRALIA,"Lead, zinc & tin (78-80)",25102
2014,Exports,INDIA,Gold (7108),24000
2014,Exports,FINLAND,"Salt, stone & earths (25)",19525
2014,Exports,SRI LANKA (CEYLON),"Salt, stone & earths (25)",15362
2014,Exports,AFGHANISTAN,"Lead, zinc & tin (78-80)",12973
2014,Exports,UNITED KINGDOM,Copper (74),11000
2014,Exports,"PAKISTAN, ISLAMIC REP. OF","Salt, stone & earths (25)",10240
2014,Exports,SPAIN,"Lead, zinc & tin (78-80)",9870
2014,Exports,UNITED KINGDOM,"Salt, stone & earths (25)",9838
2014,Exports,PORTUGAL,"Lead, zinc & tin (78-80)",7133
2014,Exports,AUSTRIA,"Lead, zinc & tin (78-80)",5889
2014,Exports,TURKEY,"Salt, stone & earths (25)",5384
2014,Exports,SOLOMON ISLANDS (BRITISH),Mineral fuels (27),4731
2014,Exports,NEW CALEDONIA,Copper (74),4387
2014,Exports,NEW ZEALAND,"Lead, zinc & tin (78-80)",3955
2014,Exports,LEBANON,"Lead, zinc & tin (78-80)",3841
2014,Exports,BRAZIL,"Salt, stone & earths (25)",3420
2014,Exports,CANADA,"Lead, zinc & tin (78-80)",3175
2014,Exports,POLAND,"Lead, zinc & tin (78-80)",3093
2014,Exports,UNITED STATES,Nickel (75),2558
2014,Exports,CANADA,"Salt, stone & earths (25)",2005
2014,Exports,BRUNEI DARUSSALAM,Mineral fuels (27),1985
2014,Exports,ITALY,"Salt, stone & earths (25)",1892
2014,Exports,RUSSIA,"Lead, zinc & tin (78-80)",1777
2014,Exports,CANADA,Copper (74),1764
2014,Exports,BAHRAIN,"Salt, stone & earths (25)",1632
2014,Exports,FINLAND,"Lead, zinc & tin (78-80)",1449
2014,Exports,UNITED ARAB EMIRATES,"Salt, stone & earths (25)",1005
2014,Exports,FRANCE,Copper (74),826
2014,Exports,SINGAPORE,Gold (7108),809
2014,Exports,PACIFIC TRUST TERRITORY,"Salt, stone & earths (25)",450
2014,Exports,KENYA,"Salt, stone & earths (25)",420
2014,Exports,PAPUA NEW GUINEA,Copper (74),356
2014,Exports,MALAYSIA,Nickel (75),240
2014,Exports,INDONESIA,Gold (7108),31
2014,Imports,SAUDI ARABIA,Mineral fuels (27),3172040175
2014,Imports,"KOREA, REP. (SOUTH)",Mineral fuels (27),2331623440
2014,Imports,TAIWAN,Mineral fuels (27),1673218221
2014,Imports,CHINA,Mineral fuels (27),1015027334
2014,Imports,RUSSIA,Mineral fuels (27),951120664
2014,Imports,SINGAPORE,Mineral fuels (27),937854784
2014,Imports,INDONESIA,Mineral fuels (27),791504708
2014,Imports,UNITED ARAB EMIRATES,Mineral fuels (27),784184102
2014,Imports,QATAR,Mineral fuels (27),591278794
2014,Imports,MALAYSIA,Mineral fuels (27),577874540
2014,Imports,THAILAND,Mineral fuels (27),367656918
2014,Imports,INDIA,Mineral fuels (27),129972745
2014,Imports,"KOREA, REP. (SOUTH)",Copper (74),127982223
2014,Imports,VIETNAM,Mineral fuels (27),90764712
2014,Imports,TAIWAN,Copper (74),84648827
2014,Imports,AUSTRALIA,Metal ores & concentrates (26),77544882
2014,Imports,BRUNEI DARUSSALAM,Mineral fuels (27),69711520
2014,Imports,VIETNAM,"Salt, stone & earths (25)",57352956
2014,Imports,PERU,Metal ores & concentrates (26),45300931
2014,Imports,"KOREA, REP. (SOUTH)","Salt, stone & earths (25)",38318726
2014,Imports,CANADA,Metal ores & concentrates (26),36930525
2014,Imports,HONG KONG,Mineral fuels (27),36589293
2014,Imports,JAPAN,Copper (74),34961539
2014,Imports,INDONESIA,Copper (74),33033730
2014,Imports,CHINA,Copper (74),32985814
2014,Imports,"KOREA, REP. (SOUTH)","Lead, zinc & tin (78-80)",25990517
2014,Imports,KUWAIT,Mineral fuels (27),23451924
2014,Imports,CHINA,"Salt, stone & earths (25)",23150173
2014,Imports,AUSTRALIA,Mineral fuels (27),23001093
2014,Imports,THAILAND,"Salt, stone & earths (25)",22491133
2014,Imports,AUSTRALIA,"Salt, stone & earths (25)",20596974
2014,Imports,"PAKISTAN, ISLAMIC REP. OF",Mineral fuels (27),20146169
2014,Imports,JAPAN,"Lead, zinc & tin (78-80)",19832849
2014,Imports,PAPUA NEW GUINEA,Metal ores & concentrates (26),18816905
2014,Imports,JAPAN,Mineral fuels (27),17746755
2014,Imports,MALAYSIA,Copper (74),17661984
2014,Imports,HONG KONG,Copper (74),16797036
2014,Imports,NIGERIA,Mineral fuels (27),15554331
2014,Imports,THAILAND,Metal ores & concentrates (26),15469850
2014,Imports,MALAYSIA,"Salt, stone & earths (25)",15306654
2014,Imports,MALAYSIA,"Lead, zinc & tin (78-80)",13992937
2014,Imports,JAPAN,"Salt, stone & earths (25)",12062264
2014,Imports,TAIWAN,"Salt, stone & earths (25)",11360731
2014,Imports,JAPAN,Metal ores & concentrates (26),10844269
2014,Imports,THAILAND,Copper (74),10633657
2014,Imports,UNITED STATES,Mineral fuels (27),10489915
2014,Imports,UKRAINE (UKRAINIAN S.S.R.),Metal ores & concentrates (26),8315067
2014,Imports,TAIWAN,"Lead, zinc & tin (78-80)",8117828
2014,Imports,TURKEY,Metal ores & concentrates (26),7622582
2014,Imports,TAIWAN,Metal ores & concentrates (26),7612490
2014,Imports,BULGARIA,Copper (74),6963473
2014,Imports,VIETNAM,"Lead, zinc & tin (78-80)",5717027
2014,Imports,SINGAPORE,Copper (74),4162087
2014,Imports,INDIA,"Lead, zinc & tin (78-80)",4140538
2014,Imports,SINGAPORE,"Lead, zinc & tin (78-80)",4100965
2014,Imports,UNITED STATES,"Salt, stone & earths (25)",3774207
2014,Imports,BRAZIL,Metal ores & concentrates (26),3772853
2014,Imports,JAPAN,Gold (7108),3326182
2014,Imports,GERMANY,"Salt, stone & earths (25)",3253706
2014,Imports,UNITED ARAB EMIRATES,Copper (74),3081342
2014,Imports,UNITED STATES,Copper (74),2872889
2014,Imports,HONG KONG,"Lead, zinc & tin (78-80)",2784162
2014,Imports,CHINA,"Lead, zinc & tin (78-80)",2538302
2014,Imports,GERMANY,Copper (74),2403927
2014,Imports,INDIA,Copper (74),2357094
2014,Imports,AUSTRALIA,"Lead, zinc & tin (78-80)",2001433
2014,Imports,CHINA,Metal ores & concentrates (26),1963534
2014,Imports,BELGIUM,Copper (74),1938958
2014,Imports,PERU,"Lead, zinc & tin (78-80)",1913491
2014,Imports,CANADA,"Lead, zinc & tin (78-80)",1907586
2014,Imports,SINGAPORE,Gold (7108),1829188
2014,Imports,INDIA,"Salt, stone & earths (25)",1826264
2014,Imports,BELGIUM,"Lead, zinc & tin (78-80)",1671771
2014,Imports,IRAN,Mineral fuels (27),1597493
2014,Imports,INDONESIA,"Salt, stone & earths (25)",1595752
2014,Imports,INDONESIA,Metal ores & concentrates (26),1389597
2014,Imports,AUSTRALIA,Copper (74),1232087
2014,Imports,GERMANY,Mineral fuels (27),1231529
2014,Imports,CANADA,Nickel (75),1057414
2014,Imports,RUSSIA,"Salt, stone & earths (25)",1052269
2014,Imports,SWITZERLAND,"Lead, zinc & tin (78-80)",998798
2014,Imports,SINGAPORE,Nickel (75),686832
2014,Imports,OMAN,Mineral fuels (27),608400
2014,Imports,SPAIN,Copper (74),596298
2014,Imports,CHINA,Gold (7108),595841
2014,Imports,"KOREA, REP. (SOUTH)",Nickel (75),559971
2014,Imports,ITALY,Copper (74),538610
2014,Imports,CYPRUS,Mineral fuels (27),497425
2014,Imports,NETHERLANDS,"Lead, zinc & tin (78-80)",471973
2014,Imports,NETHERLANDS,Mineral fuels (27),415872
2014,Imports,GERMANY,"Lead, zinc & tin (78-80)",410793
2014,Imports,PAPUA NEW GUINEA,Mineral fuels (27),405213
2014,Imports,UNITED KINGDOM,"Salt, stone & earths (25)",389199
2014,Imports,TAIWAN,Nickel (75),369319
2014,Imports,THAILAND,"Lead, zinc & tin (78-80)",368038
2014,Imports,BELGIUM,Mineral fuels (27),356516
2014,Imports,VIETNAM,Copper (74),356167
2014,Imports,UNITED KINGDOM,Mineral fuels (27),348975
2014,Imports,SWITZERLAND,"Salt, stone & earths (25)",343019
2014,Imports,KAZAKHSTAN,"Lead, zinc & tin (78-80)",341016
2014,Imports,CHINA,Nickel (75),329292
2014,Imports,AUSTRALIA,Nickel (75),318427
2014,Imports,SAUDI ARABIA,Copper (74),302022
2014,Imports,SWITZERLAND,Copper (74),291291
2014,Imports,SINGAPORE,"Salt, stone & earths (25)",269693
2014,Imports,NEW ZEALAND,Copper (74),265343
2014,Imports,"KOREA, REP. (SOUTH)",Gold (7108),254748
2014,Imports,NETHERLANDS,Copper (74),254529
2014,Imports,TURKEY,Mineral fuels (27),232904
2014,Imports,FRANCE,Copper (74),223997
2014,Imports,NETHERLANDS,Metal ores & concentrates (26),197360
2014,Imports,BRAZIL,"Salt, stone & earths (25)",196811
2014,Imports,NETHERLANDS,"Salt, stone & earths (25)",185409
2014,Imports,UNITED KINGDOM,Copper (74),172994
2014,Imports,BELGIUM,"Salt, stone & earths (25)",169618
2014,Imports,JAPAN,Nickel (75),163348
2014,Imports,"SOUTH AFRICA, REP. OF",Mineral fuels (27),158164
2014,Imports,AUSTRIA,"Salt, stone & earths (25)",144437
2014,Imports,ISRAEL,"Salt, stone & earths (25)",144035
2014,Imports,HONG KONG,"Salt, stone & earths (25)",143252
2014,Imports,UNITED ARAB EMIRATES,"Salt, stone & earths (25)",137473
2014,Imports,GERMANY,Gold (7108),135086
2014,Imports,ITALY,"Salt, stone & earths (25)",133167
2014,Imports,INDIA,Nickel (75),127960
2014,Imports,FRANCE,"Salt, stone & earths (25)",121817
2014,Imports,UNITED STATES,"Lead, zinc & tin (78-80)",110710
2014,Imports,"SOUTH AFRICA, REP. OF",Metal ores & concentrates (26),109266
2014,Imports,HONG KONG,Gold (7108),106007
2014,Imports,SPAIN,Mineral fuels (27),104178
2014,Imports,MALAYSIA,Nickel (75),99074
2014,Imports,AZERBAIJAN,"Salt, stone & earths (25)",98539
2014,Imports,GERMANY,Nickel (75),89498
2014,Imports,MEXICO,"Lead, zinc & tin (78-80)",85123
2014,Imports,ARGENTINA,Copper (74),83855
2014,Imports,INDONESIA,"Lead, zinc & tin (78-80)",77737
2014,Imports,ITALY,Mineral fuels (27),69782
2014,Imports,HONG KONG,Nickel (75),66344
2014,Imports,CANADA,"Salt, stone & earths (25)",62059
2014,Imports,SWEDEN,Mineral fuels (27),61981
2014,Imports,UNITED STATES,Gold (7108),60349
2014,Imports,CYPRUS,"Salt, stone & earths (25)",56544
2014,Imports,TURKEY,Copper (74),56520
2014,Imports,EGYPT ARAB REPUBLIC,"Salt, stone & earths (25)",54978
2014,Imports,UKRAINE (UKRAINIAN S.S.R.),"Salt, stone & earths (25)",52582
2014,Imports,UNITED ARAB EMIRATES,"Lead, zinc & tin (78-80)",52461
2014,Imports,UNITED KINGDOM,Nickel (75),46921
2014,Imports,ITALY,Metal ores & concentrates (26),41518
2014,Imports,"SOUTH AFRICA, REP. OF","Salt, stone & earths (25)",39442
2014,Imports,ISRAEL,Mineral fuels (27),36171
2014,Imports,TURKEY,"Salt, stone & earths (25)",33211
2014,Imports,UNITED STATES,Nickel (75),31445
2014,Imports,INDIA,Metal ores & concentrates (26),29791
2014,Imports,SERBIA,Mineral fuels (27),27042
2014,Imports,MEXICO,"Salt, stone & earths (25)",24244
2014,Imports,POLAND,"Lead, zinc & tin (78-80)",24225
2014,Imports,FINLAND,"Salt, stone & earths (25)",22727
2014,Imports,NEW ZEALAND,"Salt, stone & earths (25)",20754
2014,Imports,HONG KONG,Metal ores & concentrates (26),19532
2014,Imports,FRANCE,Mineral fuels (27),17834
2014,Imports,FRANCE,"Lead, zinc & tin (78-80)",17368
2014,Imports,FRANCE,Nickel (75),16995
2014,Imports,DENMARK,Mineral fuels (27),16284
2014,Imports,GREECE,Mineral fuels (27),12536
2014,Imports,SWEDEN,"Salt, stone & earths (25)",11742
2014,Imports,DENMARK,"Lead, zinc & tin (78-80)",11516
2014,Imports,ALBANIA,"Salt, stone & earths (25)",10497
2014,Imports,DENMARK,Gold (7108),8859
2014,Imports,SPAIN,"Salt, stone & earths (25)",6934
2014,Imports,"BENIN, PEOPLE'S REP. OF (DAHOMEY)","Salt, stone & earths (25)",6767
2014,Imports,TAIWAN,Gold (7108),5679
2014,Imports,UNITED KINGDOM,"Lead, zinc & tin (78-80)",5379
2014,Imports,"PAKISTAN, ISLAMIC REP. OF","Salt, stone & earths (25)",4660
2014,Imports,IRAN,"Salt, stone & earths (25)",3746
2014,Imports,HUNGARY,Copper (74),3438
2014,Imports,SWEDEN,"Lead, zinc & tin (78-80)",3423
2014,Imports,COLOMBIA,"Salt, stone & earths (25)",2122
2014,Imports,DENMARK,Copper (74),2000
2014,Imports,ITALY,"Lead, zinc & tin (78-80)",1929
2014,Imports,UNITED STATES,Metal ores & concentrates (26),1784
2014,Imports,KAZAKHSTAN,Copper (74),1681
2014,Imports,MYANMAR,"Salt, stone & earths (25)",1522
2014,Imports,SWEDEN,Copper (74),1430
2014,Imports,MALAYSIA,Metal ores & concentrates (26),1081
2014,Imports,IRELAND,Mineral fuels (27),762
2014,Imports,SWITZERLAND,Nickel (75),674
2014,Imports,AUSTRALIA,Gold (7108),633
2014,Imports,MEXICO,Copper (74),424
2014,Imports,SWITZERLAND,Mineral fuels (27),342
2014,Imports,NORWAY,Copper (74),321
2014,Imports,FINLAND,Copper (74),304
2014,Imports,CANADA,Copper (74),232
2014,Imports,CANADA,Mineral fuels (27),197
2015,Exports,CHINA,Metal ores & concentrates (26),843000008
2015,Exports,JAPAN,Copper (74),457225665
2015,Exports,JAPAN,Metal ores & concentrates (26),340899476
2015,Exports,JAPAN,Nickel (75),333749414
2015,Exports,"KOREA, REP. (SOUTH)",Metal ores & concentrates (26),265815197
2015,Exports,"KOREA, REP. (SOUTH)",Mineral fuels (27),229735104
2015,Exports,SWITZERLAND,Gold (7108),207050957
2015,Exports,SINGAPORE,Mineral fuels (27),175320628
2015,Exports,CHINA,Mineral fuels (27),159739151
2015,Exports,"KOREA, REP. (SOUTH)",Copper (74),119483879
2015,Exports,MALAYSIA,Mineral fuels (27),108198025
2015,Exports,CHINA,Copper (74),106852147
2015,Exports,THAILAND,Mineral fuels (27),86322697
2015,Exports,THAILAND,Copper (74),58546636
2015,Exports,HONG KONG,Gold (7108),53200735
2015,Exports,INDONESIA,Copper (74),51450192
2015,Exports,INDIA,Metal ores & concentrates (26),46804410
2015,Exports,VIETNAM,Copper (74),45506153
2015,Exports,JAPAN,Gold (7108),44009053
2015,Exports,TAIWAN,Copper (74),40899294
2015,Exports,AUSTRALIA,Gold (7108),37315469
2015,Exports,TAIWAN,Gold (7108),31654046
2015,Exports,INDIA,Gold (7108),31017820
2015,Exports,MALAYSIA,Copper (74),23768618
2015,Exports,CHINA,Gold (7108),17702225
2015,Exports,TAIWAN,Mineral fuels (27),17348757
2015,Exports,HONG KONG,Metal ores & concentrates (26),14074283
2015,Exports,VIETNAM,Mineral fuels (27),12273021
2015,Exports,HONG KONG,Copper (74),11931504
2015,Exports,AUSTRALIA,Metal ores & concentrates (26),10498941
2015,Exports,AUSTRALIA,Mineral fuels (27),8986630
2015,Exports,JAPAN,"Lead, zinc & tin (78-80)",8802808
2015,Exports,INDIA,Mineral fuels (27),8661667
2015,Exports,CHINA,"Salt, stone & earths (25)",7648428
2015,Exports,VIRGIN ISLANDS (BRITISH),Metal ores & concentrates (26),7052046
2015,Exports,"KOREA, DPR (NORTH)",Metal ores & concentrates (26),6992004
2015,Exports,THAILAND,"Lead, zinc & tin (78-80)",4549222
2015,Exports,MALAYSIA,"Lead, zinc & tin (78-80)",4461271
2015,Exports,TAIWAN,"Lead, zinc & tin (78-80)",3884772
2015,Exports,TAIWAN,"Salt, stone & earths (25)",3564489
2015,Exports,SINGAPORE,Metal ores & concentrates (26),2812812
2015,Exports,SINGAPORE,Copper (74),2511702
2015,Exports,"KOREA, DPR (NORTH)","Lead, zinc & tin (78-80)",2454750
2015,Exports,HONG KONG,Mineral fuels (27),2271644
2015,Exports,INDONESIA,"Salt, stone & earths (25)",1866160
2015,Exports,MALAYSIA,Gold (7108),1785815
2015,Exports,VIETNAM,"Salt, stone & earths (25)",1752535
2015,Exports,INDONESIA,Mineral fuels (27),1684645
2015,Exports,UNITED STATES,Copper (74),1629966
2015,Exports,JAPAN,"Salt, stone & earths (25)",1596782
2015,Exports,"MICRONESIA, FEDERATED STATES OF","Salt, stone & earths (25)",1585006
2015,Exports,ANDORRA,Metal ores & concentrates (26),1403563
2015,Exports,UNITED STATES,Mineral fuels (27),1318050
2015,Exports,CAMBODIA,Mineral fuels (27),1153732
2015,Exports,NEW CALEDONIA,"Salt, stone & earths (25)",1044341
2015,Exports,INDIA,"Lead, zinc & tin (78-80)",1025616
2015,Exports,SINGAPORE,"Lead, zinc & tin (78-80)",907544
2015,Exports,EGYPT ARAB REPUBLIC,"Lead, zinc & tin (78-80)",822540
2015,Exports,ITALY,Gold (7108),695739
2015,Exports,"KOREA, REP. (SOUTH)","Lead, zinc & tin (78-80)",689404
2015,Exports,MALAYSIA,"Salt, stone & earths (25)",581900
2015,Exports,VIETNAM,Metal ores & concentrates (26),474174
2015,Exports,"KOREA, REP. (SOUTH)",Gold (7108),382034
2015,Exports,UNITED STATES,"Lead, zinc & tin (78-80)",381773
2015,Exports,AUSTRALIA,"Lead, zinc & tin (78-80)",381600
2015,Exports,CHINA,"Lead, zinc & tin (78-80)",355302
2015,Exports,HONG KONG,"Salt, stone & earths (25)",354191
2015,Exports,UNITED STATES,"Salt, stone & earths (25)",309969
2015,Exports,BANGLADESH,"Lead, zinc & tin (78-80)",302110
2015,Exports,"KOREA, REP. (SOUTH)","Salt, stone & earths (25)",289327
2015,Exports,INDONESIA,"Lead, zinc & tin (78-80)",278186
2015,Exports,NEW ZEALAND,Mineral fuels (27),257634
2015,Exports,UNITED STATES,Nickel (75),233890
2015,Exports,"PAKISTAN, ISLAMIC REP. OF",Mineral fuels (27),219236
2015,Exports,"PALAU, REP. OF",Mineral fuels (27),188725
2015,Exports,CANADA,Copper (74),184287
2015,Exports,SINGAPORE,"Salt, stone & earths (25)",181595
2015,Exports,BANGLADESH,"Salt, stone & earths (25)",179960
2015,Exports,THAILAND,Gold (7108),174840
2015,Exports,GERMANY,"Salt, stone & earths (25)",162522
2015,Exports,PAPUA NEW GUINEA,"Lead, zinc & tin (78-80)",147172
2015,Exports,HONG KONG,"Lead, zinc & tin (78-80)",138230
2015,Exports,NEW CALEDONIA,Metal ores & concentrates (26),123222
2015,Exports,BRUNEI DARUSSALAM,Mineral fuels (27),120717
2015,Exports,INDIA,"Salt, stone & earths (25)",120005
2015,Exports,MALAYSIA,Metal ores & concentrates (26),119227
2015,Exports,CZECH REPUBLIC,Copper (74),118160
2015,Exports,SPAIN,Nickel (75),117195
2015,Exports,INDIA,Copper (74),101475
2015,Exports,THAILAND,"Salt, stone & earths (25)",82439
2015,Exports,TAIWAN,Metal ores & concentrates (26),61206
2015,Exports,AUSTRALIA,"Salt, stone & earths (25)",55426
2015,Exports,FIJI,Mineral fuels (27),50123
2015,Exports,U.S. MINOR OUTLYING ISLANDS,Mineral fuels (27),48011
2015,Exports,NORTHERN MARIANA ISLANDS,Nickel (75),45330
2015,Exports,"PALAU, REP. OF","Salt, stone & earths (25)",42582
2015,Exports,ROMANIA,"Lead, zinc & tin (78-80)",39818
2015,Exports,BRAZIL,"Salt, stone & earths (25)",35963
2015,Exports,BELGIUM,Metal ores & concentrates (26),33000
2015,Exports,AFGHANISTAN,Copper (74),32742
2015,Exports,UNITED KINGDOM,"Salt, stone & earths (25)",32073
2015,Exports,BELGIUM,"Salt, stone & earths (25)",30008
2015,Exports,THAILAND,Metal ores & concentrates (26),27066
2015,Exports,NETHERLANDS,"Salt, stone & earths (25)",26326
2015,Exports,"KOREA, DPR (NORTH)",Copper (74),24417
2015,Exports,NIGERIA,Copper (74),24146
2015,Exports,ISRAEL,"Salt, stone & earths (25)",23132
2015,Exports,SPAIN,"Lead, zinc & tin (78-80)",23056
2015,Exports,NORTHERN MARIANA ISLANDS,"Lead, zinc & tin (78-80)",22659
2015,Exports,VIETNAM,"Lead, zinc & tin (78-80)",21271
2015,Exports,CHILE,Metal ores & concentrates (26),18950
2015,Exports,"PAKISTAN, ISLAMIC REP. OF","Salt, stone & earths (25)",17491
2015,Exports,"MARSHALL ISLANDS, REP. OF","Salt, stone & earths (25)",16662
2015,Exports,UNITED ARAB EMIRATES,Metal ores & concentrates (26),16245
2015,Exports,AUSTRALIA,Copper (74),16197
2015,Exports,MEXICO,Copper (74),15825
2015,Exports,UNITED KINGDOM,"Lead, zinc & tin (78-80)",14287
2015,Exports,PACIFIC TRUST TERRITORY,"Salt, stone & earths (25)",13300
2015,Exports,DENMARK,"Lead, zinc & tin (78-80)",13191
2015,Exports,RUSSIA,"Salt, stone & earths (25)",10772
2015,Exports,NETHERLANDS,Copper (74),9967
2015,Exports,FRANCE,"Salt, stone & earths (25)",9802
2015,Exports,SOLOMON ISLANDS (BRITISH),Mineral fuels (27),9709
2015,Exports,ITALY,"Lead, zinc & tin (78-80)",8275
2015,Exports,JAPAN,Mineral fuels (27),8098
2015,Exports,SPAIN,"Salt, stone & earths (25)",7817
2015,Exports,SRI LANKA (CEYLON),"Salt, stone & earths (25)",7700
2015,Exports,SINGAPORE,Gold (7108),7433
2015,Exports,ITALY,"Salt, stone & earths (25)",7405
2015,Exports,COSTA RICA,Copper (74),7082
2015,Exports,CANADA,"Lead, zinc & tin (78-80)",5918
2015,Exports,GERMANY,"Lead, zinc & tin (78-80)",5793
2015,Exports,SWEDEN,"Lead, zinc & tin (78-80)",4871
2015,Exports,AFGHANISTAN,"Salt, stone & earths (25)",4581
2015,Exports,"SOUTH AFRICA, REP. OF","Lead, zinc & tin (78-80)",3856
2015,Exports,CANADA,"Salt, stone & earths (25)",3854
2015,Exports,SAUDI ARABIA,Mineral fuels (27),3525
2015,Exports,FINLAND,"Lead, zinc & tin (78-80)",2780
2015,Exports,ARGENTINA,"Salt, stone & earths (25)",2340
2015,Exports,"KOREA, DPR (NORTH)","Salt, stone & earths (25)",2070
2015,Exports,POLAND,"Salt, stone & earths (25)",2058
2015,Exports,"SOUTH AFRICA, REP. OF","Salt, stone & earths (25)",2004
2015,Exports,KIRIBATI,Copper (74),1296
2015,Exports,BELGIUM,Mineral fuels (27),1238
2015,Exports,PAPUA NEW GUINEA,Copper (74),990
2015,Exports,GERMANY,Copper (74),934
2015,Exports,FRANCE,"Lead, zinc & tin (78-80)",842
2015,Exports,FRANCE,Copper (74),635
2015,Exports,UNITED ARAB EMIRATES,"Salt, stone & earths (25)",578
2015,Exports,PAPUA NEW GUINEA,Mineral fuels (27),533
2015,Exports,MYANMAR,"Lead, zinc & tin (78-80)",500
2015,Exports,FINLAND,"Salt, stone & earths (25)",438
2015,Exports,RUSSIA,"Lead, zinc & tin (78-80)",409
2015,Exports,DENMARK,"Salt, stone & earths (25)",330
2015,Exports,NEW ZEALAND,"Salt, stone & earths (25)",257
2015,Exports,KENYA,"Lead, zinc & tin (78-80)",225
2015,Exports,INDONESIA,Gold (7108),212
2015,Exports,UNITED ARAB EMIRATES,"Lead, zinc & tin (78-80)",200
2015,Exports,MEXICO,"Salt, stone & earths (25)",75
2015,Exports,NEW ZEALAND,"Lead, zinc & tin (78-80)",58
2015,Imports,SAUDI ARABIA,Mineral fuels (27),1834198115
2015,Imports,"KOREA, REP. (SOUTH)",Mineral fuels (27),1192154283
2015,Imports,TAIWAN,Mineral fuels (27),1150150787
2015,Imports,SINGAPORE,Mineral fuels (27),844785552
2015,Imports,INDONESIA,Mineral fuels (27),841547486
2015,Imports,KUWAIT,Mineral fuels (27),689719151
2015,Imports,MALAYSIA,Mineral fuels (27),617380435
2015,Imports,CHINA,Mineral fuels (27),616792492
2015,Imports,UNITED ARAB EMIRATES,Mineral fuels (27),454736894
2015,Imports,QATAR,Mineral fuels (27),371192564
2015,Imports,RUSSIA,Mineral fuels (27),296849470
2015,Imports,BRAZIL,Metal ores & concentrates (26),182524920
2015,Imports,JAPAN,Mineral fuels (27),165807925
2015,Imports,THAILAND,Mineral fuels (27),158355991
2015,Imports,INDIA,Mineral fuels (27),134560386
2015,Imports,"KOREA, REP. (SOUTH)",Copper (74),110562815
2015,Imports,JAPAN,Copper (74),88371176
2015,Imports,VIETNAM,"Salt, stone & earths (25)",88216370
2015,Imports,AUSTRALIA,Mineral fuels (27),78970006
2015,Imports,TAIWAN,Copper (74),73460217
2015,Imports,VIETNAM,Mineral fuels (27),65461143
2015,Imports,CHINA,Copper (74),52545315
2015,Imports,"KOREA, DPR (NORTH)",Mineral fuels (27),47456845
2015,Imports,AUSTRALIA,Metal ores & concentrates (26),46387871
2015,Imports,NIGERIA,Mineral fuels (27),44809000
2015,Imports,"KOREA, REP. (SOUTH)","Salt, stone & earths (25)",38014150
2015,Imports,UNITED STATES,Mineral fuels (27),37996311
2015,Imports,THAILAND,"Salt, stone & earths (25)",37444776
2015,Imports,JAPAN,"Lead, zinc & tin (78-80)",35273998
2015,Imports,PAPUA NEW GUINEA,Metal ores & concentrates (26),30382951
2015,Imports,ITALY,Mineral fuels (27),26983474
2015,Imports,CANADA,Metal ores & concentrates (26),25902498
2015,Imports,INDONESIA,Metal ores & concentrates (26),25671865
2015,Imports,MALAYSIA,"Lead, zinc & tin (78-80)",22571094
2015,Imports,AUSTRALIA,"Salt, stone & earths (25)",22427936
2015,Imports,CHINA,"Salt, stone & earths (25)",21415525
2015,Imports,INDONESIA,Copper (74),20850884
2015,Imports,THAILAND,Copper (74),18823287
2015,Imports,MALAYSIA,Copper (74),17701131
2015,Imports,"KOREA, REP. (SOUTH)","Lead, zinc & tin (78-80)",17397616
2015,Imports,HONG KONG,Copper (74),17131189
2015,Imports,TAIWAN,"Salt, stone & earths (25)",15994927
2015,Imports,VIETNAM,Metal ores & concentrates (26),13103564
2015,Imports,JAPAN,"Salt, stone & earths (25)",12813791
2015,Imports,CHINA,Metal ores & concentrates (26),12113727
2015,Imports,PERU,Metal ores & concentrates (26),11423735
2015,Imports,CHILE,Metal ores & concentrates (26),11281229
2015,Imports,SINGAPORE,Gold (7108),11236949
2015,Imports,BULGARIA,Copper (74),9621680
2015,Imports,"PAKISTAN, ISLAMIC REP. OF",Mineral fuels (27),9373523
2015,Imports,"KOREA, REP. (SOUTH)",Nickel (75),8860800
2015,Imports,INDONESIA,"Salt, stone & earths (25)",7804529
2015,Imports,UNITED STATES,"Lead, zinc & tin (78-80)",7372804
2015,Imports,GERMANY,Mineral fuels (27),7074496
2015,Imports,TAIWAN,"Lead, zinc & tin (78-80)",6711766
2015,Imports,MALAYSIA,"Salt, stone & earths (25)",6412874
2015,Imports,ALGERIA,Mineral fuels (27),6107866
2015,Imports,JAPAN,Metal ores & concentrates (26),4408190
2015,Imports,JAPAN,Nickel (75),4355801
2015,Imports,UNITED STATES,"Salt, stone & earths (25)",4131314
2015,Imports,"CONGO, REP. OF",Mineral fuels (27),3957597
2015,Imports,VIETNAM,"Lead, zinc & tin (78-80)",3353191
2015,Imports,INDIA,"Salt, stone & earths (25)",3340982
2015,Imports,PERU,Copper (74),3121176
2015,Imports,GERMANY,Copper (74),3049019
2015,Imports,SINGAPORE,Copper (74),2900012
2015,Imports,INDIA,Metal ores & concentrates (26),2897370
2015,Imports,CHINA,"Lead, zinc & tin (78-80)",2895908
2015,Imports,TAIWAN,Metal ores & concentrates (26),2756938
2015,Imports,"KOREA, REP. (SOUTH)",Gold (7108),2621527
2015,Imports,UNITED STATES,Copper (74),2294634
2015,Imports,JAPAN,Gold (7108),2253800
2015,Imports,HONG KONG,"Lead, zinc & tin (78-80)",2174999
2015,Imports,INDIA,Copper (74),1996780
2015,Imports,VIETNAM,Copper (74),1939919
2015,Imports,SINGAPORE,"Lead, zinc & tin (78-80)",1737416
2015,Imports,CAMBODIA,"Salt, stone & earths (25)",1702931
2015,Imports,CANADA,"Lead, zinc & tin (78-80)",1700976
2015,Imports,THAILAND,"Lead, zinc & tin (78-80)",1417829
2015,Imports,CHINA,Nickel (75),1416389
2015,Imports,EGYPT ARAB REPUBLIC,Mineral fuels (27),1404813
2015,Imports,UNITED ARAB EMIRATES,"Salt, stone & earths (25)",1397251
2015,Imports,IRAN,Mineral fuels (27),1366734
2015,Imports,SWITZERLAND,Mineral fuels (27),1278581
2015,Imports,AUSTRIA,"Lead, zinc & tin (78-80)",1263844
2015,Imports,AUSTRALIA,"Lead, zinc & tin (78-80)",1209472
2015,Imports,HONG KONG,Mineral fuels (27),1195965
2015,Imports,TAIWAN,Nickel (75),1175358
2015,Imports,BANGLADESH,Metal ores & concentrates (26),1169769
2015,Imports,CYPRUS,Mineral fuels (27),1069525
2015,Imports,NEW ZEALAND,Mineral fuels (27),950947
2015,Imports,MEXICO,Copper (74),936519
2015,Imports,AUSTRALIA,Copper (74),921329
2015,Imports,OMAN,"Salt, stone & earths (25)",905889
2015,Imports,UNITED ARAB EMIRATES,"Lead, zinc & tin (78-80)",848950
2015,Imports,NETHERLANDS,Mineral fuels (27),848909
2015,Imports,RUSSIA,"Salt, stone & earths (25)",839874
2015,Imports,"KOREA, DPR (NORTH)","Lead, zinc & tin (78-80)",775504
2015,Imports,TURKEY,Copper (74),775377
2015,Imports,SPAIN,Copper (74),719398
2015,Imports,CHINA,Gold (7108),641315
2015,Imports,THAILAND,Metal ores & concentrates (26),634770
2015,Imports,ITALY,Copper (74),522260
2015,Imports,INDIA,"Lead, zinc & tin (78-80)",506873
2015,Imports,SAUDI ARABIA,Copper (74),503425
2015,Imports,FRANCE,Mineral fuels (27),491886
2015,Imports,UNITED STATES,Nickel (75),491524
2015,Imports,OMAN,Mineral fuels (27),429526
2015,Imports,CZECH REPUBLIC,Copper (74),427951
2015,Imports,NETHERLANDS,Copper (74),418900
2015,Imports,SPAIN,Mineral fuels (27),417333
2015,Imports,UNITED KINGDOM,Mineral fuels (27),396045
2015,Imports,BRAZIL,"Salt, stone & earths (25)",388383
2015,Imports,BELGIUM,Mineral fuels (27),352778
2015,Imports,SINGAPORE,Nickel (75),346070
2015,Imports,HONG KONG,Nickel (75),334677
2015,Imports,FRANCE,Nickel (75),333813
2015,Imports,FRANCE,Copper (74),323304
2015,Imports,GERMANY,"Lead, zinc & tin (78-80)",314520
2015,Imports,GERMANY,"Salt, stone & earths (25)",281959
2015,Imports,SWEDEN,Mineral fuels (27),272503
2015,Imports,UNITED KINGDOM,"Salt, stone & earths (25)",270790
2015,Imports,TURKEY,"Salt, stone & earths (25)",242008
2015,Imports,INDIA,Nickel (75),237707
2015,Imports,SINGAPORE,"Salt, stone & earths (25)",203372
2015,Imports,PERU,"Lead, zinc & tin (78-80)",201452
2015,Imports,SWITZERLAND,"Lead, zinc & tin (78-80)",167454
2015,Imports,AZERBAIJAN,"Salt, stone & earths (25)",164419
2015,Imports,NETHERLANDS,"Salt, stone & earths (25)",164233
2015,Imports,UNITED KINGDOM,"Lead, zinc & tin (78-80)",162067
2015,Imports,TURKEY,Mineral fuels (27),158825
2015,Imports,UKRAINE (UKRAINIAN S.S.R.),"Salt, stone & earths (25)",154809
2015,Imports,CANADA,Nickel (75),154306
2015,Imports,INDONESIA,"Lead, zinc & tin (78-80)",149233
2015,Imports,UNITED KINGDOM,Copper (74),135543
2015,Imports,"KOREA, REP. (SOUTH)",Metal ores & concentrates (26),131612
2015,Imports,"SOUTH AFRICA, REP. OF","Salt, stone & earths (25)",128577
2015,Imports,MYANMAR,"Lead, zinc & tin (78-80)",123193
2015,Imports,NEW ZEALAND,Copper (74),121223
2015,Imports,UNITED STATES,Gold (7108),116854
2015,Imports,SWITZERLAND,Copper (74),116635
2015,Imports,HONG KONG,"Salt, stone & earths (25)",116121
2015,Imports,"SOUTH AFRICA, REP. OF",Mineral fuels (27),115042
2015,Imports,UKRAINE (UKRAINIAN S.S.R.),Metal ores & concentrates (26),114152
2015,Imports,"SOUTH AFRICA, REP. OF",Metal ores & concentrates (26),107215
2015,Imports,SWITZERLAND,Nickel (75),105281
2015,Imports,ISRAEL,"Salt, stone & earths (25)",88383
2015,Imports,PORTUGAL,Mineral fuels (27),87131
2015,Imports,ITALY,"Salt, stone & earths (25)",85399
2015,Imports,CANADA,Mineral fuels (27),78164
2015,Imports,KAZAKHSTAN,"Lead, zinc & tin (78-80)",73997
2015,Imports,MEXICO,"Salt, stone & earths (25)",70784
2015,Imports,FRANCE,"Lead, zinc & tin (78-80)",70646
2015,Imports,GERMANY,Nickel (75),69250
2015,Imports,AUSTRIA,"Salt, stone & earths (25)",68019
2015,Imports,NEW ZEALAND,"Salt, stone & earths (25)",61416
2015,Imports,TURKEY,"Lead, zinc & tin (78-80)",59925
2015,Imports,BELGIUM,Metal ores & concentrates (26),53637
2015,Imports,FRANCE,"Salt, stone & earths (25)",51544
2015,Imports,NORWAY,Nickel (75),50788
2015,Imports,FINLAND,"Salt, stone & earths (25)",50502
2015,Imports,NETHERLANDS,Metal ores & concentrates (26),50100
2015,Imports,ARGENTINA,Mineral fuels (27),47063
2015,Imports,UNITED STATES,Metal ores & concentrates (26),44812
2015,Imports,POLAND,"Lead, zinc & tin (78-80)",43383
2015,Imports,BELGIUM,Copper (74),41329
2015,Imports,ECUADOR,Mineral fuels (27),41232
2015,Imports,POLAND,Copper (74),40158
2015,Imports,GERMANY,Gold (7108),36731
2015,Imports,DENMARK,Copper (74),35687
2015,Imports,MALAYSIA,Nickel (75),33551
2015,Imports,BELGIUM,"Salt, stone & earths (25)",31841
2015,Imports,HONG KONG,Metal ores & concentrates (26),31297
2015,Imports,CANADA,"Salt, stone & earths (25)",29856
2015,Imports,MACAU,Copper (74),25727
2015,Imports,SWITZERLAND,"Salt, stone & earths (25)",25716
2015,Imports,FINLAND,Copper (74),23969
2015,Imports,CROATIA,"Salt, stone & earths (25)",21936
2015,Imports,UNITED KINGDOM,Nickel (75),21475
2015,Imports,PORTUGAL,Copper (74),19342
2015,Imports,IRAN,"Salt, stone & earths (25)",13828
2015,Imports,DENMARK,"Lead, zinc & tin (78-80)",13532
2015,Imports,"PAKISTAN, ISLAMIC REP. OF","Salt, stone & earths (25)",11293
2015,Imports,ITALY,"Lead, zinc & tin (78-80)",11255
2015,Imports,GREECE,Mineral fuels (27),10267
2015,Imports,MEXICO,Mineral fuels (27),10173
2015,Imports,EGYPT ARAB REPUBLIC,"Salt, stone & earths (25)",8830
2015,Imports,SPAIN,"Salt, stone & earths (25)",8472
2015,Imports,NEW ZEALAND,Metal ores & concentrates (26),7281
2015,Imports,HUNGARY,Copper (74),6287
2015,Imports,SLOVENIA,Mineral fuels (27),5905
2015,Imports,SRI LANKA (CEYLON),Copper (74),5897
2015,Imports,CANADA,Copper (74),5536
2015,Imports,MALAYSIA,Gold (7108),5514
2015,Imports,HONG KONG,Gold (7108),5318
2015,Imports,UNITED ARAB EMIRATES,Copper (74),5202
2015,Imports,SWITZERLAND,Metal ores & concentrates (26),3853
2015,Imports,FINLAND,Nickel (75),3099
2015,Imports,MYANMAR,Mineral fuels (27),3084
2015,Imports,SINGAPORE,Metal ores & concentrates (26),3079
2015,Imports,AUSTRIA,Copper (74),3039
2015,Imports,DENMARK,Metal ores & concentrates (26),2718
2015,Imports,NETHERLANDS,Nickel (75),2584
2015,Imports,ITALY,Gold (7108),1804
2015,Imports,VIETNAM,Gold (7108),1594
2015,Imports,ISRAEL,Copper (74),1487
2015,Imports,LUXEMBOURG,Gold (7108),1225
2015,Imports,DENMARK,Mineral fuels (27),1204
2015,Imports,AUSTRALIA,Nickel (75),1165
2015,Imports,GEORGIA,Copper (74),1126
2015,Imports,SWITZERLAND,Gold (7108),1095
2015,Imports,UNITED ARAB EMIRATES,Nickel (75),866
2015,Imports,SAUDI ARABIA,"Salt, stone & earths (25)",789
2015,Imports,SWEDEN,Copper (74),777
2015,Imports,SLOVENIA,Copper (74),650
2015,Imports,THAILAND,Nickel (75),648
2015,Imports,MYANMAR,"Salt, stone & earths (25)",537
2015,Imports,SIERRA LEONE,Copper (74),499
2015,Imports,"JAMAICA (EXCLUDES CAYMAN IS.,TURKS,CAICOS)",Copper (74),426
2015,Imports,AUSTRIA,Mineral fuels (27),342
2015,Imports,SWEDEN,"Lead, zinc & tin (78-80)",263
2015,Imports,GREECE,Metal ores & concentrates (26),192
2015,Imports,BELGIUM,Gold (7108),177
2015,Imports,MEXICO,"Lead, zinc & tin (78-80)",168
2015,Imports,NETHERLANDS,"Lead, zinc & tin (78-80)",90
2015,Imports,ITALY,Nickel (75),39
2015,Imports,SPAIN,"Lead, zinc & tin (78-80)",37
2015,Imports,GERMANY,Metal ores & concentrates (26),32
2016,Exports,CHINA,Metal ores & concentrates (26),623662570
2016,Exports,JAPAN,Metal ores & concentrates (26),349786544
2016,Exports,SWITZERLAND,Gold (7108),328375751
2016,Exports,CHINA,Mineral fuels (27),328308757
2016,Exports,JAPAN,Copper (74),308034968
2016,Exports,JAPAN,Nickel (75),233771746
2016,Exports,"KOREA, REP. (SOUTH)",Copper (74),176291138
2016,Exports,"KOREA, REP. (SOUTH)",Mineral fuels (27),162716662
2016,Exports,HONG KONG,Gold (7108),148211262
2016,Exports,"KOREA, REP. (SOUTH)",Metal ores & concentrates (26),115200286
2016,Exports,THAILAND,Mineral fuels (27),110672409
2016,Exports,SINGAPORE,Mineral fuels (27),96793666
2016,Exports,MALAYSIA,Mineral fuels (27),77856711
2016,Exports,HONG KONG,Metal ores & concentrates (26),73160294
2016,Exports,AUSTRALIA,Copper (74),65280696
2016,Exports,AUSTRALIA,Gold (7108),49618742
2016,Exports,TAIWAN,Mineral fuels (27),49050349
2016,Exports,CHINA,Copper (74),48128899
2016,Exports,TAIWAN,Copper (74),33428320
2016,Exports,TAIWAN,Gold (7108),31227097
2016,Exports,CHINA,Gold (7108),21786045
2016,Exports,THAILAND,Copper (74),18696934
2016,Exports,UNITED STATES,Nickel (75),17831482
2016,Exports,JAPAN,Gold (7108),17724980
2016,Exports,INDONESIA,Copper (74),14076913
2016,Exports,INDIA,Metal ores & concentrates (26),12895293
2016,Exports,HONG KONG,Copper (74),12266471
2016,Exports,HONG KONG,Mineral fuels (27),11120320
2016,Exports,VIRGIN ISLANDS (BRITISH),Metal ores & concentrates (26),8830734
2016,Exports,VIETNAM,Copper (74),8049659
2016,Exports,TAIWAN,"Lead, zinc & tin (78-80)",6933620
2016,Exports,INDIA,Gold (7108),6803048
2016,Exports,MALAYSIA,Copper (74),6166257
2016,Exports,"KOREA, DPR (NORTH)",Metal ores & concentrates (26),5991469
2016,Exports,CHINA,"Salt, stone & earths (25)",5734626
2016,Exports,THAILAND,"Lead, zinc & tin (78-80)",5074386
2016,Exports,INDIA,Mineral fuels (27),4596600
2016,Exports,SWITZERLAND,Metal ores & concentrates (26),3568462
2016,Exports,JAPAN,Mineral fuels (27),3492000
2016,Exports,"KOREA, REP. (SOUTH)","Lead, zinc & tin (78-80)",3289787
2016,Exports,JAPAN,"Lead, zinc & tin (78-80)",2959142
2016,Exports,TAIWAN,"Salt, stone & earths (25)",2902203
2016,Exports,MALAYSIA,Gold (7108),2273194
2016,Exports,JAPAN,"Salt, stone & earths (25)",2189515
2016,Exports,CHINA,"Lead, zinc & tin (78-80)",2051457
2016,Exports,"MICRONESIA, FEDERATED STATES OF","Salt, stone & earths (25)",1927747
2016,Exports,AUSTRALIA,Metal ores & concentrates (26),1899331
2016,Exports,INDONESIA,Mineral fuels (27),1483748
2016,Exports,INDIA,"Lead, zinc & tin (78-80)",1417642
2016,Exports,VIETNAM,Mineral fuels (27),1296608
2016,Exports,UNITED STATES,Metal ores & concentrates (26),1243732
2016,Exports,SINGAPORE,Copper (74),1155430
2016,Exports,CAMBODIA,Mineral fuels (27),1085498
2016,Exports,"KOREA, REP. (SOUTH)",Gold (7108),1041594
2016,Exports,MALAYSIA,"Salt, stone & earths (25)",990576
2016,Exports,UNITED STATES,Mineral fuels (27),966460
2016,Exports,MALAYSIA,"Lead, zinc & tin (78-80)",770654
2016,Exports,NIGERIA,Copper (74),736830
2016,Exports,ITALY,Gold (7108),700662
2016,Exports,AUSTRALIA,"Lead, zinc & tin (78-80)",678029
2016,Exports,UNITED STATES,"Salt, stone & earths (25)",553486
2016,Exports,BELGIUM,Mineral fuels (27),535613
2016,Exports,UNITED STATES,Copper (74),447359
2016,Exports,"KOREA, REP. (SOUTH)","Salt, stone & earths (25)",418148
2016,Exports,MALAYSIA,Metal ores & concentrates (26),362514
2016,Exports,CZECH REPUBLIC,Copper (74),316351
2016,Exports,HONG KONG,"Salt, stone & earths (25)",313833
2016,Exports,INDONESIA,"Lead, zinc & tin (78-80)",295868
2016,Exports,"KOREA, DPR (NORTH)","Lead, zinc & tin (78-80)",264855
2016,Exports,BELGIUM,"Lead, zinc & tin (78-80)",263559
2016,Exports,THAILAND,Gold (7108),240792
2016,Exports,VIETNAM,"Lead, zinc & tin (78-80)",239997
2016,Exports,PAPUA NEW GUINEA,Mineral fuels (27),232248
2016,Exports,CANADA,Mineral fuels (27),220528
2016,Exports,GERMANY,Copper (74),204613
2016,Exports,VIETNAM,"Salt, stone & earths (25)",199725
2016,Exports,INDONESIA,"Salt, stone & earths (25)",191633
2016,Exports,BANGLADESH,"Lead, zinc & tin (78-80)",190043
2016,Exports,SINGAPORE,"Salt, stone & earths (25)",168770
2016,Exports,"PALAU, REP. OF","Salt, stone & earths (25)",166500
2016,Exports,SINGAPORE,"Lead, zinc & tin (78-80)",154506
2016,Exports,SINGAPORE,Gold (7108),150708
2016,Exports,GERMANY,"Salt, stone & earths (25)",138337
2016,Exports,BRAZIL,Nickel (75),134780
2016,Exports,VANUATU (NEW HEBRIDES),"Salt, stone & earths (25)",126286
2016,Exports,THAILAND,"Salt, stone & earths (25)",124355
2016,Exports,NEW CALEDONIA,"Salt, stone & earths (25)",122995
2016,Exports,INDIA,Copper (74),111044
2016,Exports,SOLOMON ISLANDS (BRITISH),Mineral fuels (27),89663
2016,Exports,AUSTRALIA,"Salt, stone & earths (25)",81883
2016,Exports,UNITED STATES,"Lead, zinc & tin (78-80)",71068
2016,Exports,INDIA,Nickel (75),59816
2016,Exports,UNITED ARAB EMIRATES,"Salt, stone & earths (25)",57588
2016,Exports,AUSTRALIA,Mineral fuels (27),57323
2016,Exports,TURKEY,Copper (74),56338
2016,Exports,BELGIUM,"Salt, stone & earths (25)",56204
2016,Exports,BRUNEI DARUSSALAM,Mineral fuels (27),51572
2016,Exports,UNITED KINGDOM,"Salt, stone & earths (25)",46928
2016,Exports,CANADA,"Salt, stone & earths (25)",46050
2016,Exports,SRI LANKA (CEYLON),"Salt, stone & earths (25)",36280
2016,Exports,VIETNAM,Metal ores & concentrates (26),35497
2016,Exports,PAPUA NEW GUINEA,"Lead, zinc & tin (78-80)",31792
2016,Exports,LEBANON,Mineral fuels (27),31173
2016,Exports,TAIWAN,Metal ores & concentrates (26),29648
2016,Exports,CHILE,Metal ores & concentrates (26),27000
2016,Exports,HONG KONG,"Lead, zinc & tin (78-80)",25285
2016,Exports,SWITZERLAND,Copper (74),22845
2016,Exports,POLAND,"Salt, stone & earths (25)",21780
2016,Exports,NETHERLANDS,"Salt, stone & earths (25)",21616
2016,Exports,"MARSHALL ISLANDS, REP. OF","Lead, zinc & tin (78-80)",18915
2016,Exports,BELGIUM,Nickel (75),17674
2016,Exports,"MICRONESIA, FEDERATED STATES OF","Lead, zinc & tin (78-80)",17090
2016,Exports,"PAKISTAN, ISLAMIC REP. OF","Salt, stone & earths (25)",16720
2016,Exports,INDONESIA,Gold (7108),12880
2016,Exports,NORTHERN MARIANA ISLANDS,"Salt, stone & earths (25)",9554
2016,Exports,UNITED ARAB EMIRATES,"Lead, zinc & tin (78-80)",9336
2016,Exports,FRANCE,"Salt, stone & earths (25)",9237
2016,Exports,TURKEY,"Salt, stone & earths (25)",9196
2016,Exports,UNITED KINGDOM,Copper (74),8318
2016,Exports,QATAR,"Salt, stone & earths (25)",7434
2016,Exports,DENMARK,"Salt, stone & earths (25)",7150
2016,Exports,SWEDEN,"Lead, zinc & tin (78-80)",5770
2016,Exports,"KOREA, DPR (NORTH)",Mineral fuels (27),5760
2016,Exports,SWITZERLAND,"Lead, zinc & tin (78-80)",5008
2016,Exports,NEW ZEALAND,"Lead, zinc & tin (78-80)",4630
2016,Exports,VIETNAM,Nickel (75),4525
2016,Exports,ISRAEL,"Salt, stone & earths (25)",4281
2016,Exports,FRANCE,Copper (74),3718
2016,Exports,SAUDI ARABIA,Mineral fuels (27),3525
2016,Exports,"KOREA, DPR (NORTH)",Copper (74),3030
2016,Exports,GERMANY,"Lead, zinc & tin (78-80)",3019
2016,Exports,JORDAN,"Salt, stone & earths (25)",2991
2016,Exports,NEW ZEALAND,"Salt, stone & earths (25)",2968
2016,Exports,PANAMA,"Salt, stone & earths (25)",2616
2016,Exports,RUSSIA,"Lead, zinc & tin (78-80)",2393
2016,Exports,ITALY,Copper (74),2178
2016,Exports,SPAIN,"Salt, stone & earths (25)",2000
2016,Exports,AUSTRIA,"Lead, zinc & tin (78-80)",1390
2016,Exports,MEXICO,"Salt, stone & earths (25)",1312
2016,Exports,GERMANY,Mineral fuels (27),910
2016,Exports,ITALY,"Salt, stone & earths (25)",829
2016,Exports,PAPUA NEW GUINEA,Copper (74),555
2016,Exports,FINLAND,"Lead, zinc & tin (78-80)",470
2016,Exports,PACIFIC TRUST TERRITORY,Mineral fuels (27),284
2016,Exports,SINGAPORE,Nickel (75),268
2016,Exports,UNITED STATES,Gold (7108),265
2016,Exports,GERMANY,Nickel (75),255
2016,Exports,BRAZIL,Copper (74),207
2016,Exports,FRANCE,"Lead, zinc & tin (78-80)",200
2016,Exports,RUSSIA,"Salt, stone & earths (25)",168
2016,Exports,IRELAND,Mineral fuels (27),132
2016,Exports,SPAIN,"Lead, zinc & tin (78-80)",101
2016,Exports,ITALY,"Lead, zinc & tin (78-80)",100
2016,Exports,MEXICO,Copper (74),80
2016,Exports,AUSTRIA,Copper (74),50
2016,Exports,NETHERLANDS,Mineral fuels (27),38
2016,Imports,CHINA,Mineral fuels (27),1247539347
2016,Imports,SAUDI ARABIA,Mineral fuels (27),1031589090
2016,Imports,KUWAIT,Mineral fuels (27),1007324631
2016,Imports,INDONESIA,Mineral fuels (27),997363050
2016,Imports,"KOREA, REP. (SOUTH)",Mineral fuels (27),949902686
2016,Imports,SINGAPORE,Mineral fuels (27),671626338
2016,Imports,UNITED ARAB EMIRATES,Mineral fuels (27),522768067
2016,Imports,TAIWAN,Mineral fuels (27),413366046
2016,Imports,MALAYSIA,Mineral fuels (27),399361888
2016,Imports,JAPAN,Mineral fuels (27),270941074
2016,Imports,INDIA,Mineral fuels (27),239657580
2016,Imports,BRAZIL,Metal ores & concentrates (26),224396034
2016,Imports,VIETNAM,"Salt, stone & earths (25)",192230447
2016,Imports,QATAR,Mineral fuels (27),149806241
2016,Imports,JAPAN,Copper (74),137106906
2016,Imports,"KOREA, REP. (SOUTH)",Copper (74),133352731
2016,Imports,INDONESIA,Metal ores & concentrates (26),121679172
2016,Imports,RUSSIA,Mineral fuels (27),114011378
2016,Imports,AUSTRALIA,Mineral fuels (27),110024589
2016,Imports,THAILAND,Mineral fuels (27),87390718
2016,Imports,TAIWAN,Copper (74),87317580
2016,Imports,VIETNAM,Mineral fuels (27),77697473
2016,Imports,THAILAND,Copper (74),77306196
2016,Imports,CHINA,"Salt, stone & earths (25)",76492272
2016,Imports,CHINA,Copper (74),62655129
2016,Imports,TAIWAN,"Salt, stone & earths (25)",57571930
2016,Imports,MALAYSIA,"Lead, zinc & tin (78-80)",56769642
2016,Imports,PAPUA NEW GUINEA,Mineral fuels (27),48926092
2016,Imports,"PAKISTAN, ISLAMIC REP. OF",Mineral fuels (27),43960844
2016,Imports,AUSTRALIA,Metal ores & concentrates (26),39207061
2016,Imports,INDIA,Metal ores & concentrates (26),39003213
2016,Imports,JAPAN,"Lead, zinc & tin (78-80)",37964667
2016,Imports,INDONESIA,Copper (74),34591514
2016,Imports,THAILAND,"Salt, stone & earths (25)",34308192
2016,Imports,"KOREA, REP. (SOUTH)","Salt, stone & earths (25)",33504768
2016,Imports,AUSTRALIA,"Salt, stone & earths (25)",31954088
2016,Imports,SINGAPORE,Gold (7108),31664211
2016,Imports,JAPAN,"Salt, stone & earths (25)",30358274
2016,Imports,MALAYSIA,Copper (74),28743054
2016,Imports,HONG KONG,Copper (74),28508627
2016,Imports,CHILE,Metal ores & concentrates (26),25684792
2016,Imports,"KOREA, DPR (NORTH)",Mineral fuels (27),24378786
2016,Imports,NIGERIA,Mineral fuels (27),24045416
2016,Imports,PERU,Metal ores & concentrates (26),23990341
2016,Imports,UNITED STATES,"Lead, zinc & tin (78-80)",20475834
2016,Imports,OMAN,Mineral fuels (27),20378447
2016,Imports,"KOREA, REP. (SOUTH)","Lead, zinc & tin (78-80)",17634158
2016,Imports,ITALY,Mineral fuels (27),17483796
2016,Imports,UNITED STATES,Mineral fuels (27),16388143
2016,Imports,BULGARIA,Copper (74),16138555
2016,Imports,BRUNEI DARUSSALAM,Mineral fuels (27),13560007
2016,Imports,CANADA,Metal ores & concentrates (26),12432189
2016,Imports,MEXICO,Metal ores & concentrates (26),11324473
2016,Imports,JAPAN,Gold (7108),10528719
2016,Imports,MALAYSIA,"Salt, stone & earths (25)",8127769
2016,Imports,VIETNAM,"Lead, zinc & tin (78-80)",8106430
2016,Imports,TAIWAN,"Lead, zinc & tin (78-80)",8079590
2016,Imports,UNITED STATES,Copper (74),7128686
2016,Imports,"KOREA, REP. (SOUTH)",Gold (7108),6676189
2016,Imports,INDONESIA,"Salt, stone & earths (25)",6320086
2016,Imports,VIETNAM,Copper (74),6158642
2016,Imports,HONG KONG,Mineral fuels (27),5992960
2016,Imports,JAPAN,Metal ores & concentrates (26),5576992
2016,Imports,AUSTRALIA,"Lead, zinc & tin (78-80)",4952703
2016,Imports,CHINA,"Lead, zinc & tin (78-80)",4690041
2016,Imports,UNITED STATES,"Salt, stone & earths (25)",4603661
2016,Imports,"KOREA, REP. (SOUTH)",Nickel (75),3930876
2016,Imports,THAILAND,"Lead, zinc & tin (78-80)",3602582
2016,Imports,GERMANY,Copper (74),3570273
2016,Imports,HONG KONG,"Lead, zinc & tin (78-80)",3512795
2016,Imports,"CONGO, REP. OF",Mineral fuels (27),3123824
2016,Imports,UNITED ARAB EMIRATES,"Lead, zinc & tin (78-80)",3069639
2016,Imports,UNITED ARAB EMIRATES,"Salt, stone & earths (25)",2821756
2016,Imports,INDONESIA,"Lead, zinc & tin (78-80)",2794100
2016,Imports,INDIA,"Salt, stone & earths (25)",2788038
2016,Imports,SINGAPORE,Copper (74),2680680
2016,Imports,UNITED STATES,Metal ores & concentrates (26),2590006
2016,Imports,TURKEY,Copper (74),2534125
2016,Imports,BANGLADESH,Metal ores & concentrates (26),2454255
2016,Imports,TAIWAN,Nickel (75),2371076
2016,Imports,CANADA,Copper (74),2251824
2016,Imports,MEXICO,Copper (74),2140311
2016,Imports,NETHERLANDS,Metal ores & concentrates (26),2109358
2016,Imports,JAPAN,Nickel (75),1970719
2016,Imports,INDIA,Copper (74),1918216
2016,Imports,ALGERIA,Mineral fuels (27),1708713
2016,Imports,CHINA,Nickel (75),1647883
2016,Imports,SYRIAN ARAB REPUBLIC,Copper (74),1487992
2016,Imports,RUSSIA,"Salt, stone & earths (25)",1436126
2016,Imports,TAIWAN,Metal ores & concentrates (26),1428707
2016,Imports,CHINA,Metal ores & concentrates (26),1385350
2016,Imports,NETHERLANDS,Copper (74),1227077
2016,Imports,OMAN,"Salt, stone & earths (25)",1162804
2016,Imports,SINGAPORE,"Lead, zinc & tin (78-80)",1161195
2016,Imports,GERMANY,Mineral fuels (27),1148471
2016,Imports,TURKEY,Metal ores & concentrates (26),1130812
2016,Imports,NETHERLANDS,Mineral fuels (27),1089733
2016,Imports,THAILAND,Metal ores & concentrates (26),1073954
2016,Imports,EGYPT ARAB REPUBLIC,Mineral fuels (27),1073927
2016,Imports,CANADA,"Lead, zinc & tin (78-80)",1059347
2016,Imports,SWITZERLAND,Mineral fuels (27),1012610
2016,Imports,IRAN,Mineral fuels (27),1009518
2016,Imports,INDIA,Nickel (75),1001247
2016,Imports,AUSTRIA,"Lead, zinc & tin (78-80)",995660
2016,Imports,POLAND,Mineral fuels (27),973894
2016,Imports,"KOREA, DPR (NORTH)",Copper (74),971794
2016,Imports,UNITED STATES,Nickel (75),925289
2016,Imports,CAMBODIA,"Salt, stone & earths (25)",907329
2016,Imports,TURKEY,"Salt, stone & earths (25)",827759
2016,Imports,FRANCE,Mineral fuels (27),723983
2016,Imports,SPAIN,Copper (74),682409
2016,Imports,UNITED STATES,Gold (7108),659053
2016,Imports,GERMANY,Nickel (75),638139
2016,Imports,SPAIN,Mineral fuels (27),625895
2016,Imports,SWEDEN,Copper (74),550841
2016,Imports,AUSTRALIA,Copper (74),503116
2016,Imports,ITALY,Copper (74),463040
2016,Imports,GERMANY,"Lead, zinc & tin (78-80)",443096
2016,Imports,RUSSIA,"Lead, zinc & tin (78-80)",439684
2016,Imports,"SOUTH AFRICA, REP. OF",Copper (74),438602
2016,Imports,BRAZIL,"Salt, stone & earths (25)",400024
2016,Imports,CANADA,Mineral fuels (27),352884
2016,Imports,CANADA,Nickel (75),348323
2016,Imports,POLAND,Copper (74),345895
2016,Imports,GERMANY,"Salt, stone & earths (25)",343656
2016,Imports,UNITED KINGDOM,"Salt, stone & earths (25)",318368
2016,Imports,CHINA,Gold (7108),296852
2016,Imports,NETHERLANDS,"Salt, stone & earths (25)",287554
2016,Imports,FRANCE,Nickel (75),279468
2016,Imports,SWITZERLAND,Copper (74),278749
2016,Imports,SINGAPORE,"Salt, stone & earths (25)",258869
2016,Imports,BELGIUM,"Lead, zinc & tin (78-80)",244933
2016,Imports,SWITZERLAND,"Lead, zinc & tin (78-80)",240521
2016,Imports,UNITED KINGDOM,Mineral fuels (27),239345
2016,Imports,HONG KONG,Nickel (75),229174
2016,Imports,INDIA,"Lead, zinc & tin (78-80)",200082
2016,Imports,FRANCE,Copper (74),192182
2016,Imports,"SOUTH AFRICA, REP. OF","Salt, stone & earths (25)",190166
2016,Imports,ARGENTINA,Mineral fuels (27),188902
2016,Imports,UKRAINE (UKRAINIAN S.S.R.),"Salt, stone & earths (25)",186676
2016,Imports,UNITED KINGDOM,Copper (74),183774
2016,Imports,HONG KONG,Gold (7108),175961
2016,Imports,CROATIA,Mineral fuels (27),173901
2016,Imports,TURKEY,"Lead, zinc & tin (78-80)",172448
2016,Imports,HONG KONG,"Salt, stone & earths (25)",170506
2016,Imports,EGYPT ARAB REPUBLIC,"Salt, stone & earths (25)",160121
2016,Imports,SWEDEN,Mineral fuels (27),156703
2016,Imports,BELGIUM,Mineral fuels (27),146655
2016,Imports,MALAWI,"Lead, zinc & tin (78-80)",139704
2016,Imports,BELGIUM,Copper (74),129845
2016,Imports,NEW ZEALAND,Copper (74),127833
2016,Imports,"KOREA, REP. (SOUTH)",Metal ores & concentrates (26),127359
2016,Imports,SWITZERLAND,Nickel (75),118683
2016,Imports,SPAIN,"Lead, zinc & tin (78-80)",117904
2016,Imports,TURKEY,Mineral fuels (27),114316
2016,Imports,BRAZIL,Mineral fuels (27),110959
2016,Imports,FINLAND,"Salt, stone & earths (25)",108677
2016,Imports,SINGAPORE,Nickel (75),103417
2016,Imports,MYANMAR,"Lead, zinc & tin (78-80)",103380
2016,Imports,ISRAEL,Mineral fuels (27),103129
2016,Imports,ISRAEL,"Salt, stone & earths (25)",97807
2016,Imports,FINLAND,Copper (74),97067
2016,Imports,CHILE,"Salt, stone & earths (25)",97041
2016,Imports,MEXICO,"Salt, stone & earths (25)",95734
2016,Imports,MALAYSIA,Nickel (75),90674
2016,Imports,AZERBAIJAN,"Salt, stone & earths (25)",90635
2016,Imports,BULGARIA,"Lead, zinc & tin (78-80)",90570
2016,Imports,FRANCE,"Salt, stone & earths (25)",88494
2016,Imports,GERMANY,Gold (7108),87225
2016,Imports,SIERRA LEONE,Metal ores & concentrates (26),80644
2016,Imports,NEW ZEALAND,"Salt, stone & earths (25)",78080
2016,Imports,KAZAKHSTAN,"Lead, zinc & tin (78-80)",76818
2016,Imports,PORTUGAL,Mineral fuels (27),75976
2016,Imports,MALAYSIA,Gold (7108),74182
2016,Imports,BELGIUM,Metal ores & concentrates (26),73934
2016,Imports,ITALY,"Salt, stone & earths (25)",72455
2016,Imports,GREECE,"Lead, zinc & tin (78-80)",67688
2016,Imports,SIERRA LEONE,"Salt, stone & earths (25)",66900
2016,Imports,SWEDEN,Nickel (75),61948
2016,Imports,CYPRUS,Mineral fuels (27),61035
2016,Imports,FRANCE,"Lead, zinc & tin (78-80)",60617
2016,Imports,MEXICO,Mineral fuels (27),60407
2016,Imports,UNITED KINGDOM,"Lead, zinc & tin (78-80)",55129
2016,Imports,TAIWAN,Gold (7108),50361
2016,Imports,"SOUTH AFRICA, REP. OF",Mineral fuels (27),46812
2016,Imports,DENMARK,Copper (74),45723
2016,Imports,ANDORRA,Mineral fuels (27),44725
2016,Imports,SWEDEN,"Lead, zinc & tin (78-80)",43372
2016,Imports,NETHERLANDS,Nickel (75),40939
2016,Imports,GREECE,"Salt, stone & earths (25)",38613
2016,Imports,BELGIUM,"Salt, stone & earths (25)",35889
2016,Imports,IRAN,"Salt, stone & earths (25)",32645
2016,Imports,MALAYSIA,Metal ores & concentrates (26),30914
2016,Imports,ITALY,"Lead, zinc & tin (78-80)",25697
2016,Imports,"PAKISTAN, ISLAMIC REP. OF","Salt, stone & earths (25)",24670
2016,Imports,CHRISTMAS ISLAND,Copper (74),22157
2016,Imports,UNITED KINGDOM,Nickel (75),21889
2016,Imports,ISRAEL,"Lead, zinc & tin (78-80)",21709
2016,Imports,SLOVENIA,Mineral fuels (27),20810
2016,Imports,CROATIA,"Salt, stone & earths (25)",18328
2016,Imports,AUSTRIA,"Salt, stone & earths (25)",18000
2016,Imports,NETHERLANDS,"Lead, zinc & tin (78-80)",17480
2016,Imports,SPAIN,"Salt, stone & earths (25)",13063
2016,Imports,GEORGIA,"Salt, stone & earths (25)",12599
2016,Imports,DENMARK,Mineral fuels (27),10498
2016,Imports,AUSTRIA,Mineral fuels (27),9611
2016,Imports,CZECH REPUBLIC,"Salt, stone & earths (25)",8191
2016,Imports,SWEDEN,"Salt, stone & earths (25)",8124
2016,Imports,CZECH REPUBLIC,Nickel (75),7481
2016,Imports,SWITZERLAND,Gold (7108),7328
2016,Imports,AUSTRIA,Copper (74),4961
2016,Imports,IRELAND,Copper (74),4389
2016,Imports,SINGAPORE,Metal ores & concentrates (26),4291
2016,Imports,DENMARK,"Lead, zinc & tin (78-80)",3867
2016,Imports,NEW ZEALAND,Mineral fuels (27),3831
2016,Imports,RUSSIA,Copper (74),3171
2016,Imports,BULGARIA,"Salt, stone & earths (25)",2907
2016,Imports,GEORGIA,Copper (74),2735
2016,Imports,DENMARK,Gold (7108),2113
2016,Imports,U.S. MINOR OUTLYING ISLANDS,Copper (74),1736
2016,Imports,PERU,Copper (74),1414
2016,Imports,DJIBOUTI (AFFARS & ISSAS),"Salt, stone & earths (25)",1047
2016,Imports,QATAR,Copper (74),925
2016,Imports,SWITZERLAND,"Salt, stone & earths (25)",780
2016,Imports,FRANCE,Gold (7108),756
2016,Imports,CANADA,"Salt, stone & earths (25)",703
2016,Imports,ISRAEL,Copper (74),676
2016,Imports,AUSTRALIA,Nickel (75),674
2016,Imports,BELGIUM,Nickel (75),530
2016,Imports,ESTONIA,Copper (74),430
2016,Imports,HONG KONG,Metal ores & concentrates (26),334
2016,Imports,POLAND,"Lead, zinc & tin (78-80)",290
2016,Imports,UNITED ARAB EMIRATES,Nickel (75),276
2016,Imports,UNITED ARAB EMIRATES,Copper (74),254
2016,Imports,HUNGARY,Copper (74),231
2016,Imports,"MADAGASCAR, DEMOCRATIC REP. OF",Copper (74),227
2016,Imports,MEXICO,"Lead, zinc & tin (78-80)",198
2016,Imports,NORWAY,Copper (74),181
2016,Imports,ESTONIA,"Lead, zinc & tin (78-80)",115
2016,Imports,PORTUGAL,Copper (74),109
2016,Imports,ROMANIA,Copper (74),94
2016,Imports,LIECHTENSTEIN,"Salt, stone & earths (25)",84
2016,Imports,ARGENTINA,Copper (74),52
2016,Imports,LUXEMBOURG,"Lead, zinc & tin (78-80)",34
2017,Exports,HONG KONG,Gold (7108),823300461
2017,Exports,CHINA,Metal ores & concentrates (26),723711383
2017,Exports,JAPAN,Nickel (75),452729979
2017,Exports,THAILAND,Copper (74),393888759
2017,Exports,CHINA,Mineral fuels (27),342183043
2017,Exports,"KOREA, REP. (SOUTH)",Copper (74),329142543
2017,Exports,JAPAN,Copper (74),326202082
2017,Exports,SWITZERLAND,Gold (7108),274604864
2017,Exports,UNITED ARAB EMIRATES,Copper (74),265119850
2017,Exports,CHINA,Copper (74),256381493
2017,Exports,JAPAN,Metal ores & concentrates (26),227988906
2017,Exports,"KOREA, REP. (SOUTH)",Mineral fuels (27),219974745
2017,Exports,MALAYSIA,Mineral fuels (27),130767103
2017,Exports,INDONESIA,Copper (74),129762950
2017,Exports,SINGAPORE,Metal ores & concentrates (26),129381539
2017,Exports,SINGAPORE,Mineral fuels (27),126458303
2017,Exports,THAILAND,Mineral fuels (27),115511466
2017,Exports,MALAYSIA,Copper (74),90981939
2017,Exports,INDIA,Copper (74),89694306
2017,Exports,AUSTRALIA,Gold (7108),73849666
2017,Exports,TAIWAN,Copper (74),73477712
2017,Exports,VIETNAM,Copper (74),57622976
2017,Exports,INDIA,Gold (7108),52130964
2017,Exports,TAIWAN,Mineral fuels (27),46861487
2017,Exports,INDIA,Mineral fuels (27),24319325
2017,Exports,"KOREA, REP. (SOUTH)","Lead, zinc & tin (78-80)",21997273
2017,Exports,JAPAN,"Lead, zinc & tin (78-80)",15916229
2017,Exports,HONG KONG,Metal ores & concentrates (26),15183578
2017,Exports,"KOREA, REP. (SOUTH)",Metal ores & concentrates (26),13827388
2017,Exports,CANADA,Copper (74),13163873
2017,Exports,HONG KONG,Copper (74),12126625
2017,Exports,UNITED ARAB EMIRATES,Mineral fuels (27),12113741
2017,Exports,VIETNAM,Mineral fuels (27),9041102
2017,Exports,OMAN,Copper (74),7574531
2017,Exports,JAPAN,Mineral fuels (27),7324219
2017,Exports,TAIWAN,Metal ores & concentrates (26),6651191
2017,Exports,JAPAN,Gold (7108),5745140
2017,Exports,TAIWAN,"Lead, zinc & tin (78-80)",5563645
2017,Exports,CHINA,"Lead, zinc & tin (78-80)",5531935
2017,Exports,CHINA,"Salt, stone & earths (25)",5087643
2017,Exports,THAILAND,"Lead, zinc & tin (78-80)",4123174
2017,Exports,MALAYSIA,"Lead, zinc & tin (78-80)",4059671
2017,Exports,SINGAPORE,"Salt, stone & earths (25)",2412435
2017,Exports,TAIWAN,"Salt, stone & earths (25)",2055694
2017,Exports,"PAKISTAN, ISLAMIC REP. OF",Copper (74),2037255
2017,Exports,UNITED STATES,Nickel (75),1977954
2017,Exports,INDONESIA,"Salt, stone & earths (25)",1891385
2017,Exports,INDIA,"Lead, zinc & tin (78-80)",1839091
2017,Exports,"MICRONESIA, FEDERATED STATES OF","Salt, stone & earths (25)",1819274
2017,Exports,VIRGIN ISLANDS (BRITISH),Metal ores & concentrates (26),1815000
2017,Exports,TAIWAN,Gold (7108),1807810
2017,Exports,CHINA,Gold (7108),1798095
2017,Exports,INDONESIA,"Lead, zinc & tin (78-80)",1764700
2017,Exports,BANGLADESH,Copper (74),1286698
2017,Exports,BANGLADESH,Mineral fuels (27),1268805
2017,Exports,JAPAN,"Salt, stone & earths (25)",1072540
2017,Exports,VIETNAM,"Salt, stone & earths (25)",987861
2017,Exports,CZECH REPUBLIC,Copper (74),917049
2017,Exports,CZECH REPUBLIC,"Lead, zinc & tin (78-80)",891245
2017,Exports,MALAYSIA,"Salt, stone & earths (25)",833931
2017,Exports,SINGAPORE,Gold (7108),788227
2017,Exports,VIETNAM,"Lead, zinc & tin (78-80)",736956
2017,Exports,UNITED STATES,Copper (74),671036
2017,Exports,ITALY,Gold (7108),630116
2017,Exports,PAPUA NEW GUINEA,"Lead, zinc & tin (78-80)",620183
2017,Exports,"KOREA, REP. (SOUTH)","Salt, stone & earths (25)",610382
2017,Exports,CAMBODIA,Mineral fuels (27),580805
2017,Exports,MEXICO,Copper (74),551597
2017,Exports,NEW CALEDONIA,"Salt, stone & earths (25)",437488
2017,Exports,UNITED STATES,Gold (7108),335282
2017,Exports,SINGAPORE,Copper (74),330759
2017,Exports,THAILAND,Gold (7108),313317
2017,Exports,BRAZIL,Nickel (75),269690
2017,Exports,HONG KONG,"Salt, stone & earths (25)",261758
2017,Exports,UNITED STATES,"Salt, stone & earths (25)",250011
2017,Exports,UNITED STATES,Mineral fuels (27),247409
2017,Exports,AFGHANISTAN,"Lead, zinc & tin (78-80)",213584
2017,Exports,SRI LANKA (CEYLON),"Lead, zinc & tin (78-80)",212800
2017,Exports,GERMANY,Copper (74),192821
2017,Exports,"PALAU, REP. OF","Salt, stone & earths (25)",179158
2017,Exports,THAILAND,"Salt, stone & earths (25)",170091
2017,Exports,SINGAPORE,"Lead, zinc & tin (78-80)",165973
2017,Exports,"KOREA, REP. (SOUTH)",Gold (7108),142829
2017,Exports,TAIWAN,Nickel (75),140070
2017,Exports,PAPUA NEW GUINEA,Copper (74),130300
2017,Exports,PAPUA NEW GUINEA,Mineral fuels (27),123762
2017,Exports,MALAYSIA,Gold (7108),115777
2017,Exports,CANADA,Metal ores & concentrates (26),105270
2017,Exports,AUSTRALIA,"Lead, zinc & tin (78-80)",94495
2017,Exports,LEBANON,"Lead, zinc & tin (78-80)",91200
2017,Exports,BELGIUM,Nickel (75),80528
2017,Exports,UNITED STATES,"Lead, zinc & tin (78-80)",80437
2017,Exports,TURKEY,Copper (74),75525
2017,Exports,GERMANY,Nickel (75),70343
2017,Exports,BRUNEI DARUSSALAM,Mineral fuels (27),69238
2017,Exports,"MICRONESIA, FEDERATED STATES OF","Lead, zinc & tin (78-80)",67764
2017,Exports,INDIA,"Salt, stone & earths (25)",66664
2017,Exports,INDIA,Metal ores & concentrates (26),50458
2017,Exports,MALAYSIA,Metal ores & concentrates (26),50270
2017,Exports,UNITED KINGDOM,"Salt, stone & earths (25)",50137
2017,Exports,NIGERIA,Copper (74),45992
2017,Exports,SPAIN,"Lead, zinc & tin (78-80)",45282
2017,Exports,GERMANY,"Salt, stone & earths (25)",42197
2017,Exports,BELGIUM,"Salt, stone & earths (25)",40479
2017,Exports,AUSTRALIA,"Salt, stone & earths (25)",36989
2017,Exports,"PAKISTAN, ISLAMIC REP. OF","Lead, zinc & tin (78-80)",36152
2017,Exports,UNITED ARAB EMIRATES,"Lead, zinc & tin (78-80)",32949
2017,Exports,DENMARK,"Lead, zinc & tin (78-80)",28761
2017,Exports,SRI LANKA (CEYLON),"Salt, stone & earths (25)",28710
2017,Exports,UNITED STATES,Metal ores & concentrates (26),28600
2017,Exports,CHILE,Metal ores & concentrates (26),27000
2017,Exports,"KOREA, REP. (SOUTH)",Nickel (75),24678
2017,Exports,CANADA,"Salt, stone & earths (25)",24284
2017,Exports,NETHERLANDS,"Salt, stone & earths (25)",23150
2017,Exports,"MARSHALL ISLANDS, REP. OF","Lead, zinc & tin (78-80)",20000
2017,Exports,LEBANON,Copper (74),19320
2017,Exports,MYANMAR,"Salt, stone & earths (25)",17820
2017,Exports,RUSSIA,"Salt, stone & earths (25)",15966
2017,Exports,BRUNEI DARUSSALAM,"Salt, stone & earths (25)",13120
2017,Exports,NEW ZEALAND,Copper (74),12744
2017,Exports,NORTHERN MARIANA ISLANDS,"Salt, stone & earths (25)",12000
2017,Exports,KUWAIT,"Salt, stone & earths (25)",10919
2017,Exports,SOLOMON ISLANDS (BRITISH),Mineral fuels (27),9771
2017,Exports,INDONESIA,Mineral fuels (27),9146
2017,Exports,"PAKISTAN, ISLAMIC REP. OF","Salt, stone & earths (25)",8140
2017,Exports,AFGHANISTAN,Copper (74),7599
2017,Exports,CANADA,"Lead, zinc & tin (78-80)",7504
2017,Exports,DENMARK,"Salt, stone & earths (25)",6980
2017,Exports,BRAZIL,"Salt, stone & earths (25)",6716
2017,Exports,POLAND,"Salt, stone & earths (25)",6472
2017,Exports,HONG KONG,"Lead, zinc & tin (78-80)",5442
2017,Exports,INDONESIA,Gold (7108),5346
2017,Exports,CHINA,Nickel (75),5100
2017,Exports,UNITED KINGDOM,Copper (74),4608
2017,Exports,ECUADOR,Mineral fuels (27),3600
2017,Exports,SAUDI ARABIA,Mineral fuels (27),3525
2017,Exports,PORTUGAL,Copper (74),3292
2017,Exports,NORWAY,Copper (74),3020
2017,Exports,ITALY,"Salt, stone & earths (25)",2638
2017,Exports,RUSSIA,Gold (7108),2475
2017,Exports,FRANCE,Copper (74),2346
2017,Exports,"MICRONESIA, FEDERATED STATES OF",Mineral fuels (27),2252
2017,Exports,PACIFIC TRUST TERRITORY,"Salt, stone & earths (25)",1880
2017,Exports,UNITED KINGDOM,"Lead, zinc & tin (78-80)",1765
2017,Exports,AUSTRALIA,Copper (74),1411
2017,Exports,"SOUTH AFRICA, REP. OF",Copper (74),1175
2017,Exports,SAUDI ARABIA,"Salt, stone & earths (25)",1144
2017,Exports,THAILAND,Nickel (75),946
2017,Exports,"MALDIVES, REP. OF","Salt, stone & earths (25)",821
2017,Exports,ITALY,Copper (74),800
2017,Exports,JORDAN,Gold (7108),700
2017,Exports,GERMANY,Mineral fuels (27),674
2017,Exports,GERMANY,"Lead, zinc & tin (78-80)",622
2017,Exports,"MICRONESIA, FEDERATED STATES OF",Nickel (75),419
2017,Exports,NEPAL,"Salt, stone & earths (25)",415
2017,Exports,UNITED ARAB EMIRATES,"Salt, stone & earths (25)",270
2017,Exports,UNITED KINGDOM,Mineral fuels (27),229
2017,Exports,"SOUTH AFRICA, REP. OF",Metal ores & concentrates (26),200
2017,Exports,KENYA,"Salt, stone & earths (25)",127
2017,Exports,ITALY,Nickel (75),110
2017,Exports,AUSTRALIA,Metal ores & concentrates (26),100
2017,Exports,AUSTRALIA,Mineral fuels (27),100
2017,Exports,PORTUGAL,"Lead, zinc & tin (78-80)",100
2017,Exports,SWEDEN,"Lead, zinc & tin (78-80)",100
2017,Exports,NEW ZEALAND,"Lead, zinc & tin (78-80)",63
2017,Imports,CHINA,Mineral fuels (27),2024642414
2017,Imports,"KOREA, REP. (SOUTH)",Mineral fuels (27),1665177689
2017,Imports,INDONESIA,Mineral fuels (27),1443279130
2017,Imports,SAUDI ARABIA,Mineral fuels (27),1156633896
2017,Imports,KUWAIT,Mineral fuels (27),1064924114
2017,Imports,SINGAPORE,Mineral fuels (27),784830252
2017,Imports,UNITED ARAB EMIRATES,Mineral fuels (27),734749906
2017,Imports,INDONESIA,Metal ores & concentrates (26),667240347
2017,Imports,AUSTRALIA,Metal ores & concentrates (26),573522604
2017,Imports,MALAYSIA,Mineral fuels (27),568539369
2017,Imports,BRAZIL,Metal ores & concentrates (26),382797814
2017,Imports,INDIA,Mineral fuels (27),337608958
2017,Imports,JAPAN,Mineral fuels (27),280653503
2017,Imports,QATAR,Mineral fuels (27),256011596
2017,Imports,VIETNAM,"Salt, stone & earths (25)",236881577
2017,Imports,AUSTRALIA,Mineral fuels (27),230188926
2017,Imports,TAIWAN,Mineral fuels (27),192470013
2017,Imports,JAPAN,Copper (74),168400499
2017,Imports,"KOREA, REP. (SOUTH)",Copper (74),157254292
2017,Imports,PERU,Metal ores & concentrates (26),145463805
2017,Imports,TAIWAN,Copper (74),122130470
2017,Imports,THAILAND,Mineral fuels (27),107717389
2017,Imports,CHILE,Metal ores & concentrates (26),106766792
2017,Imports,THAILAND,Copper (74),105789671
2017,Imports,RUSSIA,Mineral fuels (27),105249313
2017,Imports,PAPUA NEW GUINEA,Metal ores & concentrates (26),97303831
2017,Imports,PAPUA NEW GUINEA,Mineral fuels (27),95207634
2017,Imports,"PAKISTAN, ISLAMIC REP. OF",Mineral fuels (27),86086110
2017,Imports,CHINA,"Salt, stone & earths (25)",83119724
2017,Imports,IRAN,Metal ores & concentrates (26),81726899
2017,Imports,MALAYSIA,"Lead, zinc & tin (78-80)",79227864
2017,Imports,UNITED STATES,Mineral fuels (27),79157327
2017,Imports,CHINA,Copper (74),68896267
2017,Imports,THAILAND,"Salt, stone & earths (25)",63501679
2017,Imports,VIETNAM,Mineral fuels (27),50408834
2017,Imports,TAIWAN,"Salt, stone & earths (25)",47077526
2017,Imports,OMAN,Mineral fuels (27),39459689
2017,Imports,"KOREA, REP. (SOUTH)","Salt, stone & earths (25)",38606719
2017,Imports,SINGAPORE,Gold (7108),37540631
2017,Imports,BRUNEI DARUSSALAM,Mineral fuels (27),32958224
2017,Imports,AUSTRALIA,"Salt, stone & earths (25)",31706045
2017,Imports,JAPAN,"Salt, stone & earths (25)",30704541
2017,Imports,CANADA,Metal ores & concentrates (26),30658180
2017,Imports,ALGERIA,Mineral fuels (27),29463473
2017,Imports,MEXICO,Metal ores & concentrates (26),29236528
2017,Imports,MALAYSIA,Copper (74),28301150
2017,Imports,INDONESIA,Copper (74),27929212
2017,Imports,NETHERLANDS,Mineral fuels (27),26523280
2017,Imports,INDONESIA,"Salt, stone & earths (25)",22089266
2017,Imports,JAPAN,"Lead, zinc & tin (78-80)",21390318
2017,Imports,"KOREA, REP. (SOUTH)",Nickel (75),19367774
2017,Imports,HONG KONG,Mineral fuels (27),16734606
2017,Imports,VIETNAM,"Lead, zinc & tin (78-80)",15305547
2017,Imports,HONG KONG,Copper (74),14735544
2017,Imports,"KOREA, REP. (SOUTH)","Lead, zinc & tin (78-80)",13635379
2017,Imports,"EQUATORIAL GUINEA, REP. OF",Mineral fuels (27),13304148
2017,Imports,INDIA,"Lead, zinc & tin (78-80)",11416989
2017,Imports,AUSTRALIA,"Lead, zinc & tin (78-80)",10498578
2017,Imports,MALAYSIA,"Salt, stone & earths (25)",9063205
2017,Imports,VIETNAM,Copper (74),9048262
2017,Imports,INDIA,Metal ores & concentrates (26),8312138
2017,Imports,"KOREA, REP. (SOUTH)",Gold (7108),8231426
2017,Imports,JAPAN,Metal ores & concentrates (26),7426981
2017,Imports,ERITREA,Metal ores & concentrates (26),7319870
2017,Imports,TAIWAN,"Lead, zinc & tin (78-80)",6648586
2017,Imports,UNITED STATES,Copper (74),6116826
2017,Imports,THAILAND,"Lead, zinc & tin (78-80)",5911501
2017,Imports,BULGARIA,Copper (74),5796026
2017,Imports,JAPAN,Gold (7108),5502684
2017,Imports,UNITED STATES,"Salt, stone & earths (25)",5028898
2017,Imports,ANGOLA,Mineral fuels (27),4588500
2017,Imports,SINGAPORE,"Lead, zinc & tin (78-80)",4357625
2017,Imports,OMAN,"Salt, stone & earths (25)",4327855
2017,Imports,CHINA,"Lead, zinc & tin (78-80)",4023853
2017,Imports,PERU,Mineral fuels (27),3472527
2017,Imports,SINGAPORE,Copper (74),3259698
2017,Imports,"SOUTH AFRICA, REP. OF",Copper (74),3207875
2017,Imports,GERMANY,Copper (74),3206176
2017,Imports,UNITED KINGDOM,Mineral fuels (27),2893829
2017,Imports,BAHRAIN,Mineral fuels (27),2696455
2017,Imports,CANADA,"Lead, zinc & tin (78-80)",2561694
2017,Imports,CHINA,Nickel (75),2449444
2017,Imports,INDIA,Copper (74),2372247
2017,Imports,TAIWAN,Nickel (75),2323976
2017,Imports,UNITED ARAB EMIRATES,"Salt, stone & earths (25)",2280855
2017,Imports,GERMANY,"Lead, zinc & tin (78-80)",2171171
2017,Imports,INDIA,"Salt, stone & earths (25)",2019379
2017,Imports,JAPAN,Nickel (75),2012607
2017,Imports,HONG KONG,"Lead, zinc & tin (78-80)",1969069
2017,Imports,UNITED STATES,"Lead, zinc & tin (78-80)",1882271
2017,Imports,NETHERLANDS,Copper (74),1821138
2017,Imports,UNITED ARAB EMIRATES,"Lead, zinc & tin (78-80)",1565771
2017,Imports,GERMANY,Mineral fuels (27),1551325
2017,Imports,RUSSIA,"Salt, stone & earths (25)",1543310
2017,Imports,INDONESIA,"Lead, zinc & tin (78-80)",1244726
2017,Imports,FRANCE,Mineral fuels (27),1239972
2017,Imports,TURKEY,Copper (74),1215284
2017,Imports,SWEDEN,Copper (74),1053190
2017,Imports,THAILAND,Metal ores & concentrates (26),1022359
2017,Imports,IRAN,Mineral fuels (27),961403
2017,Imports,GERMANY,Nickel (75),921891
2017,Imports,EGYPT ARAB REPUBLIC,"Salt, stone & earths (25)",799505
2017,Imports,SWITZERLAND,Mineral fuels (27),786277
2017,Imports,ITALY,Copper (74),767604
2017,Imports,SWITZERLAND,"Lead, zinc & tin (78-80)",699824
2017,Imports,"KOREA, REP. (SOUTH)",Metal ores & concentrates (26),661868
2017,Imports,SPAIN,Copper (74),648000
2017,Imports,SAUDI ARABIA,Copper (74),647622
2017,Imports,NETHERLANDS,"Lead, zinc & tin (78-80)",640887
2017,Imports,BELGIUM,Mineral fuels (27),589642
2017,Imports,INDIA,Nickel (75),589267
2017,Imports,UNITED KINGDOM,"Salt, stone & earths (25)",513872
2017,Imports,ITALY,Mineral fuels (27),461138
2017,Imports,FRANCE,Copper (74),456678
2017,Imports,AUSTRIA,"Lead, zinc & tin (78-80)",448604
2017,Imports,HONG KONG,Gold (7108),420571
2017,Imports,AUSTRALIA,Copper (74),408268
2017,Imports,SPAIN,"Lead, zinc & tin (78-80)",397603
2017,Imports,GERMANY,"Salt, stone & earths (25)",396228
2017,Imports,UNITED STATES,Gold (7108),390259
2017,Imports,CHINA,Gold (7108),375860
2017,Imports,SPAIN,Mineral fuels (27),356574
2017,Imports,BELGIUM,"Lead, zinc & tin (78-80)",323607
2017,Imports,"SOUTH AFRICA, REP. OF",Mineral fuels (27),314430
2017,Imports,SINGAPORE,"Salt, stone & earths (25)",310174
2017,Imports,FRANCE,Nickel (75),299747
2017,Imports,CHINA,Metal ores & concentrates (26),289482
2017,Imports,TURKEY,"Salt, stone & earths (25)",281866
2017,Imports,UKRAINE (UKRAINIAN S.S.R.),Metal ores & concentrates (26),275000
2017,Imports,TAIWAN,Metal ores & concentrates (26),267029
2017,Imports,UNITED STATES,Nickel (75),239625
2017,Imports,SPAIN,"Salt, stone & earths (25)",220002
2017,Imports,UNITED STATES,Metal ores & concentrates (26),218104
2017,Imports,CANADA,Copper (74),212090
2017,Imports,UNITED KINGDOM,Copper (74),209068
2017,Imports,HONG KONG,"Salt, stone & earths (25)",202379
2017,Imports,MEXICO,"Salt, stone & earths (25)",199933
2017,Imports,VIETNAM,Metal ores & concentrates (26),186034
2017,Imports,GEORGIA,"Salt, stone & earths (25)",183282
2017,Imports,"SOUTH AFRICA, REP. OF",Metal ores & concentrates (26),179337
2017,Imports,TURKEY,Mineral fuels (27),177922
2017,Imports,ISRAEL,"Salt, stone & earths (25)",160785
2017,Imports,SWITZERLAND,Copper (74),158507
2017,Imports,NETHERLANDS,"Salt, stone & earths (25)",151298
2017,Imports,CYPRUS,Mineral fuels (27),149678
2017,Imports,HONG KONG,Nickel (75),140339
2017,Imports,SINGAPORE,Nickel (75),131255
2017,Imports,BELGIUM,Copper (74),129190
2017,Imports,CANADA,Mineral fuels (27),126696
2017,Imports,PORTUGAL,Mineral fuels (27),121028
2017,Imports,POLAND,Mineral fuels (27),118853
2017,Imports,GREECE,"Lead, zinc & tin (78-80)",116795
2017,Imports,SWEDEN,Mineral fuels (27),113498
2017,Imports,"SOUTH AFRICA, REP. OF","Salt, stone & earths (25)",111845
2017,Imports,NEW ZEALAND,"Salt, stone & earths (25)",107696
2017,Imports,ANDORRA,Copper (74),99973
2017,Imports,UNITED KINGDOM,"Lead, zinc & tin (78-80)",84013
2017,Imports,NEW ZEALAND,Copper (74),73301
2017,Imports,ITALY,"Salt, stone & earths (25)",67652
2017,Imports,GERMANY,Gold (7108),67648
2017,Imports,FINLAND,"Salt, stone & earths (25)",62482
2017,Imports,MALAYSIA,Nickel (75),62415
2017,Imports,ITALY,"Lead, zinc & tin (78-80)",53654
2017,Imports,MEXICO,Mineral fuels (27),48362
2017,Imports,NEW ZEALAND,Mineral fuels (27),47762
2017,Imports,"PAKISTAN, ISLAMIC REP. OF","Salt, stone & earths (25)",46887
2017,Imports,ESTONIA,Mineral fuels (27),45802
2017,Imports,MALTA,Mineral fuels (27),45234
2017,Imports,CANADA,"Salt, stone & earths (25)",42822
2017,Imports,FRANCE,"Salt, stone & earths (25)",42816
2017,Imports,SWEDEN,Nickel (75),41957
2017,Imports,SINGAPORE,Metal ores & concentrates (26),41724
2017,Imports,NETHERLANDS,Metal ores & concentrates (26),41455
2017,Imports,LITHUANIA,Mineral fuels (27),39666
2017,Imports,ICELAND,"Salt, stone & earths (25)",38448
2017,Imports,FRANCE,"Lead, zinc & tin (78-80)",37504
2017,Imports,UNITED ARAB EMIRATES,Copper (74),34658
2017,Imports,ITALY,Nickel (75),30188
2017,Imports,HONG KONG,Metal ores & concentrates (26),30011
2017,Imports,UNITED KINGDOM,Nickel (75),27031
2017,Imports,MOROCCO,"Salt, stone & earths (25)",24621
2017,Imports,SWITZERLAND,"Salt, stone & earths (25)",24322
2017,Imports,BULGARIA,Mineral fuels (27),24186
2017,Imports,SAMOA (WESTERN SAMOA),"Salt, stone & earths (25)",23350
2017,Imports,NETHERLANDS,Nickel (75),20017
2017,Imports,AUSTRIA,"Salt, stone & earths (25)",19487
2017,Imports,DENMARK,Mineral fuels (27),18856
2017,Imports,BULGARIA,"Salt, stone & earths (25)",18153
2017,Imports,FRANCE,Metal ores & concentrates (26),17653
2017,Imports,DENMARK,Copper (74),15353
2017,Imports,SLOVENIA,Mineral fuels (27),13679
2017,Imports,BRAZIL,"Salt, stone & earths (25)",12662
2017,Imports,POLAND,"Salt, stone & earths (25)",11946
2017,Imports,SWITZERLAND,Gold (7108),11481
2017,Imports,MALAYSIA,Gold (7108),11457
2017,Imports,LUXEMBOURG,Gold (7108),11201
2017,Imports,GERMANY,Metal ores & concentrates (26),11052
2017,Imports,TAIWAN,Gold (7108),10112
2017,Imports,BELGIUM,"Salt, stone & earths (25)",9764
2017,Imports,AUSTRALIA,Nickel (75),9585
2017,Imports,FINLAND,Copper (74),8278
2017,Imports,NETHERLANDS,Gold (7108),5590
2017,Imports,LUXEMBOURG,"Lead, zinc & tin (78-80)",5486
2017,Imports,FINLAND,Mineral fuels (27),5219
2017,Imports,DENMARK,Gold (7108),4786
2017,Imports,LUXEMBOURG,Metal ores & concentrates (26),4502
2017,Imports,NEW ZEALAND,"Lead, zinc & tin (78-80)",3963
2017,Imports,IRELAND,"Salt, stone & earths (25)",3473
2017,Imports,MEXICO,Copper (74),2905
2017,Imports,SRI LANKA (CEYLON),Copper (74),2823
2017,Imports,IRELAND,Mineral fuels (27),2572
2017,Imports,SWEDEN,"Salt, stone & earths (25)",2201
2017,Imports,PERU,Copper (74),2176
2017,Imports,AUSTRIA,Mineral fuels (27),1942
2017,Imports,THAILAND,Nickel (75),1869
2017,Imports,DENMARK,"Lead, zinc & tin (78-80)",1610
2017,Imports,IRAN,"Salt, stone & earths (25)",1458
2017,Imports,IRELAND,Copper (74),1178
2017,Imports,GREECE,Copper (74),978
2017,Imports,MALI (WEST AFRICA),"Lead, zinc & tin (78-80)",972
2017,Imports,FINLAND,"Lead, zinc & tin (78-80)",877
2017,Imports,NORWAY,"Lead, zinc & tin (78-80)",836
2017,Imports,INDONESIA,Nickel (75),806
2017,Imports,NORWAY,Copper (74),789
2017,Imports,NORWAY,Mineral fuels (27),778
2017,Imports,LUXEMBOURG,Mineral fuels (27),634
2017,Imports,SWITZERLAND,Nickel (75),618
2017,Imports,ISRAEL,Copper (74),585
2017,Imports,ALBANIA,Copper (74),534
2017,Imports,AUSTRIA,Copper (74),507
2017,Imports,LIECHTENSTEIN,"Salt, stone & earths (25)",497
2017,Imports,HUNGARY,"Lead, zinc & tin (78-80)",464
2017,Imports,CZECH REPUBLIC,Nickel (75),401
2017,Imports,QATAR,"Salt, stone & earths (25)",370
2017,Imports,"JAMAICA (EXCLUDES CAYMAN IS.,TURKS,CAICOS)",Copper (74),301
2017,Imports,SWEDEN,"Lead, zinc & tin (78-80)",286
2017,Imports,PORTUGAL,Copper (74),231
2017,Imports,SPAIN,Nickel (75),219
2017,Imports,CAMBODIA,"Salt, stone & earths (25)",165
2017,Imports,EGYPT ARAB REPUBLIC,Nickel (75),158
2017,Imports,HUNGARY,Copper (74),157
2017,Imports,LUXEMBOURG,Copper (74),139
2017,Imports,POLAND,Copper (74),83
2017,Imports,CZECH REPUBLIC,Copper (74),35
2018,Exports,HONG KONG,Gold (7108),841421850
2018,Exports,CHINA,Copper (74),612882031
2018,Exports,CHINA,Metal ores & concentrates (26),501675722
2018,Exports,CHINA,Mineral fuels (27),449881855
2018,Exports,JAPAN,Nickel (75),381711421
2018,Exports,SINGAPORE,Mineral fuels (27),327186994
2018,Exports,JAPAN,Metal ores & concentrates (26),302093702
2018,Exports,THAILAND,Copper (74),285959406
2018,Exports,"KOREA, REP. (SOUTH)",Mineral fuels (27),181084774
2018,Exports,SWITZERLAND,Gold (7108),178344492
2018,Exports,JAPAN,Copper (74),140352735
2018,Exports,THAILAND,Mineral fuels (27),117431519
2018,Exports,SINGAPORE,Metal ores & concentrates (26),106509961
2018,Exports,"KOREA, REP. (SOUTH)",Copper (74),92687259
2018,Exports,INDONESIA,Copper (74),88915830
2018,Exports,MALAYSIA,Mineral fuels (27),74653464
2018,Exports,INDIA,Metal ores & concentrates (26),69464210
2018,Exports,CANADA,Metal ores & concentrates (26),66002181
2018,Exports,UNITED ARAB EMIRATES,Copper (74),62266030
2018,Exports,INDIA,Gold (7108),55192705
2018,Exports,"KOREA, REP. (SOUTH)",Metal ores & concentrates (26),50571124
2018,Exports,AUSTRALIA,Gold (7108),45584852
2018,Exports,TAIWAN,Mineral fuels (27),44725193
2018,Exports,TAIWAN,Copper (74),43158665
2018,Exports,MALAYSIA,Copper (74),39923289
2018,Exports,GEORGIA,Metal ores & concentrates (26),30262342
2018,Exports,INDONESIA,Mineral fuels (27),20962160
2018,Exports,VIETNAM,Copper (74),19918774
2018,Exports,UNITED STATES,Mineral fuels (27),15205127
2018,Exports,"KOREA, REP. (SOUTH)","Lead, zinc & tin (78-80)",14740432
2018,Exports,INDIA,Copper (74),14276026
2018,Exports,TAIWAN,Gold (7108),13678404
2018,Exports,JAPAN,"Lead, zinc & tin (78-80)",12041230
2018,Exports,CHINA,"Salt, stone & earths (25)",10454638
2018,Exports,CHINA,"Lead, zinc & tin (78-80)",10204472
2018,Exports,TAIWAN,Metal ores & concentrates (26),8811612
2018,Exports,CHINA,Gold (7108),8094397
2018,Exports,JAPAN,Gold (7108),7538923
2018,Exports,TAIWAN,"Lead, zinc & tin (78-80)",6047824
2018,Exports,JAPAN,Mineral fuels (27),4686288
2018,Exports,INDONESIA,"Salt, stone & earths (25)",4554652
2018,Exports,TAIWAN,"Salt, stone & earths (25)",4417380
2018,Exports,INDIA,"Lead, zinc & tin (78-80)",4125461
2018,Exports,HONG KONG,Copper (74),3882869
2018,Exports,MALAYSIA,"Lead, zinc & tin (78-80)",3703496
2018,Exports,INDIA,Mineral fuels (27),2462298
2018,Exports,NEW CALEDONIA,"Salt, stone & earths (25)",2300736
2018,Exports,MEXICO,Copper (74),2175774
2018,Exports,JAPAN,"Salt, stone & earths (25)",2162438
2018,Exports,THAILAND,"Lead, zinc & tin (78-80)",1971083
2018,Exports,"MICRONESIA, FEDERATED STATES OF","Salt, stone & earths (25)",1866230
2018,Exports,VIETNAM,Mineral fuels (27),1832522
2018,Exports,"KOREA, REP. (SOUTH)",Gold (7108),1421075
2018,Exports,SINGAPORE,"Salt, stone & earths (25)",1223119
2018,Exports,MALAYSIA,Gold (7108),1033865
2018,Exports,VIETNAM,"Salt, stone & earths (25)",1007276
2018,Exports,HONG KONG,"Salt, stone & earths (25)",913672
2018,Exports,CZECH REPUBLIC,Copper (74),900935
2018,Exports,MALAYSIA,"Salt, stone & earths (25)",879650
2018,Exports,CZECH REPUBLIC,"Lead, zinc & tin (78-80)",859812
2018,Exports,SPAIN,"Lead, zinc & tin (78-80)",817508
2018,Exports,UNITED STATES,Nickel (75),709329
2018,Exports,"KOREA, REP. (SOUTH)","Salt, stone & earths (25)",677378
2018,Exports,SINGAPORE,"Lead, zinc & tin (78-80)",641705
2018,Exports,UNITED STATES,Copper (74),626380
2018,Exports,VIETNAM,"Lead, zinc & tin (78-80)",624486
2018,Exports,FRANCE,"Salt, stone & earths (25)",620000
2018,Exports,"KOREA, REP. (SOUTH)",Nickel (75),611359
2018,Exports,THAILAND,Metal ores & concentrates (26),565839
2018,Exports,VIETNAM,Metal ores & concentrates (26),535000
2018,Exports,CAMBODIA,Mineral fuels (27),461077
2018,Exports,SINGAPORE,Copper (74),383818
2018,Exports,SINGAPORE,Gold (7108),352456
2018,Exports,INDIA,"Salt, stone & earths (25)",331671
2018,Exports,INDONESIA,"Lead, zinc & tin (78-80)",331573
2018,Exports,BRAZIL,Nickel (75),272665
2018,Exports,"PAKISTAN, ISLAMIC REP. OF","Lead, zinc & tin (78-80)",270437
2018,Exports,MYANMAR,"Lead, zinc & tin (78-80)",269100
2018,Exports,MALAYSIA,Nickel (75),263860
2018,Exports,ITALY,Gold (7108),257016
2018,Exports,UNITED STATES,"Salt, stone & earths (25)",232894
2018,Exports,THAILAND,"Salt, stone & earths (25)",216981
2018,Exports,THAILAND,Gold (7108),208960
2018,Exports,NETHERLANDS,Nickel (75),185835
2018,Exports,LEBANON,Copper (74),164922
2018,Exports,PAPUA NEW GUINEA,"Lead, zinc & tin (78-80)",162322
2018,Exports,AUSTRALIA,"Lead, zinc & tin (78-80)",158713
2018,Exports,UNITED STATES,"Lead, zinc & tin (78-80)",147399
2018,Exports,POLAND,Nickel (75),129716
2018,Exports,CAMBODIA,"Lead, zinc & tin (78-80)",129494
2018,Exports,AUSTRALIA,"Salt, stone & earths (25)",110121
2018,Exports,HONG KONG,"Lead, zinc & tin (78-80)",104411
2018,Exports,BELGIUM,"Salt, stone & earths (25)",101013
2018,Exports,AUSTRALIA,Mineral fuels (27),86961
2018,Exports,TURKEY,"Lead, zinc & tin (78-80)",84540
2018,Exports,GERMANY,Copper (74),82279
2018,Exports,BRUNEI DARUSSALAM,Mineral fuels (27),75650
2018,Exports,GERMANY,"Salt, stone & earths (25)",75107
2018,Exports,BELGIUM,Copper (74),68926
2018,Exports,ITALY,"Salt, stone & earths (25)",61949
2018,Exports,UNITED ARAB EMIRATES,"Lead, zinc & tin (78-80)",58509
2018,Exports,UNITED KINGDOM,"Lead, zinc & tin (78-80)",54633
2018,Exports,UNITED STATES,Gold (7108),49397
2018,Exports,SRI LANKA (CEYLON),"Lead, zinc & tin (78-80)",45047
2018,Exports,UNITED STATES,Metal ores & concentrates (26),41390
2018,Exports,SRI LANKA (CEYLON),"Salt, stone & earths (25)",39020
2018,Exports,INDONESIA,Gold (7108),36903
2018,Exports,BRAZIL,"Salt, stone & earths (25)",31434
2018,Exports,PAPUA NEW GUINEA,Mineral fuels (27),30080
2018,Exports,POLAND,Copper (74),27481
2018,Exports,CHILE,Copper (74),27000
2018,Exports,TURKEY,Copper (74),19125
2018,Exports,CANADA,"Salt, stone & earths (25)",19046
2018,Exports,CAMBODIA,Metal ores & concentrates (26),18000
2018,Exports,POLAND,"Salt, stone & earths (25)",15985
2018,Exports,"PALAU, REP. OF","Salt, stone & earths (25)",15600
2018,Exports,CHINA,Nickel (75),15437
2018,Exports,INDONESIA,Metal ores & concentrates (26),13050
2018,Exports,BELGIUM,Metal ores & concentrates (26),11192
2018,Exports,UNITED KINGDOM,"Salt, stone & earths (25)",10490
2018,Exports,NETHERLANDS,"Salt, stone & earths (25)",10435
2018,Exports,DENMARK,"Lead, zinc & tin (78-80)",9700
2018,Exports,FRANCE,Nickel (75),8467
2018,Exports,DENMARK,"Salt, stone & earths (25)",7518
2018,Exports,GERMANY,Nickel (75),7352
2018,Exports,GUATEMALA,"Salt, stone & earths (25)",7260
2018,Exports,SWEDEN,"Lead, zinc & tin (78-80)",5716
2018,Exports,"MARSHALL ISLANDS, REP. OF","Salt, stone & earths (25)",5226
2018,Exports,KUWAIT,Copper (74),4442
2018,Exports,VIETNAM,Nickel (75),3939
2018,Exports,UNITED KINGDOM,Mineral fuels (27),3271
2018,Exports,SAUDI ARABIA,"Salt, stone & earths (25)",3243
2018,Exports,GERMANY,Mineral fuels (27),2617
2018,Exports,PAPUA NEW GUINEA,"Salt, stone & earths (25)",2485
2018,Exports,AUSTRALIA,Copper (74),2222
2018,Exports,UNITED KINGDOM,Nickel (75),2081
2018,Exports,COLOMBIA,Copper (74),2000
2018,Exports,PAPUA NEW GUINEA,Copper (74),1913
2018,Exports,FRENCH POLYNESIA,Mineral fuels (27),1722
2018,Exports,BAHRAIN,"Salt, stone & earths (25)",1716
2018,Exports,SWITZERLAND,Copper (74),1394
2018,Exports,FRANCE,Mineral fuels (27),1332
2018,Exports,ETHIOPIA,Copper (74),1238
2018,Exports,SPAIN,Copper (74),1099
2018,Exports,"MICRONESIA, FEDERATED STATES OF",Copper (74),1033
2018,Exports,MYANMAR,"Salt, stone & earths (25)",850
2018,Exports,NEW ZEALAND,Mineral fuels (27),845
2018,Exports,THAILAND,Nickel (75),568
2018,Exports,ITALY,"Lead, zinc & tin (78-80)",472
2018,Exports,MACAU,Copper (74),422
2018,Exports,"SOUTH AFRICA, REP. OF","Salt, stone & earths (25)",400
2018,Exports,AFGHANISTAN,Copper (74),346
2018,Exports,UNITED ARAB EMIRATES,Mineral fuels (27),295
2018,Exports,SOLOMON ISLANDS (BRITISH),"Salt, stone & earths (25)",210
2018,Exports,CANADA,"Lead, zinc & tin (78-80)",202
2018,Exports,GERMANY,"Lead, zinc & tin (78-80)",187
2018,Exports,AUSTRALIA,Metal ores & concentrates (26),150
2018,Exports,NEW ZEALAND,"Salt, stone & earths (25)",99
2018,Exports,BRAZIL,Copper (74),85
2018,Exports,"SOUTH AFRICA, REP. OF",Metal ores & concentrates (26),60
2018,Exports,UNITED ARAB EMIRATES,"Salt, stone & earths (25)",60
2018,Exports,POLAND,"Lead, zinc & tin (78-80)",47
2018,Exports,ECUADOR,"Salt, stone & earths (25)",36
2018,Exports,BRUNEI DARUSSALAM,"Salt, stone & earths (25)",30
2018,Exports,NIGERIA,"Salt, stone & earths (25)",30
2018,Imports,CHINA,Mineral fuels (27),2415570613
2018,Imports,"KOREA, REP. (SOUTH)",Mineral fuels (27),2310262734
2018,Imports,INDONESIA,Mineral fuels (27),1857173760
2018,Imports,SAUDI ARABIA,Mineral fuels (27),1704500974
2018,Imports,UNITED ARAB EMIRATES,Mineral fuels (27),1614078249
2018,Imports,KUWAIT,Mineral fuels (27),1390708774
2018,Imports,SINGAPORE,Mineral fuels (27),823822216
2018,Imports,MALAYSIA,Mineral fuels (27),800229283
2018,Imports,BRAZIL,Metal ores & concentrates (26),579276413
2018,Imports,VIETNAM,"Salt, stone & earths (25)",389965504
2018,Imports,AUSTRALIA,Metal ores & concentrates (26),378109440
2018,Imports,INDONESIA,Metal ores & concentrates (26),344975924
2018,Imports,INDIA,Mineral fuels (27),280841882
2018,Imports,JAPAN,Mineral fuels (27),257634213
2018,Imports,QATAR,Mineral fuels (27),221704866
2018,Imports,RUSSIA,Mineral fuels (27),212921670
2018,Imports,PERU,Metal ores & concentrates (26),208527095
2018,Imports,JAPAN,Copper (74),208153760
2018,Imports,AUSTRALIA,Mineral fuels (27),205592145
2018,Imports,THAILAND,Mineral fuels (27),168563802
2018,Imports,"KOREA, REP. (SOUTH)",Copper (74),157342666
2018,Imports,TAIWAN,Mineral fuels (27),145922538
2018,Imports,THAILAND,Copper (74),132389151
2018,Imports,TAIWAN,Copper (74),124378767
2018,Imports,VIETNAM,Mineral fuels (27),117318524
2018,Imports,PAPUA NEW GUINEA,Metal ores & concentrates (26),100428421
2018,Imports,UNITED STATES,Mineral fuels (27),97476253
2018,Imports,CHINA,Copper (74),93148793
2018,Imports,CHINA,"Salt, stone & earths (25)",81199123
2018,Imports,OMAN,Mineral fuels (27),69541262
2018,Imports,THAILAND,"Salt, stone & earths (25)",69503869
2018,Imports,MALAYSIA,"Lead, zinc & tin (78-80)",62919237
2018,Imports,CANADA,Metal ores & concentrates (26),61261772
2018,Imports,"KOREA, REP. (SOUTH)","Salt, stone & earths (25)",60414571
2018,Imports,"KOREA, REP. (SOUTH)",Nickel (75),48096192
2018,Imports,VIETNAM,Copper (74),47941490
2018,Imports,SINGAPORE,Gold (7108),42700597
2018,Imports,"PAKISTAN, ISLAMIC REP. OF",Mineral fuels (27),41844764
2018,Imports,TAIWAN,"Salt, stone & earths (25)",39986144
2018,Imports,AUSTRALIA,"Salt, stone & earths (25)",39597594
2018,Imports,CHILE,Metal ores & concentrates (26),38402694
2018,Imports,INDONESIA,Copper (74),35855435
2018,Imports,INDONESIA,"Salt, stone & earths (25)",35733121
2018,Imports,NIGERIA,Mineral fuels (27),33684998
2018,Imports,MALAYSIA,Copper (74),31337269
2018,Imports,JAPAN,"Lead, zinc & tin (78-80)",31117016
2018,Imports,JAPAN,"Salt, stone & earths (25)",30199428
2018,Imports,AUSTRALIA,"Lead, zinc & tin (78-80)",29545719
2018,Imports,PAPUA NEW GUINEA,Mineral fuels (27),25284432
2018,Imports,"KOREA, REP. (SOUTH)","Lead, zinc & tin (78-80)",23752578
2018,Imports,VIETNAM,"Lead, zinc & tin (78-80)",23065188
2018,Imports,BRUNEI DARUSSALAM,Mineral fuels (27),22649600
2018,Imports,MEXICO,Metal ores & concentrates (26),17385354
2018,Imports,HONG KONG,Copper (74),16608216
2018,Imports,HONG KONG,Mineral fuels (27),16383878
2018,Imports,INDIA,Metal ores & concentrates (26),15746219
2018,Imports,"EQUATORIAL GUINEA, REP. OF",Mineral fuels (27),14587810
2018,Imports,ALGERIA,Mineral fuels (27),13439344
2018,Imports,IRAN,Metal ores & concentrates (26),12173469
2018,Imports,UKRAINE (UKRAINIAN S.S.R.),Metal ores & concentrates (26),11535522
2018,Imports,IRAQ,Mineral fuels (27),10532745
2018,Imports,TAIWAN,"Lead, zinc & tin (78-80)",10370051
2018,Imports,MALAYSIA,"Salt, stone & earths (25)",9071460
2018,Imports,"KOREA, REP. (SOUTH)",Gold (7108),8908848
2018,Imports,INDIA,"Lead, zinc & tin (78-80)",8773480
2018,Imports,SRI LANKA (CEYLON),Mineral fuels (27),8666750
2018,Imports,JAPAN,Metal ores & concentrates (26),5476692
2018,Imports,UNITED STATES,"Salt, stone & earths (25)",5400648
2018,Imports,CHINA,"Lead, zinc & tin (78-80)",4992984
2018,Imports,ANGOLA,Mineral fuels (27),4980000
2018,Imports,UNITED STATES,Copper (74),4088502
2018,Imports,GERMANY,Copper (74),3978429
2018,Imports,HONG KONG,"Lead, zinc & tin (78-80)",3700122
2018,Imports,SWITZERLAND,"Lead, zinc & tin (78-80)",3691857
2018,Imports,JAPAN,Nickel (75),3691007
2018,Imports,CHINA,Nickel (75),3527346
2018,Imports,TURKEY,Copper (74),3526305
2018,Imports,UNITED STATES,"Lead, zinc & tin (78-80)",3496006
2018,Imports,OMAN,"Salt, stone & earths (25)",3397270
2018,Imports,JAPAN,Gold (7108),3375740
2018,Imports,UNITED ARAB EMIRATES,"Lead, zinc & tin (78-80)",3176264
2018,Imports,NORWAY,"Salt, stone & earths (25)",3086301
2018,Imports,INDIA,"Salt, stone & earths (25)",2977479
2018,Imports,SINGAPORE,Copper (74),2940881
2018,Imports,INDIA,Copper (74),2827432
2018,Imports,SINGAPORE,"Lead, zinc & tin (78-80)",2825384
2018,Imports,THAILAND,"Lead, zinc & tin (78-80)",2582346
2018,Imports,CANADA,"Lead, zinc & tin (78-80)",2512389
2018,Imports,BULGARIA,Copper (74),2503459
2018,Imports,TAIWAN,Nickel (75),2447608
2018,Imports,GERMANY,"Lead, zinc & tin (78-80)",2402457
2018,Imports,UNITED ARAB EMIRATES,"Salt, stone & earths (25)",2114315
2018,Imports,NETHERLANDS,Mineral fuels (27),1892823
2018,Imports,IRAN,Mineral fuels (27),1882269
2018,Imports,GERMANY,Mineral fuels (27),1745871
2018,Imports,SWITZERLAND,Mineral fuels (27),1727810
2018,Imports,"PAKISTAN, ISLAMIC REP. OF","Salt, stone & earths (25)",1622503
2018,Imports,NETHERLANDS,"Lead, zinc & tin (78-80)",1552833
2018,Imports,GERMANY,Nickel (75),1329003
2018,Imports,FRANCE,Mineral fuels (27),1314774
2018,Imports,ITALY,Copper (74),1271262
2018,Imports,SPAIN,Copper (74),1236347
2018,Imports,CANADA,Nickel (75),1226277
2018,Imports,POLAND,Mineral fuels (27),1161546
2018,Imports,THAILAND,Metal ores & concentrates (26),1147324
2018,Imports,INDONESIA,"Lead, zinc & tin (78-80)",1026029
2018,Imports,NETHERLANDS,Copper (74),861132
2018,Imports,BELGIUM,Mineral fuels (27),860032
2018,Imports,UNITED ARAB EMIRATES,Copper (74),846756
2018,Imports,CHINA,Metal ores & concentrates (26),827394
2018,Imports,RUSSIA,"Salt, stone & earths (25)",775503
2018,Imports,MALAYSIA,Nickel (75),665083
2018,Imports,NEW ZEALAND,"Salt, stone & earths (25)",643229
2018,Imports,"SOUTH AFRICA, REP. OF","Lead, zinc & tin (78-80)",589847
2018,Imports,INDIA,Nickel (75),579500
2018,Imports,HONG KONG,Nickel (75),513267
2018,Imports,ITALY,Gold (7108),512153
2018,Imports,FRANCE,Copper (74),473780
2018,Imports,TURKEY,"Salt, stone & earths (25)",444923
2018,Imports,GERMANY,"Salt, stone & earths (25)",431688
2018,Imports,EGYPT ARAB REPUBLIC,"Salt, stone & earths (25)",427543
2018,Imports,BULGARIA,"Lead, zinc & tin (78-80)",419764
2018,Imports,UNITED KINGDOM,"Salt, stone & earths (25)",417361
2018,Imports,UNITED STATES,Gold (7108),412118
2018,Imports,UNITED STATES,Nickel (75),402507
2018,Imports,HONG KONG,Gold (7108),397921
2018,Imports,SAUDI ARABIA,"Lead, zinc & tin (78-80)",391811
2018,Imports,SPAIN,Mineral fuels (27),379620
2018,Imports,MEXICO,"Salt, stone & earths (25)",366503
2018,Imports,CYPRUS,Mineral fuels (27),354366
2018,Imports,FRANCE,Nickel (75),323918
2018,Imports,CHINA,Gold (7108),308477
2018,Imports,TAIWAN,Metal ores & concentrates (26),307004
2018,Imports,MOROCCO,"Salt, stone & earths (25)",302714
2018,Imports,SWITZERLAND,Copper (74),301430
2018,Imports,NEW ZEALAND,Copper (74),297869
2018,Imports,"KOREA, REP. (SOUTH)",Metal ores & concentrates (26),269853
2018,Imports,UNITED KINGDOM,Copper (74),266089
2018,Imports,BRAZIL,"Salt, stone & earths (25)",244834
2018,Imports,"SOUTH AFRICA, REP. OF",Metal ores & concentrates (26),231860
2018,Imports,SINGAPORE,"Salt, stone & earths (25)",229536
2018,Imports,"SOUTH AFRICA, REP. OF",Mineral fuels (27),224897
2018,Imports,VIETNAM,Metal ores & concentrates (26),219430
2018,Imports,BELGIUM,Copper (74),215067
2018,Imports,CANADA,Mineral fuels (27),200317
2018,Imports,SINGAPORE,Nickel (75),187118
2018,Imports,TURKEY,Mineral fuels (27),183588
2018,Imports,ITALY,Mineral fuels (27),182425
2018,Imports,BELGIUM,Nickel (75),176350
2018,Imports,BELGIUM,Metal ores & concentrates (26),166128
2018,Imports,NETHERLANDS,"Salt, stone & earths (25)",163452
2018,Imports,GEORGIA,"Salt, stone & earths (25)",151633
2018,Imports,ISRAEL,Copper (74),146383
2018,Imports,GREECE,Copper (74),141660
2018,Imports,FRANCE,"Salt, stone & earths (25)",134587
2018,Imports,SWEDEN,Mineral fuels (27),132616
2018,Imports,MALAYSIA,Metal ores & concentrates (26),110658
2018,Imports,GERMANY,Metal ores & concentrates (26),109827
2018,Imports,CANADA,Copper (74),105516
2018,Imports,ARGENTINA,Mineral fuels (27),100714
2018,Imports,DENMARK,Copper (74),97923
2018,Imports,HONG KONG,"Salt, stone & earths (25)",97068
2018,Imports,UNITED KINGDOM,Mineral fuels (27),95254
2018,Imports,BELGIUM,"Lead, zinc & tin (78-80)",89756
2018,Imports,ITALY,"Salt, stone & earths (25)",87521
2018,Imports,UNITED STATES,Metal ores & concentrates (26),85489
2018,Imports,GERMANY,Gold (7108),81162
2018,Imports,ISRAEL,"Salt, stone & earths (25)",80693
2018,Imports,UKRAINE (UKRAINIAN S.S.R.),Mineral fuels (27),79788
2018,Imports,SPAIN,"Salt, stone & earths (25)",78127
2018,Imports,SWITZERLAND,"Salt, stone & earths (25)",69798
2018,Imports,"SOUTH AFRICA, REP. OF","Salt, stone & earths (25)",64103
2018,Imports,BELGIUM,"Salt, stone & earths (25)",64028
2018,Imports,TURKEY,"Lead, zinc & tin (78-80)",60647
2018,Imports,FINLAND,"Salt, stone & earths (25)",59118
2018,Imports,MEXICO,Mineral fuels (27),59057
2018,Imports,UNITED KINGDOM,"Lead, zinc & tin (78-80)",53978
2018,Imports,HONG KONG,Metal ores & concentrates (26),40621
2018,Imports,DENMARK,Mineral fuels (27),39020
2018,Imports,UNITED KINGDOM,Nickel (75),38890
2018,Imports,SEYCHELLES REPUBLIC,Mineral fuels (27),36357
2018,Imports,UNITED KINGDOM,Metal ores & concentrates (26),34724
2018,Imports,SWAZILAND (ESWATINI),Mineral fuels (27),34556
2018,Imports,FRANCE,Gold (7108),33448
2018,Imports,IRELAND,Gold (7108),27488
2018,Imports,AUSTRALIA,Copper (74),26529
2018,Imports,AUSTRALIA,Nickel (75),25057
2018,Imports,SINGAPORE,Metal ores & concentrates (26),24026
2018,Imports,NEW ZEALAND,"Lead, zinc & tin (78-80)",23008
2018,Imports,SLOVENIA,Copper (74),22638
2018,Imports,COTE D' IVOIRE (IVORY COAST),Metal ores & concentrates (26),21100
2018,Imports,ESTONIA,Mineral fuels (27),20994
2018,Imports,LUXEMBOURG,Metal ores & concentrates (26),20300
2018,Imports,SERBIA,Copper (74),19321
2018,Imports,SLOVENIA,Mineral fuels (27),15545
2018,Imports,SWEDEN,Copper (74),15122
2018,Imports,FINLAND,Copper (74),14977
2018,Imports,MEXICO,Copper (74),13917
2018,Imports,LITHUANIA,Mineral fuels (27),13770
2018,Imports,LUXEMBOURG,"Lead, zinc & tin (78-80)",12615
2018,Imports,DENMARK,Gold (7108),12512
2018,Imports,IRAN,"Salt, stone & earths (25)",12212
2018,Imports,NORWAY,Copper (74),11800
2018,Imports,ITALY,"Lead, zinc & tin (78-80)",11410
2018,Imports,NETHERLANDS,Metal ores & concentrates (26),11266
2018,Imports,THAILAND,Nickel (75),11191
2018,Imports,AUSTRIA,Copper (74),10818
2018,Imports,BULGARIA,"Salt, stone & earths (25)",10466
2018,Imports,NETHERLANDS,Gold (7108),9855
2018,Imports,NETHERLANDS,Nickel (75),9522
2018,Imports,CANADA,"Salt, stone & earths (25)",9273
2018,Imports,POLAND,Nickel (75),9198
2018,Imports,VIRGIN ISLANDS (BRITISH),"Salt, stone & earths (25)",8300
2018,Imports,ANDORRA,Nickel (75),6674
2018,Imports,PERU,Copper (74),6500
2018,Imports,SPAIN,"Lead, zinc & tin (78-80)",4247
2018,Imports,HUNGARY,Copper (74),3804
2018,Imports,AUSTRIA,Mineral fuels (27),2962
2018,Imports,LUXEMBOURG,Gold (7108),2797
2018,Imports,MALAYSIA,Gold (7108),2752
2018,Imports,THAILAND,Gold (7108),2661
2018,Imports,BRAZIL,Copper (74),2456
2018,Imports,ITALY,Nickel (75),2166
2018,Imports,NEW ZEALAND,Mineral fuels (27),2049
2018,Imports,NEW ZEALAND,Metal ores & concentrates (26),1920
2018,Imports,CZECH REPUBLIC,Copper (74),1713
2018,Imports,FRANCE,"Lead, zinc & tin (78-80)",1681
2018,Imports,DENMARK,"Lead, zinc & tin (78-80)",1190
2018,Imports,NORWAY,"Lead, zinc & tin (78-80)",1105
2018,Imports,ISRAEL,"Lead, zinc & tin (78-80)",1013
2018,Imports,VIETNAM,Gold (7108),953
2018,Imports,IRELAND,Copper (74),873
2018,Imports,PORTUGAL,Copper (74),821
2018,Imports,ALGERIA,Copper (74),724
2018,Imports,CHILE,Copper (74),591
2018,Imports,AUSTRIA,"Lead, zinc & tin (78-80)",572
2018,Imports,AUSTRIA,Nickel (75),558
2018,Imports,ROMANIA,"Salt, stone & earths (25)",477
2018,Imports,POLAND,Copper (74),461
2018,Imports,IRELAND,Metal ores & concentrates (26),426
2018,Imports,SWITZERLAND,Nickel (75),383
2018,Imports,SWEDEN,Nickel (75),368
2018,Imports,NORWAY,Mineral fuels (27),344
2018,Imports,INDONESIA,Nickel (75),340
2018,Imports,UNITED ARAB EMIRATES,Nickel (75),259
2018,Imports,AUSTRIA,"Salt, stone & earths (25)",171
2018,Imports,SWEDEN,"Lead, zinc & tin (78-80)",148
2018,Imports,GREECE,"Salt, stone & earths (25)",144
2018,Imports,RUSSIA,Copper (74),50
2018,Imports,CZECH REPUBLIC,"Salt, stone & earths (25)",48
2018,Imports,ISRAEL,Mineral fuels (27),38
2019,Exports,HONG KONG,Gold (7108),959100478
2019,Exports,CHINA,Metal ores & concentrates (26),831120723
2019,Exports,CHINA,Copper (74),668981976
2019,Exports,CHINA,Mineral fuels (27),499526149
2019,Exports,JAPAN,Nickel (75),397628018
2019,Exports,SWITZERLAND,Gold (7108),349724497
2019,Exports,JAPAN,Metal ores & concentrates (26),347848302
2019,Exports,THAILAND,Copper (74),287691455
2019,Exports,SINGAPORE,Mineral fuels (27),214580922
2019,Exports,"KOREA, REP. (SOUTH)",Copper (74),118518968
2019,Exports,"KOREA, REP. (SOUTH)",Mineral fuels (27),102551850
2019,Exports,CANADA,Metal ores & concentrates (26),94972072
2019,Exports,MALAYSIA,Mineral fuels (27),91350304
2019,Exports,INDONESIA,Copper (74),88588064
2019,Exports,THAILAND,Mineral fuels (27),82870867
2019,Exports,TAIWAN,Copper (74),70786884
2019,Exports,JAPAN,Copper (74),64098694
2019,Exports,VIETNAM,Copper (74),52596384
2019,Exports,INDIA,Gold (7108),45295064
2019,Exports,HONG KONG,Metal ores & concentrates (26),44358276
2019,Exports,MALAYSIA,Copper (74),41068460
2019,Exports,TAIWAN,Mineral fuels (27),30178225
2019,Exports,INDIA,Metal ores & concentrates (26),27378248
2019,Exports,AUSTRALIA,Gold (7108),27282847
2019,Exports,"KOREA, REP. (SOUTH)",Metal ores & concentrates (26),22754226
2019,Exports,CANADA,Copper (74),18726558
2019,Exports,VIETNAM,Mineral fuels (27),16378179
2019,Exports,JAPAN,"Lead, zinc & tin (78-80)",11259936
2019,Exports,MALAYSIA,Metal ores & concentrates (26),9367091
2019,Exports,INDIA,"Lead, zinc & tin (78-80)",9162409
2019,Exports,CHINA,"Lead, zinc & tin (78-80)",7564526
2019,Exports,HONG KONG,"Salt, stone & earths (25)",6265549
2019,Exports,THAILAND,"Lead, zinc & tin (78-80)",6190349
2019,Exports,TAIWAN,"Salt, stone & earths (25)",5472966
2019,Exports,TAIWAN,Gold (7108),5470860
2019,Exports,TAIWAN,"Lead, zinc & tin (78-80)",5015669
2019,Exports,TAIWAN,Metal ores & concentrates (26),4974229
2019,Exports,HONG KONG,Copper (74),4386438
2019,Exports,INDONESIA,"Salt, stone & earths (25)",4260507
2019,Exports,CHINA,"Salt, stone & earths (25)",4128199
2019,Exports,CHINA,Gold (7108),4114451
2019,Exports,UNITED STATES,Mineral fuels (27),3979171
2019,Exports,NEW CALEDONIA,"Salt, stone & earths (25)",3247000
2019,Exports,MALAYSIA,"Lead, zinc & tin (78-80)",3176228
2019,Exports,"KOREA, REP. (SOUTH)","Lead, zinc & tin (78-80)",3024900
2019,Exports,INDONESIA,"Lead, zinc & tin (78-80)",2840709
2019,Exports,INDONESIA,Mineral fuels (27),2420961
2019,Exports,INDIA,Mineral fuels (27),2300000
2019,Exports,JAPAN,"Salt, stone & earths (25)",2229637
2019,Exports,"MICRONESIA, FEDERATED STATES OF","Salt, stone & earths (25)",1786871
2019,Exports,INDIA,Copper (74),1430776
2019,Exports,BELGIUM,Metal ores & concentrates (26),1089044
2019,Exports,MALAYSIA,Gold (7108),1053196
2019,Exports,VIETNAM,Metal ores & concentrates (26),787544
2019,Exports,SINGAPORE,"Lead, zinc & tin (78-80)",785420
2019,Exports,CZECH REPUBLIC,Copper (74),758312
2019,Exports,BELGIUM,Nickel (75),745007
2019,Exports,"KOREA, REP. (SOUTH)",Gold (7108),679530
2019,Exports,JAPAN,Gold (7108),654343
2019,Exports,INDONESIA,Metal ores & concentrates (26),546000
2019,Exports,"KOREA, REP. (SOUTH)","Salt, stone & earths (25)",529314
2019,Exports,CHINA,Nickel (75),481184
2019,Exports,INDIA,"Salt, stone & earths (25)",440957
2019,Exports,MALAYSIA,"Salt, stone & earths (25)",429909
2019,Exports,UNITED STATES,"Lead, zinc & tin (78-80)",378051
2019,Exports,CZECH REPUBLIC,"Lead, zinc & tin (78-80)",354106
2019,Exports,UNITED STATES,Gold (7108),321905
2019,Exports,UNITED STATES,Copper (74),311092
2019,Exports,BRAZIL,Nickel (75),302416
2019,Exports,THAILAND,Gold (7108),295507
2019,Exports,VIETNAM,"Salt, stone & earths (25)",288847
2019,Exports,SINGAPORE,Gold (7108),275173
2019,Exports,UNITED STATES,"Salt, stone & earths (25)",224844
2019,Exports,"PAKISTAN, ISLAMIC REP. OF","Lead, zinc & tin (78-80)",204386
2019,Exports,AUSTRALIA,"Salt, stone & earths (25)",199515
2019,Exports,CAMBODIA,Mineral fuels (27),191366
2019,Exports,BANGLADESH,"Salt, stone & earths (25)",187500
2019,Exports,SINGAPORE,Copper (74),165537
2019,Exports,AUSTRALIA,Mineral fuels (27),161190
2019,Exports,PAPUA NEW GUINEA,"Lead, zinc & tin (78-80)",161002
2019,Exports,MYANMAR,"Lead, zinc & tin (78-80)",159657
2019,Exports,THAILAND,"Salt, stone & earths (25)",150943
2019,Exports,UNITED STATES,Nickel (75),136330
2019,Exports,VIETNAM,"Lead, zinc & tin (78-80)",133038
2019,Exports,SINGAPORE,"Salt, stone & earths (25)",116605
2019,Exports,PAPUA NEW GUINEA,"Salt, stone & earths (25)",107985
2019,Exports,"KOREA, REP. (SOUTH)",Nickel (75),104958
2019,Exports,SRI LANKA (CEYLON),"Lead, zinc & tin (78-80)",93567
2019,Exports,GERMANY,"Salt, stone & earths (25)",88369
2019,Exports,GERMANY,Copper (74),84568
2019,Exports,"SOUTH AFRICA, REP. OF",Mineral fuels (27),72044
2019,Exports,SPAIN,"Lead, zinc & tin (78-80)",66771
2019,Exports,CAMBODIA,"Lead, zinc & tin (78-80)",63505
2019,Exports,CAMBODIA,Metal ores & concentrates (26),49800
2019,Exports,PAPUA NEW GUINEA,Mineral fuels (27),49788
2019,Exports,THAILAND,Metal ores & concentrates (26),46800
2019,Exports,NIGERIA,Copper (74),44750
2019,Exports,CAMBODIA,Copper (74),42000
2019,Exports,ITALY,Gold (7108),41314
2019,Exports,HONG KONG,"Lead, zinc & tin (78-80)",40296
2019,Exports,CANADA,"Salt, stone & earths (25)",34978
2019,Exports,BAHRAIN,"Salt, stone & earths (25)",32283
2019,Exports,BELGIUM,"Salt, stone & earths (25)",30978
2019,Exports,BELGIUM,"Lead, zinc & tin (78-80)",30855
2019,Exports,INDONESIA,Gold (7108),28555
2019,Exports,FRANCE,Mineral fuels (27),27875
2019,Exports,LAOS,Copper (74),27021
2019,Exports,AFGHANISTAN,Copper (74),25200
2019,Exports,UNITED ARAB EMIRATES,Copper (74),21912
2019,Exports,UNITED STATES,Metal ores & concentrates (26),20676
2019,Exports,SPAIN,Copper (74),19824
2019,Exports,SRI LANKA (CEYLON),"Salt, stone & earths (25)",18700
2019,Exports,BRUNEI DARUSSALAM,Mineral fuels (27),14722
2019,Exports,GHANA,Copper (74),13926
2019,Exports,MYANMAR,"Salt, stone & earths (25)",12760
2019,Exports,BELGIUM,Copper (74),11321
2019,Exports,ITALY,"Salt, stone & earths (25)",9002
2019,Exports,NETHERLANDS,"Salt, stone & earths (25)",8835
2019,Exports,MEXICO,Copper (74),8423
2019,Exports,POLAND,"Salt, stone & earths (25)",7845
2019,Exports,GERMANY,Metal ores & concentrates (26),7800
2019,Exports,SWITZERLAND,Copper (74),7712
2019,Exports,UNITED KINGDOM,"Salt, stone & earths (25)",7695
2019,Exports,INDONESIA,Nickel (75),7684
2019,Exports,SWEDEN,"Lead, zinc & tin (78-80)",7363
2019,Exports,GUATEMALA,"Salt, stone & earths (25)",7260
2019,Exports,DENMARK,"Salt, stone & earths (25)",5921
2019,Exports,RUSSIA,Gold (7108),4503
2019,Exports,"PAKISTAN, ISLAMIC REP. OF","Salt, stone & earths (25)",3600
2019,Exports,FRANCE,"Salt, stone & earths (25)",3228
2019,Exports,NETHERLANDS,Copper (74),3042
2019,Exports,PAPUA NEW GUINEA,Copper (74),2788
2019,Exports,NEW ZEALAND,"Salt, stone & earths (25)",2400
2019,Exports,CANADA,Mineral fuels (27),2328
2019,Exports,AUSTRIA,Copper (74),2250
2019,Exports,"MICRONESIA, FEDERATED STATES OF",Copper (74),2000
2019,Exports,AZERBAIJAN,"Salt, stone & earths (25)",692
2019,Exports,ISRAEL,"Salt, stone & earths (25)",692
2019,Exports,AUSTRALIA,Copper (74),582
2019,Exports,SAUDI ARABIA,"Salt, stone & earths (25)",554
2019,Exports,UNITED ARAB EMIRATES,"Lead, zinc & tin (78-80)",527
2019,Exports,"PALAU, REP. OF","Salt, stone & earths (25)",350
2019,Exports,VIETNAM,Nickel (75),185
2019,Exports,MAURITIUS,"Salt, stone & earths (25)",158
2019,Exports,ETHIOPIA,"Lead, zinc & tin (78-80)",146
2019,Exports,AUSTRALIA,"Lead, zinc & tin (78-80)",109
2019,Exports,"MALDIVES, REP. OF","Salt, stone & earths (25)",79
2019,Exports,MACAU,"Lead, zinc & tin (78-80)",61
2019,Exports,JORDAN,"Salt, stone & earths (25)",59
2019,Imports,CHINA,Mineral fuels (27),3576810464
2019,Imports,"KOREA, REP. (SOUTH)",Mineral fuels (27),2268318586
2019,Imports,INDONESIA,Mineral fuels (27),1908227023
2019,Imports,UNITED ARAB EMIRATES,Mineral fuels (27),1162849732
2019,Imports,SINGAPORE,Mineral fuels (27),1028864453
2019,Imports,SAUDI ARABIA,Mineral fuels (27),976179018
2019,Imports,MALAYSIA,Mineral fuels (27),884133655
2019,Imports,KUWAIT,Mineral fuels (27),790463897
2019,Imports,BRAZIL,Metal ores & concentrates (26),417412019
2019,Imports,VIETNAM,"Salt, stone & earths (25)",329560051
2019,Imports,INDIA,Mineral fuels (27),310892990
2019,Imports,AUSTRALIA,Mineral fuels (27),176479907
2019,Imports,JAPAN,Copper (74),168689706
2019,Imports,VIETNAM,Mineral fuels (27),146305350
2019,Imports,JAPAN,Mineral fuels (27),140663656
2019,Imports,RUSSIA,Mineral fuels (27),138916036
2019,Imports,"KOREA, REP. (SOUTH)",Copper (74),137202096
2019,Imports,THAILAND,Copper (74),113295776
2019,Imports,BRAZIL,Mineral fuels (27),110997889
2019,Imports,BRUNEI DARUSSALAM,Mineral fuels (27),105958531
2019,Imports,THAILAND,"Salt, stone & earths (25)",101204680
2019,Imports,TAIWAN,Copper (74),95765734
2019,Imports,UNITED STATES,Mineral fuels (27),94388186
2019,Imports,THAILAND,Mineral fuels (27),92723316
2019,Imports,CHINA,"Salt, stone & earths (25)",88086205
2019,Imports,CHINA,Copper (74),80172745
2019,Imports,"KOREA, REP. (SOUTH)","Salt, stone & earths (25)",63892212
2019,Imports,VIETNAM,Copper (74),60296479
2019,Imports,NIGERIA,Mineral fuels (27),59242945
2019,Imports,JAPAN,"Lead, zinc & tin (78-80)",58350495
2019,Imports,AUSTRALIA,"Lead, zinc & tin (78-80)",55194342
2019,Imports,OMAN,Mineral fuels (27),55006926
2019,Imports,QATAR,Mineral fuels (27),52823276
2019,Imports,TAIWAN,"Salt, stone & earths (25)",51289623
2019,Imports,MALAYSIA,"Lead, zinc & tin (78-80)",48586274
2019,Imports,TAIWAN,Mineral fuels (27),39059712
2019,Imports,AUSTRALIA,"Salt, stone & earths (25)",38659262
2019,Imports,SINGAPORE,Gold (7108),36780743
2019,Imports,JAPAN,"Salt, stone & earths (25)",34404468
2019,Imports,MALAYSIA,Copper (74),33452675
2019,Imports,INDONESIA,Copper (74),32436963
2019,Imports,MALAYSIA,Metal ores & concentrates (26),28525383
2019,Imports,HONG KONG,Copper (74),20571836
2019,Imports,"KOREA, REP. (SOUTH)",Nickel (75),20167197
2019,Imports,INDONESIA,"Salt, stone & earths (25)",19897659
2019,Imports,"KOREA, REP. (SOUTH)","Lead, zinc & tin (78-80)",17683841
2019,Imports,UNITED STATES,Metal ores & concentrates (26),17144711
2019,Imports,PERU,Metal ores & concentrates (26),15927376
2019,Imports,AUSTRALIA,Metal ores & concentrates (26),15018455
2019,Imports,"PAKISTAN, ISLAMIC REP. OF",Mineral fuels (27),13734291
2019,Imports,MALAYSIA,"Salt, stone & earths (25)",12272887
2019,Imports,JAPAN,Metal ores & concentrates (26),10338838
2019,Imports,SRI LANKA (CEYLON),Mineral fuels (27),9448430
2019,Imports,INDIA,Metal ores & concentrates (26),8962134
2019,Imports,CHINA,"Lead, zinc & tin (78-80)",8327706
2019,Imports,"KOREA, REP. (SOUTH)",Gold (7108),8155558
2019,Imports,TAIWAN,"Lead, zinc & tin (78-80)",7579124
2019,Imports,OMAN,"Salt, stone & earths (25)",7153473
2019,Imports,VIETNAM,"Lead, zinc & tin (78-80)",5451024
2019,Imports,UNITED STATES,Copper (74),5248497
2019,Imports,UNITED STATES,"Salt, stone & earths (25)",5187481
2019,Imports,SINGAPORE,"Lead, zinc & tin (78-80)",4887824
2019,Imports,INDIA,"Salt, stone & earths (25)",4232974
2019,Imports,PERU,Mineral fuels (27),4228646
2019,Imports,HONG KONG,Mineral fuels (27),3488934
2019,Imports,GERMANY,Copper (74),3380040
2019,Imports,CHINA,Nickel (75),3359443
2019,Imports,UNITED ARAB EMIRATES,Copper (74),3056991
2019,Imports,INDONESIA,Metal ores & concentrates (26),3055788
2019,Imports,JAPAN,Gold (7108),2759818
2019,Imports,SINGAPORE,Copper (74),2610912
2019,Imports,SAUDI ARABIA,Metal ores & concentrates (26),2421668
2019,Imports,GERMANY,Mineral fuels (27),2308989
2019,Imports,INDIA,Copper (74),2299951
2019,Imports,PAPUA NEW GUINEA,Mineral fuels (27),2125949
2019,Imports,IRAQ,Mineral fuels (27),2038395
2019,Imports,UNITED ARAB EMIRATES,"Salt, stone & earths (25)",1928670
2019,Imports,SPAIN,Copper (74),1898566
2019,Imports,HONG KONG,"Lead, zinc & tin (78-80)",1772250
2019,Imports,"KOREA, REP. (SOUTH)",Metal ores & concentrates (26),1709950
2019,Imports,JAPAN,Nickel (75),1701629
2019,Imports,INDONESIA,"Lead, zinc & tin (78-80)",1532305
2019,Imports,RUSSIA,"Salt, stone & earths (25)",1514687
2019,Imports,GERMANY,"Lead, zinc & tin (78-80)",1487783
2019,Imports,UNITED STATES,"Lead, zinc & tin (78-80)",1460916
2019,Imports,CANADA,"Lead, zinc & tin (78-80)",1424247
2019,Imports,BELGIUM,Mineral fuels (27),1277701
2019,Imports,TURKEY,Copper (74),1249240
2019,Imports,TAIWAN,Nickel (75),1203495
2019,Imports,NEW ZEALAND,Copper (74),1151898
2019,Imports,GERMANY,Nickel (75),1063825
2019,Imports,FINLAND,Copper (74),945954
2019,Imports,SWITZERLAND,Mineral fuels (27),939989
2019,Imports,INDIA,Nickel (75),924783
2019,Imports,IRAN,Mineral fuels (27),923930
2019,Imports,RUSSIA,"Lead, zinc & tin (78-80)",882505
2019,Imports,THAILAND,"Lead, zinc & tin (78-80)",825293
2019,Imports,FRANCE,Mineral fuels (27),796491
2019,Imports,ITALY,Copper (74),788441
2019,Imports,CHINA,Metal ores & concentrates (26),772961
2019,Imports,UNITED STATES,Nickel (75),746807
2019,Imports,UNITED ARAB EMIRATES,"Lead, zinc & tin (78-80)",680003
2019,Imports,THAILAND,Metal ores & concentrates (26),674175
2019,Imports,BELGIUM,Nickel (75),664275
2019,Imports,"SOUTH AFRICA, REP. OF","Lead, zinc & tin (78-80)",613582
2019,Imports,NEW ZEALAND,"Salt, stone & earths (25)",609495
2019,Imports,SPAIN,Mineral fuels (27),595046
2019,Imports,CHINA,Gold (7108),536569
2019,Imports,ITALY,Mineral fuels (27),532663
2019,Imports,UNITED KINGDOM,"Salt, stone & earths (25)",510751
2019,Imports,POLAND,Mineral fuels (27),469304
2019,Imports,SINGAPORE,"Salt, stone & earths (25)",446366
2019,Imports,NETHERLANDS,Copper (74),443132
2019,Imports,TURKEY,"Salt, stone & earths (25)",440004
2019,Imports,SWITZERLAND,Copper (74),425972
2019,Imports,HONG KONG,Gold (7108),418598
2019,Imports,ISRAEL,"Lead, zinc & tin (78-80)",404668
2019,Imports,BULGARIA,Copper (74),391986
2019,Imports,MALAYSIA,Nickel (75),390403
2019,Imports,FRANCE,Copper (74),362776
2019,Imports,GERMANY,"Salt, stone & earths (25)",352368
2019,Imports,LITHUANIA,Mineral fuels (27),323756
2019,Imports,CANADA,Nickel (75),319771
2019,Imports,INDIA,"Lead, zinc & tin (78-80)",308623
2019,Imports,CYPRUS,Mineral fuels (27),306748
2019,Imports,UNITED STATES,Gold (7108),296690
2019,Imports,AUSTRIA,Copper (74),293319
2019,Imports,ISRAEL,Copper (74),291396
2019,Imports,EGYPT ARAB REPUBLIC,"Salt, stone & earths (25)",281252
2019,Imports,NETHERLANDS,Mineral fuels (27),274823
2019,Imports,"PAKISTAN, ISLAMIC REP. OF","Salt, stone & earths (25)",264228
2019,Imports,NETHERLANDS,"Lead, zinc & tin (78-80)",235668
2019,Imports,HONG KONG,Nickel (75),234818
2019,Imports,GREECE,Mineral fuels (27),228502
2019,Imports,SINGAPORE,Nickel (75),226469
2019,Imports,TAIWAN,Metal ores & concentrates (26),225361
2019,Imports,CANADA,Mineral fuels (27),204089
2019,Imports,"SOUTH AFRICA, REP. OF",Metal ores & concentrates (26),202558
2019,Imports,FRANCE,Nickel (75),196333
2019,Imports,"SOUTH AFRICA, REP. OF",Mineral fuels (27),195406
2019,Imports,NETHERLANDS,Nickel (75),182774
2019,Imports,MOROCCO,"Salt, stone & earths (25)",177586
2019,Imports,UNITED KINGDOM,Mineral fuels (27),176510
2019,Imports,SAUDI ARABIA,Copper (74),144365
2019,Imports,UNITED KINGDOM,Copper (74),144052
2019,Imports,UNITED KINGDOM,Nickel (75),143462
2019,Imports,FRANCE,"Salt, stone & earths (25)",141855
2019,Imports,TURKEY,Mineral fuels (27),136354
2019,Imports,ITALY,"Salt, stone & earths (25)",133124
2019,Imports,ITALY,"Lead, zinc & tin (78-80)",129187
2019,Imports,NETHERLANDS,"Salt, stone & earths (25)",125833
2019,Imports,HONG KONG,"Salt, stone & earths (25)",116452
2019,Imports,SPAIN,"Lead, zinc & tin (78-80)",111938
2019,Imports,AUSTRALIA,Copper (74),102272
2019,Imports,MEXICO,"Salt, stone & earths (25)",98105
2019,Imports,ISRAEL,"Salt, stone & earths (25)",97190
2019,Imports,UNITED ARAB EMIRATES,Nickel (75),88640
2019,Imports,SWEDEN,Mineral fuels (27),85299
2019,Imports,CANADA,Copper (74),77363
2019,Imports,THAILAND,Gold (7108),73238
2019,Imports,FINLAND,"Salt, stone & earths (25)",68209
2019,Imports,SINGAPORE,Metal ores & concentrates (26),62544
2019,Imports,AUSTRALIA,Nickel (75),61753
2019,Imports,BELGIUM,Copper (74),59675
2019,Imports,BRAZIL,Copper (74),58990
2019,Imports,CROATIA,Mineral fuels (27),54677
2019,Imports,NEW ZEALAND,Mineral fuels (27),52692
2019,Imports,SPAIN,"Salt, stone & earths (25)",52455
2019,Imports,LAOS,Copper (74),50695
2019,Imports,MALTA,Mineral fuels (27),45927
2019,Imports,MEXICO,Mineral fuels (27),43657
2019,Imports,NEW ZEALAND,"Lead, zinc & tin (78-80)",42741
2019,Imports,CANADA,"Salt, stone & earths (25)",41652
2019,Imports,DENMARK,Copper (74),40308
2019,Imports,UKRAINE (UKRAINIAN S.S.R.),Mineral fuels (27),39207
2019,Imports,VIETNAM,Nickel (75),33070
2019,Imports,NORWAY,Nickel (75),31425
2019,Imports,JORDAN,"Salt, stone & earths (25)",30186
2019,Imports,VIETNAM,Metal ores & concentrates (26),29700
2019,Imports,"SOUTH AFRICA, REP. OF",Copper (74),26755
2019,Imports,SWITZERLAND,Nickel (75),26502
2019,Imports,"SOUTH AFRICA, REP. OF","Salt, stone & earths (25)",25415
2019,Imports,ITALY,Gold (7108),23561
2019,Imports,FINLAND,Nickel (75),18451
2019,Imports,GERMANY,Gold (7108),18047
2019,Imports,UNITED KINGDOM,"Lead, zinc & tin (78-80)",18026
2019,Imports,FRANCE,"Lead, zinc & tin (78-80)",17295
2019,Imports,PERU,Copper (74),16620
2019,Imports,BELGIUM,Metal ores & concentrates (26),15617
2019,Imports,IRELAND,Copper (74),15066
2019,Imports,SWITZERLAND,"Salt, stone & earths (25)",13582
2019,Imports,AUSTRIA,"Salt, stone & earths (25)",13266
2019,Imports,DENMARK,Mineral fuels (27),12979
2019,Imports,GERMANY,Metal ores & concentrates (26),11916
2019,Imports,HUNGARY,Copper (74),11315
2019,Imports,ITALY,Nickel (75),11116
2019,Imports,SWITZERLAND,Gold (7108),10754
2019,Imports,MALAYSIA,Gold (7108),10473
2019,Imports,CZECH REPUBLIC,Copper (74),9996
2019,Imports,BELGIUM,"Salt, stone & earths (25)",9764
2019,Imports,SWITZERLAND,"Lead, zinc & tin (78-80)",8695
2019,Imports,CZECH REPUBLIC,"Salt, stone & earths (25)",8087
2019,Imports,CZECH REPUBLIC,Mineral fuels (27),7728
2019,Imports,DENMARK,"Salt, stone & earths (25)",7569
2019,Imports,POLAND,"Salt, stone & earths (25)",7144
2019,Imports,SAUDI ARABIA,"Salt, stone & earths (25)",6928
2019,Imports,DENMARK,Gold (7108),6855
2019,Imports,SLOVENIA,Mineral fuels (27),6602
2019,Imports,SWEDEN,"Lead, zinc & tin (78-80)",5724
2019,Imports,AUSTRALIA,Gold (7108),5713
2019,Imports,EGYPT ARAB REPUBLIC,Copper (74),4901
2019,Imports,THAILAND,Nickel (75),4737
2019,Imports,GEORGIA,Mineral fuels (27),4258
2019,Imports,SLOVENIA,Copper (74),4088
2019,Imports,LUXEMBOURG,Gold (7108),3457
2019,Imports,PAPUA NEW GUINEA,Copper (74),3389
2019,Imports,LUXEMBOURG,Mineral fuels (27),3285
2019,Imports,SWEDEN,Copper (74),2256
2019,Imports,COLOMBIA,Copper (74),2101
2019,Imports,NORWAY,Copper (74),1915
2019,Imports,HONG KONG,Metal ores & concentrates (26),1904
2019,Imports,KIRIBATI,Copper (74),1789
2019,Imports,LUXEMBOURG,"Lead, zinc & tin (78-80)",1752
2019,Imports,NORWAY,Mineral fuels (27),1681
2019,Imports,PORTUGAL,Copper (74),1576
2019,Imports,MEXICO,"Lead, zinc & tin (78-80)",1406
2019,Imports,SWEDEN,Nickel (75),1279
2019,Imports,POLAND,Copper (74),1148
2019,Imports,FINLAND,Mineral fuels (27),1090
2019,Imports,MACAU,Copper (74),882
2019,Imports,AUSTRIA,Nickel (75),881
2019,Imports,HUNGARY,"Lead, zinc & tin (78-80)",824
2019,Imports,TURKEY,"Lead, zinc & tin (78-80)",756
2019,Imports,DENMARK,"Lead, zinc & tin (78-80)",734
2019,Imports,NORWAY,"Lead, zinc & tin (78-80)",552
2019,Imports,BELGIUM,Gold (7108),519
2019,Imports,IRAN,"Salt, stone & earths (25)",513
2019,Imports,MALTA,Gold (7108),434
2019,Imports,BRAZIL,"Salt, stone & earths (25)",404
2019,Imports,GREECE,Metal ores & concentrates (26),367
2019,Imports,CZECH REPUBLIC,Nickel (75),361
2019,Imports,MEXICO,Copper (74),215
2019,Imports,MACAU,"Lead, zinc & tin (78-80)",180
2019,Imports,BELGIUM,"Lead, zinc & tin (78-80)",71
2020,Exports,CHINA,Metal ores & concentrates (26),1068203023
2020,Exports,CHINA,Copper (74),923252406
2020,Exports,HONG KONG,Gold (7108),777047408
2020,Exports,JAPAN,Metal ores & concentrates (26),557776350
2020,Exports,JAPAN,Nickel (75),404438998
2020,Exports,SWITZERLAND,Gold (7108),387674841
2020,Exports,THAILAND,Copper (74),320823712
2020,Exports,CHINA,Mineral fuels (27),234612671
2020,Exports,SINGAPORE,Mineral fuels (27),191856125
2020,Exports,"KOREA, REP. (SOUTH)",Copper (74),134570548
2020,Exports,MALAYSIA,Mineral fuels (27),121424701
2020,Exports,INDIA,Copper (74),117101734
2020,Exports,THAILAND,Mineral fuels (27),92188686
2020,Exports,INDIA,Gold (7108),63569765
2020,Exports,VIETNAM,Copper (74),60992218
2020,Exports,INDONESIA,Copper (74),58153151
2020,Exports,JAPAN,Copper (74),55955148
2020,Exports,TAIWAN,"Salt, stone & earths (25)",36288114
2020,Exports,TAIWAN,Copper (74),32033713
2020,Exports,"KOREA, REP. (SOUTH)",Mineral fuels (27),29533318
2020,Exports,MALAYSIA,Copper (74),26223852
2020,Exports,TAIWAN,Mineral fuels (27),18052853
2020,Exports,HONG KONG,Mineral fuels (27),14464618
2020,Exports,INDIA,"Lead, zinc & tin (78-80)",14273083
2020,Exports,AUSTRALIA,Gold (7108),10811053
2020,Exports,JAPAN,"Lead, zinc & tin (78-80)",6912672
2020,Exports,THAILAND,"Lead, zinc & tin (78-80)",5873425
2020,Exports,MALAYSIA,"Lead, zinc & tin (78-80)",5245507
2020,Exports,"KOREA, REP. (SOUTH)","Lead, zinc & tin (78-80)",4735781
2020,Exports,CHINA,Gold (7108),4030803
2020,Exports,TURKEY,Copper (74),3358212
2020,Exports,CHINA,"Lead, zinc & tin (78-80)",3336009
2020,Exports,NEW CALEDONIA,"Salt, stone & earths (25)",3293500
2020,Exports,INDONESIA,"Salt, stone & earths (25)",2791186
2020,Exports,JAPAN,Mineral fuels (27),2573773
2020,Exports,TAIWAN,"Lead, zinc & tin (78-80)",2364396
2020,Exports,HONG KONG,Copper (74),2233939
2020,Exports,JAPAN,"Salt, stone & earths (25)",2163681
2020,Exports,MALAYSIA,Metal ores & concentrates (26),1894269
2020,Exports,CAMBODIA,Mineral fuels (27),1640696
2020,Exports,"MICRONESIA, FEDERATED STATES OF","Salt, stone & earths (25)",1605301
2020,Exports,MALAYSIA,Gold (7108),1402245
2020,Exports,THAILAND,Metal ores & concentrates (26),1369478
2020,Exports,INDIA,Mineral fuels (27),1338500
2020,Exports,BELGIUM,Metal ores & concentrates (26),1301075
2020,Exports,TAIWAN,Gold (7108),1051310
2020,Exports,JAPAN,Gold (7108),1039165
2020,Exports,GERMANY,Copper (74),961593
2020,Exports,CHINA,"Salt, stone & earths (25)",868801
2020,Exports,VIETNAM,Mineral fuels (27),809822
2020,Exports,VIETNAM,Metal ores & concentrates (26),801789
2020,Exports,HONG KONG,"Salt, stone & earths (25)",768461
2020,Exports,"KOREA, REP. (SOUTH)","Salt, stone & earths (25)",704870
2020,Exports,SINGAPORE,Copper (74),664729
2020,Exports,SINGAPORE,"Lead, zinc & tin (78-80)",617464
2020,Exports,INDONESIA,Metal ores & concentrates (26),580909
2020,Exports,INDONESIA,"Lead, zinc & tin (78-80)",574575
2020,Exports,CAMBODIA,Metal ores & concentrates (26),544808
2020,Exports,SINGAPORE,Gold (7108),484120
2020,Exports,UNITED STATES,Copper (74),433441
2020,Exports,CZECH REPUBLIC,Copper (74),402859
2020,Exports,INDIA,"Salt, stone & earths (25)",398932
2020,Exports,ITALY,Gold (7108),371504
2020,Exports,CAMBODIA,"Lead, zinc & tin (78-80)",369469
2020,Exports,HONG KONG,Metal ores & concentrates (26),361236
2020,Exports,VIETNAM,"Lead, zinc & tin (78-80)",323246
2020,Exports,"KOREA, REP. (SOUTH)",Nickel (75),303470
2020,Exports,UNITED STATES,Nickel (75),281901
2020,Exports,UNITED KINGDOM,Nickel (75),267298
2020,Exports,MALAYSIA,"Salt, stone & earths (25)",258772
2020,Exports,VIETNAM,"Salt, stone & earths (25)",240176
2020,Exports,UNITED STATES,"Salt, stone & earths (25)",221242
2020,Exports,"KOREA, REP. (SOUTH)",Gold (7108),213888
2020,Exports,UNITED STATES,Mineral fuels (27),211750
2020,Exports,UNITED STATES,Gold (7108),210491
2020,Exports,BELGIUM,Copper (74),191381
2020,Exports,THAILAND,Gold (7108),168441
2020,Exports,MEXICO,Copper (74),142136
2020,Exports,"KOREA, REP. (SOUTH)",Metal ores & concentrates (26),138379
2020,Exports,MONGOLIA,"Lead, zinc & tin (78-80)",113913
2020,Exports,SINGAPORE,"Salt, stone & earths (25)",104539
2020,Exports,PAPUA NEW GUINEA,"Lead, zinc & tin (78-80)",96666
2020,Exports,THAILAND,"Salt, stone & earths (25)",93831
2020,Exports,INDONESIA,Mineral fuels (27),63872
2020,Exports,SINGAPORE,Nickel (75),62135
2020,Exports,BRAZIL,Nickel (75),58310
2020,Exports,ANGOLA,"Lead, zinc & tin (78-80)",53200
2020,Exports,CZECH REPUBLIC,"Lead, zinc & tin (78-80)",51992
2020,Exports,NEW ZEALAND,Mineral fuels (27),49853
2020,Exports,HONG KONG,Nickel (75),45000
2020,Exports,BELGIUM,"Salt, stone & earths (25)",44563
2020,Exports,UNITED ARAB EMIRATES,Copper (74),44486
2020,Exports,TURKEY,"Lead, zinc & tin (78-80)",43200
2020,Exports,GERMANY,"Salt, stone & earths (25)",36690
2020,Exports,AUSTRALIA,Mineral fuels (27),34617
2020,Exports,PAPUA NEW GUINEA,Mineral fuels (27),31244
2020,Exports,INDONESIA,Gold (7108),29811
2020,Exports,CANADA,"Salt, stone & earths (25)",27616
2020,Exports,UNITED KINGDOM,"Lead, zinc & tin (78-80)",24597
2020,Exports,MYANMAR,"Lead, zinc & tin (78-80)",23569
2020,Exports,UNITED STATES,"Lead, zinc & tin (78-80)",20416
2020,Exports,PAPUA NEW GUINEA,"Salt, stone & earths (25)",20164
2020,Exports,NETHERLANDS,Metal ores & concentrates (26),18869
2020,Exports,NETHERLANDS,"Salt, stone & earths (25)",18700
2020,Exports,"PAKISTAN, ISLAMIC REP. OF",Copper (74),11103
2020,Exports,LAOS,Copper (74),10300
2020,Exports,UNITED KINGDOM,"Salt, stone & earths (25)",9300
2020,Exports,SPAIN,Copper (74),8457
2020,Exports,NETHERLANDS,Copper (74),6286
2020,Exports,HONG KONG,"Lead, zinc & tin (78-80)",5916
2020,Exports,AUSTRIA,"Lead, zinc & tin (78-80)",5806
2020,Exports,CANADA,"Lead, zinc & tin (78-80)",5698
2020,Exports,BANGLADESH,"Lead, zinc & tin (78-80)",3842
2020,Exports,MEXICO,Gold (7108),3601
2020,Exports,FRANCE,"Salt, stone & earths (25)",3423
2020,Exports,INDIA,Metal ores & concentrates (26),3360
2020,Exports,AUSTRALIA,"Salt, stone & earths (25)",3207
2020,Exports,INDONESIA,Nickel (75),2151
2020,Exports,SWITZERLAND,Copper (74),1757
2020,Exports,THAILAND,Nickel (75),1754
2020,Exports,UNITED STATES,Metal ores & concentrates (26),1580
2020,Exports,NORTHERN MARIANA ISLANDS,"Salt, stone & earths (25)",1055
2020,Exports,"MARSHALL ISLANDS, REP. OF","Lead, zinc & tin (78-80)",1043
2020,Exports,GREECE,"Lead, zinc & tin (78-80)",807
2020,Exports,UNITED KINGDOM,Copper (74),747
2020,Exports,PAPUA NEW GUINEA,Copper (74),571
2020,Exports,MAURITIUS,"Salt, stone & earths (25)",505
2020,Exports,JORDAN,"Salt, stone & earths (25)",476
2020,Exports,KENYA,Copper (74),214
2020,Exports,CAMBODIA,Copper (74),212
2020,Exports,BRAZIL,Metal ores & concentrates (26),105
2020,Exports,ESTONIA,"Salt, stone & earths (25)",90
2020,Exports,MACAU,Nickel (75),90
2020,Exports,OMAN,"Salt, stone & earths (25)",89
2020,Exports,OMAN,Copper (74),76
2020,Exports,AUSTRALIA,Copper (74),70
2020,Exports,DENMARK,Copper (74),70
2020,Exports,GERMANY,"Lead, zinc & tin (78-80)",70
2020,Imports,CHINA,Mineral fuels (27),1633135510
2020,Imports,INDONESIA,Mineral fuels (27),1534962626
2020,Imports,"KOREA, REP. (SOUTH)",Mineral fuels (27),953832666
2020,Imports,SINGAPORE,Mineral fuels (27),839593701
2020,Imports,MALAYSIA,Mineral fuels (27),643281814
2020,Imports,SAUDI ARABIA,Mineral fuels (27),522355847
2020,Imports,KUWAIT,Mineral fuels (27),465349771
2020,Imports,BRAZIL,Metal ores & concentrates (26),447584680
2020,Imports,VIETNAM,"Salt, stone & earths (25)",327024611
2020,Imports,INDIA,Mineral fuels (27),306540608
2020,Imports,UNITED ARAB EMIRATES,Mineral fuels (27),266038492
2020,Imports,RUSSIA,Mineral fuels (27),202960543
2020,Imports,BRUNEI DARUSSALAM,Mineral fuels (27),167638493
2020,Imports,JAPAN,Copper (74),131113052
2020,Imports,"KOREA, REP. (SOUTH)",Copper (74),115053429
2020,Imports,TAIWAN,Mineral fuels (27),114541971
2020,Imports,NIGERIA,Mineral fuels (27),109630586
2020,Imports,VIETNAM,Mineral fuels (27),94997618
2020,Imports,TAIWAN,Copper (74),92806864
2020,Imports,THAILAND,Copper (74),92163092
2020,Imports,UNITED STATES,Mineral fuels (27),90947485
2020,Imports,QATAR,Mineral fuels (27),86474348
2020,Imports,THAILAND,Mineral fuels (27),76174642
2020,Imports,CHINA,Copper (74),67528169
2020,Imports,CANADA,Metal ores & concentrates (26),66067296
2020,Imports,THAILAND,"Salt, stone & earths (25)",54372816
2020,Imports,PERU,Metal ores & concentrates (26),52071043
2020,Imports,CHINA,"Salt, stone & earths (25)",47235299
2020,Imports,SINGAPORE,Gold (7108),46056871
2020,Imports,AUSTRALIA,Mineral fuels (27),45870924
2020,Imports,MALAYSIA,"Lead, zinc & tin (78-80)",44366068
2020,Imports,INDONESIA,"Salt, stone & earths (25)",40841505
2020,Imports,"KOREA, REP. (SOUTH)","Salt, stone & earths (25)",40617266
2020,Imports,INDONESIA,Metal ores & concentrates (26),39844197
2020,Imports,JAPAN,Mineral fuels (27),36621899
2020,Imports,VIETNAM,Copper (74),35911922
2020,Imports,AUSTRALIA,"Salt, stone & earths (25)",35125122
2020,Imports,URUGUAY,Mineral fuels (27),32794683
2020,Imports,JAPAN,"Salt, stone & earths (25)",32329290
2020,Imports,MALAYSIA,Copper (74),29907691
2020,Imports,BRAZIL,Mineral fuels (27),28194457
2020,Imports,INDONESIA,Copper (74),25410294
2020,Imports,AUSTRALIA,"Lead, zinc & tin (78-80)",25022314
2020,Imports,TAIWAN,"Salt, stone & earths (25)",22430107
2020,Imports,JAPAN,"Lead, zinc & tin (78-80)",19695760
2020,Imports,ANGOLA,Mineral fuels (27),18745682
2020,Imports,UNITED ARAB EMIRATES,Copper (74),16934981
2020,Imports,INDIA,Metal ores & concentrates (26),15409036
2020,Imports,JAPAN,Nickel (75),15367274
2020,Imports,"KOREA, REP. (SOUTH)","Lead, zinc & tin (78-80)",15180706
2020,Imports,TOGO,"Salt, stone & earths (25)",13062397
2020,Imports,AUSTRALIA,Metal ores & concentrates (26),11760076
2020,Imports,UKRAINE (UKRAINIAN S.S.R.),Metal ores & concentrates (26),10952832
2020,Imports,HONG KONG,Copper (74),9740841
2020,Imports,"NAURU, REP. OF","Salt, stone & earths (25)",8967849
2020,Imports,MALAYSIA,"Salt, stone & earths (25)",8877900
2020,Imports,"PAKISTAN, ISLAMIC REP. OF","Salt, stone & earths (25)",8645332
2020,Imports,OMAN,Mineral fuels (27),7979540
2020,Imports,JAPAN,Metal ores & concentrates (26),6456337
2020,Imports,UNITED STATES,Copper (74),5980170
2020,Imports,OMAN,"Salt, stone & earths (25)",5930261
2020,Imports,SINGAPORE,"Lead, zinc & tin (78-80)",5902310
2020,Imports,"KOREA, REP. (SOUTH)",Gold (7108),5789876
2020,Imports,TAIWAN,"Lead, zinc & tin (78-80)",5040946
2020,Imports,CHINA,"Lead, zinc & tin (78-80)",4490142
2020,Imports,HONG KONG,Mineral fuels (27),4370529
2020,Imports,MOROCCO,"Salt, stone & earths (25)",3870277
2020,Imports,UNITED STATES,"Salt, stone & earths (25)",3660017
2020,Imports,GERMANY,Copper (74),3400256
2020,Imports,INDIA,"Salt, stone & earths (25)",2702920
2020,Imports,CHINA,Nickel (75),2652699
2020,Imports,JAPAN,Gold (7108),2645330
2020,Imports,UNITED ARAB EMIRATES,"Lead, zinc & tin (78-80)",2340027
2020,Imports,SINGAPORE,Copper (74),2323042
2020,Imports,INDIA,Copper (74),2309490
2020,Imports,UNITED ARAB EMIRATES,"Salt, stone & earths (25)",1964647
2020,Imports,GERMANY,"Lead, zinc & tin (78-80)",1739635
2020,Imports,CANADA,"Lead, zinc & tin (78-80)",1693541
2020,Imports,INDONESIA,"Lead, zinc & tin (78-80)",1689533
2020,Imports,GERMANY,Mineral fuels (27),1676376
2020,Imports,TURKEY,Copper (74),1652059
2020,Imports,GERMANY,Nickel (75),1484161
2020,Imports,UNITED KINGDOM,"Lead, zinc & tin (78-80)",1477158
2020,Imports,RUSSIA,"Salt, stone & earths (25)",1259951
2020,Imports,"KOREA, REP. (SOUTH)",Nickel (75),1182341
2020,Imports,BELGIUM,Nickel (75),1155671
2020,Imports,HONG KONG,"Lead, zinc & tin (78-80)",1067455
2020,Imports,SWITZERLAND,Mineral fuels (27),1040996
2020,Imports,CHINA,Gold (7108),1018585
2020,Imports,INDIA,Nickel (75),1014648
2020,Imports,TAIWAN,Nickel (75),954592
2020,Imports,BULGARIA,Copper (74),910982
2020,Imports,VIETNAM,"Lead, zinc & tin (78-80)",890842
2020,Imports,BELGIUM,Mineral fuels (27),863594
2020,Imports,NEW ZEALAND,"Salt, stone & earths (25)",851091
2020,Imports,SPAIN,"Lead, zinc & tin (78-80)",838977
2020,Imports,THAILAND,Metal ores & concentrates (26),732678
2020,Imports,UNITED STATES,Nickel (75),648679
2020,Imports,SPAIN,Copper (74),614150
2020,Imports,UNITED STATES,"Lead, zinc & tin (78-80)",605658
2020,Imports,UNITED KINGDOM,"Salt, stone & earths (25)",602271
2020,Imports,ITALY,Mineral fuels (27),597284
2020,Imports,FRANCE,Mineral fuels (27),572083
2020,Imports,AUSTRALIA,Copper (74),533905
2020,Imports,FINLAND,Copper (74),500624
2020,Imports,"SOUTH AFRICA, REP. OF",Metal ores & concentrates (26),492253
2020,Imports,ITALY,Copper (74),475244
2020,Imports,THAILAND,"Lead, zinc & tin (78-80)",454406
2020,Imports,SPAIN,Mineral fuels (27),449034
2020,Imports,SINGAPORE,"Salt, stone & earths (25)",415197
2020,Imports,NETHERLANDS,Mineral fuels (27),396899
2020,Imports,TURKEY,"Salt, stone & earths (25)",393055
2020,Imports,NEW ZEALAND,Copper (74),385706
2020,Imports,INDIA,"Lead, zinc & tin (78-80)",370653
2020,Imports,UNITED STATES,Gold (7108),366696
2020,Imports,SWITZERLAND,Copper (74),357752
2020,Imports,BELGIUM,Copper (74),345450
2020,Imports,GERMANY,"Salt, stone & earths (25)",327456
2020,Imports,EGYPT ARAB REPUBLIC,"Salt, stone & earths (25)",315864
2020,Imports,NETHERLANDS,Copper (74),276900
2020,Imports,SINGAPORE,Nickel (75),261957
2020,Imports,HONG KONG,Nickel (75),259816
2020,Imports,CANADA,Mineral fuels (27),246112
2020,Imports,FRANCE,Copper (74),242404
2020,Imports,UNITED KINGDOM,Copper (74),236106
2020,Imports,BAHRAIN,Mineral fuels (27),228011
2020,Imports,UNITED KINGDOM,Mineral fuels (27),223731
2020,Imports,CYPRUS,Mineral fuels (27),214106
2020,Imports,HONG KONG,Gold (7108),203997
2020,Imports,CHINA,Metal ores & concentrates (26),196128
2020,Imports,MEXICO,"Lead, zinc & tin (78-80)",172546
2020,Imports,FRANCE,Nickel (75),171818
2020,Imports,CANADA,Nickel (75),171241
2020,Imports,FRANCE,"Salt, stone & earths (25)",167906
2020,Imports,TURKEY,"Lead, zinc & tin (78-80)",167732
2020,Imports,UNITED KINGDOM,Nickel (75),164374
2020,Imports,GREECE,Mineral fuels (27),163061
2020,Imports,AUSTRIA,Copper (74),155547
2020,Imports,MALAYSIA,Nickel (75),144119
2020,Imports,POLAND,Mineral fuels (27),139490
2020,Imports,SWEDEN,Mineral fuels (27),133168
2020,Imports,BANGLADESH,Copper (74),124519
2020,Imports,"SOUTH AFRICA, REP. OF",Mineral fuels (27),118134
2020,Imports,CROATIA,Mineral fuels (27),103566
2020,Imports,BULGARIA,"Lead, zinc & tin (78-80)",101664
2020,Imports,ITALY,"Salt, stone & earths (25)",99628
2020,Imports,SIERRA LEONE,Metal ores & concentrates (26),96299
2020,Imports,IRAN,Mineral fuels (27),93973
2020,Imports,HONG KONG,"Salt, stone & earths (25)",93176
2020,Imports,TURKEY,Mineral fuels (27),84453
2020,Imports,DENMARK,Mineral fuels (27),84280
2020,Imports,TAIWAN,Metal ores & concentrates (26),77288
2020,Imports,FINLAND,"Salt, stone & earths (25)",75255
2020,Imports,SENEGAL,Metal ores & concentrates (26),74640
2020,Imports,SPAIN,"Salt, stone & earths (25)",73186
2020,Imports,"KOREA, REP. (SOUTH)",Metal ores & concentrates (26),63438
2020,Imports,SWITZERLAND,Nickel (75),62566
2020,Imports,BOLIVIA,"Salt, stone & earths (25)",62320
2020,Imports,NETHERLANDS,Metal ores & concentrates (26),59086
2020,Imports,FRANCE,"Lead, zinc & tin (78-80)",57322
2020,Imports,ISRAEL,"Salt, stone & earths (25)",54538
2020,Imports,MEXICO,Mineral fuels (27),46915
2020,Imports,THAILAND,Nickel (75),46221
2020,Imports,MALTA,Mineral fuels (27),40865
2020,Imports,UNITED STATES,Metal ores & concentrates (26),39900
2020,Imports,NETHERLANDS,Nickel (75),34829
2020,Imports,GREECE,"Salt, stone & earths (25)",32324
2020,Imports,CZECH REPUBLIC,"Salt, stone & earths (25)",29486
2020,Imports,POLAND,Copper (74),29188
2020,Imports,UKRAINE (UKRAINIAN S.S.R.),Mineral fuels (27),28511
2020,Imports,NETHERLANDS,"Salt, stone & earths (25)",28186
2020,Imports,LAOS,Copper (74),25029
2020,Imports,GERMANY,Gold (7108),23328
2020,Imports,BELGIUM,"Salt, stone & earths (25)",22504
2020,Imports,NETHERLANDS,"Lead, zinc & tin (78-80)",19316
2020,Imports,"SOUTH AFRICA, REP. OF","Salt, stone & earths (25)",17980
2020,Imports,NORWAY,Nickel (75),17302
2020,Imports,MEXICO,Copper (74),16810
2020,Imports,SWEDEN,Nickel (75),16668
2020,Imports,MALAYSIA,Gold (7108),16365
2020,Imports,DENMARK,Copper (74),15249
2020,Imports,ITALY,"Lead, zinc & tin (78-80)",13904
2020,Imports,SLOVAKIA,Mineral fuels (27),13730
2020,Imports,NIGER,Mineral fuels (27),13483
2020,Imports,PORTUGAL,Copper (74),13014
2020,Imports,AUSTRALIA,Nickel (75),12768
2020,Imports,SWITZERLAND,"Salt, stone & earths (25)",12618
2020,Imports,TAIWAN,Gold (7108),10391
2020,Imports,DENMARK,Gold (7108),8163
2020,Imports,NORWAY,"Salt, stone & earths (25)",8140
2020,Imports,FINLAND,"Lead, zinc & tin (78-80)",7864
2020,Imports,IRELAND,Copper (74),7501
2020,Imports,LUXEMBOURG,Gold (7108),7366
2020,Imports,CANADA,"Salt, stone & earths (25)",6637
2020,Imports,SWITZERLAND,"Lead, zinc & tin (78-80)",6634
2020,Imports,ITALY,Gold (7108),6257
2020,Imports,BULGARIA,Mineral fuels (27),5932
2020,Imports,FINLAND,Mineral fuels (27),5773
2020,Imports,DENMARK,"Salt, stone & earths (25)",5049
2020,Imports,NEW ZEALAND,Mineral fuels (27),4430
2020,Imports,IRAN,"Salt, stone & earths (25)",4158
2020,Imports,MALTA,Copper (74),3991
2020,Imports,PERU,Copper (74),3889
2020,Imports,BELGIUM,"Lead, zinc & tin (78-80)",3884
2020,Imports,HONG KONG,Metal ores & concentrates (26),3861
2020,Imports,VIETNAM,Nickel (75),3696
2020,Imports,RWANDA,Copper (74),3456
2020,Imports,SLOVENIA,Copper (74),3269
2020,Imports,POLAND,"Salt, stone & earths (25)",3042
2020,Imports,ITALY,Nickel (75),2937
2020,Imports,SWEDEN,"Lead, zinc & tin (78-80)",2803
2020,Imports,LIECHTENSTEIN,Mineral fuels (27),2374
2020,Imports,"SOUTH AFRICA, REP. OF",Copper (74),2323
2020,Imports,CZECH REPUBLIC,Copper (74),2184
2020,Imports,SWEDEN,Copper (74),1944
2020,Imports,ISRAEL,Copper (74),1793
2020,Imports,NEW ZEALAND,Metal ores & concentrates (26),1662
2020,Imports,NEW ZEALAND,"Lead, zinc & tin (78-80)",1528
2020,Imports,CANADA,Copper (74),1481
2020,Imports,"SOUTH AFRICA, REP. OF","Lead, zinc & tin (78-80)",1414
2020,Imports,MEXICO,"Salt, stone & earths (25)",1397
2020,Imports,DENMARK,"Lead, zinc & tin (78-80)",837
2020,Imports,BRAZIL,Copper (74),835
2020,Imports,AUSTRIA,"Salt, stone & earths (25)",829
2020,Imports,BELGIUM,Gold (7108),544
2020,Imports,FRANCE,Gold (7108),507
2020,Imports,LIECHTENSTEIN,Copper (74),434
2020,Imports,UZBEKISTAN,Copper (74),433
2020,Imports,SINGAPORE,Metal ores & concentrates (26),400
2020,Imports,AUSTRIA,Mineral fuels (27),392
2020,Imports,HUNGARY,Copper (74),317
2020,Imports,INDONESIA,Nickel (75),302
2020,Imports,CHILE,Copper (74),289
2020,Imports,POLAND,"Lead, zinc & tin (78-80)",111
2020,Imports,BRITISH INDIAN OCEAN TERRITORY,Copper (74),94
2020,Imports,LUXEMBOURG,Copper (74),35
2021,Exports,CHINA,Copper (74),1464155900
2021,Exports,CHINA,Metal ores & concentrates (26),1428699408
2021,Exports,CHINA,Mineral fuels (27),572512103
2021,Exports,JAPAN,Nickel (75),502678153
2021,Exports,THAILAND,Copper (74),458733265
2021,Exports,JAPAN,Metal ores & concentrates (26),414337918
2021,Exports,SWITZERLAND,Gold (7108),406388366
2021,Exports,HONG KONG,Gold (7108),337094573
2021,Exports,THAILAND,Mineral fuels (27),154116929
2021,Exports,VIETNAM,Copper (74),147059486
2021,Exports,"KOREA, REP. (SOUTH)",Copper (74),123054836
2021,Exports,INDIA,Gold (7108),116205730
2021,Exports,"KOREA, REP. (SOUTH)",Mineral fuels (27),95267416
2021,Exports,TAIWAN,Copper (74),89016340
2021,Exports,INDIA,Copper (74),78731258
2021,Exports,SINGAPORE,Metal ores & concentrates (26),75794307
2021,Exports,AUSTRALIA,Copper (74),63737065
2021,Exports,INDONESIA,Copper (74),62089818
2021,Exports,JAPAN,Copper (74),49813533
2021,Exports,INDIA,"Lead, zinc & tin (78-80)",36322283
2021,Exports,MALAYSIA,Copper (74),35363915
2021,Exports,AUSTRALIA,Gold (7108),28139078
2021,Exports,SINGAPORE,Mineral fuels (27),27892664
2021,Exports,TAIWAN,Gold (7108),27351289
2021,Exports,BRUNEI DARUSSALAM,Mineral fuels (27),16460000
2021,Exports,JAPAN,"Lead, zinc & tin (78-80)",16140401
2021,Exports,MALAYSIA,"Lead, zinc & tin (78-80)",14441683
2021,Exports,CHINA,Gold (7108),12659804
2021,Exports,SINGAPORE,"Salt, stone & earths (25)",9227360
2021,Exports,THAILAND,"Lead, zinc & tin (78-80)",8717305
2021,Exports,TAIWAN,"Salt, stone & earths (25)",8181988
2021,Exports,TAIWAN,"Lead, zinc & tin (78-80)",6733235
2021,Exports,"KOREA, REP. (SOUTH)","Lead, zinc & tin (78-80)",6698507
2021,Exports,MALAYSIA,Mineral fuels (27),6688096
2021,Exports,HONG KONG,Copper (74),5685241
2021,Exports,CAMBODIA,Mineral fuels (27),5500000
2021,Exports,INDONESIA,"Salt, stone & earths (25)",5444051
2021,Exports,CHINA,"Lead, zinc & tin (78-80)",4985280
2021,Exports,"KOREA, REP. (SOUTH)",Metal ores & concentrates (26),3366027
2021,Exports,INDONESIA,"Lead, zinc & tin (78-80)",3120261
2021,Exports,NEW CALEDONIA,"Salt, stone & earths (25)",2605014
2021,Exports,JAPAN,Gold (7108),2436387
2021,Exports,JAPAN,"Salt, stone & earths (25)",2377865
2021,Exports,JAPAN,Mineral fuels (27),2007390
2021,Exports,MALAYSIA,Gold (7108),1954943
2021,Exports,"KOREA, REP. (SOUTH)","Salt, stone & earths (25)",1914846
2021,Exports,GERMANY,Copper (74),1668073
2021,Exports,SINGAPORE,"Lead, zinc & tin (78-80)",1647776
2021,Exports,CHINA,"Salt, stone & earths (25)",1399389
2021,Exports,BELGIUM,Metal ores & concentrates (26),1093176
2021,Exports,UNITED STATES,Copper (74),1088044
2021,Exports,"PALAU, REP. OF","Salt, stone & earths (25)",783659
2021,Exports,GERMANY,"Lead, zinc & tin (78-80)",738647
2021,Exports,INDONESIA,Metal ores & concentrates (26),730147
2021,Exports,INDONESIA,Mineral fuels (27),713250
2021,Exports,SINGAPORE,Copper (74),673214
2021,Exports,"MICRONESIA, FEDERATED STATES OF","Salt, stone & earths (25)",574733
2021,Exports,TURKEY,Copper (74),573139
2021,Exports,ITALY,Gold (7108),504541
2021,Exports,INDIA,"Salt, stone & earths (25)",488918
2021,Exports,THAILAND,Metal ores & concentrates (26),422589
2021,Exports,THAILAND,"Salt, stone & earths (25)",416314
2021,Exports,MALAYSIA,Metal ores & concentrates (26),377144
2021,Exports,VIETNAM,"Salt, stone & earths (25)",356684
2021,Exports,AUSTRALIA,"Salt, stone & earths (25)",335300
2021,Exports,"KOREA, REP. (SOUTH)",Nickel (75),276976
2021,Exports,UNITED KINGDOM,"Lead, zinc & tin (78-80)",264800
2021,Exports,HONG KONG,Metal ores & concentrates (26),253886
2021,Exports,UNITED KINGDOM,Nickel (75),250776
2021,Exports,CAMBODIA,Metal ores & concentrates (26),250000
2021,Exports,MALAYSIA,"Salt, stone & earths (25)",234369
2021,Exports,MALAYSIA,Nickel (75),226858
2021,Exports,UNITED STATES,"Salt, stone & earths (25)",223843
2021,Exports,VIETNAM,"Lead, zinc & tin (78-80)",195894
2021,Exports,SINGAPORE,Gold (7108),177302
2021,Exports,UNITED STATES,Mineral fuels (27),145590
2021,Exports,TURKEY,"Lead, zinc & tin (78-80)",145260
2021,Exports,THAILAND,Gold (7108),137541
2021,Exports,MEXICO,Copper (74),131754
2021,Exports,AUSTRALIA,Mineral fuels (27),115604
2021,Exports,"KOREA, REP. (SOUTH)",Gold (7108),101383
2021,Exports,BRAZIL,Nickel (75),95050
2021,Exports,SINGAPORE,Nickel (75),94059
2021,Exports,HUNGARY,Copper (74),92836
2021,Exports,PAPUA NEW GUINEA,"Salt, stone & earths (25)",82873
2021,Exports,GERMANY,"Salt, stone & earths (25)",73420
2021,Exports,UNITED STATES,Gold (7108),72127
2021,Exports,PAPUA NEW GUINEA,"Lead, zinc & tin (78-80)",71834
2021,Exports,"MARSHALL ISLANDS, REP. OF","Salt, stone & earths (25)",65478
2021,Exports,INDIA,Metal ores & concentrates (26),65000
2021,Exports,VIETNAM,Mineral fuels (27),61676
2021,Exports,UNITED STATES,"Lead, zinc & tin (78-80)",56843
2021,Exports,CAMBODIA,"Lead, zinc & tin (78-80)",50574
2021,Exports,CAMBODIA,Copper (74),46359
2021,Exports,CZECH REPUBLIC,"Lead, zinc & tin (78-80)",42258
2021,Exports,MYANMAR,"Lead, zinc & tin (78-80)",34961
2021,Exports,VIETNAM,Metal ores & concentrates (26),29400
2021,Exports,TAIWAN,Nickel (75),21355
2021,Exports,BELGIUM,Copper (74),19574
2021,Exports,BANGLADESH,"Salt, stone & earths (25)",17430
2021,Exports,CZECH REPUBLIC,Copper (74),16675
2021,Exports,TAIWAN,Mineral fuels (27),16456
2021,Exports,POLAND,"Salt, stone & earths (25)",15920
2021,Exports,SOLOMON ISLANDS (BRITISH),Mineral fuels (27),15147
2021,Exports,INDONESIA,Gold (7108),14463
2021,Exports,UNITED STATES,Nickel (75),13932
2021,Exports,SPAIN,Copper (74),13923
2021,Exports,BANGLADESH,"Lead, zinc & tin (78-80)",12911
2021,Exports,TAIWAN,Metal ores & concentrates (26),11384
2021,Exports,NORTHERN MARIANA ISLANDS,"Salt, stone & earths (25)",10206
2021,Exports,UNITED KINGDOM,"Salt, stone & earths (25)",8275
2021,Exports,AFGHANISTAN,Mineral fuels (27),8156
2021,Exports,FRANCE,"Salt, stone & earths (25)",7721
2021,Exports,NETHERLANDS,Copper (74),7309
2021,Exports,MEXICO,"Lead, zinc & tin (78-80)",5465
2021,Exports,SAUDI ARABIA,"Salt, stone & earths (25)",5411
2021,Exports,HONG KONG,"Salt, stone & earths (25)",5217
2021,Exports,UNITED STATES,Metal ores & concentrates (26),5145
2021,Exports,"NAURU, REP. OF",Mineral fuels (27),3554
2021,Exports,"PAKISTAN, ISLAMIC REP. OF","Salt, stone & earths (25)",3100
2021,Exports,MEXICO,Gold (7108),1911
2021,Exports,"PALAU, REP. OF",Copper (74),1630
2021,Exports,"MICRONESIA, FEDERATED STATES OF",Copper (74),1599
2021,Exports,GERMANY,Gold (7108),1450
2021,Exports,ITALY,Copper (74),1240
2021,Exports,VANUATU (NEW HEBRIDES),Mineral fuels (27),1238
2021,Exports,NEW CALEDONIA,Copper (74),1000
2021,Exports,CANADA,"Salt, stone & earths (25)",989
2021,Exports,"NAURU, REP. OF",Copper (74),871
2021,Exports,ISRAEL,"Salt, stone & earths (25)",692
2021,Exports,AUSTRIA,Copper (74),514
2021,Exports,CANADA,Copper (74),454
2021,Exports,HONG KONG,"Lead, zinc & tin (78-80)",388
2021,Exports,MAURITIUS,"Salt, stone & earths (25)",386
2021,Exports,UNITED ARAB EMIRATES,Copper (74),358
2021,Exports,SAUDI ARABIA,Copper (74),265
2021,Exports,BRUNEI DARUSSALAM,Copper (74),166
2021,Exports,"MARSHALL ISLANDS, REP. OF","Lead, zinc & tin (78-80)",166
2021,Exports,UNITED KINGDOM,Copper (74),160
2021,Exports,ISRAEL,Copper (74),120
2021,Exports,HONG KONG,Nickel (75),82
2021,Exports,VANUATU (NEW HEBRIDES),Copper (74),80
2021,Exports,SWITZERLAND,Copper (74),44
2021,Exports,OMAN,"Salt, stone & earths (25)",40
2021,Imports,INDONESIA,Mineral fuels (27),2801277020
2021,Imports,CHINA,Mineral fuels (27),2574398439
2021,Imports,"KOREA, REP. (SOUTH)",Mineral fuels (27),1878626436
2021,Imports,SINGAPORE,Mineral fuels (27),1458127287
2021,Imports,SAUDI ARABIA,Mineral fuels (27),1449492476
2021,Imports,MALAYSIA,Mineral fuels (27),1072296077
2021,Imports,BRAZIL,Metal ores & concentrates (26),732772690
2021,Imports,UNITED ARAB EMIRATES,Mineral fuels (27),581034919
2021,Imports,THAILAND,Mineral fuels (27),508561174
2021,Imports,VIETNAM,"Salt, stone & earths (25)",436376731
2021,Imports,INDIA,Mineral fuels (27),403010577
2021,Imports,BRUNEI DARUSSALAM,Mineral fuels (27),390529537
2021,Imports,TAIWAN,Mineral fuels (27),304437606
2021,Imports,JAPAN,Mineral fuels (27),232192313
2021,Imports,JAPAN,Copper (74),213184921
2021,Imports,THAILAND,Copper (74),205317038
2021,Imports,"KOREA, REP. (SOUTH)",Copper (74),203729998
2021,Imports,AUSTRALIA,Mineral fuels (27),159494511
2021,Imports,OMAN,Mineral fuels (27),135131064
2021,Imports,CHINA,Copper (74),121809382
2021,Imports,QATAR,Mineral fuels (27),101013756
2021,Imports,TAIWAN,Copper (74),97464318
2021,Imports,ALGERIA,Mineral fuels (27),97458797
2021,Imports,AUSTRALIA,Metal ores & concentrates (26),84363264
2021,Imports,VIETNAM,Mineral fuels (27),83833176
2021,Imports,INDONESIA,"Salt, stone & earths (25)",76858040
2021,Imports,MALAYSIA,"Lead, zinc & tin (78-80)",69881323
2021,Imports,UNITED STATES,Mineral fuels (27),62231513
2021,Imports,INDONESIA,Metal ores & concentrates (26),61089187
2021,Imports,VIETNAM,Copper (74),60411614
2021,Imports,MALAYSIA,Copper (74),60070992
2021,Imports,SINGAPORE,Gold (7108),57172004
2021,Imports,KUWAIT,Mineral fuels (27),50121534
2021,Imports,AUSTRALIA,"Lead, zinc & tin (78-80)",48920303
2021,Imports,"KOREA, REP. (SOUTH)","Salt, stone & earths (25)",48545744
2021,Imports,PAPUA NEW GUINEA,Metal ores & concentrates (26),47102599
2021,Imports,CANADA,Metal ores & concentrates (26),46731153
2021,Imports,CHINA,"Salt, stone & earths (25)",43855376
2021,Imports,INDONESIA,Copper (74),43274767
2021,Imports,IRAQ,Mineral fuels (27),38110018
2021,Imports,AUSTRALIA,"Salt, stone & earths (25)",37340422
2021,Imports,"KOREA, REP. (SOUTH)","Lead, zinc & tin (78-80)",35375933
2021,Imports,UNITED ARAB EMIRATES,Copper (74),34466971
2021,Imports,THAILAND,"Salt, stone & earths (25)",33589177
2021,Imports,JAPAN,"Salt, stone & earths (25)",33367845
2021,Imports,JAPAN,"Lead, zinc & tin (78-80)",32750912
2021,Imports,INDIA,Metal ores & concentrates (26),28568446
2021,Imports,NIGERIA,Mineral fuels (27),25496678
2021,Imports,PERU,Metal ores & concentrates (26),23693538
2021,Imports,NETHERLANDS,Mineral fuels (27),18185313
2021,Imports,RUSSIA,Mineral fuels (27),18066141
2021,Imports,TAIWAN,"Salt, stone & earths (25)",17545728
2021,Imports,MALAYSIA,"Salt, stone & earths (25)",15513087
2021,Imports,CHINA,Metal ores & concentrates (26),14076583
2021,Imports,ANGOLA,Mineral fuels (27),12867439
2021,Imports,"SOUTH AFRICA, REP. OF",Mineral fuels (27),12486852
2021,Imports,TAIWAN,"Lead, zinc & tin (78-80)",11467827
2021,Imports,HONG KONG,Copper (74),8677517
2021,Imports,JAPAN,Nickel (75),8392892
2021,Imports,UNITED STATES,Copper (74),7889442
2021,Imports,FINLAND,Nickel (75),6522965
2021,Imports,JAPAN,Metal ores & concentrates (26),6434707
2021,Imports,MOROCCO,"Salt, stone & earths (25)",6097021
2021,Imports,"KOREA, REP. (SOUTH)",Gold (7108),5781366
2021,Imports,SWITZERLAND,Copper (74),5769117
2021,Imports,CHINA,"Lead, zinc & tin (78-80)",5336307
2021,Imports,HONG KONG,Mineral fuels (27),5318237
2021,Imports,VIETNAM,"Lead, zinc & tin (78-80)",5308455
2021,Imports,TURKEY,Copper (74),5105055
2021,Imports,GERMANY,Copper (74),5091215
2021,Imports,UNITED STATES,"Salt, stone & earths (25)",4878569
2021,Imports,UNITED ARAB EMIRATES,"Lead, zinc & tin (78-80)",4745566
2021,Imports,SINGAPORE,"Lead, zinc & tin (78-80)",4693293
2021,Imports,OMAN,"Salt, stone & earths (25)",4619523
2021,Imports,UNITED ARAB EMIRATES,"Salt, stone & earths (25)",4006757
2021,Imports,GERMANY,"Lead, zinc & tin (78-80)",3766175
2021,Imports,CHINA,Nickel (75),3593351
2021,Imports,JAPAN,Gold (7108),3358622
2021,Imports,INDIA,"Salt, stone & earths (25)",3114440
2021,Imports,INDIA,Copper (74),3058358
2021,Imports,SINGAPORE,Copper (74),2789504
2021,Imports,MEXICO,"Salt, stone & earths (25)",2693303
2021,Imports,INDONESIA,"Lead, zinc & tin (78-80)",2616012
2021,Imports,RUSSIA,"Salt, stone & earths (25)",2580637
2021,Imports,HONG KONG,"Lead, zinc & tin (78-80)",2447546
2021,Imports,ALGERIA,"Salt, stone & earths (25)",2394134
2021,Imports,VIETNAM,Metal ores & concentrates (26),2140777
2021,Imports,PAPUA NEW GUINEA,Mineral fuels (27),2060886
2021,Imports,GERMANY,Nickel (75),2020100
2021,Imports,GERMANY,Mineral fuels (27),1955837
2021,Imports,CANADA,"Lead, zinc & tin (78-80)",1950563
2021,Imports,UNITED STATES,Gold (7108),1854910
2021,Imports,THAILAND,"Lead, zinc & tin (78-80)",1753185
2021,Imports,"KOREA, REP. (SOUTH)",Nickel (75),1654922
2021,Imports,POLAND,Mineral fuels (27),1471599
2021,Imports,UNITED STATES,"Lead, zinc & tin (78-80)",1464572
2021,Imports,CHINA,Gold (7108),1425124
2021,Imports,BELGIUM,Mineral fuels (27),1376377
2021,Imports,SPAIN,Copper (74),1347677
2021,Imports,BANGLADESH,Copper (74),1343051
2021,Imports,FRANCE,Copper (74),1332840
2021,Imports,INDIA,Nickel (75),1167122
2021,Imports,TAIWAN,Nickel (75),1062426
2021,Imports,GERMANY,Metal ores & concentrates (26),870424
2021,Imports,UNITED STATES,Nickel (75),854347
2021,Imports,TURKEY,"Lead, zinc & tin (78-80)",854178
2021,Imports,BELGIUM,Nickel (75),843305
2021,Imports,THAILAND,Nickel (75),797837
2021,Imports,FRANCE,Mineral fuels (27),789652
2021,Imports,SINGAPORE,Nickel (75),719974
2021,Imports,ITALY,Copper (74),698996
2021,Imports,EGYPT ARAB REPUBLIC,"Salt, stone & earths (25)",659482
2021,Imports,NETHERLANDS,Copper (74),639828
2021,Imports,HONG KONG,Gold (7108),605741
2021,Imports,NETHERLANDS,Nickel (75),555265
2021,Imports,HONG KONG,"Salt, stone & earths (25)",531610
2021,Imports,SPAIN,"Lead, zinc & tin (78-80)",514270
2021,Imports,CANADA,Mineral fuels (27),511941
2021,Imports,BAHRAIN,Mineral fuels (27),498989
2021,Imports,UKRAINE (UKRAINIAN S.S.R.),Metal ores & concentrates (26),498320
2021,Imports,UNITED KINGDOM,"Salt, stone & earths (25)",494178
2021,Imports,THAILAND,Metal ores & concentrates (26),493781
2021,Imports,NEW ZEALAND,Copper (74),467292
2021,Imports,NETHERLANDS,Metal ores & concentrates (26),404359
2021,Imports,"SOUTH AFRICA, REP. OF",Metal ores & concentrates (26),394471
2021,Imports,UNITED KINGDOM,Copper (74),384864
2021,Imports,GERMANY,"Salt, stone & earths (25)",370099
2021,Imports,GREECE,Mineral fuels (27),365813
2021,Imports,NETHERLANDS,"Salt, stone & earths (25)",338851
2021,Imports,NEW ZEALAND,"Salt, stone & earths (25)",305417
2021,Imports,HONG KONG,Nickel (75),302546
2021,Imports,AUSTRALIA,Copper (74),256296
2021,Imports,UNITED KINGDOM,Mineral fuels (27),240375
2021,Imports,ITALY,"Salt, stone & earths (25)",237276
2021,Imports,BELGIUM,Copper (74),232380
2021,Imports,TURKEY,"Salt, stone & earths (25)",228803
2021,Imports,"PAKISTAN, ISLAMIC REP. OF","Salt, stone & earths (25)",224104
2021,Imports,MEXICO,"Lead, zinc & tin (78-80)",216268
2021,Imports,BRUNEI DARUSSALAM,"Salt, stone & earths (25)",213316
2021,Imports,TOGO,"Salt, stone & earths (25)",200793
2021,Imports,"PAKISTAN, ISLAMIC REP. OF",Mineral fuels (27),180747
2021,Imports,FRANCE,"Salt, stone & earths (25)",175078
2021,Imports,BULGARIA,Copper (74),160942
2021,Imports,UNITED STATES,Metal ores & concentrates (26),148711
2021,Imports,INDIA,"Lead, zinc & tin (78-80)",148475
2021,Imports,IRAN,Mineral fuels (27),124955
2021,Imports,SPAIN,Mineral fuels (27),124453
2021,Imports,FINLAND,"Salt, stone & earths (25)",121603
2021,Imports,ARGENTINA,Mineral fuels (27),111757
2021,Imports,DENMARK,Mineral fuels (27),109161
2021,Imports,UNITED KINGDOM,"Lead, zinc & tin (78-80)",107801
2021,Imports,TURKEY,Mineral fuels (27),107625
2021,Imports,FRANCE,Nickel (75),96517
2021,Imports,GREECE,"Salt, stone & earths (25)",96316
2021,Imports,BRAZIL,Copper (74),94392
2021,Imports,CANADA,Copper (74),90482
2021,Imports,ARGENTINA,"Salt, stone & earths (25)",90250
2021,Imports,NORWAY,Nickel (75),89878
2021,Imports,CANADA,Nickel (75),86428
2021,Imports,AUSTRIA,Nickel (75),83423
2021,Imports,SWEDEN,Mineral fuels (27),81216
2021,Imports,SWITZERLAND,Mineral fuels (27),79806
2021,Imports,SINGAPORE,"Salt, stone & earths (25)",77970
2021,Imports,SINGAPORE,Metal ores & concentrates (26),76379
2021,Imports,UNITED KINGDOM,Nickel (75),76153
2021,Imports,LITHUANIA,Mineral fuels (27),74728
2021,Imports,CANADA,"Salt, stone & earths (25)",72227
2021,Imports,TAIWAN,Metal ores & concentrates (26),69016
2021,Imports,CZECH REPUBLIC,Copper (74),66856
2021,Imports,PORTUGAL,Mineral fuels (27),65131
2021,Imports,BELGIUM,"Lead, zinc & tin (78-80)",61699
2021,Imports,CHILE,"Salt, stone & earths (25)",59976
2021,Imports,ITALY,Gold (7108),54987
2021,Imports,AUSTRIA,Copper (74),47482
2021,Imports,MALAYSIA,Nickel (75),46659
2021,Imports,MEXICO,Copper (74),40753
2021,Imports,AUSTRALIA,Nickel (75),35435
2021,Imports,UKRAINE (UKRAINIAN S.S.R.),Mineral fuels (27),32822
2021,Imports,SIERRA LEONE,Metal ores & concentrates (26),32492
2021,Imports,MACAU,"Salt, stone & earths (25)",31798
2021,Imports,BULGARIA,Mineral fuels (27),29398
2021,Imports,FINLAND,Mineral fuels (27),28988
2021,Imports,SLOVENIA,Copper (74),27347
2021,Imports,ITALY,"Lead, zinc & tin (78-80)",25597
2021,Imports,NORWAY,"Salt, stone & earths (25)",24420
2021,Imports,LEBANON,Copper (74),23465
2021,Imports,FINLAND,Copper (74),22057
2021,Imports,SPAIN,"Salt, stone & earths (25)",19279
2021,Imports,MEXICO,Mineral fuels (27),18528
2021,Imports,ISRAEL,"Salt, stone & earths (25)",17998
2021,Imports,SWEDEN,Copper (74),17462
2021,Imports,DENMARK,"Salt, stone & earths (25)",16898
2021,Imports,NETHERLANDS,"Lead, zinc & tin (78-80)",16772
2021,Imports,IRELAND,Copper (74),16653
2021,Imports,DENMARK,Copper (74),15632
2021,Imports,TURKEY,Gold (7108),15085
2021,Imports,BELGIUM,Metal ores & concentrates (26),14785
2021,Imports,GEORGIA,"Salt, stone & earths (25)",14549
2021,Imports,SWITZERLAND,"Salt, stone & earths (25)",11970
2021,Imports,SWITZERLAND,Nickel (75),11095
2021,Imports,CROATIA,"Salt, stone & earths (25)",10923
2021,Imports,POLAND,"Salt, stone & earths (25)",10883
2021,Imports,BELGIUM,"Salt, stone & earths (25)",10188
2021,Imports,GERMANY,Gold (7108),10121
2021,Imports,ISRAEL,Mineral fuels (27),9250
2021,Imports,MALAYSIA,Gold (7108),9057
2021,Imports,DENMARK,Gold (7108),8989
2021,Imports,"KOREA, REP. (SOUTH)",Metal ores & concentrates (26),8600
2021,Imports,LUXEMBOURG,Copper (74),7440
2021,Imports,POLAND,Copper (74),6969
2021,Imports,PORTUGAL,Copper (74),6724
2021,Imports,FRANCE,"Lead, zinc & tin (78-80)",6714
2021,Imports,ITALY,Mineral fuels (27),6605
2021,Imports,ITALY,Nickel (75),6088
2021,Imports,TAIWAN,Gold (7108),6001
2021,Imports,ISRAEL,Copper (74),5811
2021,Imports,LUXEMBOURG,Gold (7108),4965
2021,Imports,NEW ZEALAND,Mineral fuels (27),4656
2021,Imports,DENMARK,"Lead, zinc & tin (78-80)",3043
2021,Imports,LIECHTENSTEIN,"Lead, zinc & tin (78-80)",2998
2021,Imports,ISRAEL,"Lead, zinc & tin (78-80)",2923
2021,Imports,CANADA,Gold (7108),2765
2021,Imports,NORWAY,Copper (74),2489
2021,Imports,LITHUANIA,Copper (74),2202
2021,Imports,KAZAKHSTAN,Copper (74),2194
2021,Imports,PAPUA NEW GUINEA,Copper (74),2148
2021,Imports,BRAZIL,"Salt, stone & earths (25)",1914
2021,Imports,BELGIUM,Gold (7108),1286
2021,Imports,"MACEDONIA, THE FORMER YUGOSLAV REP. OF",Copper (74),1245
2021,Imports,MYANMAR,"Salt, stone & earths (25)",1206
2021,Imports,ANDORRA,Mineral fuels (27),1093
2021,Imports,COSTA RICA,Copper (74),1021
2021,Imports,SRI LANKA (CEYLON),Copper (74),901
2021,Imports,CZECH REPUBLIC,Nickel (75),791
2021,Imports,EGYPT ARAB REPUBLIC,Mineral fuels (27),550
2021,Imports,NORWAY,Mineral fuels (27),547
2021,Imports,IRAN,"Salt, stone & earths (25)",482
2021,Imports,ROMANIA,Copper (74),411
2021,Imports,ALBANIA,Copper (74),388
2021,Imports,LIECHTENSTEIN,Copper (74),382
2021,Imports,FINLAND,"Lead, zinc & tin (78-80)",375
2021,Imports,IRELAND,Mineral fuels (27),370
2021,Imports,NEPAL,Copper (74),349
2021,Imports,"SOUTH AFRICA, REP. OF",Copper (74),343
2021,Imports,SWEDEN,"Lead, zinc & tin (78-80)",335
2021,Imports,BRAZIL,Nickel (75),303
2021,Imports,FRANCE,Gold (7108),280
2021,Imports,ROMANIA,Nickel (75),236
2021,Imports,CZECH REPUBLIC,"Lead, zinc & tin (78-80)",223
2021,Imports,ALGERIA,Nickel (75),217
2021,Imports,GREECE,Copper (74),216
2021,Imports,THAILAND,Gold (7108),187
2021,Imports,GREENLAND,Copper (74),163
2021,Imports,INDONESIA,Nickel (75),156
2021,Imports,CAMBODIA,"Lead, zinc & tin (78-80)",112
2021,Imports,SWEDEN,"Salt, stone & earths (25)",106
2021,Imports,IRELAND,"Lead, zinc & tin (78-80)",58
2021,Imports,LAOS,Copper (74),51
2021,Imports,SWEDEN,Nickel (75),47
2021,Imports,REUNION,Copper (74),44
2021,Imports,QATAR,Copper (74),29
2022,Exports,CHINA,Metal ores & concentrates (26),1310174366
2022,Exports,CHINA,Copper (74),1014470627
2022,Exports,JAPAN,Nickel (75),654869315
2022,Exports,THAILAND,Copper (74),553711103
2022,Exports,CHINA,Mineral fuels (27),483847387
2022,Exports,HONG KONG,Gold (7108),480130586
2022,Exports,JAPAN,Metal ores & concentrates (26),464180121
2022,Exports,SWITZERLAND,Gold (7108),389296405
2022,Exports,"KOREA, REP. (SOUTH)",Mineral fuels (27),304535364
2022,Exports,THAILAND,Mineral fuels (27),223361812
2022,Exports,SINGAPORE,Metal ores & concentrates (26),202800948
2022,Exports,VIETNAM,Copper (74),165027359
2022,Exports,BRUNEI DARUSSALAM,Mineral fuels (27),153602641
2022,Exports,MALAYSIA,Copper (74),132453591
2022,Exports,INDONESIA,Copper (74),128329509
2022,Exports,"KOREA, REP. (SOUTH)",Copper (74),111456547
2022,Exports,TAIWAN,Copper (74),106456499
2022,Exports,INDIA,Gold (7108),81352185
2022,Exports,JAPAN,Copper (74),55438301
2022,Exports,AUSTRALIA,Gold (7108),50739628
2022,Exports,INDIA,"Lead, zinc & tin (78-80)",38538541
2022,Exports,AUSTRALIA,Copper (74),31921684
2022,Exports,"KOREA, REP. (SOUTH)",Metal ores & concentrates (26),26033152
2022,Exports,CAMBODIA,Mineral fuels (27),19557676
2022,Exports,VIETNAM,Mineral fuels (27),19177415
2022,Exports,THAILAND,"Lead, zinc & tin (78-80)",14532009
2022,Exports,MALAYSIA,"Lead, zinc & tin (78-80)",11033864
2022,Exports,INDIA,Mineral fuels (27),9735232
2022,Exports,"KOREA, REP. (SOUTH)","Lead, zinc & tin (78-80)",9353288
2022,Exports,JAPAN,"Lead, zinc & tin (78-80)",8752656
2022,Exports,MALAYSIA,Mineral fuels (27),7793097
2022,Exports,TAIWAN,"Lead, zinc & tin (78-80)",7696852
2022,Exports,TAIWAN,Mineral fuels (27),7134000
2022,Exports,SINGAPORE,Mineral fuels (27),6494980
2022,Exports,TAIWAN,"Salt, stone & earths (25)",5755468
2022,Exports,HONG KONG,Copper (74),5463238
2022,Exports,CHINA,"Lead, zinc & tin (78-80)",5026614
2022,Exports,TAIWAN,Gold (7108),3341695
2022,Exports,NEW CALEDONIA,"Salt, stone & earths (25)",3251770
2022,Exports,INDONESIA,"Salt, stone & earths (25)",2837899
2022,Exports,CHINA,"Salt, stone & earths (25)",2466180
2022,Exports,JAPAN,Gold (7108),2466035
2022,Exports,JAPAN,"Salt, stone & earths (25)",2042249
2022,Exports,INDONESIA,Mineral fuels (27),1983330
2022,Exports,SINGAPORE,"Lead, zinc & tin (78-80)",1525027
2022,Exports,SINGAPORE,"Salt, stone & earths (25)",1280642
2022,Exports,INDIA,Copper (74),1052707
2022,Exports,"PALAU, REP. OF","Salt, stone & earths (25)",812079
2022,Exports,ITALY,Gold (7108),646639
2022,Exports,UNITED STATES,Copper (74),608309
2022,Exports,MALAYSIA,Nickel (75),600821
2022,Exports,"KOREA, REP. (SOUTH)",Nickel (75),567423
2022,Exports,"KOREA, REP. (SOUTH)","Salt, stone & earths (25)",555650
2022,Exports,CHINA,Gold (7108),555449
2022,Exports,ISRAEL,"Salt, stone & earths (25)",455969
2022,Exports,GERMANY,Copper (74),449501
2022,Exports,JAPAN,Mineral fuels (27),447715
2022,Exports,MALAYSIA,Metal ores & concentrates (26),431816
2022,Exports,VIETNAM,Metal ores & concentrates (26),431239
2022,Exports,VIETNAM,"Salt, stone & earths (25)",374177
2022,Exports,MALAYSIA,Gold (7108),344285
2022,Exports,INDONESIA,"Lead, zinc & tin (78-80)",268515
2022,Exports,THAILAND,Metal ores & concentrates (26),254400
2022,Exports,UNITED KINGDOM,"Lead, zinc & tin (78-80)",242583
2022,Exports,MALAYSIA,"Salt, stone & earths (25)",227474
2022,Exports,TURKEY,"Lead, zinc & tin (78-80)",172860
2022,Exports,MEXICO,Copper (74),154840
2022,Exports,PAPUA NEW GUINEA,"Lead, zinc & tin (78-80)",112015
2022,Exports,UNITED STATES,"Salt, stone & earths (25)",109793
2022,Exports,BRAZIL,Nickel (75),107450
2022,Exports,SINGAPORE,Copper (74),95532
2022,Exports,INDIA,Metal ores & concentrates (26),95000
2022,Exports,CAMBODIA,Metal ores & concentrates (26),84800
2022,Exports,INDONESIA,Metal ores & concentrates (26),78042
2022,Exports,AUSTRALIA,Mineral fuels (27),73778
2022,Exports,GERMANY,"Lead, zinc & tin (78-80)",72490
2022,Exports,NETHERLANDS,Copper (74),64769
2022,Exports,THAILAND,"Salt, stone & earths (25)",62664
2022,Exports,HUNGARY,Copper (74),59183
2022,Exports,TURKEY,Copper (74),56302
2022,Exports,UNITED STATES,"Lead, zinc & tin (78-80)",53175
2022,Exports,UNITED STATES,Mineral fuels (27),50969
2022,Exports,UNITED STATES,Metal ores & concentrates (26),47598
2022,Exports,AUSTRIA,Copper (74),44560
2022,Exports,SOLOMON ISLANDS (BRITISH),Mineral fuels (27),42607
2022,Exports,"MICRONESIA, FEDERATED STATES OF","Salt, stone & earths (25)",42525
2022,Exports,SINGAPORE,Gold (7108),24348
2022,Exports,GUATEMALA,"Salt, stone & earths (25)",23760
2022,Exports,PAPUA NEW GUINEA,"Salt, stone & earths (25)",23750
2022,Exports,CAMBODIA,Copper (74),16213
2022,Exports,"MARSHALL ISLANDS, REP. OF","Salt, stone & earths (25)",15756
2022,Exports,PAPUA NEW GUINEA,Copper (74),13666
2022,Exports,VIETNAM,"Lead, zinc & tin (78-80)",13443
2022,Exports,INDIA,"Salt, stone & earths (25)",12898
2022,Exports,GERMANY,"Salt, stone & earths (25)",11140
2022,Exports,SAUDI ARABIA,Copper (74),9012
2022,Exports,"PAKISTAN, ISLAMIC REP. OF",Mineral fuels (27),8867
2022,Exports,KAZAKHSTAN,Copper (74),8801
2022,Exports,AUSTRALIA,"Salt, stone & earths (25)",7756
2022,Exports,"KOREA, REP. (SOUTH)",Gold (7108),7191
2022,Exports,NEW CALEDONIA,Copper (74),6367
2022,Exports,CAMBODIA,"Lead, zinc & tin (78-80)",5657
2022,Exports,KUWAIT,Copper (74),5653
2022,Exports,UNITED STATES,Nickel (75),4706
2022,Exports,UNITED KINGDOM,Copper (74),4285
2022,Exports,THAILAND,Gold (7108),3368
2022,Exports,INDONESIA,Gold (7108),3138
2022,Exports,DENMARK,Mineral fuels (27),2268
2022,Exports,"MICRONESIA, FEDERATED STATES OF","Lead, zinc & tin (78-80)",2142
2022,Exports,CANADA,"Salt, stone & earths (25)",2090
2022,Exports,DENMARK,Copper (74),2000
2022,Exports,SAUDI ARABIA,"Lead, zinc & tin (78-80)",2000
2022,Exports,CANADA,"Lead, zinc & tin (78-80)",1766
2022,Exports,SWITZERLAND,Copper (74),1739
2022,Exports,UNITED KINGDOM,Nickel (75),1588
2022,Exports,NORWAY,Copper (74),1540
2022,Exports,HONG KONG,"Salt, stone & earths (25)",1385
2022,Exports,BELGIUM,Copper (74),1376
2022,Exports,SAUDI ARABIA,"Salt, stone & earths (25)",1191
2022,Exports,IRELAND,Copper (74),904
2022,Exports,FRANCE,Copper (74),820
2022,Exports,HUNGARY,"Lead, zinc & tin (78-80)",493
2022,Exports,ITALY,Copper (74),415
2022,Exports,CANADA,Copper (74),375
2022,Exports,"PALAU, REP. OF",Copper (74),364
2022,Exports,NETHERLANDS,"Lead, zinc & tin (78-80)",318
2022,Exports,AUSTRALIA,Metal ores & concentrates (26),305
2022,Exports,COLOMBIA,"Salt, stone & earths (25)",214
2022,Exports,HONG KONG,"Lead, zinc & tin (78-80)",200
2022,Exports,"MARSHALL ISLANDS, REP. OF",Copper (74),200
2022,Exports,NEPAL,Copper (74),165
2022,Exports,BRUNEI DARUSSALAM,Copper (74),160
2022,Exports,QATAR,Copper (74),159
2022,Exports,NORTHERN MARIANA ISLANDS,Copper (74),152
2022,Exports,GERMANY,Metal ores & concentrates (26),100
2022,Exports,GREECE,"Lead, zinc & tin (78-80)",87
2022,Exports,DENMARK,"Salt, stone & earths (25)",28
2022,Exports,SWEDEN,"Salt, stone & earths (25)",25
2022,Imports,INDONESIA,Mineral fuels (27),5858802895
2022,Imports,"KOREA, REP. (SOUTH)",Mineral fuels (27),5075291045
2022,Imports,CHINA,Mineral fuels (27),2398227149
2022,Imports,SINGAPORE,Mineral fuels (27),2224105389
2022,Imports,SAUDI ARABIA,Mineral fuels (27),2053003850
2022,Imports,UNITED ARAB EMIRATES,Mineral fuels (27),1389858201
2022,Imports,MALAYSIA,Mineral fuels (27),1334086288
2022,Imports,JAPAN,Mineral fuels (27),1161667724
2022,Imports,TAIWAN,Mineral fuels (27),755823784
2022,Imports,AUSTRALIA,Metal ores & concentrates (26),701392625
2022,Imports,BRAZIL,Metal ores & concentrates (26),624172097
2022,Imports,VIETNAM,"Salt, stone & earths (25)",488272536
2022,Imports,BRUNEI DARUSSALAM,Mineral fuels (27),432967810
2022,Imports,IRAQ,Mineral fuels (27),429083636
2022,Imports,QATAR,Mineral fuels (27),424582508
2022,Imports,THAILAND,Mineral fuels (27),312467003
2022,Imports,INDONESIA,Metal ores & concentrates (26),300537220
2022,Imports,JAPAN,Copper (74),224423650
2022,Imports,KUWAIT,Mineral fuels (27),217360116
2022,Imports,"KOREA, REP. (SOUTH)",Copper (74),189569469
2022,Imports,THAILAND,Copper (74),179517284
2022,Imports,RUSSIA,Mineral fuels (27),162470356
2022,Imports,CHINA,Copper (74),138335915
2022,Imports,AUSTRALIA,Mineral fuels (27),126451448
2022,Imports,INDIA,Mineral fuels (27),118267430
2022,Imports,UNITED STATES,Mineral fuels (27),112901442
2022,Imports,UNITED STATES,Metal ores & concentrates (26),99781938
2022,Imports,PANAMA,Metal ores & concentrates (26),82727515
2022,Imports,TAIWAN,Copper (74),82695458
2022,Imports,NIGERIA,Mineral fuels (27),80678945
2022,Imports,"EQUATORIAL GUINEA, REP. OF",Mineral fuels (27),66939635
2022,Imports,MALAYSIA,"Lead, zinc & tin (78-80)",63868385
2022,Imports,ALGERIA,Mineral fuels (27),60856822
2022,Imports,JAPAN,"Salt, stone & earths (25)",57418572
2022,Imports,VIETNAM,Mineral fuels (27),56493000
2022,Imports,INDONESIA,"Salt, stone & earths (25)",55947157
2022,Imports,MALAYSIA,Copper (74),54031724
2022,Imports,VIETNAM,Copper (74),53543469
2022,Imports,CANADA,Metal ores & concentrates (26),53145768
2022,Imports,SINGAPORE,Gold (7108),52785244
2022,Imports,AUSTRALIA,"Lead, zinc & tin (78-80)",49016397
2022,Imports,"KOREA, REP. (SOUTH)","Salt, stone & earths (25)",46529855
2022,Imports,MEXICO,Metal ores & concentrates (26),43456446
2022,Imports,CHINA,"Salt, stone & earths (25)",42123211
2022,Imports,AUSTRALIA,"Salt, stone & earths (25)",33145396
2022,Imports,UNITED ARAB EMIRATES,Copper (74),29322862
2022,Imports,JAPAN,"Lead, zinc & tin (78-80)",29079915
2022,Imports,INDONESIA,Copper (74),27733180
2022,Imports,THAILAND,"Salt, stone & earths (25)",27274111
2022,Imports,"KOREA, REP. (SOUTH)","Lead, zinc & tin (78-80)",25614856
2022,Imports,MOZAMBIQUE,Mineral fuels (27),25497725
2022,Imports,"NAURU, REP. OF","Salt, stone & earths (25)",19751139
2022,Imports,ANGOLA,Mineral fuels (27),19310798
2022,Imports,MALAYSIA,"Salt, stone & earths (25)",17936170
2022,Imports,UNITED STATES,Copper (74),14983261
2022,Imports,FINLAND,Nickel (75),13798725
2022,Imports,TOGO,"Salt, stone & earths (25)",13510886
2022,Imports,EGYPT ARAB REPUBLIC,"Salt, stone & earths (25)",10877471
2022,Imports,INDIA,Metal ores & concentrates (26),10348589
2022,Imports,VIETNAM,Metal ores & concentrates (26),8595070
2022,Imports,TAIWAN,"Lead, zinc & tin (78-80)",8081200
2022,Imports,SINGAPORE,"Lead, zinc & tin (78-80)",6624226
2022,Imports,GERMANY,Copper (74),6424487
2022,Imports,"KOREA, REP. (SOUTH)",Gold (7108),6330195
2022,Imports,INDONESIA,"Lead, zinc & tin (78-80)",5996605
2022,Imports,CHINA,"Lead, zinc & tin (78-80)",5996272
2022,Imports,BELGIUM,Nickel (75),5951268
2022,Imports,JAPAN,Metal ores & concentrates (26),5459465
2022,Imports,CHINA,Nickel (75),5111639
2022,Imports,UNITED STATES,"Salt, stone & earths (25)",5019292
2022,Imports,SINGAPORE,Copper (74),4615585
2022,Imports,JAPAN,Nickel (75),4240728
2022,Imports,INDIA,Copper (74),4205831
2022,Imports,HONG KONG,Copper (74),4166929
2022,Imports,UNITED ARAB EMIRATES,"Salt, stone & earths (25)",3917480
2022,Imports,TURKEY,Copper (74),3562352
2022,Imports,UNITED ARAB EMIRATES,"Lead, zinc & tin (78-80)",3493136
2022,Imports,OMAN,"Salt, stone & earths (25)",3417577
2022,Imports,MEXICO,"Salt, stone & earths (25)",3175622
2022,Imports,INDIA,"Salt, stone & earths (25)",2763576
2022,Imports,HONG KONG,"Lead, zinc & tin (78-80)",2558196
2022,Imports,CANADA,"Lead, zinc & tin (78-80)",2279449
2022,Imports,POLAND,Mineral fuels (27),2142025
2022,Imports,SPAIN,Copper (74),2040027
2022,Imports,GERMANY,Mineral fuels (27),2035626
2022,Imports,VIETNAM,"Lead, zinc & tin (78-80)",2012453
2022,Imports,TAIWAN,"Salt, stone & earths (25)",1998511
2022,Imports,GERMANY,"Lead, zinc & tin (78-80)",1939495
2022,Imports,HONG KONG,Mineral fuels (27),1784249
2022,Imports,BELGIUM,Mineral fuels (27),1594540
2022,Imports,UNITED STATES,"Lead, zinc & tin (78-80)",1524346
2022,Imports,RUSSIA,"Salt, stone & earths (25)",1503553
2022,Imports,"KOREA, REP. (SOUTH)",Nickel (75),1468534
2022,Imports,AUSTRIA,Nickel (75),1402547
2022,Imports,UNITED KINGDOM,Copper (74),1356840
2022,Imports,BANGLADESH,Copper (74),1335825
2022,Imports,GERMANY,Nickel (75),1326679
2022,Imports,NETHERLANDS,Nickel (75),1292338
2022,Imports,THAILAND,Nickel (75),1290575
2022,Imports,UNITED STATES,Nickel (75),1279006
2022,Imports,CHINA,Gold (7108),1243523
2022,Imports,"PAKISTAN, ISLAMIC REP. OF","Salt, stone & earths (25)",1239314
2022,Imports,TAIWAN,Nickel (75),1222837
2022,Imports,THAILAND,"Lead, zinc & tin (78-80)",1191258
2022,Imports,FRANCE,Copper (74),1172539
2022,Imports,INDIA,Nickel (75),1159251
2022,Imports,BELGIUM,Copper (74),1093581
2022,Imports,FRANCE,Mineral fuels (27),1040532
2022,Imports,"SOUTH AFRICA, REP. OF",Mineral fuels (27),977749
2022,Imports,JAPAN,Gold (7108),883887
2022,Imports,CHINA,Metal ores & concentrates (26),823997
2022,Imports,SWITZERLAND,Nickel (75),806954
2022,Imports,NEW ZEALAND,Copper (74),806156
2022,Imports,SWITZERLAND,Copper (74),761361
2022,Imports,CANADA,Copper (74),761084
2022,Imports,ITALY,Copper (74),707441
2022,Imports,HONG KONG,Gold (7108),664764
2022,Imports,UNITED KINGDOM,"Salt, stone & earths (25)",659328
2022,Imports,NETHERLANDS,Metal ores & concentrates (26),659320
2022,Imports,FINLAND,Copper (74),615857
2022,Imports,NEW ZEALAND,"Salt, stone & earths (25)",609414
2022,Imports,NETHERLANDS,Mineral fuels (27),532407
2022,Imports,"SOUTH AFRICA, REP. OF",Metal ores & concentrates (26),486880
2022,Imports,NETHERLANDS,Copper (74),452286
2022,Imports,INDIA,"Lead, zinc & tin (78-80)",451980
2022,Imports,UKRAINE (UKRAINIAN S.S.R.),Metal ores & concentrates (26),435850
2022,Imports,FRANCE,Nickel (75),392043
2022,Imports,GERMANY,"Salt, stone & earths (25)",391692
2022,Imports,MALAYSIA,Nickel (75),388177
2022,Imports,BULGARIA,Copper (74),317508
2022,Imports,GREECE,Mineral fuels (27),288019
2022,Imports,CANADA,Mineral fuels (27),286147
2022,Imports,SPAIN,"Salt, stone & earths (25)",267788
2022,Imports,TURKEY,"Salt, stone & earths (25)",248431
2022,Imports,FRANCE,"Salt, stone & earths (25)",238600
2022,Imports,UNITED KINGDOM,Mineral fuels (27),210573
2022,Imports,GERMANY,Metal ores & concentrates (26),200008
2022,Imports,SINGAPORE,Nickel (75),194857
2022,Imports,TURKEY,Mineral fuels (27),192462
2022,Imports,UNITED KINGDOM,"Lead, zinc & tin (78-80)",190787
2022,Imports,FINLAND,"Salt, stone & earths (25)",181988
2022,Imports,CZECH REPUBLIC,Copper (74),170171
2022,Imports,UNITED KINGDOM,Nickel (75),166489
2022,Imports,ITALY,Mineral fuels (27),153557
2022,Imports,AUSTRALIA,Copper (74),146568
2022,Imports,COLOMBIA,Copper (74),141797
2022,Imports,PORTUGAL,"Salt, stone & earths (25)",137811
2022,Imports,TURKEY,"Lead, zinc & tin (78-80)",134832
2022,Imports,ITALY,Gold (7108),113865
2022,Imports,SINGAPORE,"Salt, stone & earths (25)",108504
2022,Imports,NORWAY,Copper (74),106578
2022,Imports,GREECE,"Salt, stone & earths (25)",106105
2022,Imports,OMAN,Mineral fuels (27),104125
2022,Imports,ITALY,"Salt, stone & earths (25)",100420
2022,Imports,NETHERLANDS,"Salt, stone & earths (25)",92242
2022,Imports,MACAU,"Salt, stone & earths (25)",91359
2022,Imports,CANADA,Nickel (75),89754
2022,Imports,MALTA,Mineral fuels (27),87619
2022,Imports,DENMARK,Mineral fuels (27),83689
2022,Imports,BAHRAIN,Mineral fuels (27),79569
2022,Imports,ISRAEL,"Salt, stone & earths (25)",75378
2022,Imports,ARGENTINA,"Salt, stone & earths (25)",73205
2022,Imports,SWEDEN,Mineral fuels (27),71978
2022,Imports,BOLIVIA,"Salt, stone & earths (25)",61468
2022,Imports,UNITED STATES,Gold (7108),54559
2022,Imports,ALGERIA,"Salt, stone & earths (25)",53653
2022,Imports,UKRAINE (UKRAINIAN S.S.R.),Mineral fuels (27),53442
2022,Imports,NORWAY,Nickel (75),48992
2022,Imports,CANADA,"Salt, stone & earths (25)",46874
2022,Imports,AUSTRIA,Copper (74),46389
2022,Imports,CROATIA,"Salt, stone & earths (25)",46342
2022,Imports,INDONESIA,Nickel (75),44289
2022,Imports,MALAYSIA,Metal ores & concentrates (26),43485
2022,Imports,AUSTRALIA,Gold (7108),41275
2022,Imports,BELGIUM,"Salt, stone & earths (25)",41253
2022,Imports,NORWAY,"Salt, stone & earths (25)",36456
2022,Imports,POLAND,Copper (74),35521
2022,Imports,NEW ZEALAND,Mineral fuels (27),34457
2022,Imports,SPAIN,Mineral fuels (27),34080
2022,Imports,NETHERLANDS,"Lead, zinc & tin (78-80)",31987
2022,Imports,ISRAEL,Mineral fuels (27),28290
2022,Imports,BULGARIA,Mineral fuels (27),27922
2022,Imports,CZECH REPUBLIC,Nickel (75),25942
2022,Imports,SWITZERLAND,Gold (7108),25627
2022,Imports,GREECE,Copper (74),25153
2022,Imports,HUNGARY,Copper (74),23408
2022,Imports,SWITZERLAND,Mineral fuels (27),23253
2022,Imports,ITALY,"Lead, zinc & tin (78-80)",21776
2022,Imports,TAIWAN,Metal ores & concentrates (26),20392
2022,Imports,MEXICO,Mineral fuels (27),19686
2022,Imports,VIRGIN ISLANDS (BRITISH),"Salt, stone & earths (25)",18920
2022,Imports,BELGIUM,"Lead, zinc & tin (78-80)",18104
2022,Imports,MEXICO,Copper (74),16082
2022,Imports,SWEDEN,Copper (74),14257
2022,Imports,"SOUTH AFRICA, REP. OF","Salt, stone & earths (25)",14200
2022,Imports,UNITED KINGDOM,Gold (7108),13742
2022,Imports,AUSTRIA,"Salt, stone & earths (25)",13513
2022,Imports,SPAIN,Nickel (75),11834
2022,Imports,FINLAND,Mineral fuels (27),10983
2022,Imports,NEW ZEALAND,Metal ores & concentrates (26),10920
2022,Imports,BELGIUM,Metal ores & concentrates (26),10684
2022,Imports,DENMARK,Nickel (75),10071
2022,Imports,SWITZERLAND,"Salt, stone & earths (25)",8582
2022,Imports,DENMARK,Gold (7108),7392
2022,Imports,BRAZIL,"Salt, stone & earths (25)",7367
2022,Imports,MALAYSIA,Gold (7108),7319
2022,Imports,"SOUTH AFRICA, REP. OF",Copper (74),7096
2022,Imports,MEXICO,"Lead, zinc & tin (78-80)",6649
2022,Imports,SLOVENIA,Copper (74),6336
2022,Imports,HONG KONG,Metal ores & concentrates (26),6252
2022,Imports,GERMANY,Gold (7108),6216
2022,Imports,LUXEMBOURG,Copper (74),6205
2022,Imports,SLOVAKIA,Mineral fuels (27),5339
2022,Imports,CANADA,Gold (7108),4753
2022,Imports,DENMARK,Copper (74),4646
2022,Imports,FRANCE,"Lead, zinc & tin (78-80)",4496
2022,Imports,MACAU,Mineral fuels (27),4397
2022,Imports,RUSSIA,Copper (74),4304
2022,Imports,ANGOLA,Copper (74),4115
2022,Imports,NORWAY,"Lead, zinc & tin (78-80)",3737
2022,Imports,ROMANIA,Nickel (75),3654
2022,Imports,SWEDEN,"Lead, zinc & tin (78-80)",3182
2022,Imports,HONG KONG,Nickel (75),2946
2022,Imports,NIGER,Mineral fuels (27),2945
2022,Imports,FINLAND,"Lead, zinc & tin (78-80)",2850
2022,Imports,PERU,Copper (74),2268
2022,Imports,MYANMAR,Copper (74),2174
2022,Imports,IRELAND,Copper (74),2082
2022,Imports,AUSTRIA,Mineral fuels (27),2075
2022,Imports,MYANMAR,Mineral fuels (27),2062
2022,Imports,SINGAPORE,Metal ores & concentrates (26),1825
2022,Imports,DENMARK,"Salt, stone & earths (25)",1250
2022,Imports,SWITZERLAND,"Lead, zinc & tin (78-80)",1188
2022,Imports,PORTUGAL,Copper (74),1105
2022,Imports,THAILAND,Gold (7108),1031
2022,Imports,SLOVAKIA,"Lead, zinc & tin (78-80)",968
2022,Imports,LITHUANIA,Copper (74),955
2022,Imports,BRAZIL,Copper (74),922
2022,Imports,SPAIN,"Lead, zinc & tin (78-80)",812
2022,Imports,ISRAEL,Copper (74),773
2022,Imports,ALBANIA,Nickel (75),754
2022,Imports,ITALY,Nickel (75),655
2022,Imports,ISRAEL,"Lead, zinc & tin (78-80)",563
2022,Imports,HONG KONG,"Salt, stone & earths (25)",498
2022,Imports,CAMBODIA,"Lead, zinc & tin (78-80)",431
2022,Imports,ST. HELENA,Copper (74),425
2022,Imports,LUXEMBOURG,"Lead, zinc & tin (78-80)",408
2022,Imports,SRI LANKA (CEYLON),Copper (74),365
2022,Imports,CZECH REPUBLIC,"Lead, zinc & tin (78-80)",336
2022,Imports,BRAZIL,Nickel (75),333
2022,Imports,DENMARK,"Lead, zinc & tin (78-80)",249
2022,Imports,AUSTRALIA,Nickel (75),220
2022,Imports,PORTUGAL,Mineral fuels (27),217
2022,Imports,PORTUGAL,Nickel (75),213
2022,Imports,"PAKISTAN, ISLAMIC REP. OF",Copper (74),191
2022,Imports,BOSNIA AND HERZEGOVINA,Copper (74),188
2022,Imports,CROATIA,Copper (74),180
2022,Imports,MACAU,Copper (74),94
2022,Imports,VIETNAM,Nickel (75),76
2022,Imports,NEPAL,Copper (74),62
2022,Imports,AUSTRIA,"Lead, zinc & tin (78-80)",54
2022,Imports,BAHRAIN,"Salt, stone & earths (25)",39
2023,Exports,CHINA,Metal ores & concentrates (26),1512656872
2023,Exports,CHINA,Copper (74),1073255244
2023,Exports,THAILAND,Copper (74),521643583
2023,Exports,HONG KONG,Gold (7108),495754947
2023,Exports,JAPAN,Nickel (75),489213917
2023,Exports,SWITZERLAND,Gold (7108),486958954
2023,Exports,JAPAN,Metal ores & concentrates (26),447258689
2023,Exports,CHINA,Mineral fuels (27),390266021
2023,Exports,"KOREA, REP. (SOUTH)",Mineral fuels (27),201931175
2023,Exports,VIETNAM,Copper (74),164252085
2023,Exports,TAIWAN,Copper (74),156697601
2023,Exports,"KOREA, REP. (SOUTH)",Copper (74),155926340
2023,Exports,INDIA,Copper (74),133818316
2023,Exports,INDIA,Gold (7108),128410816
2023,Exports,INDONESIA,Copper (74),126689830
2023,Exports,SINGAPORE,Metal ores & concentrates (26),114935823
2023,Exports,THAILAND,Mineral fuels (27),109708970
2023,Exports,INDIA,Metal ores & concentrates (26),73783748
2023,Exports,"KOREA, REP. (SOUTH)",Metal ores & concentrates (26),69880485
2023,Exports,AUSTRALIA,Gold (7108),68896522
2023,Exports,MALAYSIA,Copper (74),67414904
2023,Exports,INDIA,"Lead, zinc & tin (78-80)",62576061
2023,Exports,JAPAN,Copper (74),51985825
2023,Exports,AUSTRALIA,Copper (74),51697807
2023,Exports,BRUNEI DARUSSALAM,Mineral fuels (27),46833000
2023,Exports,SINGAPORE,Mineral fuels (27),33700815
2023,Exports,JAPAN,Mineral fuels (27),16233047
2023,Exports,TAIWAN,Gold (7108),12635521
2023,Exports,INDIA,Mineral fuels (27),10339364
2023,Exports,MALAYSIA,"Lead, zinc & tin (78-80)",9113540
2023,Exports,BELGIUM,Nickel (75),7873030
2023,Exports,THAILAND,"Lead, zinc & tin (78-80)",7272247
2023,Exports,TAIWAN,Mineral fuels (27),6901043
2023,Exports,VIETNAM,Mineral fuels (27),6890596
2023,Exports,CHINA,Gold (7108),6588345
2023,Exports,JAPAN,"Lead, zinc & tin (78-80)",6192155
2023,Exports,MALAYSIA,Mineral fuels (27),6175673
2023,Exports,INDONESIA,Metal ores & concentrates (26),5247812
2023,Exports,TAIWAN,"Salt, stone & earths (25)",5200074
2023,Exports,NEW CALEDONIA,"Salt, stone & earths (25)",4890044
2023,Exports,HONG KONG,Metal ores & concentrates (26),4643535
2023,Exports,CHINA,"Salt, stone & earths (25)",4310211
2023,Exports,HONG KONG,Copper (74),4277466
2023,Exports,JAPAN,Gold (7108),3192266
2023,Exports,SINGAPORE,"Salt, stone & earths (25)",3013509
2023,Exports,CHINA,"Lead, zinc & tin (78-80)",2143054
2023,Exports,MALAYSIA,Gold (7108),2080133
2023,Exports,JAPAN,"Salt, stone & earths (25)",1863237
2023,Exports,SINGAPORE,Copper (74),1847442
2023,Exports,"KOREA, REP. (SOUTH)","Lead, zinc & tin (78-80)",1814816
2023,Exports,INDONESIA,"Salt, stone & earths (25)",1674770
2023,Exports,INDONESIA,Mineral fuels (27),1596000
2023,Exports,SINGAPORE,"Lead, zinc & tin (78-80)",1513134
2023,Exports,VIETNAM,Metal ores & concentrates (26),1473362
2023,Exports,"PALAU, REP. OF","Salt, stone & earths (25)",1471095
2023,Exports,ITALY,Gold (7108),1153797
2023,Exports,GERMANY,Copper (74),943759
2023,Exports,TAIWAN,"Lead, zinc & tin (78-80)",929811
2023,Exports,CAMBODIA,"Lead, zinc & tin (78-80)",563780
2023,Exports,UNITED STATES,Copper (74),485764
2023,Exports,"MICRONESIA, FEDERATED STATES OF","Salt, stone & earths (25)",448944
2023,Exports,MALAYSIA,Metal ores & concentrates (26),430131
2023,Exports,UNITED STATES,"Salt, stone & earths (25)",395815
2023,Exports,"KOREA, REP. (SOUTH)",Nickel (75),342446
2023,Exports,"KOREA, REP. (SOUTH)","Salt, stone & earths (25)",326961
2023,Exports,TURKEY,Copper (74),312268
2023,Exports,TURKEY,"Lead, zinc & tin (78-80)",282580
2023,Exports,MALAYSIA,Nickel (75),282543
2023,Exports,UNITED STATES,Metal ores & concentrates (26),255299
2023,Exports,VIETNAM,"Salt, stone & earths (25)",229752
2023,Exports,BELGIUM,Metal ores & concentrates (26),200000
2023,Exports,GERMANY,"Lead, zinc & tin (78-80)",187690
2023,Exports,MALAYSIA,"Salt, stone & earths (25)",108672
2023,Exports,UNITED KINGDOM,"Lead, zinc & tin (78-80)",105718
2023,Exports,MEXICO,Copper (74),95051
2023,Exports,INDONESIA,"Lead, zinc & tin (78-80)",89178
2023,Exports,CAMBODIA,Copper (74),80085
2023,Exports,NETHERLANDS,Copper (74),77330
2023,Exports,INDIA,"Salt, stone & earths (25)",77148
2023,Exports,SINGAPORE,Nickel (75),74761
2023,Exports,HUNGARY,"Lead, zinc & tin (78-80)",74200
2023,Exports,VIETNAM,"Lead, zinc & tin (78-80)",68124
2023,Exports,THAILAND,Gold (7108),60802
2023,Exports,"KOREA, REP. (SOUTH)",Gold (7108),58561
2023,Exports,AUSTRALIA,Mineral fuels (27),39564
2023,Exports,PAPUA NEW GUINEA,"Salt, stone & earths (25)",38000
2023,Exports,UNITED STATES,Mineral fuels (27),37456
2023,Exports,THAILAND,"Salt, stone & earths (25)",36413
2023,Exports,BRAZIL,Nickel (75),34175
2023,Exports,CAMBODIA,Mineral fuels (27),30673
2023,Exports,BRAZIL,"Salt, stone & earths (25)",25772
2023,Exports,SINGAPORE,Gold (7108),24493
2023,Exports,PAPUA NEW GUINEA,"Lead, zinc & tin (78-80)",24000
2023,Exports,"PALAU, REP. OF",Copper (74),17585
2023,Exports,TAIWAN,Metal ores & concentrates (26),16000
2023,Exports,INDONESIA,Gold (7108),15220
2023,Exports,NETHERLANDS,"Lead, zinc & tin (78-80)",13602
2023,Exports,THAILAND,Nickel (75),13104
2023,Exports,TURKEY,Metal ores & concentrates (26),10000
2023,Exports,UNITED ARAB EMIRATES,Metal ores & concentrates (26),8750
2023,Exports,GERMANY,"Salt, stone & earths (25)",8146
2023,Exports,FRANCE,Copper (74),7510
2023,Exports,HONG KONG,"Salt, stone & earths (25)",6102
2023,Exports,"PAKISTAN, ISLAMIC REP. OF","Lead, zinc & tin (78-80)",6000
2023,Exports,PAPUA NEW GUINEA,Copper (74),5698
2023,Exports,BELGIUM,"Salt, stone & earths (25)",5467
2023,Exports,"MICRONESIA, FEDERATED STATES OF",Copper (74),4370
2023,Exports,FRANCE,"Lead, zinc & tin (78-80)",4109
2023,Exports,"MARSHALL ISLANDS, REP. OF",Copper (74),4000
2023,Exports,UNITED KINGDOM,Copper (74),3911
2023,Exports,SAUDI ARABIA,Copper (74),3526
2023,Exports,UNITED KINGDOM,Nickel (75),3353
2023,Exports,UNITED ARAB EMIRATES,Mineral fuels (27),2526
2023,Exports,UNITED STATES,"Lead, zinc & tin (78-80)",2379
2023,Exports,BELGIUM,"Lead, zinc & tin (78-80)",2000
2023,Exports,CANADA,"Salt, stone & earths (25)",1978
2023,Exports,"MICRONESIA, FEDERATED STATES OF",Mineral fuels (27),1944
2023,Exports,ITALY,Copper (74),1522
2023,Exports,AUSTRALIA,"Salt, stone & earths (25)",1229
2023,Exports,UNITED STATES,Nickel (75),1222
2023,Exports,RUSSIA,Mineral fuels (27),1171
2023,Exports,SWITZERLAND,Copper (74),960
2023,Exports,RUSSIA,"Salt, stone & earths (25)",866
2023,Exports,FINLAND,Copper (74),757
2023,Exports,"SOUTH AFRICA, REP. OF",Metal ores & concentrates (26),750
2023,Exports,UNITED ARAB EMIRATES,Copper (74),554
2023,Exports,AUSTRIA,Copper (74),526
2023,Exports,SPAIN,Copper (74),403
2023,Exports,BRUNEI DARUSSALAM,Copper (74),261
2023,Exports,OMAN,Copper (74),249
2023,Exports,GREECE,Copper (74),245
2023,Exports,ITALY,Nickel (75),222
2023,Exports,SYRIAN ARAB REPUBLIC,Copper (74),200
2023,Exports,SAUDI ARABIA,"Salt, stone & earths (25)",116
2023,Exports,GUATEMALA,Copper (74),100
2023,Exports,MAURITIUS,"Salt, stone & earths (25)",79
2023,Exports,"PALAU, REP. OF","Lead, zinc & tin (78-80)",41
2023,Exports,PAPUA NEW GUINEA,Mineral fuels (27),35
2023,Exports,MOROCCO,Copper (74),34
2023,Imports,INDONESIA,Mineral fuels (27),4044616324
2023,Imports,CHINA,Mineral fuels (27),3495315367
2023,Imports,"KOREA, REP. (SOUTH)",Mineral fuels (27),3177061782
2023,Imports,SAUDI ARABIA,Mineral fuels (27),2265157308
2023,Imports,AUSTRALIA,Metal ores & concentrates (26),1884520927
2023,Imports,SINGAPORE,Mineral fuels (27),1831459081
2023,Imports,MALAYSIA,Mineral fuels (27),1626479246
2023,Imports,UNITED ARAB EMIRATES,Mineral fuels (27),1439205469
2023,Imports,INDONESIA,Metal ores & concentrates (26),679974683
2023,Imports,BRAZIL,Metal ores & concentrates (26),648662976
2023,Imports,VIETNAM,"Salt, stone & earths (25)",471811979
2023,Imports,JAPAN,Mineral fuels (27),424848118
2023,Imports,THAILAND,Mineral fuels (27),399365141
2023,Imports,KUWAIT,Mineral fuels (27),385506653
2023,Imports,IRAQ,Mineral fuels (27),385405167
2023,Imports,TAIWAN,Mineral fuels (27),331621472
2023,Imports,QATAR,Mineral fuels (27),322125749
2023,Imports,BRUNEI DARUSSALAM,Mineral fuels (27),234906190
2023,Imports,JAPAN,Copper (74),199120796
2023,Imports,THAILAND,Copper (74),196132483
2023,Imports,UNITED STATES,Mineral fuels (27),186399421
2023,Imports,CANADA,Metal ores & concentrates (26),179743551
2023,Imports,"KOREA, REP. (SOUTH)",Copper (74),168214580
2023,Imports,CHINA,Copper (74),161419256
2023,Imports,INDIA,Mineral fuels (27),155566843
2023,Imports,PAPUA NEW GUINEA,Metal ores & concentrates (26),145337595
2023,Imports,MEXICO,Metal ores & concentrates (26),120989642
2023,Imports,OMAN,Mineral fuels (27),114250495
2023,Imports,VIETNAM,Mineral fuels (27),88092727
2023,Imports,AUSTRALIA,Mineral fuels (27),84280390
2023,Imports,TAIWAN,Copper (74),80472668
2023,Imports,EGYPT ARAB REPUBLIC,Mineral fuels (27),75818860
2023,Imports,AUSTRALIA,"Lead, zinc & tin (78-80)",73658735
2023,Imports,PERU,Metal ores & concentrates (26),68624478
2023,Imports,ALGERIA,Mineral fuels (27),64959475
2023,Imports,SERBIA,Metal ores & concentrates (26),63802919
2023,Imports,CHILE,Metal ores & concentrates (26),59678649
2023,Imports,MYANMAR,Metal ores & concentrates (26),55303222
2023,Imports,MALAYSIA,"Lead, zinc & tin (78-80)",49562973
2023,Imports,MALAYSIA,Copper (74),46389077
2023,Imports,AUSTRALIA,"Salt, stone & earths (25)",45274768
2023,Imports,CHINA,"Salt, stone & earths (25)",43746980
2023,Imports,VIETNAM,Copper (74),42753921
2023,Imports,NIGERIA,Mineral fuels (27),39252929
2023,Imports,INDONESIA,"Salt, stone & earths (25)",37660050
2023,Imports,SINGAPORE,Gold (7108),36164081
2023,Imports,JAPAN,"Salt, stone & earths (25)",35077381
2023,Imports,RUSSIA,Mineral fuels (27),33213958
2023,Imports,INDIA,Metal ores & concentrates (26),31410248
2023,Imports,"KOREA, REP. (SOUTH)","Salt, stone & earths (25)",30483505
2023,Imports,UNITED ARAB EMIRATES,Copper (74),25760153
2023,Imports,INDONESIA,Copper (74),24765001
2023,Imports,ERITREA,Metal ores & concentrates (26),23842117
2023,Imports,JAPAN,"Lead, zinc & tin (78-80)",20744333
2023,Imports,MALAYSIA,"Salt, stone & earths (25)",17512165
2023,Imports,"KOREA, REP. (SOUTH)","Lead, zinc & tin (78-80)",16867417
2023,Imports,ALGERIA,"Salt, stone & earths (25)",12748606
2023,Imports,CHINA,Metal ores & concentrates (26),11662249
2023,Imports,TOGO,"Salt, stone & earths (25)",11421900
2023,Imports,ANGOLA,Mineral fuels (27),11352957
2023,Imports,JAPAN,Nickel (75),11170841
2023,Imports,SWITZERLAND,Mineral fuels (27),11012743
2023,Imports,THAILAND,"Salt, stone & earths (25)",10212440
2023,Imports,"KOREA, REP. (SOUTH)",Nickel (75),9959992
2023,Imports,MOROCCO,"Salt, stone & earths (25)",9252372
2023,Imports,EGYPT ARAB REPUBLIC,"Salt, stone & earths (25)",8649370
2023,Imports,VIETNAM,Metal ores & concentrates (26),7524274
2023,Imports,JAPAN,Gold (7108),6961033
2023,Imports,GERMANY,Copper (74),6816241
2023,Imports,SINGAPORE,Copper (74),6230268
2023,Imports,UNITED STATES,"Salt, stone & earths (25)",6061449
2023,Imports,"NAURU, REP. OF","Salt, stone & earths (25)",5744745
2023,Imports,OMAN,"Salt, stone & earths (25)",5640066
2023,Imports,JAPAN,Metal ores & concentrates (26),5526037
2023,Imports,"KOREA, REP. (SOUTH)",Gold (7108),5402728
2023,Imports,CHINA,"Lead, zinc & tin (78-80)",4674651
2023,Imports,COLOMBIA,Metal ores & concentrates (26),4296845
2023,Imports,SINGAPORE,"Lead, zinc & tin (78-80)",3709240
2023,Imports,TAIWAN,"Lead, zinc & tin (78-80)",3681818
2023,Imports,UNITED ARAB EMIRATES,"Lead, zinc & tin (78-80)",3596763
2023,Imports,CHINA,Nickel (75),3462088
2023,Imports,UNITED STATES,Metal ores & concentrates (26),3298139
2023,Imports,PERU,Mineral fuels (27),3013710
2023,Imports,INDONESIA,"Lead, zinc & tin (78-80)",2985428
2023,Imports,UNITED ARAB EMIRATES,"Salt, stone & earths (25)",2925081
2023,Imports,BELGIUM,Nickel (75),2654030
2023,Imports,INDIA,Copper (74),2600032
2023,Imports,HONG KONG,"Lead, zinc & tin (78-80)",2569010
2023,Imports,FINLAND,Nickel (75),2445110
2023,Imports,SWITZERLAND,Copper (74),2436390
2023,Imports,UNITED STATES,Copper (74),2435115
2023,Imports,INDIA,"Salt, stone & earths (25)",2202519
2023,Imports,PERU,"Lead, zinc & tin (78-80)",1912459
2023,Imports,GERMANY,Mineral fuels (27),1795702
2023,Imports,GERMANY,Metal ores & concentrates (26),1587634
2023,Imports,UNITED STATES,Nickel (75),1583020
2023,Imports,HONG KONG,Copper (74),1538190
2023,Imports,CZECH REPUBLIC,Copper (74),1506600
2023,Imports,INDIA,Nickel (75),1444465
2023,Imports,RUSSIA,"Salt, stone & earths (25)",1375107
2023,Imports,GERMANY,"Lead, zinc & tin (78-80)",1294601
2023,Imports,AUSTRIA,Nickel (75),1186543
2023,Imports,FRANCE,Mineral fuels (27),1162812
2023,Imports,TAIWAN,Metal ores & concentrates (26),1138768
2023,Imports,"SOUTH AFRICA, REP. OF",Mineral fuels (27),1130781
2023,Imports,TAIWAN,"Salt, stone & earths (25)",1123203
2023,Imports,NEW ZEALAND,Copper (74),1107671
2023,Imports,ITALY,Copper (74),1016367
2023,Imports,SPAIN,Copper (74),988556
2023,Imports,FRANCE,Copper (74),975184
2023,Imports,NEW ZEALAND,"Salt, stone & earths (25)",883486
2023,Imports,HONG KONG,Mineral fuels (27),877193
2023,Imports,BELGIUM,Mineral fuels (27),865792
2023,Imports,POLAND,Mineral fuels (27),830116
2023,Imports,THAILAND,Nickel (75),829904
2023,Imports,TURKEY,Copper (74),822684
2023,Imports,NETHERLANDS,Mineral fuels (27),721444
2023,Imports,UNITED KINGDOM,Mineral fuels (27),717806
2023,Imports,AUSTRALIA,Nickel (75),665068
2023,Imports,UNITED KINGDOM,"Salt, stone & earths (25)",640821
2023,Imports,SWITZERLAND,Nickel (75),631930
2023,Imports,CANADA,"Lead, zinc & tin (78-80)",620203
2023,Imports,NETHERLANDS,Nickel (75),616818
2023,Imports,CHINA,Gold (7108),564999
2023,Imports,BAHRAIN,Mineral fuels (27),554299
2023,Imports,CANADA,Mineral fuels (27),541198
2023,Imports,UKRAINE (UKRAINIAN S.S.R.),Metal ores & concentrates (26),528541
2023,Imports,UNITED KINGDOM,Nickel (75),522987
2023,Imports,BRAZIL,Copper (74),507260
2023,Imports,PORTUGAL,Copper (74),465192
2023,Imports,INDIA,"Lead, zinc & tin (78-80)",462329
2023,Imports,AUSTRALIA,Gold (7108),454157
2023,Imports,THAILAND,"Lead, zinc & tin (78-80)",439100
2023,Imports,GERMANY,Nickel (75),432723
2023,Imports,ARGENTINA,"Salt, stone & earths (25)",394623
2023,Imports,FRANCE,Nickel (75),383423
2023,Imports,UNITED STATES,"Lead, zinc & tin (78-80)",374379
2023,Imports,TURKEY,Mineral fuels (27),373239
2023,Imports,ITALY,Mineral fuels (27),369246
2023,Imports,BANGLADESH,Copper (74),351783
2023,Imports,NETHERLANDS,Copper (74),343643
2023,Imports,TAIWAN,Nickel (75),300499
2023,Imports,TURKEY,"Salt, stone & earths (25)",276186
2023,Imports,UNITED KINGDOM,Copper (74),271635
2023,Imports,SPAIN,"Salt, stone & earths (25)",246326
2023,Imports,HONG KONG,Nickel (75),242272
2023,Imports,CANADA,Nickel (75),236044
2023,Imports,GERMANY,"Salt, stone & earths (25)",231358
2023,Imports,"SOUTH AFRICA, REP. OF","Salt, stone & earths (25)",226916
2023,Imports,HONG KONG,Gold (7108),223989
2023,Imports,VIETNAM,"Lead, zinc & tin (78-80)",221001
2023,Imports,ARGENTINA,Mineral fuels (27),209108
2023,Imports,FRANCE,"Salt, stone & earths (25)",205645
2023,Imports,"SOUTH AFRICA, REP. OF",Metal ores & concentrates (26),189277
2023,Imports,SINGAPORE,Nickel (75),168339
2023,Imports,"PAKISTAN, ISLAMIC REP. OF","Salt, stone & earths (25)",164693
2023,Imports,UNITED KINGDOM,"Lead, zinc & tin (78-80)",155688
2023,Imports,NORWAY,Nickel (75),149170
2023,Imports,BELGIUM,Copper (74),149062
2023,Imports,BULGARIA,"Lead, zinc & tin (78-80)",147815
2023,Imports,AUSTRALIA,Copper (74),146105
2023,Imports,UNITED STATES,Gold (7108),132611
2023,Imports,GREECE,"Salt, stone & earths (25)",131875
2023,Imports,SIERRA LEONE,Metal ores & concentrates (26),128370
2023,Imports,GEORGIA,"Salt, stone & earths (25)",122788
2023,Imports,SWEDEN,Mineral fuels (27),117546
2023,Imports,SPAIN,Mineral fuels (27),109641
2023,Imports,NETHERLANDS,"Lead, zinc & tin (78-80)",107827
2023,Imports,LIECHTENSTEIN,Mineral fuels (27),101815
2023,Imports,ITALY,Nickel (75),80967
2023,Imports,NETHERLANDS,"Salt, stone & earths (25)",76353
2023,Imports,CANADA,"Salt, stone & earths (25)",69445
2023,Imports,PAPUA NEW GUINEA,Copper (74),67322
2023,Imports,DENMARK,Mineral fuels (27),64697
2023,Imports,SPAIN,"Lead, zinc & tin (78-80)",63585
2023,Imports,EGYPT ARAB REPUBLIC,Copper (74),63352
2023,Imports,ISRAEL,"Salt, stone & earths (25)",54658
2023,Imports,CROATIA,"Salt, stone & earths (25)",54433
2023,Imports,LUXEMBOURG,Copper (74),53026
2023,Imports,ITALY,"Salt, stone & earths (25)",43902
2023,Imports,HONG KONG,"Salt, stone & earths (25)",39443
2023,Imports,FINLAND,"Salt, stone & earths (25)",33178
2023,Imports,AUSTRIA,Copper (74),32230
2023,Imports,ISRAEL,Mineral fuels (27),30359
2023,Imports,POLAND,"Lead, zinc & tin (78-80)",27052
2023,Imports,ITALY,Gold (7108),26217
2023,Imports,SWEDEN,Copper (74),25634
2023,Imports,MEXICO,Copper (74),25606
2023,Imports,ANDORRA,Mineral fuels (27),24389
2023,Imports,NORWAY,"Salt, stone & earths (25)",22948
2023,Imports,SINGAPORE,"Salt, stone & earths (25)",22706
2023,Imports,BELGIUM,"Salt, stone & earths (25)",20374
2023,Imports,SWITZERLAND,"Salt, stone & earths (25)",20224
2023,Imports,MALAYSIA,Nickel (75),17765
2023,Imports,NORWAY,Copper (74),17224
2023,Imports,TURKEY,Nickel (75),15427
2023,Imports,THAILAND,Metal ores & concentrates (26),15270
2023,Imports,MEXICO,Mineral fuels (27),14933
2023,Imports,AUSTRIA,Mineral fuels (27),13914
2023,Imports,FINLAND,Copper (74),12154
2023,Imports,BELGIUM,Metal ores & concentrates (26),12134
2023,Imports,POLAND,Copper (74),11374
2023,Imports,FINLAND,Mineral fuels (27),11141
2023,Imports,NEW ZEALAND,Metal ores & concentrates (26),10920
2023,Imports,CANADA,Copper (74),9867
2023,Imports,ISRAEL,Copper (74),9804
2023,Imports,SWITZERLAND,"Lead, zinc & tin (78-80)",9507
2023,Imports,MEXICO,"Salt, stone & earths (25)",9234
2023,Imports,MEXICO,"Lead, zinc & tin (78-80)",9110
2023,Imports,URUGUAY,Mineral fuels (27),8887
2023,Imports,VIETNAM,Nickel (75),8790
2023,Imports,ITALY,"Lead, zinc & tin (78-80)",8340
2023,Imports,UKRAINE (UKRAINIAN S.S.R.),Mineral fuels (27),7990
2023,Imports,FRANCE,"Lead, zinc & tin (78-80)",7801
2023,Imports,BELGIUM,"Lead, zinc & tin (78-80)",7788
2023,Imports,CZECH REPUBLIC,Nickel (75),7601
2023,Imports,MYANMAR,Copper (74),6771
2023,Imports,GUATEMALA,Copper (74),6507
2023,Imports,RUSSIA,Copper (74),5886
2023,Imports,SWEDEN,Nickel (75),4489
2023,Imports,AUSTRIA,"Salt, stone & earths (25)",4389
2023,Imports,"SOUTH AFRICA, REP. OF",Copper (74),3902
2023,Imports,GREECE,Mineral fuels (27),3399
2023,Imports,LUXEMBOURG,"Lead, zinc & tin (78-80)",3195
2023,Imports,GERMANY,Gold (7108),3177
2023,Imports,JORDAN,Copper (74),2972
2023,Imports,UNITED ARAB EMIRATES,Nickel (75),2736
2023,Imports,LUXEMBOURG,Mineral fuels (27),2717
2023,Imports,DENMARK,"Lead, zinc & tin (78-80)",2495
2023,Imports,INDONESIA,Nickel (75),2016
2023,Imports,QATAR,Copper (74),1959
2023,Imports,DENMARK,Copper (74),1911
2023,Imports,SWEDEN,"Lead, zinc & tin (78-80)",1847
2023,Imports,SLOVENIA,Copper (74),1728
2023,Imports,DENMARK,Gold (7108),1698
2023,Imports,ROMANIA,Copper (74),1486
2023,Imports,INDIA,Gold (7108),1442
2023,Imports,PERU,Copper (74),1297
2023,Imports,NORWAY,"Lead, zinc & tin (78-80)",832
2023,Imports,SLOVAKIA,Copper (74),803
2023,Imports,FINLAND,"Lead, zinc & tin (78-80)",622
2023,Imports,FRANCE,Metal ores & concentrates (26),604
2023,Imports,UGANDA,Mineral fuels (27),583
2023,Imports,HUNGARY,Copper (74),537
2023,Imports,"JAMAICA (EXCLUDES CAYMAN IS.,TURKS,CAICOS)","Lead, zinc & tin (78-80)",525
2023,Imports,CZECH REPUBLIC,"Lead, zinc & tin (78-80)",510
2023,Imports,SLOVAKIA,Mineral fuels (27),504
2023,Imports,CROATIA,Copper (74),477
2023,Imports,NEPAL,Copper (74),461
2023,Imports,ROMANIA,"Lead, zinc & tin (78-80)",456
2023,Imports,IRELAND,Mineral fuels (27),412
2023,Imports,CZECH REPUBLIC,Mineral fuels (27),404
2023,Imports,SPAIN,Nickel (75),397
2023,Imports,BULGARIA,Copper (74),392
2023,Imports,MALAYSIA,Gold (7108),384
2023,Imports,IRELAND,Copper (74),366
2023,Imports,GREECE,Copper (74),305
2023,Imports,MALAYSIA,Metal ores & concentrates (26),271
2023,Imports,"PAKISTAN, ISLAMIC REP. OF",Copper (74),211
2023,Imports,LIECHTENSTEIN,"Salt, stone & earths (25)",113
2023,Imports,"SOUTH AFRICA, REP. OF",Nickel (75),79
2023,Imports,TUNISIA,"Lead, zinc & tin (78-80)",74
2023,Imports,UKRAINE (UKRAINIAN S.S.R.),Copper (74),60
2023,Imports,ANDORRA,Copper (74),56
2023,Imports,CZECH REPUBLIC,"Salt, stone & earths (25)",49
2023,Imports,"EQUATORIAL GUINEA, REP. OF",Copper (74),32
2023,Imports,CYPRUS,Mineral fuels (27),27
2024,Exports,CHINA,Metal ores & concentrates (26),1879591476
2024,Exports,HONG KONG,Gold (7108),601856343
2024,Exports,CHINA,Copper (74),569903839
2024,Exports,SWITZERLAND,Gold (7108),549293390
2024,Exports,JAPAN,Metal ores & concentrates (26),480469918
2024,Exports,CHINA,Mineral fuels (27),463366124
2024,Exports,THAILAND,Copper (74),428066586
2024,Exports,JAPAN,Nickel (75),378624999
2024,Exports,INDONESIA,Metal ores & concentrates (26),229104385
2024,Exports,VIETNAM,Copper (74),200414214
2024,Exports,"KOREA, REP. (SOUTH)",Copper (74),152333238
2024,Exports,INDIA,Gold (7108),149975250
2024,Exports,TAIWAN,Copper (74),144538661
2024,Exports,INDONESIA,Copper (74),121338031
2024,Exports,"KOREA, REP. (SOUTH)",Mineral fuels (27),97470322
2024,Exports,"KOREA, REP. (SOUTH)",Metal ores & concentrates (26),85139908
2024,Exports,BRUNEI DARUSSALAM,Mineral fuels (27),77405504
2024,Exports,THAILAND,Mineral fuels (27),69813086
2024,Exports,JAPAN,Copper (74),66350570
2024,Exports,MALAYSIA,Copper (74),60677811
2024,Exports,INDIA,"Lead, zinc & tin (78-80)",52660377
2024,Exports,INDIA,Metal ores & concentrates (26),51823006
2024,Exports,AUSTRALIA,Gold (7108),42070956
2024,Exports,UNITED ARAB EMIRATES,Mineral fuels (27),39128455
2024,Exports,SINGAPORE,Mineral fuels (27),30890491
2024,Exports,QATAR,Mineral fuels (27),22057245
2024,Exports,JAPAN,"Lead, zinc & tin (78-80)",16594211
2024,Exports,MALAYSIA,Mineral fuels (27),15562553
2024,Exports,SAUDI ARABIA,Mineral fuels (27),15536051
2024,Exports,UNITED STATES,Mineral fuels (27),15187549
2024,Exports,TAIWAN,Mineral fuels (27),12825527
2024,Exports,CHINA,"Lead, zinc & tin (78-80)",12738105
2024,Exports,TURKEY,Mineral fuels (27),10374197
2024,Exports,JAPAN,Mineral fuels (27),9622073
2024,Exports,MALAYSIA,"Lead, zinc & tin (78-80)",9270765
2024,Exports,CHINA,"Salt, stone & earths (25)",7924182
2024,Exports,AUSTRALIA,Mineral fuels (27),6437664
2024,Exports,BAHRAIN,Mineral fuels (27),5537385
2024,Exports,KUWAIT,Mineral fuels (27),5389905
2024,Exports,OMAN,Mineral fuels (27),5283109
2024,Exports,VIETNAM,Mineral fuels (27),5009679
2024,Exports,TAIWAN,"Lead, zinc & tin (78-80)",4347341
2024,Exports,ITALY,Gold (7108),4078816
2024,Exports,VIETNAM,"Lead, zinc & tin (78-80)",3901518
2024,Exports,HONG KONG,Mineral fuels (27),3676434
2024,Exports,INDIA,Mineral fuels (27),3378986
2024,Exports,INDONESIA,Mineral fuels (27),3130352
2024,Exports,TAIWAN,"Salt, stone & earths (25)",3027981
2024,Exports,INDIA,Copper (74),2653544
2024,Exports,HONG KONG,Copper (74),2113406
2024,Exports,GERMANY,Copper (74),2093938
2024,Exports,JAPAN,"Salt, stone & earths (25)",1948456
2024,Exports,"PALAU, REP. OF","Salt, stone & earths (25)",1931083
2024,Exports,THAILAND,"Lead, zinc & tin (78-80)",1894935
2024,Exports,NEW CALEDONIA,"Salt, stone & earths (25)",1798949
2024,Exports,"KOREA, REP. (SOUTH)","Lead, zinc & tin (78-80)",1239310
2024,Exports,BELGIUM,Metal ores & concentrates (26),1118557
2024,Exports,INDONESIA,"Salt, stone & earths (25)",805273
2024,Exports,JAPAN,Gold (7108),707589
2024,Exports,UNITED STATES,"Salt, stone & earths (25)",687731
2024,Exports,TURKEY,Copper (74),681504
2024,Exports,SINGAPORE,"Lead, zinc & tin (78-80)",669153
2024,Exports,UNITED STATES,Copper (74),492983
2024,Exports,SINGAPORE,Copper (74),406800
2024,Exports,"MARSHALL ISLANDS, REP. OF","Salt, stone & earths (25)",397695
2024,Exports,"KOREA, REP. (SOUTH)","Salt, stone & earths (25)",371233
2024,Exports,"KOREA, REP. (SOUTH)",Nickel (75),370846
2024,Exports,UNITED STATES,Metal ores & concentrates (26),321335
2024,Exports,"PALAU, REP. OF",Mineral fuels (27),315486
2024,Exports,FRANCE,Mineral fuels (27),297136
2024,Exports,UNITED KINGDOM,Mineral fuels (27),293270
2024,Exports,VIETNAM,"Salt, stone & earths (25)",285371
2024,Exports,GERMANY,"Lead, zinc & tin (78-80)",273700
2024,Exports,CAMBODIA,"Lead, zinc & tin (78-80)",249100
2024,Exports,SINGAPORE,"Salt, stone & earths (25)",217927
2024,Exports,SINGAPORE,Nickel (75),208078
2024,Exports,MALAYSIA,Nickel (75),162718
2024,Exports,"MICRONESIA, FEDERATED STATES OF","Salt, stone & earths (25)",160877
2024,Exports,VIETNAM,Metal ores & concentrates (26),156441
2024,Exports,UNITED KINGDOM,Nickel (75),133893
2024,Exports,BANGLADESH,"Lead, zinc & tin (78-80)",132500
2024,Exports,UNITED STATES,"Lead, zinc & tin (78-80)",130552
2024,Exports,UNITED KINGDOM,"Lead, zinc & tin (78-80)",128778
2024,Exports,INDONESIA,"Lead, zinc & tin (78-80)",114062
2024,Exports,AUSTRALIA,"Salt, stone & earths (25)",107541
2024,Exports,CHINA,Nickel (75),100808
2024,Exports,CAMBODIA,Copper (74),96276
2024,Exports,MALAYSIA,Metal ores & concentrates (26),93720
2024,Exports,HONG KONG,Metal ores & concentrates (26),93600
2024,Exports,OMAN,Metal ores & concentrates (26),92000
2024,Exports,INDIA,"Salt, stone & earths (25)",79013
2024,Exports,CAMBODIA,Mineral fuels (27),78000
2024,Exports,FRANCE,Copper (74),74358
2024,Exports,UNITED STATES,Nickel (75),70021
2024,Exports,CANADA,Mineral fuels (27),64177
2024,Exports,MALAYSIA,"Salt, stone & earths (25)",64154
2024,Exports,THAILAND,"Salt, stone & earths (25)",61648
2024,Exports,HONG KONG,"Lead, zinc & tin (78-80)",60885
2024,Exports,"JAMAICA (EXCLUDES CAYMAN IS.,TURKS,CAICOS)",Nickel (75),51140
2024,Exports,PAPUA NEW GUINEA,"Salt, stone & earths (25)",49665
2024,Exports,BRAZIL,Nickel (75),49363
2024,Exports,UNITED KINGDOM,Copper (74),47968
2024,Exports,CANADA,"Salt, stone & earths (25)",44098
2024,Exports,NETHERLANDS,Copper (74),42125
2024,Exports,CANADA,"Lead, zinc & tin (78-80)",40064
2024,Exports,TAIWAN,Metal ores & concentrates (26),38134
2024,Exports,"MICRONESIA, FEDERATED STATES OF",Mineral fuels (27),36882
2024,Exports,PORTUGAL,"Lead, zinc & tin (78-80)",36433
2024,Exports,HUNGARY,Copper (74),36398
2024,Exports,MACAU,Mineral fuels (27),33790
2024,Exports,"KOREA, REP. (SOUTH)",Gold (7108),32040
2024,Exports,NEW CALEDONIA,Mineral fuels (27),31956
2024,Exports,MEXICO,Copper (74),31872
2024,Exports,"PAKISTAN, ISLAMIC REP. OF",Metal ores & concentrates (26),26286
2024,Exports,THAILAND,Metal ores & concentrates (26),25500
2024,Exports,PAPUA NEW GUINEA,Mineral fuels (27),21765
2024,Exports,AUSTRALIA,"Lead, zinc & tin (78-80)",20665
2024,Exports,TURKEY,Metal ores & concentrates (26),20000
2024,Exports,ITALY,"Salt, stone & earths (25)",19558
2024,Exports,"MALDIVES, REP. OF",Mineral fuels (27),16955
2024,Exports,MEXICO,"Lead, zinc & tin (78-80)",12078
2024,Exports,AUSTRALIA,Copper (74),11790
2024,Exports,TAIWAN,Nickel (75),9575
2024,Exports,PAPUA NEW GUINEA,"Lead, zinc & tin (78-80)",8705
2024,Exports,ITALY,Copper (74),8668
2024,Exports,SWITZERLAND,Copper (74),8488
2024,Exports,GERMANY,"Salt, stone & earths (25)",7973
2024,Exports,FRANCE,"Lead, zinc & tin (78-80)",7533
2024,Exports,"MARSHALL ISLANDS, REP. OF",Metal ores & concentrates (26),7158
2024,Exports,SAUDI ARABIA,Copper (74),6121
2024,Exports,HONG KONG,"Salt, stone & earths (25)",5639
2024,Exports,SRI LANKA (CEYLON),Mineral fuels (27),4137
2024,Exports,NETHERLANDS,"Lead, zinc & tin (78-80)",3678
2024,Exports,SPAIN,Copper (74),3132
2024,Exports,NEW ZEALAND,Copper (74),3085
2024,Exports,NEW ZEALAND,"Lead, zinc & tin (78-80)",2745
2024,Exports,SIERRA LEONE,"Lead, zinc & tin (78-80)",2004
2024,Exports,POLAND,"Salt, stone & earths (25)",1207
2024,Exports,PAPUA NEW GUINEA,Copper (74),990
2024,Exports,BAHRAIN,Copper (74),924
2024,Exports,AUSTRIA,Copper (74),781
2024,Exports,"SOUTH AFRICA, REP. OF",Copper (74),605
2024,Exports,UNITED ARAB EMIRATES,Copper (74),584
2024,Exports,QATAR,"Salt, stone & earths (25)",547
2024,Exports,BELGIUM,Mineral fuels (27),502
2024,Exports,GABON,"Lead, zinc & tin (78-80)",383
2024,Exports,MAURITIUS,"Salt, stone & earths (25)",277
2024,Exports,"MICRONESIA, FEDERATED STATES OF",Copper (74),213
2024,Exports,NORTHERN MARIANA ISLANDS,Copper (74),205
2024,Exports,BELGIUM,Nickel (75),198
2024,Exports,"PALAU, REP. OF",Copper (74),104
2024,Exports,"MALDIVES, REP. OF","Salt, stone & earths (25)",86
2024,Exports,DENMARK,"Salt, stone & earths (25)",56
2024,Exports,RUSSIA,Mineral fuels (27),52
2024,Exports,IRELAND,"Lead, zinc & tin (78-80)",30
2024,Exports,ITALY,"Lead, zinc & tin (78-80)",30
2024,Exports,SAUDI ARABIA,"Salt, stone & earths (25)",30
2024,Exports,SINGAPORE,Gold (7108),30
2024,Imports,"KOREA, REP. (SOUTH)",Mineral fuels (27),3784066074
2024,Imports,INDONESIA,Mineral fuels (27),3339597320
2024,Imports,CHINA,Mineral fuels (27),3233746761
2024,Imports,SAUDI ARABIA,Mineral fuels (27),1979596275
2024,Imports,MALAYSIA,Mineral fuels (27),1587701667
2024,Imports,UNITED ARAB EMIRATES,Mineral fuels (27),1354992875
2024,Imports,SINGAPORE,Mineral fuels (27),1054379433
2024,Imports,BRAZIL,Metal ores & concentrates (26),917549325
2024,Imports,AUSTRALIA,Metal ores & concentrates (26),873765626
2024,Imports,TAIWAN,Mineral fuels (27),567645106
2024,Imports,JAPAN,Mineral fuels (27),477401334
2024,Imports,IRAQ,Mineral fuels (27),474511932
2024,Imports,INDONESIA,Metal ores & concentrates (26),436438792
2024,Imports,VIETNAM,"Salt, stone & earths (25)",425455958
2024,Imports,INDIA,Mineral fuels (27),351799240
2024,Imports,AUSTRALIA,Mineral fuels (27),327118580
2024,Imports,QATAR,Mineral fuels (27),323147953
2024,Imports,THAILAND,Mineral fuels (27),292376432
2024,Imports,PERU,Metal ores & concentrates (26),286019464
2024,Imports,CHILE,Metal ores & concentrates (26),278198276
2024,Imports,BRUNEI DARUSSALAM,Mineral fuels (27),273829964
2024,Imports,NIGERIA,Mineral fuels (27),260119440
2024,Imports,CANADA,Metal ores & concentrates (26),239287625
2024,Imports,CHINA,Copper (74),219365629
2024,Imports,JAPAN,Copper (74),198785331
2024,Imports,THAILAND,Copper (74),186819656
2024,Imports,"KOREA, REP. (SOUTH)",Copper (74),186042441
2024,Imports,PAPUA NEW GUINEA,Metal ores & concentrates (26),172904342
2024,Imports,MEXICO,Metal ores & concentrates (26),154826039
2024,Imports,"EQUATORIAL GUINEA, REP. OF",Mineral fuels (27),125694922
2024,Imports,UNITED STATES,Mineral fuels (27),118000216
2024,Imports,KUWAIT,Mineral fuels (27),91336591
2024,Imports,AUSTRALIA,"Lead, zinc & tin (78-80)",79074478
2024,Imports,BAHRAIN,Mineral fuels (27),78326374
2024,Imports,TAIWAN,Copper (74),77722945
2024,Imports,VIETNAM,Mineral fuels (27),73015601
2024,Imports,MALAYSIA,Copper (74),67749004
2024,Imports,COLOMBIA,Mineral fuels (27),65460896
2024,Imports,MALAYSIA,"Lead, zinc & tin (78-80)",57087462
2024,Imports,CHINA,"Salt, stone & earths (25)",56124233
2024,Imports,SINGAPORE,Gold (7108),47029195
2024,Imports,JAPAN,"Salt, stone & earths (25)",45247642
2024,Imports,ROMANIA,Metal ores & concentrates (26),42948409
2024,Imports,AUSTRALIA,"Salt, stone & earths (25)",40279918
2024,Imports,INDONESIA,Copper (74),39745411
2024,Imports,INDIA,Metal ores & concentrates (26),35998766
2024,Imports,INDONESIA,"Salt, stone & earths (25)",32449865
2024,Imports,"KOREA, REP. (SOUTH)","Salt, stone & earths (25)",32150992
2024,Imports,CHINA,Metal ores & concentrates (26),31161174
2024,Imports,MOROCCO,"Salt, stone & earths (25)",25931095
2024,Imports,JAPAN,"Lead, zinc & tin (78-80)",23390219
2024,Imports,VIETNAM,Copper (74),21328892
2024,Imports,"KOREA, REP. (SOUTH)","Lead, zinc & tin (78-80)",20615364
2024,Imports,OMAN,Mineral fuels (27),19784758
2024,Imports,UNITED ARAB EMIRATES,Copper (74),18531328
2024,Imports,MALAYSIA,"Salt, stone & earths (25)",14920195
2024,Imports,JAPAN,Nickel (75),13840706
2024,Imports,THAILAND,"Salt, stone & earths (25)",12344120
2024,Imports,COLOMBIA,Metal ores & concentrates (26),9600631
2024,Imports,"KOREA, REP. (SOUTH)",Gold (7108),9459318
2024,Imports,BELGIUM,Nickel (75),9406988
2024,Imports,JORDAN,"Salt, stone & earths (25)",7756271
2024,Imports,TAIWAN,"Lead, zinc & tin (78-80)",6749579
2024,Imports,JAPAN,Metal ores & concentrates (26),6677166
2024,Imports,MEXICO,Mineral fuels (27),6513162
2024,Imports,CHINA,"Lead, zinc & tin (78-80)",6469064
2024,Imports,VIETNAM,"Lead, zinc & tin (78-80)",5817943
2024,Imports,SENEGAL,"Salt, stone & earths (25)",5543461
2024,Imports,"SOUTH AFRICA, REP. OF",Metal ores & concentrates (26),5456202
2024,Imports,UNITED STATES,"Salt, stone & earths (25)",5422072
2024,Imports,SINGAPORE,Copper (74),4802792
2024,Imports,INDONESIA,"Lead, zinc & tin (78-80)",4361818
2024,Imports,VIETNAM,Metal ores & concentrates (26),4316489
2024,Imports,"KOREA, REP. (SOUTH)",Nickel (75),4229975
2024,Imports,OMAN,"Salt, stone & earths (25)",3956247
2024,Imports,GERMANY,Copper (74),3791236
2024,Imports,JAPAN,Gold (7108),3642585
2024,Imports,UNITED ARAB EMIRATES,"Salt, stone & earths (25)",3480407
2024,Imports,CANADA,Mineral fuels (27),3406996
2024,Imports,GERMANY,Metal ores & concentrates (26),3379907
2024,Imports,INDIA,"Salt, stone & earths (25)",2839196
2024,Imports,UNITED STATES,Copper (74),2744853
2024,Imports,INDIA,Copper (74),2504282
2024,Imports,HONG KONG,Copper (74),2503595
2024,Imports,UNITED STATES,Nickel (75),2421112
2024,Imports,CHINA,Nickel (75),2247463
2024,Imports,GERMANY,Mineral fuels (27),1977298
2024,Imports,HONG KONG,"Lead, zinc & tin (78-80)",1949238
2024,Imports,UNITED ARAB EMIRATES,"Lead, zinc & tin (78-80)",1828407
2024,Imports,SPAIN,"Lead, zinc & tin (78-80)",1779718
2024,Imports,HONG KONG,Mineral fuels (27),1750627
2024,Imports,SINGAPORE,"Lead, zinc & tin (78-80)",1684704
2024,Imports,THAILAND,"Lead, zinc & tin (78-80)",1551012
2024,Imports,HONG KONG,"Salt, stone & earths (25)",1479623
2024,Imports,SPAIN,Copper (74),1286506
2024,Imports,THAILAND,Metal ores & concentrates (26),1246439
2024,Imports,TAIWAN,Metal ores & concentrates (26),1180151
2024,Imports,TAIWAN,Nickel (75),1149815
2024,Imports,FRANCE,Mineral fuels (27),1077060
2024,Imports,CZECH REPUBLIC,Copper (74),1045501
2024,Imports,GERMANY,Nickel (75),974535
2024,Imports,INDIA,Nickel (75),970585
2024,Imports,NETHERLANDS,Mineral fuels (27),922953
2024,Imports,"SOUTH AFRICA, REP. OF","Salt, stone & earths (25)",853384
2024,Imports,TAIWAN,"Salt, stone & earths (25)",826731
2024,Imports,GERMANY,"Lead, zinc & tin (78-80)",824193
2024,Imports,SWITZERLAND,Nickel (75),823759
2024,Imports,PERU,"Lead, zinc & tin (78-80)",814096
2024,Imports,NEW ZEALAND,Copper (74),812947
2024,Imports,NETHERLANDS,"Lead, zinc & tin (78-80)",738383
2024,Imports,TURKEY,Copper (74),729732
2024,Imports,SPAIN,"Salt, stone & earths (25)",727545
2024,Imports,BANGLADESH,Copper (74),723914
2024,Imports,UNITED KINGDOM,Nickel (75),693581
2024,Imports,UNITED STATES,Gold (7108),692136
2024,Imports,AUSTRALIA,Gold (7108),659954
2024,Imports,NETHERLANDS,Nickel (75),659473
2024,Imports,FRANCE,Copper (74),651552
2024,Imports,BELGIUM,Mineral fuels (27),601070
2024,Imports,"SOUTH AFRICA, REP. OF",Mineral fuels (27),587680
2024,Imports,CANADA,"Lead, zinc & tin (78-80)",580266
2024,Imports,NEW ZEALAND,"Salt, stone & earths (25)",574654
2024,Imports,ARGENTINA,"Salt, stone & earths (25)",568053
2024,Imports,SWITZERLAND,Copper (74),556081
2024,Imports,INDIA,"Lead, zinc & tin (78-80)",554334
2024,Imports,MALAYSIA,Nickel (75),547251
2024,Imports,UNITED KINGDOM,"Salt, stone & earths (25)",543596
2024,Imports,SINGAPORE,Nickel (75),535160
2024,Imports,RUSSIA,"Salt, stone & earths (25)",532795
2024,Imports,NETHERLANDS,Copper (74),516105
2024,Imports,TURKEY,"Salt, stone & earths (25)",506400
2024,Imports,UNITED STATES,Metal ores & concentrates (26),482830
2024,Imports,UNITED KINGDOM,Mineral fuels (27),459981
2024,Imports,CHINA,Gold (7108),452535
2024,Imports,AUSTRIA,Nickel (75),418100
2024,Imports,UNITED STATES,"Lead, zinc & tin (78-80)",413707
2024,Imports,UKRAINE (UKRAINIAN S.S.R.),Metal ores & concentrates (26),408680
2024,Imports,GERMANY,"Salt, stone & earths (25)",383512
2024,Imports,ITALY,Copper (74),376184
2024,Imports,BRAZIL,Copper (74),344000
2024,Imports,SAUDI ARABIA,"Salt, stone & earths (25)",309724
2024,Imports,FRANCE,Nickel (75),291805
2024,Imports,FRANCE,"Salt, stone & earths (25)",258516
2024,Imports,AUSTRALIA,Copper (74),206947
2024,Imports,GREECE,"Salt, stone & earths (25)",199026
2024,Imports,SPAIN,Mineral fuels (27),194321
2024,Imports,POLAND,Mineral fuels (27),180096
2024,Imports,GREECE,Mineral fuels (27),167107
2024,Imports,THAILAND,Nickel (75),157634
2024,Imports,UNITED KINGDOM,Copper (74),157557
2024,Imports,"PAKISTAN, ISLAMIC REP. OF","Salt, stone & earths (25)",155244
2024,Imports,NORWAY,Nickel (75),132349
2024,Imports,LIECHTENSTEIN,Mineral fuels (27),122721
2024,Imports,FINLAND,"Salt, stone & earths (25)",117312
2024,Imports,TURKEY,Mineral fuels (27),113670
2024,Imports,SWEDEN,Mineral fuels (27),109831
2024,Imports,HONG KONG,Nickel (75),100427
2024,Imports,TURKEY,"Lead, zinc & tin (78-80)",95735
2024,Imports,SWEDEN,Nickel (75),93809
2024,Imports,ITALY,"Salt, stone & earths (25)",92877
2024,Imports,NETHERLANDS,"Salt, stone & earths (25)",91267
2024,Imports,UNITED KINGDOM,"Lead, zinc & tin (78-80)",75736
2024,Imports,LUXEMBOURG,Copper (74),67634
2024,Imports,BELGIUM,Copper (74),62590
2024,Imports,NETHERLANDS,Metal ores & concentrates (26),62566
2024,Imports,FINLAND,Nickel (75),62170
2024,Imports,SERBIA,Copper (74),58565
2024,Imports,EGYPT ARAB REPUBLIC,"Salt, stone & earths (25)",55858
2024,Imports,ISRAEL,Mineral fuels (27),54064
2024,Imports,CROATIA,"Salt, stone & earths (25)",53005
2024,Imports,CANADA,Nickel (75),52247
2024,Imports,SWITZERLAND,Mineral fuels (27),47167
2024,Imports,RUSSIA,Mineral fuels (27),46821
2024,Imports,ISRAEL,"Salt, stone & earths (25)",45811
2024,Imports,ITALY,Mineral fuels (27),41328
2024,Imports,HONG KONG,Gold (7108),41114
2024,Imports,ROMANIA,Copper (74),38293
2024,Imports,SWEDEN,Copper (74),36925
2024,Imports,KENYA,Metal ores & concentrates (26),36239
2024,Imports,PORTUGAL,Copper (74),28892
2024,Imports,DENMARK,Copper (74),28404
2024,Imports,BRAZIL,"Salt, stone & earths (25)",28076
2024,Imports,GERMANY,Gold (7108),26430
2024,Imports,UKRAINE (UKRAINIAN S.S.R.),Mineral fuels (27),22426
2024,Imports,MEXICO,Copper (74),19952
2024,Imports,AUSTRIA,Copper (74),19860
2024,Imports,ITALY,"Lead, zinc & tin (78-80)",17886
2024,Imports,ITALY,Nickel (75),17280
2024,Imports,ESTONIA,Mineral fuels (27),16816
2024,Imports,NORWAY,Copper (74),15747
2024,Imports,CZECH REPUBLIC,Mineral fuels (27),15208
2024,Imports,MALAYSIA,Gold (7108),14241
2024,Imports,FRANCE,"Lead, zinc & tin (78-80)",13782
2024,Imports,NORWAY,"Salt, stone & earths (25)",12788
2024,Imports,CZECH REPUBLIC,Nickel (75),12219
2024,Imports,DENMARK,Mineral fuels (27),11289
2024,Imports,BELGIUM,Metal ores & concentrates (26),11129
2024,Imports,TAIWAN,Gold (7108),10531
2024,Imports,AUSTRIA,"Salt, stone & earths (25)",10007
2024,Imports,SINGAPORE,"Salt, stone & earths (25)",8110
2024,Imports,RUSSIA,Copper (74),8107
2024,Imports,IRELAND,Mineral fuels (27),7920
2024,Imports,"SOUTH AFRICA, REP. OF",Copper (74),7351
2024,Imports,CANADA,"Salt, stone & earths (25)",7170
2024,Imports,BELGIUM,"Lead, zinc & tin (78-80)",6861
2024,Imports,CANADA,Copper (74),6644
2024,Imports,SWITZERLAND,Metal ores & concentrates (26),6270
2024,Imports,BELGIUM,"Salt, stone & earths (25)",5478
2024,Imports,SPAIN,Nickel (75),5477
2024,Imports,SWITZERLAND,Gold (7108),4906
2024,Imports,LITHUANIA,Copper (74),4731
2024,Imports,SLOVENIA,Mineral fuels (27),4644
2024,Imports,DENMARK,Gold (7108),4116
2024,Imports,AUSTRIA,Mineral fuels (27),3682
2024,Imports,SLOVENIA,Copper (74),3251
2024,Imports,AUSTRALIA,Nickel (75),3144
2024,Imports,UNITED ARAB EMIRATES,Gold (7108),2946
2024,Imports,ANGOLA,Copper (74),2663
2024,Imports,INDONESIA,Nickel (75),2621
2024,Imports,MEXICO,Nickel (75),2566
2024,Imports,FINLAND,Copper (74),2562
2024,Imports,FINLAND,"Lead, zinc & tin (78-80)",2546
2024,Imports,SWEDEN,"Lead, zinc & tin (78-80)",2464
2024,Imports,IRELAND,Nickel (75),2231
2024,Imports,MYANMAR,Mineral fuels (27),2088
2024,Imports,POLAND,Copper (74),2065
2024,Imports,DENMARK,Nickel (75),1661
2024,Imports,SWITZERLAND,"Lead, zinc & tin (78-80)",1659
2024,Imports,LUXEMBOURG,"Lead, zinc & tin (78-80)",1631
2024,Imports,IRELAND,Copper (74),1458
2024,Imports,UNITED ARAB EMIRATES,Nickel (75),1270
2024,Imports,ECUADOR,Mineral fuels (27),1121
2024,Imports,ISRAEL,Copper (74),1050
2024,Imports,EGYPT ARAB REPUBLIC,Copper (74),922
2024,Imports,"PAKISTAN, ISLAMIC REP. OF",Copper (74),723
2024,Imports,NEW ZEALAND,Metal ores & concentrates (26),683
2024,Imports,FINLAND,Mineral fuels (27),673
2024,Imports,SWEDEN,"Salt, stone & earths (25)",665
2024,Imports,GREECE,Copper (74),624
2024,Imports,NIGER,Mineral fuels (27),608
2024,Imports,SLOVAKIA,Copper (74),600
2024,Imports,TUNISIA,"Lead, zinc & tin (78-80)",554
2024,Imports,NEW CALEDONIA,Copper (74),515
2024,Imports,LIECHTENSTEIN,Copper (74),484
2024,Imports,CROATIA,Copper (74),386
2024,Imports,NEPAL,Copper (74),288
2024,Imports,MEXICO,"Lead, zinc & tin (78-80)",286
2024,Imports,DENMARK,"Lead, zinc & tin (78-80)",220
2024,Imports,CAMBODIA,Copper (74),216
2024,Imports,PORTUGAL,Mineral fuels (27),196
2024,Imports,BULGARIA,Copper (74),120
2024,Imports,BAHRAIN,"Salt, stone & earths (25)",98
2024,Imports,ARGENTINA,Copper (74),94
2024,Imports,NEW ZEALAND,Mineral fuels (27),86
2024,Imports,SEYCHELLES REPUBLIC,Mineral fuels (27),86
2024,Imports,IRELAND,"Salt, stone & earths (25)",71
2024,Imports,ESTONIA,Copper (74),66
2024,Imports,MOROCCO,Copper (74),62
2024,Imports,KYRGYZSTAN,Copper (74),52
2024,Imports,MALAYSIA,Metal ores & concentrates (26),31
2025,Exports,CHINA,Metal ores & concentrates (26),1554597417
2025,Exports,AUSTRALIA,Copper (74),1137912312
2025,Exports,HONG KONG,Gold (7108),955805294
2025,Exports,JAPAN,Metal ores & concentrates (26),700725503
2025,Exports,SWITZERLAND,Gold (7108),692730045
2025,Exports,CANADA,Copper (74),640380590
2025,Exports,INDONESIA,Metal ores & concentrates (26),478632697
2025,Exports,JAPAN,Nickel (75),412517898
2025,Exports,CHINA,Mineral fuels (27),293740181
2025,Exports,INDIA,Gold (7108),227587544
2025,Exports,CHINA,Copper (74),201437091
2025,Exports,INDIA,Copper (74),123502806
2025,Exports,INDIA,Metal ores & concentrates (26),116950566
2025,Exports,BRUNEI DARUSSALAM,Mineral fuels (27),103599415
2025,Exports,TAIWAN,Copper (74),88620588
2025,Exports,JAPAN,Copper (74),84076833
2025,Exports,UNITED ARAB EMIRATES,Mineral fuels (27),71701185
2025,Exports,AUSTRALIA,Gold (7108),47731721
2025,Exports,"KOREA, REP. (SOUTH)",Mineral fuels (27),46197882
2025,Exports,QATAR,Mineral fuels (27),45047127
2025,Exports,"KOREA, REP. (SOUTH)",Copper (74),41469533
2025,Exports,INDIA,"Lead, zinc & tin (78-80)",40658103
2025,Exports,"KOREA, REP. (SOUTH)",Metal ores & concentrates (26),33674542
2025,Exports,THAILAND,Copper (74),32784828
2025,Exports,SAUDI ARABIA,Mineral fuels (27),31926957
2025,Exports,SINGAPORE,Mineral fuels (27),31752618
2025,Exports,UNITED STATES,Mineral fuels (27),31242835
2025,Exports,VIETNAM,Copper (74),27758022
2025,Exports,TURKEY,Mineral fuels (27),24738131
2025,Exports,JAPAN,Mineral fuels (27),20883246
2025,Exports,MALAYSIA,Copper (74),20857303
2025,Exports,CHINA,"Lead, zinc & tin (78-80)",18663683
2025,Exports,AUSTRALIA,Mineral fuels (27),16257808
2025,Exports,JAPAN,"Lead, zinc & tin (78-80)",14919174
2025,Exports,KUWAIT,Mineral fuels (27),13072136
2025,Exports,THAILAND,Mineral fuels (27),12853710
2025,Exports,MALAYSIA,"Lead, zinc & tin (78-80)",12208927
2025,Exports,BAHRAIN,Mineral fuels (27),11464338
2025,Exports,MALAYSIA,Mineral fuels (27),10167684
2025,Exports,OMAN,Mineral fuels (27),9717612
2025,Exports,VIETNAM,Mineral fuels (27),9490417
2025,Exports,FRANCE,Mineral fuels (27),8346128
2025,Exports,TAIWAN,"Lead, zinc & tin (78-80)",8254527
2025,Exports,HONG KONG,Mineral fuels (27),6583882
2025,Exports,TAIWAN,Mineral fuels (27),6535946
2025,Exports,GERMANY,Copper (74),5038876
2025,Exports,MALAYSIA,Metal ores & concentrates (26),4915831
2025,Exports,NEW CALEDONIA,"Salt, stone & earths (25)",4662927
2025,Exports,TAIWAN,"Salt, stone & earths (25)",4039913
2025,Exports,INDIA,Mineral fuels (27),3213760
2025,Exports,THAILAND,"Lead, zinc & tin (78-80)",2749271
2025,Exports,ITALY,Gold (7108),2700042
2025,Exports,INDONESIA,Mineral fuels (27),2387697
2025,Exports,SINGAPORE,"Salt, stone & earths (25)",2013494
2025,Exports,INDONESIA,Copper (74),1816636
2025,Exports,INDONESIA,"Salt, stone & earths (25)",1498988
2025,Exports,HONG KONG,Copper (74),1302302
2025,Exports,JAPAN,"Salt, stone & earths (25)",1215418
2025,Exports,BELGIUM,Metal ores & concentrates (26),1064760
2025,Exports,SINGAPORE,Copper (74),850017
2025,Exports,UNITED STATES,Copper (74),691246
2025,Exports,"PALAU, REP. OF",Mineral fuels (27),601464
2025,Exports,SINGAPORE,"Lead, zinc & tin (78-80)",599300
2025,Exports,TURKEY,Copper (74),530018
2025,Exports,SINGAPORE,Nickel (75),484100
2025,Exports,MALAYSIA,Nickel (75),475120
2025,Exports,"PALAU, REP. OF","Salt, stone & earths (25)",437623
2025,Exports,VIETNAM,Metal ores & concentrates (26),403981
2025,Exports,"KOREA, REP. (SOUTH)","Salt, stone & earths (25)",393768
2025,Exports,HONG KONG,"Lead, zinc & tin (78-80)",336384
2025,Exports,"KOREA, REP. (SOUTH)","Lead, zinc & tin (78-80)",308589
2025,Exports,QATAR,"Salt, stone & earths (25)",307561
2025,Exports,UNITED KINGDOM,Mineral fuels (27),260122
2025,Exports,AUSTRALIA,"Salt, stone & earths (25)",251757
2025,Exports,UNITED KINGDOM,Nickel (75),218904
2025,Exports,UNITED STATES,"Lead, zinc & tin (78-80)",218838
2025,Exports,VIETNAM,"Lead, zinc & tin (78-80)",201165
2025,Exports,CAMBODIA,Copper (74),190260
2025,Exports,INDIA,"Salt, stone & earths (25)",184152
2025,Exports,VIETNAM,"Salt, stone & earths (25)",176104
2025,Exports,UNITED STATES,"Salt, stone & earths (25)",172860
2025,Exports,THAILAND,"Salt, stone & earths (25)",157293
2025,Exports,PAPUA NEW GUINEA,Copper (74),139654
2025,Exports,SRI LANKA (CEYLON),"Lead, zinc & tin (78-80)",114570
2025,Exports,INDONESIA,"Lead, zinc & tin (78-80)",109413
2025,Exports,PAPUA NEW GUINEA,"Salt, stone & earths (25)",108353
2025,Exports,CANADA,"Lead, zinc & tin (78-80)",104354
2025,Exports,SPAIN,Mineral fuels (27),103919
2025,Exports,UNITED STATES,Metal ores & concentrates (26),101405
2025,Exports,NETHERLANDS,Copper (74),87379
2025,Exports,MALAYSIA,"Salt, stone & earths (25)",87316
2025,Exports,CAMBODIA,Mineral fuels (27),78326
2025,Exports,JAPAN,Gold (7108),77183
2025,Exports,BELGIUM,Nickel (75),76284
2025,Exports,MEXICO,Copper (74),74969
2025,Exports,CHINA,"Salt, stone & earths (25)",70618
2025,Exports,CHINA,Nickel (75),65412
2025,Exports,UNITED KINGDOM,"Lead, zinc & tin (78-80)",64954
2025,Exports,THAILAND,Metal ores & concentrates (26),64714
2025,Exports,BANGLADESH,"Lead, zinc & tin (78-80)",47268
2025,Exports,"KOREA, REP. (SOUTH)",Nickel (75),44717
2025,Exports,AZERBAIJAN,Mineral fuels (27),39808
2025,Exports,BRAZIL,Nickel (75),37450
2025,Exports,MONGOLIA,Mineral fuels (27),33016
2025,Exports,HUNGARY,Copper (74),28811
2025,Exports,"PAKISTAN, ISLAMIC REP. OF",Copper (74),27322
2025,Exports,KAZAKHSTAN,Mineral fuels (27),27300
2025,Exports,"MALDIVES, REP. OF",Mineral fuels (27),25548
2025,Exports,CAMBODIA,Metal ores & concentrates (26),22162
2025,Exports,MACAU,Mineral fuels (27),21733
2025,Exports,GREECE,Mineral fuels (27),20808
2025,Exports,SWITZERLAND,Mineral fuels (27),20390
2025,Exports,SWITZERLAND,Copper (74),19179
2025,Exports,FRANCE,Copper (74),16534
2025,Exports,SOLOMON ISLANDS (BRITISH),Mineral fuels (27),16482
2025,Exports,CAMBODIA,"Lead, zinc & tin (78-80)",15300
2025,Exports,DOMINICAN REPUBLIC,Copper (74),13824
2025,Exports,"PAKISTAN, ISLAMIC REP. OF",Metal ores & concentrates (26),13661
2025,Exports,MEXICO,"Lead, zinc & tin (78-80)",13375
2025,Exports,AUSTRALIA,"Lead, zinc & tin (78-80)",13318
2025,Exports,COTE D' IVOIRE (IVORY COAST),"Salt, stone & earths (25)",11744
2025,Exports,UNITED ARAB EMIRATES,Copper (74),11621
2025,Exports,BRAZIL,"Salt, stone & earths (25)",11193
2025,Exports,SWEDEN,Mineral fuels (27),10221
2025,Exports,FINLAND,Mineral fuels (27),10151
2025,Exports,HONG KONG,Metal ores & concentrates (26),9000
2025,Exports,SINGAPORE,Metal ores & concentrates (26),9000
2025,Exports,HONG KONG,"Salt, stone & earths (25)",8348
2025,Exports,CANADA,Mineral fuels (27),8341
2025,Exports,NORTHERN MARIANA ISLANDS,"Salt, stone & earths (25)",7520
2025,Exports,BELGIUM,"Salt, stone & earths (25)",5668
2025,Exports,CZECH REPUBLIC,"Lead, zinc & tin (78-80)",4770
2025,Exports,"MARSHALL ISLANDS, REP. OF","Salt, stone & earths (25)",4752
2025,Exports,GERMANY,Mineral fuels (27),4397
2025,Exports,NETHERLANDS,"Lead, zinc & tin (78-80)",3743
2025,Exports,KUWAIT,Copper (74),3017
2025,Exports,"SOUTH AFRICA, REP. OF",Mineral fuels (27),2974
2025,Exports,UNITED KINGDOM,Copper (74),2802
2025,Exports,FRANCE,"Lead, zinc & tin (78-80)",2739
2025,Exports,SAUDI ARABIA,Copper (74),1742
2025,Exports,NETHERLANDS,"Salt, stone & earths (25)",1166
2025,Exports,ITALY,Mineral fuels (27),1003
2025,Exports,SENEGAL,"Lead, zinc & tin (78-80)",1000
2025,Exports,SPAIN,"Salt, stone & earths (25)",500
2025,Exports,MYANMAR,"Lead, zinc & tin (78-80)",485
2025,Exports,GERMANY,"Lead, zinc & tin (78-80)",450
2025,Exports,POLAND,Copper (74),415
2025,Exports,"MARSHALL ISLANDS, REP. OF",Copper (74),300
2025,Exports,QATAR,Copper (74),267
2025,Exports,"SOUTH AFRICA, REP. OF",Copper (74),155
2025,Exports,MONACO,Copper (74),107
2025,Exports,"PAKISTAN, ISLAMIC REP. OF","Lead, zinc & tin (78-80)",100
2025,Exports,BELGIUM,Copper (74),97
2025,Exports,ITALY,Copper (74),72
2025,Exports,UNITED ARAB EMIRATES,"Salt, stone & earths (25)",35
2025,Exports,CZECH REPUBLIC,Copper (74),33
2025,Exports,"MICRONESIA, FEDERATED STATES OF","Salt, stone & earths (25)",30
2025,Imports,"KOREA, REP. (SOUTH)",Mineral fuels (27),3566708004
2025,Imports,INDONESIA,Mineral fuels (27),2679452385
2025,Imports,CHINA,Mineral fuels (27),2137481413
2025,Imports,SAUDI ARABIA,Mineral fuels (27),1720363448
2025,Imports,UNITED ARAB EMIRATES,Mineral fuels (27),1351768898
2025,Imports,SINGAPORE,Mineral fuels (27),1324872660
2025,Imports,MALAYSIA,Mineral fuels (27),898420457
2025,Imports,TAIWAN,Mineral fuels (27),744463707
2025,Imports,BRAZIL,Metal ores & concentrates (26),524614560
2025,Imports,IRAQ,Mineral fuels (27),507861548
2025,Imports,JAPAN,Mineral fuels (27),504657799
2025,Imports,NIGERIA,Mineral fuels (27),452894998
2025,Imports,AUSTRALIA,Mineral fuels (27),394775053
2025,Imports,THAILAND,Mineral fuels (27),387351362
2025,Imports,BRUNEI DARUSSALAM,Mineral fuels (27),319778581
2025,Imports,VIETNAM,"Salt, stone & earths (25)",308297175
2025,Imports,OMAN,Mineral fuels (27),281539827
2025,Imports,QATAR,Mineral fuels (27),245681049
2025,Imports,JAPAN,Copper (74),243214696
2025,Imports,CHINA,Copper (74),237372693
2025,Imports,UNITED STATES,Mineral fuels (27),226983643
2025,Imports,"KOREA, REP. (SOUTH)",Copper (74),222104525
2025,Imports,AUSTRALIA,Metal ores & concentrates (26),215904555
2025,Imports,KUWAIT,Mineral fuels (27),170813699
2025,Imports,THAILAND,Copper (74),127593077
2025,Imports,CHINA,"Salt, stone & earths (25)",115284234
2025,Imports,CANADA,Metal ores & concentrates (26),112154612
2025,Imports,INDONESIA,Copper (74),91557178
2025,Imports,MALAYSIA,Copper (74),79580002
2025,Imports,CHILE,Metal ores & concentrates (26),62891758
2025,Imports,AUSTRALIA,"Lead, zinc & tin (78-80)",61579304
2025,Imports,SINGAPORE,Gold (7108),60423349
2025,Imports,TAIWAN,Copper (74),59200916
2025,Imports,CHINA,Metal ores & concentrates (26),52411874
2025,Imports,VIETNAM,Mineral fuels (27),50118080
2025,Imports,MALAYSIA,"Lead, zinc & tin (78-80)",49956400
2025,Imports,PAPUA NEW GUINEA,Metal ores & concentrates (26),46356383
2025,Imports,INDONESIA,"Salt, stone & earths (25)",44794165
2025,Imports,AUSTRALIA,"Salt, stone & earths (25)",39210704
2025,Imports,INDIA,Mineral fuels (27),36789521
2025,Imports,"KOREA, REP. (SOUTH)","Salt, stone & earths (25)",33756902
2025,Imports,PERU,Metal ores & concentrates (26),31915336
2025,Imports,JAPAN,"Salt, stone & earths (25)",30713683
2025,Imports,BRAZIL,Mineral fuels (27),28835590
2025,Imports,INDIA,Metal ores & concentrates (26),26371074
2025,Imports,MEXICO,Metal ores & concentrates (26),26323874
2025,Imports,JAPAN,Gold (7108),22824776
2025,Imports,"KOREA, REP. (SOUTH)","Lead, zinc & tin (78-80)",22599875
2025,Imports,MOROCCO,"Salt, stone & earths (25)",20534940
2025,Imports,JAPAN,"Lead, zinc & tin (78-80)",20413897
2025,Imports,MOZAMBIQUE,Mineral fuels (27),19721471
2025,Imports,MALAYSIA,"Salt, stone & earths (25)",17432654
2025,Imports,"KOREA, REP. (SOUTH)",Gold (7108),14789731
2025,Imports,JORDAN,"Salt, stone & earths (25)",13637168
2025,Imports,"KOREA, REP. (SOUTH)",Nickel (75),11010812
2025,Imports,THAILAND,"Salt, stone & earths (25)",10973525
2025,Imports,VIETNAM,Copper (74),10685893
2025,Imports,UNITED ARAB EMIRATES,Copper (74),9836461
2025,Imports,INDONESIA,"Lead, zinc & tin (78-80)",9144928
2025,Imports,CHINA,"Lead, zinc & tin (78-80)",7878956
2025,Imports,INDIA,"Lead, zinc & tin (78-80)",7749019
2025,Imports,TAIWAN,"Lead, zinc & tin (78-80)",7056487
2025,Imports,EGYPT ARAB REPUBLIC,"Salt, stone & earths (25)",6748196
2025,Imports,GERMANY,Copper (74),6688690
2025,Imports,SPAIN,"Lead, zinc & tin (78-80)",6674134
2025,Imports,JAPAN,Nickel (75),5464674
2025,Imports,THAILAND,"Lead, zinc & tin (78-80)",5264617
2025,Imports,UNITED STATES,"Salt, stone & earths (25)",5233741
2025,Imports,SINGAPORE,"Lead, zinc & tin (78-80)",5202612
2025,Imports,VIETNAM,Metal ores & concentrates (26),4935355
2025,Imports,MAURITANIA,Metal ores & concentrates (26),4750641
2025,Imports,OMAN,"Salt, stone & earths (25)",4726190
2025,Imports,INDIA,"Salt, stone & earths (25)",4538775
2025,Imports,MEXICO,Mineral fuels (27),4474896
2025,Imports,MEXICO,"Lead, zinc & tin (78-80)",4240802
2025,Imports,INDIA,Copper (74),4065159
2025,Imports,UNITED STATES,Copper (74),4035102
2025,Imports,TURKEY,Metal ores & concentrates (26),3834215
2025,Imports,SINGAPORE,Copper (74),3536862
2025,Imports,UNITED ARAB EMIRATES,"Salt, stone & earths (25)",3378807
2025,Imports,PERU,"Lead, zinc & tin (78-80)",3272488
2025,Imports,CHINA,Nickel (75),3264186
2025,Imports,HONG KONG,Copper (74),2544548
2025,Imports,NETHERLANDS,Mineral fuels (27),2419190
2025,Imports,AUSTRIA,Nickel (75),2312804
2025,Imports,CHINA,Gold (7108),2219407
2025,Imports,SWITZERLAND,Copper (74),2199774
2025,Imports,HONG KONG,Mineral fuels (27),2118086
2025,Imports,JAPAN,Metal ores & concentrates (26),2037146
2025,Imports,UNITED STATES,Nickel (75),1965221
2025,Imports,ESTONIA,Mineral fuels (27),1945344
2025,Imports,VIETNAM,"Lead, zinc & tin (78-80)",1897257
2025,Imports,PERU,Mineral fuels (27),1853522
2025,Imports,TUNISIA,"Salt, stone & earths (25)",1800840
2025,Imports,GERMANY,Mineral fuels (27),1669542
2025,Imports,COLOMBIA,Metal ores & concentrates (26),1659947
2025,Imports,RUSSIA,"Salt, stone & earths (25)",1555699
2025,Imports,GERMANY,Metal ores & concentrates (26),1531467
2025,Imports,UNITED ARAB EMIRATES,"Lead, zinc & tin (78-80)",1442889
2025,Imports,GERMANY,"Lead, zinc & tin (78-80)",1242759
2025,Imports,NETHERLANDS,"Lead, zinc & tin (78-80)",1196692
2025,Imports,THAILAND,Metal ores & concentrates (26),1160310
2025,Imports,SPAIN,Mineral fuels (27),1097162
2025,Imports,POLAND,Mineral fuels (27),1095634
2025,Imports,"PAKISTAN, ISLAMIC REP. OF","Lead, zinc & tin (78-80)",1073917
2025,Imports,"SOUTH AFRICA, REP. OF","Salt, stone & earths (25)",1066682
2025,Imports,CANADA,"Lead, zinc & tin (78-80)",1018036
2025,Imports,AUSTRALIA,Gold (7108),1014233
2025,Imports,CZECH REPUBLIC,Copper (74),1001600
2025,Imports,FRANCE,Copper (74),982968
2025,Imports,FRANCE,Mineral fuels (27),970792
2025,Imports,HONG KONG,"Salt, stone & earths (25)",970362
2025,Imports,ITALY,Nickel (75),953744
2025,Imports,NEW ZEALAND,"Salt, stone & earths (25)",897603
2025,Imports,MALAYSIA,Nickel (75),870132
2025,Imports,TAIWAN,"Salt, stone & earths (25)",866724
2025,Imports,SPAIN,Copper (74),836659
2025,Imports,SWITZERLAND,Nickel (75),832418
2025,Imports,INDIA,Nickel (75),784333
2025,Imports,BANGLADESH,Copper (74),753919
2025,Imports,SPAIN,"Salt, stone & earths (25)",707653
2025,Imports,GERMANY,"Salt, stone & earths (25)",674809
2025,Imports,TURKEY,Copper (74),630212
2025,Imports,BELGIUM,Mineral fuels (27),616957
2025,Imports,AUSTRIA,"Salt, stone & earths (25)",616699
2025,Imports,CANADA,Mineral fuels (27),576195
2025,Imports,HONG KONG,"Lead, zinc & tin (78-80)",566417
2025,Imports,TURKEY,"Salt, stone & earths (25)",565266
2025,Imports,THAILAND,Nickel (75),546965
2025,Imports,BELGIUM,Nickel (75),532090
2025,Imports,NEW ZEALAND,Copper (74),528214
2025,Imports,UNITED KINGDOM,Nickel (75),502858
2025,Imports,ITALY,Copper (74),491935
2025,Imports,UNITED STATES,Gold (7108),462818
2025,Imports,GERMANY,Nickel (75),451800
2025,Imports,ARGENTINA,"Salt, stone & earths (25)",440171
2025,Imports,BRAZIL,Copper (74),430411
2025,Imports,FRANCE,"Salt, stone & earths (25)",421508
2025,Imports,NETHERLANDS,Copper (74),370878
2025,Imports,TURKEY,Mineral fuels (27),359872
2025,Imports,ROMANIA,Copper (74),354304
2025,Imports,BRAZIL,"Lead, zinc & tin (78-80)",349561
2025,Imports,RUSSIA,Mineral fuels (27),322642
2025,Imports,UNITED STATES,"Lead, zinc & tin (78-80)",319422
2025,Imports,UNITED KINGDOM,"Salt, stone & earths (25)",300747
2025,Imports,UNITED KINGDOM,Mineral fuels (27),299768
2025,Imports,TAIWAN,Nickel (75),292843
2025,Imports,"PAKISTAN, ISLAMIC REP. OF","Salt, stone & earths (25)",266548
2025,Imports,CROATIA,"Salt, stone & earths (25)",244833
2025,Imports,SINGAPORE,Nickel (75),242985
2025,Imports,CANADA,Nickel (75),235102
2025,Imports,TAIWAN,Metal ores & concentrates (26),230908
2025,Imports,MYANMAR,"Lead, zinc & tin (78-80)",230832
2025,Imports,FRANCE,Nickel (75),226196
2025,Imports,ITALY,"Lead, zinc & tin (78-80)",220940
2025,Imports,LUXEMBOURG,Metal ores & concentrates (26),219618
2025,Imports,NETHERLANDS,Nickel (75),216239
2025,Imports,HONG KONG,Nickel (75),215315
2025,Imports,UNITED KINGDOM,Copper (74),192653
2025,Imports,AUSTRALIA,Copper (74),176142
2025,Imports,GREECE,"Salt, stone & earths (25)",165187
2025,Imports,SERBIA,Copper (74),157365
2025,Imports,ITALY,"Salt, stone & earths (25)",154547
2025,Imports,FINLAND,"Salt, stone & earths (25)",145549
2025,Imports,MOZAMBIQUE,Metal ores & concentrates (26),140277
2025,Imports,DENMARK,Nickel (75),108680
2025,Imports,NORWAY,Nickel (75),106140
2025,Imports,DENMARK,Mineral fuels (27),98087
2025,Imports,LIECHTENSTEIN,Mineral fuels (27),89129
2025,Imports,POLAND,"Lead, zinc & tin (78-80)",82515
2025,Imports,GEORGIA,"Salt, stone & earths (25)",82459
2025,Imports,AUSTRALIA,Nickel (75),80107
2025,Imports,NETHERLANDS,"Salt, stone & earths (25)",75993
2025,Imports,LUXEMBOURG,Copper (74),72963
2025,Imports,PORTUGAL,Copper (74),67604
2025,Imports,AUSTRIA,Mineral fuels (27),65834
2025,Imports,SWITZERLAND,Mineral fuels (27),58122
2025,Imports,ISRAEL,Mineral fuels (27),56983
2025,Imports,KENYA,Metal ores & concentrates (26),53622
2025,Imports,SWEDEN,Mineral fuels (27),51646
2025,Imports,BELGIUM,Copper (74),49852
2025,Imports,BRAZIL,"Salt, stone & earths (25)",48246
2025,Imports,CANADA,"Salt, stone & earths (25)",45150
2025,Imports,SWEDEN,Copper (74),42921
2025,Imports,"SOUTH AFRICA, REP. OF",Metal ores & concentrates (26),42336
2025,Imports,ITALY,Mineral fuels (27),40383
2025,Imports,"SOUTH AFRICA, REP. OF",Mineral fuels (27),37973
2025,Imports,TAIWAN,Gold (7108),33160
2025,Imports,MALAYSIA,Gold (7108),32343
2025,Imports,SENEGAL,Metal ores & concentrates (26),31140
2025,Imports,FINLAND,Copper (74),30906
2025,Imports,LITHUANIA,Mineral fuels (27),29103
2025,Imports,MEXICO,Copper (74),28013
2025,Imports,GERMANY,Gold (7108),27731
2025,Imports,UNITED KINGDOM,"Lead, zinc & tin (78-80)",26986
2025,Imports,UNITED ARAB EMIRATES,Nickel (75),24652
2025,Imports,MEXICO,"Salt, stone & earths (25)",19736
2025,Imports,FINLAND,Nickel (75),19663
2025,Imports,CANADA,Copper (74),14948
2025,Imports,SINGAPORE,"Salt, stone & earths (25)",14460
2025,Imports,DENMARK,Copper (74),13662
2025,Imports,INDONESIA,Nickel (75),13406
2025,Imports,AUSTRIA,Copper (74),11101
2025,Imports,IRELAND,Nickel (75),10345
2025,Imports,NORWAY,Copper (74),10174
2025,Imports,"KOREA, REP. (SOUTH)",Metal ores & concentrates (26),6699
2025,Imports,UNITED STATES,Metal ores & concentrates (26),6402
2025,Imports,CROATIA,Mineral fuels (27),6237
2025,Imports,SWITZERLAND,"Lead, zinc & tin (78-80)",6162
2025,Imports,ISRAEL,Copper (74),6060
2025,Imports,BELGIUM,"Lead, zinc & tin (78-80)",5602
2025,Imports,BULGARIA,Mineral fuels (27),5554
2025,Imports,HONG KONG,Gold (7108),5167
2025,Imports,LITHUANIA,Copper (74),4679
2025,Imports,FINLAND,Mineral fuels (27),4250
2025,Imports,POLAND,Copper (74),3900
2025,Imports,CZECH REPUBLIC,Mineral fuels (27),3839
2025,Imports,SWITZERLAND,Gold (7108),3060
2025,Imports,SWEDEN,"Lead, zinc & tin (78-80)",3048
2025,Imports,IRELAND,Copper (74),2955
2025,Imports,PERU,Copper (74),2891
2025,Imports,SLOVENIA,Mineral fuels (27),2684
2025,Imports,FRANCE,"Lead, zinc & tin (78-80)",2601
2025,Imports,BANGLADESH,"Salt, stone & earths (25)",2145
2025,Imports,IRELAND,Mineral fuels (27),1979
2025,Imports,SLOVAKIA,Copper (74),1839
2025,Imports,MEXICO,Nickel (75),1668
2025,Imports,ANDORRA,Mineral fuels (27),1591
2025,Imports,LIECHTENSTEIN,Copper (74),1281
2025,Imports,LIECHTENSTEIN,"Salt, stone & earths (25)",1229
2025,Imports,OMAN,Copper (74),1113
2025,Imports,UNITED ARAB EMIRATES,Gold (7108),992
2025,Imports,KUWAIT,Copper (74),645
2025,Imports,"PALAU, REP. OF","Salt, stone & earths (25)",623
2025,Imports,PORTUGAL,Nickel (75),617
2025,Imports,MOROCCO,"Lead, zinc & tin (78-80)",581
2025,Imports,DENMARK,"Lead, zinc & tin (78-80)",558
2025,Imports,DENMARK,"Salt, stone & earths (25)",513
2025,Imports,SWEDEN,Nickel (75),479
2025,Imports,ISRAEL,"Salt, stone & earths (25)",457
2025,Imports,LUXEMBOURG,"Lead, zinc & tin (78-80)",425
2025,Imports,ARMENIA,Copper (74),402
2025,Imports,SPAIN,Nickel (75),349
2025,Imports,CROATIA,Copper (74),343
2025,Imports,SLOVENIA,Copper (74),324
2025,Imports,GREECE,Mineral fuels (27),292
2025,Imports,BULGARIA,Copper (74),275
2025,Imports,"MADAGASCAR, DEMOCRATIC REP. OF",Copper (74),248
2025,Imports,CAMEROON,Copper (74),238
2025,Imports,"SOUTH AFRICA, REP. OF",Copper (74),222
2025,Imports,ITALY,Gold (7108),208
2025,Imports,PORTUGAL,Mineral fuels (27),203
2025,Imports,ESTONIA,Copper (74),198
2025,Imports,KENYA,Copper (74),173
2025,Imports,SWITZERLAND,"Salt, stone & earths (25)",155
2025,Imports,CZECH REPUBLIC,"Lead, zinc & tin (78-80)",133
2025,Imports,CYPRUS,"Salt, stone & earths (25)",126
2025,Imports,HUNGARY,Copper (74),97
2025,Imports,"NAURU, REP. OF","Lead, zinc & tin (78-80)",87
2025,Imports,RUSSIA,Copper (74),81
2025,Imports,SEYCHELLES REPUBLIC,Copper (74),76
2025,Imports,MACAU,Copper (74),43
2025,Imports,"MACEDONIA, THE FORMER YUGOSLAV REP. OF",Copper (74),40
2025,Imports,GREECE,Copper (74),35
